bvp,eda,x,y,z,temperature,pain_scale,pain_type,person_id
3.47,4.0,31.93336969676775,-11.338424918838028,40.54125100441186,4.0,2.0,headache,S011
5.22,0.0,3.3533419343046007,-35.953235553454185,58.61256665725999,37.33,2.0,headache,S011
-0.19,0.25,11.82533843650795,-30.641878802558345,54.565776128718845,37.33,2.0,headache,S011
25.03,0.28,3.0850408772409628,-33.5292442308166,56.89433460117902,37.33,2.0,headache,S011
89.27,0.28,-1.9873695967001606,-36.20421064327805,52.64144710633837,37.33,2.0,headache,S011
153.78,0.28,-0.2669162362474732,-37.86088673349852,52.89972450519339,37.33,2.0,headache,S011
-457.35,0.28,10.670965592507928,-35.473535204183385,53.468604781671075,37.33,2.0,headache,S011
-29.84,0.28,12.922708208370802,-35.89506347819867,54.40320655245963,37.33,2.0,headache,S011
181.29,0.28,11.397050908102731,-35.88652767276923,52.12132349384182,37.33,2.0,headache,S011
20.82,0.28,12.977936322099945,-32.53291949791779,55.86232791864917,37.33,2.0,headache,S011
-4.08,0.29,11.884590635229163,-30.330671117642495,56.02790435048827,37.33,2.0,headache,S011
-4.21,0.29,7.697125864551557,-31.70527662976508,55.931009978251076,37.33,2.0,headache,S011
35.7,0.29,9.26948958216145,-32.13274270597948,55.63830076537488,37.33,2.0,headache,S011
-7.74,0.29,7.543458781239283,-33.45788237364136,55.411056067244196,37.33,2.0,headache,S011
11.02,0.29,9.03477583329563,-32.453270046696225,55.66679616082888,37.33,2.0,headache,S011
-1.66,0.29,9.308763222276378,-32.40792027983338,56.107894581288654,37.33,2.0,headache,S011
-8.14,0.29,9.429160046984016,-32.04173719996356,55.56349654903012,37.33,2.0,headache,S011
-6.54,0.29,9.816570077519955,-31.937283617622693,56.26112280574996,37.34,2.0,headache,S011
2.5,0.29,9.074616761642904,-32.56695211186392,55.32190030698794,37.34,2.0,headache,S011
2.06,0.29,9.295336728636746,-32.77671008253626,55.74647042485717,37.34,2.0,headache,S011
2.31,0.29,9.445959059786034,-32.64999386055027,55.50502867645456,37.34,2.0,headache,S011
1.88,0.29,7.6216346362120575,-32.77252686623535,55.51507540346857,37.37,2.0,headache,S011
0.11,0.29,10.01941909930341,-32.168090906763034,55.63920750996613,37.37,2.0,headache,S011
-16.88,0.3,8.987952273568924,-32.80460902982753,55.10689114424654,37.37,2.0,headache,S011
11.1,0.29,10.089704853359832,-31.91742960714446,55.710419527386286,37.37,2.0,headache,S011
8.86,0.29,8.994164576320491,-32.62695659911085,55.375285857085935,37.37,2.0,headache,S011
-6.16,0.3,9.731957896251204,-32.03997938062613,55.813483969437314,37.37,2.0,headache,S011
-6.68,0.3,8.799472174266215,-32.744471485651935,55.78283281688192,37.37,2.0,headache,S011
12.67,0.29,9.61003323207597,-32.21265600955489,55.491230286799365,37.37,2.0,headache,S011
-12.99,0.3,9.00261171966781,-32.529278279815216,55.52838712645374,37.33,2.0,headache,S011
5.97,0.3,9.594179176793586,-32.28398797482244,55.5772324034174,37.33,2.0,headache,S011
-1.8,0.3,8.986796930562587,-32.52191395897374,55.55358101516898,37.33,2.0,headache,S011
-6.08,0.3,9.341631880228084,-32.049198080736346,55.57918183124891,37.33,2.0,headache,S011
0.3,0.3,9.03200469354016,-32.45177765942994,55.79402721127523,37.34,2.0,headache,S011
4.48,0.3,10.104951370560546,-31.854512897911107,55.598525421876474,37.34,2.0,headache,S011
-8.59,0.29,9.11325205616133,-32.73918874815007,55.449568768559075,37.34,2.0,headache,S011
-0.45,0.3,10.554293796888688,-31.074498969348483,55.7226409490755,37.34,2.0,headache,S011
-8.86,0.3,10.092935301010032,-32.015222823185596,55.793923864764324,37.31,2.0,headache,S011
-1.39,0.3,10.018612209680628,-31.407665281042217,55.816122153479185,37.31,2.0,headache,S011
10.74,0.29,10.967545865701398,-30.888459875204028,56.40945104257828,37.31,2.0,headache,S011
4.88,0.3,11.774317875641929,-30.709099088583645,56.16537189720883,37.31,2.0,headache,S011
-15.89,0.3,11.833471971370484,-30.63953539335392,56.16497284437542,37.33,2.0,headache,S011
7.62,0.3,12.289075750597588,-30.099571659818157,56.017453888481526,37.33,2.0,headache,S011
11.34,0.3,12.769074479970548,-30.11580968453677,56.442362138407915,37.33,2.0,headache,S011
11.59,0.3,13.401624318471034,-29.923141127287963,55.78701375998979,37.33,2.0,headache,S011
-3.68,0.3,12.605108238128683,-30.222328903832373,56.33689643267261,37.33,2.0,headache,S011
-5.74,0.3,13.201027539549454,-29.694873414559677,56.08655528482075,37.33,2.0,headache,S011
2.15,0.3,12.68291015724982,-29.99942876016058,56.285842869427086,37.33,2.0,headache,S011
-21.21,0.3,12.946148451778749,-29.835636833861134,56.156708651526756,37.33,2.0,headache,S011
0.69,0.3,12.45295713507253,-30.256043417971338,56.26457052976465,37.31,2.0,headache,S011
4.26,0.31,13.380566123889654,-29.833964521248404,56.30918193165532,37.31,2.0,headache,S011
-3.93,0.31,13.076336635943072,-29.929233618080737,56.46916472080153,37.31,2.0,headache,S011
7.77,0.31,13.059711826345033,-29.92281070128344,56.22599273271829,37.31,2.0,headache,S011
-5.18,0.32,12.911192899048325,-29.945848073838754,56.316971246961586,37.29,2.0,headache,S011
9.49,0.32,13.614808671347054,-29.563624008220312,56.43000396867065,37.29,2.0,headache,S011
2.35,0.32,13.140071188409028,-29.586627292783962,56.25995370481541,37.29,2.0,headache,S011
-7.52,0.31,14.246383559712346,-28.819370160470168,56.39788649258792,37.29,2.0,headache,S011
8.95,0.32,12.637858128330715,-29.732893406060033,56.488170400593056,37.27,2.0,headache,S011
2.86,0.32,14.599508948123075,-28.993205874186337,56.360690923721,37.27,2.0,headache,S011
-7.76,0.31,15.469180486348117,-27.970818918145355,56.67948421496878,37.27,2.0,headache,S011
9.75,0.31,13.766963203567157,-29.052784123560556,56.401132690141516,37.27,2.0,headache,S011
-9.54,0.32,12.639991278682272,-30.19815756282581,56.43755439582396,37.29,2.0,headache,S011
5.47,0.31,12.582894268851357,-29.728234743897453,56.34077154914195,37.29,2.0,headache,S011
11.79,0.31,11.083249010613475,-30.16151336769654,56.31537077154913,37.29,2.0,headache,S011
-23.79,0.32,12.643865719612442,-29.962454679366054,56.32262280438695,37.29,2.0,headache,S011
4.0,0.31,13.201602247195027,-30.117615599367653,56.399768148901465,37.27,2.0,headache,S011
23.35,0.31,12.412298047453833,-29.79914187311218,56.197626859048775,37.27,2.0,headache,S011
-2.9,0.31,12.55110685830377,-29.897402531802065,56.476037425000435,37.27,2.0,headache,S011
8.95,0.31,12.632399551768184,-29.74411409221817,56.14812111882093,37.27,2.0,headache,S011
-5.79,0.31,12.906864352552834,-30.047942888934887,56.532530444542765,37.25,2.0,headache,S011
-10.71,0.31,13.344463395279933,-29.700247465937313,56.56726968932478,37.25,2.0,headache,S011
8.33,0.31,12.446813798191922,-30.40089755625822,56.23263637648265,37.25,2.0,headache,S011
-11.24,0.31,11.913212339678779,-30.264295302472696,56.187191003411286,37.25,2.0,headache,S011
2.8,0.31,12.024262535008686,-30.260593180684836,56.13704044253195,37.23,2.0,headache,S011
-1.09,0.31,11.820082761458398,-30.679865344744485,56.33752899670322,37.23,2.0,headache,S011
-15.73,0.31,13.156335390413517,-29.83085337364226,56.450894967814925,37.23,2.0,headache,S011
7.79,0.31,13.749601194780848,-29.635378271471694,56.330532171049796,37.23,2.0,headache,S011
-0.08,0.31,13.75615388884512,-29.879814794865414,56.2567516852578,37.21,2.0,headache,S011
-1.43,0.31,13.916276030243543,-29.26830352277175,56.46668533174226,37.21,2.0,headache,S011
11.05,0.3,13.750543011471985,-29.79046178011516,56.30150039062226,37.21,2.0,headache,S011
-7.71,0.31,13.374549745628327,-29.602410748919077,56.246439016476934,37.21,2.0,headache,S011
-7.83,0.31,13.468322625813506,-29.779233165332947,56.33939474719409,37.21,2.0,headache,S011
23.0,0.31,12.643080409278987,-30.076415697370173,56.346504583201174,37.21,2.0,headache,S011
1.03,0.3,12.85954739949394,-29.890149349823083,56.33969167609446,37.21,2.0,headache,S011
-12.86,0.31,12.252546421266748,-30.417992545236427,56.01438021118549,37.21,2.0,headache,S011
1.13,0.31,12.363825243764712,-30.32882966162248,56.34108823220647,37.16,2.0,headache,S011
-11.22,0.3,12.262134810015118,-29.999784236035165,56.212174966442326,37.16,2.0,headache,S011
-3.53,0.3,12.602310702313034,-30.019726950656406,56.13612704427989,37.16,2.0,headache,S011
3.73,0.3,12.394625523681556,-29.976219644335554,56.27026424378042,37.16,2.0,headache,S011
10.37,0.31,12.51237261421373,-30.022092571477685,56.21056419884883,37.18,2.0,headache,S011
-5.14,0.3,12.349298549472001,-30.08364588445297,56.11399803747424,37.18,2.0,headache,S011
4.27,0.3,12.535470965543727,-30.065465353708795,56.23995801081023,37.18,2.0,headache,S011
2.76,0.3,12.636871060615778,-30.082877123528423,56.19715470254001,37.18,2.0,headache,S011
-5.67,0.3,12.474398969523108,-30.02065792601927,56.114619666524675,37.11,2.0,headache,S011
1.27,0.3,12.783265962466478,-29.974116795353044,56.031467991092455,37.11,2.0,headache,S011
4.78,0.3,12.806492749355808,-30.026795880422632,56.20540903261189,37.11,2.0,headache,S011
-7.33,0.3,12.62835494461004,-30.103502331068615,56.52911364948948,37.11,2.0,headache,S011
0.85,0.3,12.647349818769449,-30.00927295777414,56.3193156510547,37.11,2.0,headache,S011
5.18,0.3,12.718579924552238,-30.045492887285903,56.343292050138125,37.11,2.0,headache,S011
-7.31,0.3,12.73169671624749,-30.109647902334594,56.48342590564734,37.11,2.0,headache,S011
-2.58,0.3,12.609586532963226,-30.021658050539266,56.10681429311638,37.11,2.0,headache,S011
5.06,0.3,12.59689363360671,-30.17415113408148,56.33595458269886,37.07,2.0,headache,S011
-4.52,0.3,12.64588184683817,-30.134987860441278,56.12886922881148,37.07,2.0,headache,S011
-5.43,0.3,12.289705057300578,-30.032565161261743,56.185192530993376,37.07,2.0,headache,S011
4.72,0.3,12.660998745133742,-29.95519075607487,56.21292208707059,37.07,2.0,headache,S011
-1.66,0.3,12.497468944514647,-30.068283089819307,56.13914353987677,37.03,2.0,headache,S011
-5.87,0.3,12.770439207582125,-30.08601695846042,56.27575880472274,37.03,2.0,headache,S011
8.19,0.3,12.740486171548795,-29.992784472029033,56.48928019175172,37.03,2.0,headache,S011
0.68,0.3,12.643172702361735,-30.03525509376334,56.25566512906843,37.03,2.0,headache,S011
-6.61,0.3,12.7591784310506,-30.12626187533551,56.40993528913555,37.03,2.0,headache,S011
3.45,0.3,12.558552512694368,-29.94015323329137,56.35554760108256,37.03,2.0,headache,S011
-12.29,0.3,12.509922774296607,-30.049863619003727,55.96003746786206,37.03,2.0,headache,S011
-27.34,0.3,12.421939130333463,-29.953924709595267,56.386248470948395,37.03,2.0,headache,S011
32.43,0.3,12.754381701384883,-30.044130690152965,56.47791981576244,36.99,2.0,headache,S011
12.47,0.3,12.59007685645461,-29.957045957302178,56.14893246028765,36.99,2.0,headache,S011
-1.45,0.3,12.577589291758025,-30.04216187989283,56.42780084511301,36.99,2.0,headache,S011
10.16,0.3,12.732939277323258,-29.958412908239293,56.28295832515023,36.99,2.0,headache,S011
-2.01,0.3,12.781042125864838,-30.04114691328502,56.43176935733214,36.95,2.0,headache,S011
-5.42,0.29,12.509328501861662,-29.95920327857493,56.39687016939373,36.95,2.0,headache,S011
9.48,0.3,12.776105585072955,-30.04051121947162,56.38829566124251,36.95,2.0,headache,S011
-2.17,0.3,12.458543546943364,-29.95972401898825,56.200682296652325,36.95,2.0,headache,S011
-6.16,0.3,12.724904114893024,-30.040083507674154,56.20921361128091,36.95,2.0,headache,S011
6.9,0.29,12.66834543237989,-29.960068376405452,56.24815844923851,36.95,2.0,headache,S011
-2.12,0.3,12.465859628902479,-30.039823537094804,56.2172352258669,36.95,2.0,headache,S011
-5.32,0.3,12.467802326806158,-29.960230057961887,55.94702090569495,36.95,2.0,headache,S011
7.67,0.29,12.777494811964235,-30.039795343320645,56.495792877736456,36.93,2.0,headache,S011
-1.34,0.29,12.798338979078297,-29.96004302092466,56.44326223646105,36.93,2.0,headache,S011
-9.03,0.3,12.6331658116335,-30.040417365233356,56.323707612125546,36.93,2.0,headache,S011
6.11,0.29,12.554672600001606,-29.95806331774518,56.38023728109046,36.93,2.0,headache,S011
2.86,0.29,12.41041881879155,-29.91460166348256,56.40691751086599,36.89,2.0,headache,S011
-9.43,0.3,12.321016488262913,-29.96234673168885,55.752067246673214,36.89,2.0,headache,S011
3.29,0.3,12.72183552474562,-30.04129536740601,56.55131298867684,36.89,2.0,headache,S011
7.52,0.29,12.614240947426829,-29.94849629997155,56.29788158255421,36.89,2.0,headache,S011
-13.55,0.29,12.475414956411257,-29.907943553223454,56.265208900301865,36.87,2.0,headache,S011
-3.61,0.3,12.492194176785441,-29.991269630390438,56.33973511307423,36.87,2.0,headache,S011
10.28,0.3,12.584774168139655,-30.00500018165263,56.41437146663622,36.87,2.0,headache,S011
-7.35,0.29,12.594447843691476,-30.066828838872834,55.91890306019337,36.87,2.0,headache,S011
-1.98,0.3,12.335135116410015,-30.09075255543221,56.3067632648097,36.87,2.0,headache,S011
7.74,0.3,12.407309829159544,-29.941285595014897,56.19809669994642,36.87,2.0,headache,S011
-7.26,0.29,12.57453809906213,-30.051680640615196,56.45673732813575,36.87,2.0,headache,S011
1.58,0.29,12.583519435449668,-29.95084345623881,56.28210511353828,36.87,2.0,headache,S011
16.23,0.3,12.371831552199533,-30.04843428993487,56.321328211544994,36.84,2.0,headache,S011
-1.63,0.3,12.768217333576418,-29.95106758459652,56.21355726331629,36.84,2.0,headache,S011
0.9,0.29,12.847198084768722,-30.050848379998882,56.47946900667521,36.84,2.0,headache,S011
0.49,0.29,12.671805837082713,-29.944482560528897,56.379783456375506,36.84,2.0,headache,S011
-6.71,0.29,12.297961856663072,-30.07024110739088,56.15302117481259,36.83,2.0,headache,S011
5.44,0.3,12.7093333167866,-30.061268861079224,56.059566990056325,36.83,2.0,headache,S011
-2.52,0.29,12.391098842537854,-30.185351960696728,56.276320923320945,36.83,2.0,headache,S011
-3.89,0.29,12.656174293139065,-30.141132050203176,55.886882492381524,36.83,2.0,headache,S011
3.7,0.3,12.755066435015758,-30.09392211086863,56.25161154423056,36.79,2.0,headache,S011
-5.22,0.29,12.783520694092894,-29.95868917838321,56.43087409740094,36.79,2.0,headache,S011
2.48,0.29,12.786532540203588,-30.036767840645304,56.30677421803373,36.79,2.0,headache,S011
2.88,0.3,12.775247530443636,-29.963862312313715,56.47628092201296,36.79,2.0,headache,S011
-2.77,0.3,12.646267695089385,-30.036458762223734,56.13580584678403,36.79,2.0,headache,S011
4.45,0.29,12.821237102359301,-29.962769414855106,56.331030245035116,36.79,2.0,headache,S011
-3.55,0.29,12.717596112225625,-30.03844955867668,56.29617539847552,36.79,2.0,headache,S011
-8.58,0.29,12.405180715612,-29.959587541809373,55.88297835676169,36.79,2.0,headache,S011
5.79,0.29,12.661598692971957,-30.044075965775626,56.43754024814431,36.77,2.0,headache,S011
4.44,0.29,12.683681337774958,-29.946406099530574,56.25607192941997,36.77,2.0,headache,S011
-7.0,0.29,12.780457249434376,-30.147701820261915,56.31897099083099,36.77,2.0,headache,S011
-2.92,0.29,12.950136676623014,-30.00022773166532,56.28282121479036,36.77,2.0,headache,S011
7.27,0.29,12.923517825644696,-30.018442156314293,56.45200388799722,36.75,2.0,headache,S011
-3.89,0.29,12.652916190139846,-29.97626207193874,56.11032638948612,36.75,2.0,headache,S011
-2.5,0.29,12.908600463649469,-30.02629320019399,56.21957979626491,36.75,2.0,headache,S011
8.6,0.29,12.881893849305055,-29.972157793478196,56.262328207183636,36.75,2.0,headache,S011
-3.84,0.29,12.674601807623675,-30.02892390910449,56.09174418412386,36.73,2.0,headache,S011
-8.95,0.29,12.699218846239107,-29.97023371860641,56.34086877810863,36.73,2.0,headache,S011
7.33,0.29,12.769135743945036,-30.030490162370576,56.31681084885721,36.73,2.0,headache,S011
-1.11,0.29,12.80353757767519,-29.96882284168617,56.16105641872085,36.73,2.0,headache,S011
-6.14,0.29,12.738039167274927,-30.03190307194043,56.30781136591018,36.71,2.0,headache,S011
4.55,0.29,12.786878157736957,-29.967229691622418,56.38900772201488,36.71,2.0,headache,S011
2.87,0.29,12.66091601981376,-30.033976037890387,56.06113546393635,36.71,2.0,headache,S011
-7.56,0.29,12.794426217164073,-29.96394316272382,56.50971694135217,36.71,2.0,headache,S011
6.18,0.29,12.665676820179083,-30.041453103627674,56.14944010487318,36.66,2.0,headache,S011
0.3,0.29,12.63966730290308,-29.845875651540922,56.15973381739355,36.66,2.0,headache,S011
-4.0,0.29,12.864457913429533,-30.01836380822435,56.342985202681184,36.66,2.0,headache,S011
4.04,0.29,12.604375832891014,-29.974324984108957,56.33367703444333,36.66,2.0,headache,S011
-0.16,0.29,12.660928689663146,-30.028611167532745,56.413396412769934,36.65,2.0,headache,S011
-6.36,0.29,12.72067903063176,-29.968204010357677,56.43650736383553,36.65,2.0,headache,S011
6.69,0.29,12.7662364081471,-29.90390251067689,56.64533240899567,36.65,2.0,headache,S011
-2.66,0.29,12.800040494657502,-29.974375109759773,56.197820803386186,36.65,2.0,headache,S011
3.69,0.29,12.808595318683977,-30.02793169239589,56.25204279080343,36.65,2.0,headache,S011
-1.94,0.29,12.83392076344663,-29.971002083288255,56.577452520634886,36.65,2.0,headache,S011
-11.4,0.29,12.739550125162294,-30.02974279702029,56.325289182913714,36.65,2.0,headache,S011
5.03,0.29,12.767767895437398,-29.96962788291874,56.40131870843957,36.65,2.0,headache,S011
5.32,0.29,12.446800628797778,-30.03096913744828,56.350247746649266,36.61,2.0,headache,S011
0.97,0.29,12.834263058384119,-29.96841492400742,56.27699174219325,36.61,2.0,headache,S011
-3.34,0.29,12.693885509229698,-30.032267846795786,56.316772362303624,36.61,2.0,headache,S011
-24.21,0.29,12.560147902108726,-29.966911981899308,56.12636263250628,36.61,2.0,headache,S011
22.41,0.29,12.924087673839482,-30.034222020423094,56.32672372434347,36.57,2.0,headache,S011
19.08,0.29,12.76897973911039,-29.96339091109689,56.14698205405865,36.57,2.0,headache,S011
-3.06,0.29,12.718494199381704,-29.90722893869324,56.345616249555256,36.57,2.0,headache,S011
4.09,0.29,12.699037638697781,-29.975875907507106,56.386676574761786,36.57,2.0,headache,S011
-3.75,0.29,12.45655287876782,-29.98327377136268,56.3070476574581,36.59,2.0,headache,S011
-1.0,0.29,12.633566847548314,-29.751371244052965,56.13588539736545,36.59,2.0,headache,S011
2.88,0.29,12.81601125225194,-30.08093174674544,56.37035119846673,36.59,2.0,headache,S011
-1.55,0.29,12.961873657201204,-29.712227724969807,56.36376588907223,36.59,2.0,headache,S011
-3.79,0.29,13.727746233204682,-29.489017884395327,56.26769765096614,36.55,2.0,headache,S011
4.82,0.29,13.34111036386054,-29.85586417070212,56.55975054324976,36.55,2.0,headache,S011
-1.44,0.29,13.238092145171525,-30.02396117304866,56.36353806845514,36.55,2.0,headache,S011
10.21,0.29,12.879771838654417,-29.96953655843017,56.06303290935202,36.55,2.0,headache,S011
-11.3,0.29,12.852358376881387,-29.753089133197086,56.230265525007724,36.55,2.0,headache,S011
-9.58,0.29,13.18208177670395,-29.798879359013995,56.38437683202549,36.55,2.0,headache,S011
-1.62,0.29,13.116038858596,-29.96688093571969,56.273685621895474,36.55,2.0,headache,S011
4.48,0.29,13.176668237211365,-29.867424707293882,56.24538288236412,36.55,2.0,headache,S011
-3.6,0.29,13.197755387948547,-30.017990831421166,56.449235751922544,36.53,2.0,headache,S011
-3.36,0.29,13.430407123517776,-29.978101769048195,56.501664786418964,36.53,2.0,headache,S011
3.29,0.29,12.965982950472663,-29.788545157644798,56.32553111041097,36.53,2.0,headache,S011
-6.29,0.28,13.545523824822931,-29.8772249956755,56.26104397421544,36.53,2.0,headache,S011
1.84,0.29,13.197020721360625,-29.90537731006352,56.241531760054464,36.53,2.0,headache,S011
2.57,0.29,12.980751909749397,-29.925551507384522,56.18372726410712,36.53,2.0,headache,S011
-3.41,0.29,13.321815888665405,-29.915854076089616,56.375250696413126,36.53,2.0,headache,S011
5.49,0.29,13.3159719419082,-29.960345816004274,56.32960094418745,36.53,2.0,headache,S011
-0.99,0.29,13.190635715066383,-30.017737948086953,56.34426845947232,36.53,2.0,headache,S011
-5.04,0.29,13.275561148445298,-29.843155135674326,56.54376319100058,36.53,2.0,headache,S011
9.0,0.29,12.954871650925082,-30.051677193483254,56.34883198105345,36.53,2.0,headache,S011
-2.71,0.29,13.120373322311192,-29.95765220196871,56.21178928323377,36.53,2.0,headache,S011
-1.18,0.29,13.427050198630138,-30.03761384546814,56.31115869574456,36.49,2.0,headache,S011
4.1,0.29,13.096949971039995,-29.967362096428577,56.18491755466646,36.49,2.0,headache,S011
-3.81,0.28,12.769070964066254,-30.01965787939909,56.45573416779849,36.49,2.0,headache,S011
3.04,0.29,13.202500327293887,-29.83725854995477,56.19344418164254,36.49,2.0,headache,S011
5.99,0.29,12.903828599561388,-30.06083649953996,56.077034399462704,36.47,2.0,headache,S011
-6.85,0.29,13.216472698476188,-29.944413142149713,56.44585229387228,36.47,2.0,headache,S011
3.27,0.29,12.924085627987811,-30.060133241640347,56.14403489192619,36.47,2.0,headache,S011
1.54,0.29,13.325907962119546,-29.874000704791353,56.25140813760097,36.47,2.0,headache,S011
-6.69,0.29,13.121139255605387,-29.913477722626908,56.439553406846734,36.45,2.0,headache,S011
5.22,0.29,13.402957659505052,-29.89250826864786,56.21024234884759,36.45,2.0,headache,S011
1.59,0.29,13.163600203564492,-29.939993611950044,56.28347281030012,36.45,2.0,headache,S011
-7.68,0.29,13.290713625689712,-29.942172278646538,56.19447915538842,36.45,2.0,headache,S011
2.32,0.29,12.981044214196373,-29.930495824562325,56.43483592052655,36.45,2.0,headache,S011
-5.86,0.29,13.15125949858066,-29.94639849573108,56.35576443845635,36.45,2.0,headache,S011
-5.28,0.29,13.191090856436157,-30.06065586460271,55.98160761608469,36.45,2.0,headache,S011
10.04,0.29,13.151075919875833,-29.93075419867855,56.30880004351494,36.45,2.0,headache,S011
2.82,0.29,13.33828997480216,-30.08472838410628,56.335779855871124,36.47,2.0,headache,S011
-4.05,0.29,13.204418562096043,-29.863716084467228,56.13113905654744,36.47,2.0,headache,S011
12.65,0.29,13.214306735459447,-30.000774405443185,56.20385033555275,36.47,2.0,headache,S011
0.34,0.29,13.474844142960476,-29.812344153193738,56.12756942331355,36.47,2.0,headache,S011
-1.53,0.29,13.132125841664228,-29.889872300773945,56.37860124798103,36.45,2.0,headache,S011
2.85,0.28,13.137367314656686,-30.002067034603016,56.34529749857888,36.45,2.0,headache,S011
-6.64,0.29,13.092414922132196,-30.03379813931004,56.36307883850536,36.45,2.0,headache,S011
4.4,0.29,13.313029966991781,-29.89193685090707,56.35549220362945,36.45,2.0,headache,S011
-4.29,0.28,12.940926673791317,-29.967122594082042,56.461039137460254,36.39,2.0,headache,S011
-8.06,0.29,13.064902420508497,-29.92112583591242,56.19129184962316,36.39,2.0,headache,S011
7.49,0.29,13.23992394183252,-29.93526739354252,56.42860206874308,36.39,2.0,headache,S011
-4.66,0.29,13.235980890830099,-30.006905162757523,56.35329628174059,36.39,2.0,headache,S011
-1.11,0.29,13.317617965278446,-30.015792138066175,56.254985991646976,36.41,2.0,headache,S011
9.64,0.29,13.543507043977801,-29.85546487091714,56.111018485394304,36.41,2.0,headache,S011
-4.41,0.29,13.186019305206546,-30.032592541476312,56.30321559731013,36.41,2.0,headache,S011
3.06,0.28,13.502023723094831,-29.859629462347673,56.45172678819292,36.41,2.0,headache,S011
-1.67,0.29,13.189708027452143,-29.601132390002093,56.25397179093074,36.39,2.0,headache,S011
-6.77,0.29,13.348409079246844,-29.503196310730374,56.104497839944685,36.39,2.0,headache,S011
4.72,0.29,13.369889052714814,-29.790123584777795,56.36115626828775,36.39,2.0,headache,S011
-4.69,0.28,13.278652518567904,-29.90464885786497,56.19584789351208,36.39,2.0,headache,S011
-1.28,0.29,13.503478858733832,-29.909984353152186,56.34891826536912,36.39,2.0,headache,S011
8.35,0.29,13.183784487755107,-29.897864450137952,56.15301487891497,36.39,2.0,headache,S011
-8.1,0.29,13.08862463507852,-30.01728871827751,56.34347750172893,36.39,2.0,headache,S011
6.03,0.28,13.348363976306151,-29.860469895574624,56.27179742332202,36.39,2.0,headache,S011
8.8,0.29,13.427906234132127,-29.716226611985622,56.38351703326619,36.39,2.0,headache,S011
-8.12,0.29,13.670670366272475,-29.67023483009657,56.28661082278047,36.39,2.0,headache,S011
5.62,0.29,13.428578852847489,-29.516772267217394,56.27682487921189,36.39,2.0,headache,S011
-1.09,0.29,13.666486970817068,-29.70969456066388,56.39366478400167,36.39,2.0,headache,S011
-6.91,0.29,13.152097773905389,-29.518120417933204,56.1113678524142,36.37,2.0,headache,S011
0.47,0.29,13.699499848250271,-29.606026533613264,56.317746698723326,36.37,2.0,headache,S011
-6.23,0.29,13.309298825592855,-29.75711020506873,56.38679808289435,36.37,2.0,headache,S011
0.91,0.29,13.52520886021067,-29.4692876033743,56.28913169578028,36.37,2.0,headache,S011
4.66,0.29,13.26875822192614,-29.688428934682346,56.60139330335819,36.33,2.0,headache,S011
-4.6,0.29,13.18515407993451,-29.838118191701422,56.20648270022056,36.33,2.0,headache,S011
7.61,0.29,13.3807843634324,-29.664150940197196,56.305655936356764,36.33,2.0,headache,S011
2.06,0.29,13.47326271013837,-29.70649509020899,56.254475973993685,36.33,2.0,headache,S011
-2.21,0.29,13.248243297360453,-29.500686467094564,56.441620705657094,36.33,2.0,headache,S011
-6.05,0.29,13.385994262388113,-29.61282298198079,56.29205842835411,36.33,2.0,headache,S011
-3.07,0.29,13.368537219074081,-30.065300488231234,56.35744115636612,36.33,2.0,headache,S011
5.96,0.29,13.362862866656743,-29.81510764257052,56.49657825617759,36.33,2.0,headache,S011
0.04,0.29,13.127718407152681,-29.69381023010841,56.36849821907365,36.31,2.0,headache,S011
0.99,0.29,13.127912531280115,-29.312891098151926,56.31185335742555,36.31,2.0,headache,S011
10.68,0.29,13.160208217670947,-29.567459329436954,56.555530393890336,36.31,2.0,headache,S011
-1.42,0.29,13.251471536251334,-29.876328128250545,56.21297218814436,36.31,2.0,headache,S011
-0.54,0.28,13.192939178232875,-29.27694798843639,56.1354471630029,36.29,2.0,headache,S011
-5.66,0.29,13.652785190296969,-29.72217376827722,56.40758681633394,36.29,2.0,headache,S011
-16.18,0.29,13.250713416034992,-30.138028991987643,56.32493250386419,36.29,2.0,headache,S011
-22.94,0.29,13.20878281075523,-29.800968089026266,56.171511442095664,36.29,2.0,headache,S011
16.31,0.28,13.298889091232065,-29.98701131153642,56.43927676825126,36.29,2.0,headache,S011
11.13,0.29,13.593156900039808,-29.824288208063958,56.47059014899046,36.29,2.0,headache,S011
13.89,0.29,13.091299075679002,-29.874675806349543,56.22764985102578,36.29,2.0,headache,S011
4.35,0.29,13.253565472597097,-29.74600270292435,56.021973825328665,36.29,2.0,headache,S011
0.28,0.29,12.969309118222194,-29.976801395402397,56.34566912293142,36.29,2.0,headache,S011
-0.08,0.29,13.427018212085438,-29.71999484418804,56.2102228349238,36.29,2.0,headache,S011
-13.02,0.29,13.111343578801845,-29.94655170862993,56.28617021608585,36.29,2.0,headache,S011
-0.75,0.28,13.61863462169536,-29.75987277030088,56.35982765775567,36.29,2.0,headache,S011
-4.6,0.29,13.067863097369111,-30.147763232441143,56.317838663033484,36.25,2.0,headache,S011
5.83,0.29,13.76677208902608,-29.678180679568307,56.21243566287835,36.25,2.0,headache,S011
2.49,0.29,12.757011124875921,-29.984125887369334,56.30395475524104,36.25,2.0,headache,S011
2.16,0.28,14.800425769993215,-29.04112903536692,56.35611766207276,36.25,2.0,headache,S011
5.19,0.29,14.703346494449777,-28.903875536739136,56.34425774389756,36.23,2.0,headache,S011
5.9,0.29,14.584955085708437,-28.971088917125027,56.26518075704609,36.23,2.0,headache,S011
-9.04,0.28,13.575924446449507,-29.346830642513797,56.432472059494515,36.23,2.0,headache,S011
16.07,0.29,13.643918202443722,-29.404842173209673,56.160419597830945,36.23,2.0,headache,S011
-2.59,0.29,14.779542614260741,-29.65366374186113,56.34581064926425,36.23,2.0,headache,S011
-24.51,0.29,12.834406898701378,-29.855528773713793,56.21526016579781,36.23,2.0,headache,S011
0.25,0.28,13.716237252581701,-29.812283168236807,56.226867320352476,36.23,2.0,headache,S011
3.18,0.29,13.249705144194845,-30.036113673791213,56.19577830150059,36.23,2.0,headache,S011
3.75,0.29,13.765400139295732,-29.86817258470657,56.12535520738393,36.21,2.0,headache,S011
4.66,0.29,13.173920718138964,-29.860403966754905,55.94378120565711,36.21,2.0,headache,S011
-6.28,0.28,13.817628239552628,-29.982728718570307,56.11472566965267,36.21,2.0,headache,S011
-6.77,0.29,13.242633396046402,-30.002358329725773,56.31510449609053,36.21,2.0,headache,S011
6.94,0.29,13.692020544432783,-29.85539495305492,56.2703646546317,36.18,2.0,headache,S011
-3.78,0.28,12.877279204400178,-30.040363656057863,56.22971239351906,36.18,2.0,headache,S011
7.6,0.29,13.820066304898312,-29.975921327709955,55.95454666148602,36.18,2.0,headache,S011
0.48,0.29,13.34595657873037,-29.92623739418243,56.17833999567067,36.18,2.0,headache,S011
-3.41,0.29,13.420364263323206,-29.916486232048975,56.2939264526286,36.18,2.0,headache,S011
3.25,0.28,13.47135762380402,-29.91987306046761,56.461164962995305,36.18,2.0,headache,S011
-1.4,0.29,13.372866088612765,-29.84969977138788,56.13383850339831,36.18,2.0,headache,S011
-8.23,0.29,13.235256770330965,-30.05000985887065,56.391464701706845,36.18,2.0,headache,S011
2.93,0.28,13.445184755787258,-29.775523655176485,56.56338599984734,36.16,2.0,headache,S011
-6.31,0.29,13.046142692834083,-29.720810101246894,56.18103080382242,36.16,2.0,headache,S011
1.22,0.29,13.829292107224866,-29.985732203571015,56.29164455284988,36.16,2.0,headache,S011
6.65,0.28,12.976983189068768,-29.862680315115373,56.54737968981993,36.16,2.0,headache,S011
-2.71,0.28,13.974936452487434,-29.58792821412789,56.395205039375824,36.18,2.0,headache,S011
0.12,0.29,13.076491916546892,-30.272633768399874,56.142088106875875,36.18,2.0,headache,S011
8.73,0.29,12.861890952630812,-29.912312988063857,56.147631875840254,36.18,2.0,headache,S011
-3.7,0.28,13.190090625512804,-29.99008022785025,56.087856866846124,36.18,2.0,headache,S011
0.23,0.28,13.630366249317483,-29.815529781163743,56.13438842053089,36.15,2.0,headache,S011
-4.21,0.29,13.235915568568046,-29.756044806558023,56.19270631123242,36.15,2.0,headache,S011
-6.84,0.29,13.15266604174068,-30.060325075378948,56.33774844023113,36.15,2.0,headache,S011
2.48,0.28,13.383212696051913,-29.976790314803758,56.54221051405916,36.15,2.0,headache,S011
14.22,0.28,12.836750458876654,-29.973787731309457,56.23123729958064,36.16,2.0,headache,S011
4.35,0.29,13.403624072086895,-29.7276360191561,56.41497682237312,36.16,2.0,headache,S011
-3.21,0.28,13.107015537049142,-29.852831599162013,56.415800804308915,36.16,2.0,headache,S011
-2.85,0.28,13.19131621858608,-29.87007703541617,56.2758573434654,36.16,2.0,headache,S011
-6.97,0.29,13.11651226598626,-29.691907644722576,56.205168064009804,36.15,2.0,headache,S011
-0.29,0.29,12.791744902307714,-30.01046744154011,56.04709717978347,36.15,2.0,headache,S011
-3.88,0.28,13.000926551261994,-30.01319299229933,56.16743034133459,36.15,2.0,headache,S011
-5.15,0.28,13.010784474607458,-29.980344330946668,56.23315381181441,36.15,2.0,headache,S011
15.61,0.29,13.157327467381235,-30.84442556482733,55.556558633888805,36.15,2.0,headache,S011
-5.85,0.28,12.757215857644562,-30.36872391377702,55.84224113493243,36.15,2.0,headache,S011
7.81,0.28,13.01046531195389,-30.318430708383556,55.944342187018556,36.15,2.0,headache,S011
24.25,0.29,12.88962339036977,-30.09228244546218,55.895952278743955,36.15,2.0,headache,S011
69.55,0.29,13.243672538862377,-30.00467965070395,56.331287752610756,36.13,2.0,headache,S011
-47.87,0.28,12.830893465211828,-30.008481869665353,55.875058612947704,36.13,2.0,headache,S011
-86.08,0.28,13.078528971115169,-30.078371417428826,56.161953277423244,36.13,2.0,headache,S011
-20.45,0.29,13.056056367350012,-30.12250889598114,56.047157631765785,36.13,2.0,headache,S011
32.49,0.28,13.242806816026144,-30.062130674905607,56.371002821328794,36.11,2.0,headache,S011
-19.61,0.28,12.962315837644681,-29.976124909567123,56.05624429177912,36.11,2.0,headache,S011
11.84,0.28,13.344247318074652,-30.013644991785153,56.18671136012142,36.11,2.0,headache,S011
2.05,0.29,13.093909903666432,-29.989757640200953,56.16723077239556,36.11,2.0,headache,S011
-0.74,0.28,13.196546406136843,-30.008971045886724,56.03691079432391,36.11,2.0,headache,S011
11.76,0.28,13.190053053850031,-29.991364468722363,56.28279487660446,36.11,2.0,headache,S011
8.21,0.29,13.191381057155168,-30.008820934586343,56.143861762562935,36.11,2.0,headache,S011
-4.74,0.29,13.384697687628455,-29.990635432215097,56.40273153794872,36.11,2.0,headache,S011
15.76,0.28,13.07532958910389,-30.010208047314674,56.19165686697088,36.11,2.0,headache,S011
9.67,0.28,13.099906025047389,-29.988653562733887,56.12073891188687,36.11,2.0,headache,S011
-7.17,0.29,13.180492346828544,-30.012807630504042,55.95331686070057,36.11,2.0,headache,S011
-0.16,0.29,13.173763574525669,-29.985361942917866,55.967865929096455,36.11,2.0,headache,S011
8.96,0.28,13.374386707491809,-30.01687046629868,56.18751842793446,36.09,2.0,headache,S011
-7.61,0.28,13.165527141030447,-29.980602807604622,56.221667121484515,36.09,2.0,headache,S011
-2.9,0.29,13.287085356389232,-30.02137090232577,56.081314443737796,36.09,2.0,headache,S011
9.91,0.28,13.374532041332294,-29.98259642571821,56.225354120945305,36.09,2.0,headache,S011
-2.88,0.28,13.428856500152518,-29.944465188806078,56.15784247287043,36.07,2.0,headache,S011
-8.56,0.29,13.801804780355509,-29.5091077338472,55.94699159498506,36.07,2.0,headache,S011
4.16,0.29,14.089429046349053,-29.11508743728782,56.43204412757048,36.07,2.0,headache,S011
-7.79,0.28,14.258270653456766,-30.120932752686567,56.24873042915886,36.07,2.0,headache,S011
-2.88,0.28,13.135702243767533,-29.13733366743343,56.3309894035218,36.05,2.0,headache,S011
16.98,0.29,13.62719550011623,-30.284482124058492,56.00891878996216,36.05,2.0,headache,S011
-5.04,0.29,14.671047394157739,-28.464779585375,56.82808789106029,36.05,2.0,headache,S011
-10.31,0.28,13.573587176884057,-30.393934763397265,55.91710336063584,36.05,2.0,headache,S011
7.06,0.29,11.76989195985759,-31.34875357969551,55.45472840006279,36.05,2.0,headache,S011
-6.82,0.29,13.45900024091479,-30.23774939024497,55.9627990786406,36.05,2.0,headache,S011
8.75,0.28,14.061002386162007,-29.680257007432623,56.2970723694661,36.05,2.0,headache,S011
-4.84,0.28,14.27514998062426,-29.308928375941875,56.12234896576396,36.05,2.0,headache,S011
-11.55,0.28,13.608640977480709,-29.96721892117155,56.10568842776861,35.99,2.0,headache,S011
18.75,0.29,12.963282278326526,-30.89023587692623,55.76203150187842,35.99,2.0,headache,S011
10.6,0.28,13.184754112764479,-30.66309647187799,55.85955053170628,35.99,2.0,headache,S011
-16.32,0.29,13.635123434365127,-30.370294158994813,55.98601147147952,35.99,2.0,headache,S011
-6.23,0.29,13.663810199947859,-30.415751338802508,55.93213471895652,35.97,2.0,headache,S011
-7.71,0.28,13.493705539261473,-30.641302550742026,55.649931020437705,35.97,2.0,headache,S011
4.28,0.28,13.502361214424937,-30.41444524962402,56.05146733117709,35.97,2.0,headache,S011
4.57,0.29,13.543977227269288,-30.311702887318045,55.67344276232774,35.97,2.0,headache,S011
-5.24,0.28,13.509610656879548,-30.304163546594797,55.60806173575892,35.99,2.0,headache,S011
3.7,0.28,13.860052310238803,-29.96502747777367,55.81965298496772,35.99,2.0,headache,S011
2.45,0.28,13.585367393495732,-30.03198786793724,55.74445810288539,35.99,2.0,headache,S011
0.93,0.28,14.13910379793419,-29.97129396155584,55.92800474924451,35.99,2.0,headache,S011
5.27,0.29,14.180531078647945,-30.027708162795943,55.85655389560187,35.97,2.0,headache,S011
-12.48,0.28,13.981286458030622,-29.970176688106022,55.93477939465582,35.97,2.0,headache,S011
8.31,0.28,13.895579067654038,-30.0387312677838,56.147200880359215,35.97,2.0,headache,S011
-3.86,0.29,13.854045019991206,-29.919754628392127,56.189125885434734,35.97,2.0,headache,S011
7.3,0.29,13.564947754234044,-29.77839365556,56.290498336396084,35.93,2.0,headache,S011
9.47,0.28,13.94847291371363,-30.04493442534979,56.0002267197325,35.93,2.0,headache,S011
-6.37,0.29,13.863710318617013,-29.97194021492054,56.009105926738634,35.93,2.0,headache,S011
-10.87,0.29,13.895500102405494,-30.023489161592682,55.86952957212575,35.93,2.0,headache,S011
7.23,0.28,13.94485094990304,-29.97697063059317,56.142613279641154,35.91,2.0,headache,S011
-4.08,0.28,13.837235422141687,-30.02505086318495,55.971535758790495,35.91,2.0,headache,S011
-0.29,0.29,13.937120672147435,-29.97047030611146,56.02997887943838,35.91,2.0,headache,S011
10.29,0.29,14.110491903612735,-30.037607669259824,55.973638935462816,35.91,2.0,headache,S011
3.44,0.28,14.05742523738277,-29.947241877790642,56.05038871132179,35.87,2.0,headache,S011
-10.36,0.28,13.480726119868734,-30.08314653268488,55.9124954437059,35.87,2.0,headache,S011
3.04,0.28,14.008902698671827,-29.910023156732503,56.07232703213261,35.87,2.0,headache,S011
2.35,0.28,13.398826395354794,-29.567176204008835,56.0335864345361,35.87,2.0,headache,S011
-9.07,0.28,14.436609771390307,-29.366397842350164,56.2429655135671,35.84,2.0,headache,S011
-1.21,0.29,14.697391682259825,-29.65321657635587,55.84912151799922,35.84,2.0,headache,S011
4.89,0.29,14.08965187362631,-29.743920408380355,55.96263262891382,35.84,2.0,headache,S011
-10.76,0.28,13.49572105723641,-29.7512910278225,56.18065708222111,35.84,2.0,headache,S011
2.05,0.28,13.907350372473278,-29.880683512080484,56.16724577706295,35.84,2.0,headache,S011
-0.89,0.28,14.1388039548084,-29.91469121599575,56.061049773568705,35.84,2.0,headache,S011
0.22,0.29,13.700197379354213,-29.762362913982983,55.971134126659905,35.84,2.0,headache,S011
4.15,0.28,13.280744057603169,-29.583653119914555,56.19802368229217,35.84,2.0,headache,S011
-2.64,0.28,14.485277462410941,-30.28838771968348,55.81468000662398,35.83,2.0,headache,S011
4.24,0.29,14.37307220551596,-29.018804960116903,56.083474905650704,35.83,2.0,headache,S011
4.89,0.29,14.76546923364094,-29.602782877718305,56.02021243711076,35.83,2.0,headache,S011
-14.73,0.28,15.037066343565106,-29.594952640780868,55.864274342683395,35.83,2.0,headache,S011
6.26,0.29,14.75596429748132,-29.097535109484166,56.03622091863659,35.79,2.0,headache,S011
6.6,0.29,14.872771733940773,-29.32678853806296,56.0245720525625,35.79,2.0,headache,S011
-8.72,0.29,14.83718866052351,-29.684988069998923,56.127524716788756,35.79,2.0,headache,S011
8.85,0.29,14.747452090579722,-29.619207521723038,55.93672570793543,35.79,2.0,headache,S011
0.83,0.29,14.977541276315938,-29.623901840869582,56.05093229024068,35.77,2.0,headache,S011
6.73,0.29,14.90566735669977,-29.47003591033514,55.95312994560333,35.77,2.0,headache,S011
-6.87,0.29,14.707685188117594,-29.79919787369709,56.047837166852794,35.77,2.0,headache,S011
-1.76,0.29,14.812497057329939,-29.522851609111125,55.94108741450349,35.77,2.0,headache,S011
6.03,0.29,14.769466100483772,-29.390575766220202,56.02471020276499,35.73,2.0,headache,S011
-9.07,0.29,14.88743020134781,-29.59038675951255,56.112469520923696,35.73,2.0,headache,S011
4.43,0.29,14.739359408498231,-29.34224415199913,56.097664022572964,35.73,2.0,headache,S011
2.25,0.29,14.771740711013777,-29.514908488560298,56.26815204912365,35.73,2.0,headache,S011
-6.99,0.29,15.081778372064338,-29.11433818144105,56.158883525994874,35.73,2.0,headache,S011
8.1,0.29,15.069404156272173,-29.5879518625827,56.01918514246776,35.73,2.0,headache,S011
-0.33,0.29,14.784725001056048,-29.31303655350446,56.108384832726664,35.73,2.0,headache,S011
-13.8,0.29,14.60419454710257,-29.57483036314466,56.155773380039754,35.73,2.0,headache,S011
5.32,0.29,14.951681349279554,-29.414499342358894,56.10438342437666,35.71,2.0,headache,S011
-1.1,0.29,14.787778970129406,-29.476958852959736,55.99034459160617,35.71,2.0,headache,S011
0.64,0.29,14.836181248726536,-29.560393347578625,56.14071382223958,35.71,2.0,headache,S011
4.45,0.29,14.63528687930988,-29.69577434564499,56.08212060081372,35.71,2.0,headache,S011
-10.68,0.29,14.491416003394857,-29.689984463600677,56.031853978136446,35.66,2.0,headache,S011
2.03,0.29,14.719735518423935,-29.69189314487007,56.0317800717516,35.66,2.0,headache,S011
16.23,0.29,14.136723000777915,-29.77392004957471,56.099303078819375,35.66,2.0,headache,S011
-4.92,0.29,13.81369766967944,-29.7362683888701,56.05758275666002,35.66,2.0,headache,S011
1.88,0.29,14.398415246894468,-29.89745636918319,56.17842078680442,35.65,2.0,headache,S011
-0.12,0.29,14.698993234627794,-29.46857093734598,56.079057213632595,35.65,2.0,headache,S011
-11.69,0.29,14.280984981986192,-29.95828809654134,56.053080443532885,35.65,2.0,headache,S011
-0.14,0.29,13.763271548990184,-29.997269559624293,56.14816917433503,35.65,2.0,headache,S011
-6.76,0.29,13.808320841449115,-30.009650430026824,55.840604194074174,35.63,2.0,headache,S011
8.47,0.29,14.434650266017414,-29.982650066280844,55.9805272128789,35.63,2.0,headache,S011
10.21,0.29,14.068836190653796,-29.887680718574977,56.05095759580521,35.63,2.0,headache,S011
1.01,0.29,14.175939497063712,-29.97621960570916,55.91489397146455,35.63,2.0,headache,S011
7.65,0.29,14.232524538222755,-29.77143012497127,56.00492452165266,35.61,2.0,headache,S011
-4.69,0.29,14.360768416533118,-29.995063796819583,55.957375183242085,35.61,2.0,headache,S011
-4.04,0.29,13.73695247255658,-29.70617898445129,56.10233530194309,35.61,2.0,headache,S011
5.22,0.29,13.872533518561735,-29.869458620952404,56.07535986739988,35.61,2.0,headache,S011
-7.81,0.29,14.08494844667178,-29.827558118794975,56.04184616602739,35.57,2.0,headache,S011
1.95,0.29,14.263963479195272,-29.978123839281867,56.20217749029456,35.57,2.0,headache,S011
3.22,0.29,14.136198682859572,-29.973618484177656,56.21265235725577,35.57,2.0,headache,S011
-15.25,0.29,14.228585928443437,-29.83432865096275,55.91458397130316,35.57,2.0,headache,S011
3.43,0.29,14.2343104639653,-29.80863828321873,56.06118523635749,35.57,2.0,headache,S011
2.44,0.29,14.049515858215152,-29.656142939179315,56.004750971766434,35.57,2.0,headache,S011
2.96,0.29,13.987307481281304,-29.963558164550626,56.004176248824386,35.57,2.0,headache,S011
7.75,0.29,14.05905767648132,-29.84319985195716,56.23471397897895,35.57,2.0,headache,S011
-8.48,0.29,14.275850031889854,-30.090288153407062,56.030315588569884,35.55,2.0,headache,S011
3.88,0.29,14.070617179725955,-29.883073271311336,56.230754111610096,35.55,2.0,headache,S011
-2.28,0.29,14.064466299362318,-29.978754242632096,55.93623843745785,35.55,2.0,headache,S011
-5.65,0.29,13.916685535605566,-29.798277105468298,56.230329276032954,35.55,2.0,headache,S011
8.4,0.29,13.886512262264716,-29.901781316672167,55.869735556299304,35.5,2.0,headache,S011
-7.47,0.29,14.374723055976446,-29.907414190190817,55.87112139030075,35.5,2.0,headache,S011
1.66,0.29,14.321752821337814,-29.979467498455847,56.11749291245369,35.5,2.0,headache,S011
2.35,0.29,14.072045396312975,-30.009380678746222,56.09110335284095,35.5,2.0,headache,S011
-12.96,0.29,14.041383125974212,-29.996204871865228,56.16311191532649,35.49,2.0,headache,S011
5.5,0.29,14.197890258349256,-30.00031417275897,56.265313930125316,35.49,2.0,headache,S011
3.09,0.29,14.232517655952302,-30.002001090601922,56.06488876808122,35.49,2.0,headache,S011
3.07,0.29,14.33393246336859,-29.997213047634272,56.24794591096621,35.49,2.0,headache,S011
6.92,0.29,13.755850405369419,-29.660495328332882,56.018374809688616,35.47,2.0,headache,S011
-6.69,0.29,14.061374609191258,-29.679262158585786,56.07185777506745,35.47,2.0,headache,S011
3.52,0.29,14.112376457595092,-29.837345152561895,56.137651309950996,35.47,2.0,headache,S011
4.0,0.29,14.104052289065223,-29.79915101394854,56.07570667387621,35.47,2.0,headache,S011
-17.15,0.29,14.091720549596157,-29.92676708973993,56.13475122091101,35.43,2.0,headache,S011
0.18,0.29,14.069948449960044,-29.932961809393237,55.88744152501019,35.43,2.0,headache,S011
7.09,0.29,14.393883899463042,-29.823807382603693,55.94269388527599,35.43,2.0,headache,S011
-2.53,0.29,14.274923032463295,-29.663682708236667,55.95206441457823,35.43,2.0,headache,S011
13.9,0.29,13.83168266340329,-29.934413913972055,55.94973631299134,35.43,2.0,headache,S011
-1.57,0.29,14.055348848033068,-29.95923255488522,56.14103715839708,35.43,2.0,headache,S011
-5.09,0.29,13.804135304677123,-29.931999923541152,56.14101955326152,35.43,2.0,headache,S011
5.07,0.29,13.915437521909078,-29.65371058863373,56.12108605429619,35.43,2.0,headache,S011
-6.83,0.29,14.435577489788656,-29.765776004346396,56.08080289467835,35.39,2.0,headache,S011
-0.79,0.29,13.61931675575747,-30.104223819452333,55.8444889664667,35.39,2.0,headache,S011
-4.22,0.29,14.285299332901783,-29.841846794342416,55.975277788317065,35.39,2.0,headache,S011
-13.47,0.29,14.1261697436871,-29.874326816307427,55.99711700533202,35.39,2.0,headache,S011
9.29,0.29,13.974824805394768,-29.975395588339364,56.144171581661226,35.39,2.0,headache,S011
-2.16,0.29,13.750772365885085,-30.02398894475214,55.91503764445094,35.39,2.0,headache,S011
6.02,0.29,14.210127909771144,-29.981101931276296,56.09603409628402,35.39,2.0,headache,S011
12.17,0.29,13.835038916375904,-29.947074529768567,56.03540271520836,35.39,2.0,headache,S011
-3.69,0.29,14.085136061599913,-29.749804746926067,55.896707130157054,35.34,2.0,headache,S011
-0.2,0.29,13.69660090336447,-29.897823544665556,55.753091739222945,35.34,2.0,headache,S011
3.81,0.29,14.461641101288224,-29.776341943739304,56.227807396847865,35.34,2.0,headache,S011
-14.63,0.29,13.287598207670316,-30.80979736087332,56.15408377736797,35.34,2.0,headache,S011
1.58,0.29,10.517099073093172,-31.459061295300135,55.61102590122026,35.34,2.0,headache,S011
-8.05,0.29,12.98296273196304,-30.258958707978863,56.08853361876697,35.34,2.0,headache,S011
-0.61,0.29,11.809055980538576,-31.023551509172762,55.87101659258644,35.34,2.0,headache,S011
1.14,0.29,12.774970727952208,-30.932899460072626,56.00448219609236,35.34,2.0,headache,S011
-4.61,0.29,12.375393182063931,-30.769446563580495,55.84780030531616,35.31,2.0,headache,S011
28.59,0.29,12.290072165811422,-31.052808637749337,55.700437131481166,35.31,2.0,headache,S011
7.25,0.29,12.15085074404291,-30.91350611497679,55.895536713860665,35.31,2.0,headache,S011
-8.96,0.29,12.474065033817476,-30.841350657270613,55.71627174521857,35.31,2.0,headache,S011
8.07,0.29,12.429445050795128,-30.57756884745154,56.208638183622334,35.31,2.0,headache,S011
-10.57,0.29,12.182112008383417,-30.84122029596688,55.932390984727185,35.31,2.0,headache,S011
2.31,0.29,12.146440752297556,-30.874727640281503,55.72447173316187,35.31,2.0,headache,S011
1.04,0.29,12.861696760400074,-30.63484862617051,55.977852073194995,35.31,2.0,headache,S011
-7.64,0.29,12.251068503537528,-30.808648698941997,55.92732809750426,35.29,2.0,headache,S011
4.19,0.29,13.949698555445732,-30.048933605145944,55.96621459080991,35.29,2.0,headache,S011
-8.93,0.29,14.074916053269737,-29.589768961530186,56.48919721094402,35.29,2.0,headache,S011
-5.67,0.29,12.391120472601624,-30.85633154814368,55.820441251061574,35.29,2.0,headache,S011
2.03,0.29,11.971930466474815,-30.524721736442604,55.966743337701715,35.29,2.0,headache,S011
-2.91,0.29,12.230808286393268,-30.70475446481262,55.8039445271133,35.29,2.0,headache,S011
8.14,0.29,12.558125253660908,-30.608612205464322,55.84183822240297,35.29,2.0,headache,S011
-6.67,0.29,12.420542688117441,-30.678721843193788,55.92351783968672,35.29,2.0,headache,S011
11.45,0.29,12.674091844108665,-30.776288834171975,56.15494386428582,35.27,2.0,headache,S011
6.33,0.29,12.364834855510722,-30.545361000598167,55.90641065339159,35.27,2.0,headache,S011
-10.43,0.29,12.710370841556331,-30.732072267860755,56.178895600157716,35.27,2.0,headache,S011
4.88,0.29,11.659444084472497,-31.289984255713193,55.88965204131451,35.27,2.0,headache,S011
-5.34,0.29,11.517581570513956,-31.006888353213032,55.94142014227849,35.25,2.0,headache,S011
-1.2,0.29,11.998555816255365,-31.022523185270018,55.88179236582342,35.25,2.0,headache,S011
4.93,0.29,11.859577845267985,-30.69992271616421,56.22094121297325,35.25,2.0,headache,S011
-15.9,0.29,11.838790130359273,-30.780070950765346,55.86437133193766,35.25,2.0,headache,S011
2.92,0.29,11.994803681102209,-30.494764902669182,55.81182608476531,35.23,2.0,headache,S011
7.74,0.29,12.184146803596132,-30.703185444347817,55.96332034949726,35.23,2.0,headache,S011
-8.2,0.29,12.231517303384587,-31.041593595740032,56.16939476338311,35.23,2.0,headache,S011
8.53,0.29,12.12317618728821,-30.372202301747354,55.97891654011554,35.23,2.0,headache,S011
7.19,0.3,12.211623021060664,-30.26656350231534,56.169864034151814,35.23,2.0,headache,S011
-17.14,0.29,12.380265246189953,-30.505849706253194,55.970651628876695,35.23,2.0,headache,S011
3.46,0.29,12.53596577862618,-30.628586199982653,56.02771323397608,35.23,2.0,headache,S011
2.19,0.29,12.44685534874512,-30.51639324050638,55.94838895563536,35.23,2.0,headache,S011
-5.86,0.29,12.271611438446621,-30.88128053819146,56.115645242348684,35.21,2.0,headache,S011
6.46,0.29,12.366215629318924,-30.57904448197965,55.90033975801525,35.21,2.0,headache,S011
7.54,0.29,12.370310614228192,-30.794406001778945,56.004785953764674,35.21,2.0,headache,S011
4.99,0.29,12.373300445325937,-30.71556714392935,56.107298842957235,35.21,2.0,headache,S011
5.66,0.29,12.131455127821747,-30.824765080979418,55.96225859843081,35.21,2.0,headache,S011
-7.82,0.29,12.184993595167567,-30.59401579592706,55.901794156381484,35.21,2.0,headache,S011
-0.05,0.29,12.219327138008392,-30.679545914329694,56.05185322057823,35.21,2.0,headache,S011
2.79,0.29,12.581976181018023,-30.348966716063376,56.01804964541722,35.21,2.0,headache,S011
-8.95,0.29,12.195884322508139,-30.520836309474486,56.38333945326062,35.18,2.0,headache,S011
-0.51,0.29,12.217395491653201,-30.17919048467437,55.75890808003608,35.18,2.0,headache,S011
-10.88,0.29,12.596372650202293,-30.753550243085122,56.22588765176076,35.18,2.0,headache,S011
1.69,0.29,12.250720368076093,-30.37103725608034,55.89928178415087,35.18,2.0,headache,S011
3.94,0.29,12.123904479848509,-30.629823808071965,55.91480701320682,35.16,2.0,headache,S011
-1.7,0.29,12.371553180332553,-30.479796423314482,56.16392810944939,35.16,2.0,headache,S011
14.42,0.29,12.130478270611453,-30.856043801296224,56.019210646121806,35.16,2.0,headache,S011
-1.75,0.29,12.163466560525457,-30.599738014554546,55.958084642260744,35.16,2.0,headache,S011
1.69,0.29,12.248265538154405,-30.636186033729086,56.0386928052869,35.15,2.0,headache,S011
3.67,0.29,12.448625854352242,-30.107535174832062,56.07847535349262,35.15,2.0,headache,S011
-5.63,0.29,12.383389094547706,-30.499207777413194,56.023409478152466,35.15,2.0,headache,S011
4.75,0.29,12.232088955840183,-30.336885640220284,56.06547190129637,35.15,2.0,headache,S011
-12.2,0.29,12.276284224865849,-30.39443789953293,56.05638311474146,35.15,2.0,headache,S011
-5.81,0.29,12.413804886651134,-30.077330218059547,56.11719100174182,35.15,2.0,headache,S011
15.08,0.29,12.26652463401036,-30.236241030583464,56.3502317712832,35.15,2.0,headache,S011
-1.89,0.29,12.487733540164701,-30.384694140847554,55.99553697885864,35.15,2.0,headache,S011
-13.69,0.29,12.047533122312576,-30.74078164888839,56.1977673571322,35.13,2.0,headache,S011
-2.8,0.29,12.193796761451459,-30.44407834644447,56.22406533708068,35.13,2.0,headache,S011
-26.55,0.29,12.380130596679837,-30.330767105961456,56.001890637499635,35.13,2.0,headache,S011
17.62,0.29,12.491479453265335,-30.44272067287554,56.05850195297143,35.13,2.0,headache,S011
34.98,0.29,12.271036784631404,-30.496639531447922,56.103865647440415,35.13,2.0,headache,S011
-5.08,0.29,12.173004932654807,-30.64973115075764,56.20052345005577,35.13,2.0,headache,S011
-7.68,0.29,12.333479813523947,-30.223185499059113,56.2682770967779,35.13,2.0,headache,S011
0.16,0.29,12.535713477206379,-30.631316069062592,55.93549000413264,35.13,2.0,headache,S011
0.05,0.29,12.362772596504957,-30.754758631645714,56.25059261114449,35.11,2.0,headache,S011
7.72,0.29,12.134171526763197,-30.51312510393786,56.04712075299438,35.11,2.0,headache,S011
3.67,0.29,12.365859632167028,-30.72365986250902,56.013222686728014,35.11,2.0,headache,S011
-5.47,0.29,12.302927608454578,-30.844434827884076,55.93649261573716,35.11,2.0,headache,S011
6.52,0.29,12.071631134849834,-30.44935349997113,55.945556082706204,35.09,2.0,headache,S011
-9.45,0.29,12.11729573465908,-30.970099264516207,55.87927718804576,35.09,2.0,headache,S011
0.45,0.29,12.229789527524913,-30.872214245143283,55.99724320873297,35.09,2.0,headache,S011
3.23,0.29,12.402143179552786,-30.931825341367787,55.92582505375477,35.09,2.0,headache,S011
-0.18,0.29,12.295966564446486,-30.527856103478957,56.06649254495035,35.07,2.0,headache,S011
0.62,0.29,12.617312783334363,-30.66917665516076,56.116337289268124,35.07,2.0,headache,S011
-6.06,0.29,12.552802140823285,-30.360345668446925,56.04317608592317,35.07,2.0,headache,S011
-1.21,0.29,12.49572054803576,-30.58737703324662,55.9287000624012,35.07,2.0,headache,S011
3.35,0.29,12.238827308732027,-30.64374822894414,55.86599264212967,35.07,2.0,headache,S011
-12.19,0.29,12.834498833164256,-30.424907150039083,56.080404083979175,35.07,2.0,headache,S011
4.3,0.29,12.502026852463187,-30.573434824977156,55.99816454428431,35.07,2.0,headache,S011
-4.95,0.29,12.332969452242885,-30.448044763797803,56.13331097114677,35.07,2.0,headache,S011
-1.7,0.29,12.40385458904544,-30.43488795138096,56.048278491716594,35.05,2.0,headache,S011
10.25,0.29,12.50417969402065,-30.306048239335738,56.05517326292979,35.05,2.0,headache,S011
-4.85,0.29,12.280377144375967,-30.25881372476301,56.23082007818998,35.05,2.0,headache,S011
3.5,0.29,12.13461258432203,-30.430280061060213,56.03145206010544,35.05,2.0,headache,S011
10.46,0.29,12.389579643955127,-30.269312852413904,56.27281821833116,35.03,2.0,headache,S011
-9.01,0.29,12.439354113948824,-30.1442206632882,55.85314145094437,35.03,2.0,headache,S011
2.89,0.29,12.282096271471325,-30.2042646924143,56.07190366741828,35.03,2.0,headache,S011
5.19,0.29,12.53813964964742,-30.388471138814516,56.0290685492765,35.03,2.0,headache,S011
-6.06,0.29,12.413979580020793,-30.471978231850787,55.90380803114345,35.0,2.0,headache,S011
-2.45,0.29,12.454732215018822,-30.38268514808179,55.96971341267447,35.0,2.0,headache,S011
8.83,0.29,12.25784958410323,-30.22446726137232,56.227891608620475,35.0,2.0,headache,S011
-6.08,0.29,12.287287967277752,-30.07255429849531,55.851463628840484,35.0,2.0,headache,S011
-3.13,0.29,12.384292904317961,-30.32342238807533,56.05056126122177,35.0,2.0,headache,S011
6.35,0.29,12.524492520695292,-30.018214130738542,55.970426632756144,35.0,2.0,headache,S011
-3.91,0.29,12.393176772943578,-30.13712472134667,56.09287177725979,35.0,2.0,headache,S011
-12.18,0.29,12.416912424057378,-30.19173484532858,56.1544453071899,35.0,2.0,headache,S011
4.32,0.29,12.289702465717415,-30.4998166718812,56.16208911384953,35.0,2.0,headache,S011
-0.25,0.29,12.289268551200687,-30.590896030584762,55.912936287626216,35.0,2.0,headache,S011
5.0,0.29,12.28475516254269,-30.62412002280965,55.75480082315702,35.0,2.0,headache,S011
6.0,0.29,12.45008959520613,-30.542525339338354,56.04222735852065,35.0,2.0,headache,S011
-5.18,0.29,12.387281197968939,-30.89994197862083,56.18237900545012,34.99,2.0,headache,S011
0.57,0.29,12.35629388993451,-30.556587533412387,55.77063852922614,34.99,2.0,headache,S011
-0.57,0.29,12.327896315139537,-30.426646834251905,56.09726949029522,34.99,2.0,headache,S011
-3.44,0.29,12.453416855292524,-30.618998943184977,55.836863891977345,34.99,2.0,headache,S011
7.8,0.29,12.405186595101334,-30.66833604542638,56.16697830390174,35.0,2.0,headache,S011
-6.46,0.29,12.431329507175288,-30.825341961883264,55.7159568808487,35.0,2.0,headache,S011
6.05,0.29,12.436877963730169,-30.494925937072292,56.02975862784581,35.0,2.0,headache,S011
-5.52,0.29,12.4474372603987,-30.65583633872622,55.934646664312375,35.0,2.0,headache,S011
-1.11,0.29,12.308237724043146,-30.247588870169782,56.24139867550937,34.99,2.0,headache,S011
4.46,0.29,12.436363819720068,-30.425664861002225,55.86408603139193,34.99,2.0,headache,S011
-4.5,0.29,12.6022330455019,-30.201828259270446,56.32801676950367,34.99,2.0,headache,S011
5.8,0.29,12.296176747794902,-30.576620018697184,56.14483032021684,34.99,2.0,headache,S011
0.63,0.29,12.448001129244808,-30.353630036886784,56.35970689479409,34.97,2.0,headache,S011
-7.58,0.29,12.118275552861302,-30.534422285628654,56.18121824833152,34.97,2.0,headache,S011
7.11,0.29,12.678714936880032,-30.244039168609195,56.118301237607035,34.97,2.0,headache,S011
-9.98,0.29,12.371507659421747,-30.298085485524368,56.104966361907394,34.97,2.0,headache,S011
-3.52,0.29,12.419310219660623,-30.205986549167413,56.26518055244374,34.97,2.0,headache,S011
10.88,0.29,12.479219075555248,-30.18667875524472,56.25001089765327,34.97,2.0,headache,S011
-5.52,0.29,12.351442059903597,-30.270285598961166,56.11230222062728,34.97,2.0,headache,S011
-6.6,0.29,12.729799219624303,-30.434452585202145,56.09471860289663,34.97,2.0,headache,S011
13.65,0.28,12.147069377532246,-30.397026348109208,55.949343279511524,34.97,2.0,headache,S011
-5.79,0.29,12.645925549756962,-30.16630918417629,56.111849244673685,34.97,2.0,headache,S011
-4.15,0.29,12.292662441966716,-30.21169924025092,56.18647562303872,34.97,2.0,headache,S011
12.5,0.28,12.441878400741622,-30.424487857967144,55.965155172004096,34.97,2.0,headache,S011
5.58,0.29,12.524154775224327,-30.484957461017817,56.005006412598455,34.97,2.0,headache,S011
-5.69,0.29,12.567557392307382,-30.39790719724989,56.17718934287479,34.97,2.0,headache,S011
6.42,0.29,12.744840468350521,-30.38419012511628,56.184124053996086,34.97,2.0,headache,S011
-4.36,0.29,12.769361067665297,-30.161865966815093,55.8738089122902,34.97,2.0,headache,S011
-0.55,0.29,12.224008522231395,-30.50621659637062,56.23429590168814,34.95,2.0,headache,S011
3.39,0.29,12.430221213415562,-30.27635186893034,55.99190434519361,34.95,2.0,headache,S011
-5.66,0.29,12.506031903271705,-30.34171241501023,56.15081462901192,34.95,2.0,headache,S011
-6.09,0.28,12.571687563037209,-30.359553588030856,56.091171949934306,34.95,2.0,headache,S011
-1.77,0.29,12.352837752891931,-30.20417608904458,56.12016598211802,34.97,2.0,headache,S011
-2.82,0.29,12.710855682777257,-30.50992967259687,55.900154855396636,34.97,2.0,headache,S011
12.06,0.29,12.43720044472443,-30.199461828637972,55.925061435594124,34.97,2.0,headache,S011
-5.43,0.29,12.86664210741224,-30.223402755444788,55.962284016449516,34.97,2.0,headache,S011
3.19,0.29,12.56490142337864,-30.033064919058877,56.254198946848575,34.95,2.0,headache,S011
0.42,0.29,12.536622280893646,-30.212536403771,55.98756672515623,34.95,2.0,headache,S011
-3.44,0.3,12.767637862094029,-30.383163882969875,56.10675215333736,34.95,2.0,headache,S011
4.44,0.28,12.82910171435644,-30.176752629279765,56.03505594681388,34.95,2.0,headache,S011
-7.51,0.29,12.554070568547965,-30.168874620622432,56.10351414590339,34.93,2.0,headache,S011
2.33,0.29,12.525487699259305,-30.286479181075837,56.205860403678685,34.93,2.0,headache,S011
0.65,0.28,12.535519378944267,-30.30668724221964,56.09254633782579,34.93,2.0,headache,S011
-2.79,0.28,12.714871558984823,-30.20321780638313,56.0339106787766,34.93,2.0,headache,S011
8.6,0.29,12.723146954174123,-30.425321368370586,56.35507789341636,34.91,2.0,headache,S011
-5.98,0.29,12.616504035604807,-30.125364344796427,56.01161404961986,34.91,2.0,headache,S011
2.63,0.28,12.436054275947901,-30.285478649249818,56.34031085367512,34.91,2.0,headache,S011
3.74,0.29,12.642186562878459,-30.104899535942984,56.1137357634618,34.91,2.0,headache,S011
-5.75,0.28,12.459223162694434,-30.08554918001943,56.313390465670125,34.91,2.0,headache,S011
-1.56,0.29,12.650681470650888,-30.119633945746806,56.20509283622761,34.91,2.0,headache,S011
-0.05,0.29,12.695928862246578,-30.01954718286553,55.84842018967605,34.91,2.0,headache,S011
-8.68,0.29,12.49218910202301,-29.992511113306534,56.22531254813101,34.91,2.0,headache,S011
2.72,0.29,12.656769149611863,-29.998152656238968,56.241962589571166,34.93,2.0,headache,S011
7.27,0.28,12.684347761818296,-30.08316809510849,56.01660567789348,34.93,2.0,headache,S011
-4.98,0.28,12.535859629241017,-30.091465421195327,56.21410148994308,34.93,2.0,headache,S011
0.69,0.29,12.75950012711528,-30.068564774542583,56.054585565053884,34.93,2.0,headache,S011
10.98,0.29,12.55760751789134,-30.152645493826455,56.06249361493654,34.91,2.0,headache,S011
-3.67,0.28,12.854364800743559,-30.150253240542675,56.06651223677519,34.91,2.0,headache,S011
-6.95,0.28,12.759107413987767,-30.062234731615213,56.07676130203754,34.91,2.0,headache,S011
7.1,0.29,12.638305793180491,-30.12270502652513,56.17467683061826,34.91,2.0,headache,S011
3.74,0.29,12.551701980118604,-30.02283943481197,56.13707569844531,34.91,2.0,headache,S011
-9.16,0.28,12.852648216777942,-30.07592076497747,55.963395953553174,34.91,2.0,headache,S011
4.2,0.29,12.773510070100482,-30.13862604552457,56.08473529813843,34.91,2.0,headache,S011
2.95,0.29,12.514101153473572,-30.043969581068033,56.03679164974889,34.91,2.0,headache,S011
-7.2,0.28,12.650166242392261,-30.108706271244987,56.02581649531369,34.91,2.0,headache,S011
0.86,0.28,12.713814888690274,-30.013698052141518,56.05672236309329,34.91,2.0,headache,S011
6.58,0.29,12.73333774344268,-29.99478102017448,56.1517271940927,34.91,2.0,headache,S011
-8.59,0.29,12.535549515158511,-30.277114508459206,56.342943935332464,34.91,2.0,headache,S011
1.25,0.28,12.372462449755073,-30.189046693591234,56.19615037283958,34.91,2.0,headache,S011
6.21,0.28,12.78605696231201,-30.028348813778848,56.46098338217502,34.91,2.0,headache,S011
-7.95,0.29,12.216470598371824,-30.177203924103612,56.02516185982949,34.91,2.0,headache,S011
-0.71,0.29,12.628463488020978,-29.91696023631166,56.11383631906773,34.91,2.0,headache,S011
5.17,0.28,12.688640403713318,-30.192286435396746,56.15206651835782,34.91,2.0,headache,S011
-12.73,0.28,12.653510787630708,-30.04808035200468,56.00409550361429,34.91,2.0,headache,S011
-1.02,0.29,12.406177348348901,-30.280133364798075,56.04913626900174,34.91,2.0,headache,S011
12.39,0.29,12.575613577067996,-30.26485073615349,56.28265786400402,34.91,2.0,headache,S011
-1.88,0.28,12.633252034546146,-30.145480428873967,56.28720031749481,34.91,2.0,headache,S011
5.35,0.28,12.800653686152717,-30.330042324868042,56.05571103827732,34.91,2.0,headache,S011
4.69,0.29,12.805586294313471,-30.187917763196452,56.21161476720962,34.91,2.0,headache,S011
-11.72,0.29,12.755245989832002,-30.216458308678995,56.2205507488716,34.91,2.0,headache,S011
7.71,0.28,12.701523878260508,-30.072775363207064,55.92737194608116,34.89,2.0,headache,S011
-9.76,0.28,12.719031672288503,-30.074406556892093,55.954402433004105,34.89,2.0,headache,S011
-2.29,0.29,12.426202102430596,-29.948898681793963,56.082620764860536,34.89,2.0,headache,S011
9.91,0.29,12.467135033387503,-30.051992480809854,56.31823020161473,34.89,2.0,headache,S011
-10.9,0.28,12.452871071645605,-30.0890577263833,56.115146186729774,34.87,2.0,headache,S011
2.69,0.29,12.539455667154469,-30.14055050794308,55.83285566176795,34.87,2.0,headache,S011
-1.63,0.28,12.697462046895414,-30.07609566737717,56.22100407682028,34.87,2.0,headache,S011
2.44,0.28,12.416578435263354,-30.13424904428905,55.87777138781856,34.87,2.0,headache,S011
18.96,0.28,12.588978764528116,-30.079100232715508,56.24749515116672,34.89,2.0,headache,S011
-5.37,0.28,12.25962800566597,-30.29120798201504,56.113573157779435,34.89,2.0,headache,S011
4.79,0.28,12.711609192002971,-30.202777069331358,56.100306938790666,34.89,2.0,headache,S011
-0.84,0.28,12.667896928106275,-30.220093250364673,56.168286096544065,34.89,2.0,headache,S011
-5.42,0.28,12.325285999604455,-30.597137705899197,56.07189109113773,34.87,2.0,headache,S011
5.84,0.29,12.788283164423719,-30.173938471411297,56.2376579018193,34.87,2.0,headache,S011
-5.55,0.28,12.41348158603779,-30.33581211101818,56.28668398972744,34.87,2.0,headache,S011
-4.47,0.28,12.587611440793756,-30.070394158531393,56.301039560995534,34.87,2.0,headache,S011
1.12,0.28,12.630156771913246,-30.432158008825,56.0424597292026,34.89,2.0,headache,S011
-9.45,0.29,12.953309144398668,-30.147248053764148,56.021080140645424,34.89,2.0,headache,S011
6.41,0.29,12.78853066306142,-29.990828152013478,56.30860942344217,34.89,2.0,headache,S011
2.57,0.28,12.396177325651339,-30.121987440503712,56.006999759154816,34.89,2.0,headache,S011
-10.14,0.28,12.922568668677718,-29.995077760184568,56.238291145874015,34.87,2.0,headache,S011
7.98,0.28,12.653136816712475,-29.98857243066258,56.095751646263984,34.87,2.0,headache,S011
3.08,0.28,12.492755677008237,-30.06408801698311,56.08961000258562,34.87,2.0,headache,S011
-12.45,0.28,12.791576921112927,-30.09637930357527,55.968093349009905,34.87,2.0,headache,S011
4.53,0.3,12.755313964834855,-29.95466983803719,56.250245007568324,34.87,2.0,headache,S011
-6.87,0.29,12.587650408262402,-30.040362383349382,56.07956984356341,34.87,2.0,headache,S011
-12.0,0.28,12.494281841018381,-29.95110586398779,56.1607203446612,34.87,2.0,headache,S011
28.97,0.28,12.90346182510043,-30.119787393075708,55.914989764553745,34.87,2.0,headache,S011
-0.6,0.28,12.493263233464853,-30.032475586110287,56.05264530316072,34.87,2.0,headache,S011
-5.28,0.28,12.617018893010643,-30.025535143326355,56.31451783157603,34.87,2.0,headache,S011
13.95,0.28,12.535277354970018,-30.112111988346445,56.10569196494355,34.87,2.0,headache,S011
3.28,0.28,12.6894635875928,-30.01615900531224,56.089426781511065,34.87,2.0,headache,S011
-4.35,0.28,12.433665451261716,-30.45868680567671,56.30123853113081,34.87,2.0,headache,S011
3.29,0.29,12.405923781931472,-30.158661949350382,56.22547556960151,34.87,2.0,headache,S011
-6.58,0.28,12.819681481410557,-29.958902562567996,56.16490757173808,34.87,2.0,headache,S011
-2.26,0.28,12.782961762373652,-30.12155066860585,55.790418357396824,34.87,2.0,headache,S011
-0.43,0.29,12.396388436464711,-30.03159265230305,56.073918397501785,34.87,2.0,headache,S011
-13.13,0.28,12.631468173001544,-29.988944707798748,55.95773543241204,34.87,2.0,headache,S011
2.52,0.28,12.615612851073314,-30.130264297565592,56.099999220454464,34.87,2.0,headache,S011
-2.36,0.28,12.730221023326093,-29.99712719894527,56.18677301646252,34.87,2.0,headache,S011
4.43,0.29,12.544559416024653,-30.003349626726063,55.95952318883428,34.87,2.0,headache,S011
6.35,0.28,12.791233524777597,-29.993089304885697,56.114834612234354,34.87,2.0,headache,S011
-5.87,0.28,12.561045340414832,-30.025453653551942,56.2561212191326,34.87,2.0,headache,S011
7.55,0.28,12.534085053588253,-30.12768434958704,56.07360463190029,34.87,2.0,headache,S011
-3.9,0.29,12.58126655792558,-29.95664321550228,55.945356040216275,34.84,2.0,headache,S011
-0.71,0.28,12.83005535853509,-30.054809273847916,55.99470478309585,34.84,2.0,headache,S011
8.59,0.28,12.441103935961157,-30.098636273416332,56.038492566882624,34.84,2.0,headache,S011
-6.86,0.28,12.76262780795977,-30.113960364339423,55.971129683167426,34.84,2.0,headache,S011
4.57,0.28,12.6230083727265,-30.003956039426697,56.24046140702554,34.84,2.0,headache,S011
1.07,0.28,12.780535385809763,-29.996573463395524,56.135587572771314,34.84,2.0,headache,S011
-8.98,0.28,12.54910387041141,-30.007837213444017,56.355340820313,34.84,2.0,headache,S011
0.01,0.28,12.994161647804024,-29.976617582590247,56.42040254151971,34.84,2.0,headache,S011
3.87,0.28,12.681360525500297,-30.14525209278124,56.14622299775154,34.87,2.0,headache,S011
-4.9,0.28,12.980244823659154,-30.293075461559386,56.19651161025085,34.87,2.0,headache,S011
6.44,0.28,12.339849397666843,-30.289968999017706,56.362991806489596,34.87,2.0,headache,S011
4.08,0.28,12.69120915481411,-30.088793523530814,56.26961082098901,34.87,2.0,headache,S011
-6.19,0.28,12.568024919140743,-30.070319655814945,56.013290801192724,34.84,2.0,headache,S011
1.56,0.28,12.80740232797921,-30.01662835260358,56.10825314026376,34.84,2.0,headache,S011
0.95,0.28,12.6406763947335,-29.97481988916979,56.09669889997131,34.84,2.0,headache,S011
-11.47,0.28,13.155425924889423,-30.028547203014547,56.10049008114374,34.84,2.0,headache,S011
0.92,0.28,12.811442903704483,-29.96932012789333,56.20413917185742,34.87,2.0,headache,S011
3.92,0.28,12.985203653490764,-30.03241716666967,55.950218645201836,34.87,2.0,headache,S011
-2.91,0.29,12.734042181478472,-29.965980731336096,56.0735464890539,34.87,2.0,headache,S011
6.3,0.28,12.90141026331245,-30.035578154794777,55.91684483886115,34.87,2.0,headache,S011
-0.82,0.28,12.681163294640974,-29.962881616169877,56.22327319712793,34.87,2.0,headache,S011
-7.35,0.28,12.664531694703838,-30.03862285941398,56.304158605074015,34.87,2.0,headache,S011
6.32,0.28,12.897051616478342,-29.959971554088998,56.27158248704951,34.87,2.0,headache,S011
1.25,0.28,12.747801914636657,-30.041191810006307,55.931947808674195,34.87,2.0,headache,S011
-2.88,0.28,12.725914859487721,-29.958211074971615,56.258032106298366,34.87,2.0,headache,S011
4.9,0.28,13.170142194014861,-30.040998444028546,55.87365369874035,34.87,2.0,headache,S011
-3.71,0.28,12.84852441642236,-29.96368741171373,56.37939212119535,34.87,2.0,headache,S011
-1.26,0.28,12.791153429719442,-30.168473523944463,56.19200747056555,34.87,2.0,headache,S011
3.64,0.28,12.727998146031007,-29.777098075569075,56.24775202419485,34.87,2.0,headache,S011
-7.13,0.28,13.522202560327905,-29.98511883676283,56.128344903256185,34.87,2.0,headache,S011
4.98,0.28,12.960072756560706,-29.91809928940085,56.24778374614409,34.87,2.0,headache,S011
0.95,0.28,12.859624464811711,-30.087155065471443,56.06058756349937,34.87,2.0,headache,S011
-6.15,0.28,13.043686422020938,-29.908108776013975,56.093690731456114,34.83,2.0,headache,S011
3.27,0.28,13.21264814028267,-30.097527726094945,55.92323653957421,34.83,2.0,headache,S011
-3.04,0.28,12.787846868109957,-29.89575773437223,56.05932735607424,34.83,2.0,headache,S011
-4.03,0.28,13.307852308671391,-30.112160269349676,56.04022242699705,34.83,2.0,headache,S011
4.54,0.28,12.828466451228106,-29.87853309785137,56.090444519274975,34.87,2.0,headache,S011
-7.26,0.28,13.226909634877025,-30.132434046907747,56.15412677207219,34.87,2.0,headache,S011
5.6,0.28,12.768664716004134,-29.85455251278025,56.257661719515845,34.87,2.0,headache,S011
10.1,0.28,13.096340273065207,-30.161048724996604,56.08649749366645,34.87,2.0,headache,S011
1.99,0.28,12.805264082318509,-29.82000346033681,56.32489890753469,34.87,2.0,headache,S011
2.19,0.28,13.137315273746578,-30.20333761945364,55.831771614713375,34.87,2.0,headache,S011
-6.5,0.28,12.519039846868406,-29.767632530277268,56.38964007352143,34.87,2.0,headache,S011
3.48,0.28,13.43916872755234,-30.267488040892573,56.04189738307447,34.87,2.0,headache,S011
-2.42,0.28,12.450788523502881,-29.70895641659888,56.41491219767099,34.87,2.0,headache,S011
-1.61,0.28,14.202987805165197,-30.219342859695224,55.901603459916636,34.87,2.0,headache,S011
3.03,0.28,15.578756175638702,-28.34273418030828,56.82170426701207,34.87,2.0,headache,S011
-4.92,0.28,20.408031874894398,-27.741334410786855,56.41755836577207,34.87,2.0,headache,S011
3.08,0.28,13.867297763819396,-19.264613200884124,57.89829552136776,34.84,2.0,headache,S011
3.46,0.28,18.285541307395086,-18.09695890863002,59.384535678019866,34.84,2.0,headache,S011
-11.03,0.28,15.449090586435767,-20.081932992222097,59.85042840310191,34.84,2.0,headache,S011
-34.98,0.29,14.167277421613168,-18.29824850828628,60.44009630070249,34.84,2.0,headache,S011
-0.9,0.29,15.050761216025855,-18.9172912676998,60.39102740902327,34.84,2.0,headache,S011
105.23,0.29,14.88912685482179,-18.29043941141903,60.1170645484563,34.84,2.0,headache,S011
-94.53,0.29,14.829400452530264,-18.36673661125254,60.63611339789847,34.84,2.0,headache,S011
-20.55,0.29,15.19976714701082,-18.351139652061423,59.83120384610169,34.84,2.0,headache,S011
62.98,0.29,13.626866917476917,-19.805021384534676,59.3838092680759,34.83,2.0,headache,S011
-1.22,0.29,13.37707303728898,-23.297050856269,59.8168468716634,34.83,2.0,headache,S011
-7.91,0.28,15.613236005528806,-23.715965732706255,59.81853680166966,34.83,2.0,headache,S011
-25.24,0.29,14.950100219417951,-24.005871342759615,58.45899029254773,34.83,2.0,headache,S011
15.71,0.29,14.848720837448838,-25.21894271036652,58.17950405759896,34.87,2.0,headache,S011
12.51,0.28,14.860914454770873,-24.481709564274226,58.23980582459128,34.87,2.0,headache,S011
47.26,0.28,15.125544778050328,-25.214813780181117,58.22327723296225,34.87,2.0,headache,S011
4.63,0.29,15.201165412160288,-23.834509341382972,58.30135126255229,34.87,2.0,headache,S011
-39.59,0.29,15.428921903694695,-24.389139932229472,58.05851493493434,34.84,2.0,headache,S011
-22.75,0.28,15.937694247975701,-23.77725756079994,58.269221786850295,34.84,2.0,headache,S011
-4.99,0.28,15.041822639292038,-24.785609038911822,58.00448610998833,34.84,2.0,headache,S011
10.39,0.29,16.802867145131497,-22.696860820365536,58.49832840904067,34.84,2.0,headache,S011
-6.13,0.31,16.537141202442747,-23.327145952743933,58.62028995867718,34.87,2.0,headache,S011
-0.75,0.29,16.572740649952227,-23.397907345649287,58.469425723645315,34.87,2.0,headache,S011
2.9,0.29,16.802064177654614,-22.940622922967968,58.29432052710042,34.87,2.0,headache,S011
0.34,0.29,15.916418524799615,-22.82284341817722,58.471367895599705,34.87,2.0,headache,S011
7.87,0.29,16.39772291859043,-22.932546860253552,58.45061452208916,34.84,2.0,headache,S011
-8.89,0.29,15.778884906920492,-22.842221183344382,58.442417407069925,34.84,2.0,headache,S011
-5.64,0.29,16.413104706011197,-22.90191759322267,58.54397073022215,34.84,2.0,headache,S011
10.88,0.29,16.428047089442554,-22.494470551516134,58.40324228960842,34.84,2.0,headache,S011
8.3,0.29,16.40141667912817,-22.882303637423718,58.54464660300603,34.84,2.0,headache,S011
-6.24,0.29,16.35269360497707,-22.71153255674102,58.35374768854263,34.84,2.0,headache,S011
-0.04,0.29,16.428675736649236,-22.608932522392053,58.389808081366496,34.84,2.0,headache,S011
-10.67,0.29,16.067020613627715,-22.679295525690414,58.66777752563252,34.84,2.0,headache,S011
1.17,0.29,16.563671648266563,-22.916695218731125,58.48077076058821,34.84,2.0,headache,S011
-1.11,0.29,16.06347980493867,-22.85541552447862,58.57709704417799,34.84,2.0,headache,S011
-1.23,0.29,16.459842037177424,-22.808895482294826,58.604836250321384,34.84,2.0,headache,S011
2.52,0.29,16.300343076407714,-22.527806325926576,58.66878196334719,34.84,2.0,headache,S011
-2.49,0.29,16.061935070170403,-23.10277213920012,58.48204815767486,34.84,2.0,headache,S011
2.48,0.29,16.1626059708992,-22.759450547569347,58.47102930012679,34.84,2.0,headache,S011
2.73,0.29,16.26987898526531,-23.19582150411294,58.507905989329764,34.84,2.0,headache,S011
-2.03,0.29,16.265398422616254,-22.579403481076916,58.68428674588252,34.84,2.0,headache,S011
5.96,0.29,15.994469442508132,-23.038794184245383,58.4614263168529,34.83,2.0,headache,S011
-5.87,0.29,16.16065076795791,-22.526083428346514,58.58344794033103,34.83,2.0,headache,S011
7.59,0.29,16.343838889014105,-22.946613724913316,58.456938256811114,34.83,2.0,headache,S011
-2.22,0.29,16.175940730073762,-22.782580368849693,58.52642966400645,34.83,2.0,headache,S011
0.42,0.29,16.253380651636107,-22.943736513803966,58.77855394867211,34.84,2.0,headache,S011
4.58,0.29,16.16821047462797,-22.699611949065957,58.65021182258438,34.84,2.0,headache,S011
-4.01,0.29,16.297113219143682,-23.06827702211887,58.64976312852905,34.84,2.0,headache,S011
1.46,0.29,16.366001773722147,-22.719050728165264,58.46535394977856,34.84,2.0,headache,S011
3.08,0.29,15.974945708577973,-22.989254400698652,58.6134101358071,34.84,2.0,headache,S011
-7.8,0.29,16.399884832011754,-22.66569959419566,58.45388599251138,34.84,2.0,headache,S011
7.12,0.29,16.115288074659833,-22.941762192222733,58.61335541452284,34.84,2.0,headache,S011
-1.68,0.29,16.148351656611062,-22.613906706144324,58.73633285642314,34.84,2.0,headache,S011
-4.0,0.29,16.414472772879517,-22.708750323017874,58.55827002389741,34.84,2.0,headache,S011
4.34,0.29,16.226210335852173,-22.76955117448822,58.63093951712915,34.84,2.0,headache,S011
-0.6,0.29,16.287246478238195,-23.097518265898543,58.58829532442363,34.84,2.0,headache,S011
-4.58,0.29,16.122577356661985,-22.683732120044844,58.75591266306037,34.84,2.0,headache,S011
8.01,0.29,16.19955190955411,-22.801149913459504,58.747577519173134,34.84,2.0,headache,S011
-4.95,0.29,16.188669181858785,-22.876310601680828,58.67185431271737,34.84,2.0,headache,S011
0.68,0.29,16.142147988606972,-22.9846682134137,58.40956710898816,34.84,2.0,headache,S011
2.31,0.29,16.22277571482904,-22.823897427333584,58.82184830790123,34.84,2.0,headache,S011
-5.27,0.29,16.053837352418203,-23.069119755285325,58.62486067802899,34.83,2.0,headache,S011
-0.32,0.29,16.046530372374004,-22.801899790448385,58.66975983417566,34.83,2.0,headache,S011
5.06,0.29,16.204688001983367,-22.743211935777687,58.64624570456506,34.83,2.0,headache,S011
-8.46,0.29,16.121691780730796,-22.56045838485642,58.57157384519775,34.83,2.0,headache,S011
6.05,0.31,16.378530094865678,-22.450822910821074,58.823494287133826,34.83,2.0,headache,S011
-2.3,0.29,16.3565732239797,-22.63124187121822,58.5766136531261,34.83,2.0,headache,S011
-3.57,0.29,16.47019322652107,-22.51206208813485,58.60739717270893,34.83,2.0,headache,S011
2.64,0.29,16.263755680793867,-22.528795284601888,58.54283796137414,34.83,2.0,headache,S011
-10.73,0.29,16.310295581910356,-22.55967025063237,58.50626750839389,34.83,2.0,headache,S011
-1.34,0.29,16.28410534467028,-22.38234424635627,58.81666511978928,34.83,2.0,headache,S011
8.62,0.29,16.11225315780314,-22.668869039294936,58.843623204746415,34.83,2.0,headache,S011
-6.85,0.29,16.105167539231967,-22.73272235541181,58.92646807033848,34.83,2.0,headache,S011
8.64,0.29,16.11237478279858,-22.8521135100035,58.88857173071178,34.84,2.0,headache,S011
-3.1,0.29,16.049004899039634,-22.496190875701927,58.795152850470885,34.84,2.0,headache,S011
0.39,0.29,16.157518811401413,-22.85386434743685,58.621191270465275,34.84,2.0,headache,S011
13.41,0.29,16.055993722167635,-22.497114996579405,58.57093614759918,34.84,2.0,headache,S011
0.74,0.29,16.137252462281136,-22.62135114821413,58.8846317568681,34.84,2.0,headache,S011
3.65,0.29,16.145145807317604,-22.619461193476038,58.84326619163276,34.84,2.0,headache,S011
-2.96,0.29,16.36206477559192,-22.671415546619116,58.811491690991055,34.84,2.0,headache,S011
-4.28,0.29,16.417566298342592,-22.232436539351532,58.801389839823095,34.84,2.0,headache,S011
0.44,0.29,16.295147510916667,-22.56731907395116,58.498604134536514,34.87,2.0,headache,S011
-17.65,0.29,15.835187386972812,-22.864520092147824,58.73949976122814,34.87,2.0,headache,S011
11.19,0.29,15.762315399955355,-22.843768938785693,58.54709036733865,34.87,2.0,headache,S011
-2.56,0.29,15.961670400781722,-22.665275911664033,58.87372888118045,34.87,2.0,headache,S011
1.24,0.29,16.0607938072138,-22.461299882739368,59.04684993817337,34.87,2.0,headache,S011
7.32,0.29,16.114808157354954,-22.53953566417371,58.875831303012795,34.87,2.0,headache,S011
-8.54,0.29,15.984321519249411,-23.047231847813148,58.76917516871107,34.87,2.0,headache,S011
15.41,0.29,16.098427901052677,-22.627469442866463,58.84118688469065,34.87,2.0,headache,S011
6.47,0.29,16.05666724476811,-22.763935099924826,58.7762020898441,34.89,2.0,headache,S011
-13.56,0.29,15.952931603146995,-22.506252633899265,58.66281930252356,34.89,2.0,headache,S011
5.67,0.29,16.091364040637465,-22.890599469609235,58.545774647870246,34.89,2.0,headache,S011
-1.11,0.29,16.116034189954767,-22.434342319326543,58.75459801378025,34.89,2.0,headache,S011
0.39,0.29,16.14603633518123,-22.72278356066817,58.584872851543345,34.87,2.0,headache,S011
5.33,0.29,16.057528535062417,-22.489622845193136,58.53589101543024,34.87,2.0,headache,S011
-7.08,0.29,16.109070206731175,-22.796022130769536,58.83919923909721,34.87,2.0,headache,S011
1.49,0.29,16.016746772707467,-22.627301714075845,58.74130938125572,34.87,2.0,headache,S011
-2.16,0.29,15.910692554748708,-22.722232640523636,58.55210690678003,34.84,2.0,headache,S011
-14.5,0.3,15.932141982986881,-22.566981310305824,58.67147896085325,34.84,2.0,headache,S011
7.52,0.29,16.03516618615678,-22.47158277301438,58.85431666271959,34.84,2.0,headache,S011
-2.72,0.29,15.971861771513387,-22.404071992567644,58.771881466150745,34.84,2.0,headache,S011
6.14,0.29,16.027440865625568,-22.733180571131964,58.893926879729975,34.84,2.0,headache,S011
8.87,0.29,15.958605758223905,-22.59520722198242,58.63589943232798,34.84,2.0,headache,S011
-4.22,0.29,15.773377802035307,-22.551888062365986,58.97110356683837,34.84,2.0,headache,S011
-1.71,0.29,16.011828893707065,-22.516206706402794,58.611961890813745,34.84,2.0,headache,S011
2.57,0.29,15.983896789999338,-22.823347066130346,58.77107726300593,34.81,2.0,headache,S011
-9.35,0.29,16.020028701270274,-22.30145348356362,58.76972343828921,34.81,2.0,headache,S011
1.97,0.29,15.922342149824132,-22.68079048169157,58.58417767558752,34.81,2.0,headache,S011
-3.73,0.29,15.696291952689293,-22.626156523183692,58.66785474990364,34.81,2.0,headache,S011
1.01,0.29,15.902266324869455,-22.373523827949125,58.85252277068428,34.83,2.0,headache,S011
2.86,0.29,15.957788283393635,-22.56534763231882,58.839814196171595,34.83,2.0,headache,S011
-2.39,0.29,15.981068568751272,-22.400254184926844,58.739049361459955,34.83,2.0,headache,S011
3.07,0.29,15.869943946170668,-22.351217819320812,58.84097183816899,34.83,2.0,headache,S011
-3.01,0.29,16.05492963591268,-22.567681811148912,58.79663635910267,34.83,2.0,headache,S011
0.79,0.29,15.968333348676557,-22.588907143309857,58.96655765704909,34.83,2.0,headache,S011
3.13,0.29,15.970467112604625,-22.62040900923445,58.92031027733642,34.83,2.0,headache,S011
-5.73,0.29,15.872135646336528,-22.678384123827264,58.79061366425119,34.83,2.0,headache,S011
7.52,0.29,16.07932517075802,-22.577476382596135,58.95973538410506,34.83,2.0,headache,S011
-4.78,0.29,15.918745822289456,-22.480716208526324,58.72097088879566,34.83,2.0,headache,S011
3.72,0.29,15.768827418872554,-22.675701940687322,58.947296359808675,34.83,2.0,headache,S011
0.39,0.29,15.774839105984103,-22.500238540719312,58.8841965068003,34.83,2.0,headache,S011
-2.69,0.29,16.024617060991265,-22.92640532100164,58.98295531906889,34.81,2.0,headache,S011
3.8,0.29,15.945822411355524,-22.423749678525198,58.7214497265896,34.81,2.0,headache,S011
-0.18,0.29,16.071442113698865,-22.407390189018503,58.99194735918738,34.81,2.0,headache,S011
-6.07,0.29,16.01102727572349,-22.331525227450964,58.88981483687932,34.81,2.0,headache,S011
6.57,0.29,15.966654929766179,-22.840970690101877,58.96418704452355,34.81,2.0,headache,S011
-7.06,0.29,15.972541149182867,-22.649096790139335,58.880474648636635,34.81,2.0,headache,S011
-0.49,0.29,16.029546672053453,-22.732964917281855,58.83816079082119,34.81,2.0,headache,S011
2.81,0.29,15.722748536031565,-22.29825555953586,58.8458152668397,34.81,2.0,headache,S011
-4.75,0.29,15.903346296823162,-22.714251396878794,59.09159517192077,34.81,2.0,headache,S011
1.24,0.29,15.912208459467156,-22.44536940223504,58.86113866727355,34.81,2.0,headache,S011
5.05,0.29,16.019086243101665,-22.67425824782318,58.694308260274745,34.81,2.0,headache,S011
-8.21,0.29,16.00057546005054,-22.559712957317174,58.74184813702529,34.81,2.0,headache,S011
6.06,0.29,15.85589465925986,-22.659339056577895,58.82871010850286,34.81,2.0,headache,S011
-2.25,0.29,15.93198728619067,-22.465281700716318,58.656724380327184,34.81,2.0,headache,S011
2.08,0.29,16.010452964917214,-22.802315924029855,58.975748250751224,34.81,2.0,headache,S011
1.1,0.29,15.798205973862228,-22.3567124977401,58.631938455802604,34.81,2.0,headache,S011
-6.56,0.29,15.671531701024703,-22.84307482941263,58.94265394364139,34.79,2.0,headache,S011
0.79,0.29,15.836277053044833,-22.12719168059463,58.88870502704267,34.79,2.0,headache,S011
2.5,0.29,15.932939933539908,-22.676382299408544,58.912229448272825,34.79,2.0,headache,S011
-7.15,0.29,15.828155559544582,-22.350062321445183,58.78929842574837,34.79,2.0,headache,S011
10.66,0.29,15.91900536416478,-22.459298941966143,58.90974387673509,34.81,2.0,headache,S011
-4.84,0.29,16.00991780677972,-22.290137758874152,58.677743021677045,34.81,2.0,headache,S011
-0.47,0.29,15.84449791004706,-22.881941506757354,58.88724518094555,34.81,2.0,headache,S011
6.35,0.29,15.747513668513609,-22.457787829045586,58.681565954980705,34.81,2.0,headache,S011
-0.03,0.29,15.87611869305652,-22.85126898261806,58.90652258276925,34.81,2.0,headache,S011
-6.53,0.29,16.06691838750318,-22.38280258970025,58.819320214280594,34.81,2.0,headache,S011
8.7,0.29,15.915268369651312,-22.651702219283294,58.65634407689186,34.81,2.0,headache,S011
-4.68,0.29,15.932872424264653,-22.102214186315972,58.83034289364663,34.81,2.0,headache,S011
-1.72,0.29,15.981825927712869,-22.613109638817882,59.04143117271639,34.79,2.0,headache,S011
3.78,0.29,15.98871908180384,-22.397192984712333,58.88198976213668,34.79,2.0,headache,S011
0.82,0.29,15.820321290949648,-22.71532644946655,58.77845215769073,34.79,2.0,headache,S011
-8.4,0.29,16.18156295991202,-22.53891246388468,58.66721614042421,34.79,2.0,headache,S011
8.35,0.29,15.703769094021496,-22.555728946439434,59.04469092137041,34.81,2.0,headache,S011
-2.43,0.29,16.269113527339687,-22.473480790755502,58.681399586567096,34.81,2.0,headache,S011
-1.82,0.29,15.115015465671684,-22.53289400612179,58.971024845588644,34.81,2.0,headache,S011
2.95,0.29,18.97050046445465,-22.372074481033746,58.2900640446364,34.81,2.0,headache,S011
0.34,0.29,16.634256183940185,-23.37893520824019,58.507348612544625,34.81,2.0,headache,S011
-5.46,0.29,12.345278668432659,-22.115550960628713,59.451075295870325,34.81,2.0,headache,S011
4.74,0.29,14.498320354389625,-20.39058653421967,59.95724973641436,34.81,2.0,headache,S011
-13.96,0.29,16.378839214690426,-20.85031181502465,59.20269142297984,34.81,2.0,headache,S011
4.46,0.29,15.36560556934658,-21.218797483645506,59.4395662197636,34.81,2.0,headache,S011
5.76,0.29,15.295185691257563,-21.65848917890859,58.893029324441756,34.81,2.0,headache,S011
19.73,0.29,15.157930588255468,-21.26590726394313,59.37920344289694,34.81,2.0,headache,S011
-5.62,0.29,15.270764091162835,-21.296349968172414,59.075558035470394,34.81,2.0,headache,S011
-15.7,0.29,15.197284587420334,-21.717117464623662,59.56287987018521,34.79,2.0,headache,S011
-4.59,0.29,15.09688460728647,-21.14951641986078,58.867562868822645,34.79,2.0,headache,S011
8.9,0.29,15.01149710258296,-21.563780796625892,59.28500976075545,34.79,2.0,headache,S011
-2.9,0.29,15.252129852160863,-21.260114671699725,59.01898531240894,34.79,2.0,headache,S011
4.35,0.29,14.8576404152169,-21.24498171433509,59.11747883232879,34.81,2.0,headache,S011
-9.84,0.29,15.062491836625396,-21.44792816495319,58.83834014143573,34.81,2.0,headache,S011
2.23,0.29,15.182335718040873,-21.45880433627527,59.241782222885774,34.81,2.0,headache,S011
2.13,0.29,15.06499700054242,-21.401491447162236,59.12726608408416,34.81,2.0,headache,S011
-1.94,0.29,15.236498566749892,-21.446509689833338,59.20834867770871,34.79,2.0,headache,S011
5.19,0.29,14.917612925039892,-21.570890251038087,59.02875778239252,34.79,2.0,headache,S011
4.8,0.29,15.09456405138789,-21.564288260042183,59.17110636057298,34.79,2.0,headache,S011
-2.98,0.29,14.884077178693664,-21.429581214052035,59.1444805964256,34.79,2.0,headache,S011
8.1,0.29,15.221608422538907,-21.632448997344643,59.40725985200452,34.81,2.0,headache,S011
-3.66,0.29,15.08109305940297,-21.349533785892355,59.220896610503644,34.81,2.0,headache,S011
-1.12,0.29,15.042720629209855,-21.726480202219314,59.35831816542286,34.81,2.0,headache,S011
-2.63,0.29,14.926197611584174,-21.418294708234765,59.08021234435806,34.81,2.0,headache,S011
-4.1,0.29,15.126486469596763,-21.622344807969565,59.47354637181079,34.79,2.0,headache,S011
-6.36,0.29,15.019717934208455,-21.483341521616556,59.00699497346976,34.79,2.0,headache,S011
7.81,0.29,15.1649092157936,-21.69580717556809,59.20855628867536,34.79,2.0,headache,S011
-4.99,0.29,14.954764159934793,-21.59492648117459,58.859353088398926,34.79,2.0,headache,S011
0.26,0.29,15.06029727375307,-21.74009633185948,59.35277261082215,34.81,2.0,headache,S011
2.93,0.29,14.93163527999544,-21.40081069286204,59.07854617568981,34.81,2.0,headache,S011
3.24,0.29,15.073706117714375,-21.719106110541905,59.327040857810466,34.81,2.0,headache,S011
-5.97,0.29,14.923512347395349,-21.599462478764167,58.90616278550099,34.81,2.0,headache,S011
8.27,0.29,15.073734508628979,-21.51082605206377,59.43932936051169,34.79,2.0,headache,S011
-4.18,0.29,14.96088897013888,-21.50476147442619,58.84187617189036,34.79,2.0,headache,S011
-2.16,0.29,15.202820524971248,-21.58186190885648,59.31045097737451,34.79,2.0,headache,S011
-0.07,0.29,14.859687434571555,-21.257292831496198,59.202242569045815,34.79,2.0,headache,S011
-0.3,0.29,15.260528306669224,-22.0844659699836,59.35287049876262,34.81,2.0,headache,S011
-6.15,0.29,14.90278242427408,-21.648634018642053,58.852094996603334,34.81,2.0,headache,S011
10.15,0.29,15.360475440240364,-22.005320187613176,59.389098616247644,34.81,2.0,headache,S011
-7.12,0.29,14.954202145354202,-21.617929910576617,58.929136674293886,34.81,2.0,headache,S011
4.35,0.29,15.185424172170233,-21.861503721922873,59.29501742417697,34.81,2.0,headache,S011
0.96,0.29,14.798474546186162,-21.333893119490593,58.84653842652003,34.81,2.0,headache,S011
0.29,0.29,15.213912977111951,-21.819849428941428,59.45648272256851,34.81,2.0,headache,S011
1.05,0.29,14.80180332787202,-21.227844213140717,59.02475466589914,34.81,2.0,headache,S011
2.13,0.29,15.384448492060052,-21.782782103768525,59.14669675127997,34.81,2.0,headache,S011
-11.67,0.29,14.685009025389565,-21.5558271403094,59.02079783975805,34.81,2.0,headache,S011
10.4,0.29,15.550656076796768,-21.677779691517177,59.65042650990967,34.81,2.0,headache,S011
-12.54,0.29,14.523622892875096,-21.14148607066458,59.32019111569956,34.81,2.0,headache,S011
7.57,0.29,17.424414245486062,-20.13306344344322,60.475316707060664,34.81,2.0,headache,S011
-2.58,0.29,14.857100556994155,-20.190169079392312,59.75461316696931,34.81,2.0,headache,S011
5.27,0.29,13.234942044904779,-21.202185394974784,58.726634049575274,34.81,2.0,headache,S011
1.34,0.29,11.783116376122964,-19.980275256369143,65.06555062429861,34.81,2.0,headache,S011
11.71,0.29,3.121489435747455,-24.07876581040967,55.68865413112858,34.81,2.0,headache,S011
-17.95,0.29,12.155078272110241,-16.58548754514832,60.57035549716052,34.81,2.0,headache,S011
15.34,0.29,17.34202992016981,-12.918499979559368,65.06890383907883,34.81,2.0,headache,S011
-16.42,0.29,14.601409114214567,-28.457785466942248,54.32170646869948,34.81,2.0,headache,S011
68.39,0.29,24.70990034767861,-12.377787110248185,55.82707084623972,34.81,2.0,headache,S011
-37.09,0.29,15.695223369949325,-17.184925042861927,64.13862672925197,34.81,2.0,headache,S011
-63.75,0.29,7.274979306001398,-16.014963521898665,61.857516326082404,34.81,2.0,headache,S011
76.28,0.29,12.686539356826367,-12.195659724959619,60.51248198966839,34.81,2.0,headache,S011
-21.67,0.29,8.110335461856206,-13.52969984815241,64.30637103401872,34.81,2.0,headache,S011
-19.47,0.29,8.893212742616072,-13.640968528611207,60.83429672828389,34.81,2.0,headache,S011
-19.74,0.29,7.499315022568114,-14.453098867468604,64.75614869296818,34.81,2.0,headache,S011
59.18,0.29,7.351906077301401,-13.213074880132773,60.38145535630855,34.81,2.0,headache,S011
-31.53,0.29,6.47183227376462,-15.005434035243368,66.02479410024281,34.81,2.0,headache,S011
-43.27,0.29,7.204522644833889,-12.586820599958514,58.41168993346332,34.81,2.0,headache,S011
24.7,0.29,12.959953454618258,-19.956942920423145,81.14665601654153,34.81,2.0,headache,S011
6.84,0.29,29.23577268755583,16.000264753424872,38.422039816809665,34.81,2.0,headache,S011
21.0,0.29,20.49612362684332,56.43117227274221,0.6581927094180096,34.81,2.0,headache,S011
0.48,0.27,24.02152494747139,57.13727611996356,9.487678085913421,34.81,2.0,headache,S011
37.18,0.26,26.65225108509162,59.281448507100286,-5.411570139455822,34.81,2.0,headache,S011
-67.92,0.26,22.12524837615155,58.00064585378699,2.4880573375973905,34.81,2.0,headache,S011
-76.57,0.26,21.914222038500114,59.80011699791279,-1.7272762101765982,34.83,2.0,headache,S011
158.72,0.25,23.154208335495817,58.521272355153776,2.4791038975785016,34.83,2.0,headache,S011
34.82,0.25,21.879027863440363,59.73481101703058,0.14133259646074323,34.83,2.0,headache,S011
-30.37,0.25,22.523615955846964,58.98122541559893,3.048736446213879,34.83,2.0,headache,S011
-47.14,0.25,22.177657588036944,59.67583613765397,1.9215376191608684,34.79,2.0,headache,S011
39.97,0.25,22.496913680121583,58.65864671693175,4.737705558780992,34.79,2.0,headache,S011
-73.56,0.25,22.842149091836053,59.32710132033579,3.2154625806828006,34.79,2.0,headache,S011
35.91,0.25,22.684940064293567,58.694130112959186,4.78316904581475,34.79,2.0,headache,S011
-117.34,0.24,22.942293260472628,59.28998480398395,3.3698527326215886,34.75,2.0,headache,S011
-190.53,0.24,23.289476762320454,58.6134941035267,4.474061239147979,34.75,2.0,headache,S011
209.91,0.24,22.90957225737496,59.235630232934895,3.2955366024755266,34.75,2.0,headache,S011
94.88,0.24,23.42240380557408,58.776095203402875,4.358202888200151,34.75,2.0,headache,S011
17.85,0.26,23.25178155529803,59.09981754966063,3.8560037113081007,34.71,2.0,headache,S011
-12.58,0.24,23.58214795914916,58.7748491779693,4.24385184341475,34.71,2.0,headache,S011
-6.01,0.24,23.218371918404014,59.211367053349534,3.1048146628291,34.71,2.0,headache,S011
14.14,0.23,23.416199911205776,58.79760348091805,3.9786811218523965,34.71,2.0,headache,S011
-15.62,0.23,23.036189154859326,59.19525035039011,2.9197779480085795,34.73,2.0,headache,S011
-4.21,0.24,23.10456023528556,58.81166665184627,4.1517716983226505,34.73,2.0,headache,S011
-31.07,0.24,23.227759059991648,59.07774092905098,3.153041833671386,34.73,2.0,headache,S011
20.33,0.23,23.742514331281203,58.74830394043915,3.9593086802702144,34.73,2.0,headache,S011
0.62,0.24,23.172405472363355,58.95250756856028,3.7472466568556593,34.68,2.0,headache,S011
0.42,0.23,23.239133680309838,58.86949940424012,4.331175841884132,34.68,2.0,headache,S011
-24.19,0.23,23.019414371579135,59.14301803015867,3.7872013321938756,34.68,2.0,headache,S011
8.33,0.25,23.039400284824993,58.74168716133096,4.590760343383274,34.68,2.0,headache,S011
25.39,0.23,23.003775549885347,59.12247226568861,3.774024750620016,34.68,2.0,headache,S011
-18.56,0.23,23.06029727819538,58.874586435687064,4.490508630653395,34.68,2.0,headache,S011
-10.93,0.23,23.03694318072109,59.124101293411094,3.934011140236976,34.68,2.0,headache,S011
-15.53,0.23,22.939736216575664,58.87863041927941,4.40286762948335,34.68,2.0,headache,S011
15.79,0.23,22.85874235208314,59.11732957849393,4.19984316207977,34.68,2.0,headache,S011
-6.03,0.23,23.227447862310488,58.88927476933744,4.583619734664666,34.68,2.0,headache,S011
5.99,0.23,22.87676563340775,59.095713637109164,4.052997814023253,34.68,2.0,headache,S011
14.15,0.23,23.3009432982275,58.91997029608581,4.940116097961476,34.68,2.0,headache,S011
-5.75,0.23,22.3305825099988,59.46994324220527,3.273405022103385,34.65,2.0,headache,S011
0.4,0.23,22.167033257863515,58.87151081199659,4.459933257323378,34.65,2.0,headache,S011
0.67,0.25,22.446742782400555,59.14877694429651,4.723874547871232,34.65,2.0,headache,S011
-19.81,0.23,21.845590521597234,58.965587272166474,4.4564349213174355,34.65,2.0,headache,S011
43.64,0.22,21.682706410612955,59.36322590052584,3.410359892827824,34.63,2.0,headache,S011
-29.41,0.22,21.613402760709196,59.416825171130846,3.456526931710995,34.63,2.0,headache,S011
-17.32,0.22,21.60756497187668,59.79976424550733,3.486530080701638,34.63,2.0,headache,S011
12.6,0.22,21.26609874077821,59.433846518100864,3.852457714474465,34.63,2.0,headache,S011
-58.19,0.22,22.068889681598634,59.35546326012531,3.603676504899083,34.63,2.0,headache,S011
28.03,0.22,21.841729227818227,59.10094497115397,3.6858652931964566,34.63,2.0,headache,S011
101.14,0.23,21.643112041482095,59.26335708964475,3.437494317376144,34.63,2.0,headache,S011
38.04,0.23,22.234730803199685,59.059786366809725,3.62359627581788,34.63,2.0,headache,S011
-36.25,0.22,21.894613881611768,59.33521913567805,3.263012056696363,34.61,2.0,headache,S011
-203.21,0.23,21.91697907355846,59.375971988304755,3.430567489059688,34.61,2.0,headache,S011
44.98,0.23,22.131795378742073,59.40659982211717,3.426625146891751,34.61,2.0,headache,S011
108.32,0.22,21.876233899240617,59.188288310230966,3.7626348302118746,34.61,2.0,headache,S011
-178.96,0.22,21.889060809594106,59.48916992162199,3.7729979338206316,34.61,2.0,headache,S011
113.63,0.23,21.823249874998442,58.93650447038388,3.6565694430955826,34.61,2.0,headache,S011
197.3,0.23,21.98664091583531,59.41997894455648,3.5934600313916394,34.61,2.0,headache,S011
-53.67,0.22,21.80530386651005,59.20950466673423,3.668169052240223,34.61,2.0,headache,S011
12.95,0.23,21.75559500386554,59.47833726613639,3.3238581274309897,34.59,2.0,headache,S011
28.61,0.22,22.274921012861547,59.34217797682545,4.348201193013925,34.59,2.0,headache,S011
-67.02,0.22,22.323861819440065,59.14058495566925,4.0077973823380555,34.59,2.0,headache,S011
-42.58,0.22,22.09583381990651,59.23314836861868,4.2913497113342345,34.59,2.0,headache,S011
1.29,0.22,22.188591312007212,59.2558805720166,4.019970951329143,34.57,2.0,headache,S011
46.41,0.22,21.952086831961317,59.22643878385784,4.176395771834279,34.57,2.0,headache,S011
-40.75,0.22,22.025369818019495,59.35090310617639,4.31626137495935,34.57,2.0,headache,S011
-58.7,0.22,21.993420345020223,59.221797044293574,4.283579071929881,34.57,2.0,headache,S011
-8.4,0.22,21.799124813737446,59.365509175823675,3.9964925392347728,34.55,2.0,headache,S011
23.05,0.22,21.896130739083354,59.109323293611105,4.369068404769141,34.55,2.0,headache,S011
-13.55,0.22,22.245258637330476,59.302790258373555,3.8734787944647526,34.55,2.0,headache,S011
14.13,0.22,21.94082900683099,59.036475420840645,4.334577715233606,34.55,2.0,headache,S011
-9.06,0.22,21.991743142470348,59.17349587955028,4.031793915767146,34.55,2.0,headache,S011
-17.92,0.22,21.99692118672618,59.08167289872587,4.113247210228493,34.55,2.0,headache,S011
-106.27,0.22,22.122485024398102,59.148773946268406,4.014689194130881,34.55,2.0,headache,S011
31.33,0.22,22.008647395570712,58.91784657804419,4.28932253239431,34.55,2.0,headache,S011
342.39,0.22,21.967477036191738,59.10061401677334,3.8353682584465365,34.53,2.0,headache,S011
-147.57,0.22,22.15620264365458,59.107363552367474,4.163877911051137,34.53,2.0,headache,S011
-82.89,0.22,22.08448358185401,59.45325284663056,4.088346578024758,34.53,2.0,headache,S011
-20.79,0.22,22.27516778860659,59.20331616966701,4.441037768579487,34.53,2.0,headache,S011
36.36,0.22,22.256646044666834,59.061711237238335,4.157063392804805,34.49,2.0,headache,S011
-20.64,0.22,22.883934393484548,58.983014606827766,4.634987053283558,34.49,2.0,headache,S011
11.72,0.22,22.571402175251606,59.00531177647443,4.241940550878773,34.49,2.0,headache,S011
17.24,0.22,22.373870494558076,59.040488985767375,4.269252102437763,34.49,2.0,headache,S011
-14.24,0.22,22.406343202761892,59.25156063077209,4.226362353648374,34.49,2.0,headache,S011
-25.59,0.22,22.457599640692784,58.92656198103655,4.607454414774752,34.49,2.0,headache,S011
-8.71,0.22,22.4596095453748,59.064622204059404,4.476852441854048,34.49,2.0,headache,S011
1.2,0.22,22.313604396370557,59.07044047916085,4.507213942909104,34.49,2.0,headache,S011
30.17,0.22,22.597088924813693,59.04834204846414,4.327013909152908,34.5,2.0,headache,S011
10.41,0.22,22.317658798216645,58.94086292286523,4.514084490077478,34.5,2.0,headache,S011
-12.78,0.22,22.29868751138941,59.10230306627289,4.340884890741698,34.5,2.0,headache,S011
9.26,0.22,22.47584388476674,59.05714295151412,4.5594002490357495,34.5,2.0,headache,S011
4.41,0.22,21.99591081917175,59.00316476646901,4.401153140838302,34.49,2.0,headache,S011
-16.02,0.22,22.188920334040247,59.00243348011841,4.300397226820437,34.49,2.0,headache,S011
14.66,0.22,22.265746973198524,59.38297783903287,4.180503447559089,34.49,2.0,headache,S011
2.58,0.22,21.966231742776987,59.109295449681184,4.4488872317022246,34.49,2.0,headache,S011
-17.41,0.22,21.976316537033934,59.020747039870116,4.663366125280245,34.49,2.0,headache,S011
2.89,0.22,22.2208764549396,59.11306096504316,4.238891673051505,34.49,2.0,headache,S011
8.77,0.22,22.118017944884986,58.99214613929266,4.288323690908146,34.49,2.0,headache,S011
-9.8,0.22,22.244072089660033,58.99151347197604,4.445923957487153,34.49,2.0,headache,S011
14.56,0.22,22.178986302501574,59.21338722212757,4.348559365027229,34.49,2.0,headache,S011
5.12,0.22,22.129466477370933,59.21631036628252,4.60020009452377,34.49,2.0,headache,S011
-9.41,0.22,22.015758967733213,58.90596177255329,4.172263096378081,34.49,2.0,headache,S011
4.42,0.22,22.217278167222677,59.19440493706543,4.553024183389647,34.49,2.0,headache,S011
-10.83,0.22,22.10453200056009,58.93034937728094,4.325571071204227,34.47,2.0,headache,S011
-15.17,0.22,21.939358775302807,59.3060598087957,4.536688893365137,34.47,2.0,headache,S011
11.5,0.22,21.84905191803988,59.100341207404014,4.313879607013361,34.47,2.0,headache,S011
-15.08,0.22,22.019260701778258,59.71938712837844,4.321956670568625,34.47,2.0,headache,S011
6.48,0.22,22.073906668634425,59.53071803901658,4.396221418103245,34.47,2.0,headache,S011
20.08,0.22,22.020816364063847,59.01401559498185,4.588655777370265,34.47,2.0,headache,S011
-12.08,0.22,21.944512044821114,59.14300550064956,4.312375807011752,34.47,2.0,headache,S011
17.06,0.22,22.080147302845827,59.11729302512217,4.278859906640394,34.47,2.0,headache,S011
15.02,0.22,22.177422494438535,59.635164972440506,4.363834240762057,34.49,2.0,headache,S011
-23.28,0.22,22.255053123415507,58.976939338567604,4.361187895445888,34.49,2.0,headache,S011
1.51,0.22,22.01495332786605,59.18277395774638,4.114937481672627,34.49,2.0,headache,S011
10.03,0.22,22.102513679313986,58.90316839571877,4.420727910635878,34.49,2.0,headache,S011
-27.39,0.22,22.309165096506188,59.08130367187179,4.309169491113426,34.47,2.0,headache,S011
7.0,0.22,21.962786180092444,58.9368295427943,4.205342344523028,34.47,2.0,headache,S011
18.31,0.22,21.97660413071984,59.33009030416389,4.268895024016722,34.47,2.0,headache,S011
-19.6,0.22,22.175407153824747,59.117089561663185,4.186681490026741,34.47,2.0,headache,S011
10.94,0.22,22.200617002781197,59.39358399381351,4.218609535673667,34.47,2.0,headache,S011
23.14,0.22,22.074245818126943,59.30719669296907,4.253108613602934,34.47,2.0,headache,S011
-11.76,0.22,22.027201734477043,59.296393917978406,3.946776119995616,34.47,2.0,headache,S011
5.6,0.22,22.18551656469198,59.18600466393773,4.338220615072802,34.47,2.0,headache,S011
14.28,0.22,21.93776305704508,59.04327388318599,4.18198140974027,34.47,2.0,headache,S011
-28.7,0.22,22.07983048388989,58.94059575433419,4.250551974482674,34.47,2.0,headache,S011
-4.29,0.22,22.1669711873584,59.27354724046027,4.2767718562395896,34.47,2.0,headache,S011
-5.97,0.22,21.832728284204798,59.20125664494074,4.430583570762649,34.47,2.0,headache,S011
-12.78,0.22,22.122895985494438,59.08942971301307,4.2055303039107494,34.47,2.0,headache,S011
-5.89,0.22,22.20891477545603,59.43128927650297,4.361155378872917,34.47,2.0,headache,S011
26.85,0.22,22.03403744843885,59.32138579925639,4.28564244517113,34.47,2.0,headache,S011
-2.72,0.22,21.771123454611665,59.19414243980052,4.018224133088004,34.47,2.0,headache,S011
4.16,0.22,22.09493012572459,59.45471681567337,4.301635047841152,34.47,2.0,headache,S011
12.55,0.22,22.96272922756961,58.897956218066795,4.328555437517445,34.47,2.0,headache,S011
-7.76,0.22,22.46041284548991,59.08956644940754,4.155776742132717,34.47,2.0,headache,S011
6.57,0.22,22.41856804957458,58.9118142365442,4.296967072177902,34.47,2.0,headache,S011
53.54,0.22,22.379030369030524,59.112959541853506,4.2139138120663375,34.47,2.0,headache,S011
-76.13,0.22,22.229276540600328,59.04061911391989,4.109378399664137,34.47,2.0,headache,S011
-47.35,0.22,22.03051351664381,59.21412806445831,4.163682552691757,34.47,2.0,headache,S011
18.31,0.22,22.130756018047467,59.04966992543972,4.400105550163087,34.47,2.0,headache,S011
-0.58,0.22,21.96489257446207,59.03256205062303,4.095013322265384,34.43,2.0,headache,S011
25.51,0.22,22.022029617052947,59.12686806957635,4.24019949184932,34.43,2.0,headache,S011
5.22,0.22,22.03274190732867,59.18481674999401,4.023553633885288,34.43,2.0,headache,S011
-11.45,0.22,22.225927584910966,59.13820939153248,4.318330380784708,34.43,2.0,headache,S011
14.13,0.22,21.96226998457182,59.00418792863774,4.264672558928696,34.47,2.0,headache,S011
-17.89,0.22,22.23096011457054,59.391677694964955,4.162373326353486,34.47,2.0,headache,S011
2.73,0.22,21.739501758949164,59.28014488075127,4.197883904222727,34.47,2.0,headache,S011
5.63,0.22,22.11492107596506,58.98342611176048,4.323418158344289,34.47,2.0,headache,S011
-10.52,0.22,22.08298415510298,59.13363340211848,4.38790030893342,34.43,2.0,headache,S011
23.44,0.22,22.32025456887272,59.25955551750372,4.3587735437533635,34.43,2.0,headache,S011
11.23,0.22,21.102051460012238,59.145895745643124,4.839035703784297,34.43,2.0,headache,S011
-16.3,0.22,21.313196837122373,59.405886516259464,4.407999857120529,34.43,2.0,headache,S011
17.92,0.22,21.938521630959027,59.6385160804299,4.1567145989509875,34.41,2.0,headache,S011
-0.72,0.22,21.903446483229754,58.835452600061345,4.868066940266885,34.41,2.0,headache,S011
-18.94,0.22,22.002107158354807,59.35571531381577,3.71607291037356,34.41,2.0,headache,S011
16.99,0.22,21.889100413859268,59.04534896879934,4.332663992373647,34.41,2.0,headache,S011
-23.22,0.22,22.179447111029457,59.08478399743915,4.39260059762847,34.41,2.0,headache,S011
-19.73,0.22,22.165867561149394,58.90609019207776,4.615858398189885,34.41,2.0,headache,S011
22.96,0.22,22.062350267396,59.23108408244927,4.172376318902285,34.41,2.0,headache,S011
-41.28,0.22,21.954743537719075,59.11228440655877,4.48203744846789,34.41,2.0,headache,S011
7.53,0.22,22.048783359796538,59.15998909960902,4.443743164728527,34.43,2.0,headache,S011
113.59,0.22,21.921103049433604,59.16365429449669,4.42852925872551,34.43,2.0,headache,S011
-25.6,0.22,21.932094734964057,59.01938840926219,4.156237393563977,34.43,2.0,headache,S011
-16.87,0.22,22.112145956132174,58.99372524952965,4.643445555487552,34.43,2.0,headache,S011
-0.85,0.22,22.151491938582044,59.25514146347352,4.4659163652517995,34.43,2.0,headache,S011
-26.97,0.22,21.805894777712478,59.183975931529105,4.444754495313202,34.43,2.0,headache,S011
6.68,0.22,21.762407684211905,59.282864162819564,4.287961619527525,34.43,2.0,headache,S011
-2.78,0.22,22.06797130501307,59.127839311511295,4.538864183832703,34.43,2.0,headache,S011
0.74,0.22,21.87999234753169,59.45936776782839,4.304364553187789,34.41,2.0,headache,S011
17.63,0.21,21.876768896893427,59.21927495836824,4.407736318664159,34.41,2.0,headache,S011
-4.24,0.22,21.943708749204703,59.330939225679224,4.25148549342891,34.41,2.0,headache,S011
-5.77,0.22,21.896221892717552,59.088001771297286,4.099337777525807,34.41,2.0,headache,S011
7.17,0.22,22.000951238215222,59.2589722801027,4.361112610107834,34.45,2.0,headache,S011
-24.51,0.21,21.972503884471358,59.265047897019016,4.4476915090719755,34.45,2.0,headache,S011
8.37,0.24,21.856780806020417,59.36582337430139,4.5803478542943195,34.45,2.0,headache,S011
-2.16,0.22,21.854307476405435,59.05292482661218,4.512748885338807,34.45,2.0,headache,S011
-19.11,0.22,21.9981655291161,59.416160727752356,4.065324541305393,34.43,2.0,headache,S011
11.31,0.22,22.107688053699366,59.08363490201598,4.56312356512041,34.43,2.0,headache,S011
16.62,0.22,21.87926940703965,59.52454455793008,4.2592715298508494,34.43,2.0,headache,S011
-22.79,0.22,21.812185386405808,59.1756481351258,4.135484029663248,34.43,2.0,headache,S011
12.11,0.22,21.665643472976694,59.43226889572983,4.348683279152237,34.45,2.0,headache,S011
-7.29,0.21,21.883752282596987,59.34740644532327,4.349602464792112,34.45,2.0,headache,S011
-12.66,0.22,21.686853364103225,59.55817948866948,4.390922266925104,34.45,2.0,headache,S011
12.31,0.22,21.91760246304329,59.33307473807552,4.733790474121899,34.45,2.0,headache,S011
-11.53,0.21,21.91761392186839,59.38965719968905,4.153547475294452,34.43,2.0,headache,S011
-10.6,0.22,21.83570431360591,59.32933271364028,4.5428644572165435,34.43,2.0,headache,S011
17.42,0.22,21.82364107359252,59.3708061721592,4.321261507981299,34.43,2.0,headache,S011
-9.73,0.21,21.9703684632131,59.23889391520858,4.413319546710658,34.43,2.0,headache,S011
5.39,0.22,21.55890939562008,59.56237075005477,4.084143783410793,34.43,2.0,headache,S011
16.88,0.22,21.736318117035545,59.18637603695301,4.482282201364098,34.43,2.0,headache,S011
-11.37,0.22,21.737955918212528,59.54067364067555,4.465525273452665,34.43,2.0,headache,S011
11.83,0.21,21.634230370445465,59.30656260763183,4.459193901059598,34.43,2.0,headache,S011
6.22,0.21,21.85159816475763,59.38142655562768,4.331338813754233,34.43,2.0,headache,S011
-26.59,0.22,21.880055686133492,59.239199525669115,4.2452091675587855,34.43,2.0,headache,S011
8.33,0.22,21.769823505501485,59.51897639665942,4.30523072118789,34.43,2.0,headache,S011
24.3,0.21,21.89814010375064,59.36919808396486,4.586818166727088,34.43,2.0,headache,S011
-25.05,0.21,21.927271982066635,59.4439388365967,4.638306729817719,34.45,2.0,headache,S011
-4.38,0.21,21.455029523398917,59.52494126815268,4.465082703742201,34.45,2.0,headache,S011
13.93,0.22,21.549329290986602,59.49272389996255,4.4535521072879245,34.45,2.0,headache,S011
-9.11,0.21,21.817738464659044,59.510308981145606,4.470592453323912,34.45,2.0,headache,S011
23.42,0.22,21.634092831270806,59.567882420579,4.469573094756191,34.43,2.0,headache,S011
-9.41,0.22,21.566403215148043,59.32521636353763,4.483818544432264,34.43,2.0,headache,S011
-18.81,0.21,21.778170019693764,59.58726775249533,4.354497780310535,34.43,2.0,headache,S011
10.7,0.21,21.82062336579075,59.434074988738864,4.699009492461101,34.43,2.0,headache,S011
-7.66,0.22,21.35821268236278,59.24911019973059,4.329657004995791,34.45,2.0,headache,S011
-10.75,0.22,21.422517362605088,59.42559275428043,4.5834866170573365,34.45,2.0,headache,S011
28.9,0.21,21.66709867667459,59.22383842960474,4.321250417752642,34.45,2.0,headache,S011
-16.78,0.21,21.51777177047607,59.533257634670775,4.539508559635161,34.45,2.0,headache,S011
16.04,0.22,21.377912576012854,59.285887829546745,4.538878864991777,34.45,2.0,headache,S011
4.22,0.22,21.275467163982164,59.51360116216298,4.430427572821026,34.45,2.0,headache,S011
-6.19,0.21,21.554301939656817,59.454213563150965,4.2073880336458345,34.45,2.0,headache,S011
6.92,0.22,21.52609052088232,59.58100021754339,4.651022113963537,34.45,2.0,headache,S011
-26.5,0.22,21.709571010604826,59.20535512938562,4.229904075155068,34.45,2.0,headache,S011
-10.21,0.21,21.538351083825503,59.61038368249821,4.378604922309578,34.45,2.0,headache,S011
21.44,0.21,21.5506387188632,59.536755108895214,4.5500780836742925,34.45,2.0,headache,S011
-16.82,0.22,21.58135977683777,59.31557954703726,4.359750177202733,34.45,2.0,headache,S011
22.78,0.22,21.536007715434543,59.16201685754851,4.38180757865784,34.45,2.0,headache,S011
3.16,0.21,21.97835018644704,59.32077459287892,4.682196751091629,34.45,2.0,headache,S011
-1.13,0.21,21.792514697635486,59.277051873667254,4.253113846669008,34.45,2.0,headache,S011
17.81,0.22,21.44758997107544,59.433775972678255,4.598106797787327,34.45,2.0,headache,S011
-7.35,0.22,21.67438470810802,59.40050693889834,4.3958097452258835,34.45,2.0,headache,S011
-13.18,0.21,21.770153972445225,59.25852580270066,4.510751632600859,34.45,2.0,headache,S011
20.88,0.21,21.76421908399141,59.44503910244619,4.373178431773756,34.45,2.0,headache,S011
-5.81,0.22,21.545496008893302,59.15376071275739,4.563586659856896,34.45,2.0,headache,S011
-0.67,0.21,21.555022346741957,59.402630995627355,4.549523735582638,34.45,2.0,headache,S011
7.99,0.21,21.722173504679102,59.31517959446018,4.889753846363951,34.45,2.0,headache,S011
-5.5,0.21,21.700464373579806,59.44091963694924,4.299049575437614,34.45,2.0,headache,S011
4.31,0.22,21.54376487519454,59.25691102198407,4.446867545619199,34.45,2.0,headache,S011
17.92,0.21,21.47325309132616,59.42539735203909,4.458517269649283,34.45,2.0,headache,S011
-37.26,0.21,21.511130786619116,59.528450293711586,4.5493780802396815,34.45,2.0,headache,S011
0.69,0.21,21.659017513778178,59.24156250390458,4.509294152018448,34.45,2.0,headache,S011
1.74,0.22,21.768740237933706,58.96907239896941,4.75743137056593,34.45,2.0,headache,S011
-8.75,0.21,21.756112001963903,59.591881926580534,4.374531113194997,34.45,2.0,headache,S011
-0.74,0.21,21.67149247723878,59.37853483365237,4.582407541478186,34.45,2.0,headache,S011
4.65,0.22,21.729875848668144,59.31252003572833,4.626171559320345,34.45,2.0,headache,S011
-13.53,0.22,21.592920318820923,59.04987401211908,4.847474298244501,34.45,2.0,headache,S011
22.31,0.21,21.507049702085865,59.477440109023604,4.507901720670579,34.45,2.0,headache,S011
-7.46,0.21,21.563562972778808,59.39239146203166,4.726514433418652,34.45,2.0,headache,S011
-1.35,0.22,21.514119765099004,59.37705840709295,4.497411371129254,34.45,2.0,headache,S011
3.65,0.21,21.85898092625319,59.517927327162276,4.461614850569705,34.45,2.0,headache,S011
-9.67,0.23,21.600414258479926,59.46356921183411,4.696752093863244,34.45,2.0,headache,S011
-1.86,0.21,21.649320862148723,59.234342397211435,4.471176851143096,34.45,2.0,headache,S011
15.87,0.22,21.59352476337223,59.382952876154484,4.57815379976811,34.45,2.0,headache,S011
-17.62,0.21,21.810481118156787,59.758523648682676,4.560908394480246,34.45,2.0,headache,S011
11.94,0.21,21.52440619634117,59.578070641033534,4.460274336710513,34.49,2.0,headache,S011
2.46,0.22,21.6475454587969,59.489073985633595,4.6222208535549765,34.49,2.0,headache,S011
-0.63,0.22,21.45448705419937,59.585654359492054,4.482499864230877,34.49,2.0,headache,S011
12.87,0.21,21.35925271503251,59.64166500487428,4.734928679600165,34.49,2.0,headache,S011
-1.74,0.21,21.622254613671142,59.32984631678946,4.620127750352478,34.47,2.0,headache,S011
-15.28,0.21,21.700938641218382,59.24468883568194,4.873245281773386,34.47,2.0,headache,S011
16.26,0.21,21.839593558091124,59.21479743248424,4.808645780200149,34.47,2.0,headache,S011
-25.79,0.21,21.72041083821688,59.39582272831777,4.639254630890219,34.47,2.0,headache,S011
-3.15,0.21,21.41765522897519,59.66415045073356,4.54696395753696,34.47,2.0,headache,S011
13.83,0.21,21.683121966141112,59.241006420792566,4.785069220013051,34.47,2.0,headache,S011
-3.52,0.21,21.641863590582254,59.193108400188166,4.807265820116531,34.47,2.0,headache,S011
-10.33,0.21,21.324089265899392,59.56452774150343,4.692905540410652,34.47,2.0,headache,S011
22.17,0.21,21.222425525122148,59.65272501430038,4.520676889399535,34.47,2.0,headache,S011
-17.53,0.21,21.359756983683198,59.909585313716896,4.311738686895348,34.47,2.0,headache,S011
10.84,0.21,21.268764522951574,59.5688965699002,4.517315703478607,34.47,2.0,headache,S011
0.57,0.21,21.64256554750383,59.71104984488831,4.564559085362556,34.47,2.0,headache,S011
-17.52,0.22,21.44018370667625,59.23946028113268,4.30379845184863,34.47,2.0,headache,S011
-2.56,0.21,21.19538966943406,59.514617298762765,4.537228772089614,34.47,2.0,headache,S011
9.88,0.21,21.356493888411055,59.65797483625372,4.3114302264835604,34.47,2.0,headache,S011
-17.51,0.21,21.714780599542394,59.38469993085221,4.648606530188125,34.47,2.0,headache,S011
29.57,0.21,21.408807208989618,59.59673419312673,4.4793058757865785,34.49,2.0,headache,S011
-8.74,0.21,21.20499630920083,59.5514435847564,4.7229960182071995,34.49,2.0,headache,S011
-5.09,0.21,21.355345617031684,59.294077734340036,4.469976099114064,34.49,2.0,headache,S011
2.79,0.22,21.44505552396664,59.38079386215303,4.514303568168797,34.49,2.0,headache,S011
-5.98,0.21,20.98556317439106,59.425076442018764,4.317442214027842,34.5,2.0,headache,S011
-3.97,0.21,21.314073362362382,59.54139040823612,3.900862980230224,34.5,2.0,headache,S011
11.49,0.21,21.46700385800262,59.17676738488434,3.9850059747419886,34.5,2.0,headache,S011
-3.86,0.21,21.46389530774649,59.495732901066695,3.85033768934735,34.5,2.0,headache,S011
20.79,0.21,21.623373469695654,59.63638582280125,3.5935592485846723,34.47,2.0,headache,S011
-2.41,0.21,21.91073291836366,59.45336805879186,3.6924412580520145,34.47,2.0,headache,S011
-4.3,0.21,21.679478035977787,59.21563950241914,3.864982287590709,34.47,2.0,headache,S011
38.45,0.22,22.013786704520577,59.22972683248229,4.196232803782388,34.47,2.0,headache,S011
32.44,0.21,21.804092599200136,59.44325078344595,4.009688902269787,34.49,2.0,headache,S011
-38.57,0.21,21.882392897339145,59.35583955928572,3.9789148731935553,34.49,2.0,headache,S011
5.66,0.21,22.011627367374572,59.434733071136506,4.248495520104264,34.49,2.0,headache,S011
-57.68,0.21,21.804283001119973,59.46593897563015,4.058116045721879,34.49,2.0,headache,S011
-6.06,0.21,21.53120740216589,59.514245863175795,3.7628262103606938,34.45,2.0,headache,S011
-1.51,0.21,21.812291359897966,59.7242108167879,4.126860763443674,34.45,2.0,headache,S011
0.53,0.21,21.583772259585604,59.55051127465853,3.8861671976446126,34.45,2.0,headache,S011
-35.53,0.21,21.130272053502072,59.56793855661427,3.8549562915082545,34.45,2.0,headache,S011
-8.85,0.23,21.045576247185885,60.03845991608497,3.6500634760017183,34.39,2.0,headache,S011
30.21,0.21,21.43029763092382,59.59132046327082,3.802765916539507,34.39,2.0,headache,S011
-14.83,0.21,21.768555989932533,59.49087920915159,3.6999016379073786,34.39,2.0,headache,S011
-15.77,0.21,21.72034809213546,59.293389792229576,3.8504180180673915,34.39,2.0,headache,S011
76.43,0.21,21.78352225400869,59.50290050727844,3.3319900292833577,34.37,2.0,headache,S011
58.02,0.22,21.7429742891027,59.51136610690694,3.4722265321709074,34.37,2.0,headache,S011
1.9,0.21,21.44863494700186,59.50934376898073,3.7174794543431515,34.37,2.0,headache,S011
-27.98,0.21,21.520820105144164,59.637933056477884,3.8857205966669537,34.37,2.0,headache,S011
31.69,0.21,21.60318902393182,59.53019200528061,3.5687443302437036,34.37,2.0,headache,S011
-145.68,0.22,21.52205011394644,59.55766530326775,3.9945950159804755,34.37,2.0,headache,S011
-66.86,0.21,21.436176616999138,59.75289615952242,3.6714276825016716,34.37,2.0,headache,S011
83.42,0.21,21.07686371242657,59.37781320476649,3.914416818259324,34.37,2.0,headache,S011
70.48,0.21,21.28662053252447,59.661935678686895,3.8343827751876853,34.33,2.0,headache,S011
7.53,0.21,21.301501446778257,59.670644376954364,3.858388247016375,34.33,2.0,headache,S011
-24.85,0.21,21.29424174657048,59.48243372862671,3.7171405127186117,34.33,2.0,headache,S011
-15.79,0.21,21.413325826200044,59.66253095973521,4.084452962502547,34.33,2.0,headache,S011
-18.92,0.21,20.993274808100118,59.8801056297862,3.737733793351477,34.31,2.0,headache,S011
28.41,0.21,21.250095098781166,59.93702250987838,3.7668952149239407,34.31,2.0,headache,S011
-13.89,0.21,21.603619512879373,59.7705305784326,3.9027068623764936,34.31,2.0,headache,S011
9.07,0.21,20.970275568967967,59.897118251908196,3.984497135315256,34.31,2.0,headache,S011
26.7,0.22,20.85684181699692,59.80859224009292,3.787445274576252,34.31,2.0,headache,S011
-15.92,0.21,21.061795952106603,60.018282292512374,4.046187876684625,34.31,2.0,headache,S011
2.61,0.21,21.12463907736232,59.57072015214227,3.9240849190635485,34.31,2.0,headache,S011
25.57,0.21,21.153343142377015,59.54920483573219,3.9815299179521073,34.31,2.0,headache,S011
6.27,0.21,21.08810287528383,59.648618469754005,3.7943800825097074,34.31,2.0,headache,S011
-31.76,0.21,21.337906551103757,59.73425028290392,4.100075905084493,34.31,2.0,headache,S011
-37.65,0.21,21.440841040857848,59.614478759715446,3.7668758614254276,34.31,2.0,headache,S011
-18.45,0.22,20.555760296415123,59.52455161871578,4.345176065027367,34.31,2.0,headache,S011
53.75,0.21,21.860877560320475,59.389583401744076,3.416830134990269,34.31,2.0,headache,S011
-2.21,0.21,24.96218415144238,57.761979938269775,5.3213587340796185,34.31,2.0,headache,S011
14.08,0.21,25.344232326841716,57.91535297170272,6.402955699511281,34.31,2.0,headache,S011
13.85,0.21,25.025494132184477,58.14260456909513,5.820169532952079,34.31,2.0,headache,S011
-3.82,0.21,24.708196948040914,58.125799024068655,5.921490670516163,34.31,2.0,headache,S011
-74.68,0.21,24.469383703875838,58.44971931915701,5.517412764734685,34.31,2.0,headache,S011
51.89,0.22,21.534108527583992,59.067785748310115,6.414248905041989,34.31,2.0,headache,S011
14.04,0.21,21.03823809449381,59.359221620016285,5.832508420324243,34.31,2.0,headache,S011
-12.81,0.21,22.967303474096113,58.84883736727389,6.230400280971192,34.31,2.0,headache,S011
-10.57,0.21,22.822903230372027,58.8977049796933,7.696222019164749,34.31,2.0,headache,S011
-71.97,0.21,20.47561084114748,58.800580123256516,9.911840647873726,34.31,2.0,headache,S011
51.6,0.21,21.944378088972982,58.471856770752,10.369668982576957,34.31,2.0,headache,S011
107.59,0.21,21.97310185504212,58.79779169507833,9.546976524716053,34.31,2.0,headache,S011
-83.05,0.21,22.42845814057635,58.559186287121705,8.73977623119721,34.31,2.0,headache,S011
-96.35,0.21,21.489917807065915,59.536778582610054,6.651082547002679,34.31,2.0,headache,S011
23.54,0.21,20.109218384666217,59.37629126418522,7.534232602575633,34.31,2.0,headache,S011
234.11,0.22,20.717523451142604,59.16293986628908,6.871574196550084,34.37,2.0,headache,S011
-8.96,0.22,20.141675376326134,59.23849583190307,7.263459160774157,34.37,2.0,headache,S011
-56.87,0.22,20.599521333477835,59.34620423760292,7.039884503017841,34.37,2.0,headache,S011
-227.08,0.22,20.32511924211368,59.33305517484428,7.4195143812930064,34.37,2.0,headache,S011
110.55,0.22,20.400275859002328,59.370186240302594,7.37047477183967,34.47,2.0,headache,S011
167.45,0.22,20.528898106791296,59.495220741859356,7.850680724183431,34.47,2.0,headache,S011
-29.32,0.22,20.03996974783461,59.330532352078606,7.840267988071034,34.47,2.0,headache,S011
14.62,0.22,20.035247564611463,59.52675915766462,7.675234528089229,34.47,2.0,headache,S011
-89.56,0.22,19.836447437743736,59.454342144695886,7.849957760564053,34.41,2.0,headache,S011
-56.73,0.22,19.685701834446057,59.566927918175615,7.746980990457527,34.41,2.0,headache,S011
-49.56,0.22,20.052193825074475,59.563816180221906,7.548958771724953,34.41,2.0,headache,S011
-174.12,0.22,20.03904770004173,59.488787800261214,7.9583588707873485,34.41,2.0,headache,S011
171.24,0.22,19.910130048357747,59.59511907403762,7.438322268630541,34.45,2.0,headache,S011
185.23,0.22,19.87699794161206,59.662973000292915,7.816993374535879,34.45,2.0,headache,S011
9.52,0.22,20.136291486003337,59.629396607048584,7.403331739813741,34.45,2.0,headache,S011
64.29,0.22,20.13141699762452,59.55949041118416,7.871292292765086,34.45,2.0,headache,S011
27.79,0.22,20.00646265087975,59.614444037201025,7.662005029387528,34.45,2.0,headache,S011
-87.56,0.22,19.497583677968265,59.72435174006152,7.705729820854648,34.45,2.0,headache,S011
-124.8,0.22,18.785001657967086,60.117827411351016,7.531355463297175,34.45,2.0,headache,S011
-95.95,0.22,19.014833049966477,59.78181416581159,7.360511802727228,34.45,2.0,headache,S011
103.95,0.22,19.862728143011417,59.94442479677745,7.820897817548134,34.45,2.0,headache,S011
158.32,0.22,20.13532176994936,59.64446808536446,7.749480705321778,34.45,2.0,headache,S011
-204.54,0.22,20.162472517204073,59.70166797806924,7.805658902367972,34.45,2.0,headache,S011
-157.15,0.22,19.263215027207075,59.799751647259306,7.596889637818279,34.45,2.0,headache,S011
117.8,0.22,19.86666439848482,59.852855609670094,7.002779339299826,34.47,2.0,headache,S011
124.38,0.22,19.923072644702355,59.94788384372427,7.891531680069742,34.47,2.0,headache,S011
-62.74,0.22,20.14902040146388,59.8715493061925,7.439085177404216,34.47,2.0,headache,S011
11.85,0.22,19.839919881089678,59.717728615719054,7.770290601543737,34.47,2.0,headache,S011
12.67,0.22,19.869764465919694,59.8763604959308,7.813127742558424,34.45,2.0,headache,S011
15.88,0.22,19.962657204492476,59.7867768861258,7.711124829652191,34.45,2.0,headache,S011
24.37,0.22,19.636670248873923,59.60741566531841,7.687224904129007,34.45,2.0,headache,S011
-1.48,0.22,19.775482950432934,59.93975370454423,7.8067889197271825,34.45,2.0,headache,S011
-39.62,0.22,19.582064857670606,59.90161957774005,7.8274715922004034,34.47,2.0,headache,S011
5.19,0.22,19.177515053783495,59.6632877228967,7.899363028565743,34.47,2.0,headache,S011
-24.24,0.22,19.069645819882254,59.91157640555748,7.806317984821546,34.47,2.0,headache,S011
12.12,0.22,18.925203739440427,59.96535024687919,7.643324517897334,34.47,2.0,headache,S011
-3.99,0.22,19.333456734408283,59.75094329277363,8.109197949839325,34.47,2.0,headache,S011
19.38,0.22,19.738211697624852,60.05823216234147,7.555589276196797,34.47,2.0,headache,S011
-13.84,0.22,19.57301498115791,59.793744315795784,7.694823241672714,34.47,2.0,headache,S011
-23.8,0.22,19.65447589949306,59.921438457713926,7.461679561353637,34.47,2.0,headache,S011
-3.24,0.22,19.126358410584842,59.99991046797189,7.3901137882600665,34.49,2.0,headache,S011
18.02,0.22,19.244939167997426,60.02221722822141,7.416316562660004,34.49,2.0,headache,S011
-33.55,0.22,19.173673671322888,59.91735386092687,7.738374468518767,34.49,2.0,headache,S011
-0.19,0.22,19.09869130724733,59.78707985404042,7.552896805880095,34.49,2.0,headache,S011
-11.21,0.22,18.881395468555475,60.046411872930086,7.422637644747725,34.49,2.0,headache,S011
-5.69,0.22,18.980386952959115,59.96830305701164,7.47594308110066,34.49,2.0,headache,S011
17.47,0.22,19.330090670751225,60.028018255284046,7.627124777848785,34.49,2.0,headache,S011
28.77,0.22,19.10865551529413,59.97042661728627,7.749922884281384,34.49,2.0,headache,S011
-14.12,0.22,18.917905205443006,60.037979276095975,7.58536437008073,34.49,2.0,headache,S011
23.33,0.21,19.028140984828582,59.92524274452144,7.8635527467175725,34.49,2.0,headache,S011
-11.49,0.22,18.944226106097865,59.928839048921844,7.968430697338106,34.49,2.0,headache,S011
6.89,0.22,19.144212882385457,59.929395332597345,7.815976055144367,34.49,2.0,headache,S011
0.94,0.22,19.13524805013481,59.92367792738654,7.501661814985454,34.53,2.0,headache,S011
-17.03,0.21,19.05910143526704,60.0336650926727,7.635069070155543,34.53,2.0,headache,S011
6.2,0.22,18.99872856029424,59.97734748904351,7.677747246689516,34.53,2.0,headache,S011
18.26,0.22,18.903250420040926,60.01746461425045,7.551705943466152,34.53,2.0,headache,S011
-11.6,0.22,18.957638286216156,59.9855581102896,7.535783475066965,34.55,2.0,headache,S011
5.79,0.21,19.02698109577638,60.01247097401724,7.98902977609405,34.55,2.0,headache,S011
-5.5,0.22,18.98644587389293,59.988907478995635,7.440429290305055,34.55,2.0,headache,S011
8.09,0.22,18.847149072307516,60.010081709204506,7.558879972316903,34.55,2.0,headache,S011
23.83,0.21,18.842523329909557,59.99068432572935,7.703478000985557,34.55,2.0,headache,S011
-5.08,0.22,19.11926681324284,60.00872193528402,7.547970103961931,34.55,2.0,headache,S011
-11.1,0.22,19.172791168706937,59.99174465398111,7.852381953633139,34.55,2.0,headache,S011
10.29,0.22,18.888625014779244,60.00788672452659,7.70268743090469,34.55,2.0,headache,S011
-8.71,0.22,18.89156611928631,59.99240317252325,7.656238217274468,34.53,2.0,headache,S011
-14.63,0.22,18.844163907836236,60.007373000032615,7.495316863683987,34.53,2.0,headache,S011
9.25,0.22,18.572506512349182,59.99279271989408,7.475330762071684,34.53,2.0,headache,S011
16.62,0.22,19.10958162713948,60.00709537205168,7.766845030341086,34.53,2.0,headache,S011
-15.1,0.22,18.732513300819747,59.99296378150446,7.744729847647782,34.57,2.0,headache,S011
18.21,0.22,18.775862598379874,60.00703208505453,7.66666344208524,34.57,2.0,headache,S011
6.45,0.22,18.869334154810304,59.99291077197935,7.5523043735390445,34.57,2.0,headache,S011
-12.98,0.22,19.053913023027064,60.0072194158563,7.671330717357198,34.57,2.0,headache,S011
0.85,0.22,18.95577874471511,59.992557071899824,7.7427775259845255,34.57,2.0,headache,S011
8.36,0.22,18.815274600115533,60.00779434236785,7.637431643711935,34.57,2.0,headache,S011
-20.57,0.22,18.86105416893718,59.991666475972,7.474345433346669,34.57,2.0,headache,S011
-4.49,0.22,18.96868258799481,60.00916222209031,7.693673590728666,34.57,2.0,headache,S011
10.75,0.22,18.8781208737956,59.989624001599346,7.4447794294947505,34.57,2.0,headache,S011
-22.74,0.22,19.07401053760143,60.0096845088019,7.807581947908551,34.57,2.0,headache,S011
-0.82,0.22,18.659557558547323,59.7680965084217,7.558957542501271,34.57,2.0,headache,S011
14.5,0.22,18.484133678004824,59.97218914276447,7.453243220173253,34.57,2.0,headache,S011
-1.86,0.22,18.721408256493973,60.00775254876869,7.5179044106830375,34.57,2.0,headache,S011
-49.24,0.22,18.846467743920865,59.99715351727902,7.571997252088728,34.57,2.0,headache,S011
-23.98,0.22,18.742693660820677,60.000634795806576,7.600928958008292,34.57,2.0,headache,S011
159.92,0.22,18.713112386338274,60.00066723409153,7.439520796713977,34.57,2.0,headache,S011
-18.39,0.22,18.609407544790308,59.998421940329635,7.698762029142947,34.57,2.0,headache,S011
-76.61,0.21,18.75539207600351,60.002309592032745,7.463615523426144,34.57,2.0,headache,S011
-15.98,0.21,18.778506696932983,59.997025163021306,7.664602053870178,34.57,2.0,headache,S011
5.22,0.22,18.802152151023726,60.0036553588423,7.838385837098626,34.57,2.0,headache,S011
-10.72,0.22,18.730870776653173,59.99556329326479,7.663543230767369,34.59,2.0,headache,S011
17.95,0.21,18.822688847211246,60.00544950648195,7.696097293862014,34.59,2.0,headache,S011
14.54,0.22,18.698232481687942,59.99303055734113,7.467871296648751,34.59,2.0,headache,S011
-20.97,0.22,18.531799572220958,60.00981584644167,7.368685163561372,34.59,2.0,headache,S011
25.59,0.21,18.519935192412287,59.98157921861216,7.421577157377359,34.59,2.0,headache,S011
1.76,0.21,18.435365111139912,59.88090741950308,7.850562045112662,34.59,2.0,headache,S011
-1.94,0.22,18.51562015753074,60.00857336391696,7.681473009508835,34.59,2.0,headache,S011
9.85,0.22,18.447705098658215,59.998053409437354,7.973378786689781,34.59,2.0,headache,S011
8.7,0.21,18.797764009184267,59.99873433124731,7.814513290712786,34.61,2.0,headache,S011
-23.45,0.21,18.67330170211761,60.004172991130424,7.649201177220692,34.61,2.0,headache,S011
17.14,0.22,18.759442171822176,59.991613761801126,7.590103380239274,34.61,2.0,headache,S011
-14.6,0.22,18.745447402628507,60.0184321665556,7.737347197466847,34.61,2.0,headache,S011
-0.27,0.22,18.757511683757834,59.89384620504007,7.822919751433141,34.61,2.0,headache,S011
-3.37,0.22,18.67684865657761,59.9538571400016,7.404582764613164,34.61,2.0,headache,S011
39.96,0.22,18.373558958934947,59.90644193237824,7.593978220491892,34.61,2.0,headache,S011
-5.44,0.22,18.721524017681805,59.866669090017965,7.703798417790449,34.61,2.0,headache,S011
36.11,0.21,18.762794771713697,59.98975716948523,7.596063118887141,34.65,2.0,headache,S011
-45.83,0.22,18.163409759164875,60.00100260941047,7.646676833355629,34.65,2.0,headache,S011
-95.04,0.22,18.146739949735395,60.0052017056974,7.134672312433269,34.65,2.0,headache,S011
-18.72,0.21,18.35502360688193,59.89226599125997,7.717641082193322,34.65,2.0,headache,S011
6.19,0.22,18.528016406312435,59.8609900952576,8.095553289353719,34.65,2.0,headache,S011
23.48,0.22,18.505719200057023,59.994198932666784,7.997349709304955,34.65,2.0,headache,S011
-4.7,0.21,18.47845471180903,59.99215678403696,7.937240485282209,34.65,2.0,headache,S011
125.22,0.21,18.55500131112016,60.01799009376562,8.073093491032544,34.65,2.0,headache,S011
28.97,0.22,18.64744996553934,59.94638214886631,8.1238649706839,34.65,2.0,headache,S011
-149.57,0.22,18.5834653793111,59.897363734463376,8.139116527778201,34.65,2.0,headache,S011
5.87,0.21,18.225627209818956,60.02994327786465,7.782219892823151,34.65,2.0,headache,S011
91.41,0.22,18.634257376240257,59.981326364765266,8.182139344100088,34.65,2.0,headache,S011
12.1,0.21,18.38396154416689,60.014114813895,7.980948366832006,34.66,2.0,headache,S011
-23.84,0.21,18.689259124873285,59.98833191676873,8.058140808282486,34.66,2.0,headache,S011
16.62,0.21,18.256183382639584,60.01015968094445,8.054539246675583,34.66,2.0,headache,S011
2.37,0.22,18.617043348309906,59.99084753404446,8.029315142414385,34.66,2.0,headache,S011
-34.37,0.22,18.42294581440178,60.008446525501206,7.943550872150746,34.66,2.0,headache,S011
9.06,0.21,18.02659358364182,59.992062317316766,8.139460959931212,34.66,2.0,headache,S011
27.28,0.21,18.47774278102804,60.00756656546895,8.068243428540184,34.66,2.0,headache,S011
-25.47,0.21,18.73608460732181,59.992702861753415,8.168138349265286,34.66,2.0,headache,S011
-12.37,0.21,18.639079254978647,60.007106576988875,8.031252980630256,34.68,2.0,headache,S011
18.3,0.21,18.34787733720449,59.99301991598439,8.06003248202849,34.68,2.0,headache,S011
-37.43,0.21,18.277695154186567,60.00690807159317,8.118807694262092,34.68,2.0,headache,S011
-5.88,0.22,18.470613908085205,59.993115420588296,8.230083027772531,34.68,2.0,headache,S011
-22.69,0.21,18.298963921320325,60.006906389736585,7.954409978890596,34.68,2.0,headache,S011
26.63,0.22,18.25127756032156,59.99302742116224,8.198901735562124,34.68,2.0,headache,S011
-12.59,0.22,18.447078906493367,60.007084383994595,8.094463531783633,34.68,2.0,headache,S011
-1.23,0.21,18.133201368310726,59.992754648895044,7.971091828346049,34.68,2.0,headache,S011
14.93,0.21,18.31266769136361,60.00746179848605,8.312928449738514,34.71,2.0,headache,S011
-4.35,0.21,18.663346234206745,59.99225628238796,8.188340369586,34.71,2.0,headache,S011
-3.13,0.22,18.355789428653683,60.00810637031889,7.980893950188028,34.71,2.0,headache,S011
19.18,0.21,18.427808328912892,59.99142688899799,8.325400906203202,34.71,2.0,headache,S011
-17.08,0.22,18.484248981782912,60.00918054311224,7.950885303757062,34.71,2.0,headache,S011
18.14,0.22,18.259835313673296,59.99001150360182,8.354423518218736,34.71,2.0,headache,S011
-10.47,0.21,18.226576305482986,60.01110093520706,8.019966906314947,34.71,2.0,headache,S011
-14.24,0.21,18.64509605386124,59.98728523001191,8.241505310219766,34.71,2.0,headache,S011
14.14,0.22,18.497894364271854,60.01525230446955,8.014628478384571,34.73,2.0,headache,S011
-3.66,0.22,18.37412004953482,59.98018885446485,8.01906697058536,34.73,2.0,headache,S011
5.31,0.21,18.445511690787054,60.03040951110146,8.012549840862533,34.73,2.0,headache,S011
26.93,0.21,18.6188488200771,59.91701665101709,8.532014973669236,34.73,2.0,headache,S011
-9.1,0.22,18.265110975907604,59.92390260761172,8.023497129221798,34.73,2.0,headache,S011
5.06,0.21,18.32579336174385,60.02249388585789,8.13586746170358,34.73,2.0,headache,S011
7.14,0.21,18.228342529358727,59.98821489918452,8.282130191974986,34.73,2.0,headache,S011
-10.4,0.21,18.203105422278046,60.00715967701421,8.232391380119234,34.73,2.0,headache,S011
-5.8,0.22,18.10523020697411,59.995446752313825,7.981359366033273,34.73,2.0,headache,S011
4.48,0.21,18.32361892402986,60.00285892401045,8.11010839384169,34.73,2.0,headache,S011
-14.1,0.21,18.278256091189835,59.998349026562416,8.162926595472593,34.73,2.0,headache,S011
-7.04,0.22,18.19622186065447,60.00073041580698,8.006020714366791,34.73,2.0,headache,S011
14.45,0.21,18.246659358532256,60.00000850252178,7.974647114854414,34.73,2.0,headache,S011
-16.41,0.21,18.30870764494045,59.99937251408449,8.26727361960335,34.73,2.0,headache,S011
-9.99,0.22,18.213817456633667,60.0011652739389,7.983691579586531,34.73,2.0,headache,S011
25.99,0.22,18.237772715856735,59.998352256629886,8.283249827066603,34.73,2.0,headache,S011
6.82,0.21,18.582711090951296,60.00209318583791,8.323518686877005,34.75,2.0,headache,S011
-7.99,0.22,18.345255683763423,59.9974847290777,8.112301360624103,34.75,2.0,headache,S011
5.2,0.22,18.365403215114664,60.00292482204664,8.10630564332513,34.75,2.0,headache,S011
-0.4,0.21,18.2488762824941,59.99666904604017,8.19555197575361,34.75,2.0,headache,S011
-27.75,0.21,18.41996438614526,60.00374185914272,7.98848163216159,34.77,2.0,headache,S011
4.9,0.22,18.01651791720453,59.99583459440807,8.014100036486433,34.77,2.0,headache,S011
6.09,0.22,18.3495524212361,60.00460964733367,8.113694208569955,34.77,2.0,headache,S011
-17.68,0.21,18.42435265214585,59.99491667933527,8.371138863442164,34.77,2.0,headache,S011
15.08,0.21,18.167797062169512,60.00559639012545,8.27138590193678,34.77,2.0,headache,S011
2.78,0.22,18.2575587153455,59.99383928613543,8.110179189827768,34.77,2.0,headache,S011
-8.4,0.22,18.311203920558444,60.00679091899213,8.228530625870448,34.77,2.0,headache,S011
12.27,0.21,18.342582182694265,59.99249438031956,8.20460473874978,34.77,2.0,headache,S011
-10.32,0.21,18.42966523145952,60.008329187844936,7.909494752112175,34.77,2.0,headache,S011
-9.57,0.22,18.114138512706646,59.99070557353423,8.292445083084425,34.77,2.0,headache,S011
9.12,0.21,18.201024952216116,60.010446757475904,8.114606320329806,34.77,2.0,headache,S011
-16.95,0.21,18.077766561764474,59.988148953945405,8.067203480296138,34.77,2.0,headache,S011
21.66,0.22,18.01136692213937,60.01360323055776,8.058728253090246,34.77,2.0,headache,S011
2.66,0.21,17.841354435434063,59.984148774904504,8.159688801112381,34.77,2.0,headache,S011
-1.93,0.21,18.23262773244544,60.01883502945752,7.9263655717537524,34.77,2.0,headache,S011
28.04,0.21,17.904487080283836,59.977029601947734,8.05257359128768,34.77,2.0,headache,S011
8.96,0.21,18.690144025664186,60.029043884099664,8.269980586323697,34.77,2.0,headache,S011
-19.22,0.21,17.821990138947875,59.96125547094966,8.141559070385002,34.77,2.0,headache,S011
11.33,0.21,18.661159167982277,60.056505730659616,8.076173559747206,34.77,2.0,headache,S011
-7.76,0.22,17.490171000446256,59.900723253047424,8.413014594463334,34.77,2.0,headache,S011
-13.74,0.22,19.52514405305595,60.36981598669612,7.8082647822359625,34.79,2.0,headache,S011
11.21,0.21,15.280691660487513,60.82501929761973,7.969366306846616,34.79,2.0,headache,S011
5.86,0.21,10.756616196129855,61.72620784570741,7.766147367509334,34.79,2.0,headache,S011
-21.49,0.21,11.807821879990549,61.9112996173814,6.369722656651872,34.79,2.0,headache,S011
11.43,0.21,10.63310579542012,61.6094085620378,7.025413776460466,34.79,2.0,headache,S011
-55.89,0.21,11.76578372162166,61.84806640236753,6.981819659301279,34.79,2.0,headache,S011
-37.36,0.21,11.020250573550328,61.43040628232299,6.958074565829255,34.79,2.0,headache,S011
65.01,0.21,11.622809340347816,61.602293291408614,7.039440308409811,34.79,2.0,headache,S011
50.7,0.21,11.265325178242104,61.84174624004957,7.01953629345913,34.79,2.0,headache,S011
6.14,0.21,12.020919824499806,61.50193625763923,6.935728570777675,34.79,2.0,headache,S011
5.79,0.21,11.65369047093973,61.58152087014137,7.2610176187361954,34.79,2.0,headache,S011
3.08,0.21,11.992871095040401,61.14120370676195,7.423612097053963,34.79,2.0,headache,S011
11.83,0.21,11.6452260683151,61.75544028321401,7.18986448565608,34.79,2.0,headache,S011
-10.63,0.21,12.639062934204349,61.25648386654468,7.806722111189705,34.79,2.0,headache,S011
-3.46,0.21,12.812560034630007,60.972944053604216,7.896724717337576,34.79,2.0,headache,S011
-33.59,0.21,13.03127610324216,61.005777308800255,7.903784595632352,34.79,2.0,headache,S011
57.06,0.21,12.788131984888583,61.00444000328128,7.950105196707761,34.79,2.0,headache,S011
-26.56,0.21,12.916245768878222,61.15453623739878,8.170553616754658,34.79,2.0,headache,S011
-63.02,0.21,12.732680963966416,61.10497081500811,8.483321484671624,34.79,2.0,headache,S011
5.06,0.21,12.248818701984895,60.97592758983453,8.650826654820703,34.79,2.0,headache,S011
-29.41,0.21,13.910517071289128,61.09627211906717,8.96981076843042,34.77,2.0,headache,S011
-96.53,0.21,15.936952985922767,60.610396706387206,9.73787688447439,34.77,2.0,headache,S011
-123.89,0.21,15.381855921343126,60.46632060611972,9.97120875541625,34.77,2.0,headache,S011
269.07,0.21,16.015611854152887,60.441694660847226,9.759370141609404,34.77,2.0,headache,S011
267.49,0.21,16.076030041729645,60.252561627412206,9.862479908758509,34.75,2.0,headache,S011
-157.43,0.21,15.590810136437415,60.22852906003809,9.766321375064129,34.75,2.0,headache,S011
-1.35,0.21,14.797025628854527,60.60818638189882,9.251598229969307,34.75,2.0,headache,S011
-44.3,0.21,15.204035495730304,60.50652609168783,9.152284422012935,34.75,2.0,headache,S011
-56.24,0.21,14.850756581046173,60.767911436181414,7.855129165101869,34.75,2.0,headache,S011
-193.61,0.21,17.01606709423403,60.53218904211435,6.818001689989825,34.75,2.0,headache,S011
37.59,0.21,15.451410688583987,60.54425583221617,7.670026848561219,34.75,2.0,headache,S011
123.77,0.21,18.313966376589736,60.154597545094624,8.077381690079145,34.75,2.0,headache,S011
52.89,0.21,16.0568710953022,60.96194682021676,8.316507402520804,34.77,2.0,headache,S011
6.07,0.21,15.217784088679977,60.79228568918275,9.161417511003457,34.77,2.0,headache,S011
-6.83,0.21,16.116033996709692,61.355966497180916,6.360174325295737,34.77,2.0,headache,S011
-10.31,0.21,16.420997093273005,60.572397102425775,7.412323896074344,34.77,2.0,headache,S011
34.6,0.21,15.40715606660237,60.86809617057779,8.309569483723177,34.75,2.0,headache,S011
-29.72,0.21,16.140907923503914,60.79872147569262,7.75130845697413,34.75,2.0,headache,S011
18.36,0.21,13.730630279438671,60.59917182554122,8.839399733636778,34.75,2.0,headache,S011
-37.95,0.21,11.029705453446569,60.794260057093126,11.660143385514864,34.75,2.0,headache,S011
-68.33,0.21,11.855441641716602,60.9428116315192,11.644161663232811,34.77,2.0,headache,S011
-28.3,0.21,11.129548963295887,60.98291016629988,11.510089305063412,34.77,2.0,headache,S011
34.38,0.21,10.983728482709983,61.01461551585301,11.779478201275367,34.77,2.0,headache,S011
132.17,0.21,11.199770812388314,60.98697080481603,11.36636470655339,34.77,2.0,headache,S011
241.84,0.21,11.168978194717342,61.0117715659577,11.31856963310098,34.75,2.0,headache,S011
-122.66,0.21,11.328437224471934,60.990986947611596,11.40476764482545,34.75,2.0,headache,S011
-191.65,0.21,11.220829360852163,60.99389600892497,11.617188252627926,34.75,2.0,headache,S011
-40.51,0.21,11.825625055091166,60.745221755000514,11.83419202428696,34.75,2.0,headache,S011
-21.24,0.21,13.379695424454654,61.01551813919787,11.815557073848842,34.77,2.0,headache,S011
46.82,0.21,12.253508776441379,60.81977305017605,11.972875375183325,34.77,2.0,headache,S011
-16.43,0.21,12.776370757896933,60.90204920151859,11.503577723129034,34.77,2.0,headache,S011
19.71,0.21,12.178967738400278,60.66054904920979,11.264600201061567,34.77,2.0,headache,S011
-39.9,0.22,10.381562267973663,60.850620134228684,11.632867417943682,34.73,2.0,headache,S011
-94.3,0.21,12.37798309736934,60.95234483248416,10.796198498459896,34.73,2.0,headache,S011
-41.39,0.21,13.305860458031887,60.89882725512398,10.971525677956029,34.73,2.0,headache,S011
50.93,0.21,10.707803190166281,61.068044476193414,11.233182621858626,34.73,2.0,headache,S011
189.06,0.21,10.70670320339258,60.952099146039984,11.042746972092797,34.68,2.0,headache,S011
293.76,0.21,11.166160765817985,60.9382205411298,11.348561078768032,34.68,2.0,headache,S011
-146.36,0.21,12.008147392718836,61.070797263891386,11.534545104740157,34.68,2.0,headache,S011
-114.82,0.21,11.56282205798681,61.02289996337088,11.856571576292005,34.68,2.0,headache,S011
11.51,0.21,11.598998351481276,60.97615389645227,11.821810917890911,34.68,2.0,headache,S011
-92.9,0.21,11.690099873777562,61.022518705328466,12.093868170589097,34.68,2.0,headache,S011
173.99,0.21,11.721106161257648,60.97896036316656,11.787219572588436,34.68,2.0,headache,S011
72.27,0.21,11.678481495934905,61.019701225584974,11.885577657485051,34.68,2.0,headache,S011
-225.01,0.21,11.522004931277337,60.981459752246785,11.730625466938054,34.66,2.0,headache,S011
-80.09,0.21,11.509769351581609,61.01754297854558,11.907071157407985,34.66,2.0,headache,S011
-69.2,0.21,11.582974944851546,60.98331291628668,12.006548005524603,34.66,2.0,headache,S011
35.54,0.21,11.40579455167374,61.01595167652078,11.872473402460093,34.66,2.0,headache,S011
-27.78,0.21,11.453915622997764,60.984680392382515,11.899460464420077,34.66,2.0,headache,S011
14.53,0.21,11.39402528492662,61.014777765395706,11.821883185934803,34.66,2.0,headache,S011
27.54,0.21,11.792752601713344,60.98568293563848,12.100594548091827,34.66,2.0,headache,S011
-0.16,0.21,11.402035617790329,61.01393281092931,12.059507476162873,34.66,2.0,headache,S011
-2.78,0.21,11.417576694912476,60.98637384352316,12.09594197220749,34.66,2.0,headache,S011
19.77,0.21,11.378756838150121,61.0134083611339,12.045391273188592,34.66,2.0,headache,S011
-15.81,0.21,11.40186306276716,60.9866860898034,11.97650190136501,34.66,2.0,headache,S011
25.56,0.21,11.495374400876388,61.0134518764704,12.017458070756758,34.66,2.0,headache,S011
2.48,0.21,11.394463304987426,60.98564444309146,11.985068050219727,34.66,2.0,headache,S011
-14.75,0.21,11.343437245124264,60.887545684818285,12.013989444401936,34.66,2.0,headache,S011
11.12,0.21,11.39307060710641,60.988639520377674,11.984592269027493,34.66,2.0,headache,S011
38.99,0.21,11.1784901487379,60.885166511710686,12.246015536103378,34.66,2.0,headache,S011
-41.3,0.21,11.300675483992643,60.991727285154894,12.047470576434488,34.66,2.0,headache,S011
17.83,0.21,11.448616344367005,61.00923753589394,12.13862541653947,34.66,2.0,headache,S011
-3.64,0.21,11.41008107741438,60.99050137551078,12.082166341153107,34.66,2.0,headache,S011
8.43,0.21,11.466417349344354,61.00956211755685,11.988002263462414,34.66,2.0,headache,S011
4.08,0.23,11.254452042688659,60.9904727708976,12.171161044562657,34.68,2.0,headache,S011
23.41,0.21,11.35214444468786,61.0094129383904,12.105619427759416,34.68,2.0,headache,S011
0.81,0.21,11.265418074091649,60.99080104851522,12.141128747218952,34.68,2.0,headache,S011
31.4,0.21,11.398952018194349,61.00881608582308,12.305217184604901,34.68,2.0,headache,S011
-60.65,0.21,11.021553050869619,60.99191677640127,12.022715803963376,34.68,2.0,headache,S011
2.59,0.21,11.315347194842753,61.00644669759541,12.055891354760643,34.68,2.0,headache,S011
-8.02,0.21,11.313416189004107,60.99871225865202,12.200381477278588,34.68,2.0,headache,S011
-21.74,0.21,11.518134337500005,60.89110862511442,12.147207054292297,34.68,2.0,headache,S011
11.68,0.21,11.229970680495125,60.97075255500263,12.127830085092981,34.68,2.0,headache,S011
28.08,0.21,11.422349525758975,61.022597573525964,12.436490007236827,34.68,2.0,headache,S011
-9.54,0.21,11.43184792034498,60.978177783318614,12.168202071165268,34.68,2.0,headache,S011
42.01,0.23,11.363244630637395,61.023216785873004,12.259779042794484,34.68,2.0,headache,S011
2.67,0.21,11.394635020076576,60.9728490152302,12.140138103873442,34.68,2.0,headache,S011
-20.95,0.21,11.386125830877731,61.03754203698721,11.972159470136948,34.68,2.0,headache,S011
0.28,0.21,11.26741297167453,60.90695077033157,12.409681324425334,34.68,2.0,headache,S011
16.19,0.21,11.231463591175077,60.93379851785111,12.317105495669969,34.68,2.0,headache,S011
-29.79,0.21,11.261402778549979,61.01597168797795,12.019734638798953,34.71,2.0,headache,S011
40.73,0.21,11.175844660317987,60.994351878110756,12.022249963803342,34.71,2.0,headache,S011
16.68,0.21,11.28448480399792,61.001172625110414,12.113630265985924,34.71,2.0,headache,S011
-14.81,0.21,11.04863673734477,61.001365250801584,11.99729808694091,34.71,2.0,headache,S011
-11.0,0.21,11.179563761105735,60.996957667505356,11.983471798928615,34.73,2.0,headache,S011
27.73,0.21,11.320024035343996,61.00427699181513,12.095122338606702,34.73,2.0,headache,S011
-28.57,0.21,11.157445345820143,60.99473125701561,12.055097280738254,34.73,2.0,headache,S011
23.9,0.21,11.149317970066267,61.00612866992868,12.000136876750371,34.73,2.0,headache,S011
-9.0,0.21,11.172708099689896,60.993071570234406,12.147615200136997,34.73,2.0,headache,S011
-19.64,0.21,11.132668518058,61.00772260924694,11.932101866860647,34.73,2.0,headache,S011
14.52,0.21,10.974250716947738,60.99143836180065,12.111462667751141,34.73,2.0,headache,S011
-42.13,0.21,11.31000730213266,61.00950243179626,12.053868561632408,34.73,2.0,headache,S011
-35.56,0.21,10.71115321988629,60.9893781870842,11.987508306086903,34.75,2.0,headache,S011
26.79,0.21,10.851591643297569,61.01204018355747,12.134303228129475,34.75,2.0,headache,S011
3.7,0.21,11.306232398337178,60.98602636251501,12.260583660945612,34.75,2.0,headache,S011
4.58,0.21,11.501342190699793,61.01687280315608,12.476298866525152,34.75,2.0,headache,S011
36.78,0.21,11.316757767334074,60.97810702856754,12.345000115674818,34.77,2.0,headache,S011
5.44,0.21,11.366017712575443,61.03325907098183,12.69048904160985,34.77,2.0,headache,S011
-26.95,0.21,11.141358734058006,60.90975251696017,12.907856246519405,34.77,2.0,headache,S011
19.63,0.21,11.208524000310183,60.932313890446785,12.490196691992443,34.77,2.0,headache,S011
-36.66,0.21,11.096749583765886,61.01574492482208,12.26356202545159,34.77,2.0,headache,S011
3.99,0.21,11.358960440212272,61.000188102161594,12.3447503540144,34.77,2.0,headache,S011
-1.39,0.21,11.323453114224655,60.8835330434191,12.53349573180957,34.77,2.0,headache,S011
-0.35,0.21,11.134088844737246,60.98272813062077,12.284931309069806,34.77,2.0,headache,S011
17.31,0.21,11.240094874621223,61.00677206655526,12.249816991414496,34.81,2.0,headache,S011
16.9,0.21,11.16085543997125,60.86874492059823,12.47495650754479,34.81,2.0,headache,S011
-33.85,0.21,11.31985374141642,61.007331565087185,12.828612093370474,34.81,2.0,headache,S011
35.99,0.21,11.493790482559241,60.99541039458939,12.802162502446766,34.81,2.0,headache,S011
-15.3,0.21,10.999232897900686,61.00314650324515,12.240461848949229,34.81,2.0,headache,S011
-22.0,0.21,11.321538186362066,60.99783696755072,12.2575905799836,34.81,2.0,headache,S011
27.87,0.21,11.044708314781822,61.0014233259029,12.142193161588459,34.81,2.0,headache,S011
9.78,0.21,11.096209515060659,60.999163870197386,12.319928453564435,34.81,2.0,headache,S011
7.86,0.21,10.908723070856082,61.00035318049485,11.924004430540878,34.81,2.0,headache,S011
12.84,0.21,11.08915589611518,61.00005447600366,12.161293571651614,34.81,2.0,headache,S011
-15.01,0.21,11.040789225680845,60.99959433056686,12.038934458243268,34.81,2.0,headache,S011
-19.17,0.21,10.948007408272792,61.0007133581104,12.12396917326776,34.81,2.0,headache,S011
1.92,0.21,11.034751902076664,60.999013154182954,11.921154902551782,34.81,2.0,headache,S011
-6.05,0.21,11.1915705672743,61.001233039521395,12.151766996317148,34.81,2.0,headache,S011
-4.59,0.21,10.980973717210114,60.9985427903001,12.042229383346166,34.81,2.0,headache,S011
18.95,0.21,10.981016024963132,61.00166347326254,12.128258012229672,34.81,2.0,headache,S011
-16.35,0.21,10.817991565015765,60.99814488729742,11.95063642203325,34.84,2.0,headache,S011
0.06,0.21,11.03903010964752,61.00203479398843,12.262861780821686,34.84,2.0,headache,S011
13.13,0.21,10.88220469998248,60.997795280602006,12.133589533099878,34.84,2.0,headache,S011
-21.25,0.21,11.092632432401148,61.00236673713719,12.164121331160601,34.84,2.0,headache,S011
18.46,0.21,11.130587677871528,60.9974775786413,12.042229208613925,34.84,2.0,headache,S011
-15.78,0.21,11.113450855819154,61.00267313126534,12.076408697081366,34.84,2.0,headache,S011
-24.35,0.21,10.86800249331366,60.99717994510567,11.913845232072823,34.84,2.0,headache,S011
20.28,0.21,11.143568636482152,61.0029642411228,12.362039382839109,34.84,2.0,headache,S011
-3.04,0.21,10.881424256926783,60.99689337804105,12.048695375119646,34.84,2.0,headache,S011
23.36,0.21,11.097929400124583,61.00324802596569,12.17530777615895,34.84,2.0,headache,S011
25.92,0.21,10.912729666970035,60.99661081752909,12.335549564527346,34.84,2.0,headache,S011
-25.79,0.21,11.10118507665835,61.00353071477604,12.515698760034402,34.84,2.0,headache,S011
1.21,0.21,10.892614291396798,60.99632688145702,12.148612316971814,34.89,2.0,headache,S011
4.02,0.21,11.112482455667307,61.003816718297514,12.25080368093598,34.89,2.0,headache,S011
-36.87,0.21,10.882785645550186,60.99603841050934,11.90385285199605,34.89,2.0,headache,S011
15.74,0.21,11.121092931738978,61.00410742368181,12.171883182337885,34.89,2.0,headache,S011
2.97,0.21,10.879523916778401,60.99574670408796,12.109680911386649,34.89,2.0,headache,S011
-16.78,0.21,11.037250605340118,61.00439725707855,12.336033193365187,34.89,2.0,headache,S011
21.19,0.21,10.840299670248594,60.99546440054684,12.225623370232892,34.89,2.0,headache,S011
-3.22,0.21,11.14195225733908,61.00466148061749,11.943622142817187,34.89,2.0,headache,S011
-4.73,0.21,10.822949526781978,60.99523778935573,12.385511989204732,34.89,2.0,headache,S011
28.36,0.21,11.086906643979814,61.00481354096486,12.266805850999901,34.89,2.0,headache,S011
-48.36,0.21,10.745301385455523,60.995233434225575,11.977038798761761,34.89,2.0,headache,S011
13.88,0.21,11.238895383483712,61.004514013602325,12.385943344216086,34.89,2.0,headache,S011
18.35,0.21,10.758019381994522,60.99621185188326,12.487212871758901,34.91,2.0,headache,S011
-13.05,0.21,11.299997305056177,61.00176306828725,12.03064127905084,34.91,2.0,headache,S011
9.96,0.21,10.696695493962979,61.00540276196424,12.10143190679613,34.91,2.0,headache,S011
29.97,0.21,11.582459822351085,60.90355435028215,12.45458201114082,34.91,2.0,headache,S011
-21.15,0.21,10.209732116918312,60.94110448701317,12.236816945783387,34.93,2.0,headache,S011
41.94,0.21,12.529373948963244,61.0766353726763,12.34410070826172,34.93,2.0,headache,S011
-8.26,0.21,8.811294811643497,61.366230318249215,12.303513344394602,34.93,2.0,headache,S011
-17.95,0.21,2.9017616083555744,61.89085273000074,10.417637622075652,34.93,2.0,headache,S011
-25.64,0.22,4.755887844191232,62.0335476130615,10.495037985179751,34.95,2.0,headache,S011
57.8,0.22,5.798282511668228,61.49325224893558,12.698332780772308,34.95,2.0,headache,S011
-41.02,0.21,7.823168018581029,61.047737330279084,13.682198798870179,34.95,2.0,headache,S011
27.22,0.21,7.560910984204908,60.97841103526571,13.34991123034089,34.95,2.0,headache,S011
-90.18,0.21,7.599968765320204,61.108712954543726,13.382989341109312,34.97,2.0,headache,S011
-89.23,0.21,6.279912676301553,61.34143669288727,12.951466474990749,34.97,2.0,headache,S011
-100.29,0.21,7.148932239770256,61.17068488960299,13.19313093451709,34.97,2.0,headache,S011
211.44,0.21,6.934416884929529,61.127334324922856,13.239150004729693,34.97,2.0,headache,S011
-120.85,0.21,7.211135075490091,61.00833319000381,13.01343769321415,34.95,2.0,headache,S011
313.84,0.2,6.645966305815283,61.252187383266374,12.729120516247265,34.95,2.0,headache,S011
72.69,0.21,7.502706744033468,61.16218000253135,13.437337602395937,34.95,2.0,headache,S011
-130.56,0.21,7.603393948470449,60.94789529936486,13.51961996119531,34.95,2.0,headache,S011
-63.0,0.21,7.420891468901058,61.03170046672332,13.509509166058022,34.97,2.0,headache,S011
-49.29,0.2,7.486090837823657,60.97708907626453,13.801004936027457,34.97,2.0,headache,S011
42.49,0.21,7.246675377366709,61.017954072410156,13.71789682431173,34.97,2.0,headache,S011
-97.13,0.21,7.531858031564501,60.98524992360338,13.567897459027876,34.97,2.0,headache,S011
74.76,0.2,7.497256067379887,61.012500270149296,13.695892240591359,34.95,2.0,headache,S011
-8.04,0.21,7.304466153360914,60.98917006379184,13.833246609164966,34.95,2.0,headache,S011
-34.1,0.21,7.264715499184407,61.00953907402649,13.873035975156112,34.95,2.0,headache,S011
70.05,0.21,7.291652431774001,60.99148916525686,14.377689086240162,34.95,2.0,headache,S011
-43.18,0.2,7.580842554045293,61.007672211177095,14.2931886301668,34.99,2.0,headache,S011
-47.93,0.21,7.3783703327919,60.99302484102313,14.334871264925647,34.99,2.0,headache,S011
47.76,0.21,7.141406074857873,61.006386725842184,13.97772709397371,34.99,2.0,headache,S011
-98.76,0.2,7.141245824589801,60.994116465881746,14.042755811119921,34.99,2.0,headache,S011
-20.1,0.21,7.374829559355136,61.00544852571456,13.947013369175405,35.0,2.0,headache,S011
13.33,0.2,7.139733749324637,60.99493104584125,14.098560245020725,35.0,2.0,headache,S011
28.53,0.2,7.299678531139032,61.004735098652226,13.878254922657154,35.0,2.0,headache,S011
-5.58,0.2,7.318641488181153,60.99556058624299,14.272568230449753,35.0,2.0,headache,S011
178.2,0.21,7.5200100254813425,61.00417595139388,14.16667857605615,35.0,2.0,headache,S011
-39.49,0.21,7.199392648455895,60.996060041637385,13.99116558912949,35.0,2.0,headache,S011
6.66,0.21,7.386792210998173,61.00372759007137,13.986891295301131,35.0,2.0,headache,S011
35.58,0.21,7.21427782079089,60.99646429694708,14.02705057753741,35.0,2.0,headache,S011
-49.3,0.21,7.3019724615487585,61.00336170202922,13.85385627445427,35.0,2.0,headache,S011
-19.62,0.2,6.915602241793156,60.99679657453205,14.15505869940504,35.0,2.0,headache,S011
0.25,0.2,7.450429814963894,61.00305905876014,14.103735858581102,35.0,2.0,headache,S011
-28.18,0.21,6.972086014788306,60.997072932467404,13.969815516708826,35.0,2.0,headache,S011
-24.86,0.21,7.317177742452072,61.0028061458385,13.974404782317881,35.07,2.0,headache,S011
38.84,0.2,7.325863921578322,60.997304824509555,14.176492673264205,35.07,2.0,headache,S011
-13.9,0.21,7.368120310703174,61.00259319383043,14.239620264157015,35.07,2.0,headache,S011
-50.26,0.21,7.03932128333379,60.99750063203593,14.02406569632494,35.07,2.0,headache,S011
-32.65,0.21,7.221538867839633,61.00241297399225,13.96039163426345,35.07,2.0,headache,S011
71.48,0.21,7.230643628347278,60.99766661985287,14.12279195728033,35.07,2.0,headache,S011
45.65,0.21,7.20161697701017,61.0022600330003,14.024737386748894,35.07,2.0,headache,S011
14.26,0.2,7.3192383596227595,60.99780755388708,14.029857190157813,35.07,2.0,headache,S011
32.97,0.2,7.330556866594661,61.00213019063708,14.133537765724485,35.09,2.0,headache,S011
-76.87,0.21,7.20800772251305,60.997927112508194,14.226853099540811,35.09,2.0,headache,S011
-28.59,0.21,7.45200356607474,61.002020200813725,14.16122449712151,35.09,2.0,headache,S011
5.52,0.2,7.060174391208573,60.99802816754869,14.101688453177818,35.09,2.0,headache,S011
-13.53,0.21,7.327080222316451,61.0019275173139,13.974851236897965,35.11,2.0,headache,S011
10.01,0.21,7.386813060921889,60.99811298057113,14.203466220952263,35.11,2.0,headache,S011
9.21,0.2,7.448523587431172,61.0018501285858,14.271225992747448,35.11,2.0,headache,S011
-42.39,0.2,7.229175259635287,60.99818334252742,14.2010386070621,35.11,2.0,headache,S011
42.42,0.21,7.173420645975691,61.001786439222634,14.084482195719447,35.11,2.0,headache,S011
1.92,0.21,6.940581421611672,60.998240674687764,14.122006293448132,35.11,2.0,headache,S011
-16.06,0.2,7.069089169526128,61.00173518375218,13.99942081708629,35.11,2.0,headache,S011
18.8,0.21,6.907004141829889,60.99828610246696,14.343153922641473,35.11,2.0,headache,S011
-1.39,0.21,7.209575044487428,61.001695363286274,14.164864273002928,35.13,2.0,headache,S011
-50.66,0.2,7.401934928446707,60.99832050986605,14.26720241153168,35.13,2.0,headache,S011
41.76,0.21,7.283229308488876,61.00166619869996,14.038569097052202,35.13,2.0,headache,S011
19.92,0.21,7.043531864831243,60.99834457973494,13.918245634021769,35.13,2.0,headache,S011
-17.68,0.2,7.158144027140813,61.00164709604646,13.99494283032911,35.15,2.0,headache,S011
46.82,0.2,7.169227338247202,60.998358823409156,14.33894385912978,35.15,2.0,headache,S011
-17.84,0.21,7.3308093296877255,61.0016376212661,14.20868943026454,35.15,2.0,headache,S011
-12.23,0.21,7.06074224891895,60.99836360215349,14.018102811712248,35.15,2.0,headache,S011
41.75,0.2,7.173263653450304,61.00163748218007,14.249014182517046,35.15,2.0,headache,S011
-28.78,0.21,7.139464443536194,60.99835914206447,14.29516358865583,35.15,2.0,headache,S011
-6.61,0.21,7.092764854078442,61.001646516422355,14.201361851645933,35.15,2.0,headache,S011
48.88,0.21,7.169968442284295,60.998345543516635,14.371599399677848,35.15,2.0,headache,S011
-46.7,0.21,7.105015473802467,61.00166468445539,14.46094071245519,35.18,2.0,headache,S011
-49.34,0.21,7.094307419082317,60.998322785798806,14.23726593626445,35.18,2.0,headache,S011
-11.86,0.2,7.133927887831884,61.00169206721041,14.010929911615271,35.18,2.0,headache,S011
9.44,0.2,6.974748057413652,60.99829072722527,14.003022288397423,35.18,2.0,headache,S011
24.01,0.21,7.039507335330524,61.00172886823821,13.976823068471091,35.21,2.0,headache,S011
37.92,0.21,7.099804798936101,60.99824910066844,14.250091915234723,35.21,2.0,headache,S011
-7.06,0.2,7.025893774167423,61.00177542059348,14.168594114683547,35.21,2.0,headache,S011
-18.66,0.21,7.331114447472958,60.998197504108155,14.019410022566532,35.21,2.0,headache,S011
39.77,0.21,7.1667020026106325,61.001832199053126,14.348247057922947,35.16,2.0,headache,S011
-18.35,0.2,6.966917079737895,60.99813538538326,14.136312782438855,35.16,2.0,headache,S011
3.95,0.2,6.898255986673001,61.001899838729244,14.130336510992251,35.16,2.0,headache,S011
19.02,0.21,7.0399742063724124,60.998062019797494,14.209155082203251,35.16,2.0,headache,S011
-43.02,0.21,7.443716848492699,61.001979161759316,14.146530715309947,35.18,2.0,headache,S011
-20.82,0.2,7.120125298817067,60.99797647849838,14.247164734155303,35.18,2.0,headache,S011
6.86,0.21,7.30285778052707,61.002071214638846,14.281342664105617,35.18,2.0,headache,S011
-45.23,0.21,6.896106351638997,60.99787758447265,13.900682960274628,35.18,2.0,headache,S011
32.69,0.2,7.485966316784945,61.00217732008093,14.291342666592346,35.21,2.0,headache,S011
-3.3,0.21,7.066460663139828,60.99776385137007,14.528770508356615,35.21,2.0,headache,S011
3.87,0.21,7.140912339417255,61.00229914932343,14.322665392364865,35.21,2.0,headache,S011
33.7,0.21,7.2072107067210345,60.997633397802204,14.272088837726129,35.21,2.0,headache,S011
11.66,0.2,7.086298039684583,61.002438824062956,14.052977903481182,35.25,2.0,headache,S011
-23.46,0.21,7.056209929971282,60.99748382559273,14.075037022319002,35.25,2.0,headache,S011
28.19,0.21,7.322478806606047,61.00259906257392,14.41245080607108,35.25,2.0,headache,S011
-45.08,0.2,7.198649474839292,60.997312043454585,14.562977076538012,35.25,2.0,headache,S011
-49.79,0.21,7.196119392283066,61.00278339377339,14.174371560515027,35.27,2.0,headache,S011
71.24,0.21,7.31847162025198,60.99711400535702,14.404172812545847,35.27,2.0,headache,S011
40.25,0.2,7.584648671012146,61.002996479359496,14.668249814813334,35.27,2.0,headache,S011
-50.5,0.2,7.3932787675077725,60.9968843106617,14.664481741522982,35.27,2.0,headache,S011
20.53,0.21,7.308176135247144,61.003244614589335,14.508428175839095,35.27,2.0,headache,S011
-53.46,0.21,6.984376618898649,60.99661557080395,13.945476713897918,35.27,2.0,headache,S011
32.48,0.2,7.482412111366682,61.0035365378843,14.293387551903736,35.27,2.0,headache,S011
37.61,0.23,7.242294908220642,60.9962973619558,14.257630441622348,35.27,2.0,headache,S011
18.4,0.21,6.9835733921758765,61.003884803678396,14.415745532566788,35.29,2.0,headache,S011
16.25,0.2,6.975986510125444,60.99591439888447,14.270421348430586,35.29,2.0,headache,S011
-20.63,0.21,7.1994013227174145,61.004308251807345,14.260245528627829,35.29,2.0,headache,S011
-14.96,0.21,6.918245784477228,60.99544313322285,14.159380075208947,35.29,2.0,headache,S011
-62.22,0.2,6.942086385951436,61.00483679339304,14.028468489065823,35.31,2.0,headache,S011
7.99,0.2,7.268842974926674,60.99484485560585,14.154150422603578,35.31,2.0,headache,S011
9.62,0.21,7.094751951359267,61.005521634666074,14.732949934859391,35.31,2.0,headache,S011
-3.56,0.21,7.128049488905502,60.99405003730514,14.466318130045915,35.31,2.0,headache,S011
23.47,0.2,6.997122349060984,61.0064602116861,14.276478202877891,35.33,2.0,headache,S011
-0.12,0.21,6.936455509750097,60.99291670561293,14.362142980368736,35.33,2.0,headache,S011
-9.15,0.21,6.98402108834305,61.00786985706402,14.115366805091226,35.33,2.0,headache,S011
46.35,0.21,7.198127851485349,60.99108996775611,14.27290126931733,35.33,2.0,headache,S011
-15.1,0.21,7.110520254213768,61.0103837265151,14.403159408199155,35.31,2.0,headache,S011
-58.33,0.21,6.9941536641681115,60.98728327686569,14.344418604090041,35.31,2.0,headache,S011
7.6,0.21,7.08552355223258,61.01724755810404,14.175244926926863,35.31,2.0,headache,S011
-3.87,0.21,7.121730291272674,60.968259394173536,14.218235647612113,35.31,2.0,headache,S011
-13.73,0.22,7.423145470907858,60.88835444570369,14.624668214848638,35.34,2.0,headache,S011
27.45,0.21,7.1443841895249145,61.009846007544844,14.083165541136417,35.34,2.0,headache,S011
-19.74,0.21,6.514122238458326,60.99952979820643,13.83620549753122,35.34,2.0,headache,S011
-141.74,0.22,6.484442759390367,60.99573395460859,13.877030903255084,35.34,2.0,headache,S011
-173.42,0.22,6.533982389856955,61.00849701329728,13.993449600473605,35.34,2.0,headache,S011
93.2,0.22,6.290951875874817,60.98578513695469,13.95513350982606,35.34,2.0,headache,S011
146.24,0.22,6.384679171269548,61.02605076509589,14.131627570142879,35.34,2.0,headache,S011
131.13,0.22,6.63541597394015,60.91277563622106,14.768914153981529,35.34,2.0,headache,S011
104.55,0.22,6.69538485209976,60.928979163805394,14.610699844616823,35.34,2.0,headache,S011
-26.93,0.22,6.616800807285952,61.024880026595675,14.94693122066523,35.34,2.0,headache,S011
135.34,0.22,6.9054459833780735,60.98537400502571,14.928964793872577,35.34,2.0,headache,S011
211.83,0.22,6.509783351788384,61.009979358837796,14.644663571373831,35.34,2.0,headache,S011
-160.15,0.22,6.626671934057088,60.99274359864637,14.907113399393591,35.39,2.0,headache,S011
-257.71,0.22,5.764333874101767,61.00542257187453,14.086965739458341,35.39,2.0,headache,S011
-48.82,0.22,6.619360868517316,60.995927801477386,14.543199639700406,35.39,2.0,headache,S011
-141.08,0.22,6.658620062146295,61.00301275205628,14.74199356363997,35.39,2.0,headache,S011
-111.8,0.22,6.547294025192729,60.99785945186746,14.916072601847036,35.37,2.0,headache,S011
50.59,0.22,6.629602304461167,61.00139440147271,14.485217507506045,35.37,2.0,headache,S011
460.71,0.22,6.417277229950693,60.99926443954263,14.538446375822694,35.37,2.0,headache,S011
12.4,0.21,6.711346411767427,61.00013801720677,14.872718538854677,35.37,2.0,headache,S011
-210.18,0.21,6.31043712686475,61.000416583305935,14.887251127354517,35.41,2.0,headache,S011
-10.61,0.22,6.379122637060796,60.999058193639556,14.83381026564353,35.41,2.0,headache,S011
-54.07,0.21,6.410054375043078,61.00144813344398,14.80594586690773,35.41,2.0,headache,S011
38.9,0.21,6.334776942966151,60.99805596685392,14.724574985159238,35.41,2.0,headache,S011
13.26,0.22,6.212031673071011,61.00243666865633,14.946027442208434,35.41,2.0,headache,S011
-25.57,0.22,6.270224224796552,60.997067608290735,14.778507983743195,35.41,2.0,headache,S011
19.02,0.21,6.14658796980188,61.003437110555836,14.841273100778919,35.41,2.0,headache,S011
-22.29,0.22,6.293667819224502,60.99604341323711,14.701081665098966,35.41,2.0,headache,S011
-4.62,0.21,6.107460197279095,61.00449669848747,14.45262507981504,35.45,2.0,headache,S011
36.05,0.21,6.311868203574845,60.99493630009498,14.541887367893752,35.45,2.0,headache,S011
-27.95,0.21,6.422072087498945,61.00566450488179,14.940838637003178,35.45,2.0,headache,S011
23.32,0.22,6.244926927446376,60.993692972696415,14.469286245845707,35.45,2.0,headache,S011
16.42,0.22,6.534250971446248,61.00700062228053,14.638184078949905,35.43,2.0,headache,S011
-21.77,0.21,6.402561285366839,60.99224330352702,14.916131379256797,35.43,2.0,headache,S011
22.1,0.21,6.136704309083657,61.00858960290251,14.813358620369094,35.43,2.0,headache,S011
-9.46,0.21,6.406349875854699,60.99048196870062,15.072988904683113,35.43,2.0,headache,S011
-37.98,0.21,6.633904431557541,61.010567312787764,14.7988587272713,35.45,2.0,headache,S011
17.88,0.21,6.581012999879025,60.98822644729043,14.709879478866208,35.45,2.0,headache,S011
8.24,0.22,6.234237632990318,61.01319183676362,14.654193058433243,35.45,2.0,headache,S011
-27.25,0.22,6.594210659143758,60.98508504017436,15.051842326355075,35.45,2.0,headache,S011
32.5,0.21,6.257224912056594,61.01712570875388,14.666338898731269,35.45,2.0,headache,S011
-18.98,0.22,6.52619411536543,60.97970252996848,14.678443580454012,35.45,2.0,headache,S011
21.6,0.22,6.388951817969671,61.026617743113974,14.440401138965152,35.45,2.0,headache,S011
-9.72,0.21,6.377809774126032,61.102399232643876,14.297288700912636,35.45,2.0,headache,S011
-79.36,0.21,5.303094305580941,61.01903285908642,14.31292768224035,35.47,2.0,headache,S011
-211.01,0.22,5.142022927047905,60.97172354976494,14.460168788745614,35.47,2.0,headache,S011
-86.59,0.21,4.931805980658733,61.03933349038761,14.865701159981686,35.47,2.0,headache,S011
146.74,0.21,7.73855267601691,60.93835657824574,15.084364307338756,35.47,2.0,headache,S011
309.22,0.21,6.244346702388213,61.16799671064342,14.265449657410143,35.47,2.0,headache,S011
228.82,0.21,6.955820673777548,61.15124875151815,14.97052105313898,35.47,2.0,headache,S011
-134.79,0.21,6.751696299017091,61.08903790207099,14.491505311484147,35.47,2.0,headache,S011
-101.71,0.21,6.335839007256006,61.01498620331244,14.504137005551506,35.47,2.0,headache,S011
3.71,0.21,4.847324800253329,61.397421257660554,13.409521626857265,35.49,2.0,headache,S011
23.7,0.21,5.660583358304147,61.064636472716195,14.451785274801992,35.49,2.0,headache,S011
-1.78,0.21,7.820910542419104,61.09049262671301,13.846261581039823,35.49,2.0,headache,S011
-3.01,0.21,6.739154324383543,61.029743037400216,12.815415062331308,35.49,2.0,headache,S011
-85.03,0.21,6.497556012235052,61.28752893037695,12.858464839387402,35.5,2.0,headache,S011
-1.63,0.21,6.194586854419359,61.369691824650026,13.301060160478444,35.5,2.0,headache,S011
-29.18,0.21,6.831546723045415,61.23319013592356,12.99433689494302,35.5,2.0,headache,S011
26.61,0.21,6.767932372934406,61.265064815262186,13.365597501259622,35.5,2.0,headache,S011
-143.02,0.21,7.117811319307499,61.11615634443052,13.035831783850192,35.53,2.0,headache,S011
-95.84,0.21,6.772676096114347,61.18345797821276,13.830329011600293,35.53,2.0,headache,S011
-84.74,0.21,6.809537934561894,60.91925337432291,14.979744115645357,35.53,2.0,headache,S011
-32.4,0.21,6.328369487798922,61.06011684429501,14.48305312509423,35.53,2.0,headache,S011
267.7,0.21,6.32587156542261,60.95035260261705,14.419524879311252,35.53,2.0,headache,S011
284.41,0.21,6.762580619675822,61.042949105584775,14.699859854024877,35.53,2.0,headache,S011
-11.21,0.21,6.473296391831818,60.96182513782905,14.532235109070108,35.53,2.0,headache,S011
-95.65,0.21,6.3086512660180025,61.03454749303085,14.534583910035547,35.53,2.0,headache,S011
-66.58,0.2,6.6694575496713835,60.96833101321821,14.841365740786587,35.63,2.0,headache,S011
3.89,0.21,6.311131735777131,61.02930862308703,14.302967631845299,35.63,2.0,headache,S011
13.28,0.21,6.4422061680695615,60.97267997555857,14.39267789646209,35.63,2.0,headache,S011
-25.03,0.2,6.322572847339451,61.025602766646806,14.381222018593526,35.63,2.0,headache,S011
-24.78,0.2,6.342821868588775,60.97591823321289,14.377248900003329,35.65,2.0,headache,S011
26.57,0.2,6.405817701057568,61.02269371474108,14.471011495305609,35.65,2.0,headache,S011
-26.2,0.2,6.082659221450578,60.97862583906407,14.373793101839567,35.65,2.0,headache,S011
-10.81,0.2,6.372590157353265,61.020036710117715,14.31916025626719,35.65,2.0,headache,S011
19.94,0.2,6.199385145471165,60.98148115194999,14.613695729226933,35.66,2.0,headache,S011
-4.39,0.2,6.0244594697298774,61.016368245923864,14.413261322090417,35.66,2.0,headache,S011
-33.53,0.2,6.507075649108532,60.98873076544257,14.600428208651286,35.66,2.0,headache,S011
33.46,0.2,6.4148995438148,61.143368607816996,14.583293301469533,35.66,2.0,headache,S011
-20.99,0.2,6.297507931551227,60.97376232427806,14.643647361563358,35.65,2.0,headache,S011
-33.16,0.2,6.330855441482193,61.02208488780609,14.645173516917426,35.65,2.0,headache,S011
26.97,0.2,6.182372312269703,60.97964366916646,14.402088954656707,35.65,2.0,headache,S011
10.36,0.2,6.1538658949964,61.01928846531195,14.77902626893304,35.65,2.0,headache,S011
-26.55,0.2,6.263236332037298,60.98149251585083,14.5173489845242,35.66,2.0,headache,S011
33.56,0.2,6.04750610427101,61.01788402247712,14.866515110934065,35.66,2.0,headache,S011
-23.6,0.2,6.177997115553595,60.98263952746913,14.858947595367987,35.66,2.0,headache,S011
-10.08,0.21,6.29528086677151,61.016906716384185,14.949117979371776,35.66,2.0,headache,S011
36.7,0.21,6.103450129036401,60.98349487950101,14.845909273130625,35.65,2.0,headache,S011
-17.49,0.2,6.195208179182769,61.016144448408234,14.699702026188985,35.65,2.0,headache,S011
-16.46,0.2,6.118252231769171,60.98418294504494,14.914075383465375,35.65,2.0,headache,S011
21.04,0.2,6.211820856354572,61.015517461873344,14.78781745162842,35.65,2.0,headache,S011
-32.72,0.2,6.039261697742836,60.984758422750645,14.63235615660258,35.66,2.0,headache,S011
6.63,0.2,6.198401294571013,61.01498624030371,14.956558648731427,35.66,2.0,headache,S011
19.82,0.2,6.123387709045933,60.98525105828728,14.714568132773618,35.66,2.0,headache,S011
-16.14,0.2,6.233600260039668,61.01452764399221,14.906739261260372,35.66,2.0,headache,S011
22.71,0.2,6.1598070248252865,60.985679338345335,14.892381605654439,35.66,2.0,headache,S011
0.03,0.2,6.208129637975801,61.01412657854341,14.831112582482875,35.66,2.0,headache,S011
-25.15,0.2,5.91421597437846,60.986055810874355,15.051582231180893,35.66,2.0,headache,S011
39.89,0.2,6.118616945604896,61.01377245571354,14.952943729980134,35.66,2.0,headache,S011
-18.66,0.2,6.284476976152672,60.986389523422766,14.888021004332927,35.66,2.0,headache,S011
-13.43,0.2,6.596252346331011,61.01345746169023,15.030200362856663,35.66,2.0,headache,S011
39.3,0.2,6.164716133854535,60.98668728605151,14.930573802750626,35.66,2.0,headache,S011
-8.46,0.2,6.062875497920018,61.01317561439186,14.768102074746587,35.66,2.0,headache,S011
-11.63,0.22,6.369128317555749,60.986954389590785,15.055075698801259,35.68,2.0,headache,S011
45.0,0.2,6.080224375767822,61.01292220620246,14.960271114225066,35.68,2.0,headache,S011
-25.22,0.2,6.129337323595268,60.98719504501002,14.898435015678729,35.68,2.0,headache,S011
-1.92,0.2,6.093581556671566,61.01269345256398,14.990005115012446,35.68,2.0,headache,S011
13.28,0.2,6.078628164557616,60.9874126680806,15.011181551939067,35.68,2.0,headache,S011
-9.26,0.2,6.3998421282366404,61.012486258736374,14.989042244443379,35.68,2.0,headache,S011
-15.47,0.2,6.333490818758931,60.987610072446095,15.011280618877006,35.68,2.0,headache,S011
27.9,0.2,6.086259055346953,61.012298058503816,14.985238858848263,35.68,2.0,headache,S011
-15.64,0.2,5.973000415918138,60.98778960549116,14.879479857753513,35.71,2.0,headache,S011
-25.31,0.2,6.021737724548594,61.01212669886145,15.009720102951775,35.71,2.0,headache,S011
28.91,0.2,6.1819320117568095,60.98795324687638,15.127735915040065,35.71,2.0,headache,S011
-6.88,0.2,6.196034641670676,61.01197035529407,14.9861055676632,35.71,2.0,headache,S011
-23.73,0.2,6.123481683973623,60.9881026817965,15.011881599093947,35.68,2.0,headache,S011
30.88,0.2,5.976262840954612,61.01182746810144,14.986545276727218,35.68,2.0,headache,S011
-12.21,0.2,6.022944325280485,60.98823935658995,15.01900571291055,35.68,2.0,headache,S011
-9.63,0.2,6.07699440707338,61.0116966936176,14.956325589937132,35.68,2.0,headache,S011
22.41,0.2,6.120575521312466,60.98836452170375,15.023147581326848,35.73,2.0,headache,S011
-26.52,0.2,6.191992611569446,61.01157686622452,15.012230654590267,35.73,2.0,headache,S011
-21.3,0.19,6.328204367303277,60.98847926539703,14.996831940542874,35.73,2.0,headache,S011
37.23,0.2,6.012791972181513,61.011466968349936,14.994295189237672,35.73,2.0,headache,S011
-16.6,0.2,6.139467048437632,60.98858454053152,14.87529869824449,35.73,2.0,headache,S011
-14.32,0.19,6.1757985674163765,61.01136610647465,15.005478059159103,35.73,2.0,headache,S011
37.83,0.2,6.114933015155083,60.98868118611823,15.004238441166963,35.73,2.0,headache,S011
-0.29,0.2,6.2283497516496835,61.011273491731956,14.982409865155297,35.73,2.0,headache,S011
-22.76,0.19,6.201833633158883,60.98876994482859,15.063725636662378,35.75,2.0,headache,S011
31.85,0.19,6.211412114993945,61.01118842406345,15.237002523433262,35.75,2.0,headache,S011
-8.28,0.2,6.065476249891689,60.98885147736389,14.939028775804454,35.75,2.0,headache,S011
-28.89,0.2,6.015980275883397,61.011110279159354,15.04271148105515,35.75,2.0,headache,S011
15.91,0.19,6.089405230864766,60.98892637434951,14.96109242200257,35.75,2.0,headache,S011
2.45,0.2,6.05682422527315,61.01103849760278,15.154797785595026,35.75,2.0,headache,S011
-34.19,0.2,6.288451397033145,60.98899516626293,14.975805232997681,35.75,2.0,headache,S011
18.06,0.19,6.073951717801144,61.0109725757722,15.03417256387189,35.75,2.0,headache,S011
10.36,0.2,5.967419218104304,60.9890583317861,14.86483817205306,35.75,2.0,headache,S011
-23.66,0.2,6.111915735604018,61.01091205815861,14.990896481566672,35.75,2.0,headache,S011
19.71,0.2,6.17864125126688,60.98911630488664,14.995474204137468,35.75,2.0,headache,S011
13.3,0.19,6.141802106442392,61.01085653082673,15.008333660001496,35.75,2.0,headache,S011
-29.08,0.2,6.032547135080075,60.989169480866515,14.99016340117347,35.77,2.0,headache,S011
24.46,0.2,6.095996222711215,61.010805615808394,15.009158652211292,35.77,2.0,headache,S011
0.61,0.2,6.095133291459437,60.98921822156919,15.106563700746557,35.77,2.0,headache,S011
-35.6,0.19,6.232677761743595,61.01075896625711,15.030324028895796,35.77,2.0,headache,S011
13.34,0.2,6.128406125599311,60.989262859897586,14.94080608561712,35.81,2.0,headache,S011
16.02,0.2,6.144170588530088,61.010716262227696,14.817309732528894,35.81,2.0,headache,S011
-30.93,0.19,6.234753120876737,60.98930370376433,14.953886023216988,35.81,2.0,headache,S011
23.77,0.19,6.203226378725211,61.01067720697042,15.140238919284277,35.81,2.0,headache,S011
4.07,0.2,6.187171913213986,60.98934103957534,14.886293248510489,35.79,2.0,headache,S011
-15.69,0.2,6.1461232762507585,61.01064152365006,14.99682251677358,35.79,2.0,headache,S011
32.34,0.19,6.119186120608208,60.989375135325965,14.994576293278085,35.79,2.0,headache,S011
-6.45,0.2,6.135473039727715,61.0106089524188,15.011319257183057,35.79,2.0,headache,S011
-27.32,0.2,6.225646630837072,60.989406243373395,14.979939961047062,35.81,2.0,headache,S011
29.34,0.2,5.9142404449129975,61.01057924778627,15.050833542817509,35.81,2.0,headache,S011
-11.77,0.19,6.14001425264599,60.9894346029341,15.10380040590998,35.81,2.0,headache,S011
-15.85,0.2,6.216951335884333,61.01055217624661,14.974408197865674,35.81,2.0,headache,S011
24.73,0.2,6.215738818463243,60.98946044233826,15.015111761319773,35.81,2.0,headache,S011
-5.18,0.19,6.291878638272816,61.010527514138296,14.988253909627199,35.81,2.0,headache,S011
-11.78,0.19,6.210921962790499,60.98948398105654,15.01142855820807,35.81,2.0,headache,S011
31.16,0.2,6.108657757504236,61.010505045734256,14.984111664464052,35.81,2.0,headache,S011
-9.91,0.2,5.916765606394698,60.98950543148682,14.881266623931632,35.83,2.0,headache,S011
-16.78,0.19,6.208485128615581,61.01048456158885,15.003892765969209,35.83,2.0,headache,S011
19.17,0.19,5.996699966068284,60.98952500045542,15.001050023144069,35.83,2.0,headache,S011
-10.43,0.2,5.983835204669735,61.01046585721458,14.99606708338309,35.83,2.0,headache,S011
-22.05,0.2,6.061618361382934,60.98954289032729,15.008136665111119,35.87,2.0,headache,S011
28.79,0.19,6.189587720289322,61.01044873223351,14.87115816413709,35.87,2.0,headache,S011
-15.27,0.2,6.054309292976115,60.98955929952677,15.000263287032158,35.87,2.0,headache,S011
-12.46,0.2,6.07354787064269,61.010432990272385,14.994103292661919,35.87,2.0,headache,S011
24.59,0.19,6.411726080020112,60.98957442210939,15.010616046049817,35.87,2.0,headache,S011
-8.3,0.19,6.323636287072412,61.01041844008043,14.98273165241328,35.87,2.0,headache,S011
-7.2,0.2,6.164481392098222,60.98958844574495,15.030980339740305,35.87,2.0,headache,S011
19.42,0.2,6.267862189159385,61.01040489872532,14.881450886584329,35.87,2.0,headache,S011
-20.9,0.19,5.921637949246898,60.989601546968004,14.972547976794,35.87,2.0,headache,S011
13.43,0.19,6.090927842050741,61.01039219840195,14.986373983517439,35.87,2.0,headache,S011
4.35,0.19,6.1896988742081716,60.98961388162407,15.091183641589337,35.87,2.0,headache,S011
-36.75,0.2,6.220652747664942,61.010380199664915,15.050322864727857,35.87,2.0,headache,S011
18.14,0.19,6.3768418870024846,60.98962556667631,15.064467074865792,35.87,2.0,headache,S011
9.78,0.19,6.05383622056597,61.01036881635831,15.216990382849152,35.87,2.0,headache,S011
-23.66,0.2,5.960102720416431,60.98963664606002,14.944797728795534,35.87,2.0,headache,S011
26.18,0.19,6.174748519748055,61.01035806247034,15.039292396996222,35.87,2.0,headache,S011
14.3,0.19,6.124452899318589,60.98964702614226,15.22638463665927,35.91,2.0,headache,S011
-14.45,0.2,6.168605672003328,61.01034814153441,15.004254683400832,35.91,2.0,headache,S011
18.57,0.2,6.207617254623742,60.98965635098566,15.100823022555192,35.91,2.0,headache,S011
8.73,0.19,6.115119855627553,61.01033962220789,15.150834368535232,35.91,2.0,headache,S011
-19.93,0.2,6.176281282742134,60.98966375260713,15.053057064132023,35.91,2.0,headache,S011
17.92,0.2,6.369427244030365,61.01033379785065,15.200256507828897,35.91,2.0,headache,S011
1.02,0.19,6.4570944470074245,60.989667325937305,15.112753773688153,35.91,2.0,headache,S011
-26.47,0.19,6.198388731716923,61.0103334656193,15.153282216075393,35.91,2.0,headache,S011
-0.17,0.2,6.022389397458582,60.98966295117437,14.966634885317205,35.91,2.0,headache,S011
12.05,0.2,6.098764482768123,61.01034474477664,15.024005357847946,35.91,2.0,headache,S011
-29.81,0.19,6.119317209265934,60.98964141654535,14.983675533264336,35.91,2.0,headache,S011
-3.63,0.19,6.281716477064558,61.01038176129042,15.004157168722955,35.91,2.0,headache,S011
29.13,0.2,5.995091840055854,60.989580531298486,15.044278567446808,35.93,2.0,headache,S011
-3.41,0.19,6.22196466676241,61.0104804658341,15.116899596180035,35.93,2.0,headache,S011
-10.77,0.19,6.2100691125437315,60.989419722376496,15.081819913430442,35.93,2.0,headache,S011
21.03,0.19,5.931883325034303,61.01074820176994,15.12423131094585,35.93,2.0,headache,S011
-20.66,0.2,6.1206705324823885,60.98895568037864,15.109246772923866,35.93,2.0,headache,S011
-10.15,0.19,6.1964457371258534,61.01160683654257,15.185096929615783,35.93,2.0,headache,S011
19.97,0.19,5.972343660219048,60.98718745655085,14.979616556670932,35.93,2.0,headache,S011
-19.3,0.19,5.887205284652397,61.01602526178597,15.170499993264215,35.93,2.0,headache,S011
-21.61,0.2,5.896362592239863,60.96956993014517,14.884736879620881,35.93,2.0,headache,S011
24.27,0.19,6.438188651853541,60.877349788012154,15.40867581681438,35.93,2.0,headache,S011
-3.51,0.19,6.405222495841341,61.04923478173758,14.963726132808961,35.93,2.0,headache,S011
-7.58,0.2,6.001239489886059,61.25790754624551,15.127603497946259,35.93,2.0,headache,S011
24.82,0.19,6.146688332287554,60.94917909420355,15.161253044404205,35.93,2.0,headache,S011
-12.84,0.19,6.171196057306998,61.02142735460359,15.127340258255458,35.93,2.0,headache,S011
-3.1,0.2,6.03309726830522,60.98358171611069,14.996514297122923,35.93,2.0,headache,S011
19.26,0.2,6.266300013136143,61.01435924622089,15.147845159202374,35.93,2.0,headache,S011
-30.9,0.19,6.146352693050066,60.98674864831911,15.154381669918134,35.95,2.0,headache,S011
-7.2,0.19,6.010658537323418,61.012561491182844,14.932822280550711,35.95,2.0,headache,S011
20.1,0.2,6.096193115881561,60.98791253850971,14.803871458339117,35.95,2.0,headache,S011
-21.48,0.19,6.201779492689107,61.01173624770199,15.005685501681324,35.95,2.0,headache,S011
12.23,0.19,6.410324298189608,60.98854080358737,15.319543624610459,35.93,2.0,headache,S011
37.7,0.19,6.148387319490076,61.011228262220705,15.04230612262146,35.93,2.0,headache,S011
-17.81,0.2,5.910179910598545,60.98897410769538,14.97580577182656,35.93,2.0,headache,S011
1.33,0.19,5.8875964870596125,61.01084020917765,15.049393360164864,35.93,2.0,headache,S011
10.88,0.19,6.1666232646664,60.98933750666446,15.111432185117042,35.97,2.0,headache,S011
-21.14,0.2,6.193894922370429,61.01048574428118,14.841286603143429,35.97,2.0,headache,S011
18.19,0.19,6.141263420261244,60.98969623257007,15.024365851399587,35.97,2.0,headache,S011
-10.71,0.19,6.090053428368691,61.010110508682736,14.963766581075769,35.97,2.0,headache,S011
-11.55,0.19,6.235368196293149,60.99010052581766,15.125525717001594,35.97,2.0,headache,S011
23.78,0.19,6.186332943749257,61.00966311465326,15.008294064212793,35.97,2.0,headache,S011
-20.38,0.19,6.223012818692185,60.99060794949606,14.872931011410968,35.97,2.0,headache,S011
0.67,0.19,6.396313688425667,61.00907396671248,15.253289388794819,35.97,2.0,headache,S011
31.26,0.19,6.090282910392306,60.99130810822625,15.247448115110123,35.97,2.0,headache,S011
4.06,0.19,6.213413525982111,61.008221325568314,15.036201488693889,35.97,2.0,headache,S011
-5.06,0.19,6.172148571371973,60.99237487484481,14.96691306341745,35.97,2.0,headache,S011
18.5,0.19,6.055560577006706,61.0068437304271,15.0139260357761,35.97,2.0,headache,S011
-22.17,0.2,6.181157452396086,60.99422517748136,15.097147287244859,35.97,2.0,headache,S011
-6.19,0.19,6.0767672310394545,61.004226090478916,15.03521716154533,35.97,2.0,headache,S011
10.19,0.19,5.995787557970243,60.99821216634675,15.019425781431627,35.97,2.0,headache,S011
-18.44,0.19,6.0201513159220195,60.99740395820678,15.001929057801583,35.97,2.0,headache,S011
-8.63,0.19,5.990228546337565,61.012734778643825,14.937801365879778,35.99,2.0,headache,S011
20.66,0.19,6.299307848283372,60.9390391334562,15.098214325196238,35.99,2.0,headache,S011
-6.52,0.19,6.3714959222041845,60.90196764386735,15.189685588385407,35.99,2.0,headache,S011
-9.65,0.19,6.150830981501132,61.04014650775341,14.9854257198236,35.99,2.0,headache,S011
15.76,0.19,6.396504025683541,60.97075339295163,15.15669743591782,36.03,2.0,headache,S011
-8.81,0.19,6.167505547590553,61.02466359118018,14.986861093186107,36.03,2.0,headache,S011
-6.06,0.19,6.185406271494995,60.9778446253918,15.03559623884072,36.03,2.0,headache,S011
16.4,0.2,6.131283712974916,61.02058433824427,15.154473364096352,36.03,2.0,headache,S011
-19.97,0.19,6.315436040060101,60.980483336404276,15.278579267597664,36.03,2.0,headache,S011
-20.98,0.19,6.138495982224605,61.0187509921669,15.029895078294297,36.03,2.0,headache,S011
16.28,0.19,6.106331869430049,60.98181886080136,14.996810623121165,36.03,2.0,headache,S011
-4.44,0.19,6.092708461473317,61.01774582776063,15.036645842944031,36.03,2.0,headache,S011
-12.61,0.19,5.980139916791249,60.98259275971788,15.061684326918364,36.0,2.0,headache,S011
29.87,0.19,5.881166876252636,61.017140794287165,15.055712802621319,36.0,2.0,headache,S011
5.19,0.19,6.126040931299705,60.98307016034979,15.094253097861177,36.0,2.0,headache,S011
-16.42,0.19,6.325258013613229,61.0167627190955,14.993190054280921,36.0,2.0,headache,S011
15.25,0.19,5.933758861348948,60.983368951527005,15.028115972828791,36.03,2.0,headache,S011
0.28,0.19,6.056853293518037,61.01652866483454,15.134846612271367,36.03,2.0,headache,S011
-19.66,0.19,6.224078444702129,60.98354904146966,14.928123913867966,36.03,2.0,headache,S011
18.09,0.19,5.98738366446665,61.01639443554273,15.151357960707344,36.03,2.0,headache,S011
-11.56,0.19,6.0390033495003586,60.983643577078084,15.262074454279372,36.05,2.0,headache,S011
-20.76,0.19,6.123401149846672,61.01633486602023,15.001809290257016,36.05,2.0,headache,S011
8.13,0.19,6.088961880433394,60.98367181369187,14.989898349102063,36.05,2.0,headache,S011
3.85,0.19,6.128504802825512,61.01633518022063,15.01430871391952,36.05,2.0,headache,S011
-15.79,0.19,6.017314794813563,60.98364505350876,14.97884626085097,36.03,2.0,headache,S011
25.54,0.19,6.10045829980885,61.0163868337516,15.076380779037159,36.03,2.0,headache,S011
6.7,0.19,6.066276449382992,60.98356959706938,15.132849755207593,36.03,2.0,headache,S011
-13.77,0.19,6.223441309359625,61.01648540077262,15.176933042337096,36.03,2.0,headache,S011
19.15,0.19,6.047764673310388,60.98344825799455,15.048675136813907,36.0,2.0,headache,S011
2.87,0.19,6.083039562874764,61.0166294985164,15.223138991597015,36.0,2.0,headache,S011
-34.7,0.19,5.92429858513302,60.98328110549343,14.974199840522793,36.0,2.0,headache,S011
14.02,0.19,6.393946499136138,61.01682030704968,15.144085851599712,36.0,2.0,headache,S011
18.31,0.19,6.018777238465384,60.98306572812815,15.078583875144064,36.0,2.0,headache,S011
-22.27,0.19,5.99977093607226,61.017061494513115,15.050007377267898,36.0,2.0,headache,S011
6.22,0.19,6.050486420862706,60.98279713260623,15.00423605467669,36.0,2.0,headache,S011
14.8,0.19,6.228476361799436,61.017359493704056,15.258029102134115,36.0,2.0,headache,S011
-19.22,0.19,5.933266328329734,60.98246728046493,14.933653337794283,36.03,2.0,headache,S011
15.5,0.2,6.186568392129085,61.017724176307055,15.114704269922582,36.03,2.0,headache,S011
17.29,0.19,6.083539373909675,60.982064163561965,15.04630964065487,36.03,2.0,headache,S011
-26.23,0.19,6.05596159432313,61.018170086438765,15.009672646230781,36.03,2.0,headache,S011
6.68,0.2,5.829795202541597,60.981570176559444,14.979322416097554,36.05,2.0,headache,S011
3.64,0.19,6.2304797837838715,61.01871858386468,15.02748819582069,36.05,2.0,headache,S011
-27.5,0.19,5.999231418154372,60.98095928291759,14.961371933519857,36.05,2.0,headache,S011
-0.03,0.19,6.17500606439066,61.0194016233825,15.124155336015319,36.05,2.0,headache,S011
20.95,0.19,6.045454449973488,60.980191914027316,15.029131486933487,36.07,2.0,headache,S011
-8.56,0.19,5.895995840861116,61.0202687439628,14.992264018580043,36.07,2.0,headache,S011
6.49,0.19,6.120379399919022,60.97920521725554,15.009777929287294,36.07,2.0,headache,S011
21.9,0.19,6.310488114915814,61.021400970493794,15.126817521959442,36.07,2.0,headache,S011
-15.9,0.19,5.935284837218818,60.97789273353655,14.9940728280111,36.07,2.0,headache,S011
-10.61,0.19,6.252968045912584,61.0229414154944,15.232294624818497,36.07,2.0,headache,S011
30.1,0.19,6.27068978806647,60.97605666714509,15.020428557535551,36.07,2.0,headache,S011
-11.95,0.2,6.046691710949295,61.025172946019815,14.986208513851066,36.07,2.0,headache,S011
-15.22,0.19,6.123713011169162,60.973274761919136,15.300858334195512,36.09,2.0,headache,S011
26.0,0.19,6.133603143735764,61.028761802025386,15.373391792532013,36.09,2.0,headache,S011
-4.24,0.19,5.9269637977413545,60.968414719447495,14.922311516390462,36.09,2.0,headache,S011
-37.99,0.19,6.128287619040191,61.035845858998954,15.120996173126532,36.09,2.0,headache,S011
20.26,0.19,6.230399804652853,60.95673062286879,15.078185364435242,36.07,2.0,headache,S011
6.83,0.19,6.224298486365851,61.060511881327464,15.10908769475643,36.07,2.0,headache,S011
-13.99,0.19,6.310773353616454,60.843935258716,15.028189521872424,36.07,2.0,headache,S011
27.04,0.22,7.720185957671009,60.52562470837645,15.566345151772692,36.07,2.0,headache,S011
12.49,0.19,6.030042546032635,60.904306344620075,14.584403902209168,36.11,2.0,headache,S011
-25.71,0.19,4.636174450764176,61.737184484720636,13.744623638760643,36.11,2.0,headache,S011
4.7,0.2,4.542590584001621,61.398573768296394,14.401042482442499,36.11,2.0,headache,S011
-119.64,0.19,4.172084265227291,61.02431735639309,14.994983233715116,36.11,2.0,headache,S011
-170.34,0.2,4.424582742522861,61.71111561715538,13.387649616485998,36.09,2.0,headache,S011
149.15,0.2,0.6622182892706975,61.75662281598381,12.857829691124667,36.09,2.0,headache,S011
64.35,0.19,-0.3252166076630536,61.08308123808206,14.37599691112704,36.09,2.0,headache,S011
239.77,0.19,2.871422012478928,61.722583861512554,13.505639838634904,36.09,2.0,headache,S011
150.56,0.2,5.719290362517828,61.725323789779715,12.947457231170851,36.11,2.0,headache,S011
-113.77,0.2,5.020321305618563,61.10109242264048,15.447081623868886,36.11,2.0,headache,S011
-103.62,0.19,3.6149980584014765,61.182075190999846,14.238675791855965,36.11,2.0,headache,S011
-125.39,0.19,1.9781044000242616,61.497510848210275,13.364462722703799,36.11,2.0,headache,S011
27.96,0.19,2.9180033551622166,61.580801567011406,13.73056421057124,36.09,2.0,headache,S011
-38.35,0.19,1.8808804292073205,61.34118123632369,13.861629027947133,36.09,2.0,headache,S011
-14.05,0.19,1.9144761940108608,61.08934422912434,14.136947560568503,36.09,2.0,headache,S011
-88.63,0.19,2.100707472339584,61.42085209015664,14.247650959448418,36.09,2.0,headache,S011
49.98,0.19,2.399137300133622,61.19488921646485,14.5488301531135,36.16,2.0,headache,S011
146.8,0.19,2.7343272493726114,61.417273267190666,13.936576758407586,36.16,2.0,headache,S011
-20.29,0.19,3.000511217969892,61.248708123407084,14.25744446197854,36.16,2.0,headache,S011
39.74,0.19,2.314833378783227,60.929227459070255,15.53074541275458,36.16,2.0,headache,S011
-27.12,0.19,2.821391101371961,61.138075277513366,14.48300783500086,36.34,2.0,headache,S011
51.64,0.19,1.9553514919533417,61.082292391429114,14.754566410797992,36.34,2.0,headache,S011
-66.66,0.19,2.1680431135828555,61.08047583017781,14.676195998935404,36.34,2.0,headache,S011
-42.21,0.2,2.2759835888861195,60.95861306276683,15.181001342087503,36.34,2.0,headache,S011
19.27,0.2,1.99796742573557,61.031669174196836,14.891470910585268,36.31,2.0,headache,S011
51.91,0.19,2.2096280942151125,60.972913902079846,15.137532638295909,36.31,2.0,headache,S011
-34.05,0.2,2.353452445048632,61.02446957238009,15.078920576200744,36.31,2.0,headache,S011
7.78,0.2,2.187145364011564,60.977113840041284,15.270940455608846,36.31,2.0,headache,S011
23.28,0.19,2.2948471031106843,61.02195033699796,15.207445897556616,36.31,2.0,headache,S011
-32.82,0.19,2.384394721038143,60.97853207093969,15.380167578877415,36.31,2.0,headache,S011
-36.89,0.2,2.066545172217578,61.02132388536675,15.06871274166195,36.31,2.0,headache,S011
6.14,0.2,2.2914838763904575,60.97856667974387,15.41974347797141,36.31,2.0,headache,S011
-4.36,0.19,2.332600883945127,61.021706474869895,15.163186628859025,36.33,2.0,headache,S011
-0.9,0.19,2.0879845550613876,60.97800217684557,15.098278307657454,36.33,2.0,headache,S011
1.88,0.19,2.1922205872023923,61.02197815131595,15.138504529533435,36.33,2.0,headache,S011
-19.96,0.2,2.3746466294335473,60.97932844083572,15.646603202342835,36.33,2.0,headache,S011
-22.3,0.19,2.5389774068749635,61.013779188238665,15.523874324583181,36.34,2.0,headache,S011
11.17,0.19,2.2608180262801825,61.06918420848097,15.765545055974437,36.34,2.0,headache,S011
-1.37,0.19,2.2514296510475313,61.087691026696994,15.228779407875283,36.34,2.0,headache,S011
-9.42,0.19,2.1523237871000007,60.928431605534925,15.691774775281328,36.34,2.0,headache,S011
20.16,0.19,2.3887627354247196,61.074555564200075,15.2599640239967,36.37,2.0,headache,S011
-25.64,0.19,1.7074688010667616,60.92200953677381,15.975654192375128,36.37,2.0,headache,S011
5.84,0.19,3.9343061314077694,61.36667407753283,14.282418377947689,36.37,2.0,headache,S011
53.44,0.19,5.893136389671553,60.96440192406723,13.79255335654117,36.37,2.0,headache,S011
66.36,0.19,4.711426886394183,61.635543244792515,12.6215074081529,36.33,2.0,headache,S011
-48.27,0.2,4.461761132892492,61.46973488715835,14.348433183824573,36.33,2.0,headache,S011
-22.96,0.19,3.793967580412807,61.02800682131402,14.206273478696767,36.33,2.0,headache,S011
-77.34,0.19,5.128404350801035,60.81419129037924,15.884652033340055,36.33,2.0,headache,S011
-127.3,0.2,4.144958656462197,61.45145587958563,13.726258904121321,36.33,2.0,headache,S011
37.46,0.2,1.174190536500176,61.86649211055945,12.072744523608073,36.33,2.0,headache,S011
116.22,0.19,2.01431259336835,61.26085896665039,14.167404597832892,36.33,2.0,headache,S011
76.6,0.19,2.0729228577070735,61.483624033275895,13.043941796728255,36.33,2.0,headache,S011
17.73,0.19,2.031038874145881,61.6674918835804,13.895993946902635,36.29,2.0,headache,S011
-190.85,0.2,1.7154321143355353,61.29274766634307,13.68932864207992,36.29,2.0,headache,S011
143.63,0.22,1.8614791449817292,61.35676959704324,14.010083784153188,36.29,2.0,headache,S011
148.07,0.19,1.6295193598739295,61.83824034836959,13.482609707347438,36.29,2.0,headache,S011
-147.25,0.2,1.8490273150293097,61.53424985366256,13.825535010603831,36.27,2.0,headache,S011
-36.64,0.19,1.5671954026865667,61.772579593616214,13.806805523615012,36.27,2.0,headache,S011
-27.85,0.19,1.7276963791074622,61.45327093021203,13.861318042619468,36.27,2.0,headache,S011
13.96,0.2,1.6343150861969205,61.547193276592,13.641539250847805,36.27,2.0,headache,S011
-34.27,0.2,1.7779083514615102,61.62177893620604,14.047252281151277,36.25,2.0,headache,S011
83.38,0.19,1.7231517373265548,61.76928577113166,13.475144184503323,36.25,2.0,headache,S011
-43.16,0.19,1.753118423672782,61.55301897727755,13.710415946549016,36.25,2.0,headache,S011
39.45,0.2,1.6083638994486564,61.33121852456365,13.9271523297797,36.25,2.0,headache,S011
10.48,0.2,1.6622063511860758,61.28276383248125,13.999563967898842,36.21,2.0,headache,S011
-9.45,0.19,1.3397026873111615,61.61979241441458,13.90688140871764,36.21,2.0,headache,S011
9.67,0.2,1.4061005382603444,61.02676441254271,14.167205831824525,36.21,2.0,headache,S011
-33.17,0.2,1.5781039500708858,61.21551833457342,13.958428756471895,36.21,2.0,headache,S011
1.69,0.2,1.208440149621115,61.311107956721976,14.060583696607829,36.21,2.0,headache,S011
66.43,0.2,1.0514250154870448,61.45489536768186,14.089885358816044,36.21,2.0,headache,S011
-33.05,0.2,1.387220843111636,61.31619382506933,13.999249738514076,36.21,2.0,headache,S011
29.18,0.2,1.3532278598589613,61.3374697723958,14.008802522379078,36.21,2.0,headache,S011
-13.46,0.2,1.4262071776609253,61.33252103819292,14.00318667006884,36.21,2.0,headache,S011
-18.3,0.19,1.2953044305521053,61.23998649382645,13.945982842267759,36.21,2.0,headache,S011
12.84,0.2,1.2376562273642135,61.27432917778424,13.966286133507142,36.21,2.0,headache,S011
-9.19,0.2,1.4187242722072289,61.37709488675859,14.245004509814024,36.21,2.0,headache,S011
-16.98,0.19,1.47509740028043,61.41681442577446,14.195321966900359,36.21,2.0,headache,S011
34.29,0.2,1.7032671063191485,61.62664487398902,14.181522175579556,36.21,2.0,headache,S011
-27.18,0.2,1.3349202726188594,61.17963767363441,13.941734263393567,36.21,2.0,headache,S011
-7.86,0.19,1.185361012958487,61.39266499080591,14.026056931964257,36.21,2.0,headache,S011
20.58,0.19,1.552668838319062,61.48761651542545,14.176214459645525,36.21,2.0,headache,S011
-5.98,0.2,1.3291012340785675,61.37344896058105,14.055723712917988,36.21,2.0,headache,S011
-12.7,0.2,1.2765638641345076,61.084240051934145,14.48981212501573,36.21,2.0,headache,S011
25.59,0.19,1.468652426339357,61.32626169812756,14.509956344854283,36.21,2.0,headache,S011
-51.79,0.19,1.057012849317835,61.451983398945984,14.384576595496448,36.18,2.0,headache,S011
-1.56,0.2,1.3499914365306893,61.185021923642516,14.352299629916246,36.18,2.0,headache,S011
43.82,0.2,1.4727753547733375,61.3986077948381,14.500443029748745,36.18,2.0,headache,S011
-9.73,0.2,1.35350762440001,61.19801585763596,14.511784775723633,36.18,2.0,headache,S011
0.39,0.2,1.1374526285440854,61.37116254651819,14.416002368983426,36.18,2.0,headache,S011
22.97,0.2,1.3383795609809153,61.434283154902786,14.446886259893484,36.18,2.0,headache,S011
-30.82,0.2,1.528643186255425,61.32056094144986,14.330651393947152,36.18,2.0,headache,S011
20.46,0.21,1.356170179137017,61.23605567245991,14.404876257508679,36.18,2.0,headache,S011
-2.72,0.21,1.5265946578945877,61.09379063757786,14.263469497934642,36.16,2.0,headache,S011
-28.74,0.21,1.3464594560781453,61.40103483961768,14.16606446618192,36.16,2.0,headache,S011
17.37,0.21,1.4406317490369893,61.317706820504156,14.41734478382136,36.16,2.0,headache,S011
6.8,0.21,1.0198594969059036,61.00453279658389,14.338832107713767,36.16,2.0,headache,S011
-36.99,0.21,1.455070008947292,61.31522602735462,14.231480332118922,36.21,2.0,headache,S011
31.89,0.21,1.4030370169212125,61.165264765259906,14.184327343685952,36.21,2.0,headache,S011
-22.03,0.21,1.1808250372389706,61.047128970068464,14.16437910725472,36.21,2.0,headache,S011
-15.55,0.21,1.311259208008842,61.22129138936992,14.285312728088503,36.21,2.0,headache,S011
40.68,0.21,1.0360219461604119,61.309188727128564,14.07008695713202,36.21,2.0,headache,S011
-17.69,0.21,1.3362339507864343,61.428308517154036,14.128335539055968,36.21,2.0,headache,S011
-4.44,0.21,1.3934679316618008,61.408060326138134,14.4013393712197,36.21,2.0,headache,S011
33.46,0.21,1.370168720638939,61.396788120310354,14.476160746765622,36.21,2.0,headache,S011
-41.0,0.22,1.4130950074802373,61.21296452953076,14.234253436702337,36.21,2.0,headache,S011
30.65,0.21,1.2188194290909247,61.47670923128984,14.391125603965376,36.21,2.0,headache,S011
5.02,0.21,1.3547518108127274,61.132768293246464,13.99022562686991,36.21,2.0,headache,S011
-30.6,0.21,1.169264770157192,61.090570545453794,14.314852383068477,36.21,2.0,headache,S011
37.18,0.21,1.367214198286324,61.13945321739461,14.324018037840245,36.23,2.0,headache,S011
-17.25,0.21,1.2888535327369501,61.029481753100065,14.506204665087258,36.23,2.0,headache,S011
-23.78,0.21,1.5648672012237717,61.12001901748311,14.505483833041852,36.23,2.0,headache,S011
62.71,0.21,1.4462507885112306,61.37084595047956,14.308937688536485,36.23,2.0,headache,S011
-16.06,0.21,1.3827281776547318,61.14892263637652,14.489777409861903,36.23,2.0,headache,S011
-14.04,0.21,1.3352859059962485,61.10526451687266,14.101910067484901,36.23,2.0,headache,S011
48.87,0.22,1.284502364334312,61.24237755090922,14.452172399205566,36.23,2.0,headache,S011
0.81,0.21,1.113543618585651,61.09712146514261,14.364883466899034,36.23,2.0,headache,S011
-54.92,0.21,1.4725096507559985,61.10583958964598,14.291465209890422,36.25,2.0,headache,S011
14.48,0.21,1.4838957079427428,61.17236699662675,14.407196956723611,36.25,2.0,headache,S011
22.72,0.21,1.1972045867080325,61.233609259664796,14.417432572487627,36.25,2.0,headache,S011
-39.86,0.21,1.1033339448501156,61.48744473463293,13.905737775521562,36.25,2.0,headache,S011
-11.51,0.23,1.1413095565126903,61.58227821673775,14.04045631554269,36.25,2.0,headache,S011
47.01,0.21,1.046216339692406,61.61367372602179,13.839468191078797,36.25,2.0,headache,S011
-22.25,0.22,0.8423341432465578,61.26389219187637,13.99415162985123,36.25,2.0,headache,S011
-31.15,0.21,1.0676702056062561,61.19757240880532,14.405409815507872,36.25,2.0,headache,S011
43.38,0.21,1.0900522247481037,61.07189512605087,14.66905047790025,36.25,2.0,headache,S011
7.38,0.21,0.5118689453006228,61.63538027819587,13.091081970363078,36.25,2.0,headache,S011
-40.72,0.22,2.3665794756108673,60.89305111765968,15.71854399068545,36.25,2.0,headache,S011
30.64,0.21,1.463483452293395,60.567002505232054,17.26710408288369,36.25,2.0,headache,S011
-17.42,0.21,2.863153908467328,61.2217183753287,15.130757592270138,36.27,2.0,headache,S011
-26.96,0.22,2.0949777073078706,61.117639603885735,13.63371208449262,36.27,2.0,headache,S011
-22.43,0.22,1.4009115436641686,61.13260863734585,14.051042084332384,36.27,2.0,headache,S011
27.47,0.21,1.6666017552500787,61.22122660176843,14.648938368120419,36.27,2.0,headache,S011
5.54,0.21,1.9936171795485294,61.277064218331134,14.240454706127666,36.25,2.0,headache,S011
14.89,0.22,1.8823784911164443,61.1754846851406,14.874056777268978,36.25,2.0,headache,S011
-20.11,0.21,1.9493513351335736,61.029877259376406,15.17025876239578,36.25,2.0,headache,S011
-9.54,0.21,2.125794494858046,61.2042334883026,15.50838934583698,36.25,2.0,headache,S011
30.71,0.21,2.2012719586000817,61.61368133603913,13.872410958698277,36.29,2.0,headache,S011
-21.45,0.22,1.696402577736651,61.41437176929063,14.326623747176363,36.29,2.0,headache,S011
-13.81,0.21,2.193877216212309,61.03397452579173,14.986602963563444,36.29,2.0,headache,S011
27.96,0.21,1.3490770046126899,61.04823870158892,14.846162229540836,36.29,2.0,headache,S011
-74.35,0.21,0.985837272470521,61.152156002764805,14.569372595708188,36.29,2.0,headache,S011
-66.49,0.21,1.5827520756212796,61.09686459389891,15.446042979207371,36.29,2.0,headache,S011
30.38,0.23,1.1972221789167723,60.94686323809316,15.5294600471458,36.29,2.0,headache,S011
233.43,0.2,1.4004989228324427,61.04568865600103,14.94632168189609,36.29,2.0,headache,S011
4.34,0.21,1.2493514950345475,60.957562467773585,15.224192754357627,36.31,2.0,headache,S011
-90.76,0.2,1.6116341454016612,61.04029404735909,15.55312214020008,36.31,2.0,headache,S011
0.63,0.2,1.2141907456696999,60.961640836894,15.340624251933432,36.31,2.0,headache,S011
6.49,0.2,1.2930057771725714,61.03600328611741,15.34432946428427,36.31,2.0,headache,S011
-29.91,0.2,1.5008046190184343,60.967914405576465,15.4032013258411,36.41,2.0,headache,S011
22.85,0.2,1.4387514457036523,61.02222124232917,15.391726453279725,36.41,2.0,headache,S011
1.81,0.2,1.2454094196335197,61.06766450664565,15.41325370112215,36.41,2.0,headache,S011
-49.3,0.2,1.4340363068273057,61.082774909982504,15.435866435876891,36.41,2.0,headache,S011
10.35,0.2,1.5482116835349817,60.93781450974224,15.312325056753394,36.41,2.0,headache,S011
24.44,0.2,1.3972575603574613,61.0573854061118,15.435993130448457,36.41,2.0,headache,S011
-35.11,0.2,1.389809966544998,60.94388796173815,15.339189752640241,36.41,2.0,headache,S011
-14.84,0.2,1.503370096744953,61.05665055606769,15.450075762406732,36.41,2.0,headache,S011
34.7,0.2,1.7259512634369625,60.941076805780355,15.660945338999353,36.41,2.0,headache,S011
14.08,0.2,0.98597420578185,61.06401827365209,15.29768613714078,36.41,2.0,headache,S011
-22.15,0.2,1.3631356585882795,60.92325568555105,15.510604331051276,36.41,2.0,headache,S011
25.0,0.2,2.455656700503607,61.15168483886419,16.142249141142372,36.41,2.0,headache,S011
3.92,0.2,1.7861219088651228,60.99692094835777,15.93490461190711,36.41,2.0,headache,S011
-29.96,0.2,1.1572074618909438,61.07496511215291,15.118061861748236,36.41,2.0,headache,S011
21.6,0.2,1.053202399007766,61.073940325687474,14.504110799952294,36.41,2.0,headache,S011
-32.67,0.2,1.4007243600747217,61.00015943438038,15.03772519647737,36.41,2.0,headache,S011
-128.31,0.2,1.8943766099966408,60.98701693418788,15.647605036256497,36.39,2.0,headache,S011
24.6,0.2,2.2726254036429925,61.018287142479544,16.613305472028472,36.39,2.0,headache,S011
79.53,0.2,1.7267678428897741,60.97904266281262,17.063417308866587,36.39,2.0,headache,S011
18.65,0.2,1.7679263829714131,61.02228896660517,16.20436076010723,36.39,2.0,headache,S011
11.27,0.2,1.8817234399914633,60.97724708990991,15.930466697316739,36.34,2.0,headache,S011
41.41,0.2,1.5844381272687018,61.02252888482083,16.053310261592156,36.34,2.0,headache,S011
-30.15,0.2,1.7690593198470501,60.978335140076936,15.95057242432845,36.34,2.0,headache,S011
-14.2,0.2,1.6868134742897851,61.02017405090824,16.05152225755129,36.34,2.0,headache,S011
0.76,0.2,1.5560971239111976,60.98164317947229,16.041154124541215,36.33,2.0,headache,S011
-39.04,0.2,1.551504976855265,61.020030788635424,15.683787642502034,36.33,2.0,headache,S011
28.45,0.2,1.8394356223853692,61.13477936986127,15.76165707844761,36.33,2.0,headache,S011
24.37,0.22,0.8767145154996969,60.936799151629955,15.55464738743628,36.33,2.0,headache,S011
-15.66,0.2,1.7087822713426233,61.24090174526076,14.506106110945979,36.31,2.0,headache,S011
33.05,0.2,2.2471483898293387,61.385202919910405,14.700119136312257,36.31,2.0,headache,S011
-14.49,0.2,1.4350862860505929,60.86046212090042,15.03036569944582,36.31,2.0,headache,S011
-2.41,0.2,2.2511641456040596,61.10006879724677,15.410316443830737,36.31,2.0,headache,S011
28.09,0.2,1.109582949392547,60.789946836326145,16.48847612006329,36.31,2.0,headache,S011
-21.5,0.2,2.052414097626509,61.077530096178656,16.386232150787908,36.31,2.0,headache,S011
-16.35,0.2,1.3434323503796233,60.92786047041537,15.829060541410858,36.31,2.0,headache,S011
34.05,0.2,1.171197183651179,61.06875836629312,15.691151010149957,36.31,2.0,headache,S011
-12.2,0.2,1.7542135203042781,60.93351579370828,15.473155312320342,36.31,2.0,headache,S011
-21.73,0.2,1.2563549193911687,61.06490695012488,15.722584561556392,36.31,2.0,headache,S011
1.79,0.2,1.2672336023995463,60.9361987854845,15.486788713380154,36.31,2.0,headache,S011
-26.26,0.2,1.7021793520770325,61.063031508342696,15.83658966715188,36.31,2.0,headache,S011
11.24,0.2,1.4435227965929913,60.93748860390596,15.979818080352697,36.29,2.0,headache,S011
6.89,0.2,1.9479868965198672,61.062183282756926,15.936972902532606,36.29,2.0,headache,S011
-5.05,0.2,2.5226880761908577,60.937992494745195,16.145007887109614,36.29,2.0,headache,S011
32.54,0.2,2.812546419141301,61.06195605626547,16.089298966679326,36.29,2.0,headache,S011
1.06,0.2,2.4365959080162227,60.9379912420389,15.547617711799774,36.29,2.0,headache,S011
-48.32,0.2,2.735244739384329,61.06215073028188,15.806731678117666,36.29,2.0,headache,S011
0.69,0.2,2.5803733460611546,60.93762965176803,15.831841442134468,36.29,2.0,headache,S011
55.49,0.2,2.361511441458707,61.06265659246287,15.570506256734166,36.29,2.0,headache,S011
-11.9,0.2,2.529184752344654,60.937007457994866,15.313935601864655,36.29,2.0,headache,S011
-1.61,0.2,2.2770602674101874,61.06332881353943,15.389645902057621,36.29,2.0,headache,S011
-10.76,0.2,2.224473549408847,60.93661235389634,15.419765686495413,36.29,2.0,headache,S011
-21.39,0.21,2.706524610097648,61.19034430698379,14.996927563203164,36.29,2.0,headache,S011
8.87,0.21,2.524487925611137,60.93240394932038,15.460815971554643,36.29,2.0,headache,S011
-27.95,0.2,2.995704646996149,61.06847166037691,15.737671481915939,36.29,2.0,headache,S011
-3.52,0.2,2.5465157456038656,60.929486922563505,15.177935566651765,36.29,2.0,headache,S011
62.26,0.21,2.806208977951257,61.07451433938733,15.603853013824496,36.29,2.0,headache,S011
51.68,0.21,2.088137622646145,60.9151438898004,15.202966752840837,36.25,2.0,headache,S011
-36.94,0.2,2.0974623028566586,61.15616532094555,14.897117034757937,36.25,2.0,headache,S011
-58.91,0.2,2.2090389789449416,61.0030761404667,15.491477076423049,36.25,2.0,headache,S011
40.1,0.21,2.429425997127606,61.02589569966182,16.20182620799362,36.25,2.0,headache,S011
12.61,0.21,2.221131392612751,60.98202130373912,15.574731422303536,36.25,2.0,headache,S011
-13.12,0.21,2.4260593793453573,60.83986790542963,15.778702182727123,36.25,2.0,headache,S011
-73.2,0.2,3.4892143404579374,60.86262363147911,16.356212949790894,36.25,2.0,headache,S011
-9.17,0.21,3.109839286055965,61.096608820558586,15.93074812584525,36.25,2.0,headache,S011
40.21,0.21,2.9989542543935364,60.91236141239155,15.977597205272877,36.25,2.0,headache,S011
-70.94,0.21,3.0126650901078107,61.08440071704472,15.739436630306995,36.25,2.0,headache,S011
21.5,0.21,2.799452100324652,60.916810045191056,16.166998100802253,36.25,2.0,headache,S011
156.13,0.21,2.4336557140869663,61.08293467082427,15.57857079465671,36.25,2.0,headache,S011
-4.89,0.21,2.6620164722837947,60.91678240548196,15.91164074638004,36.27,2.0,headache,S011
-42.81,0.21,2.4292859835812908,61.08384648057516,15.698363967479246,36.27,2.0,headache,S011
-47.46,0.21,2.373684027173758,60.9152769283168,15.237191032584025,36.27,2.0,headache,S011
4.0,0.21,2.604458487768473,61.08579401872869,15.426365526435527,36.27,2.0,headache,S011
18.68,0.21,2.0577783222383217,60.912970229121385,15.191670509625235,36.27,2.0,headache,S011
-32.02,0.21,2.1495663019348865,61.088414555046455,15.156836194801931,36.27,2.0,headache,S011
-23.05,0.21,2.026709997751443,60.910058725159146,15.412641604709314,36.27,2.0,headache,S011
32.96,0.21,2.225234014006975,61.09160879853349,15.427426761069547,36.27,2.0,headache,S011
-25.11,0.21,2.3059419046047753,60.90657949656731,15.383440480123573,36.25,2.0,headache,S011
27.53,0.21,2.299338271663982,61.09538353573221,15.104898347890336,36.25,2.0,headache,S011
3.77,0.21,2.3637097659319353,60.902491483270715,15.578092920807881,36.25,2.0,headache,S011
-10.76,0.21,2.202558808355912,61.099809560912036,15.306276879655007,36.25,2.0,headache,S011
14.28,0.21,1.9168104222637512,60.897695456714246,15.62975821418693,36.29,2.0,headache,S011
12.12,0.21,2.29378743413817,61.10501559444415,15.18369249144064,36.29,2.0,headache,S011
-10.32,0.21,1.934395746616887,60.89203017475467,15.082850961481089,36.29,2.0,headache,S011
28.71,0.21,2.2107939855474457,61.11120028910395,15.137867397857528,36.29,2.0,headache,S011
-24.73,0.21,2.0763152808393333,60.88525283736136,15.03463032409791,36.27,2.0,headache,S011
-8.5,0.21,2.277681174956719,61.11865900680822,15.08427595892719,36.27,2.0,headache,S011
5.3,0.21,2.092399819691071,60.87700642720109,15.05497327811994,36.27,2.0,headache,S011
17.73,0.21,2.3786368012556998,61.127816288390825,14.950369449955435,36.27,2.0,headache,S011
-12.76,0.21,2.065009048713523,60.866810261093875,15.048212359536118,36.27,2.0,headache,S011
18.52,0.21,2.135429164650255,61.139126938651245,14.96825977935416,36.27,2.0,headache,S011
-30.7,0.21,2.0578264599976985,60.85463339230226,15.427433368255684,36.27,2.0,headache,S011
15.35,0.21,2.299626774895771,61.14974761898621,14.897860841637172,36.27,2.0,headache,S011
3.86,0.21,1.8012234269517873,60.947988033224576,15.136090713568487,36.27,2.0,headache,S011
-2.83,0.21,2.049304933476058,61.207114325392595,15.102382653792388,36.27,2.0,headache,S011
-5.07,0.21,1.814867099727515,60.77198655724801,15.179068288430464,36.27,2.0,headache,S011
21.79,0.21,2.338118508598595,61.31681705929461,14.676479723332552,36.27,2.0,headache,S011
-33.87,0.21,1.5742692504128288,60.99134406183865,15.541322904877353,36.29,2.0,headache,S011
8.29,0.21,1.4312189912041282,60.745496229777,16.80739448431873,36.29,2.0,headache,S011
5.57,0.21,6.881409979414411,57.669043563506364,21.77685010849317,36.29,2.0,headache,S011
5.98,0.21,20.572058851306902,57.53115430398101,27.562148764160245,36.29,2.0,headache,S011
16.17,0.21,23.32684337780708,48.89427544035568,27.805338505114772,36.25,2.0,headache,S011
14.85,0.21,24.713622530910087,48.470924813412395,32.5612420649059,36.25,2.0,headache,S011
-134.1,0.21,26.41670844854114,47.660144764707134,32.6428719118136,36.25,2.0,headache,S011
-9.96,0.21,27.947249690975706,47.295145709109235,30.51345172654154,36.25,2.0,headache,S011
44.09,0.21,27.6565787533066,48.169013776015696,30.793782970518397,36.25,2.0,headache,S011
2.32,0.2,28.047647925484437,48.78101358556037,31.04384352699413,36.25,2.0,headache,S011
26.82,0.21,31.566715771004368,46.46530617179628,31.85909546132398,36.25,2.0,headache,S011
37.02,0.21,31.07228809051215,46.929100394801274,29.5378322384848,36.25,2.0,headache,S011
-32.12,0.2,31.54867545161081,47.73651455413564,27.747531285182426,36.29,2.0,headache,S011
15.02,0.2,30.14229346276954,49.83732578374034,27.16163775937916,36.29,2.0,headache,S011
-17.84,0.21,26.295576088759645,52.1174734543137,24.694945268998516,36.29,2.0,headache,S011
15.02,0.21,25.251441722240283,51.626909495272656,25.84430900301144,36.29,2.0,headache,S011
16.16,0.2,25.042274254790744,51.83610285728652,25.86050199889137,36.39,2.0,headache,S011
-5.08,0.21,25.37606015094195,51.918401466539635,25.896141162487755,36.39,2.0,headache,S011
7.62,0.21,26.7805634895036,51.955410393575285,24.99700707978756,36.39,2.0,headache,S011
16.02,0.23,28.079491212822575,52.10209225830738,26.131753065555845,36.39,2.0,headache,S011
-23.67,0.21,21.625672461035123,55.31271249733651,22.076816671069324,36.49,2.0,headache,S011
27.48,0.21,10.084037343059444,58.890076125829815,16.69732851016557,36.49,2.0,headache,S011
-12.66,0.22,8.139553328706619,60.80752045725892,13.805558853877935,36.49,2.0,headache,S011
-30.29,0.22,4.407957931864355,61.9316881736894,10.37103560646724,36.49,2.0,headache,S011
-13.93,0.22,0.8622683484019469,62.385315877114806,7.924569055143585,36.57,2.0,headache,S011
10.81,0.22,1.935081601608859,61.55353834415529,12.072253401682593,36.57,2.0,headache,S011
-71.01,0.22,1.8934524869147953,61.42882296954976,12.621138080103133,36.57,2.0,headache,S011
91.93,0.21,2.48196886836184,61.795590459551114,11.074720755514596,36.57,2.0,headache,S011
127.88,0.21,2.9565629755065914,62.41312600927056,9.145239608520136,36.57,2.0,headache,S011
34.36,0.22,2.035224911708929,62.256368218643,8.024122259879498,36.57,2.0,headache,S011
-46.76,0.22,2.8441312657050517,62.51017092075489,5.815935110761228,36.57,2.0,headache,S011
-61.15,0.22,5.048749641707332,62.24581784553762,7.114829115479589,36.57,2.0,headache,S011
61.22,0.21,6.0100728237281045,62.57705445819236,6.996678895599838,36.59,2.0,headache,S011
396.52,0.2,5.539402039769077,62.203007774747604,7.064890194974779,36.59,2.0,headache,S011
-638.14,0.2,5.61315024026829,62.28222815094594,7.054389294666242,36.59,2.0,headache,S011
-436.91,0.2,5.554828221106253,62.301565136256094,7.259298452198539,36.59,2.0,headache,S011
322.36,0.21,5.81006368838822,62.03652722593738,7.348840180327948,36.43,2.0,headache,S011
296.24,0.21,5.28833313844557,62.03179349828892,7.805771738893442,36.43,2.0,headache,S011
200.4,0.22,5.700851173350034,62.1429727830715,7.339640818233357,36.43,2.0,headache,S011
52.08,0.22,5.422197944125835,62.162906031494195,7.581122875196953,36.43,2.0,headache,S011
-137.18,0.22,5.6602160105546515,62.07624771580543,7.3652955897696675,36.39,2.0,headache,S011
-666.99,0.22,5.359331784759083,62.220199484746686,7.9656042422654325,36.39,2.0,headache,S011
281.73,0.22,5.672057328420691,62.182336557919605,7.37138559465586,36.39,2.0,headache,S011
119.0,0.22,5.415249950315782,62.19210055026907,7.20517515742766,36.39,2.0,headache,S011
66.79,0.22,5.740908623700512,61.991080637472066,7.385689641104292,36.31,2.0,headache,S011
25.48,0.22,5.187488839975376,62.399123324343414,7.007873184638455,36.31,2.0,headache,S011
56.21,0.22,5.4321717875251485,62.092457059440044,7.093958586844977,36.31,2.0,headache,S011
-89.43,0.22,5.240961539659146,62.04354305737254,7.156082310590616,36.31,2.0,headache,S011
-5.24,0.23,5.6021650107425085,62.021171556542946,7.197569891504558,36.25,2.0,headache,S011
75.87,0.23,5.129268303026394,62.36342776694085,7.214641363836945,36.25,2.0,headache,S011
-21.26,0.22,5.395975270453111,61.906655737859296,6.954171853561651,36.25,2.0,headache,S011
1.39,0.22,4.998917435338108,62.18674250683071,7.425840220356959,36.25,2.0,headache,S011
-10.82,0.23,5.5274229423497605,61.9610453656176,7.30329746907605,36.23,2.0,headache,S011
-10.02,0.22,5.163782822849011,62.07812873171882,7.770905031881416,36.23,2.0,headache,S011
37.77,0.22,5.283171935810984,61.90815641085894,7.203876980144699,36.23,2.0,headache,S011
-39.14,0.22,5.132574816950487,62.10088559394221,8.017074278871075,36.23,2.0,headache,S011
3.16,0.23,5.671608532912247,61.89174649344008,7.466783362341853,36.16,2.0,headache,S011
0.09,0.23,4.94085027082092,62.11484736961942,7.57714276578566,36.16,2.0,headache,S011
-45.55,0.22,5.4366780499575835,61.87897497368313,6.900387577152673,36.16,2.0,headache,S011
64.06,0.22,4.97132770817602,62.126903457389304,7.358910176300001,36.16,2.0,headache,S011
-37.7,0.22,5.5323339071333155,61.868010476905916,6.648535915998769,36.16,2.0,headache,S011
-38.64,0.22,4.9331272526234615,62.2686423522876,7.588700234497259,36.16,2.0,headache,S011
12.71,0.22,5.550358682373398,61.83863424747003,6.886681760758261,36.16,2.0,headache,S011
2.15,0.24,4.98358799168064,62.237310515360306,7.606416035566661,36.16,2.0,headache,S011
48.14,0.22,5.493655531282317,61.919023939426154,6.823308076471627,36.15,2.0,headache,S011
30.73,0.23,4.99642032719437,62.32577234273778,7.738956189206046,36.15,2.0,headache,S011
-17.27,0.22,5.917508403385353,62.23383778656731,6.6194061678168845,36.15,2.0,headache,S011
42.99,0.22,4.342944499614296,61.98431470210848,8.505782297667391,36.15,2.0,headache,S011
23.83,0.22,6.4287328147808385,62.27035156280353,6.264217500407465,36.15,2.0,headache,S011
-35.77,0.22,2.425647188359496,61.49312457594881,11.612768217131858,36.15,2.0,headache,S011
-11.17,0.22,0.40499827293358087,60.54971904050302,11.690445199992496,36.15,2.0,headache,S011
48.15,0.22,24.394897939762217,48.26415304213975,32.764490841665015,36.15,2.0,headache,S011
5.21,0.21,12.193898192693814,5.917517296035562,67.6535214837038,36.16,2.0,headache,S011
92.05,0.21,6.114388281771784,2.0842183636404825,62.41551134526348,36.16,2.0,headache,S011
-309.25,0.23,3.3742348310457797,6.123057495245409,65.07263841161388,36.16,2.0,headache,S011
-81.72,0.23,4.924433825447598,3.5046927783426884,64.1541013249891,36.16,2.0,headache,S011
-113.19,0.21,0.9945331874667205,0.6897093107842159,64.75990287444894,36.15,2.0,headache,S011
-40.43,0.22,5.080971063669199,9.529139090788828,63.289899032059544,36.15,2.0,headache,S011
395.64,0.2,-2.940529740700318,1.1493006496406828,65.93530302784411,36.15,2.0,headache,S011
92.5,0.2,12.271191856157083,0.07312857005622464,63.59250237297978,36.15,2.0,headache,S011
-208.14,0.2,24.758990158142392,26.811745537303782,53.331714839026425,36.23,2.0,headache,S011
163.52,0.21,17.077650570794667,48.765660150412565,33.83172695108879,36.23,2.0,headache,S011
-190.95,0.22,6.933058988468628,62.296650725318926,12.644873005538368,36.23,2.0,headache,S011
-8.37,0.22,5.464400314480402,59.1608749681287,14.037526212221518,36.23,2.0,headache,S011
143.7,0.21,10.300884134001349,62.84087652279452,11.854223366143666,36.39,2.0,headache,S011
182.36,0.2,9.157047080721554,60.917938058985726,10.703866441426076,36.39,2.0,headache,S011
159.58,0.21,8.613716778676137,61.79391906742927,11.742793045011222,36.39,2.0,headache,S011
38.03,0.2,7.655569939517685,61.43069885568656,10.12804450784151,36.39,2.0,headache,S011
-183.4,0.2,5.74747485421855,61.77573679209017,12.650337736619937,36.55,2.0,headache,S011
-250.6,0.2,6.911069053751912,61.104114579283305,12.297611353689524,36.55,2.0,headache,S011
30.3,0.18,6.024291021208771,61.60009938548888,13.29314613358217,36.55,2.0,headache,S011
-113.33,0.18,4.611298571335309,61.34777251444992,12.609378196978085,36.55,2.0,headache,S011
36.04,0.18,5.725365307816517,61.216685019722426,13.408456460979037,36.55,2.0,headache,S011
111.08,0.18,4.803139296687058,61.75925332274113,12.576051164988002,36.55,2.0,headache,S011
-49.79,0.18,5.8898772869259535,60.58817791840841,14.087190956922292,36.55,2.0,headache,S011
-25.86,0.18,3.835783715241459,62.39984238472615,10.963692924048436,36.55,2.0,headache,S011
28.72,0.18,8.506304441960856,52.334700505948824,16.575075732104263,36.5,2.0,headache,S011
-20.31,0.18,36.19619561890779,31.632471147167546,41.264945564229365,36.5,2.0,headache,S011
-12.07,0.18,34.376119587569356,15.356621937855252,58.42563917105001,36.5,2.0,headache,S011
19.78,0.18,25.428127396253963,-0.06098372943097273,62.52928773101787,36.5,2.0,headache,S011
-144.99,0.18,29.21659811093751,2.3285955024882052,57.33424109639623,36.47,2.0,headache,S011
-129.73,0.19,29.309831247841945,0.36026765789322723,57.84422357574759,36.47,2.0,headache,S011
132.14,0.19,30.731588769751415,1.6549520435925134,56.91358506138623,36.47,2.0,headache,S011
92.23,0.2,30.653185248152514,0.5871994526251276,56.94255640274568,36.47,2.0,headache,S011
226.42,0.2,30.57660989493493,1.4334279342986183,56.888761341145035,36.41,2.0,headache,S011
-78.56,0.19,31.017151759314956,0.593380819322011,56.865400770871446,36.41,2.0,headache,S011
-119.4,0.19,30.99852754987513,1.3772782152385208,56.648567273613146,36.41,2.0,headache,S011
-24.4,0.2,31.22580084545799,0.5175146600840547,56.142233382988564,36.41,2.0,headache,S011
15.98,0.2,31.286035580633264,1.3411637163660435,56.128148083417095,36.34,2.0,headache,S011
37.0,0.2,31.50261730380599,0.6788384515161386,56.151543677474386,36.34,2.0,headache,S011
4.17,0.2,31.0844319687407,1.3050593925583498,56.02677775324315,36.34,2.0,headache,S011
18.41,0.2,31.27918513679058,0.7084398999075224,56.221515101257324,36.34,2.0,headache,S011
-11.12,0.2,31.537314132180008,1.2803097958327372,56.07165924621461,36.34,2.0,headache,S011
4.43,0.2,31.620094501611103,0.7287071769007679,56.15662966402749,36.34,2.0,headache,S011
15.62,0.2,31.19868743669821,1.264915934401823,56.486586005109785,36.34,2.0,headache,S011
-21.66,0.2,31.339993672640468,0.7373693177992933,56.33094837976047,36.34,2.0,headache,S011
20.95,0.2,31.39408551097822,1.2702885834514286,56.380635326340084,36.33,2.0,headache,S011
2.79,0.2,31.59158117932673,0.6458283287499419,56.04156789702869,36.33,2.0,headache,S011
-7.32,0.2,31.069306098188676,1.0535226641029738,56.39508976759835,36.33,2.0,headache,S011
22.97,0.2,31.464008935667906,0.804560524680048,56.16292237816586,36.33,2.0,headache,S011
-3.13,0.2,31.422812765785963,1.0643529409742802,56.377841202962266,36.45,2.0,headache,S011
1.14,0.2,31.0641064949428,0.8276192053373858,56.38991513126546,36.45,2.0,headache,S011
19.63,0.2,31.20754066559427,1.1895774359922102,56.418905285177324,36.45,2.0,headache,S011
-14.6,0.2,31.221922421240098,0.6676975674367518,56.5301706341656,36.45,2.0,headache,S011
1.09,0.2,31.068820491808015,0.7058643100766717,56.46073269265606,36.47,2.0,headache,S011
9.66,0.2,31.050692134157607,0.6557299378929892,56.650365596936005,36.47,2.0,headache,S011
-15.69,0.2,31.06805461547662,1.0607049586552826,56.446425187385415,36.47,2.0,headache,S011
3.12,0.2,31.173399618399106,0.8676336586307263,56.40026656845216,36.47,2.0,headache,S011
2.67,0.21,30.783302231405404,1.1359077199558005,56.85894842970633,36.53,2.0,headache,S011
-20.44,0.2,30.743040268103268,0.8690769718931088,56.748194036695885,36.53,2.0,headache,S011
3.86,0.2,31.152579568178382,1.0884325540638586,56.563896024254106,36.53,2.0,headache,S011
0.12,0.21,31.195313627154448,1.0219374806755792,56.318012167852295,36.53,2.0,headache,S011
-11.25,0.22,31.858588513421005,1.2782363862772659,56.176244141429386,36.59,2.0,headache,S011
24.81,0.22,32.533440699928846,1.5028248917293718,55.7759894649884,36.59,2.0,headache,S011
9.57,0.22,32.84475926265337,1.9521448663513032,55.69787034362731,36.59,2.0,headache,S011
-1.35,0.22,33.196878659729286,1.3757060689835667,55.50881242569409,36.59,2.0,headache,S011
43.54,0.22,32.66937414412929,1.594360611059995,55.43675945715635,36.55,2.0,headache,S011
-33.12,0.22,34.29146807969528,0.8605487589972515,54.99475981050492,36.55,2.0,headache,S011
-14.56,0.22,33.7804890712886,1.0479774288216779,54.988001931167354,36.55,2.0,headache,S011
-7.82,0.22,34.17907462777354,0.9246969244853323,54.98204369184463,36.55,2.0,headache,S011
-31.96,0.22,33.68997697519579,1.0843466308658993,55.02153066364453,36.55,2.0,headache,S011
24.07,0.22,34.71555615117495,0.9126478721454286,54.52493413181456,36.55,2.0,headache,S011
2.57,0.22,34.93382176921428,1.086796916943852,54.623152230479846,36.55,2.0,headache,S011
-22.93,0.22,34.76036072364459,0.9179006931479455,54.34265138829235,36.55,2.0,headache,S011
1.46,0.22,34.98617467411469,1.066437849446458,54.69860796820655,36.57,2.0,headache,S011
7.74,0.22,34.59977470626947,1.1548667812583244,54.513572222787495,36.57,2.0,headache,S011
1.41,0.22,34.955819217537595,1.272588235579303,54.652140246657105,36.57,2.0,headache,S011
-4.3,0.22,34.422077580617874,0.8484343748416788,54.695783296909724,36.57,2.0,headache,S011
1.34,0.22,34.42462888883386,1.1456726380160973,54.57970072883606,36.55,2.0,headache,S011
-7.12,0.22,34.63850196412586,0.8306637143577817,54.80183078498706,36.55,2.0,headache,S011
15.38,0.22,34.372622884596524,1.0219958914972531,54.75976549831255,36.55,2.0,headache,S011
-6.61,0.22,34.313950864507504,0.8552933517171645,54.95331502511271,36.55,2.0,headache,S011
-1.3,0.22,33.99629306913374,0.9952646201830807,54.939491703559796,36.53,2.0,headache,S011
10.99,0.22,34.117555487044335,0.9371123343973169,55.04122628727633,36.53,2.0,headache,S011
-5.75,0.22,34.133124483511956,1.0751595792342776,54.96987508538912,36.53,2.0,headache,S011
-7.89,0.22,33.85785423158894,0.9198380174213294,55.020193825087084,36.53,2.0,headache,S011
8.75,0.22,33.66634152048898,1.0815681976444946,54.997905926157486,36.53,2.0,headache,S011
-7.33,0.22,33.64635369001248,0.7833521598660755,55.13870088106597,36.53,2.0,headache,S011
4.76,0.22,33.585404859134684,1.1057548048650707,55.08271173819717,36.53,2.0,headache,S011
12.72,0.22,33.21289845570471,0.8677497295246777,55.24163526891093,36.53,2.0,headache,S011
-10.78,0.22,33.40940971557368,0.9862156843773048,55.06893729323031,36.53,2.0,headache,S011
3.26,0.22,33.4489957102343,0.8362977090412763,55.25482062932316,36.53,2.0,headache,S011
8.2,0.22,33.34778762259708,1.0237255123015296,55.431343540276686,36.53,2.0,headache,S011
-12.78,0.22,33.38147725139448,0.9648918026545752,55.17053524461721,36.53,2.0,headache,S011
6.36,0.22,33.031950545621996,0.9448491614786793,55.41657036166646,36.5,2.0,headache,S011
3.4,0.22,33.316874647247566,0.9055260694488014,55.45200236396394,36.5,2.0,headache,S011
-9.57,0.22,33.63816232009578,1.0793801500927556,55.457629566633315,36.5,2.0,headache,S011
0.61,0.22,33.457967221449294,0.9244221127400056,55.0241873355179,36.5,2.0,headache,S011
-6.26,0.22,33.25863187401253,1.0738833225989421,55.18304891306394,36.53,2.0,headache,S011
1.26,0.22,33.46420763831963,0.927119571499026,55.182748559582414,36.53,2.0,headache,S011
9.95,0.22,33.219835815471804,1.0721736585431008,55.350216289594414,36.53,2.0,headache,S011
-10.42,0.22,33.368439068541164,0.9283780789044687,55.11298040704494,36.53,2.0,headache,S011
10.91,0.22,33.19773318366649,1.0711703117093594,55.231097048941095,36.5,2.0,headache,S011
1.8,0.22,33.22853130827369,0.9291994828486498,55.44175181344403,36.5,2.0,headache,S011
-5.35,0.22,33.12492384313231,1.0705145545846,55.266308350694466,36.5,2.0,headache,S011
15.97,0.22,33.14369701976388,0.9296687028595174,55.30632467620889,36.5,2.0,headache,S011
-9.22,0.22,32.802087907367834,1.07029144730177,55.54910824644512,36.5,2.0,headache,S011
2.51,0.22,33.30801743118283,0.929525235215069,55.277447636764684,36.5,2.0,headache,S011
15.36,0.22,33.217329368801344,1.0710477540918142,55.379256335927685,36.5,2.0,headache,S011
-17.71,0.22,33.04715058211463,0.9275852166024355,55.47657562389927,36.5,2.0,headache,S011
-0.46,0.22,33.03637110074053,1.075867139500391,55.417446852772684,36.5,2.0,headache,S011
9.02,0.22,33.02753067300763,0.9110583910360014,55.441505614045965,36.5,2.0,headache,S011
-14.56,0.22,32.99572415910329,0.9446606938156044,55.51670865179757,36.5,2.0,headache,S011
2.07,0.22,32.87207587092909,0.9544296341950645,55.51607247318203,36.5,2.0,headache,S011
9.48,0.22,33.13653316159799,1.0531362554270849,55.67999229313943,36.53,2.0,headache,S011
-9.41,0.22,32.83877265803554,0.9443738167432204,55.655216226203834,36.53,2.0,headache,S011
2.47,0.22,32.975745930133506,1.0566944509032044,55.5169543635739,36.53,2.0,headache,S011
2.8,0.22,33.15374718178867,0.9428304500140351,55.55603708381297,36.53,2.0,headache,S011
-12.95,0.22,32.91342291064614,1.0573430904225287,55.33487226609567,36.53,2.0,headache,S011
0.19,0.22,32.8990140741618,0.9426559576916703,55.34126333256412,36.53,2.0,headache,S011
8.81,0.22,32.92738882969514,1.0572382297825487,55.483019618741224,36.53,2.0,headache,S011
-11.2,0.22,33.135603450001405,0.9429372544878318,55.441860935025375,36.53,2.0,headache,S011
-2.71,0.22,32.96034046204002,1.056840067814939,55.22763609163128,36.5,2.0,headache,S011
8.14,0.22,32.78108248425432,0.943415402801473,55.420450112728396,36.5,2.0,headache,S011
-9.53,0.22,33.00978452832383,1.056305971520652,55.70882906461943,36.5,2.0,headache,S011
-4.84,0.22,32.85756165185189,0.9439891284468328,55.40880457508086,36.5,2.0,headache,S011
11.39,0.22,32.857335026108736,1.0557040624872651,55.92224314529949,36.5,2.0,headache,S011
-7.21,0.22,33.094374279673,0.9446109761747207,55.59410138516381,36.5,2.0,headache,S011
-0.66,0.22,32.6996486450576,1.055068345765278,55.520236421567496,36.5,2.0,headache,S011
4.63,0.22,33.00953217609016,0.9452560127845363,55.994152844588896,36.5,2.0,headache,S011
-9.95,0.22,32.805999140654976,1.0544174486965934,55.494508662783744,36.5,2.0,headache,S011
4.87,0.22,33.071566970865426,0.9459101088302316,55.728863616793426,36.5,2.0,headache,S011
-2.59,0.22,32.886627998844304,1.053762219519078,55.63442240527297,36.5,2.0,headache,S011
-7.94,0.22,33.072767270946464,0.946564857656607,55.8986842133579,36.5,2.0,headache,S011
10.83,0.22,32.543939975296524,1.0531092155039177,55.80785994766745,36.49,2.0,headache,S011
-5.26,0.22,32.706702936973095,0.9472151256952478,55.65428692632786,36.49,2.0,headache,S011
-4.23,0.22,32.47168591030274,1.052462457565519,55.797260277631494,36.49,2.0,headache,S011
8.8,0.22,32.744131117333495,0.9478577741926235,56.031774848853324,36.49,2.0,headache,S011
-4.14,0.22,32.776444673917226,1.0518243750907552,55.940734587769064,36.53,2.0,headache,S011
12.41,0.22,32.491803899041,0.9484909524148014,55.80809749462669,36.53,2.0,headache,S011
-0.9,0.22,32.79796727347583,1.051196339639015,56.01322690114766,36.53,2.0,headache,S011
-2.62,0.22,32.794978950548455,0.9491136921021737,55.832926396543385,36.53,2.0,headache,S011
10.68,0.22,32.79038615471418,1.0505789738665947,55.67029391827672,36.5,2.0,headache,S011
-14.21,0.22,32.9841685933803,0.9497256728022996,55.57629096375033,36.5,2.0,headache,S011
1.55,0.22,32.98454680809399,1.0499723279014286,55.81778965311542,36.5,2.0,headache,S011
4.82,0.22,32.80183972338178,0.9503270923858613,55.89724771375081,36.5,2.0,headache,S011
-13.2,0.22,32.75111882498731,1.049375970003421,55.51617943498124,36.49,2.0,headache,S011
5.99,0.22,32.7762494888011,0.9509186096518271,55.627772544030165,36.49,2.0,headache,S011
5.81,0.22,33.11860026680142,1.0487890142903704,55.64943317077525,36.49,2.0,headache,S011
-13.08,0.22,32.908546605206794,0.9515013442843064,56.00750148378575,36.49,2.0,headache,S011
5.33,0.22,32.938754260224,1.0482100936793362,55.66122937600435,36.5,2.0,headache,S011
2.51,0.22,32.77361386467497,0.9520769317526178,55.86187721788374,36.5,2.0,headache,S011
-8.01,0.22,32.844097404902236,1.0476372750677996,55.663464632070074,36.5,2.0,headache,S011
6.16,0.22,32.94345022177047,0.9526476415814148,55.23622291720634,36.5,2.0,headache,S011
3.96,0.22,32.781072619063615,1.047067902392401,55.505106675768424,36.49,2.0,headache,S011
-8.78,0.22,32.88232865232741,0.9532165802350662,55.65143280601339,36.49,2.0,headache,S011
7.03,0.22,32.83106564312511,1.0464983379418014,55.59525811418737,36.49,2.0,headache,S011
2.86,0.22,32.64610276834073,0.953788018822571,55.618571704848364,36.49,2.0,headache,S011
-10.85,0.22,32.59472321774048,1.0459235479771136,55.86201031095449,36.5,2.0,headache,S011
8.26,0.22,32.33069335636575,0.9543679177904464,55.96072502231997,36.5,2.0,headache,S011
4.32,0.22,32.31026301944731,1.045336435907254,55.67552903684804,36.5,2.0,headache,S011
-10.82,0.22,32.51996578420336,0.9549647790407666,55.68877685345397,36.5,2.0,headache,S011
7.17,0.22,32.52909349212009,1.0447267457664287,55.86435846942081,36.5,2.0,headache,S011
-0.77,0.22,32.720413301675165,0.9555910687223139,55.705289170730374,36.5,2.0,headache,S011
-10.96,0.22,32.717932068475456,1.044079198337227,55.821234691883845,36.5,2.0,headache,S011
7.54,0.22,32.58750049700199,0.956265685509587,55.8889815514463,36.5,2.0,headache,S011
0.49,0.22,32.83010056827596,1.043370182500731,55.799408522170204,36.5,2.0,headache,S011
-5.18,0.22,32.6014722216637,0.9570184565499316,55.824406804216586,36.5,2.0,headache,S011
7.3,0.22,32.36354605146486,1.0425615519712217,55.55820200185611,36.5,2.0,headache,S011
-2.67,0.22,32.62458811092258,0.9578988445673237,55.932528071622016,36.5,2.0,headache,S011
-6.39,0.22,32.73379528015701,1.041588164275734,55.97564601116558,36.5,2.0,headache,S011
8.07,0.22,32.72881811765718,0.9589941795040017,55.86961647784156,36.5,2.0,headache,S011
-5.99,0.22,32.71410434798937,1.0403305209443587,56.075322019860366,36.5,2.0,headache,S011
-6.93,0.22,32.774569819282476,0.9604719434678002,55.83525064874113,36.5,2.0,headache,S011
6.12,0.22,32.49057219664901,1.0385471132467128,56.020450970945014,36.5,2.0,headache,S011
-8.85,0.22,32.456921827652934,0.9626925891400415,55.94801961689804,36.5,2.0,headache,S011
4.13,0.22,32.70966419058951,1.035676541211998,55.92056853031629,36.5,2.0,headache,S011
5.19,0.22,32.92414279714175,0.9665793226910934,55.91917313067955,36.5,2.0,headache,S011
-7.16,0.22,32.64959476972155,1.0300870437067793,55.907407729405044,36.5,2.0,headache,S011
11.73,0.22,32.57100608283269,0.9753245341809491,55.70459850431334,36.5,2.0,headache,S011
-1.73,0.22,32.43010397897405,1.0144695392291052,55.952669138999816,36.5,2.0,headache,S011
-2.57,0.22,32.39936799490287,1.0113880169319203,55.95361003460707,36.5,2.0,headache,S011
14.32,0.22,32.516080792114266,0.7826884412907661,55.66445481131497,36.5,2.0,headache,S011
-9.07,0.22,32.408712447058214,0.761643168050478,56.02826069164776,36.5,2.0,headache,S011
3.45,0.22,32.15833830694794,1.1213432007799715,55.95192989803272,36.5,2.0,headache,S011
10.33,0.22,32.1556081883874,1.1418719956704368,55.793269967478075,36.5,2.0,headache,S011
-12.1,0.22,32.16520719973572,1.0993539450901257,55.982012666052036,36.5,2.0,headache,S011
-1.14,0.22,32.20394341914528,0.8971792034672756,56.0116054427753,36.5,2.0,headache,S011
4.17,0.22,32.20996534112099,1.2304391281130387,55.99541222778998,36.5,2.0,headache,S011
-5.76,0.22,32.29034729727734,1.2596215547440264,55.89828011979813,36.5,2.0,headache,S011
7.26,0.22,32.536935295629654,1.1074032129023863,55.65984133739963,36.53,2.0,headache,S011
4.62,0.22,32.549832412248165,1.1257680671193973,55.79383435735294,36.53,2.0,headache,S011
-11.22,0.22,32.80935863056053,0.5419292284180819,55.64171444865965,36.53,2.0,headache,S011
0.79,0.22,32.48830808732031,0.006347649784849909,55.713890199279675,36.53,2.0,headache,S011
6.14,0.22,33.16209907567234,1.2165052122071758,55.596271002573275,36.5,2.0,headache,S011
-11.04,0.22,32.353671066522374,1.521432969159271,55.881584135042225,36.5,2.0,headache,S011
-3.93,0.22,33.182096216512186,1.3640111310318994,55.215104905192554,36.5,2.0,headache,S011
9.92,0.22,33.11509696183655,0.5549583152800834,55.831794350297294,36.5,2.0,headache,S011
-11.84,0.22,32.095551614664046,1.32024086255606,55.825299376088445,36.5,2.0,headache,S011
-7.58,0.22,32.46523454713496,1.4484431138962162,55.73174152124275,36.5,2.0,headache,S011
21.42,0.22,32.256864161718376,1.2021280464314883,55.75013133780056,36.5,2.0,headache,S011
-4.59,0.22,32.46912957805061,1.2912110462066615,55.81607489142758,36.5,2.0,headache,S011
-25.54,0.22,31.95039272125075,1.4800886426761695,55.89304888503714,36.53,2.0,headache,S011
15.05,0.22,32.70829245308268,1.663944146705147,55.63495494834163,36.53,2.0,headache,S011
1.09,0.22,32.34904355718904,1.8371441640146573,55.58131407870752,36.53,2.0,headache,S011
-1.3,0.22,32.072107383287126,0.9571463155153543,55.880244254092574,36.53,2.0,headache,S011
10.44,0.22,31.92284186785149,0.7655421255559183,56.082493921673375,36.53,2.0,headache,S011
-6.25,0.22,31.650664980431714,0.9922811010518395,56.04872474407888,36.53,2.0,headache,S011
-7.04,0.22,32.24217116148262,0.9420026546046102,56.044364327182564,36.53,2.0,headache,S011
-5.61,0.22,33.48178479793879,1.2638192596381863,55.48949161798825,36.53,2.0,headache,S011
4.67,0.22,32.07231245150448,0.6225726114374465,56.3675430681132,36.49,2.0,headache,S011
14.96,0.22,32.7675439737874,1.2089626507123747,55.37859676201556,36.49,2.0,headache,S011
-5.66,0.22,33.61378693237041,1.3892735947931414,55.208301434081484,36.49,2.0,headache,S011
12.46,0.22,33.192469292859826,1.3388244381107566,55.27686238009195,36.49,2.0,headache,S011
-14.74,0.22,33.60589658036747,1.0393241960428423,55.359602420240485,36.5,2.0,headache,S011
14.47,0.22,32.74985309282102,0.9848148299090733,55.662988120169,36.5,2.0,headache,S011
21.8,0.22,32.904036861437454,0.9982678311586723,55.6673607444725,36.5,2.0,headache,S011
-8.48,0.22,32.96954940446208,1.051867718090583,55.347718924314385,36.5,2.0,headache,S011
-10.12,0.22,32.748012249993586,1.097806721154127,55.71533889496527,36.5,2.0,headache,S011
-23.14,0.22,32.99911096953647,1.0618251351751253,55.86360311353752,36.5,2.0,headache,S011
18.17,0.22,32.904548677435166,1.0836446117090162,55.794793375305865,36.5,2.0,headache,S011
6.41,0.22,32.57032907784427,1.086864233591033,55.66452675606717,36.5,2.0,headache,S011
-8.67,0.22,32.36556023373101,0.9922182652326033,55.56782134815554,36.49,2.0,headache,S011
9.3,0.22,32.79007829495634,1.0869153196801127,55.86644102116829,36.49,2.0,headache,S011
-5.87,0.24,32.721534199184156,1.0633183297244684,55.59441123371429,36.49,2.0,headache,S011
-0.61,0.22,32.75039551884838,0.9722666431885603,55.84172658420919,36.49,2.0,headache,S011
6.44,0.22,33.17711184901326,1.0038150025175558,55.44274893547064,36.5,2.0,headache,S011
-7.6,0.22,32.85880169941011,1.1674355497553124,55.57406053841029,36.5,2.0,headache,S011
-3.3,0.22,32.92868512540222,1.1185884222150364,55.33494050348666,36.5,2.0,headache,S011
5.49,0.22,33.47652015417193,1.2885961502348937,54.9418881907842,36.5,2.0,headache,S011
0.92,0.22,33.31714854881723,0.7469116492953173,55.24288707931827,36.5,2.0,headache,S011
-2.69,0.22,33.50172218159533,0.8667979635151869,55.31080472091437,36.5,2.0,headache,S011
4.86,0.22,32.959695284167424,1.9455546207782903,55.409965574802975,36.5,2.0,headache,S011
-4.32,0.22,33.10210220513573,1.0943612890613486,55.47930250710091,36.5,2.0,headache,S011
1.2,0.22,33.39336825629621,2.5716607922974535,55.55034278347162,36.5,2.0,headache,S011
10.32,0.22,32.01975312445632,1.1079433835018313,55.55599850735258,36.5,2.0,headache,S011
-16.76,0.22,32.369521895695875,0.6594358370472347,55.69554968172351,36.5,2.0,headache,S011
5.76,0.22,33.00000487030895,1.8840291071878765,55.19115684067064,36.5,2.0,headache,S011
-0.94,0.22,32.651569955323154,1.6462859410970563,55.89947666641196,36.5,2.0,headache,S011
-18.48,0.22,33.338990797068575,1.860388644907572,55.837665786008074,36.5,2.0,headache,S011
10.03,0.22,32.715631286999105,1.9971984236594706,55.35365121401463,36.5,2.0,headache,S011
-18.52,0.23,33.23997899329255,2.2337412314898577,55.516091502531644,36.5,2.0,headache,S011
-8.28,0.23,32.748932350747005,2.226791166740386,55.470977782074705,36.5,2.0,headache,S011
8.17,0.22,33.070909585265525,1.9609598580853154,55.1915868721919,36.5,2.0,headache,S011
-8.05,0.22,32.80987217220111,2.150296326613234,55.35703669033565,36.5,2.0,headache,S011
12.22,0.22,32.87861888116595,1.973605119818138,55.51901366427089,36.5,2.0,headache,S011
37.79,0.22,32.76411850785398,2.0178878090588994,55.35100648981754,36.49,2.0,headache,S011
8.28,0.22,33.13600742738811,1.9875118645626801,55.78070752148198,36.49,2.0,headache,S011
-18.87,0.22,32.76997302832089,2.0064544181907085,55.36657159445795,36.49,2.0,headache,S011
-37.57,0.22,32.83471332943903,2.004428310251279,55.567830431972986,36.49,2.0,headache,S011
28.18,0.22,32.56658189603316,1.8564777958737908,55.58997393408118,36.5,2.0,headache,S011
10.37,0.22,32.742049718721155,1.8783340428397202,55.70490976095776,36.5,2.0,headache,S011
5.74,0.22,32.538782114520515,1.935611209214392,55.66732945212755,36.5,2.0,headache,S011
7.19,0.22,32.59908472350268,1.9276454202108098,56.079299465282475,36.5,2.0,headache,S011
-8.17,0.22,32.50461762557681,1.9456097881832333,55.8728381064753,36.5,2.0,headache,S011
2.97,0.22,32.44566096967633,1.8257331632795164,55.79165419843905,36.5,2.0,headache,S011
-0.56,0.22,32.3511543854394,1.9821334235214831,55.833694181488376,36.5,2.0,headache,S011
-12.12,0.22,32.6277622721974,1.855717024264293,55.8335461423089,36.5,2.0,headache,S011
5.18,0.22,32.28629278612444,2.0658356951625456,55.772842724563475,36.49,2.0,headache,S011
-4.5,0.22,32.39829275115908,1.9452411010595734,55.699739313109504,36.49,2.0,headache,S011
-8.16,0.22,32.730883984632186,2.0501979274426554,55.712338266660765,36.49,2.0,headache,S011
8.35,0.22,32.568430968108835,1.9522893909022163,55.87297308180931,36.49,2.0,headache,S011
-4.67,0.22,32.597856398329256,2.0462666095036823,55.626405352435725,36.5,2.0,headache,S011
-8.73,0.22,32.96108467302837,1.9540668732998003,55.79166831120037,36.5,2.0,headache,S011
7.42,0.22,32.50542544192672,2.049729534947294,55.6659713214999,36.5,2.0,headache,S011
-3.52,0.22,32.46350683882329,1.900362750222876,55.858269080019596,36.5,2.0,headache,S011
-10.24,0.22,33.165368185922695,1.608826958481964,55.25385326876982,36.5,2.0,headache,S011
9.7,0.22,32.74613734718351,1.3072195170683034,55.7692068053079,36.5,2.0,headache,S011
3.34,0.23,31.63030735659529,2.022426822035643,55.542899512243636,36.5,2.0,headache,S011
-6.74,0.22,33.34981803802462,1.7379647923507255,55.53494882961752,36.5,2.0,headache,S011
18.99,0.22,32.05861880753176,1.7194993735095472,55.72800057350618,36.5,2.0,headache,S011
-11.11,0.22,32.351533517304674,1.7355075573081007,55.85815615239231,36.5,2.0,headache,S011
-18.39,0.22,32.9613865300282,1.5434774259731026,55.81116775292676,36.5,2.0,headache,S011
22.34,0.23,32.426859922868516,2.0285897523857,55.52857518035437,36.5,2.0,headache,S011
-18.28,0.22,32.83745752440652,1.9983745826815411,55.865318886778816,36.49,2.0,headache,S011
-9.87,0.22,32.67776377063635,1.874464415705785,55.942830979304844,36.49,2.0,headache,S011
24.59,0.23,32.5114181846126,1.993039661356939,55.83879940498536,36.49,2.0,headache,S011
-6.75,0.23,32.80834862688727,1.8747117545153578,55.75436115208357,36.49,2.0,headache,S011
-6.15,0.23,32.308993989128794,1.930889546152516,55.71210895203002,36.49,2.0,headache,S011
15.31,0.23,32.45447632111653,1.7759161801377263,55.86626210380244,36.49,2.0,headache,S011
-6.91,0.23,32.59224874441857,2.0980497865877266,55.7849015665044,36.49,2.0,headache,S011
0.03,0.23,32.297896212401625,1.8464555048039966,55.899170347625336,36.49,2.0,headache,S011
11.73,0.23,33.074102008701466,1.6692081897517668,55.491002634243586,36.47,2.0,headache,S011
-13.76,0.23,32.66519474244909,1.823174902188308,55.41685481127806,36.47,2.0,headache,S011
-1.46,0.23,30.728100637879184,1.1932486653775318,56.091659591069,36.47,2.0,headache,S011
15.83,0.23,32.16528019771868,1.139647071573919,55.969439463020166,36.47,2.0,headache,S011
-12.99,0.23,32.406693921692906,1.1000346619815422,55.82037439936552,36.49,2.0,headache,S011
-15.24,0.23,32.55536617123846,1.866176384089314,55.65515607753472,36.49,2.0,headache,S011
10.89,0.23,32.50628170385162,1.8475089743939468,55.6230582251025,36.49,2.0,headache,S011
9.83,0.23,32.26529370666189,1.5890090784881097,55.83342565922572,36.49,2.0,headache,S011
-8.81,0.23,32.30680757042552,1.4818394280021976,56.03459095937904,36.49,2.0,headache,S011
2.23,0.23,32.117675558587294,1.4410476905342091,55.71089208477533,36.49,2.0,headache,S011
2.5,0.23,32.20416141892715,1.3792908469835283,56.07698273351733,36.49,2.0,headache,S011
1.47,0.23,32.22709915266768,1.6294049109215136,55.916143259172934,36.49,2.0,headache,S011
16.11,0.23,32.2420045790687,1.4962131366757743,55.937796985024,36.45,2.0,headache,S011
-12.05,0.23,32.0727586938955,1.3723595549728815,55.95101802600006,36.45,2.0,headache,S011
3.2,0.23,32.121828782412514,1.4827776551891199,55.98891643100322,36.45,2.0,headache,S011
6.2,0.23,32.02780807334267,1.4894135095633352,56.04408709331741,36.45,2.0,headache,S011
-14.25,0.23,32.22838628639361,0.944998173240268,56.04832531220406,36.47,2.0,headache,S011
15.04,0.23,32.09564078892419,1.0270975906822006,56.10124803015817,36.47,2.0,headache,S011
-3.43,0.23,32.01977454534468,0.9849166328995206,55.959855988537974,36.47,2.0,headache,S011
-9.55,0.23,31.983587822982944,1.0076819805985806,56.03495441789182,36.47,2.0,headache,S011
17.0,0.23,31.80343082249469,0.9977224342378228,55.92673747959323,36.43,2.0,headache,S011
-6.44,0.23,31.796423557008755,1.108191070683029,55.907580237791684,36.43,2.0,headache,S011
-4.53,0.23,31.951717146499647,1.1073885946672533,56.040317782602145,36.43,2.0,headache,S011
10.68,0.23,31.409619002307988,1.047247305802407,55.960059183431106,36.43,2.0,headache,S011
-5.99,0.23,31.692295610398833,0.9791101938648276,56.06049603551978,36.45,2.0,headache,S011
-6.64,0.23,31.43702479742758,1.0139382467723366,56.07211607456181,36.45,2.0,headache,S011
10.93,0.23,31.556880745910775,0.9891330244435833,56.117908221952845,36.45,2.0,headache,S011
-1.23,0.23,31.507634447228227,1.0094635201963047,56.15066023467794,36.45,2.0,headache,S011
-15.32,0.23,31.57104637073409,0.9907646941199076,56.02863123053751,36.43,2.0,headache,S011
7.87,0.23,31.645977966696705,1.0103505099074597,56.10235339810607,36.43,2.0,headache,S011
7.43,0.23,31.580287623907733,0.986473012307816,56.08984099195646,36.43,2.0,headache,S011
-16.23,0.23,31.9437619373758,1.2969835007900103,55.91051366183985,36.43,2.0,headache,S011
-2.01,0.23,31.936805510971052,1.1044163471105775,56.01535898689866,36.45,2.0,headache,S011
12.41,0.23,31.538985360093807,0.9676928105240213,56.26368010896334,36.45,2.0,headache,S011
-11.04,0.23,31.79862382006496,1.1441917781616062,55.93553099514801,36.45,2.0,headache,S011
-9.06,0.22,31.9324497293142,0.9825325964303205,56.19483715911851,36.45,2.0,headache,S011
14.64,0.23,31.779174154917015,1.0619166296639933,56.08233177077796,36.43,2.0,headache,S011
-6.04,0.23,31.759672571510812,1.2656060974098682,55.92570307113846,36.43,2.0,headache,S011
-7.76,0.23,31.94867104837085,1.0568833244827447,55.90705533732161,36.43,2.0,headache,S011
12.14,0.23,31.749566880536904,1.0233146524054886,56.10355340748312,36.43,2.0,headache,S011
-2.79,0.23,31.903032040408327,1.1172462461335266,56.042333591206265,36.41,2.0,headache,S011
-8.77,0.23,31.815191788522583,0.9822884131020007,56.21467623401029,36.41,2.0,headache,S011
12.41,0.23,31.762517684528746,1.0028500873715882,56.07717133513816,36.41,2.0,headache,S011
-7.27,0.22,31.904976567785052,1.048054484114559,55.95476192021182,36.41,2.0,headache,S011
0.8,0.23,31.943648123084337,1.5402088163364906,56.110590561390225,36.43,2.0,headache,S011
10.11,0.23,31.61176554052753,1.9866928249642133,56.24046173214645,36.43,2.0,headache,S011
-10.48,0.23,32.01181813304757,1.5819296215989076,56.108762319205766,36.43,2.0,headache,S011
1.17,0.22,32.06778255330725,1.4904707026019055,55.96916916307901,36.43,2.0,headache,S011
-2.05,0.23,32.011961516416726,2.003729954347329,55.8428795995016,36.47,2.0,headache,S011
-37.98,0.23,32.27024770144829,2.0044813577031184,55.57012425587265,36.47,2.0,headache,S011
50.69,0.23,32.45171787955654,1.92702362515891,55.72168711628153,36.47,2.0,headache,S011
39.07,0.23,32.2572645721866,1.917660132769919,55.76858259214932,36.47,2.0,headache,S011
-29.41,0.23,32.47447649086694,2.0384354659148074,55.796954101334386,36.45,2.0,headache,S011
-11.44,0.23,32.47432672621286,1.9738163142054108,55.90842191269791,36.45,2.0,headache,S011
24.07,0.23,32.26768708512192,2.0176079970323624,55.87397853883686,36.45,2.0,headache,S011
-15.93,0.23,32.61512582181099,1.9955454380596918,55.773027118095115,36.45,2.0,headache,S011
-16.72,0.23,32.29395572976579,1.779213692933562,55.77660164323481,36.47,2.0,headache,S011
12.15,0.23,32.54768337095623,1.951998564508871,56.02344090541495,36.47,2.0,headache,S011
-9.17,0.23,32.55680028439103,2.013014906650097,55.72872723620959,36.47,2.0,headache,S011
-3.62,0.23,32.466338627653805,1.7467300730686468,55.869940272349254,36.47,2.0,headache,S011
9.53,0.23,32.39844483903959,1.8835731763959973,55.72861284100936,36.45,2.0,headache,S011
-1.83,0.23,32.50980488064846,1.841295723068478,55.590731097963655,36.45,2.0,headache,S011
-9.33,0.23,32.3529363613493,1.8110790730303825,55.81305897276824,36.45,2.0,headache,S011
10.03,0.23,32.53645830548529,1.8699103383126974,56.10914772238123,36.45,2.0,headache,S011
0.9,0.23,32.22363591249377,1.685148722677081,55.62228615631374,36.47,2.0,headache,S011
-10.73,0.23,32.470464004098886,1.709549120048927,55.82299598444537,36.47,2.0,headache,S011
6.33,0.23,32.24063653636446,1.7512454289613928,55.957182511774114,36.47,2.0,headache,S011
6.02,0.23,32.44681293539225,1.880826134233652,55.92488192567365,36.47,2.0,headache,S011
-12.14,0.23,32.35151424096859,1.729112221267686,55.91636246286293,36.45,2.0,headache,S011
4.95,0.23,32.51935213804354,1.7487918608227033,55.810801763891384,36.45,2.0,headache,S011
1.4,0.23,32.54304538236264,1.9263143759227859,55.92593257474756,36.45,2.0,headache,S011
-13.44,0.23,32.67725771715942,1.6363301524520295,55.683859859781464,36.45,2.0,headache,S011
9.54,0.23,32.49519541883456,1.7731080877572847,55.73465597259765,36.45,2.0,headache,S011
2.53,0.23,32.484642249292335,1.5490713195675703,55.84945217167021,36.45,2.0,headache,S011
-10.0,0.23,32.228554008653866,1.6492464932424307,55.9217849478733,36.45,2.0,headache,S011
11.61,0.23,32.085775139471906,1.9927157592242697,55.912755419674994,36.45,2.0,headache,S011
-0.61,0.23,32.23710828700419,1.4718549017591807,55.7806493402309,36.47,2.0,headache,S011
-2.8,0.23,32.07462914761127,1.526358362703223,55.94770530449386,36.47,2.0,headache,S011
13.21,0.23,32.18850899102494,1.9336717901859448,56.02180773390537,36.47,2.0,headache,S011
-9.88,0.23,32.3157823041512,1.2559465897641509,55.96624046520302,36.47,2.0,headache,S011
-2.84,0.23,32.227732366621694,1.6521737273943293,55.88773556155167,36.47,2.0,headache,S011
14.54,0.23,32.07465531464999,1.7341273877685983,56.00117910757637,36.47,2.0,headache,S011
-13.11,0.23,32.13529854593264,1.5870325473838935,55.86026346278781,36.47,2.0,headache,S011
-1.1,0.23,32.26599394031059,1.9141507001968447,56.036858700425,36.47,2.0,headache,S011
11.77,0.23,32.19204728885729,1.581304005575778,55.83702823114867,36.49,2.0,headache,S011
-13.02,0.23,32.3773356654725,1.7993859287793308,55.93016139177829,36.49,2.0,headache,S011
-4.21,0.23,32.23772296297202,1.6967261976844779,55.9362941446148,36.49,2.0,headache,S011
15.1,0.23,32.042528851210996,1.4599683335244795,55.93372328879795,36.49,2.0,headache,S011
-5.66,0.23,32.1515541143312,1.3785486422097024,55.906294888727025,36.47,2.0,headache,S011
-9.34,0.23,32.472950515695025,1.513064514100939,55.94004513911414,36.47,2.0,headache,S011
12.42,0.23,32.27209505187553,1.5326175985110297,55.99775632263637,36.47,2.0,headache,S011
-3.76,0.23,32.30718094072264,1.6787848356591237,56.02292197270107,36.47,2.0,headache,S011
-6.08,0.23,32.16781053558724,1.8982923241438874,55.90950023640048,36.47,2.0,headache,S011
10.84,0.23,32.19836215743567,1.6705350097905802,55.92207369186262,36.47,2.0,headache,S011
-5.81,0.23,32.22723156544263,1.8119370337083935,55.95364126573493,36.47,2.0,headache,S011
-7.98,0.23,32.11500292555819,1.7205059064548522,55.847198271355545,36.47,2.0,headache,S011
13.13,0.23,32.15467496299238,1.6923293545983875,55.967539773949035,36.47,2.0,headache,S011
-1.63,0.23,32.12065614755923,1.5568869622941013,56.01423271827308,36.47,2.0,headache,S011
-15.25,0.23,32.05731055664116,1.659321856219007,55.990275936971685,36.47,2.0,headache,S011
13.29,0.23,32.187070977221694,1.6697281715571153,56.00642653049154,36.47,2.0,headache,S011
-0.29,0.23,32.221866636063716,1.37930321568872,55.88383198145993,36.49,2.0,headache,S011
-12.54,0.23,31.979423979928292,1.3930289730000438,55.92091367327147,36.49,2.0,headache,S011
10.86,0.23,32.07975431972275,1.7328211983834179,55.918939398694285,36.49,2.0,headache,S011
-5.79,0.23,32.12165809841499,1.2933441325428672,56.04172918016896,36.49,2.0,headache,S011
-1.01,0.23,32.091857025880294,1.2914679434555578,55.967001759421365,36.49,2.0,headache,S011
14.07,0.23,32.073330699314496,1.6237226156277265,56.02908002240591,36.49,2.0,headache,S011
-10.43,0.23,32.13085230304309,1.4927359741331987,55.9734938651887,36.49,2.0,headache,S011
5.93,0.23,32.188596435973544,1.1898261818390865,56.023870606433086,36.49,2.0,headache,S011
5.46,0.23,32.105399725551095,1.4664015870469496,55.98082089251747,36.47,2.0,headache,S011
-14.61,0.23,32.24044826026731,1.7173428371901132,56.00194131847625,36.47,2.0,headache,S011
8.08,0.23,32.05636697116824,1.4928524017828024,55.8485188977457,36.47,2.0,headache,S011
8.07,0.23,32.337242994451515,1.588052234543097,56.05985615396799,36.47,2.0,headache,S011
-12.97,0.23,31.935048200738578,1.343300829737469,55.94464268292967,36.47,2.0,headache,S011
3.6,0.23,32.051569565122755,1.1892903431925044,56.06184019765842,36.47,2.0,headache,S011
8.32,0.23,31.955298582289117,1.5457258346674454,55.90388622057672,36.47,2.0,headache,S011
-10.19,0.23,32.220173307936086,1.116217178082212,55.947321208152474,36.47,2.0,headache,S011
-0.63,0.23,32.243411573248565,1.468477386771156,55.9453146443664,36.47,2.0,headache,S011
10.32,0.23,32.066969477966836,1.2926186695208837,55.90949437402454,36.47,2.0,headache,S011
-11.03,0.23,32.06412338025188,1.4099080624121088,56.01113704631353,36.47,2.0,headache,S011
2.47,0.23,32.079235373650356,1.2213568541946243,56.00158832962897,36.47,2.0,headache,S011
11.11,0.23,31.95477263016717,1.3302185983891204,55.993713178520686,36.49,2.0,headache,S011
-9.13,0.23,32.17375661726674,1.3925162474077235,56.00720290213148,36.49,2.0,headache,S011
-6.11,0.23,31.941324115376005,1.7971987099688629,55.997731893117226,36.49,2.0,headache,S011
14.75,0.23,32.171465414376726,1.385474055325689,55.89971862253879,36.49,2.0,headache,S011
-7.61,0.23,31.96248467206171,1.1709137822654112,55.95720856096252,36.5,2.0,headache,S011
-9.55,0.23,32.031885902460104,1.46914747501345,56.0309636480924,36.5,2.0,headache,S011
12.93,0.23,32.10559252200759,1.357696976565592,56.09268065543461,36.5,2.0,headache,S011
2.08,0.23,32.18501729050675,1.1775767629530298,56.03510908185689,36.5,2.0,headache,S011
-15.56,0.23,32.06948559674116,1.4507976596821772,55.967391495524716,36.49,2.0,headache,S011
5.22,0.23,32.142095310532696,1.5200102335361494,55.91191713634058,36.49,2.0,headache,S011
2.93,0.23,32.011225948037804,1.5969877374027333,55.95794290427807,36.49,2.0,headache,S011
-12.86,0.23,32.14843579884288,1.1429284509512911,56.043418837788096,36.49,2.0,headache,S011
5.8,0.23,31.900604118657103,1.2055317178281604,55.95176020452459,36.5,2.0,headache,S011
8.14,0.23,32.059263886010925,1.354746726834031,56.060129953340024,36.5,2.0,headache,S011
-9.32,0.23,31.978286916097048,1.3238844879657043,55.871508505399014,36.5,2.0,headache,S011
8.85,0.23,31.86240075853597,1.2448321961747102,55.97196633079674,36.5,2.0,headache,S011
2.46,0.23,32.068942590604514,1.5679564491247597,55.98713993839186,36.53,2.0,headache,S011
-11.17,0.23,32.11574369142243,1.6374362498735886,56.02365066020724,36.53,2.0,headache,S011
8.36,0.23,31.933324847414337,1.5079123646072465,55.97023249408456,36.53,2.0,headache,S011
1.05,0.23,32.06012131115636,1.1851173647007947,56.03468692421684,36.53,2.0,headache,S011
-11.43,0.23,31.9413084073634,1.523828583459772,55.96029055495982,36.5,2.0,headache,S011
12.72,0.23,32.05893763999252,1.419570668827511,56.04607750820565,36.5,2.0,headache,S011
-1.69,0.23,31.939829299875008,1.3028396217915235,55.94311643981884,36.5,2.0,headache,S011
-11.96,0.23,32.06246363288797,1.1478058805019855,56.092857193412456,36.5,2.0,headache,S011
12.15,0.23,31.933268917258857,1.365230806387569,56.05989718658103,36.53,2.0,headache,S011
-1.74,0.23,32.07731712259463,1.0487243746279238,56.01849399925717,36.53,2.0,headache,S011
-6.97,0.23,31.836195291248455,1.371654556734947,55.96625178859174,36.53,2.0,headache,S011
16.36,0.23,32.01190085960513,1.4509101552960149,56.04311993191673,36.53,2.0,headache,S011
-5.56,0.23,31.964626393016886,1.4402723511500615,55.94853842683545,36.55,2.0,headache,S011
-7.18,0.23,32.04170282283528,1.510091957945312,56.060087931872566,36.55,2.0,headache,S011
13.71,0.23,31.944859830755096,1.4329247053302168,55.93182270352031,36.55,2.0,headache,S011
-5.65,0.23,31.928215356209638,1.1715483053933795,56.04979775166274,36.55,2.0,headache,S011
-13.3,0.23,32.384579117551645,1.4810910164078788,55.7009700082318,36.55,2.0,headache,S011
15.93,0.23,32.14035963406474,1.2844655575061552,56.24801880385802,36.55,2.0,headache,S011
-4.06,0.23,29.59644613246118,1.3152012486834104,56.71483371509953,36.55,2.0,headache,S011
-11.8,0.23,27.243385048055274,0.501669524654585,58.5907099179882,36.55,2.0,headache,S011
10.35,0.23,25.83728771310596,-0.5170666125850315,59.41604550671877,36.55,2.0,headache,S011
-10.87,0.23,25.52999662911408,-0.9354522219812224,59.4992029181869,36.55,2.0,headache,S011
-28.69,0.23,23.49558899744193,0.34091211831595497,60.1354217900076,36.55,2.0,headache,S011
-1.34,0.23,25.439041644666826,0.5585919441317625,59.12141497070399,36.55,2.0,headache,S011
12.5,0.23,24.935752585272738,0.8335228503675545,59.084500657598774,36.57,2.0,headache,S011
19.08,0.23,25.476535364960395,1.0551918435745646,59.16884746603102,36.57,2.0,headache,S011
8.31,0.23,25.93013860273144,1.3919560507248765,59.07624136748348,36.57,2.0,headache,S011
20.23,0.23,27.364266888891144,0.798981062888519,58.632963843383294,36.57,2.0,headache,S011
-20.93,0.23,28.861316446054484,1.5264833472185193,57.86956191907728,36.57,2.0,headache,S011
7.03,0.22,28.279320726744157,1.563726867264908,57.76745331820596,36.57,2.0,headache,S011
18.4,0.23,30.140230178933745,1.516811387561481,57.15713981730025,36.57,2.0,headache,S011
50.36,0.23,29.547802795678248,2.1067430525897537,56.92741375149225,36.57,2.0,headache,S011
-1.52,0.22,29.378080991180585,1.407957407163699,57.313474058439866,36.59,2.0,headache,S011
-57.43,0.22,29.930818516632954,1.7085064050856542,57.085851502420155,36.59,2.0,headache,S011
-20.64,0.23,29.765509174960535,1.611733397403931,57.273957792143406,36.59,2.0,headache,S011
-29.7,0.23,29.662081252106134,2.0888489556470544,57.12068692904841,36.59,2.0,headache,S011
-5.06,0.22,30.42366575330273,1.4002522280807626,57.16004117092786,36.59,2.0,headache,S011
19.69,0.23,29.86372746744449,1.4966131644375698,57.11318650074761,36.59,2.0,headache,S011
8.2,0.23,30.10037164335456,1.392195015663829,56.947453740687656,36.59,2.0,headache,S011
17.52,0.23,29.91979859310959,1.5184091126802701,57.04231378032943,36.59,2.0,headache,S011
17.29,0.23,30.06617060161213,1.50000164430396,56.955485370448244,36.61,2.0,headache,S011
-23.78,0.23,29.944832137197455,1.2336933031150288,57.075541018643136,36.61,2.0,headache,S011
-1.21,0.23,30.04562400357791,1.3287577889934017,57.080917635179965,36.61,2.0,headache,S011
1.13,0.23,29.963889556961416,1.3686256417757936,57.115955486713595,36.61,2.0,headache,S011
3.67,0.23,30.022935202429146,1.2919906389624505,56.99681514793397,36.63,2.0,headache,S011
2.79,0.23,30.088429967510514,1.1356232651888252,57.02673615466541,36.63,2.0,headache,S011
-11.36,0.23,30.04708072975245,1.1181582518752475,57.08408876387043,36.63,2.0,headache,S011
7.22,0.23,29.96938397720772,1.1371160012946282,57.01594543304097,36.63,2.0,headache,S011
0.45,0.23,30.020959125148774,1.2244801384083537,57.00860586306146,36.65,2.0,headache,S011
-11.1,0.23,29.989166250641283,0.9550572774830713,56.98582416612013,36.65,2.0,headache,S011
11.66,0.23,29.994331759749034,1.0453126114854312,57.02649496647855,36.65,2.0,headache,S011
-5.87,0.23,30.080451018321035,0.9567018694703047,56.8788241962218,36.65,2.0,headache,S011
-5.27,0.23,30.067955059297557,1.0416365951410733,57.19803851149645,36.63,2.0,headache,S011
14.04,0.23,29.994482026969294,0.9596016326465961,57.04717713120054,36.63,2.0,headache,S011
-11.93,0.23,30.136870997785344,1.0394986051851343,56.97037414784431,36.63,2.0,headache,S011
1.86,0.23,30.066738217833255,0.9611392990711897,57.02352149933043,36.63,2.0,headache,S011
8.96,0.23,30.061366298189956,1.0384251253669312,56.9796667278132,36.66,2.0,headache,S011
-14.6,0.23,29.954558060044583,0.9618593841052562,57.01820404256385,36.66,2.0,headache,S011
8.58,0.23,30.04047036326237,1.0379473940697919,56.98363683107851,36.66,2.0,headache,S011
1.31,0.23,29.958249883826973,0.9622722832632983,57.01501262505799,36.66,2.0,headache,S011
-10.25,0.23,30.066089475142192,1.0369952069408117,57.183997626685084,36.66,2.0,headache,S011
10.59,0.23,30.198032326375447,1.0858287489109106,56.945647815457896,36.66,2.0,headache,S011
0.28,0.23,30.01592323531647,1.0412287155602766,56.977536467130435,36.66,2.0,headache,S011
-11.71,0.23,29.98070167497439,0.9598147426818404,57.01685971905815,36.66,2.0,headache,S011
13.3,0.23,30.03479190152156,1.0386907399725944,57.02152495744471,36.68,2.0,headache,S011
-8.18,0.23,30.01946570760364,0.9683070721927927,57.21031785856181,36.68,2.0,headache,S011
-4.82,0.23,30.051204834421355,1.1684497701324472,56.99193328121993,36.68,2.0,headache,S011
14.22,0.23,30.136272626991307,1.0353227855448375,57.1234086152505,36.68,2.0,headache,S011
-12.33,0.23,30.022373124253008,1.1698603829795706,57.02285655619694,36.68,2.0,headache,S011
7.08,0.23,29.997314623844787,1.1214214943116654,57.002366545262554,36.68,2.0,headache,S011
7.38,0.23,30.00100622927075,1.0383211552736278,56.98927105319394,36.68,2.0,headache,S011
-16.63,0.23,29.956083090303608,0.9886224313458069,57.017155282270885,36.68,2.0,headache,S011
13.3,0.23,30.025961551447544,1.2397638444487267,56.9723885846681,36.68,2.0,headache,S011
1.76,0.23,30.07079921798097,1.0995899588215512,57.07706002329089,36.68,2.0,headache,S011
-14.7,0.23,30.170382787306753,1.0739796608611896,57.086778190657725,36.68,2.0,headache,S011
17.15,0.23,30.307333618936973,0.8807971082175953,56.95419366794285,36.68,2.0,headache,S011
-6.53,0.23,29.842226465980847,1.9197256388481774,57.15455436302711,36.68,2.0,headache,S011
-11.45,0.23,29.534007754002687,0.8490082962849689,57.19937150662177,36.68,2.0,headache,S011
17.1,0.23,29.50927476204783,0.6408976175785198,57.15512169086939,36.68,2.0,headache,S011
-3.82,0.23,29.633390239242143,1.2240868933871683,57.22801816876278,36.68,2.0,headache,S011
-8.06,0.23,28.404628943122383,0.06197135220014816,57.12162032335941,36.71,2.0,headache,S011
12.82,0.23,28.33145180840125,0.5072595839894444,57.66689137459978,36.71,2.0,headache,S011
-9.92,0.23,29.922707079240748,1.1037749601376767,57.4238219307665,36.71,2.0,headache,S011
-11.37,0.23,29.91708164934646,1.2256341176764822,57.18936944809282,36.71,2.0,headache,S011
12.65,0.23,29.22728613902577,0.9801557114078853,57.59680051432477,36.71,2.0,headache,S011
-5.03,0.23,29.739889871553423,0.9934233816480242,57.32284123351105,36.71,2.0,headache,S011
21.14,0.23,29.55422086558081,0.9011097760777571,57.33608549836127,36.71,2.0,headache,S011
-13.51,0.23,29.778051962955743,0.8918349443591592,57.198148105548675,36.71,2.0,headache,S011
-12.03,0.23,29.47998112788183,1.284334953612464,57.30883281628312,36.71,2.0,headache,S011
19.86,0.23,30.036731497939154,0.9984192464679146,57.304137596979736,36.71,2.0,headache,S011
-12.06,0.23,29.31929467696577,0.5411944263035356,57.484627345852154,36.71,2.0,headache,S011
5.94,0.23,28.845204511513376,0.8079685332332714,57.584293478387565,36.71,2.0,headache,S011
-3.41,0.23,29.51771837852827,0.6452062241486973,57.778894028825114,36.73,2.0,headache,S011
-1.93,0.23,28.95354038340994,0.8638069174579476,57.42251169945621,36.73,2.0,headache,S011
15.14,0.23,29.59797779133604,1.0075443081408173,57.29709878638126,36.73,2.0,headache,S011
-13.27,0.23,29.384061634248898,1.0007006314691282,57.440618167139746,36.73,2.0,headache,S011
19.37,0.23,29.56157558050305,0.9973101457492269,57.25861925285125,36.71,2.0,headache,S011
-16.26,0.23,29.826307032447048,1.0030671975925674,57.4345344028999,36.71,2.0,headache,S011
-2.92,0.23,29.451665277760963,0.9971018845406779,57.211966198155736,36.71,2.0,headache,S011
9.77,0.23,29.989604956870124,1.0025301831838163,57.403695968314544,36.71,2.0,headache,S011
-10.32,0.23,29.908853846619348,0.997940624533557,57.27499951109838,36.75,2.0,headache,S011
16.04,0.23,29.940278203082446,1.0012926154807646,57.200055878476,36.75,2.0,headache,S011
-11.82,0.23,30.018254582244392,1.0016760773979176,56.96777500875572,36.75,2.0,headache,S011
-2.5,0.23,29.995727179445318,0.9015322131990461,57.364978628825476,36.75,2.0,headache,S011
8.22,0.23,29.99170897916426,0.8893226009534739,57.22745145150105,36.75,2.0,headache,S011
-10.79,0.23,30.030682778474905,0.942630848786353,56.95433768833853,36.75,2.0,headache,S011
14.45,0.23,29.76605549314783,1.0240700831628873,57.3195625887853,36.75,2.0,headache,S011
-6.56,0.23,29.957353569729026,0.8614906291627871,57.10252181988755,36.75,2.0,headache,S011
-6.39,0.23,29.936678524444353,0.9611524946989716,57.078319782898674,36.75,2.0,headache,S011
13.6,0.23,29.92294855181057,0.7541465901952464,57.197148185108716,36.75,2.0,headache,S011
-13.54,0.23,29.927500643268356,0.66150540803801,57.19763261458103,36.75,2.0,headache,S011
9.17,0.23,29.94440921353026,0.8775335696231302,57.20253533517642,36.75,2.0,headache,S011
5.26,0.23,30.04164979514786,0.9343958158469625,57.18864184380267,36.77,2.0,headache,S011
-12.37,0.23,29.93510721754872,0.7386947727171083,57.09681874016735,36.77,2.0,headache,S011
7.16,0.23,29.68302688481478,0.7202976839165265,57.067689856272125,36.77,2.0,headache,S011
-2.18,0.23,29.57888866563894,0.8183143617234887,57.08426664877407,36.77,2.0,headache,S011
-13.24,0.23,30.05972809415242,0.7959362285807914,57.0119440650545,36.77,2.0,headache,S011
14.34,0.23,29.949418175857282,0.9914663758279563,57.163126714934705,36.77,2.0,headache,S011
-3.24,0.23,30.051511353663255,0.9874142749710504,57.02874369856162,36.77,2.0,headache,S011
-9.83,0.23,29.921187313163895,0.6881382668985327,57.45181481218867,36.77,2.0,headache,S011
12.69,0.23,29.89224537799658,0.9595651756133359,57.206888412920804,36.79,2.0,headache,S011
-5.64,0.23,29.854817781797845,0.7026642732613692,57.29191815785017,36.79,2.0,headache,S011
-7.66,0.23,29.948475217743034,0.7615296261363811,57.14258291818019,36.79,2.0,headache,S011
14.53,0.23,29.860043792051684,0.9463613801254592,57.36029202310898,36.79,2.0,headache,S011
-8.9,0.23,29.733392174001768,0.843179425933183,57.12721114674054,36.81,2.0,headache,S011
-4.97,0.25,30.043441204046886,0.9794599207416081,57.259959380640524,36.81,2.0,headache,S011
12.52,0.23,29.751173861955326,0.748278099599497,57.197670580095235,36.81,2.0,headache,S011
-12.68,0.23,29.97515467656847,0.7876512287215822,57.369228713856884,36.81,2.0,headache,S011
-1.88,0.23,29.711403223896458,0.831601087055708,57.23205344496485,36.81,2.0,headache,S011
12.95,0.23,29.696836295313293,0.9917466933269451,57.10522090273045,36.81,2.0,headache,S011
-14.09,0.23,29.99652437716207,0.817718912044192,57.21985512545628,36.81,2.0,headache,S011
3.92,0.23,29.885711023353007,1.0127114711435525,57.13012844896311,36.81,2.0,headache,S011
4.71,0.23,29.83201670219013,0.4817850018564351,57.2423425063595,36.84,2.0,headache,S011
-11.05,0.23,29.9141168410945,0.7867982928436439,57.36818415635792,36.84,2.0,headache,S011
13.64,0.23,29.721759286513763,0.9304985405003793,57.17717443290944,36.84,2.0,headache,S011
-3.2,0.23,29.707385857111756,0.8726089908621382,57.14611561037103,36.84,2.0,headache,S011
-6.3,0.23,29.803629946951215,0.8400944153166023,57.30077998852976,36.83,2.0,headache,S011
13.79,0.23,29.851399196915118,0.8053475551799049,57.25369158583754,36.83,2.0,headache,S011
-12.31,0.23,29.935398568425942,0.8956207210070855,57.392020677668626,36.83,2.0,headache,S011
3.74,0.23,29.881569381218196,0.9468531321073156,57.280220084364494,36.83,2.0,headache,S011
7.6,0.23,29.791594309051785,0.9817909934326746,57.23011517900651,36.84,2.0,headache,S011
-11.79,0.23,30.01235730390864,0.8689760449625065,57.062263641640264,36.84,2.0,headache,S011
9.73,0.23,29.77800597773346,1.0587539104128292,56.922509359046124,36.84,2.0,headache,S011
-0.99,0.23,29.814961265885987,0.940242546334505,57.2791646323801,36.84,2.0,headache,S011
-9.21,0.23,30.06213807702682,0.8591883426465062,57.2982774625638,36.87,2.0,headache,S011
12.75,0.23,29.91670001756919,0.8666327969412606,57.19582989490068,36.87,2.0,headache,S011
-5.64,0.23,29.925026399607813,0.576351712987564,57.154772464477794,36.87,2.0,headache,S011
-0.14,0.23,29.775416669844624,0.7963363958906927,57.08433711906029,36.87,2.0,headache,S011
12.53,0.23,29.776585365612732,0.6857755140839207,57.05008297658079,36.87,2.0,headache,S011
-10.36,0.23,29.945047932216518,0.6064174857081187,57.02989508517301,36.87,2.0,headache,S011
-3.09,0.23,30.008280965565167,0.6173822456302176,57.36611847266734,36.87,2.0,headache,S011
12.97,0.23,29.77579435985114,0.5190114306064944,57.36613242692406,36.87,2.0,headache,S011
-11.33,0.23,29.60615450500953,0.4098825363653332,57.28265301466639,36.87,2.0,headache,S011
-1.53,0.23,29.66310802951605,0.7266459008554874,57.15823508182642,36.87,2.0,headache,S011
12.51,0.22,29.351782003491568,0.11510476944582942,57.2790327045531,36.87,2.0,headache,S011
-9.98,0.23,29.4437079496234,0.3707219351997969,57.389277963607455,36.87,2.0,headache,S011
-3.33,0.23,29.461517257684992,0.3084102290263605,57.47498715784959,36.91,2.0,headache,S011
12.34,0.23,29.141818165608424,0.35059342871811744,57.37693121516123,36.91,2.0,headache,S011
-9.98,0.23,29.313317244183434,0.2434694317312426,57.63449038159286,36.91,2.0,headache,S011
-4.81,0.23,29.08879707967459,0.147179559611692,57.74202474144048,36.91,2.0,headache,S011
11.69,0.23,29.275554978595334,0.01991289287211265,57.46299736228877,36.91,2.0,headache,S011
-8.74,0.23,29.43987515672744,0.07220462446437989,57.657960335204294,36.91,2.0,headache,S011
-0.41,0.23,29.57179182948094,0.07809515138043173,57.68604149752456,36.91,2.0,headache,S011
9.96,0.23,29.406520821349815,-0.02888849281617215,57.45777924567347,36.91,2.0,headache,S011
-9.92,0.23,29.46349990708778,0.46226162345800126,57.437103400924,36.93,2.0,headache,S011
-2.51,0.23,29.609195056499388,0.4289711973899371,57.48326219960916,36.93,2.0,headache,S011
6.61,0.23,29.61630568690624,0.37648488069863817,57.14295760804531,36.93,2.0,headache,S011
-10.62,0.23,29.58607694042054,0.4262958416523295,57.312775745511566,36.93,2.0,headache,S011
-4.47,0.23,29.618939877170046,0.29657284886915963,57.550992595276185,36.93,2.0,headache,S011
10.14,0.22,29.257662097890112,0.2876799124878805,57.50398262510678,36.93,2.0,headache,S011
-8.07,0.22,29.635327104494912,0.1952634055476291,57.609378449396424,36.93,2.0,headache,S011
1.78,0.23,29.200516611754736,0.24916102628448425,57.458033256887376,36.93,2.0,headache,S011
10.34,0.23,29.46762162705763,0.20754879099943352,57.49746475469809,36.93,2.0,headache,S011
-11.61,0.22,29.449838037158077,0.10664511128562207,57.305790881125255,36.93,2.0,headache,S011
3.52,0.23,29.481535238897166,-0.07230926564448009,57.45369769247412,36.93,2.0,headache,S011
8.34,0.23,29.457968381306074,0.229287377827878,57.55790616472896,36.93,2.0,headache,S011
-11.82,0.23,29.490044749463657,0.0675300568676134,57.51752236431307,36.97,2.0,headache,S011
2.25,0.23,29.536139987214895,0.19825268281104538,57.5362495115431,36.97,2.0,headache,S011
9.65,0.22,29.180031894367637,0.2832187955088213,57.27189190898544,36.97,2.0,headache,S011
-9.56,0.23,29.27062273126449,0.0970649499538967,57.73254115483929,36.97,2.0,headache,S011
-4.09,0.23,29.149568394095635,0.4359720154620433,57.53434754025112,36.99,2.0,headache,S011
10.57,0.22,29.1411312202794,0.3258638259471175,57.27018728423743,36.99,2.0,headache,S011
-7.78,0.22,29.394166864258455,0.13302795876051265,57.75565208430497,36.99,2.0,headache,S011
2.31,0.23,29.179868597209282,0.1848131434087636,57.63896250648308,36.99,2.0,headache,S011
5.77,0.23,29.262804578245834,0.12322183677352128,57.92592900191626,36.99,2.0,headache,S011
-13.12,0.22,29.36757084259167,-0.0754287698279358,57.48560914238167,36.99,2.0,headache,S011
8.96,0.23,29.470728287503082,0.15954946469368092,57.227718855639004,36.99,2.0,headache,S011
3.26,0.23,29.486584086580397,-0.02502584407026573,57.132741354955286,36.99,2.0,headache,S011
-12.71,0.23,29.937327166154446,0.5189149839468086,57.23638615948105,36.99,2.0,headache,S011
13.21,0.22,29.433201118310116,0.8014796387794442,57.32148939513633,36.99,2.0,headache,S011
-3.35,0.22,29.671541888811912,0.20824886451811211,57.68832540413573,36.99,2.0,headache,S011
-9.21,0.23,29.39295367727967,0.4165364868804095,57.19682171114586,36.99,2.0,headache,S011
12.15,0.23,29.71101500792513,0.5239285548602296,57.02641593662384,36.99,2.0,headache,S011
-3.9,0.22,29.466951087161746,0.27337015800242515,57.6062998055184,36.99,2.0,headache,S011
-0.67,0.23,29.58989722046506,0.5709163678703539,57.47782727093537,36.99,2.0,headache,S011
9.95,0.23,29.272125472274283,0.25422774375817014,57.474572651207744,36.99,2.0,headache,S011
-7.63,0.23,29.131582320793065,0.20861232867775636,57.3776180065943,37.0,2.0,headache,S011
1.17,0.22,29.5561962810707,0.33599232448366206,57.214020121706525,37.0,2.0,headache,S011
10.56,0.23,29.285088297034513,0.48101972817245453,57.23855304580575,37.0,2.0,headache,S011
-10.83,0.23,29.49965359596763,0.060415193363319665,57.32810099756252,37.0,2.0,headache,S011
0.39,0.23,29.50968154037469,0.3076322781263699,57.42309237842061,37.0,2.0,headache,S011
11.63,0.22,29.928887832722623,0.29829529558197687,57.59670939341581,37.0,2.0,headache,S011
-12.96,0.23,29.62586016747374,0.21409661093477914,57.27762489598466,37.0,2.0,headache,S011
1.31,0.23,29.631395139250884,0.13275742093944215,57.406750027087185,37.0,2.0,headache,S011
10.69,0.22,29.290271424685603,0.3210734837995264,57.50050591385757,37.03,2.0,headache,S011
-11.44,0.22,29.55728804898452,0.13163856372210256,57.520704961070386,37.03,2.0,headache,S011
-2.46,0.23,29.573900097258935,0.32544222767904196,57.48739740862152,37.03,2.0,headache,S011
14.88,0.23,29.620413853432975,0.3137712361099474,57.423720920391354,37.03,2.0,headache,S011
-7.76,0.22,29.437600359580685,0.3069306550380441,57.53026568727445,37.0,2.0,headache,S011
-7.62,0.22,29.405204315346158,0.5313279521194054,57.7090334614418,37.0,2.0,headache,S011
13.2,0.23,29.648663311583253,0.4723138274666799,57.30836441151947,37.0,2.0,headache,S011
-6.17,0.22,29.397590454630222,0.26391831867373916,57.41014968970533,37.0,2.0,headache,S011
-7.95,0.22,29.51799518795639,0.27919589202555306,57.39190757027019,37.03,2.0,headache,S011
12.13,0.23,29.803786928487913,0.3295125851274428,57.306738469456185,37.03,2.0,headache,S011
-5.51,0.23,29.29285294424559,0.2935652905809476,57.282342441262635,37.03,2.0,headache,S011
-11.08,0.22,29.592392965138078,0.1037103931055368,57.2900294017894,37.03,2.0,headache,S011
6.79,0.22,29.278964062529695,0.1301489075255288,57.55139680438021,37.03,2.0,headache,S011
-0.92,0.23,29.43233828852634,0.21465895550810427,57.62234151994397,37.03,2.0,headache,S011
0.0,0.23,29.0810608817107,0.22363292153089082,57.54294396469589,37.03,2.0,headache,S011
11.15,0.22,30.069276146675335,0.5100208777173105,57.395224033587496,37.03,2.0,headache,S011
-10.25,0.22,29.559671544902088,-0.06307541676097571,57.782318511957676,37.03,2.0,headache,S011
0.19,0.23,29.47002187014811,0.7095976683988973,57.040513543515615,37.03,2.0,headache,S011
9.2,0.23,29.795063145434145,0.12061261206130776,57.36375105564793,37.03,2.0,headache,S011
-6.68,0.22,29.86435905970381,0.23240209721841204,57.382574888493664,37.03,2.0,headache,S011
0.91,0.23,29.52557809029972,0.2738473374004354,57.561150944571345,37.03,2.0,headache,S011
-7.6,0.22,29.518408471932165,-0.004226321950664394,57.364385769144825,37.03,2.0,headache,S011
3.39,0.23,29.50069432701874,0.16262251492141386,57.48861017006724,37.03,2.0,headache,S011
13.14,0.22,29.300989560402268,0.30044962439512474,57.45469847744098,37.03,2.0,headache,S011
-9.89,0.23,29.23470480703352,0.12498553273485534,57.38407735244757,37.05,2.0,headache,S011
0.11,0.23,29.190121442035853,0.0799199234546122,57.66665616022591,37.05,2.0,headache,S011
11.01,0.23,29.049456908589807,-0.030552168230631074,57.8764127765039,37.05,2.0,headache,S011
-11.36,0.23,29.249998378921287,0.18804562163234467,57.62767363858194,37.05,2.0,headache,S011
1.15,0.23,29.206853220453777,0.43568679281926315,57.216483373618324,37.03,2.0,headache,S011
7.66,0.23,30.346736135742063,0.5924329944698705,57.274183425083066,37.03,2.0,headache,S011
-12.37,0.22,29.170482447405828,0.045469720159210046,57.52432645381242,37.03,2.0,headache,S011
13.18,0.22,30.265259666832268,0.6747147549738466,57.05854344878305,37.03,2.0,headache,S011
-0.66,0.23,29.13133506837407,0.051105221155232555,57.83938094924213,37.05,2.0,headache,S011
-9.1,0.23,30.138506000301668,0.9417234936043539,57.04775488396234,37.05,2.0,headache,S011
-5.38,0.23,29.17856437323048,0.2654846638731226,57.50664815100559,37.05,2.0,headache,S011
7.11,0.22,29.140130774316855,0.16562300111876027,57.85523545121922,37.05,2.0,headache,S011
1.32,0.23,29.14707468284867,-0.0010570631039579516,57.625414628798836,37.05,2.0,headache,S011
6.18,0.23,29.11571846730146,0.181467622142336,57.64056654184789,37.05,2.0,headache,S011
-2.9,0.22,29.966916094771857,0.45109990975675224,57.06214879670662,37.05,2.0,headache,S011
-14.82,0.23,29.191309279275753,0.2608249672339308,57.467644863344574,37.05,2.0,headache,S011
15.44,0.23,29.820931443953942,0.7033665462835039,57.389685556295184,37.07,2.0,headache,S011
-4.36,0.23,29.928431434241787,0.5047255271813826,57.27670914432018,37.07,2.0,headache,S011
-1.06,0.22,30.115079185256235,0.23770245853974864,56.93249475660438,37.07,2.0,headache,S011
0.5,0.23,29.652877882985507,0.28829851999108297,57.39686648337597,37.07,2.0,headache,S011
-4.05,0.23,29.942195374500216,0.15272460130868737,57.11747088619398,37.07,2.0,headache,S011
-0.19,0.23,30.0271297713301,0.5241252480199566,57.03394562708304,37.07,2.0,headache,S011
8.87,0.23,29.888320447366844,0.4643183407372925,56.94364464938439,37.07,2.0,headache,S011
-11.74,0.22,30.094739312538728,0.30573681420954885,57.07782802041958,37.07,2.0,headache,S011
4.86,0.23,29.655310558944873,0.3171232384012822,57.20872706824096,37.07,2.0,headache,S011
1.1,0.23,30.03424723553132,-0.16839238539147644,57.360735114661,37.07,2.0,headache,S011
-13.38,0.23,29.253644313572877,0.23082261599989154,57.44520356952337,37.07,2.0,headache,S011
7.46,0.23,30.08400666544285,0.3310851062010308,57.17021275705057,37.07,2.0,headache,S011
-7.78,0.23,29.424307182515022,-0.024178451321149513,57.309764160038995,37.07,2.0,headache,S011
13.24,0.23,29.797167064499035,0.017251771439584767,57.40798054375303,37.07,2.0,headache,S011
-3.14,0.23,29.628664840033842,0.10918650046743215,57.22626113937374,37.07,2.0,headache,S011
1.91,0.22,29.750385070568047,0.1474315035389925,57.52748130776287,37.07,2.0,headache,S011
10.3,0.23,29.948502457062173,-0.0119500471607026,57.208727056722495,37.07,2.0,headache,S011
-7.41,0.23,29.995015232878366,0.00456802461817081,57.23931934106372,37.07,2.0,headache,S011
5.27,0.22,29.77094261644454,0.0007089245044650372,57.44549363641277,37.07,2.0,headache,S011
-0.51,0.23,29.774522235285836,-0.006711228520782345,57.30831061983586,37.07,2.0,headache,S011
6.41,0.23,29.69763022662842,0.020535258231567082,57.52271280233284,37.09,2.0,headache,S011
-1.1,0.23,29.258004341963225,0.24732368770304686,57.691588736010914,37.09,2.0,headache,S011
-4.62,0.22,29.688069640364258,0.11017837013367271,57.445330966758604,37.09,2.0,headache,S011
2.79,0.23,29.63317321216782,0.0012580870348593831,57.22005048972246,37.09,2.0,headache,S011
-10.92,0.23,29.766161315986704,0.005257904919553876,57.17129558772087,37.05,2.0,headache,S011
1.26,0.23,29.759251284522954,-0.017676625127944174,57.426560684533975,37.05,2.0,headache,S011
1.77,0.22,29.604679106503376,0.09272584356741936,56.930336686683454,37.05,2.0,headache,S011
-13.47,0.23,29.704888623577553,0.0628442051316715,57.47152937514443,37.05,2.0,headache,S011
10.28,0.23,29.640565892216372,-0.02896425911098621,57.404871364249,37.07,2.0,headache,S011
0.3,0.23,29.840324877903786,0.020652183875078632,57.49616818851585,37.07,2.0,headache,S011
0.86,0.22,29.66574465786905,-0.016945076821161947,57.36219643472893,37.07,2.0,headache,S011
13.89,0.22,29.238101597866077,0.014913469484495363,57.36758491320342,37.07,2.0,headache,S011
-10.76,0.23,29.566936620533824,-0.01369515100376925,57.43838812018022,37.05,2.0,headache,S011
-0.11,0.23,29.423986243460188,0.012942534824603008,57.51262284987029,37.05,2.0,headache,S011
9.9,0.22,29.351966231019116,-0.012487544212775885,57.37440613856415,37.05,2.0,headache,S011
-8.88,0.23,29.23987882142075,0.01223860377708246,57.70526053874759,37.05,2.0,headache,S011
-2.91,0.23,29.43839113947366,-0.012141468286102809,57.339767267689766,37.07,2.0,headache,S011
9.11,0.23,29.40177414555565,0.01216199945876672,57.6088754249447,37.07,2.0,headache,S011
-4.84,0.22,29.151937741346384,-0.01227774357158934,57.5244541205867,37.07,2.0,headache,S011
-9.47,0.22,29.42610501666544,0.012473463286570511,57.22702217891068,37.07,2.0,headache,S011
9.88,0.23,29.62902410242916,-0.0127386098505083,57.52728710963097,37.07,2.0,headache,S011
-1.02,0.23,29.27035347563686,0.013065817184398101,57.45331489977143,37.07,2.0,headache,S011
-10.86,0.22,29.690822667843538,-0.013449966419463454,57.52593799335324,37.07,2.0,headache,S011
0.81,0.22,29.23542702779648,0.013887584921301491,57.429088763668254,37.07,2.0,headache,S011
3.33,0.23,29.333417448534693,-0.014376449974080939,57.51564524239248,37.05,2.0,headache,S011
-10.92,0.23,29.691877944805032,0.014915322529542103,57.51178287978414,37.05,2.0,headache,S011
8.33,0.22,29.379937815465315,-0.015503766565575665,57.42531624018555,37.05,2.0,headache,S011
4.8,0.22,29.57012074709206,0.016142026742215446,57.42452223193854,37.05,2.0,headache,S011
-11.72,0.23,29.43527518661425,-0.016830947162818865,57.33858224864396,37.07,2.0,headache,S011
2.3,0.23,29.83745517242471,0.017571920232070326,57.52907551377401,37.07,2.0,headache,S011
8.94,0.22,29.708882752356093,-0.018366858511200186,57.46069061699246,37.07,2.0,headache,S011
-13.0,0.22,29.709535698719556,0.019218185028246484,57.35695871518696,37.07,2.0,headache,S011
5.82,0.23,29.922351061401013,-0.020128839247651072,57.21289584434987,37.05,2.0,headache,S011
6.25,0.23,29.271406216574245,0.021102297154267733,57.54088496231146,37.05,2.0,headache,S011
-11.5,0.22,29.652507092098073,-0.02214260486571392,57.58101708459081,37.05,2.0,headache,S011
3.83,0.22,29.314390173270496,0.023254425985962113,57.557811168176684,37.05,2.0,headache,S011
5.38,0.23,29.34441878891138,-0.02444310364488545,57.47605185769806,37.05,2.0,headache,S011
-4.11,0.23,29.460285430595448,0.025714738910777638,57.68983880658412,37.05,2.0,headache,S011
14.8,0.22,29.343030305652476,-0.027076288086357085,57.598987936570985,37.05,2.0,headache,S011
-7.57,0.23,29.029775890171866,0.028535682383041227,57.686879743466946,37.05,2.0,headache,S011
-1.16,0.23,29.138724732611674,-0.03010197470708062,57.40020575070172,37.05,2.0,headache,S011
13.27,0.23,29.014445213176874,0.03178551992132106,57.88810119751491,37.05,2.0,headache,S011
-10.28,0.23,29.167035715181385,-0.03359819716122439,57.65120183333567,37.05,2.0,headache,S011
-0.13,0.23,29.11308339091023,0.035553685879754014,57.784809521110276,37.05,2.0,headache,S011
13.37,0.23,29.001423852928827,-0.037667811746651216,57.68304379306569,37.03,2.0,headache,S011
-10.03,0.22,29.258560094417827,0.039958985106006,57.85025768627124,37.03,2.0,headache,S011
-4.51,0.22,29.128261678919955,-0.04244876472973203,57.46399454523734,37.03,2.0,headache,S011
12.17,0.23,29.15816937023133,0.04516259542540938,57.784900500681644,37.03,2.0,headache,S011
-0.59,0.23,29.218890846967575,-0.04813079399510614,57.764593171625215,37.05,2.0,headache,S011
-13.88,0.22,29.052269784020258,0.05138990245196381,57.792113450038244,37.05,2.0,headache,S011
10.45,0.22,29.126080451418407,-0.054984607329105886,57.20389283889031,37.05,2.0,headache,S011
4.7,0.23,29.052201306644093,0.05897057620156924,57.80162658027076,37.05,2.0,headache,S011
-15.21,0.23,29.107140668932917,-0.06341887237206185,57.75565752254754,37.05,2.0,headache,S011
-1.92,0.22,29.109561028047562,0.06842328888329811,57.87937256642803,37.05,2.0,headache,S011
13.21,0.22,29.01535023656044,-0.07411357618559994,57.60557545498543,37.05,2.0,headache,S011
-8.23,0.22,29.160210032820444,0.08068190240652806,57.61171417560031,37.05,2.0,headache,S011
0.21,0.23,29.388143276106508,-0.08844318744478974,57.365677959414136,37.03,2.0,headache,S011
9.05,0.22,28.910217636526607,0.09799776307880266,57.9816952390185,37.03,2.0,headache,S011
-4.68,0.22,29.107698452341594,-0.11077496417906378,57.89965603573156,37.03,2.0,headache,S011
-11.38,0.25,28.81671949914381,0.13112689836372746,58.069660684360024,37.03,2.0,headache,S011
13.2,0.22,28.96127389244959,-0.5624461538581921,57.624263526476,37.05,2.0,headache,S011
-10.2,0.22,28.716745321441607,-0.45699411913743343,58.224842144519876,37.05,2.0,headache,S011
-12.05,0.22,28.860656645712154,-0.4971988037647375,57.7503454600291,37.05,2.0,headache,S011
10.88,0.23,28.639589624027465,-0.3420845571226749,58.104346547533304,37.05,2.0,headache,S011
8.44,0.23,28.339484577749875,-1.199523484975502,57.80348904488001,37.05,2.0,headache,S011
-9.89,0.22,29.09848252614716,-0.29053801294844284,58.027387951266945,37.05,2.0,headache,S011
9.43,0.22,28.535445121466505,-0.38870321160172955,57.55464704001362,37.05,2.0,headache,S011
-10.87,0.23,28.93998159118517,-0.42217558656259213,57.92523057601151,37.05,2.0,headache,S011
-2.74,0.23,27.620112267508286,-2.1344348721610045,56.540558549313744,37.0,2.0,headache,S011
5.35,0.23,25.57716438841736,-8.20244068060428,61.11578959494786,37.0,2.0,headache,S011
-14.61,0.25,21.39647841388619,-13.57173926564553,58.667842095216805,37.0,2.0,headache,S011
-11.79,0.23,21.148162598286003,-12.657943230444108,58.77767939558968,37.0,2.0,headache,S011
-6.78,0.23,11.43572982215165,-25.060807319530834,59.69806001624039,37.0,2.0,headache,S011
-11.94,0.23,10.314962211516873,-25.446274038387653,57.78051849289228,37.0,2.0,headache,S011
24.49,0.24,10.750496725128318,-24.23139319234788,60.97590779351025,37.0,2.0,headache,S011
-86.03,0.24,10.994565859260257,-9.981196811423862,60.023446017962925,37.0,2.0,headache,S011
48.57,0.24,11.738045130277484,-11.812390247394996,59.36424414701147,36.99,2.0,headache,S011
83.01,0.24,12.076335098580511,-29.752628061398056,61.62977883676053,36.99,2.0,headache,S011
30.12,0.24,21.6597376729261,-10.403459045202577,61.42221410766481,36.99,2.0,headache,S011
63.61,0.24,15.786632437341398,-10.828235200693733,64.00601454142758,36.99,2.0,headache,S011
30.81,0.24,19.319319833539687,-10.72385901976015,59.303908923459645,36.99,2.0,headache,S011
-43.65,0.24,8.685474082209746,-20.361577773158956,59.6875968995485,36.99,2.0,headache,S011
-27.31,0.24,22.67527037763787,-4.151428553210011,63.30276072943542,36.99,2.0,headache,S011
-36.04,0.23,21.678227020897896,-10.673636432231776,64.74490236779828,36.99,2.0,headache,S011
-29.2,0.24,2.173349066453811,12.350694184951633,59.11036583112023,36.99,2.0,headache,S011
-19.11,0.24,25.082035726794864,5.294929024792101,57.65665145517456,36.99,2.0,headache,S011
42.36,0.24,38.04246093629963,13.731086157780508,55.13391969274063,36.99,2.0,headache,S011
-59.51,0.25,30.011087244519647,2.3713553554246114,54.87773024014914,36.99,2.0,headache,S011
2.22,0.24,21.465926209502268,-2.7353915540535145,63.044885203376396,37.0,2.0,headache,S011
60.34,0.23,18.492734201573477,0.07801498613806847,60.06310102773118,37.0,2.0,headache,S011
33.41,0.23,21.525381860544346,-2.1090143610222194,61.89497821712387,37.0,2.0,headache,S011
11.32,0.24,22.460333730361487,-2.6468130508687038,60.17428257049935,37.0,2.0,headache,S011
-73.4,0.24,21.422210860945523,-3.182908155300501,61.33119219693513,36.99,2.0,headache,S011
-1.17,0.24,21.69292458417611,-2.513202677373772,60.427339264907886,36.99,2.0,headache,S011
-4.52,0.24,22.359961495823686,-2.8922610843369085,60.864926094061346,36.99,2.0,headache,S011
27.85,0.24,21.87514957773189,-2.2812792361608727,60.32048944666851,36.99,2.0,headache,S011
-19.86,0.24,21.881080303210606,-2.6435854292015564,61.348490771742746,36.99,2.0,headache,S011
-22.93,0.24,23.275239393311594,-3.1488260467256692,59.985327368124175,36.99,2.0,headache,S011
-8.69,0.25,21.933271328472607,-2.4246892817139476,60.82980354976285,36.99,2.0,headache,S011
-8.73,0.25,21.393870588882507,-2.97409169885424,60.35072329323038,36.99,2.0,headache,S011
11.23,0.25,21.39965291135405,-3.070873218279347,61.362185901927475,36.99,2.0,headache,S011
-2.05,0.25,21.11022308937035,-3.052038359132795,60.432852310799284,36.99,2.0,headache,S011
-34.29,0.25,23.277711810982876,-2.750690781383674,60.697616007460574,36.99,2.0,headache,S011
-5.57,0.25,19.02062261230548,-2.131765920332886,60.80405671625637,36.99,2.0,headache,S011
-21.2,0.25,19.293520833306204,-3.4652386201417733,61.28406325944997,36.97,2.0,headache,S011
44.7,0.25,26.204006803622413,-2.891208597262071,58.839950995905674,36.97,2.0,headache,S011
-13.13,0.25,28.52850433436125,-4.152703499299392,57.929846437020224,36.97,2.0,headache,S011
-101.32,0.25,29.88433283789067,-4.464464224066921,57.16540049204558,36.97,2.0,headache,S011
137.25,0.25,29.756038861899984,-5.4171323725455265,57.373277977399376,36.97,2.0,headache,S011
71.69,0.25,29.827211942866562,-5.100484275262503,56.883200984850625,36.97,2.0,headache,S011
-32.22,0.25,29.48266501486228,-5.255887548024186,57.236913958158055,36.97,2.0,headache,S011
-21.98,0.25,30.059577119317563,-5.229019984535902,56.790503516248016,36.97,2.0,headache,S011
8.05,0.25,29.65834456004222,-5.426400073180103,57.217549370010545,36.95,2.0,headache,S011
4.35,0.25,30.024898018634904,-5.744937951447584,56.94897522322099,36.95,2.0,headache,S011
-15.02,0.26,29.49632946149795,-5.465781456917294,57.120792718558135,36.95,2.0,headache,S011
8.95,0.26,29.754735044144123,-5.460256870964726,56.893631002995406,36.95,2.0,headache,S011
-13.32,0.25,29.761213158098126,-5.554704143491684,57.36990988860658,36.95,2.0,headache,S011
12.16,0.26,29.860367979042486,-5.194106406273122,56.94538378058524,36.95,2.0,headache,S011
-7.41,0.26,29.884980618091777,-5.753876027185405,57.236945560595345,36.95,2.0,headache,S011
6.21,0.25,29.873741547644805,-5.438585009215637,56.98366114518493,36.95,2.0,headache,S011
6.62,0.25,29.660605561659484,-5.6260512018657,57.35245657311566,36.95,2.0,headache,S011
-3.81,0.26,30.106357751797656,-5.746824107420989,56.82224062890507,36.95,2.0,headache,S011
7.41,0.25,29.812733442456924,-5.488793621637454,57.212872307799685,36.95,2.0,headache,S011
0.28,0.25,30.03032371526293,-6.00313463165304,56.968482670407255,36.95,2.0,headache,S011
-5.43,0.25,29.962347637078125,-5.773595689245994,57.21562275442164,36.95,2.0,headache,S011
11.94,0.26,29.727953301608274,-5.643338501222432,56.88023736130941,36.95,2.0,headache,S011
-14.18,0.26,29.835942770149632,-5.674249790867835,57.219300420072486,36.95,2.0,headache,S011
7.55,0.26,29.92263224183721,-5.425571379707843,56.9455509812402,36.95,2.0,headache,S011
1.07,0.26,29.86691376828121,-5.7884487031380845,57.21030985589745,36.91,2.0,headache,S011
-5.75,0.26,30.05135837398001,-5.6467847057118385,56.873114291552696,36.91,2.0,headache,S011
9.0,0.26,29.67098213225342,-5.39246911768977,57.1220655121104,36.91,2.0,headache,S011
-3.77,0.26,29.898858458708315,-5.830593282484973,57.1411882192773,36.91,2.0,headache,S011
-5.68,0.26,29.796445269489908,-5.288585631996655,57.19465463464061,36.91,2.0,headache,S011
11.49,0.26,29.612900899229665,-5.808318718939254,57.01909516251157,36.91,2.0,headache,S011
-12.6,0.26,29.70050655178508,-5.7744150176005355,57.13991118297941,36.91,2.0,headache,S011
0.91,0.26,29.580875405195364,-5.53733491725228,57.12930429621908,36.91,2.0,headache,S011
6.86,0.28,29.59615760916937,-5.543297443008793,57.20604608897979,36.91,2.0,headache,S011
-8.89,0.26,29.96564531896824,-5.788400374812478,56.97438128696502,36.91,2.0,headache,S011
2.11,0.26,29.706111224772478,-5.471725111458614,57.192838509674566,36.91,2.0,headache,S011
8.38,0.26,29.5170680953083,-5.491899457554769,56.88377262824072,36.91,2.0,headache,S011
-13.86,0.26,29.837482957615478,-5.708252178179132,57.13757932782043,36.91,2.0,headache,S011
9.53,0.26,29.514638870696032,-5.315580629036807,57.096738230655205,36.91,2.0,headache,S011
-1.41,0.26,29.462053258465744,-5.506921841225923,57.21280314996629,36.91,2.0,headache,S011
-8.49,0.26,29.86797879682657,-5.681575194236877,56.96139149186081,36.91,2.0,headache,S011
9.39,0.26,29.533229903950133,-5.784070197534567,57.04204728652053,36.89,2.0,headache,S011
-3.53,0.26,29.642747607149182,-5.485190428100947,57.25704041897074,36.89,2.0,headache,S011
-6.98,0.26,29.698491374844302,-5.735889398641646,57.14839092970396,36.89,2.0,headache,S011
11.49,0.26,29.492321800319935,-5.6013168045813515,56.90978555593601,36.89,2.0,headache,S011
-10.98,0.26,29.294042272184925,-6.094934015425692,57.17824677462306,36.89,2.0,headache,S011
3.7,0.26,29.72102884071327,-5.753445383507676,57.04455526172332,36.89,2.0,headache,S011
2.13,0.26,29.571991250734573,-5.5937967585515915,57.102831964253774,36.89,2.0,headache,S011
-7.59,0.26,29.62284043271388,-5.751739666851974,56.98025780479985,36.89,2.0,headache,S011
8.84,0.26,29.28601761317407,-5.7805233386552155,57.28429776778988,36.89,2.0,headache,S011
-5.65,0.26,29.61251995991664,-5.8484659454537065,57.21171562063423,36.89,2.0,headache,S011
-5.29,0.26,29.404435443298162,-5.776380013800495,57.26820070085361,36.89,2.0,headache,S011
13.31,0.26,29.606543598705024,-5.574925387602361,57.23845066635543,36.89,2.0,headache,S011
-12.6,0.26,29.37951568318114,-5.767243441705571,57.17562012348683,36.89,2.0,headache,S011
7.29,0.26,29.53208088067231,-5.70094749682558,56.862956246839715,36.89,2.0,headache,S011
7.98,0.26,29.09159873917392,-5.648084463704119,57.275418273025416,36.89,2.0,headache,S011
-11.07,0.26,29.364028799149402,-5.990203183704598,57.17461222646495,36.89,2.0,headache,S011
4.5,0.26,29.184909569174387,-5.8325811682880575,57.36981955520799,36.89,2.0,headache,S011
7.95,0.26,28.994194884822427,-5.927849873680287,57.190354509520525,36.89,2.0,headache,S011
-14.96,0.26,29.018643262698287,-6.008856791594652,57.34377530525023,36.89,2.0,headache,S011
7.54,0.26,29.15816986473738,-5.941020683002896,57.60912965342144,36.89,2.0,headache,S011
2.66,0.26,28.878396230901583,-5.892817910584631,57.43409344630046,36.89,2.0,headache,S011
-8.17,0.26,29.30082671265256,-6.07295728585609,57.41513165873651,36.89,2.0,headache,S011
6.57,0.26,29.30383216459583,-5.890899504274816,57.22826080142226,36.89,2.0,headache,S011
-1.73,0.26,29.251609673816795,-5.951054970423135,57.118416275490674,36.89,2.0,headache,S011
-9.81,0.26,29.326952228902325,-5.581845138568087,57.35275672539117,36.89,2.0,headache,S011
7.94,0.26,29.389852312174227,-5.332222516664022,56.959883652524994,36.89,2.0,headache,S011
-7.92,0.26,29.05326033174761,-5.868222483625566,57.23874121966264,36.89,2.0,headache,S011
7.95,0.26,29.251615065352652,-5.7646216410258635,57.12415678433496,36.89,2.0,headache,S011
6.15,0.26,29.144653379767465,-5.863577172690476,57.37044323559481,36.84,2.0,headache,S011
-11.8,0.26,29.059992096987315,-5.2855982283173715,57.27854748080978,36.84,2.0,headache,S011
7.44,0.26,27.762458055270788,-4.918045964811222,58.19591729302371,36.84,2.0,headache,S011
2.58,0.26,28.18849093281929,-5.034588876009475,57.79973016230086,36.84,2.0,headache,S011
-11.97,0.26,28.30916309189467,-5.360093274437131,58.110943147595094,36.87,2.0,headache,S011
10.19,0.26,28.427311255244966,-5.498390175310551,57.585528433595634,36.87,2.0,headache,S011
13.23,0.26,27.898638808634782,-5.84523348377317,58.23904712530503,36.87,2.0,headache,S011
1.61,0.26,28.046999324929924,-6.201541976384983,57.98681868331054,36.87,2.0,headache,S011
-6.75,0.27,27.7835637134211,-5.89772616323281,58.06170355138031,36.87,2.0,headache,S011
-1.61,0.27,28.163020426764252,-6.085199625880864,57.92732894774449,36.87,2.0,headache,S011
-15.64,0.27,27.769339034890404,-6.030239615067671,58.076824539851515,36.87,2.0,headache,S011
-4.38,0.27,28.06397770501375,-6.111270825467565,57.92115601646026,36.87,2.0,headache,S011
-0.92,0.27,27.912891892966723,-5.875751453019246,58.08011285911644,36.84,2.0,headache,S011
-4.01,0.27,28.096301996702348,-6.166787998013376,57.9187703498001,36.84,2.0,headache,S011
9.54,0.27,27.894435581130296,-5.518465837182052,58.08260576860738,36.84,2.0,headache,S011
0.99,0.27,28.120732706145816,-5.776128564262576,57.91523034219892,36.84,2.0,headache,S011
-0.14,0.27,27.837490279580944,-5.315171360669314,58.08892119170846,36.89,2.0,headache,S011
7.85,0.27,28.290784638455786,-5.532510308299239,57.90031409576756,36.89,2.0,headache,S011
-10.1,0.27,27.526430281722998,-6.191491243459132,58.17844673404524,36.89,2.0,headache,S011
5.25,0.27,27.893680947057216,-5.906769091607803,57.97629369076909,36.89,2.0,headache,S011
-3.09,0.27,28.004267133044852,-6.060754243980556,58.05338080898787,36.84,2.0,headache,S011
-10.55,0.27,28.02231720166769,-5.956323431402484,57.93919370395819,36.84,2.0,headache,S011
3.42,0.27,27.96491507851808,-6.033027926287544,58.06417936362246,36.84,2.0,headache,S011
-1.97,0.27,28.04284342506861,-5.974268477752083,57.933862911664825,36.84,2.0,headache,S011
4.41,0.27,27.95174911176966,-6.020417895460377,58.06746295996629,36.83,2.0,headache,S011
8.2,0.27,28.052401231138685,-5.983620112118407,57.931524009480626,36.83,2.0,headache,S011
-6.4,0.27,27.94416357345606,-6.01321643654353,58.069334581527585,36.83,2.0,headache,S011
10.65,0.27,28.05886430652843,-5.989312490930249,57.929869136475375,36.83,2.0,headache,S011
-9.01,0.27,27.938317513393613,-6.00864938188892,58.07092735063398,36.83,2.0,headache,S011
2.96,0.27,28.064435537526926,-5.99297224188091,57.928225828990115,36.83,2.0,headache,S011
3.77,0.29,27.932753461041035,-6.005817014422751,58.07271925409237,36.83,2.0,headache,S011
-10.19,0.27,28.070239572424068,-5.994885212003595,57.926183340987,36.83,2.0,headache,S011
7.15,0.27,27.92643749392369,-6.005245319236191,58.07513642536128,36.83,2.0,headache,S011
3.68,0.27,28.077419508566873,-5.99278384524062,57.923219844496224,36.83,2.0,headache,S011
-8.09,0.27,27.91787013990999,-6.015132540799331,58.07891083242773,36.83,2.0,headache,S011
11.63,0.27,28.088251780401134,-5.928295398307781,57.918180928445814,36.83,2.0,headache,S011
0.86,0.27,27.90312729022558,-5.903379203311942,58.08609699448386,36.81,2.0,headache,S011
-8.49,0.27,28.110275892157375,-5.566468287612296,57.906776782899435,36.81,2.0,headache,S011
5.01,0.27,27.870727936807263,-5.9421977431402375,58.10897286514229,36.81,2.0,headache,S011
5.0,0.27,28.01555596122497,-5.649555232262825,57.6395062336785,36.81,2.0,headache,S011
-10.72,0.27,27.639025142494607,-5.287324970151092,58.22851991887323,36.81,2.0,headache,S011
5.08,0.27,27.37680007712351,-4.818190078176673,58.35859037932024,36.81,2.0,headache,S011
-2.41,0.27,27.822085314806756,-4.991174511075753,58.08310725214661,36.81,2.0,headache,S011
-10.08,0.27,28.238231538353254,-4.625388419961077,57.96503463492054,36.81,2.0,headache,S011
3.07,0.27,27.8382982813159,-4.967085558623879,58.17539198474245,36.81,2.0,headache,S011
7.29,0.27,28.31039689162683,-4.667699121604873,57.9645989762326,36.81,2.0,headache,S011
-11.81,0.27,27.661351147711606,-4.943500052066293,58.055379784061394,36.81,2.0,headache,S011
10.16,0.27,28.066075716930754,-4.918813518114781,57.93568423463196,36.81,2.0,headache,S011
1.45,0.27,27.802361375817995,-5.0749704809803395,58.07172502308902,36.79,2.0,headache,S011
-10.6,0.27,28.314188539674483,-4.924712017623046,57.919909047010954,36.79,2.0,headache,S011
5.09,0.27,27.85970578951933,-5.080823165693607,58.092159827142154,36.79,2.0,headache,S011
-1.12,0.27,28.34089484629795,-4.907744005178579,57.883918549708255,36.79,2.0,headache,S011
-3.11,0.29,27.20191026104739,-5.676608053297017,58.22381320019563,36.79,2.0,headache,S011
8.23,0.27,27.444285037265036,-4.942087908996841,58.349750850341024,36.79,2.0,headache,S011
-9.71,0.27,27.847670868247167,-5.10775528008927,58.234632374830724,36.79,2.0,headache,S011
1.95,0.27,27.485356414999796,-4.397517406643484,57.75481998463486,36.79,2.0,headache,S011
1.46,0.27,27.390090257796807,-4.387115121381028,58.14720654328493,36.79,2.0,headache,S011
-1.07,0.27,28.672432179877802,-4.37331547968461,57.79750602009058,36.79,2.0,headache,S011
10.75,0.27,28.997804646268882,-3.233025931538641,57.67784254985474,36.79,2.0,headache,S011
-0.99,0.27,29.098641645993737,-3.503095069379317,57.78318320430332,36.79,2.0,headache,S011
-2.29,0.27,28.57767104806933,-3.627010862903081,58.04945059564624,36.77,2.0,headache,S011
0.13,0.27,29.069007332684464,-2.970770063869004,57.26421242127257,36.77,2.0,headache,S011
-5.46,0.27,28.119478655021574,-2.7512439802534314,58.289267561980374,36.77,2.0,headache,S011
13.4,0.27,28.56102887768188,-3.146101699882263,57.99696325414104,36.77,2.0,headache,S011
-10.29,0.27,28.749449116837948,-3.403189312836373,58.14636901367251,36.77,2.0,headache,S011
-5.78,0.27,29.339570287170464,-2.8083739704594923,57.42917666387925,36.77,2.0,headache,S011
-6.47,0.27,29.13617189871129,-2.488968325957152,57.59934656490872,36.77,2.0,headache,S011
13.13,0.27,28.496209287070002,-3.063800409198165,57.738584720172035,36.77,2.0,headache,S011
10.36,0.27,28.874742510210968,-3.386089941470008,58.1397047711807,36.79,2.0,headache,S011
0.95,0.27,28.09671107634965,-3.526673612420615,58.05861638563135,36.79,2.0,headache,S011
-0.52,0.27,27.824839227016863,-3.670549673220833,58.06963070521943,36.79,2.0,headache,S011
-7.69,0.27,27.854132384262936,-3.98910422721616,58.21382272098036,36.79,2.0,headache,S011
-12.32,0.27,27.352304849166483,-3.922982681627372,58.42597423906772,36.77,2.0,headache,S011
7.88,0.27,27.23241374765434,-4.355206536255144,58.39497655721855,36.77,2.0,headache,S011
-5.97,0.27,26.78107452602268,-4.2567134596716025,58.75645941436193,36.77,2.0,headache,S011
4.62,0.27,27.23329692242908,-4.0476246927576485,58.57078788563299,36.77,2.0,headache,S011
-2.04,0.27,26.93982760623893,-4.032565113996747,58.621579105936796,36.79,2.0,headache,S011
-11.16,0.27,27.19373722869307,-4.007623200373955,58.49084121568989,36.79,2.0,headache,S011
3.42,0.27,27.670540889069066,-4.367631189872128,58.32088776330863,36.79,2.0,headache,S011
-3.68,0.27,27.43468204727162,-3.8799813692691196,58.29983611079216,36.79,2.0,headache,S011
2.19,0.27,27.700202897487173,-3.9719019518208563,58.343757811927254,36.77,2.0,headache,S011
6.32,0.27,27.586106191470957,-4.1165868513557315,58.25862240908107,36.77,2.0,headache,S011
-7.01,0.28,27.569105522101683,-4.0564064264642585,58.30296040166154,36.77,2.0,headache,S011
-3.38,0.27,27.762464218621957,-4.064734773065365,58.18527082339168,36.77,2.0,headache,S011
14.37,0.27,27.470037084369494,-4.2442969197274065,58.38664290598831,36.73,2.0,headache,S011
-16.8,0.27,27.964853754270028,-4.22702947647271,58.28624616121029,36.73,2.0,headache,S011
-2.09,0.27,27.803177406313687,-4.132795958827667,58.19148867136098,36.73,2.0,headache,S011
18.37,0.27,27.719288644562962,-3.909308120700136,58.22572256254059,36.73,2.0,headache,S011
-5.34,0.27,27.987389267028895,-4.230161884522671,58.070436155746314,36.75,2.0,headache,S011
14.7,0.28,28.046502520468007,-4.055182730828716,57.93599563737647,36.75,2.0,headache,S011
-1.33,0.27,27.822348485799264,-4.026069875017066,58.32209994823472,36.75,2.0,headache,S011
-0.5,0.27,28.23436336182872,-3.8763506785993114,57.91734250131415,36.75,2.0,headache,S011
-2.91,0.27,27.70229908190544,-4.216950986027957,58.36907589066071,36.73,2.0,headache,S011
-7.76,0.27,27.016339098840472,-5.17310966279574,58.3790025185646,36.73,2.0,headache,S011
0.66,0.28,27.405586382513487,-4.52790267189077,58.60316393252317,36.73,2.0,headache,S011
8.42,0.27,27.725905648365956,-4.144754984520549,58.04531105095927,36.73,2.0,headache,S011
-17.78,0.27,27.45956834576188,-4.627636246731007,58.15018601980468,36.71,2.0,headache,S011
3.78,0.28,28.273453743586565,-4.226447678978554,57.83105886844205,36.71,2.0,headache,S011
6.18,0.28,27.761466433158507,-4.2216169069604526,58.07676604040797,36.71,2.0,headache,S011
9.55,0.27,28.611998829339395,-3.9921661829322015,57.928095255132355,36.71,2.0,headache,S011
5.26,0.27,28.397433575827044,-4.101628116530615,58.07172348758959,36.71,2.0,headache,S011
-6.37,0.28,28.325805531929593,-3.9366047861249327,57.928084169476996,36.71,2.0,headache,S011
4.17,0.28,28.1053243212843,-4.049631715060702,58.06417685328521,36.71,2.0,headache,S011
-2.83,0.27,28.605217358223918,-3.650902459007217,57.77767510984437,36.71,2.0,headache,S011
-1.54,0.27,28.530939123364654,-3.9135803879269635,58.15016403708035,36.71,2.0,headache,S011
4.72,0.27,28.847957875198276,-3.686759534674577,57.72431716982789,36.71,2.0,headache,S011
-5.3,0.28,28.571934361935273,-3.784450459710269,57.955262316748055,36.71,2.0,headache,S011
4.99,0.27,29.387298237286167,-3.202921483275973,57.46507303827327,36.71,2.0,headache,S011
-1.39,0.27,27.298854179654455,-2.7699702371073607,57.70782407163952,36.71,2.0,headache,S011
-0.23,0.27,27.560310982080335,-3.560789769177955,58.02450177699826,36.71,2.0,headache,S011
4.13,0.27,27.974648898626448,-3.5540539830209275,58.13352795025009,36.71,2.0,headache,S011
-4.8,0.27,27.61077100870283,-4.102616636953332,58.48895329540734,36.71,2.0,headache,S011
1.5,0.27,28.156288042773262,-3.89495146215691,58.201517226944304,36.68,2.0,headache,S011
2.44,0.27,28.462161019996827,-3.6693279592857393,57.945388033678945,36.68,2.0,headache,S011
-18.94,0.27,28.574264653840984,-3.8874741041593137,58.04327528405175,36.68,2.0,headache,S011
3.29,0.27,28.40024295231411,-3.1684873697443914,57.96061868067315,36.68,2.0,headache,S011
6.78,0.27,28.50141568128151,-3.486370713273801,57.922549850252764,36.71,2.0,headache,S011
-3.01,0.28,28.29672878175263,-3.275004475358899,57.9447824363666,36.71,2.0,headache,S011
3.58,0.27,27.29242024117888,-4.636373838668677,58.57392081671438,36.71,2.0,headache,S011
-3.58,0.27,27.47315680620175,-4.12707721490032,58.097541268064106,36.71,2.0,headache,S011
-4.24,0.28,27.778884242384983,-4.242343656070853,58.12356657589371,36.66,2.0,headache,S011
-1.9,0.28,27.40382365911942,-4.417921216877517,58.27545788071987,36.66,2.0,headache,S011
-1.97,0.27,28.102972171970123,-3.967175343141693,58.248337366518015,36.66,2.0,headache,S011
6.02,0.27,28.465966245530687,-3.0167793974046444,57.68520267366131,36.66,2.0,headache,S011
-1.15,0.27,28.42294923953794,-4.34465995789117,58.09363324992662,36.66,2.0,headache,S011
-2.05,0.28,28.009101779881266,-4.657244701909106,57.879242407940005,36.66,2.0,headache,S011
9.96,0.27,26.145732879032938,-4.000449912437157,58.90362505845723,36.66,2.0,headache,S011
15.17,0.27,27.465918313223476,-3.987923403135513,58.44817007722709,36.66,2.0,headache,S011
-11.33,0.28,26.947184922004947,-3.968405450507836,58.84168025476432,36.68,2.0,headache,S011
-21.23,0.28,27.164922198117576,-3.9988674799239607,58.47606123640658,36.68,2.0,headache,S011
-17.28,0.27,26.389785545110986,-4.020166963088429,58.330108630762,36.68,2.0,headache,S011
7.26,0.27,27.65013872135012,-3.7115555951311974,58.46411692689096,36.68,2.0,headache,S011
4.69,0.28,27.274916143407523,-4.057191868813956,58.26762302009033,36.66,2.0,headache,S011
14.96,0.28,27.672278214684656,-3.92618733102017,58.06012277415976,36.66,2.0,headache,S011
-0.16,0.27,27.0678177773617,-4.092804072773844,58.47985448629905,36.66,2.0,headache,S011
7.74,0.27,27.519573790844074,-3.88379989533588,58.362842176275706,36.66,2.0,headache,S011
0.0,0.28,26.704862696185668,-4.147750353044559,58.68499343839841,36.66,2.0,headache,S011
-6.19,0.28,27.35012339994296,-3.801668154144505,58.27857051137048,36.66,2.0,headache,S011
1.82,0.28,26.829853171800234,-4.368108898145463,58.43595937921256,36.66,2.0,headache,S011
-5.2,0.28,27.865605688720166,-3.874812357222425,57.94009991478834,36.66,2.0,headache,S011
2.22,0.28,26.545626636871674,-4.446714092360088,59.01423789261253,36.68,2.0,headache,S011
4.4,0.28,30.128882562074406,-3.779254300565937,61.408758779754024,36.68,2.0,headache,S011
-8.88,0.28,27.426308039903827,-2.637595065354602,58.3718418672981,36.68,2.0,headache,S011
7.89,0.28,39.33880893177999,5.716107870249202,41.64354403476518,36.68,2.0,headache,S011
-1.5,0.27,62.08282782972453,2.543981708474751,28.02235763925686,36.63,2.0,headache,S011
1.83,0.26,59.12725173297414,2.427357175099997,20.426976029559764,36.63,2.0,headache,S011
12.48,0.27,65.3256866774378,0.9424298170203339,19.08853749820083,36.63,2.0,headache,S011
-89.0,0.27,63.13975875500705,-0.8262286206211285,15.73433363894942,36.63,2.0,headache,S011
-81.44,0.27,64.64922265662341,0.17159502698694565,14.959879895239395,36.65,2.0,headache,S011
226.06,0.27,63.68850405204042,-0.4043537876503551,15.201629162919243,36.65,2.0,headache,S011
63.14,0.27,64.51981995828535,0.25076499090476734,14.000191360170364,36.65,2.0,headache,S011
-81.55,0.27,64.19155181324429,-0.583020810750721,13.48670107447651,36.65,2.0,headache,S011
-45.49,0.27,64.55755140884862,0.12247642991234522,13.618588714821012,36.65,2.0,headache,S011
-7.17,0.27,63.92668413809008,-0.15503018718887937,13.670071458865023,36.65,2.0,headache,S011
-4.5,0.27,64.29216279305852,-0.3364423706634929,13.621038764115145,36.65,2.0,headache,S011
3.66,0.27,64.299198002409,-0.6076145390678173,13.730701898095349,36.65,2.0,headache,S011
11.5,0.27,64.21543225517019,0.14774832374299304,13.8880418600879,36.63,2.0,headache,S011
-10.95,0.27,63.920471051728484,-0.4130161361929754,13.565830177507445,36.63,2.0,headache,S011
3.14,0.27,64.20534997687247,-0.22822919769131464,13.755731743459476,36.63,2.0,headache,S011
-5.79,0.27,63.86644146489257,-0.2447902184967397,14.012415499162842,36.63,2.0,headache,S011
3.76,0.27,64.53529598916388,-0.06308473736666771,13.769576941490984,36.61,2.0,headache,S011
6.34,0.27,63.99859072451459,-0.2990395999707919,13.80573675507146,36.61,2.0,headache,S011
-7.32,0.27,64.20641413698523,-0.5141818421086779,13.943677453756303,36.61,2.0,headache,S011
9.74,0.27,64.00844622682523,-0.6166826313374475,13.985895545400465,36.61,2.0,headache,S011
0.88,0.27,64.34772512343324,-0.1963651720842581,13.746355298341758,36.59,2.0,headache,S011
-4.07,0.27,64.14593840524961,-0.6415198474012624,13.828707042876873,36.59,2.0,headache,S011
11.51,0.27,64.13546968302558,-0.3789389949700038,13.940495792079743,36.59,2.0,headache,S011
-7.32,0.27,64.25317803360335,-0.887813524571238,13.92521443740112,36.59,2.0,headache,S011
-4.54,0.27,64.2161025000032,-0.45605742590198534,13.792036458958517,36.59,2.0,headache,S011
10.33,0.27,63.92192995683987,-0.5556305528308374,14.06166955982137,36.59,2.0,headache,S011
-8.07,0.27,64.1784718179107,-0.7490601301209673,13.696304637925662,36.59,2.0,headache,S011
-3.0,0.27,64.0322864231291,-0.437554832007051,14.061455054523801,36.59,2.0,headache,S011
7.73,0.27,64.39009991671195,-0.48201515464315814,13.961336563679845,36.57,2.0,headache,S011
-3.44,0.27,63.91354170243785,-0.7054209687789058,13.91364484795902,36.57,2.0,headache,S011
-7.27,0.27,64.5176974835945,-0.11163678763908279,13.722103544091004,36.57,2.0,headache,S011
7.62,0.27,64.08770384131557,-0.3978007214120322,13.627265459461345,36.57,2.0,headache,S011
-2.0,0.27,64.18781903276812,-1.0165649276864226,14.00626343719011,36.59,2.0,headache,S011
-3.09,0.27,63.94924157546205,-0.5322424081390776,13.888861134128398,36.59,2.0,headache,S011
9.22,0.27,64.24731748403117,-0.6812499657908202,13.984208421399954,36.59,2.0,headache,S011
-3.26,0.27,64.15402263896823,-0.7668313402518325,13.900560182837413,36.59,2.0,headache,S011
-13.33,0.27,64.18848028973704,-0.8571482976503212,13.477771002666184,36.57,2.0,headache,S011
6.08,0.27,64.00598007950839,-0.8149888011470148,13.663611032483455,36.57,2.0,headache,S011
3.02,0.27,64.24638866079914,-0.7667189423640852,13.613775266115013,36.57,2.0,headache,S011
-8.91,0.27,64.25033837827809,-0.9681376784891457,13.860672764804015,36.57,2.0,headache,S011
5.7,0.27,64.23202134176643,-0.9731808515973952,13.732456550444686,36.57,2.0,headache,S011
2.05,0.27,64.1061244255518,-0.8441525941718588,13.687121668850248,36.57,2.0,headache,S011
-5.26,0.27,64.22573905729811,-0.6342226427225999,13.934524268440919,36.57,2.0,headache,S011
12.24,0.27,64.110138191949,-0.7589258165114061,13.900113342665868,36.57,2.0,headache,S011
-3.38,0.27,64.05904469599179,-0.12191958511367484,13.969519085263666,36.55,2.0,headache,S011
-9.62,0.27,64.09296273924653,-0.5969689627482562,13.959535150668472,36.55,2.0,headache,S011
7.15,0.27,63.951062967945724,-0.3249385483400259,13.807367853913536,36.55,2.0,headache,S011
-3.47,0.27,64.11777672081811,-0.6905818426233805,13.987925047239209,36.55,2.0,headache,S011
-4.97,0.27,64.30507950675839,-0.5462643806929116,14.015922870653428,36.55,2.0,headache,S011
7.95,0.27,64.24033896684162,-0.7045014813848821,13.871957187759103,36.55,2.0,headache,S011
-6.81,0.27,64.37990786926504,-1.065289714736553,13.546739360285605,36.55,2.0,headache,S011
-4.21,0.27,63.98074863791043,-0.9318267547433144,14.003947443441383,36.55,2.0,headache,S011
7.65,0.27,64.39932447028129,-0.8278697558416694,13.654897733322983,36.55,2.0,headache,S011
-2.75,0.27,64.2452484139881,-0.81561651790371,13.652243825893926,36.55,2.0,headache,S011
-5.66,0.27,64.22944526418729,-0.82073702390481,13.767453920500298,36.55,2.0,headache,S011
12.3,0.27,64.03413345079461,-0.7531934311354934,13.845567448821914,36.55,2.0,headache,S011
-0.34,0.27,64.14212753385766,-0.7044426946970866,14.002390337748665,36.53,2.0,headache,S011
-2.99,0.27,63.902111266475686,-0.8017711393741024,13.621783826235784,36.53,2.0,headache,S011
11.18,0.27,64.18457674410541,-0.7584950640764273,13.869745110997572,36.53,2.0,headache,S011
-5.99,0.27,64.20518963272082,-1.0936146578076802,13.993029564430094,36.53,2.0,headache,S011
-4.79,0.27,64.05443467417717,-0.6215738039172874,13.786507006100443,36.5,2.0,headache,S011
8.2,0.27,64.15745678093771,-0.8440251015292554,13.840276244701064,36.5,2.0,headache,S011
-8.99,0.27,64.21852505009308,-0.9848667938750296,13.755665483042664,36.5,2.0,headache,S011
-0.46,0.27,63.98982540496991,-1.0568034599953304,13.705841463498224,36.5,2.0,headache,S011
9.83,0.27,64.26737825471189,-0.8507044224360085,13.666501838254266,36.53,2.0,headache,S011
-5.2,0.27,64.1906131436008,-0.8458602684458758,13.6156853008454,36.53,2.0,headache,S011
-6.38,0.27,64.01543318654026,-0.6642719197008264,13.750812379721486,36.53,2.0,headache,S011
9.37,0.27,64.24827328105422,-0.8903512582725808,13.694735233336356,36.53,2.0,headache,S011
-4.01,0.27,64.23208421926465,-0.857624122010779,13.656714582616887,36.53,2.0,headache,S011
-3.68,0.27,64.09890256849039,-0.7142895659321846,13.800789987059721,36.53,2.0,headache,S011
9.62,0.27,64.08296918410537,-1.0173586932518368,13.8613765060846,36.53,2.0,headache,S011
-3.32,0.27,64.0061454617718,-0.9920040422100601,13.975610116577782,36.53,2.0,headache,S011
-4.51,0.27,64.15562852153869,-0.6172795726757344,13.87856396943257,36.5,2.0,headache,S011
5.45,0.27,64.19697844923938,-0.8771998288422216,14.086708988073266,36.5,2.0,headache,S011
-9.57,0.27,64.25371147298252,-1.0130838750448847,13.687721583957345,36.5,2.0,headache,S011
0.41,0.27,64.21606275925973,-0.9964355799372683,13.72620007389112,36.5,2.0,headache,S011
6.68,0.27,64.3013623948383,-1.0088103519587444,13.662858068156705,36.5,2.0,headache,S011
-10.75,0.27,64.03817715362942,-0.9023589318655577,13.735681285381483,36.5,2.0,headache,S011
8.8,0.27,64.08835847548963,-0.7620250467728041,14.029837800149934,36.5,2.0,headache,S011
2.4,0.27,64.01050856337062,-0.9678754452013614,13.568053673334765,36.5,2.0,headache,S011
-7.55,0.27,64.13577387276361,-0.9461987069336336,13.759982558188227,36.5,2.0,headache,S011
13.27,0.27,63.912239141230664,-0.8596400606546065,13.876402931570635,36.5,2.0,headache,S011
-1.15,0.27,64.07416384217228,-0.8976337556698325,13.852093563829127,36.5,2.0,headache,S011
-4.08,0.27,63.929629960480774,-1.0658772860531744,13.89879956755187,36.5,2.0,headache,S011
7.05,0.27,64.27313475212034,-0.9044656658923963,13.766500428644799,36.5,2.0,headache,S011
-12.23,0.27,64.08407290901985,-0.9489758511625989,13.909406447138405,36.5,2.0,headache,S011
-1.58,0.27,64.35103481796031,-0.8112063509036035,13.857056288342305,36.5,2.0,headache,S011
11.32,0.27,64.04737349512406,-0.8944034148331912,13.609730547311859,36.5,2.0,headache,S011
-9.3,0.27,64.30009688424633,-0.8918967332763141,13.575622474977907,36.5,2.0,headache,S011
-2.67,0.27,64.102190678497,-1.029075982851848,13.953241602625033,36.5,2.0,headache,S011
9.9,0.27,64.01365567695072,-0.9665431880120017,13.673350545301526,36.5,2.0,headache,S011
-4.31,0.27,64.18892055482954,-0.9002412549453185,13.764046886714814,36.5,2.0,headache,S011
-5.69,0.27,64.09448591000114,-0.9797295806921119,13.784565382687136,36.47,2.0,headache,S011
13.89,0.27,64.08814446687974,-0.8898734076636251,14.038776397360852,36.47,2.0,headache,S011
-4.85,0.27,64.15338240186908,-0.9952775017361741,13.871471070324503,36.47,2.0,headache,S011
-8.62,0.27,63.925196402970606,-1.009672145479284,13.660299125835579,36.47,2.0,headache,S011
6.76,0.27,64.15209736035915,-0.98962815600385,13.69338918189521,36.47,2.0,headache,S011
-3.42,0.27,63.99949309941398,-1.008601267838615,13.674031571667054,36.47,2.0,headache,S011
-9.03,0.27,64.0948253978906,-0.9970709377888427,13.662071897486177,36.47,2.0,headache,S011
10.53,0.27,64.21127434327373,-0.9826364189131194,13.812961443687945,36.47,2.0,headache,S011
-2.84,0.27,64.19854639090413,-0.8772717937501077,13.941225401650648,36.45,2.0,headache,S011
-5.09,0.27,64.18730151385238,-0.9958291376747306,13.917958989442871,36.45,2.0,headache,S011
10.21,0.27,64.25792503571806,-0.8586522967278425,13.660469517083454,36.45,2.0,headache,S011
1.5,0.27,63.883966683013554,-1.0589748391847065,13.734210669964433,36.45,2.0,headache,S011
-0.14,0.27,64.15204010740253,-0.9617585099069154,13.904376463557089,36.49,2.0,headache,S011
6.34,0.27,64.05558105864135,-0.9873391496228824,13.598180771904804,36.49,2.0,headache,S011
-8.99,0.27,64.24646376571008,-0.8530233231375851,13.988730144849896,36.49,2.0,headache,S011
-3.0,0.27,64.27273849445926,-1.0931338449413122,13.907621777972137,36.49,2.0,headache,S011
5.23,0.27,64.38127305206004,-0.7927049445983084,13.718784932877627,36.45,2.0,headache,S011
-5.8,0.27,64.22087239918132,-1.0812473488997427,13.478423734570384,36.45,2.0,headache,S011
-2.99,0.27,64.47278784068268,-0.7268591694068832,13.857390321417714,36.45,2.0,headache,S011
5.78,0.27,64.18182437020162,-0.831369057303875,14.150596869428938,36.45,2.0,headache,S011
-8.44,0.27,64.0641071284151,-0.5225589706823554,13.9947290503419,36.41,2.0,headache,S011
-1.6,0.27,64.17363472102024,-0.6071724032773167,14.054998802979082,36.41,2.0,headache,S011
-0.85,0.27,64.27174616005074,-0.6641540148539298,13.57912458852715,36.41,2.0,headache,S011
-9.83,0.27,64.25291797008614,-0.575367688220574,13.139817198871166,36.41,2.0,headache,S011
18.49,0.27,64.41506216700742,-0.598216583449754,13.70700626795202,36.45,2.0,headache,S011
10.08,0.27,64.71331068049582,-0.8892342444197964,14.084595657880003,36.45,2.0,headache,S011
-12.3,0.27,63.8530629063015,-0.6031459685151973,13.702678086446836,36.45,2.0,headache,S011
-4.3,0.27,64.45224632720054,-0.742105755844059,13.582072070817794,36.45,2.0,headache,S011
-3.85,0.27,64.52507479260473,-0.5858503149637612,12.961072052877041,36.43,2.0,headache,S011
-3.08,0.27,64.19216412952011,-0.4456342484144685,13.070757257024372,36.43,2.0,headache,S011
8.97,0.27,64.32284835591672,-0.41089358293774486,13.06964050286104,36.43,2.0,headache,S011
12.26,0.27,64.23570617574724,-0.7407911134087082,13.040128801009082,36.43,2.0,headache,S011
-2.74,0.27,64.56503354088366,-0.7347120724946442,12.956026070496057,36.39,2.0,headache,S011
4.17,0.27,64.44759204548097,-0.5655144123377185,13.046184289700482,36.39,2.0,headache,S011
-7.84,0.27,64.55357950908441,-0.533530477984481,12.950338473581533,36.39,2.0,headache,S011
-6.53,0.27,64.45610201263848,-0.6483222848480402,13.0614044883775,36.39,2.0,headache,S011
5.31,0.27,64.62694754764556,-0.4560409787337088,12.803129073747478,36.41,2.0,headache,S011
-6.6,0.27,64.22405918252385,-0.9855659808411846,13.079518326414263,36.41,2.0,headache,S011
-3.7,0.27,64.5085799399337,-0.8776813852176968,12.88577468224041,36.41,2.0,headache,S011
11.8,0.27,64.70929064302837,-0.8417665221315511,12.97668351951099,36.41,2.0,headache,S011
-3.82,0.27,64.43805405768583,-0.9513378665463991,12.78563121716714,36.41,2.0,headache,S011
1.02,0.27,64.71176962470525,-0.8233839675641836,12.820961775664559,36.41,2.0,headache,S011
3.46,0.27,64.52702738431285,-0.9214747303168722,12.87543795296354,36.41,2.0,headache,S011
-9.67,0.27,64.28734110748103,-0.9518721693351445,12.841554783569123,36.41,2.0,headache,S011
3.07,0.27,64.69338771008964,-0.9029722644908891,12.629473577798704,36.39,2.0,headache,S011
3.52,0.27,64.51315960797461,-0.8665142447638968,12.833520797705585,36.39,2.0,headache,S011
-10.18,0.27,64.81368803040002,-0.7475092009849654,12.967702599954476,36.39,2.0,headache,S011
5.19,0.27,64.55303571835195,-0.818215482283614,12.88990654078465,36.39,2.0,headache,S011
2.3,0.27,64.46464697403991,-0.7567476441490142,12.681179614577434,36.39,2.0,headache,S011
-3.86,0.27,64.71623895498819,-0.8537809738179436,12.8041532924053,36.39,2.0,headache,S011
9.67,0.27,64.67021953652403,-0.793652323647082,12.859184342709348,36.39,2.0,headache,S011
1.14,0.27,64.52312313468421,-0.6407143026615237,12.656208535949453,36.39,2.0,headache,S011
-11.25,0.27,64.27591597541067,-0.5898314540859225,13.031631418459014,36.39,2.0,headache,S011
7.19,0.27,64.69616110630507,-0.6385105964891534,12.522397753710218,36.39,2.0,headache,S011
0.45,0.27,64.54245006017649,-0.6693876032470341,12.652416553894751,36.39,2.0,headache,S011
-9.1,0.27,64.85925968040763,-0.7678440448207251,12.884957876298458,36.39,2.0,headache,S011
3.5,0.27,64.63312272363683,-0.7749191697518945,12.519985096906742,36.37,2.0,headache,S011
8.68,0.27,64.41137873120847,-0.4258713428916495,12.778069716819616,36.37,2.0,headache,S011
-10.63,0.27,64.62784378686611,-0.6750999072308188,12.709916084352928,36.37,2.0,headache,S011
-1.99,0.27,64.40568339104728,-0.6860493628577595,12.574634073246855,36.37,2.0,headache,S011
10.39,0.27,64.33975988848006,-0.5895040754931022,12.853733910836953,36.34,2.0,headache,S011
2.45,0.27,64.45114212882002,-0.574939286784077,12.84137270287141,36.34,2.0,headache,S011
-6.0,0.27,64.61887437596187,-0.600964977712779,12.600687598128332,36.34,2.0,headache,S011
5.91,0.27,64.40249261447977,-0.9401545304197995,12.976844601648546,36.34,2.0,headache,S011
0.78,0.27,64.34154623863621,-0.719772907260512,12.728902966415312,36.37,2.0,headache,S011
-11.86,0.27,64.65346163686003,-0.5030441886368685,12.871866866298717,36.37,2.0,headache,S011
1.59,0.27,64.58895460390559,-0.7031240579261531,12.628807619549264,36.37,2.0,headache,S011
8.99,0.27,64.58670913869322,-0.5610147308889353,12.739551508334499,36.37,2.0,headache,S011
-11.73,0.27,64.69311995584883,-0.6052709916191455,12.872435132548205,36.34,2.0,headache,S011
-0.32,0.27,64.67267075037836,-0.8240924078800981,12.524484801896474,36.34,2.0,headache,S011
7.86,0.27,64.62204841430787,-0.6505830341833295,12.676595665160514,36.34,2.0,headache,S011
-4.32,0.27,64.8025216316856,-0.4072135901524787,12.700569346274676,36.34,2.0,headache,S011
-0.84,0.27,64.87650593693722,-0.7481388276206393,12.786650868475324,36.34,2.0,headache,S011
12.83,0.27,64.54689716454506,-0.4654843980803704,12.547401323129675,36.34,2.0,headache,S011
-10.21,0.27,64.69345694966104,-0.7062556995852523,12.922886486249476,36.34,2.0,headache,S011
-5.42,0.27,64.5665532492082,-0.6822352161291636,12.893847068703064,36.34,2.0,headache,S011
9.98,0.27,64.70454643447657,-0.7025915633412527,12.46581513214478,36.34,2.0,headache,S011
-2.55,0.27,64.65020804441411,-0.5257313374595428,12.651259485830986,36.34,2.0,headache,S011
-9.51,0.27,64.50425567184516,-0.8856146865766735,12.649877386689166,36.34,2.0,headache,S011
12.94,0.27,64.42394548602066,-0.7429088837187181,12.62417683192372,36.34,2.0,headache,S011
-0.81,0.27,64.52595901350892,-0.5736139146176388,12.551518480618892,36.34,2.0,headache,S011
-10.16,0.27,64.49390351878114,-0.7451236359740173,12.618387427252388,36.34,2.0,headache,S011
7.71,0.27,64.47119583461917,-0.8848738836466727,12.618921063034394,36.34,2.0,headache,S011
7.38,0.27,64.71564285462351,-0.9048167486732677,12.807218167949904,36.34,2.0,headache,S011
-9.83,0.27,64.83588346366858,-0.48377565878259926,12.657036669893111,36.33,2.0,headache,S011
9.24,0.27,64.47892126093558,-0.8425784441283223,12.652944413978352,36.33,2.0,headache,S011
2.49,0.27,64.99758118951532,-0.5995548155164199,12.514450383124457,36.33,2.0,headache,S011
-15.02,0.27,64.44234822231877,-0.7674864208271959,12.739570967452174,36.33,2.0,headache,S011
4.73,0.27,64.82597679860825,-0.6384918414352678,12.515334841755674,36.29,2.0,headache,S011
5.75,0.27,64.76539821613228,-0.7848224251156338,12.754529604971456,36.29,2.0,headache,S011
-14.32,0.27,64.60737475568139,-0.7502628937288649,12.641898758366546,36.29,2.0,headache,S011
8.86,0.27,64.80975875059897,-0.7534367604532517,12.532678364318558,36.29,2.0,headache,S011
2.94,0.27,64.88489461829937,-0.495969641949985,12.670776302190523,36.31,2.0,headache,S011
-6.89,0.27,64.54141919351973,-0.5129909379253876,12.926765116355016,36.31,2.0,headache,S011
12.54,0.27,64.34158255152867,-0.5592871072213252,12.688637857607363,36.31,2.0,headache,S011
3.88,0.27,64.65115471928154,-0.575157278484086,12.849503214340068,36.31,2.0,headache,S011
-14.45,0.27,64.81950637889516,-0.5800251797153542,12.358228316025725,36.31,2.0,headache,S011
11.33,0.27,64.84137499323451,-0.47600154980248294,12.776788900038731,36.31,2.0,headache,S011
0.23,0.27,64.59743983069815,-0.41776886328021234,12.398084972162017,36.31,2.0,headache,S011
-11.11,0.27,64.76276685357188,-0.680254627666766,12.554274021588208,36.31,2.0,headache,S011
7.18,0.27,64.89555763880674,-0.43120729025538895,12.282505703736408,36.31,2.0,headache,S011
8.98,0.27,64.25613956746541,-0.5788654860441419,12.6226957537622,36.31,2.0,headache,S011
-14.75,0.27,64.49743092168032,-0.3620555621035934,12.643356792687523,36.31,2.0,headache,S011
2.86,0.27,64.48738604590797,-0.7285669582545526,12.806541082082415,36.31,2.0,headache,S011
12.6,0.27,64.54342372600087,-0.5428045902540196,13.063295678201166,36.33,2.0,headache,S011
-6.59,0.27,64.54283049580519,-0.3566816118761823,12.621882645239266,36.33,2.0,headache,S011
-4.04,0.27,64.81612056795049,-0.5947383157138804,12.718689110521135,36.33,2.0,headache,S011
12.83,0.27,64.59730566858774,-0.8141305029281328,12.681174217940837,36.33,2.0,headache,S011
-9.43,0.27,64.48844226893958,-0.613693381450805,12.604826141248903,36.33,2.0,headache,S011
-9.85,0.27,64.3461040090348,-0.6041472151970171,12.634016893895067,36.33,2.0,headache,S011
8.77,0.27,64.67882424668714,-0.7307870305673674,12.718961749597854,36.33,2.0,headache,S011
1.2,0.27,64.73595194732825,-0.668685189470484,12.632560388001604,36.33,2.0,headache,S011
-11.96,0.27,64.61366679757954,-0.23731991795955268,12.613090235865982,36.33,2.0,headache,S011
9.46,0.27,64.74846018174463,-0.5802210406393906,12.514226935903269,36.33,2.0,headache,S011
-0.35,0.27,64.7821933158056,-0.5774609352830669,12.39112796126808,36.33,2.0,headache,S011
-7.05,0.27,64.6319193925558,-0.4470665398406143,12.65986687193199,36.33,2.0,headache,S011
7.96,0.27,64.59495303240844,-0.6073959384852652,12.641036139759473,36.34,2.0,headache,S011
4.32,0.27,64.50063405391954,-0.7612785057182677,12.915339179043254,36.34,2.0,headache,S011
-6.42,0.27,64.68887327674797,-0.5848711813699357,12.58661352680131,36.34,2.0,headache,S011
10.58,0.27,64.52571882065631,-0.8297537510131053,12.671728329631415,36.34,2.0,headache,S011
-7.2,0.27,64.37188503086634,-0.3295532943764517,12.788163180157207,36.33,2.0,headache,S011
-7.73,0.27,64.23929648220013,-0.6230977957219888,12.489752677621219,36.33,2.0,headache,S011
7.92,0.27,64.58876894818536,-0.9101031350277371,12.895734474776637,36.33,2.0,headache,S011
-1.92,0.27,64.65421130599255,-0.5802879291607997,12.697684756500706,36.33,2.0,headache,S011
-9.25,0.27,64.65911183220823,-0.54776911332885,12.70235106012892,36.34,2.0,headache,S011
11.23,0.27,64.59755648445135,-0.5661096621923795,12.67071189616073,36.34,2.0,headache,S011
-3.72,0.27,64.78748967389826,-0.8722830466940631,12.356285043571235,36.34,2.0,headache,S011
-2.45,0.27,64.38547408549461,-0.4584486877785368,12.802462701746528,36.34,2.0,headache,S011
8.45,0.27,64.75015953824894,-0.5448506299369502,12.45120073638115,36.34,2.0,headache,S011
0.0,0.27,64.43510845715211,-0.8824726102748992,12.613034612946784,36.34,2.0,headache,S011
-10.48,0.27,64.84937659967771,-0.6392261876452917,12.671015807317769,36.34,2.0,headache,S011
9.71,0.27,64.48159841451626,-0.9306477202896304,12.314778675257793,36.34,2.0,headache,S011
-5.77,0.27,64.61538330725429,-0.3674237398846933,12.470760905636325,36.34,2.0,headache,S011
-6.64,0.27,64.67324352462454,-0.7276777190989377,12.476240499551466,36.34,2.0,headache,S011
5.06,0.27,64.53921166332196,-0.155381300933356,12.36723503238896,36.34,2.0,headache,S011
7.75,0.27,64.98195410405047,0.04147347359365208,12.626889067324248,36.34,2.0,headache,S011
-15.29,0.27,63.615070280283696,-0.4019863050176483,16.520999112115476,36.31,2.0,headache,S011
8.63,0.27,62.625243500606686,2.246628201216157,16.059150945707447,36.31,2.0,headache,S011
1.16,0.27,62.03267421143706,1.5172471638189284,21.677684369845295,36.31,2.0,headache,S011
-11.36,0.26,60.95658827297662,2.2006155627964796,22.176043900826645,36.31,2.0,headache,S011
-30.53,0.25,62.27478765583419,2.0980654326807984,21.894473370336904,36.34,2.0,headache,S011
106.67,0.25,61.377824448015424,2.241611305533914,21.561099606436944,36.34,2.0,headache,S011
30.83,0.25,63.05526102000211,2.2056172321328833,20.98744758864796,36.34,2.0,headache,S011
-73.42,0.25,59.46582405271401,2.4535292233227617,24.771289686919374,36.34,2.0,headache,S011
-5.02,0.25,59.46499146685822,2.9133857250579798,21.654625042726465,36.34,2.0,headache,S011
-13.34,0.25,63.05051457448109,1.935919556302362,20.159548631958465,36.34,2.0,headache,S011
-93.05,0.25,64.73612858419034,-0.3118774588027385,13.08976225122118,36.34,2.0,headache,S011
-17.33,0.25,66.07381742907609,-1.2206721046047533,7.990349444884307,36.34,2.0,headache,S011
154.89,0.26,64.77748072353404,-0.4783735216561503,9.643486652515266,36.34,2.0,headache,S011
73.61,0.26,65.47777707374543,-0.6310697012540089,8.92594939133348,36.34,2.0,headache,S011
23.48,0.26,65.0561198010458,-0.12851689069494682,9.183925030831524,36.34,2.0,headache,S011
-125.5,0.27,65.72146965004832,-0.5252454490517966,8.985573781949299,36.34,2.0,headache,S011
-68.81,0.27,64.73644456411235,-0.8486829622486438,9.563736846561735,36.34,2.0,headache,S011
-14.0,0.26,65.31728283673705,-0.5343895001018657,9.623360497404056,36.34,2.0,headache,S011
-5.31,0.26,64.84920725996678,-0.5413869229991483,9.545604385871238,36.34,2.0,headache,S011
0.82,0.27,64.80865311375653,-0.4713637708882234,9.890414913402928,36.34,2.0,headache,S011
17.8,0.27,64.81573074223797,-0.6935172357310591,10.011900309257568,36.33,2.0,headache,S011
-4.57,0.26,65.19725838064409,-0.6975297294056436,9.315521672656745,36.33,2.0,headache,S011
23.27,0.26,64.87945397731072,-0.705277219138024,9.279987652041836,36.33,2.0,headache,S011
6.01,0.27,65.26565147978964,-0.7181732395366439,9.595494652724453,36.33,2.0,headache,S011
-1.09,0.27,65.08292074434031,-0.658991654900591,9.038545372201222,36.33,2.0,headache,S011
6.47,0.26,64.97897821221724,-0.5777328194674018,9.16682316092054,36.33,2.0,headache,S011
3.72,0.27,65.07015300155346,-0.8264361231953121,9.066532390670389,36.33,2.0,headache,S011
-5.01,0.27,65.32080289648117,-0.41010245406231166,9.076568572403316,36.33,2.0,headache,S011
13.56,0.27,65.12526061555776,-0.05125160029407668,8.440343469333579,36.33,2.0,headache,S011
2.54,0.27,65.00025330596837,-0.09893380664313914,9.19826664325594,36.33,2.0,headache,S011
0.1,0.27,64.98489155862036,-0.3248541407458827,8.81393521257132,36.33,2.0,headache,S011
6.14,0.27,65.01425562423056,-0.035349834914014444,8.865913334947502,36.33,2.0,headache,S011
7.55,0.27,65.06454225723111,-0.20159216899225219,8.515033740031019,36.33,2.0,headache,S011
-4.14,0.27,65.12011671218112,-0.021049058094671502,8.857996700763131,36.33,2.0,headache,S011
5.15,0.27,65.1856929491433,-0.3479091974748162,8.717911953634124,36.33,2.0,headache,S011
-1.14,0.27,64.99981199061288,-0.0022653001833881203,9.2621031602907,36.33,2.0,headache,S011
-8.53,0.27,65.28450065730979,-0.6681234793613283,8.839641895058781,36.33,2.0,headache,S011
-1.96,0.27,65.20393615293384,-0.36706972351408046,8.500574019342494,36.33,2.0,headache,S011
6.22,0.27,65.0584998950731,-0.5213847852341951,8.73058675622128,36.33,2.0,headache,S011
-10.01,0.27,65.10068122280762,-0.5603168932825626,8.840873558637703,36.33,2.0,headache,S011
-0.18,0.27,65.07153308780147,0.25797204516362304,8.760538603854549,36.33,2.0,headache,S011
6.65,0.27,65.45983441797834,-1.0472504629128347,8.767384207233194,36.33,2.0,headache,S011
-0.94,0.27,65.05380843020212,-0.3727355701920333,8.934903386645416,36.33,2.0,headache,S011
0.85,0.29,65.14383673747265,-0.2885840996591202,8.482216808157402,36.33,2.0,headache,S011
8.13,0.27,64.98534287368454,-0.38048944335253543,8.920332349616995,36.33,2.0,headache,S011
-3.29,0.27,65.02672488210455,-0.19989871855698937,8.539716926158013,36.33,2.0,headache,S011
1.34,0.27,64.97159671631015,-0.252227461132058,8.554004553859334,36.33,2.0,headache,S011
-0.57,0.27,65.02210651498413,-0.4195649394590195,9.035434861850653,36.33,2.0,headache,S011
-7.89,0.27,65.06333788092536,-0.30165110131875067,8.902618351544579,36.33,2.0,headache,S011
4.19,0.27,65.09205073920444,-0.5006962557817288,8.688401966433927,36.33,2.0,headache,S011
-1.0,0.27,64.9202137311756,-0.6117814750496678,8.74317579487575,36.33,2.0,headache,S011
-10.33,0.27,65.18609880978741,-0.5867856601627305,8.605992221545579,36.33,2.0,headache,S011
5.04,0.27,64.94687670260642,-0.3666420613941083,9.01666962266757,36.33,2.0,headache,S011
-5.05,0.27,65.10731345172451,-0.3129949399212346,8.61312099158918,36.33,2.0,headache,S011
-1.07,0.27,65.13379716106623,-0.37252721030281977,8.603341705909571,36.33,2.0,headache,S011
10.16,0.27,65.07972307621114,-0.4547112947027063,8.772610996989654,36.33,2.0,headache,S011
-1.7,0.27,65.03757494046786,-0.869505482514929,8.754540219682818,36.33,2.0,headache,S011
2.41,0.27,65.45545659604721,-0.31130671982177327,8.186021346522127,36.33,2.0,headache,S011
9.27,0.27,65.22506699888231,-0.162166261055252,9.13678450251738,36.33,2.0,headache,S011
-6.94,0.27,65.08232226789573,-0.19375399873570012,8.71596130296233,36.33,2.0,headache,S011
2.53,0.27,65.70534706711862,-1.2662008315543163,5.7866361333312035,36.33,2.0,headache,S011
1.33,0.27,65.20238802269039,-0.583492920657152,9.637344820769995,36.33,2.0,headache,S011
-6.96,0.27,64.86738285429654,-1.5708322238886026,9.930326626997138,36.33,2.0,headache,S011
-1.73,0.27,65.82486029628525,0.915578196843072,6.908756984226457,36.33,2.0,headache,S011
-2.59,0.27,64.77609192067253,2.754255654129333,8.831186113041241,36.33,2.0,headache,S011
-15.89,0.27,65.7932166247605,-1.3529285079808648,7.780782177767773,36.33,2.0,headache,S011
12.58,0.27,65.51264871704241,-0.7930241957211108,6.878008264952956,36.33,2.0,headache,S011
5.58,0.27,65.12178201683753,0.915471211482436,6.618664995233713,36.33,2.0,headache,S011
-5.5,0.27,65.49733610819897,0.33604319367025054,6.331725113861459,36.33,2.0,headache,S011
7.67,0.27,65.04769643266802,1.5248753573176175,6.093771455650238,36.33,2.0,headache,S011
-9.88,0.27,65.66084047897932,-0.14246277528366236,5.639433836804076,36.33,2.0,headache,S011
0.19,0.27,65.38278407938333,-0.4322244973379048,6.602991050069621,36.33,2.0,headache,S011
9.45,0.27,65.45220748126727,0.8090416470861773,7.264851539102493,36.31,2.0,headache,S011
-7.97,0.27,65.83702093893588,-0.7134881381136009,6.684438336265709,36.31,2.0,headache,S011
5.4,0.27,65.24466307786577,0.4074908746823627,7.706668669534734,36.31,2.0,headache,S011
-7.78,0.27,65.20859242813663,0.18560970082777592,7.5709529246859155,36.31,2.0,headache,S011
8.76,0.27,65.39784086234576,-0.2458012394051898,7.665221091838931,36.31,2.0,headache,S011
-1.85,0.27,65.18463478625131,-0.3356117101032073,7.862171139570555,36.31,2.0,headache,S011
-10.57,0.27,65.42778131172669,0.4412447803615684,7.538494561572336,36.31,2.0,headache,S011
15.91,0.27,65.1350558261852,-0.09992730746185352,8.19118833986643,36.31,2.0,headache,S011
-11.57,0.27,65.50795428673341,-0.1908350607557256,7.806518498373945,36.33,2.0,headache,S011
7.6,0.27,65.02812519063944,-0.043858464835939165,8.879933551804518,36.33,2.0,headache,S011
-1.92,0.27,65.7262567879066,-0.30968828867617315,8.301592567412484,36.33,2.0,headache,S011
17.92,0.27,65.13454616506215,0.17663998062103636,9.148204066036916,36.33,2.0,headache,S011
4.26,0.27,64.81478917950076,0.24462392366633917,10.449481915645677,36.33,2.0,headache,S011
-9.36,0.27,65.30800711517897,-0.4781800440957307,9.325430730165678,36.33,2.0,headache,S011
4.85,0.27,65.12685909942374,-0.7073997880207215,9.630197608907757,36.33,2.0,headache,S011
-3.97,0.27,65.24945673564457,-1.52417482603415,9.738812320447005,36.33,2.0,headache,S011
-1.22,0.27,65.29680009719766,-1.9181694169206271,9.397290237867482,36.31,2.0,headache,S011
1.61,0.27,65.11018871683528,-1.6203164671122425,9.057082303210006,36.31,2.0,headache,S011
-6.51,0.27,65.00867763111685,-1.0305094997442612,9.266296119544048,36.31,2.0,headache,S011
-1.65,0.27,65.06245619029265,-1.5405637493869586,9.371321350591717,36.31,2.0,headache,S011
3.55,0.27,65.21111212632393,-1.2678276155685277,7.554016064702764,36.33,2.0,headache,S011
1.17,0.27,65.18892391489216,-1.4061056428387468,6.8812813873539875,36.33,2.0,headache,S011
3.31,0.27,65.23385511993236,-1.390529224828367,6.906335160291319,36.33,2.0,headache,S011
0.27,0.27,65.60169405355683,-1.5695148657463045,6.7202887197397025,36.33,2.0,headache,S011
-9.23,0.27,65.38949229003764,-1.7430276203014006,7.089940188126559,36.31,2.0,headache,S011
6.64,0.27,65.43321196341098,-1.8822702971066183,7.086020207020141,36.31,2.0,headache,S011
-5.99,0.27,65.37960809740082,-1.7466622546747739,6.940471032277041,36.31,2.0,headache,S011
-3.79,0.27,65.47538159803591,-1.9598610702407178,7.023063201349711,36.31,2.0,headache,S011
-1.36,0.27,65.4408386458084,-1.689956611593432,6.9036769640701054,36.33,2.0,headache,S011
-4.08,0.27,65.13065352762614,-1.622373089729422,6.98781553695041,36.33,2.0,headache,S011
6.54,0.27,65.4246251196081,-1.8229443547014952,6.995881624014326,36.33,2.0,headache,S011
-5.5,0.27,65.50667958060573,-1.700524564660581,7.078981043860154,36.33,2.0,headache,S011
3.43,0.27,65.47813816678689,-1.556871247122414,7.076018741061819,36.29,2.0,headache,S011
0.69,0.27,65.57157268546356,-1.7126043765370411,6.959549443539305,36.29,2.0,headache,S011
-3.1,0.27,65.46476163686359,-1.8376032196885683,7.03757273842437,36.29,2.0,headache,S011
6.7,0.27,65.41995963966463,-1.924261045158416,6.902236258963931,36.29,2.0,headache,S011
-6.38,0.27,65.46030988053853,-2.006612695451575,6.705403565398447,36.33,2.0,headache,S011
6.77,0.27,65.25388398391728,-1.929909790896104,6.632686560959748,36.33,2.0,headache,S011
-3.14,0.27,65.6173061290268,-1.9088872878183105,6.74241131548633,36.33,2.0,headache,S011
-7.98,0.27,65.49754884915757,-2.0597516828313434,6.7219973661139125,36.33,2.0,headache,S011
4.27,0.27,65.58492084209746,-1.943078071959533,6.679119052087778,36.29,2.0,headache,S011
-6.59,0.27,65.52262910446906,-2.0650143049614753,6.357375803431838,36.29,2.0,headache,S011
4.92,0.27,65.3738382492393,-1.8648152606693813,6.575678095590131,36.29,2.0,headache,S011
3.08,0.27,65.38576735607074,-1.9767995039091217,6.6093942959549565,36.29,2.0,headache,S011
-5.04,0.27,65.42991228031917,-1.990143830465905,6.648612485626571,36.31,2.0,headache,S011
8.06,0.27,65.33197045834567,-2.0138284286188806,6.718847291722017,36.31,2.0,headache,S011
-6.51,0.27,65.39510405530918,-1.993874742359097,6.788314275948818,36.31,2.0,headache,S011
1.26,0.27,65.70816581709471,-1.9541299033940607,6.6053751989436185,36.31,2.0,headache,S011
2.82,0.27,65.49732733186735,-1.7282330677712814,6.829346049877283,36.29,2.0,headache,S011
-9.15,0.27,65.30967425822338,-2.1329011803738953,6.763547770938993,36.29,2.0,headache,S011
9.13,0.27,65.4622730709621,-1.7970278126234378,6.828128441113111,36.29,2.0,headache,S011
-2.1,0.27,65.53890460626893,-1.877030394194901,7.004482452598873,36.29,2.0,headache,S011
-3.82,0.27,65.41143538750192,-1.8842459141992582,6.953898792175258,36.27,2.0,headache,S011
13.21,0.27,65.38137858677177,-1.97873248242882,6.671282303263134,36.27,2.0,headache,S011
-9.9,0.27,65.46098355758527,-1.8494040356294523,6.873869615756048,36.27,2.0,headache,S011
-1.02,0.27,65.5006876879956,-2.0993999948459616,6.740688588354043,36.27,2.0,headache,S011
13.31,0.27,65.33247502669349,-1.848132085806919,6.948240892505385,36.29,2.0,headache,S011
-6.5,0.27,65.05137889790535,-2.0043141462196274,6.7583927540048006,36.29,2.0,headache,S011
-5.06,0.27,65.3916975507168,-1.8844671357926364,7.100757844791844,36.29,2.0,headache,S011
13.15,0.27,65.31634724780861,-1.9800682795388764,6.7812071906771285,36.29,2.0,headache,S011
-4.21,0.27,65.44383954454395,-1.8873656290653467,6.791672560426386,36.27,2.0,headache,S011
-10.54,0.27,65.52950226007424,-1.8481765745543637,6.75733564207627,36.27,2.0,headache,S011
11.16,0.27,65.4803313108924,-1.9775311931949486,6.724365698247882,36.27,2.0,headache,S011
4.95,0.27,65.65410732590304,-2.057056749920401,6.589403434635632,36.27,2.0,headache,S011
-14.23,0.27,65.68046124859914,-1.7729504634027786,6.500231296908077,36.29,2.0,headache,S011
0.88,0.27,65.40513239041884,-1.9050912550122856,6.708735836063658,36.29,2.0,headache,S011
12.11,0.27,64.97239393733393,-1.6876053798056811,6.439480132273791,36.29,2.0,headache,S011
-6.68,0.27,65.50723409983884,-1.842561930650983,6.756519237804633,36.29,2.0,headache,S011
-9.48,0.27,65.57727310452435,-1.8255363271483331,6.723693928706143,36.29,2.0,headache,S011
11.89,0.27,65.56360790333127,-1.8465142769934826,6.661336910237842,36.29,2.0,headache,S011
0.17,0.27,65.59662031013262,-1.78115488761387,6.528918706371174,36.29,2.0,headache,S011
-12.04,0.27,65.3936731333227,-1.5017392597701569,6.489072468453282,36.29,2.0,headache,S011
7.31,0.27,65.50719095486889,-1.4256383239465664,6.438336541554181,36.29,2.0,headache,S011
3.67,0.27,65.51666506060681,-1.3441121677290215,6.625742937014681,36.29,2.0,headache,S011
-11.09,0.27,65.61822357766853,-1.3655508224762756,6.553347053508808,36.29,2.0,headache,S011
3.25,0.27,65.23980385328744,-1.4960422965894085,6.318584427482745,36.29,2.0,headache,S011
7.93,0.27,65.05045332805767,-1.4693072493580939,6.613654995229827,36.27,2.0,headache,S011
-10.44,0.27,65.3960988480398,-1.2531688500104208,6.3258444553089985,36.27,2.0,headache,S011
-0.34,0.27,65.44303093917844,-1.4396503161833147,6.377147466947479,36.27,2.0,headache,S011
12.53,0.27,65.51556822132291,-1.2343567080981481,6.252982537507954,36.27,2.0,headache,S011
-10.88,0.27,65.56671664925975,-1.2670811110842584,6.231618549319466,36.29,2.0,headache,S011
-4.32,0.27,65.4253728420468,-1.2916567708044195,6.05058587069273,36.29,2.0,headache,S011
13.58,0.27,65.48088053070276,-1.231303523056509,6.474716705400583,36.29,2.0,headache,S011
-5.95,0.27,65.51156233952439,-1.4631142523333336,6.1575722249642135,36.29,2.0,headache,S011
-8.91,0.27,65.20509187006967,-1.3492492357486034,6.270834314319368,36.27,2.0,headache,S011
13.19,0.27,65.54811863878192,-1.3589718483888338,6.358602044163486,36.27,2.0,headache,S011
-2.72,0.27,65.55231894103497,-1.3744519138334554,6.419709575877881,36.27,2.0,headache,S011
-10.78,0.27,65.40373577732005,-1.4915945221626765,6.058039976816171,36.27,2.0,headache,S011
13.04,0.27,65.43392358371351,-1.3004570293321465,6.290530864515159,36.29,2.0,headache,S011
1.46,0.27,65.34254022639537,-1.3430316552954396,6.363794721840963,36.29,2.0,headache,S011
-14.12,0.27,65.77814497434309,-1.3379392576355031,6.148342930048051,36.29,2.0,headache,S011
10.26,0.27,65.4598876084785,-1.2220594583166386,6.353509889739133,36.29,2.0,headache,S011
2.09,0.27,65.57953044939458,-1.6875290561248086,6.490635050889544,36.29,2.0,headache,S011
-12.17,0.27,65.71850105080053,-1.362150645194025,6.181026568054865,36.29,2.0,headache,S011
8.38,0.27,65.22635484091643,-1.3177499228109761,6.418413497095518,36.29,2.0,headache,S011
3.72,0.27,65.4345540614158,-1.2445593880831478,6.40362536513525,36.29,2.0,headache,S011
-13.78,0.27,65.44996642966649,-1.5390586670339046,6.090498747326408,36.29,2.0,headache,S011
9.34,0.27,65.37234587818755,-1.5365759227881113,6.378972627682906,36.29,2.0,headache,S011
4.74,0.27,65.57556823475228,-1.389616527473743,6.204338174059393,36.29,2.0,headache,S011
-14.38,0.27,65.72457423651065,-1.1926192508850937,6.149325451718241,36.29,2.0,headache,S011
9.94,0.27,65.74798706562606,-1.2561332909636143,6.445578556716015,36.29,2.0,headache,S011
4.3,0.27,65.55136083306468,-1.5526818035010597,6.2900769946072765,36.29,2.0,headache,S011
-12.81,0.27,65.35761972893259,-1.1570933863820112,6.413108265393933,36.29,2.0,headache,S011
13.41,0.27,65.56718248576128,-1.0868566708648368,6.623239489582048,36.29,2.0,headache,S011
-0.31,0.27,65.45099046230372,-1.1521261171117743,6.270161705425862,36.29,2.0,headache,S011
-8.48,0.27,65.29615196648098,-1.1089413134348505,6.451491555523759,36.29,2.0,headache,S011
17.08,0.27,65.47524583445546,-0.9096180947712025,6.498664717332079,36.29,2.0,headache,S011
-4.21,0.27,65.66511817784745,-1.5318733484560538,6.402456315211609,36.29,2.0,headache,S011
-14.2,0.27,65.54509704741218,-1.1893499376098962,6.282027542781121,36.31,2.0,headache,S011
15.45,0.27,65.71441909053854,-1.2340411449950572,6.318683098286051,36.31,2.0,headache,S011
-6.1,0.27,65.40969647909229,-0.9600968688215584,6.203992473800557,36.31,2.0,headache,S011
-11.25,0.27,65.5366161329124,-1.4829670405809405,6.23009589952924,36.31,2.0,headache,S011
15.43,0.27,65.5206432980771,-1.3792429589619752,6.641183552550204,36.29,2.0,headache,S011
-4.02,0.27,65.44543251436454,-1.3190564427636322,6.049668989733247,36.29,2.0,headache,S011
-11.55,0.27,65.51899722789354,-1.2100406780777753,6.369117938768233,36.29,2.0,headache,S011
18.03,0.27,65.58127181203456,-1.2196856248513948,6.501349910360552,36.29,2.0,headache,S011
-1.69,0.27,65.39380113587107,-1.1102487545736446,6.3658867031348985,36.31,2.0,headache,S011
-7.47,0.27,65.41030700576601,-1.343965820357823,6.089719884699621,36.31,2.0,headache,S011
16.16,0.27,64.91493700905036,-1.4173702078105324,6.708539029070723,36.31,2.0,headache,S011
-5.37,0.27,65.58475663976098,-3.283105762638772,8.317276400151462,36.31,2.0,headache,S011
-15.28,0.27,65.51004911123582,-4.784874178666008,9.585972548401323,36.31,2.0,headache,S011
18.66,0.27,65.04807039848859,-4.633161699081614,9.588697901570875,36.31,2.0,headache,S011
-7.15,0.27,65.02648581890865,-4.788360504241513,9.625288589767907,36.31,2.0,headache,S011
-18.55,0.27,65.41092454084803,-4.627545620899578,9.76096878591579,36.31,2.0,headache,S011
6.28,0.27,65.80438047232364,-4.273324714566658,9.500106014186407,36.34,2.0,headache,S011
-0.9,0.27,64.97595311840625,-4.018704309105138,9.903926889433535,36.34,2.0,headache,S011
-7.13,0.27,65.5094194980287,-3.978670051055316,9.706959105802849,36.34,2.0,headache,S011
12.0,0.27,65.06879412846206,-4.012269263015682,9.51599227657376,36.34,2.0,headache,S011
5.59,0.27,65.2953072915919,-3.9502000402786823,9.39740523228648,36.33,2.0,headache,S011
0.15,0.27,64.76367923038124,-3.550439924531415,9.70343617135614,36.33,2.0,headache,S011
13.1,0.27,65.17000140715281,-3.8301407486686316,9.83853356994821,36.33,2.0,headache,S011
-5.1,0.27,65.00534388511664,-3.473485036149212,9.349726703534895,36.33,2.0,headache,S011
-7.91,0.27,65.05221551623461,-3.6277684713473963,8.879767003730228,36.37,2.0,headache,S011
13.53,0.27,65.14321958568506,-3.4831284350580995,8.008969005826135,36.37,2.0,headache,S011
-13.4,0.27,65.25359307764143,-2.9633035479909067,7.1586087021128995,36.37,2.0,headache,S011
-5.17,0.27,65.49224611351352,-3.3161599491395854,6.430277062698742,36.37,2.0,headache,S011
17.44,0.27,65.38250877910868,-3.5539352567165023,6.6996219253046245,36.37,2.0,headache,S011
-12.39,0.27,65.53782391308441,-3.3568474636691215,6.552881045821293,36.37,2.0,headache,S011
2.89,0.27,65.79484659278545,-3.116457684322794,6.336202361115243,36.37,2.0,headache,S011
5.68,0.27,65.47837722064772,-3.1584579206414194,6.2201964558740865,36.37,2.0,headache,S011
-17.72,0.27,65.50335599943759,-3.2370439996324323,6.363587144867546,36.41,2.0,headache,S011
2.3,0.27,65.23894402990442,-3.308173989816326,6.807148341413298,36.41,2.0,headache,S011
13.62,0.27,65.42310036196008,-3.303902295254761,6.943692163378503,36.41,2.0,headache,S011
-5.31,0.27,65.43070753044645,-3.258912209023367,7.029257097609503,36.41,2.0,headache,S011
1.82,0.27,65.26299065478304,-3.2084548633667644,7.161239502417105,36.41,2.0,headache,S011
3.85,0.27,65.22408040101533,-3.1959989000730595,7.189497098654492,36.41,2.0,headache,S011
-18.03,0.27,65.37385004589213,-3.101959063157066,7.14072779938955,36.41,2.0,headache,S011
6.94,0.27,65.37178076097769,-3.037196643556896,7.0162963359543165,36.41,2.0,headache,S011
12.37,0.27,65.16049778231725,-3.074314721936377,6.942248295871016,36.41,2.0,headache,S011
-12.78,0.27,65.21017345007783,-3.0656495959408865,7.25066832351939,36.41,2.0,headache,S011
-0.1,0.27,65.44533157725783,-3.008980170775009,7.172048317204796,36.41,2.0,headache,S011
11.5,0.27,65.12350410312212,-3.140140685632165,7.403707854241141,36.41,2.0,headache,S011
-17.76,0.27,65.34120400551684,-2.930580335740534,8.076745906529396,36.43,2.0,headache,S011
-4.71,0.27,65.2414548641625,-3.057700667919555,7.949539462615009,36.43,2.0,headache,S011
14.83,0.27,65.2319297293104,-2.9452367939296065,8.180990767853505,36.43,2.0,headache,S011
-8.38,0.27,64.82949907137507,-3.0573320451250057,8.235632963880816,36.43,2.0,headache,S011
6.25,0.27,66.07010861326155,-2.870892148511127,8.016457718049407,36.41,2.0,headache,S011
9.69,0.27,65.28559691439303,-2.615722376476928,7.903584133717583,36.41,2.0,headache,S011
-17.48,0.27,64.86053047643726,-2.6178682657885473,8.165323528145588,36.41,2.0,headache,S011
8.39,0.27,65.46018578093982,-2.8376273797717273,7.967055125553184,36.41,2.0,headache,S011
6.79,0.27,65.26540680303013,-2.8966949456844477,7.6021272653219265,36.45,2.0,headache,S011
-10.86,0.27,65.40487592318739,-2.9302185658963236,6.967165647122889,36.45,2.0,headache,S011
5.94,0.27,65.29372696455324,-2.896117589609925,7.056997989394377,36.45,2.0,headache,S011
8.55,0.27,65.26277243112374,-2.937090682696829,7.074244353525444,36.45,2.0,headache,S011
-17.95,0.27,65.26701777080784,-2.9760488735949795,7.5241878974167165,36.47,2.0,headache,S011
6.71,0.27,65.36727586655702,-3.044693781470969,7.565975138035509,36.47,2.0,headache,S011
5.39,0.27,65.17939032272707,-2.891987224478301,7.493224441398556,36.47,2.0,headache,S011
-10.36,0.27,65.08122752587649,-2.962621126411613,7.463006656024696,36.47,2.0,headache,S011
5.81,0.27,65.21679215735405,-2.882073727924416,7.108839857637645,36.5,2.0,headache,S011
6.05,0.27,65.37166530890993,-2.3197797438173,6.973192970434611,36.5,2.0,headache,S011
-11.79,0.27,65.20215622258235,-2.7520943591789337,7.031344022758653,36.5,2.0,headache,S011
7.9,0.27,65.3283634274529,-3.0586519819902147,7.121435606617977,36.5,2.0,headache,S011
7.13,0.27,65.59867962106767,-2.9717721569360656,7.473647378866413,36.5,2.0,headache,S011
-12.16,0.27,65.23108822972722,-2.92875164341675,7.587550057639678,36.5,2.0,headache,S011
-3.68,0.27,65.26186816937924,-2.9236843713533553,7.579129578288942,36.5,2.0,headache,S011
3.5,0.27,65.29859179546673,-3.0608895737342627,7.986340564910602,36.5,2.0,headache,S011
-17.49,0.27,65.11006529410794,-2.934337632865421,7.7626683236881835,36.5,2.0,headache,S011
1.45,0.27,65.27760599232553,-3.158920138296865,7.928062507789136,36.5,2.0,headache,S011
19.41,0.27,65.08912777376436,-2.9877946565421047,7.941681414745899,36.5,2.0,headache,S011
-7.52,0.27,65.19988899513528,-3.0344189761090896,7.639207941061206,36.5,2.0,headache,S011
-0.93,0.27,65.0936878093311,-2.950413884948501,7.662775551006098,36.53,2.0,headache,S011
7.19,0.27,65.07228152757342,-3.106591700143926,7.632665223802953,36.53,2.0,headache,S011
-15.16,0.27,65.0597488972395,-3.0682863774035756,7.577475877236338,36.53,2.0,headache,S011
4.14,0.27,65.07995694073323,-3.1509282760969946,7.616205400792938,36.53,2.0,headache,S011
3.07,0.27,65.20240838452104,-2.973902781000469,7.724276263548026,36.55,2.0,headache,S011
-14.26,0.27,65.27005093619302,-2.786837363850999,7.991898889029733,36.55,2.0,headache,S011
14.79,0.27,65.25311390540361,-2.257791375973448,7.6837747248967005,36.55,2.0,headache,S011
1.71,0.27,65.25673557856724,-2.0434102671683108,7.301663947209898,36.55,2.0,headache,S011
2.86,0.27,65.52847098347908,-2.0789693741664106,7.11607687077567,36.57,2.0,headache,S011
10.24,0.27,65.36363279456988,-1.9409641978857024,7.293441815923743,36.57,2.0,headache,S011
-9.54,0.27,65.45174981094974,-2.071895210966744,6.705281183787372,36.57,2.0,headache,S011
9.81,0.3,65.18054927148106,-1.658855822900211,6.837878944005738,36.57,2.0,headache,S011
1.41,0.27,65.48811011398034,-1.7620682253705466,7.346096120818087,36.57,2.0,headache,S011
-9.92,0.27,65.19503669987381,-2.052222359727166,7.269313749884782,36.57,2.0,headache,S011
7.53,0.27,65.52625884784725,-1.9834187916192627,7.253772202584716,36.57,2.0,headache,S011
-0.81,0.27,65.36402463888864,-1.9574300945840206,7.100015856225688,36.57,2.0,headache,S011
-15.2,0.27,65.39813486532998,-1.9492117519697219,7.397184548546496,36.59,2.0,headache,S011
1.7,0.27,65.1667645413865,-2.374281286576688,7.509386147582624,36.59,2.0,headache,S011
7.15,0.27,65.61540310853096,-1.9990780206484058,7.318172872760597,36.59,2.0,headache,S011
-5.8,0.27,65.2062409002674,-2.3482072654999677,7.391687559466864,36.59,2.0,headache,S011
6.31,0.27,65.44536591206419,-2.1136523721828455,7.192497835578294,36.57,2.0,headache,S011
5.58,0.27,65.29248581001175,-2.140631378730047,7.272198378426685,36.57,2.0,headache,S011
-15.51,0.27,65.44685428580394,-2.1076261591960876,7.042053552134349,36.57,2.0,headache,S011
8.5,0.27,65.42577429784181,-2.0263832853777943,7.286814438786581,36.57,2.0,headache,S011
6.71,0.27,65.33253889335347,-1.9647244126641918,7.1639149361392755,36.59,2.0,headache,S011
-8.31,0.27,65.46334879851376,-2.04297833734848,7.00658942623542,36.59,2.0,headache,S011
-11.4,0.27,65.49181166734893,-1.9446426398029046,6.701864777436798,36.59,2.0,headache,S011
5.52,0.27,65.47055551576196,-2.100089876135888,6.8643237116832285,36.59,2.0,headache,S011
6.62,0.27,65.39182624484151,-2.048819955646336,6.659174321624861,36.59,2.0,headache,S011
-13.63,0.27,65.3456967849411,-2.222707397381936,6.588156209943072,36.59,2.0,headache,S011
5.69,0.27,65.3766396398039,-2.042598231550242,6.919740764075631,36.59,2.0,headache,S011
8.09,0.27,65.32349816795667,-1.9912802544168207,6.800874091964175,36.59,2.0,headache,S011
-14.64,0.27,65.3414441261643,-1.9998866524443921,6.911107828240035,36.59,2.0,headache,S011
-3.63,0.27,65.74440770690939,-2.004043403928507,7.2127137509710275,36.59,2.0,headache,S011
16.3,0.27,65.54186498856065,-1.9920352295643118,6.842518733886255,36.59,2.0,headache,S011
1.91,0.27,65.30688334504889,-2.117356914474779,7.064755343359482,36.59,2.0,headache,S011
-8.17,0.27,65.26938317159089,-2.164960427140616,7.341507144175309,36.61,2.0,headache,S011
9.85,0.27,65.22687498865929,-2.3289363654206694,8.025833381189864,36.61,2.0,headache,S011
-0.12,0.27,65.11670865170399,-2.0987700615971914,7.807903192217038,36.61,2.0,headache,S011
-14.48,0.27,65.22092918190566,-2.6457513099754033,8.046333719794955,36.61,2.0,headache,S011
4.65,0.27,65.32561876297123,-2.84733103895792,7.7385807364027395,36.61,2.0,headache,S011
6.93,0.27,65.17694162186774,-2.9358000344372543,7.929257098767629,36.61,2.0,headache,S011
-4.14,0.27,65.24447392179025,-2.980162578779524,7.839375949818602,36.61,2.0,headache,S011
3.81,0.27,65.36443151100518,-2.7560411247560497,8.138823553816243,36.61,2.0,headache,S011
-10.11,0.27,64.96615842869066,-2.248897240135234,7.593619312751634,36.61,2.0,headache,S011
-11.09,0.27,65.50047611255441,-5.27370221456997,7.678667551341875,36.61,2.0,headache,S011
13.87,0.27,65.88118432459248,-2.764437440985721,5.775533155506195,36.61,2.0,headache,S011
2.38,0.27,64.84258702217224,-3.0719910542319306,5.366877086562452,36.61,2.0,headache,S011
-7.74,0.27,65.80376349291127,-2.894516510822998,5.8469684307064185,36.63,2.0,headache,S011
7.26,0.27,65.19867904097383,-1.8354141763522964,5.763967034649351,36.63,2.0,headache,S011
-12.67,0.27,65.4406267189933,-0.5917921449690423,5.856505939259676,36.63,2.0,headache,S011
8.38,0.27,65.97600761097745,-0.5216515127156283,6.856078268299798,36.63,2.0,headache,S011
6.66,0.27,64.26029554753099,1.3209744886922439,6.366346190558242,36.63,2.0,headache,S011
15.38,0.27,65.92506452178957,2.307256520070831,7.132639648823768,36.63,2.0,headache,S011
11.51,0.27,65.01362620236817,-0.5853281202958774,7.255724669448509,36.63,2.0,headache,S011
-14.67,0.27,66.3020173587709,1.8973513180437083,3.0658204019607167,36.63,2.0,headache,S011
4.85,0.28,65.42368363229889,2.1253584027818446,-0.8476285300939606,36.61,2.0,headache,S011
1.32,0.27,65.41966396871338,1.6205516232173665,-3.35481074927598,36.61,2.0,headache,S011
-9.72,0.27,66.34611660455992,0.4569584445326434,-5.014832680247387,36.61,2.0,headache,S011
-13.73,0.27,65.64544413379454,0.38321004408042314,-3.9780008886329457,36.61,2.0,headache,S011
-6.06,0.27,65.94570250656616,-0.25906819739512377,-3.356073473185798,36.61,2.0,headache,S011
15.93,0.27,65.90776909611158,0.4057956305777604,-2.7148737636083076,36.61,2.0,headache,S011
-0.65,0.27,65.7972332602343,1.1165264739028637,-1.985380802913291,36.61,2.0,headache,S011
1.56,0.27,65.68617623764374,0.922047885923966,-1.6927302299986897,36.61,2.0,headache,S011
4.84,0.27,65.74887150503811,1.3905862112592693,-1.4610923457733551,36.61,2.0,headache,S011
-11.8,0.27,65.93797312112319,1.7341152366328683,-0.7383567414555026,36.61,2.0,headache,S011
0.58,0.27,66.03984593459208,0.990812534084032,0.1000213123995647,36.61,2.0,headache,S011
10.09,0.27,65.9775346945475,0.20117160011616442,0.9692673778072809,36.61,2.0,headache,S011
-0.5,0.27,65.85821343176907,-0.2317499419779088,0.9368254302226194,36.65,2.0,headache,S011
-0.22,0.27,65.96488399251727,-0.7194110897604278,0.7731750923079297,36.65,2.0,headache,S011
8.53,0.27,65.37355273375329,-1.0879307645249103,1.7271605004321908,36.65,2.0,headache,S011
-2.44,0.27,65.3386886174895,-1.7343500659121702,2.842558669249902,36.65,2.0,headache,S011
-8.46,0.27,66.1532365399013,-0.9874041213545148,2.226678472179203,36.63,2.0,headache,S011
6.78,0.27,65.94669805530619,-0.7711690950934663,2.8523691166096032,36.63,2.0,headache,S011
3.3,0.27,66.54602026796303,-0.7697856160636829,2.126252631324211,36.63,2.0,headache,S011
-12.8,0.27,65.73508295141008,-1.1275830876866189,1.6456598136176508,36.63,2.0,headache,S011
-8.69,0.28,65.81473280636749,-1.7368738437214502,2.4008450596948565,36.65,2.0,headache,S011
12.08,0.27,65.75590752556901,-1.7506389922820131,2.026926260406934,36.65,2.0,headache,S011
-3.27,0.27,65.68816005646039,-1.604192363843689,3.1623646251759374,36.65,2.0,headache,S011
-6.51,0.28,65.82384209705661,-1.9307380156867935,3.688132903005074,36.65,2.0,headache,S011
9.4,0.28,65.84215744555105,-1.5121165789243887,4.301615014754843,36.63,2.0,headache,S011
6.43,0.27,65.76748613199838,-1.8866095583711922,3.9515469687339126,36.63,2.0,headache,S011
-10.64,0.27,65.78141378107274,-1.9133036474147895,4.353012406067014,36.63,2.0,headache,S011
3.77,0.28,65.71499790792463,-1.9457669702160718,4.366687403296865,36.63,2.0,headache,S011
-2.02,0.28,65.75344054993782,-2.0004311393351513,4.318464701801396,36.63,2.0,headache,S011
-4.75,0.27,65.72830148666945,-2.0133736871314802,4.266036449748396,36.63,2.0,headache,S011
8.89,0.27,65.80845405829216,-1.979500514070153,4.412606468590365,36.63,2.0,headache,S011
-11.02,0.28,66.01438436043105,-2.025456821839154,3.875250749112265,36.63,2.0,headache,S011
-2.46,0.27,65.82634358526393,-1.9702171695870643,4.139056101091572,36.63,2.0,headache,S011
7.96,0.27,65.86380467666962,-2.034491389959702,4.1492524263798884,36.63,2.0,headache,S011
-8.78,0.27,65.9135420225011,-1.9589134813504216,4.168194667114557,36.63,2.0,headache,S011
1.88,0.28,65.89841771125867,-2.0543016411777386,3.9792019647048704,36.63,2.0,headache,S011
10.64,0.28,65.76384262360739,-1.8822294767922831,4.334292958243364,36.63,2.0,headache,S011
-7.29,0.27,65.59276421549816,-1.8295207211387428,4.20429923673233,36.63,2.0,headache,S011
0.61,0.27,65.88125974662881,-2.003477806592143,4.226178425786713,36.63,2.0,headache,S011
9.54,0.28,65.66569134819756,-2.0100370866077477,4.3673087368534915,36.63,2.0,headache,S011
-10.69,0.28,65.9795137555974,-1.9837950010910061,4.318973559202757,36.63,2.0,headache,S011
-0.06,0.27,65.86188718801024,-2.020079249912516,3.9971608313543348,36.63,2.0,headache,S011
9.84,0.27,65.78766559996876,-1.976953328488353,4.127945826354653,36.63,2.0,headache,S011
-9.91,0.28,65.93423096199488,-2.0257650447801607,3.8823379351797938,36.63,2.0,headache,S011
-1.46,0.28,65.86077347066637,-1.9711432158448579,4.4015116842909725,36.59,2.0,headache,S011
8.84,0.27,65.9077905507061,-2.033705657221337,4.1820228597175815,36.59,2.0,headache,S011
-10.57,0.28,65.93849876167171,-1.9521966898254115,4.216846476641322,36.59,2.0,headache,S011
-0.05,0.28,65.90638313397785,-1.9045289965219685,3.9813878739115722,36.59,2.0,headache,S011
10.49,0.28,65.91205952757876,-1.993880840011183,4.235497328972962,36.63,2.0,headache,S011
-6.61,0.27,65.98523093269819,-2.0132910861968334,3.989294442004286,36.63,2.0,headache,S011
2.75,0.27,65.99608636685485,-1.9874157450534244,4.118847628280255,36.63,2.0,headache,S011
5.86,0.28,65.86943525505984,-1.9000663147641499,4.038669774758062,36.63,2.0,headache,S011
-9.5,0.27,65.99060672336859,-1.9636460742699156,4.005998162320479,36.61,2.0,headache,S011
7.16,0.28,65.83623144666855,-2.034983159078562,3.9824541432127667,36.61,2.0,headache,S011
4.17,0.28,65.93754589550585,-1.8531478571331954,4.0221275423733465,36.61,2.0,headache,S011
-9.34,0.28,66.00488933193417,-2.00863532599358,3.976162435784053,36.61,2.0,headache,S011
7.72,0.28,65.85730905291324,-1.995108958997293,4.024289295885748,36.63,2.0,headache,S011
3.35,0.28,65.75498158693493,-1.9645721436970416,3.971087112202559,36.63,2.0,headache,S011
-12.3,0.27,65.89993393358667,-1.8758975101631628,3.859086817561759,36.63,2.0,headache,S011
7.14,0.28,65.63261948754597,-2.0608526792252153,3.9387359761827425,36.63,2.0,headache,S011
0.34,0.28,66.00492627709292,-1.949703686859832,4.0130044804161145,36.61,2.0,headache,S011
-7.28,0.28,65.86858736813424,-2.0460184157751993,3.586031887854452,36.61,2.0,headache,S011
11.6,0.28,65.97667417341111,-1.9565469361268126,3.8306292169937195,36.61,2.0,headache,S011
-0.55,0.28,66.00283035433658,-2.0410577410901913,3.690622059760469,36.61,2.0,headache,S011
-9.11,0.28,65.94712820834124,-1.96288282700183,3.9573599081814588,36.61,2.0,headache,S011
11.47,0.28,65.78143444065931,-2.0238289702207464,3.622776439846784,36.61,2.0,headache,S011
-4.36,0.28,66.00351400597465,-1.8314383135797616,4.058562097429362,36.61,2.0,headache,S011
-9.1,0.28,65.83211031670741,-2.068569296926861,3.8756611530950864,36.61,2.0,headache,S011
12.2,0.28,66.11414541562617,-1.9378896397267282,3.6207088969021264,36.61,2.0,headache,S011
-3.42,0.28,65.49370951897853,-2.0615985996497193,3.7488570391830054,36.61,2.0,headache,S011
-8.44,0.28,65.81763255245544,-1.9356239564528923,3.7284665491941764,36.61,2.0,headache,S011
12.64,0.28,65.96109983286712,-2.074038973573924,3.664238736569734,36.61,2.0,headache,S011
-3.49,0.28,65.77432576517624,-1.777494103773212,3.835300199386902,36.63,2.0,headache,S011
-10.43,0.28,66.00755501805975,-1.8727014905676964,3.961974411234459,36.63,2.0,headache,S011
12.37,0.28,65.85700758939693,-1.8946372190766816,3.648187622010579,36.63,2.0,headache,S011
4.14,0.28,65.92393239468534,-2.0841298927342202,3.706915764928217,36.63,2.0,headache,S011
-12.67,0.28,65.96516479542272,-1.8616421686765983,3.896797199651374,36.61,2.0,headache,S011
8.92,0.28,66.05222491524009,-1.596043210483405,3.7054794769536366,36.61,2.0,headache,S011
2.23,0.28,65.81116505032725,-1.7378364242654087,3.697108449446549,36.61,2.0,headache,S011
-13.01,0.28,65.87561535890782,-2.008312586161852,3.8701142800442416,36.61,2.0,headache,S011
7.56,0.28,66.03855183818759,-1.8118318035597347,3.667726327957969,36.59,2.0,headache,S011
5.72,0.28,65.83028361270695,-1.9756586644732337,3.475347829472635,36.59,2.0,headache,S011
-13.74,0.28,66.06843829175367,-1.8697048851043128,3.4292150217388624,36.59,2.0,headache,S011
7.43,0.28,65.91878988819361,-1.8452481836167671,3.8148364895838762,36.59,2.0,headache,S011
6.13,0.28,65.91011453830889,-1.8823890348468095,3.3435393334782555,36.61,2.0,headache,S011
-14.98,0.28,65.86449745172081,-1.9594518921129411,3.4811012088887376,36.61,2.0,headache,S011
2.11,0.28,66.04661331484084,-1.8199223666575857,3.7885409587596635,36.61,2.0,headache,S011
8.48,0.3,65.95272641652375,-1.7105933467655867,3.3757653794292373,36.61,2.0,headache,S011
-13.04,0.28,65.91756390818006,-1.7383339516873841,3.565404395693558,36.59,2.0,headache,S011
12.36,0.28,65.95954356218633,-1.9503418153595675,3.6826010451882496,36.59,2.0,headache,S011
1.8,0.28,66.05538236249292,-1.6042239582307463,3.6816103644077813,36.59,2.0,headache,S011
-8.97,0.28,65.79883345622711,-1.980711013768016,3.539806823186191,36.59,2.0,headache,S011
10.55,0.28,65.91767477849068,-1.7360533749482514,3.5902258828007096,36.59,2.0,headache,S011
-5.8,0.28,65.9881144754672,-1.9067520463005905,3.3183141877995626,36.59,2.0,headache,S011
-5.89,0.28,65.90182204895729,-1.613006986956392,3.554546133099258,36.59,2.0,headache,S011
13.92,0.28,65.87680009029017,-1.968650504104793,3.2087220691473664,36.59,2.0,headache,S011
-11.24,0.28,65.9834816012349,-1.6457206255067616,3.3536269291228185,36.59,2.0,headache,S011
-1.72,0.28,65.9979330893987,-1.8817079468769813,3.4089764224114742,36.59,2.0,headache,S011
10.86,0.28,66.00773202962085,-1.9468996056328685,3.5863054913035888,36.59,2.0,headache,S011
-11.3,0.28,65.99196569164953,-1.929615665150053,3.2627973912250443,36.59,2.0,headache,S011
2.46,0.28,65.89524436531892,-1.3144813109662463,3.297897340679397,36.61,2.0,headache,S011
14.69,0.28,65.96887494398723,-1.721084545479978,3.4482802795735994,36.61,2.0,headache,S011
-13.54,0.28,66.0286745170695,-1.5764688231391615,3.5703688837082277,36.61,2.0,headache,S011
1.97,0.28,65.9706369849844,-1.9426209378983454,3.626423529231546,36.61,2.0,headache,S011
10.41,0.28,66.03057073397103,-1.389880091136637,3.4969386483770175,36.65,2.0,headache,S011
-9.64,0.28,65.96905755221567,-1.7175941507616264,3.228140376183492,36.65,2.0,headache,S011
-4.08,0.28,66.0232250618769,-1.4389095240537264,3.638523721406492,36.65,2.0,headache,S011
15.26,0.28,65.82111908667123,-1.999611933880982,3.2994040424788857,36.65,2.0,headache,S011
-7.34,0.28,66.1025377993767,-1.5405004685928585,3.442603125662036,36.61,2.0,headache,S011
-7.65,0.28,65.79509095550156,-2.2040630874730076,3.217068719236647,36.61,2.0,headache,S011
9.42,0.28,65.75480304983186,-1.1233868495728314,3.6323109497343213,36.61,2.0,headache,S011
-2.88,0.28,66.02065463289813,-1.6305698373011048,2.9846200865058212,36.61,2.0,headache,S011
-13.26,0.28,65.99259755779688,-2.4016042009230714,2.4992379454118425,36.61,2.0,headache,S011
11.25,0.28,65.82398345133663,-3.8490520242198025,0.5601933194320812,36.61,2.0,headache,S011
2.25,0.28,66.18836847248255,-1.310628965097487,-1.3437589158377141,36.61,2.0,headache,S011
-4.61,0.28,65.8592305387511,-5.0502200697918616,-1.1426225620808763,36.61,2.0,headache,S011
7.06,0.28,66.3055062954909,-0.48709330263916006,0.35608320058816395,36.63,2.0,headache,S011
-3.95,0.28,65.82347121398153,2.51783794229528,0.16491018417864783,36.63,2.0,headache,S011
-12.25,0.28,65.58142092015188,2.0804445189275054,1.0360068626597072,36.63,2.0,headache,S011
11.53,0.28,66.08379390710066,-2.9045623675575833,3.2326326463553725,36.63,2.0,headache,S011
-17.8,0.28,65.78327816245512,-1.8305478424485133,3.1802040619096297,36.65,2.0,headache,S011
3.38,0.28,65.32419953644917,-1.2879742985203484,5.626655803962541,36.65,2.0,headache,S011
15.7,0.28,65.65664617722463,-4.983479001205414,4.789496199263543,36.65,2.0,headache,S011
-11.68,0.28,65.76592031085754,-1.7532887014685816,5.895067630490778,36.65,2.0,headache,S011
-12.37,0.28,65.21750846770527,-3.4258709056818164,6.321731187777519,36.65,2.0,headache,S011
14.42,0.28,65.77936643501178,-4.044046563264402,4.928142247400691,36.65,2.0,headache,S011
-8.57,0.28,65.38665734478838,-3.7036552432736163,5.7724770695171275,36.65,2.0,headache,S011
4.3,0.28,65.50262395149672,-3.6430457094812776,5.690179026644062,36.65,2.0,headache,S011
1.47,0.28,65.15524586790036,-4.150701345843665,6.114395668041312,36.68,2.0,headache,S011
8.28,0.28,65.31894769251412,-3.75394771149578,6.588889596064449,36.68,2.0,headache,S011
6.97,0.28,65.44106905846162,-3.827821091753399,6.73361756145744,36.68,2.0,headache,S011
1.16,0.28,65.22285862934316,-3.872933220202587,6.978610319847493,36.68,2.0,headache,S011
-2.36,0.28,65.2606937914956,-4.1252579610690185,6.835713529720063,36.68,2.0,headache,S011
6.83,0.28,65.05153268449878,-3.8809145161703174,7.077711375787608,36.68,2.0,headache,S011
3.98,0.28,65.23729607088403,-4.112195414696579,6.940356850716462,36.68,2.0,headache,S011
-0.15,0.28,65.13171003024482,-3.8945085955057483,7.046833215462121,36.68,2.0,headache,S011
7.8,0.28,65.2577582582964,-4.099227798503594,6.979743294096684,36.66,2.0,headache,S011
-11.71,0.28,65.08530939418463,-3.9065399711890816,7.541146654416083,36.66,2.0,headache,S011
8.47,0.28,65.12164962496205,-4.088175079842346,7.6899506293538336,36.66,2.0,headache,S011
-1.56,0.28,65.26210163954178,-3.916663417839032,8.032300410986839,36.66,2.0,headache,S011
-7.23,0.28,65.00309243516162,-4.078901983240182,7.981130577292068,36.66,2.0,headache,S011
4.6,0.28,65.00251138144898,-3.925170684270704,7.935202383381624,36.66,2.0,headache,S011
1.81,0.3,65.00029536924525,-4.07107975731679,7.913100499116416,36.66,2.0,headache,S011
-9.79,0.28,64.99726459507238,-3.93238159161652,8.056628624632557,36.66,2.0,headache,S011
1.23,0.28,65.00470180087709,-4.064414307425164,7.9519980609729375,36.68,2.0,headache,S011
0.5,0.28,64.99351414634683,-3.93855986724093,8.043664582002599,36.68,2.0,headache,S011
-8.33,0.28,65.00856121788273,-4.058671791418576,7.958951540896273,36.68,2.0,headache,S011
-3.31,0.28,64.98733381358406,-3.943912016652814,8.039396245206701,36.68,2.0,headache,S011
1.67,0.28,65.12997864763673,-4.053669775147877,7.961569651129375,36.71,2.0,headache,S011
-8.85,0.28,65.0026164135056,-3.948599810034165,8.038076123415259,36.71,2.0,headache,S011
-5.87,0.28,64.99921671100218,-4.049263803055786,7.961580393066109,36.71,2.0,headache,S011
7.04,0.28,65.11509575474379,-3.9527536827217196,8.039831433989265,36.71,2.0,headache,S011
-2.54,0.28,65.01990117714963,-4.045334071314035,7.956348272885705,36.68,2.0,headache,S011
-4.11,0.28,64.98094216965066,-3.9564866061740784,8.058191633325446,36.68,2.0,headache,S011
8.57,0.28,65.17932333110133,-4.041769633630272,8.088435117810565,36.68,2.0,headache,S011
-3.4,0.28,65.09203104864253,-3.9599144951917165,8.005138256050989,36.68,2.0,headache,S011
-5.06,0.28,64.98408966841056,-4.038437903871805,8.054381422126891,36.71,2.0,headache,S011
8.77,0.28,65.0069193210417,-3.963209006004212,8.187464147648443,36.71,2.0,headache,S011
-1.58,0.28,64.9959044782707,-4.035078871011403,7.9841256743344715,36.71,2.0,headache,S011
-3.41,0.28,65.00338038412397,-3.966847100356607,8.079445477343032,36.71,2.0,headache,S011
8.34,0.28,64.9959637090317,-4.030565768754416,8.191930332664425,36.68,2.0,headache,S011
-4.59,0.28,65.00630005163494,-3.9750313717936847,8.002123008186155,36.68,2.0,headache,S011
-1.96,0.28,64.98822452572198,-4.1567785944181646,8.000901205785496,36.68,2.0,headache,S011
5.26,0.28,65.02986816744685,-3.9606064430132717,8.155398693473675,36.68,2.0,headache,S011
-9.15,0.28,65.1073473970048,-4.034806633380991,7.927122942071254,36.71,2.0,headache,S011
1.52,0.28,65.09113924382078,-3.9672909303058184,8.117955024760118,36.71,2.0,headache,S011
7.01,0.28,65.04490686382206,-4.031323130942235,8.025791326770248,36.71,2.0,headache,S011
-4.9,0.28,64.97322866342583,-3.9697162594997595,8.216345507866304,36.71,2.0,headache,S011
11.64,0.28,65.02031611323582,-4.029479499205809,8.269946302819692,36.68,2.0,headache,S011
4.02,0.28,64.9836155264877,-3.9711185540245517,8.21309820492369,36.68,2.0,headache,S011
-2.81,0.28,65.01310432263605,-4.028505635887153,8.24048682809358,36.68,2.0,headache,S011
4.73,0.28,64.990423190709,-3.9715867113073626,8.27614215053386,36.68,2.0,headache,S011
-13.33,0.28,65.00486237522469,-4.028739647637729,8.00388008734281,36.68,2.0,headache,S011
3.21,0.28,65.00290893336489,-3.970216782838316,8.248276297281697,36.68,2.0,headache,S011
2.51,0.28,64.98004400379092,-4.032302354023804,8.185900768930681,36.68,2.0,headache,S011
-8.13,0.28,65.1009595973421,-3.9611244071619884,8.322048311455967,36.68,2.0,headache,S011
9.55,0.28,65.19671485491925,-4.067239825886048,8.260000519914756,36.66,2.0,headache,S011
-4.84,0.28,64.97308902215175,-4.087840095531589,8.15263810781279,36.66,2.0,headache,S011
-1.37,0.28,65.16497401861339,-3.9911536820972864,8.281662897252984,36.66,2.0,headache,S011
12.71,0.28,64.91909860202546,-3.998647269387657,8.388713346617314,36.66,2.0,headache,S011
-7.91,0.28,65.07128730864028,-4.005029075321353,8.129938958169316,36.68,2.0,headache,S011
0.16,0.28,64.9234856475519,-3.993099501996945,8.245547860509026,36.68,2.0,headache,S011
7.5,0.28,65.13679524379053,-4.008566015376289,8.345519684366177,36.68,2.0,headache,S011
-9.77,0.28,65.02213909315739,-3.987341817967505,8.036619021627805,36.68,2.0,headache,S011
1.41,0.28,65.02500109249968,-4.043942093143981,8.309875464449888,36.66,2.0,headache,S011
9.5,0.28,65.09913598164783,-4.2047135576098595,8.1641948107871,36.66,2.0,headache,S011
-9.44,0.28,65.02108481371708,-4.13522242217235,7.9572508574771526,36.66,2.0,headache,S011
-1.41,0.28,64.97188896815038,-4.028281007375335,8.322851033315864,36.66,2.0,headache,S011
10.24,0.28,65.03280751105612,-4.112568276775313,8.275281543365102,36.65,2.0,headache,S011
-7.47,0.28,64.96112288411337,-4.1783667058335165,8.062978314165269,36.65,2.0,headache,S011
-5.5,0.28,65.05574716334324,-4.118141775174658,8.161573677721396,36.65,2.0,headache,S011
9.46,0.28,65.08924414077212,-4.05079034861912,8.299092888843933,36.65,2.0,headache,S011
-4.35,0.28,65.0094039996115,-4.121300825903442,8.17890389576715,36.66,2.0,headache,S011
-5.48,0.28,64.9814885132524,-4.015888608679617,8.051219712652205,36.66,2.0,headache,S011
10.85,0.28,65.02188079177273,-4.000865186447595,8.499781025205207,36.66,2.0,headache,S011
-2.76,0.28,64.97673762011685,-3.992800583092691,8.284086777432227,36.66,2.0,headache,S011
-10.9,0.28,65.02317988186712,-4.012946047823399,8.167840896549468,36.66,2.0,headache,S011
9.25,0.28,64.97905136681146,-3.975737621161574,8.105392980565716,36.66,2.0,headache,S011
-2.78,0.28,65.01306500701195,-4.106398154911805,7.98699091368091,36.66,2.0,headache,S011
-9.6,0.28,65.03059546579861,-4.04715191103759,7.983333713531888,36.66,2.0,headache,S011
9.32,0.28,65.13026503811794,-3.9801411380572915,8.200686227015675,36.63,2.0,headache,S011
0.01,0.28,64.92801395453323,-4.012604778110659,8.233809974753937,36.63,2.0,headache,S011
-7.54,0.28,65.06362867212357,-3.991867660330236,7.928388168199164,36.63,2.0,headache,S011
12.99,0.28,64.93762794995303,-4.000467332866492,8.051166150075952,36.63,2.0,headache,S011
-0.53,0.28,65.06472412871898,-4.0981428677183676,7.956231039584927,36.65,2.0,headache,S011
-8.94,0.28,64.92677836827067,-4.050579387690442,8.040726511035595,36.65,2.0,headache,S011
9.54,0.28,65.17486858402168,-3.9524678049444346,7.96012181196153,36.65,2.0,headache,S011
-1.94,0.28,64.96826261532851,-4.149429320600846,8.04053050190915,36.65,2.0,headache,S011
-10.01,0.31,65.04646675783371,-3.9847502386068245,7.9573701633929,36.65,2.0,headache,S011
11.43,0.28,64.94998984600282,-4.092700048403884,8.046909524019968,36.65,2.0,headache,S011
-4.86,0.28,65.04579214523507,-4.061051522174778,7.942903488510375,36.65,2.0,headache,S011
-7.76,0.28,65.02935625868939,-3.98493620587188,8.117094348032385,36.65,2.0,headache,S011
12.19,0.28,65.13512561549896,-4.002269453318747,8.063002596070966,36.63,2.0,headache,S011
1.42,0.28,65.01904963733277,-4.00659835266219,8.232068456635757,36.63,2.0,headache,S011
-8.51,0.28,65.09712278812744,-3.9813087674857672,8.006005993338979,36.63,2.0,headache,S011
11.31,0.28,64.8922871315092,-4.065171249589039,8.162449298251426,36.63,2.0,headache,S011
-2.8,0.28,65.11995685879747,-4.095630671336597,7.904059076520715,36.66,2.0,headache,S011
-9.36,0.28,64.86068614396171,-3.955901080187024,8.11541727621266,36.66,2.0,headache,S011
8.9,0.28,65.25456091305004,-4.094450795727402,8.065795493568205,36.66,2.0,headache,S011
-1.76,0.28,64.87119083942487,-4.0711220396015335,8.169456523411826,36.66,2.0,headache,S011
-14.11,0.28,65.16678563336093,-3.9661256251433903,7.94394894520274,36.65,2.0,headache,S011
11.66,0.28,64.79558363784435,-4.029098601317194,8.232924724930989,36.65,2.0,headache,S011
2.26,0.28,65.25608452763491,-3.970837146087465,7.776067500815911,36.65,2.0,headache,S011
-5.76,0.28,64.66085971029833,-4.028242015425983,8.265863351708688,36.65,2.0,headache,S011
12.14,0.28,65.52735435632671,-4.011054725790997,7.664288487116787,36.65,2.0,headache,S011
-3.03,0.28,64.5204698657348,-4.488357319693609,8.643965805463916,36.65,2.0,headache,S011
-9.05,0.28,69.25621916507855,-3.899287393882177,4.792821316441645,36.65,2.0,headache,S011
11.9,0.28,66.74317381780291,2.822431853400118,3.346089772346456,36.65,2.0,headache,S011
-13.48,0.28,65.44288875383197,-1.0421618415364058,5.901651883603917,36.63,2.0,headache,S011
4.41,0.27,65.85601074661264,-1.0485576394191234,5.363973089543623,36.63,2.0,headache,S011
8.32,0.27,65.35927082667767,-1.5298068839925762,6.163000427078537,36.63,2.0,headache,S011
13.35,0.27,65.82780575295786,-1.3321629332124234,5.3208470632726685,36.63,2.0,headache,S011
26.57,0.27,65.46529702759858,-1.741399791101993,6.219343434792181,36.61,2.0,headache,S011
-39.11,0.28,65.58037641942661,-1.3300864729896935,6.023420412977815,36.61,2.0,headache,S011
-16.02,0.27,65.42837964634656,-1.750478715346732,5.952689550375641,36.61,2.0,headache,S011
9.09,0.27,65.74862153195376,-1.701920083980423,6.310102997594895,36.61,2.0,headache,S011
-1.4,0.27,65.33501037067869,-1.0850594128273197,6.460410830792044,36.63,2.0,headache,S011
-6.19,0.28,64.23346612757186,-2.7702642518742984,7.262892503139714,36.63,2.0,headache,S011
12.89,0.27,65.26104182531762,-2.9149719243223324,7.190926795896838,36.63,2.0,headache,S011
-11.41,0.28,65.61107571703694,-3.499251564468908,6.327851608651193,36.63,2.0,headache,S011
8.06,0.28,64.80733814666637,-3.159608469175605,7.200864334410094,36.63,2.0,headache,S011
14.64,0.28,65.66655607819392,-3.385584289011364,7.488400607043463,36.63,2.0,headache,S011
6.04,0.28,64.79607498028771,-3.6390085111834503,8.398513727005989,36.63,2.0,headache,S011
-18.76,0.28,65.47382388367299,-3.67847313429936,7.818325290788327,36.63,2.0,headache,S011
-7.05,0.28,65.14373172642415,-4.026163865489474,8.571870824538108,36.61,2.0,headache,S011
-7.44,0.28,65.27441618330182,-3.83143034745161,8.25231462491418,36.61,2.0,headache,S011
3.73,0.28,64.96260918151995,-4.167633917748438,8.323650544042478,36.61,2.0,headache,S011
-2.59,0.28,65.13193535665116,-3.753218662347995,8.433923502600292,36.61,2.0,headache,S011
-1.12,0.28,64.94145529849318,-3.8366874541392293,8.50690507395131,36.61,2.0,headache,S011
6.42,0.28,65.11748730769817,-2.699053996525745,7.565776612902803,36.61,2.0,headache,S011
-6.37,0.28,65.25587826675675,-3.486562727334364,7.919489066098919,36.61,2.0,headache,S011
1.62,0.28,65.23582603777407,-3.371464713105875,7.4538608324802125,36.61,2.0,headache,S011
-0.65,0.28,65.14736887591242,-3.2726790869299918,6.9633233749783106,36.61,2.0,headache,S011
-3.22,0.29,65.3640412169337,-3.342998984324186,6.975987605477756,36.61,2.0,headache,S011
13.61,0.28,65.47370194846432,-3.5169256462122562,7.063733359350373,36.61,2.0,headache,S011
-13.35,0.28,65.32502241237276,-3.333100559531801,6.829398905185834,36.61,2.0,headache,S011
-11.43,0.28,65.18102945020198,-3.4297054909035642,7.005657539560644,36.59,2.0,headache,S011
4.49,0.28,65.18901682483596,-3.405445246427712,6.933320071595841,36.59,2.0,headache,S011
-7.88,0.28,65.37763061056897,-3.5574324191974833,7.0761460862558385,36.59,2.0,headache,S011
8.84,0.28,65.1401952548189,-3.149139557989294,6.685194205985263,36.59,2.0,headache,S011
0.44,0.29,65.45698709906341,-3.5124138661577198,7.217390265175134,36.61,2.0,headache,S011
0.96,0.29,65.57960449867174,-3.3550100378850294,6.738766406664348,36.61,2.0,headache,S011
6.55,0.28,65.29673470730854,-3.638675153811511,7.200689084228927,36.61,2.0,headache,S011
-1.65,0.28,65.62010745408621,-3.6137731987834822,6.685014812995221,36.61,2.0,headache,S011
12.09,0.28,65.42649441968295,-3.8324071038158714,7.330604000764905,36.61,2.0,headache,S011
-6.33,0.29,64.87946645701435,-2.3397276112026484,7.407075192231028,36.61,2.0,headache,S011
8.61,0.28,64.76881566153234,-3.8892874341208534,9.731898598097455,36.61,2.0,headache,S011
-2.37,0.28,64.90518375427143,-3.443730873490507,7.976259957408942,36.61,2.0,headache,S011
-1.28,0.29,66.14644573561745,-2.6013371391657456,7.9696620627213415,36.61,2.0,headache,S011
8.76,0.29,64.48184998463617,-3.2776514592614348,11.735596307443155,36.61,2.0,headache,S011
-2.43,0.28,64.77443939694692,-3.3403802866022554,11.367030154368493,36.61,2.0,headache,S011
0.25,0.28,64.36886009894877,-4.171964299454941,12.193527146533802,36.61,2.0,headache,S011
19.32,0.28,64.84669850640167,-3.565256691436259,12.00425215359881,36.61,2.0,headache,S011
3.91,0.28,64.61553971720024,-4.066227090880161,12.145320987733422,36.61,2.0,headache,S011
-32.16,0.28,64.60856359025011,-3.512883270340933,11.926267295398867,36.61,2.0,headache,S011
-18.52,0.28,64.64763318430431,-3.9717428020423275,12.05131100770074,36.61,2.0,headache,S011
3.26,0.29,64.78543299817868,-3.561361703488323,11.96290604962629,36.59,2.0,headache,S011
3.46,0.29,64.45335731069525,-3.8741852189182597,12.029116233114138,36.59,2.0,headache,S011
-2.7,0.28,64.70382529740773,-3.7922391472488854,12.120463961642809,36.59,2.0,headache,S011
10.81,0.29,64.52586557805468,-3.5392564170564538,11.973934259927953,36.59,2.0,headache,S011
-3.7,0.29,64.6398154124851,-3.530724882175242,12.066942691129357,36.61,2.0,headache,S011
1.25,0.28,64.76962827940434,-3.8553913494368253,12.070490046022973,36.61,2.0,headache,S011
6.62,0.28,64.0555495413489,-3.1476930443569415,12.359299560148088,36.61,2.0,headache,S011
-2.47,0.28,64.6153428477037,-3.4182573040689648,12.317453511208216,36.61,2.0,headache,S011
7.37,0.29,64.91094651502085,-3.9902270727164715,11.971389167590516,36.61,2.0,headache,S011
-0.78,0.29,64.37669917950952,-3.402323667374405,12.15230776044336,36.61,2.0,headache,S011
-9.58,0.28,64.81995219956735,-3.7699088977957875,11.921094805428291,36.61,2.0,headache,S011
6.9,0.28,64.41333495323711,-3.6281661115792367,12.060048991246495,36.61,2.0,headache,S011
-11.38,0.29,64.62550720041503,-3.8659318093816033,11.947848648459969,36.61,2.0,headache,S011
-0.53,0.29,64.4049280226424,-3.8355842526257855,12.166168879977139,36.61,2.0,headache,S011
12.21,0.28,64.70011933957107,-3.423861694008048,11.967162347995504,36.61,2.0,headache,S011
-4.92,0.28,64.60649962696337,-3.9492203491198934,12.033493437512465,36.61,2.0,headache,S011
2.36,0.29,64.49440417266489,-3.772815108902498,11.965220010004165,36.61,2.0,headache,S011
4.63,0.29,64.59751027928114,-3.644839284611413,12.041367796728533,36.61,2.0,headache,S011
-2.91,0.28,64.4575384410392,-3.809163152974052,12.091737050032062,36.61,2.0,headache,S011
10.17,0.28,64.85234647568033,-3.731821749615427,12.027568905554581,36.61,2.0,headache,S011
-8.56,0.31,64.4998988376551,-3.5953770265696834,11.95117515818333,36.61,2.0,headache,S011
-2.17,0.29,64.14799593748106,-3.7367470042829223,12.15870423492334,36.61,2.0,headache,S011
4.91,0.28,64.4983368427351,-3.859688285793424,12.273833738940262,36.61,2.0,headache,S011
-10.33,0.29,64.7454025436156,-3.5116556233568117,12.081829323578527,36.61,2.0,headache,S011
4.51,0.29,64.42127508642795,-3.6256982977162844,12.02392961928667,36.57,2.0,headache,S011
6.53,0.29,64.46451516024709,-3.7554320625537705,12.231991981221547,36.57,2.0,headache,S011
-11.46,0.28,64.53857318636881,-3.7703328515419856,12.151839851935623,36.57,2.0,headache,S011
6.57,0.29,64.79982104974681,-3.6414406667310137,12.190296078615976,36.57,2.0,headache,S011
6.34,0.29,64.6090292900074,-3.6510220430678197,12.06856317318572,36.59,2.0,headache,S011
-6.85,0.29,64.62174620101423,-3.6821204892187764,11.953401664789435,36.59,2.0,headache,S011
5.45,0.28,64.37282944014052,-3.8174657735193187,12.155123837947384,36.59,2.0,headache,S011
2.66,0.29,64.60525777374492,-3.6535317321143097,12.090985805880289,36.59,2.0,headache,S011
-12.36,0.29,64.65638363838345,-3.6606344910033233,12.303059241970718,36.61,2.0,headache,S011
3.98,0.29,64.572583348359,-3.964946301807332,12.2158971660211,36.61,2.0,headache,S011
6.83,0.28,64.82784974736394,-3.742889139049087,12.126985302115875,36.61,2.0,headache,S011
-11.11,0.28,64.68033876998261,-3.7131722413062667,11.986595443057528,36.61,2.0,headache,S011
-1.28,0.29,64.82291511335669,-3.6513168483618985,12.082207263941415,36.59,2.0,headache,S011
10.68,0.29,64.63804302136062,-3.752062499388571,12.066956398210582,36.59,2.0,headache,S011
-7.19,0.28,64.60547490628616,-3.8971177169350346,11.99899127967989,36.59,2.0,headache,S011
3.94,0.29,64.33201394177128,-3.8299622913571754,12.09440879084938,36.59,2.0,headache,S011
8.65,0.29,64.54341823404323,-3.8262826499469367,12.212873898379577,36.57,2.0,headache,S011
-12.45,0.29,64.31416559260484,-3.999968296748619,12.068972173289437,36.57,2.0,headache,S011
-2.89,0.29,64.34850278962537,-3.729489764853838,12.0030059367129,36.57,2.0,headache,S011
7.52,0.29,64.36969531623451,-3.644092461534253,12.114104662459235,36.57,2.0,headache,S011
-10.99,0.29,64.79996080053257,-3.7760896793178396,12.014302224119156,36.59,2.0,headache,S011
1.63,0.29,64.76039832914365,-3.5185161738656143,11.95613364428577,36.59,2.0,headache,S011
8.93,0.29,64.64004882248827,-3.7004792055043843,12.204485302335586,36.59,2.0,headache,S011
-11.9,0.29,64.65270648194344,-3.7489278373944592,12.203730086993023,36.59,2.0,headache,S011
5.79,0.29,64.6760592767205,-3.82969503902194,12.028882558553338,36.59,2.0,headache,S011
10.05,0.29,64.84623596611304,-3.4978916941485205,12.22394534255863,36.59,2.0,headache,S011
-7.63,0.29,64.26881326776395,-3.7287109120523074,12.095590337397782,36.59,2.0,headache,S011
8.77,0.29,64.6857782252014,-3.972571061895715,12.183413687896772,36.59,2.0,headache,S011
-2.25,0.29,64.52605636247883,-3.747811627300888,12.117204297701306,36.57,2.0,headache,S011
-13.8,0.29,64.34693711872832,-3.960358806345751,12.272112550881284,36.57,2.0,headache,S011
9.08,0.29,64.40426810203859,-3.7937128064187933,12.175483041028038,36.57,2.0,headache,S011
4.0,0.29,64.64408235396273,-3.789878680149483,12.168638748260067,36.57,2.0,headache,S011
-13.24,0.29,64.51667917460638,-3.7701607118335496,11.959647119729732,36.57,2.0,headache,S011
9.26,0.29,64.56812504092606,-3.7688202171259935,12.094225824050577,36.57,2.0,headache,S011
7.06,0.29,64.47511301586444,-3.649616314375458,12.175694633251386,36.57,2.0,headache,S011
-13.09,0.29,64.52829729161205,-3.5711560326196894,11.990521677741043,36.57,2.0,headache,S011
6.6,0.29,64.81409447650721,-3.455903657875712,12.08599776234644,36.55,2.0,headache,S011
12.66,0.29,64.41718435719271,-3.4093649459274515,12.26291516869179,36.55,2.0,headache,S011
-14.23,0.29,64.4466782055778,-3.7800790667006146,12.018364962764991,36.55,2.0,headache,S011
1.29,0.29,64.70733673296107,-3.783904746802297,12.114079951204115,36.55,2.0,headache,S011
9.22,0.29,64.46641753804556,-3.7113694731054654,12.065527162540404,36.55,2.0,headache,S011
-15.53,0.29,64.30310029287564,-3.608942410424285,12.126443724309203,36.55,2.0,headache,S011
-3.18,0.29,64.44227039605646,-3.7957590386853313,12.131420399155413,36.55,2.0,headache,S011
11.05,0.29,64.69912964178839,-3.8636535418444957,12.147147853890724,36.55,2.0,headache,S011
-11.52,0.29,64.5692380027784,-3.6285985810406305,12.057363784380637,36.53,2.0,headache,S011
0.65,0.29,64.60572696684777,-3.7454867928762137,12.225073928696286,36.53,2.0,headache,S011
16.89,0.29,64.5658343994441,-3.523318973649587,12.22422577868966,36.53,2.0,headache,S011
-7.66,0.29,64.67131678865906,-3.57215347238177,12.266213957855205,36.53,2.0,headache,S011
0.53,0.29,64.61607693577209,-3.7729539411748636,12.629290371629555,36.57,2.0,headache,S011
9.43,0.29,64.54231084331752,-3.3852609509860128,12.573763222504718,36.57,2.0,headache,S011
-9.22,0.29,64.41857484073088,-3.654583486682717,12.931998362727217,36.57,2.0,headache,S011
7.62,0.29,64.43560505591869,-3.6743861271531113,12.731441476512689,36.57,2.0,headache,S011
-3.05,0.29,64.45992293492192,-3.852312185469747,12.740764237270767,36.55,2.0,headache,S011
-14.75,0.29,64.22112778218708,-3.498445501613389,12.848187604948766,36.55,2.0,headache,S011
9.54,0.29,64.42745437025232,-3.5695372408836215,12.490703661036967,36.55,2.0,headache,S011
-10.8,0.29,64.3158186505214,-3.8933646540124993,12.46264694527521,36.55,2.0,headache,S011
5.8,0.29,64.43099335395969,-3.4160867678749818,12.601349035257392,36.55,2.0,headache,S011
8.73,0.29,64.72977580260472,-3.60427586232799,12.627504847898535,36.55,2.0,headache,S011
-4.08,0.29,64.46150166181476,-3.6150684856572255,12.439875139865885,36.55,2.0,headache,S011
12.92,0.29,64.41805015832361,-3.846156396162077,12.716810897490246,36.55,2.0,headache,S011
-12.59,0.29,64.29059066993307,-3.3743514403648973,12.92738504479493,36.55,2.0,headache,S011
3.79,0.29,64.77995105424746,-3.8956792994187484,12.078829014911003,36.55,2.0,headache,S011
8.15,0.29,64.31065243883083,-3.503072318712432,12.341859821457026,36.55,2.0,headache,S011
-14.83,0.29,64.3357072621731,-3.767088366007093,12.556509031769647,36.55,2.0,headache,S011
5.25,0.29,64.52865672779919,-3.817259638427166,12.442328118340907,36.55,2.0,headache,S011
11.92,0.29,64.54703598921863,-3.81077465575882,12.423132040678004,36.55,2.0,headache,S011
-13.64,0.29,64.6594369619159,-3.57330348136425,12.285715768707172,36.55,2.0,headache,S011
-1.1,0.29,64.5588093002959,-3.8524983564206905,12.350679745688504,36.55,2.0,headache,S011
13.43,0.29,64.49490145075949,-3.481797799675518,12.361051740498683,36.59,2.0,headache,S011
-2.27,0.29,64.64427692391511,-3.628375161617276,12.362790896023593,36.59,2.0,headache,S011
-15.78,0.29,64.50357474667913,-3.4199818149163255,12.598401119394111,36.59,2.0,headache,S011
7.22,0.29,64.35969169556438,-3.6316035935534328,12.401427819260181,36.59,2.0,headache,S011
10.97,0.29,64.41039708538844,-3.859224785200614,12.485039283562351,36.55,2.0,headache,S011
-9.23,0.29,64.53922404423233,-3.8093683567726315,12.502443837296227,36.55,2.0,headache,S011
-0.61,0.29,64.44301244488781,-3.579379568166602,12.65395124888485,36.55,2.0,headache,S011
11.36,0.29,64.45109399401169,-3.780458206167244,12.628214734911523,36.55,2.0,headache,S011
-10.67,0.29,64.52892924200931,-3.751956042264347,12.247721491110228,36.57,2.0,headache,S011
-13.83,0.29,64.55385066107155,-3.9230230900713474,12.547089720593299,36.57,2.0,headache,S011
11.44,0.29,64.39004105870008,-3.7269833817941915,12.476204302846687,36.57,2.0,headache,S011
0.99,0.29,64.2547227228363,-3.632978494694751,12.378508689475774,36.57,2.0,headache,S011
-15.47,0.29,64.24302573543594,-3.495580103493654,12.685053721897738,36.57,2.0,headache,S011
8.51,0.29,64.71204427524019,-3.558472827475158,12.349452122128348,36.57,2.0,headache,S011
8.72,0.29,64.30217083658954,-3.729729429663717,12.58524596475167,36.57,2.0,headache,S011
-8.9,0.29,64.41413126428708,-3.6760179794435164,12.600753615473941,36.57,2.0,headache,S011
7.44,0.29,64.16942573673832,-3.5726968468326734,12.501678016427206,36.59,2.0,headache,S011
6.89,0.29,64.49850928937745,-3.7743027500493707,12.439037950826695,36.59,2.0,headache,S011
-15.76,0.29,64.44272211914502,-3.536859848965468,12.579440860838348,36.59,2.0,headache,S011
3.76,0.29,64.66059358817421,-3.682491196084315,12.536380829889147,36.59,2.0,headache,S011
7.95,0.29,64.57866000666499,-3.6371465728600794,12.16683151447032,36.59,2.0,headache,S011
-11.23,0.29,64.34816098225295,-3.7562023920776846,12.182220372429292,36.59,2.0,headache,S011
0.94,0.29,64.51444183072843,-3.7267007939817445,12.158556008435179,36.59,2.0,headache,S011
10.5,0.29,64.46658473315843,-3.6507959962558476,12.48875634652448,36.59,2.0,headache,S011
-12.51,0.29,64.54304657600741,-3.7554812675106204,12.729930226025607,36.59,2.0,headache,S011
-1.7,0.29,64.41007601552259,-4.071413114662231,12.650270876192723,36.59,2.0,headache,S011
13.91,0.29,64.51021662571863,-3.6960578453953983,12.838308464113336,36.59,2.0,headache,S011
-4.71,0.29,64.41232228210109,-3.52695310385044,12.751355102669677,36.59,2.0,headache,S011
2.39,0.29,64.32727882442535,-3.809102200237275,12.613914372986644,36.57,2.0,headache,S011
8.44,0.29,64.0360717572595,-3.706425582782164,12.66648395541657,36.57,2.0,headache,S011
-14.79,0.29,64.54874396959907,-3.6432064004534976,12.479868226432288,36.57,2.0,headache,S011
-5.8,0.29,64.32331732945958,-3.5647422156483777,12.342591255226825,36.57,2.0,headache,S011
11.66,0.29,64.70144227378573,-3.5127127800348954,12.55130174214568,36.59,2.0,headache,S011
-12.92,0.29,64.57345228885049,-3.9283306871397703,12.11819661938721,36.59,2.0,headache,S011
-0.98,0.29,64.1931090360242,-3.6613762490777466,12.513201250721442,36.59,2.0,headache,S011
12.62,0.29,64.44778217351839,-3.6908346456006145,12.449816283318272,36.59,2.0,headache,S011
-9.4,0.29,64.5992509869346,-3.7323284961914345,12.673212442228458,36.57,2.0,headache,S011
3.76,0.29,64.3149290312801,-3.810685858912062,12.44105585794013,36.57,2.0,headache,S011
11.22,0.29,64.61752371322976,-3.697755196113338,12.89148380876677,36.57,2.0,headache,S011
-5.99,0.29,64.4217650529961,-3.669603909121792,12.734569674825725,36.57,2.0,headache,S011
4.13,0.29,64.65397353141991,-3.5974542625866626,12.652655119428083,36.59,2.0,headache,S011
5.72,0.29,64.28408269152635,-3.7863658987153217,12.49482225748781,36.59,2.0,headache,S011
-16.08,0.29,64.66864568534032,-3.699082007414993,12.347388203007002,36.59,2.0,headache,S011
0.53,0.29,64.20659051518868,-3.730949211566765,12.614895661726889,36.59,2.0,headache,S011
11.95,0.29,64.25877717216133,-3.6600610943298433,12.342099427133157,36.57,2.0,headache,S011
-12.67,0.29,64.31589972874971,-3.7840822740673343,12.508844072542619,36.57,2.0,headache,S011
-5.57,0.29,64.3487196867108,-3.729670186072678,12.642405653060026,36.57,2.0,headache,S011
15.2,0.29,64.58227946843621,-3.753316155986871,12.676928909361282,36.57,2.0,headache,S011
-3.23,0.29,64.48166187237611,-3.6502641723866365,12.646128611417987,36.59,2.0,headache,S011
-6.32,0.29,64.6539763762677,-3.632013919975089,12.851186772117368,36.59,2.0,headache,S011
16.73,0.29,64.37833982964472,-3.376048019951527,12.704854341347664,36.59,2.0,headache,S011
-1.7,0.29,64.36438267146518,-3.6281506870545908,12.49697294904308,36.59,2.0,headache,S011
-16.75,0.3,64.27023307509647,-3.5935556953797345,12.724341739016072,36.59,2.0,headache,S011
9.94,0.3,64.39454253389296,-3.773179168088817,12.542730207704508,36.59,2.0,headache,S011
5.74,0.29,64.46714388222942,-3.5659476173124123,12.410808468717962,36.59,2.0,headache,S011
-16.78,0.29,64.61836717216944,-3.5891845310926636,12.353847307587875,36.59,2.0,headache,S011
1.65,0.3,64.19690518706416,-3.780913756465142,12.665532819734786,36.55,2.0,headache,S011
12.48,0.3,64.42258817764794,-3.712279197515555,12.39331766370757,36.55,2.0,headache,S011
-11.96,0.29,64.26305047000858,-3.6124376335482307,12.982659954043504,36.55,2.0,headache,S011
-1.88,0.29,64.51642933177583,-4.009101460338452,12.593341973399852,36.55,2.0,headache,S011
13.47,0.29,64.48198312872657,-3.7054397741305567,12.519499160854552,36.55,2.0,headache,S011
-5.37,0.29,64.53449713414625,-3.715856337537571,12.643666150684139,36.55,2.0,headache,S011
-1.19,0.29,64.25745106094135,-3.739751022067727,12.629533303079814,36.55,2.0,headache,S011
9.94,0.29,64.47666171138121,-3.69425020577417,12.60395796795167,36.55,2.0,headache,S011
-20.38,0.29,64.24632545734458,-3.622976291268372,12.392908946055083,36.57,2.0,headache,S011
-1.2,0.3,64.40250297500309,-3.544757540224208,12.428317266434455,36.57,2.0,headache,S011
9.24,0.29,64.18014380438471,-3.7180238811478628,12.804060017432066,36.57,2.0,headache,S011
-15.68,0.29,64.54729868508609,-3.8807753047675466,12.631623432681543,36.57,2.0,headache,S011
10.63,0.29,64.3431326641001,-3.472544007154834,12.51201169967083,36.57,2.0,headache,S011
4.1,0.3,64.39853938233207,-3.6956317646020502,12.688825739034831,36.57,2.0,headache,S011
-3.03,0.3,64.47432344375812,-3.6095352316692955,12.712547233592192,36.57,2.0,headache,S011
18.68,0.29,64.43221173507861,-3.703263508722885,12.781256825946391,36.57,2.0,headache,S011
-10.25,0.29,64.37361834027539,-3.727516167340663,12.756177604993118,36.55,2.0,headache,S011
2.7,0.3,64.21936628425932,-3.5518940209613845,12.85425790893305,36.55,2.0,headache,S011
8.01,0.3,64.51561306274222,-3.547343903000669,12.618573841726892,36.55,2.0,headache,S011
-17.22,0.29,64.46809751296678,-3.6234295152484735,12.455622987300666,36.55,2.0,headache,S011
1.19,0.29,64.44541149756498,-3.5996405971096195,12.746029577821488,36.55,2.0,headache,S011
15.2,0.3,64.19877719236783,-3.551169613594351,12.794051504257748,36.55,2.0,headache,S011
-13.64,0.3,64.35605050058211,-3.5443513782883818,12.58142943932335,36.55,2.0,headache,S011
-3.34,0.29,64.51792296927582,-3.4540155916183948,12.67831197701696,36.55,2.0,headache,S011
14.2,0.29,64.57126597155083,-3.328250448524296,12.34352731106572,36.57,2.0,headache,S011
-2.14,0.3,64.4664448648332,-3.727047168066614,12.883134926408585,36.57,2.0,headache,S011
-12.15,0.3,64.25471107507394,-3.6573114416686487,12.550030539928263,36.57,2.0,headache,S011
12.14,0.29,64.48327513289792,-3.719183151557133,12.491372521827028,36.57,2.0,headache,S011
3.75,0.29,64.43749841746164,-3.5666787283242396,12.84666075868183,36.59,2.0,headache,S011
-12.57,0.3,64.49855408118731,-3.470455870245219,12.805585658121233,36.59,2.0,headache,S011
9.01,0.3,64.3997041149408,-3.486445870695475,12.798719184555745,36.59,2.0,headache,S011
7.88,0.29,64.39318626332408,-3.7579693375163394,12.589892085804848,36.59,2.0,headache,S011
-15.63,0.29,64.36682673223126,-3.8491303861991595,12.999292686225894,36.55,2.0,headache,S011
1.44,0.3,64.36043752417321,-3.8839510909497514,12.742785538126984,36.55,2.0,headache,S011
9.31,0.3,64.41694488788747,-3.9240859804362205,12.488195258497019,36.55,2.0,headache,S011
-15.81,0.29,64.32791638595816,-3.7766264559654905,12.677284209761273,36.55,2.0,headache,S011
-1.41,0.29,64.36043353034046,-3.836663514376826,12.825999718960437,36.61,2.0,headache,S011
18.42,0.29,64.3645031324867,-3.830133322547907,12.65057621685256,36.61,2.0,headache,S011
-12.18,0.29,64.42585578527186,-3.622561742165554,12.628964640424844,36.61,2.0,headache,S011
-10.25,0.29,64.13479960525174,-3.700356129278473,12.64957839295245,36.61,2.0,headache,S011
16.0,0.29,64.48563942862903,-3.5747025136416575,12.785289612965329,36.59,2.0,headache,S011
5.4,0.3,64.3701177823489,-3.721077570788448,12.714740364137683,36.59,2.0,headache,S011
-11.12,0.29,64.64986079016167,-3.757832513955621,12.654797509710228,36.59,2.0,headache,S011
7.92,0.29,64.38794948986975,-3.7939747674403987,12.74849595264846,36.59,2.0,headache,S011
5.7,0.29,64.10360229168954,-3.7394685938346357,12.887825211017127,36.57,2.0,headache,S011
-16.44,0.3,64.222102806204,-3.958645584668983,12.88532481374298,36.57,2.0,headache,S011
-1.52,0.3,64.48545197544183,-3.744774954669847,12.762096259755973,36.57,2.0,headache,S011
15.06,0.29,64.31749034941163,-3.538264278766968,12.73536022814726,36.57,2.0,headache,S011
-10.76,0.29,64.47886548964559,-3.6654513177016836,12.699399472947102,36.59,2.0,headache,S011
-7.22,0.29,64.33885347380249,-3.4624850169687047,12.938864293664627,36.59,2.0,headache,S011
12.14,0.3,64.33790369907292,-3.55957669249556,12.76802328581697,36.59,2.0,headache,S011
-5.31,0.3,64.67045545097248,-3.614937005990137,12.788228649456602,36.59,2.0,headache,S011
-9.84,0.29,64.45187237118073,-3.5333843615315796,12.796119369937415,36.59,2.0,headache,S011
14.69,0.29,64.12238394946844,-3.8275563659067404,12.672444536877858,36.59,2.0,headache,S011
0.88,0.3,64.6025022169782,-3.4371024843960267,12.813470108138278,36.59,2.0,headache,S011
-10.29,0.3,64.55334156753749,-3.3644732137304656,12.864771812633236,36.59,2.0,headache,S011
10.28,0.29,64.53906119109777,-3.3908012310735227,12.901623217502898,36.59,2.0,headache,S011
-4.43,0.29,64.21154524397032,-3.841281937204296,13.061804403258934,36.59,2.0,headache,S011
-10.88,0.3,64.13153253962115,-3.769016750281833,12.78222973849682,36.59,2.0,headache,S011
13.9,0.3,64.38734299534048,-3.6392185756467756,12.756310232705296,36.59,2.0,headache,S011
-6.38,0.3,64.68737353275056,-3.518949073345741,12.294501943104132,36.61,2.0,headache,S011
-8.98,0.29,64.37790527285463,-3.576755644635532,12.554836561305766,36.61,2.0,headache,S011
15.66,0.3,64.2150836120603,-3.3371295324401617,12.955101643120376,36.61,2.0,headache,S011
-7.1,0.3,64.47038087191125,-3.6758127083319105,12.957536325953285,36.61,2.0,headache,S011
-1.09,0.29,64.46934986673436,-3.4982216486648907,12.657874681702143,36.61,2.0,headache,S011
15.94,0.29,64.34161136633911,-3.4235807326357186,12.715958055096934,36.61,2.0,headache,S011
-11.21,0.3,64.58950862835778,-3.413901941648881,13.008668618566526,36.61,2.0,headache,S011
1.96,0.3,64.4229042489359,-3.4397416570709143,12.694173054126724,36.61,2.0,headache,S011
6.4,0.29,64.32695588917909,-3.1892505558174506,12.96657345734445,36.61,2.0,headache,S011
-13.94,0.29,64.34813711006197,-3.027984045744177,13.00349998126964,36.61,2.0,headache,S011
8.32,0.3,64.34207725095531,-3.5276877870503935,12.81182845145011,36.61,2.0,headache,S011
5.13,0.3,64.44880286372961,-3.6682747685239185,12.660282717067448,36.61,2.0,headache,S011
-21.62,0.29,64.44222647467507,-3.344858404923724,12.496451263301635,36.61,2.0,headache,S011
9.1,0.29,64.45434522141677,-3.7188743985167028,12.362110797319616,36.61,2.0,headache,S011
6.72,0.3,64.52535695855725,-3.713492302305968,12.743968330800573,36.61,2.0,headache,S011
-13.91,0.3,64.21013739965566,-3.5601520745144315,12.930692713519424,36.61,2.0,headache,S011
11.04,0.29,64.23103310592903,-3.566997567075912,12.83694556446406,36.61,2.0,headache,S011
13.77,0.29,64.3152721739114,-3.8065612680164946,12.786259337034402,36.61,2.0,headache,S011
-10.93,0.3,64.51516467207409,-3.6298687772927374,12.776124430536665,36.61,2.0,headache,S011
6.6,0.3,64.29393262104769,-3.4627043851929225,12.650824852886194,36.61,2.0,headache,S011
6.93,0.29,64.35987846942974,-3.693617036864153,12.731411077897425,36.63,2.0,headache,S011
-14.66,0.29,64.27646722252256,-3.5953382733957198,12.851398008606973,36.63,2.0,headache,S011
4.59,0.3,64.1892921525826,-3.5219669411921837,12.812638368049674,36.63,2.0,headache,S011
7.04,0.3,64.57991301184325,-3.649325467300951,12.659974262062747,36.63,2.0,headache,S011
-15.29,0.3,64.14371778174515,-3.5989235093474474,12.970184194933184,36.59,2.0,headache,S011
3.75,0.29,64.61421320660321,-3.737526345609922,12.83401732116866,36.59,2.0,headache,S011
9.54,0.3,64.52550536145895,-3.4353761577642503,12.752991354551598,36.59,2.0,headache,S011
-15.8,0.3,64.19422094678464,-3.408782323263902,12.700613973856246,36.59,2.0,headache,S011
-1.11,0.29,64.44069968170227,-3.2851394037727273,12.847070539789073,36.63,2.0,headache,S011
15.45,0.29,64.5447245154127,-3.636279181436541,12.539885837083405,36.63,2.0,headache,S011
-8.11,0.3,64.52145261646866,-3.410409390735984,12.981611706876222,36.63,2.0,headache,S011
-1.37,0.3,64.30622009504248,-3.523236995183666,12.776620758839666,36.63,2.0,headache,S011
9.65,0.29,64.47611714725022,-3.407118825974879,12.576786723298952,36.61,2.0,headache,S011
-10.31,0.29,64.44574592941112,-3.7613500640372974,12.712215628120973,36.61,2.0,headache,S011
-8.1,0.3,64.54134918180438,-3.75317843720383,12.949459534234537,36.61,2.0,headache,S011
13.35,0.3,64.4856986458558,-3.5479606109544735,12.893507053424578,36.61,2.0,headache,S011
-5.91,0.29,64.47072075283813,-3.4983863563682953,12.95398763276607,36.63,2.0,headache,S011
-12.36,0.29,64.34147820862734,-3.4821686036461243,12.748182298773223,36.63,2.0,headache,S011
13.45,0.3,64.09234505262204,-3.778225706295973,12.797489227714424,36.63,2.0,headache,S011
1.35,0.3,64.2058365589073,-3.7589296206294356,12.925760585227714,36.63,2.0,headache,S011
-9.35,0.29,64.54980602290142,-3.619702885283823,12.897573952350719,36.61,2.0,headache,S011
16.09,0.29,64.36423954202355,-3.234915012495835,12.715986662331785,36.61,2.0,headache,S011
-4.24,0.3,64.34448686236006,-3.3629776588009164,12.83348868017541,36.61,2.0,headache,S011
-12.26,0.3,64.412623592172,-3.7874466162750253,12.677011911772171,36.61,2.0,headache,S011
12.11,0.29,64.40282341421444,-3.639435661295182,12.92942291995126,36.65,2.0,headache,S011
-3.96,0.29,64.39484150710769,-3.8351746406964646,12.665321851200195,36.65,2.0,headache,S011
-10.91,0.3,64.06508376444873,-3.568989320288407,12.57546967959781,36.65,2.0,headache,S011
14.89,0.3,64.23690731200674,-3.52565065036092,13.02806632081243,36.65,2.0,headache,S011
-6.72,0.3,64.46758565477907,-3.5545991588022146,12.885287452938147,36.65,2.0,headache,S011
-7.22,0.29,64.08844857586698,-3.445191790862733,12.961026636845725,36.65,2.0,headache,S011
15.25,0.29,64.58284201851586,-3.942097961189144,12.867028218188196,36.65,2.0,headache,S011
-2.75,0.3,64.3395270374567,-3.4439147557805803,12.882324715074347,36.65,2.0,headache,S011
-7.26,0.3,64.11565592732858,-3.9412155410066374,12.977554229671998,36.66,2.0,headache,S011
15.33,0.3,64.40414361504915,-3.6386986149070646,12.838665147331216,36.66,2.0,headache,S011
-7.3,0.3,64.39085620984743,-3.877290795164889,12.803438359516294,36.66,2.0,headache,S011
-6.37,0.3,64.54517003827821,-3.7626728891221615,12.795609115459234,36.66,2.0,headache,S011
9.57,0.3,64.36770944030683,-3.7519773001172134,12.88384698546546,36.68,2.0,headache,S011
-15.44,0.29,64.43497997932407,-3.4860017639778156,12.971308151494584,36.68,2.0,headache,S011
1.45,0.29,64.32803526914499,-3.751110421018358,12.705959781660491,36.68,2.0,headache,S011
8.89,0.3,64.43331359442595,-3.8072573378579713,12.53540150391636,36.68,2.0,headache,S011
-13.47,0.3,64.48057104131745,-3.80339027944983,12.819255631264735,36.66,2.0,headache,S011
11.87,0.29,64.56612849557784,-3.670928062106183,12.837967374529603,36.66,2.0,headache,S011
6.93,0.3,64.2813552904219,-3.73718794007852,12.98695011685867,36.66,2.0,headache,S011
-8.25,0.3,64.19855368039639,-3.283680096945727,12.835697395301352,36.66,2.0,headache,S011
11.77,0.3,64.70068663952625,-3.8294793352171146,12.68462580734348,36.68,2.0,headache,S011
1.15,0.3,63.99253657785876,-3.714372472131597,12.933558741173165,36.68,2.0,headache,S011
-15.69,0.3,64.43392564594673,-3.7530828473788733,12.881050833735953,36.68,2.0,headache,S011
10.24,0.3,64.3868794307604,-3.593987707984902,12.877461881519343,36.68,2.0,headache,S011
1.01,0.3,64.46377848251825,-3.5856656256017967,13.008364469415987,36.68,2.0,headache,S011
-13.04,0.3,64.63006571955287,-3.2980972362705736,12.722206190487501,36.68,2.0,headache,S011
10.19,0.3,64.30331243017231,-3.6900304679153995,12.81043657638542,36.68,2.0,headache,S011
1.5,0.3,64.38276593777414,-3.3683104330940337,12.94765074362038,36.68,2.0,headache,S011
-11.26,0.3,64.32580103805246,-3.758591761872156,13.05299156478727,36.71,2.0,headache,S011
11.23,0.3,64.2895269736435,-3.7444335000944013,12.853028033443561,36.71,2.0,headache,S011
3.02,0.3,64.39178540660642,-3.583076043653144,13.009724441321517,36.71,2.0,headache,S011
-6.89,0.3,64.5351032078248,-4.0694795486609046,12.905668104132141,36.71,2.0,headache,S011
7.74,0.3,64.1960364907166,-3.628685940815245,12.80501847440756,36.71,2.0,headache,S011
-2.3,0.3,64.42248511779394,-3.816030919373296,12.953185512107636,36.71,2.0,headache,S011
-14.77,0.3,64.3004063105163,-3.8096386376690665,12.8728867389648,36.71,2.0,headache,S011
11.65,0.3,64.55084778750872,-3.5051342109242065,12.635073550207201,36.71,2.0,headache,S011
1.51,0.3,64.17101081006355,-3.6413338722055735,12.830295686296214,36.71,2.0,headache,S011
-10.99,0.3,64.47366115710159,-3.5286648442931283,12.692111117018834,36.71,2.0,headache,S011
8.28,0.3,64.30132977971651,-3.6218840815024627,12.67243099061212,36.71,2.0,headache,S011
4.73,0.3,64.35892511786098,-3.732093646282717,12.965152653924893,36.71,2.0,headache,S011
-10.41,0.3,64.4459827704488,-3.854017112443109,12.826908978160377,36.73,2.0,headache,S011
10.62,0.3,64.2031899876603,-3.4877621702134824,12.959727115033697,36.73,2.0,headache,S011
3.68,0.3,64.52847199273728,-3.703961604129878,12.937497633371189,36.73,2.0,headache,S011
-8.23,0.3,64.1962387109943,-3.4236537609713875,12.925027037384075,36.73,2.0,headache,S011
2.62,0.3,64.47569191414335,-3.6659923759557493,12.957735826229655,36.75,2.0,headache,S011
-6.67,0.3,64.40322954154244,-3.682843958649948,12.91688003192849,36.75,2.0,headache,S011
-9.2,0.3,64.42535291633108,-3.7100267385811403,12.886587750065017,36.75,2.0,headache,S011
10.65,0.3,64.44711427039505,-3.452272813866282,12.782088385098502,36.75,2.0,headache,S011
-4.5,0.3,64.47232737795322,-3.5760086563816698,12.93203215870923,36.77,2.0,headache,S011
-0.02,0.3,64.13429185710491,-3.6386673305488397,12.860762820216673,36.77,2.0,headache,S011
12.64,0.3,64.2119724578423,-3.247915712316049,13.076855506760761,36.77,2.0,headache,S011
-3.8,0.3,64.21082294056235,-3.3727764722148006,12.904281407892185,36.77,2.0,headache,S011
-1.66,0.3,64.44029818276692,-3.3593380711242644,12.694428634933741,36.75,2.0,headache,S011
1.91,0.3,64.4967149942808,-3.572620402402045,12.98283531669799,36.75,2.0,headache,S011
-11.91,0.3,64.11539420126219,-3.4494186225134413,12.990492489174873,36.75,2.0,headache,S011
5.6,0.3,64.327202930956,-3.7593979378565705,12.670372788870512,36.75,2.0,headache,S011
8.18,0.3,64.43002242223119,-3.7352335023707917,12.978831876644703,36.75,2.0,headache,S011
-14.04,0.3,64.16060230557483,-3.72453542581942,12.974476911873966,36.75,2.0,headache,S011
5.32,0.3,64.25061458340518,-3.6598242288511913,12.885449750677152,36.75,2.0,headache,S011
2.65,0.3,64.13350104996368,-3.828679208860952,13.017826447999859,36.75,2.0,headache,S011
-8.01,0.3,64.34752976871653,-3.540460981476252,12.933725224494669,36.75,2.0,headache,S011
10.28,0.3,64.12937648266308,-3.7977683787178824,12.906242308189103,36.75,2.0,headache,S011
4.64,0.3,64.41097226517942,-3.6022664034102903,13.040419762381887,36.75,2.0,headache,S011
-6.63,0.3,64.33963093581865,-3.660294319301656,12.977609232264221,36.75,2.0,headache,S011
7.49,0.3,64.53805639711007,-3.6263817567265524,12.981001678883356,36.75,2.0,headache,S011
-3.54,0.3,64.18985543799256,-3.7391313368459866,12.863307024340969,36.75,2.0,headache,S011
-4.71,0.3,64.37217191562564,-3.6522941910499536,13.066668175994188,36.75,2.0,headache,S011
3.86,0.3,64.02822985966291,-3.7122309613007682,12.944942285151724,36.75,2.0,headache,S011
-11.21,0.3,64.45767560518667,-3.763367855487816,13.050327862875397,36.75,2.0,headache,S011
3.05,0.3,64.44982845226454,-3.536957957194731,12.952179499291601,36.75,2.0,headache,S011
5.33,0.3,64.37434432447873,-3.842854924854235,13.0464349235464,36.75,2.0,headache,S011
-9.83,0.3,64.22933521793716,-3.889237090044704,12.951722617637856,36.75,2.0,headache,S011
9.3,0.3,64.23123284743423,-3.556414750232458,12.870289841296275,36.77,2.0,headache,S011
2.5,0.3,64.14415837897432,-3.8125372842308223,12.864791393102573,36.77,2.0,headache,S011
-1.85,0.3,64.4573923161563,-3.822270960563318,13.075663004057917,36.77,2.0,headache,S011
11.52,0.3,64.26871402167767,-3.804877064943495,13.057854471357082,36.77,2.0,headache,S011
-10.17,0.3,64.57872407770769,-3.268530697235328,13.064525869083562,36.75,2.0,headache,S011
-2.47,0.3,64.13013616798713,-3.6447527804203803,12.933901705482633,36.75,2.0,headache,S011
4.57,0.3,64.63622139521745,-3.6958346497242296,12.842407758642048,36.75,2.0,headache,S011
-10.39,0.3,64.06992783420566,-3.4500716030333303,12.834657554900154,36.75,2.0,headache,S011
1.33,0.3,64.43877871207206,-3.5568337341130487,13.111593580215429,36.75,2.0,headache,S011
8.04,0.3,64.37638881489525,-3.3262940454251293,12.975138962452194,36.75,2.0,headache,S011
-6.31,0.3,64.35703569290337,-3.4022437756670953,13.044593176092595,36.75,2.0,headache,S011
8.09,0.3,64.46739281582855,-3.7823519356959148,12.946527270471032,36.75,2.0,headache,S011
-2.4,0.3,64.4397009531073,-3.5411436860762473,13.058751088282698,36.77,2.0,headache,S011
-15.63,0.3,64.45608684280886,-3.743783474843372,12.941464870094972,36.77,2.0,headache,S011
5.21,0.3,64.47493442404402,-3.5259589664684934,12.97771053509643,36.77,2.0,headache,S011
2.25,0.3,63.987528153914255,-3.7153538343996777,12.855859524135909,36.77,2.0,headache,S011
-9.87,0.3,64.43612368804557,-3.520668516265867,13.161800594121841,36.75,2.0,headache,S011
11.54,0.3,64.34574044808599,-3.695692322550756,12.53259400851255,36.75,2.0,headache,S011
2.6,0.3,64.65894193367672,-3.373341946173929,12.649444496276995,36.75,2.0,headache,S011
-5.54,0.3,64.31981788435989,-3.6900480928012658,12.602151856695238,36.75,2.0,headache,S011
8.66,0.3,64.66021867429856,-3.6476200140607764,13.062461200325211,36.75,2.0,headache,S011
-0.87,0.3,64.20782249012879,-3.580966910349858,12.800457499671445,36.75,2.0,headache,S011
-4.78,0.3,64.4447380216611,-3.9951075847112394,12.816253714335469,36.75,2.0,headache,S011
13.0,0.3,64.30993535908394,-3.811762763319531,12.196922396466652,36.75,2.0,headache,S011
-5.46,0.3,65.01055856592414,-3.88870059403996,12.335048771082146,36.73,2.0,headache,S011
-2.56,0.3,64.97894676495672,-4.243913764011768,10.903744946035825,36.73,2.0,headache,S011
-4.75,0.3,65.79610268445758,-1.429184848233914,11.46423299843177,36.73,2.0,headache,S011
-4.7,0.3,63.17705305837484,0.9264278672895945,13.17773908697171,36.73,2.0,headache,S011
3.54,0.3,64.29749552291354,1.0632080880124428,12.98930732591515,36.73,2.0,headache,S011
-17.33,0.3,63.08553406153422,1.9508122132422678,15.416367079866665,36.73,2.0,headache,S011
1.88,0.3,63.54274202184917,-0.3427368081356693,17.04091651507178,36.73,2.0,headache,S011
15.26,0.3,61.62632582130759,1.5609891126792095,18.408136441219863,36.73,2.0,headache,S011
5.33,0.3,63.576607275160754,0.2107237237014006,17.770975118643907,36.73,2.0,headache,S011
10.66,0.3,63.78569205103656,-1.609736813799723,18.4244510106503,36.73,2.0,headache,S011
0.4,0.3,62.91504436592139,-1.7498544915826293,18.236528114692014,36.73,2.0,headache,S011
10.0,0.3,63.261630615686684,-2.3460027091529043,18.889380116468203,36.73,2.0,headache,S011
-12.77,0.29,63.03184753888321,-0.322916761779659,18.508850960342944,36.73,2.0,headache,S011
-23.54,0.29,62.62945870824868,-2.3971782178820225,19.687357693590815,36.73,2.0,headache,S011
-10.83,0.3,62.645812261368334,-1.710042304112122,19.987479149144445,36.73,2.0,headache,S011
3.71,0.3,62.70151646265163,-1.6223306389260461,20.325724993049572,36.73,2.0,headache,S011
17.62,0.29,62.063714626459834,-2.122256654649775,20.702100614117665,36.73,2.0,headache,S011
3.3,0.29,62.21282592606013,-1.9228917403441337,21.068046381234364,36.73,2.0,headache,S011
17.78,0.29,61.89476232659629,-2.05430318796454,21.342893397706444,36.73,2.0,headache,S011
-8.39,0.29,62.07565377395005,-1.960003124477506,21.972484384446005,36.73,2.0,headache,S011
-1.23,0.29,62.055181928770246,-2.029980206296905,21.844358474280757,36.71,2.0,headache,S011
7.17,0.29,61.987601158851405,-1.977550328484024,22.015950755474243,36.71,2.0,headache,S011
-7.42,0.29,61.82514999999698,-2.0164840112351747,21.962191596674234,36.71,2.0,headache,S011
8.93,0.29,61.85383004603941,-1.9884434023003699,22.044796816624448,36.71,2.0,headache,S011
-1.2,0.31,61.99974170670123,-2.007341250100993,21.950944548442628,36.73,2.0,headache,S011
-2.0,0.29,61.94344515533366,-1.9963756689400942,22.052939574501956,36.73,2.0,headache,S011
9.42,0.29,61.90552003758373,-2.000263846938601,21.942622679274663,36.73,2.0,headache,S011
-10.27,0.29,62.03013702876194,-2.0028227802786063,22.061774499176835,36.73,2.0,headache,S011
-1.46,0.29,62.01160894843217,-1.9943584075599992,22.032136350974305,36.71,2.0,headache,S011
-2.81,0.29,61.92383686475374,-2.0081369383158085,22.149780453971204,36.71,2.0,headache,S011
-9.77,0.29,61.882339959491894,-2.024345021417819,21.96391656739828,36.71,2.0,headache,S011
5.65,0.29,61.60708331535417,-2.0146661665110526,23.193196695125614,36.71,2.0,headache,S011
-9.67,0.29,61.0646317444081,-1.4293625214362737,23.700082416063296,36.73,2.0,headache,S011
-3.34,0.29,61.70364789422504,-1.7808805534312528,23.066872837298536,36.73,2.0,headache,S011
4.64,0.29,61.25607236212661,-1.9498069475959263,23.157385430255342,36.73,2.0,headache,S011
-7.31,0.29,61.66622391110355,-1.9064834384190767,23.306118842179362,36.73,2.0,headache,S011
13.64,0.29,61.25055803276816,-2.0190519577267896,23.136676606999274,36.73,2.0,headache,S011
-4.94,0.29,61.27362782862653,-1.9970036681510628,23.16468872872022,36.73,2.0,headache,S011
-8.24,0.29,60.97443118421664,-1.9942385775016078,23.21206785891072,36.73,2.0,headache,S011
6.13,0.29,61.25399797161514,-2.0123188503106806,22.931232806639713,36.73,2.0,headache,S011
-12.18,0.29,61.3103500735808,-1.9817938263173431,23.219232946995316,36.75,2.0,headache,S011
12.19,0.29,61.27296085278307,-2.0241970106093614,23.180726840112406,36.75,2.0,headache,S011
-3.93,0.3,61.391757323307516,-1.969074067457255,23.043795349401332,36.75,2.0,headache,S011
-0.59,0.29,61.283339991064864,-2.0392006055096807,23.04875677623394,36.75,2.0,headache,S011
7.76,0.29,61.221511043466776,-1.949547353803322,23.26499124478257,36.75,2.0,headache,S011
-2.72,0.29,61.38622262051003,-2.068095916012872,23.36611869890736,36.75,2.0,headache,S011
11.49,0.3,61.27413394410254,-1.8946290370631496,23.09758244899581,36.75,2.0,headache,S011
-5.04,0.29,61.22324463159377,-1.8999340957716901,23.414536435714886,36.75,2.0,headache,S011
6.45,0.29,61.46824013693148,-1.986297271801581,23.095022658667673,36.73,2.0,headache,S011
-7.06,0.3,61.130683621962156,-1.9305842186011248,23.082591432951254,36.73,2.0,headache,S011
-10.14,0.3,61.47787054222194,-1.9480672461200657,23.328258954420853,36.73,2.0,headache,S011
14.55,0.29,61.28881688682654,-2.3274935876124005,23.136774139959215,36.73,2.0,headache,S011
-11.72,0.29,61.65814024830695,-2.445059749446095,22.85305974587693,36.73,2.0,headache,S011
6.37,0.29,61.24096319455087,-1.8453845159967677,23.205374669105737,36.73,2.0,headache,S011
6.89,0.3,61.38055642857919,-2.1003448943064877,22.915833798984416,36.73,2.0,headache,S011
-16.41,0.29,61.623359681493156,-1.9232697210183192,23.076673921068267,36.73,2.0,headache,S011
9.81,0.29,61.45012630639402,-2.0641161778277883,22.94590508970761,36.71,2.0,headache,S011
8.86,0.29,61.47995184378177,-1.9420015106432449,23.031019079048278,36.71,2.0,headache,S011
-14.98,0.29,61.719605685773594,-2.060376151787409,22.967577267325375,36.71,2.0,headache,S011
17.25,0.29,61.80218542550899,-1.8506689146179727,23.031168448647684,36.71,2.0,headache,S011
2.77,0.29,61.53582880990222,-1.9971950583944764,22.970557531799397,36.71,2.0,headache,S011
-20.76,0.29,61.44161058391398,-1.9879518708084318,23.027557922930033,36.71,2.0,headache,S011
11.18,0.29,61.707892880210025,-2.014227488825495,22.974584156524735,36.71,2.0,headache,S011
3.89,0.29,61.600222482732995,-1.9859097384919489,23.022495368858415,36.71,2.0,headache,S011
-20.0,0.29,61.50079020155852,-2.013248859613377,22.983654876007027,36.71,2.0,headache,S011
14.58,0.29,61.71145656495626,-1.9878422911142362,22.90284503120929,36.71,2.0,headache,S011
5.55,0.29,61.47851855540906,-2.010977465146007,22.962373632051435,36.71,2.0,headache,S011
-19.22,0.29,61.5821227245978,-1.9902312212178375,23.02830507142935,36.71,2.0,headache,S011
15.8,0.29,61.5704394378943,-2.008551354676934,22.845573733360578,36.71,2.0,headache,S011
9.62,0.29,61.69268673636076,-1.9926748472733826,23.031878092806704,36.71,2.0,headache,S011
-17.28,0.3,61.53204121552689,-2.0060782963022095,22.970935971085446,36.71,2.0,headache,S011
11.17,0.29,61.315138307830374,-1.9952108230005774,23.027612684759806,36.71,2.0,headache,S011
2.98,0.29,61.68438108892902,-2.0034249843151564,22.97361890083105,36.71,2.0,headache,S011
-21.41,0.3,61.584374027870965,-1.99806346615907,23.024638820102197,36.71,2.0,headache,S011
12.15,0.3,61.51992524667306,-2.0002470506854664,22.98012280196422,36.71,2.0,headache,S011
7.29,0.29,61.614265294464936,-2.0017718315535196,22.907344775394247,36.71,2.0,headache,S011
-19.39,0.29,61.579734761546746,-1.9956438657955284,22.958936812102277,36.71,2.0,headache,S011
13.53,0.29,61.40721332087118,-2.0080019196627266,22.996702277434945,36.71,2.0,headache,S011
5.84,0.3,61.633661860594216,-1.9860083377464637,22.757574217172635,36.71,2.0,headache,S011
-15.86,0.29,61.816242502220874,-2.027189036812053,22.765612545962856,36.71,2.0,headache,S011
17.88,0.29,61.759419321621074,-1.8934034463439942,22.674307601445097,36.68,2.0,headache,S011
5.56,0.3,61.634156276693346,-1.9577897897537555,22.582516173746093,36.68,2.0,headache,S011
-19.55,0.3,61.479364865138116,-1.9852955248079427,22.66916165721859,36.68,2.0,headache,S011
12.65,0.29,61.742119780801204,-1.8692224786764142,22.66220201406006,36.68,2.0,headache,S011
0.59,0.29,61.665736225122565,-2.0472567170432527,22.60606847936061,36.68,2.0,headache,S011
-20.54,0.29,61.80341468490605,-1.880345281025161,22.98724957335435,36.68,2.0,headache,S011
14.08,0.29,61.6969140988964,-1.9106697377396014,22.521922699249938,36.68,2.0,headache,S011
9.52,0.29,61.80233510281064,-1.911846284054552,22.391650087996755,36.68,2.0,headache,S011
-23.81,0.29,61.94213553003743,-2.052554198808905,22.604397374490116,36.68,2.0,headache,S011
11.04,0.29,61.646188061861274,-1.9005712327883728,22.460753224375832,36.68,2.0,headache,S011
15.31,0.3,61.57821830455259,-1.933098362858971,22.35420370093617,36.68,2.0,headache,S011
-17.7,0.29,61.78758094037048,-2.029714878193255,22.719106220605976,36.68,2.0,headache,S011
8.25,0.29,61.56822185455948,-1.884919975060099,22.833104373893832,36.68,2.0,headache,S011
12.45,0.29,61.614970260997076,-1.9615974623015484,22.73292932065622,36.68,2.0,headache,S011
-21.17,0.29,61.91445058500513,-2.0307683234770066,22.92646604565534,36.68,2.0,headache,S011
8.42,0.29,61.93776981213183,-1.8779466507322922,22.678919744668825,36.68,2.0,headache,S011
3.39,0.29,61.59149223207091,-1.8398015747380823,22.44595726112853,36.71,2.0,headache,S011
-24.63,0.29,61.79753363606719,-2.032525201788137,22.56302623953051,36.71,2.0,headache,S011
13.94,0.29,61.735600275587714,-1.8782688119504012,22.54460455351206,36.71,2.0,headache,S011
6.48,0.29,61.694080439783356,-1.972170231598082,22.624076712538063,36.71,2.0,headache,S011
-20.33,0.29,61.77655638506191,-2.011045394678449,22.531588127192414,36.73,2.0,headache,S011
18.0,0.29,61.95820865650332,-1.9938027233947642,22.641717885094288,36.73,2.0,headache,S011
7.91,0.29,61.79040936665956,-2.003044982482294,22.46847678552326,36.73,2.0,headache,S011
-13.7,0.29,61.59293231290203,-2.002114447441831,22.723006333087024,36.73,2.0,headache,S011
17.1,0.29,61.760535478566354,-1.8850756260209949,22.79165153902317,36.73,2.0,headache,S011
2.5,0.3,61.87222907131465,-1.9776886286471878,22.769800806662424,36.73,2.0,headache,S011
-24.25,0.29,61.699773932332754,-2.0213686169776457,23.00911817830891,36.73,2.0,headache,S011
11.45,0.29,61.8655485075358,-1.9569675121620491,22.63186187241053,36.73,2.0,headache,S011
13.02,0.29,61.682577027252655,-1.8861276623416927,22.665179872274134,36.73,2.0,headache,S011
-19.22,0.29,62.04322151850705,-2.0392764668860943,22.716287021143245,36.73,2.0,headache,S011
-0.21,0.29,61.629487473334585,-1.871570639977478,22.568996163356598,36.73,2.0,headache,S011
17.87,0.29,62.01945041291936,-1.7937325263878767,22.561821434934078,36.73,2.0,headache,S011
-13.74,0.29,61.51652718923664,-1.9304307484711742,22.721519791933936,36.75,2.0,headache,S011
-2.42,0.29,61.80650030359709,-2.0083547370529615,22.574142354480674,36.75,2.0,headache,S011
21.49,0.29,61.81181977160159,-1.6974237503495246,22.60324258271246,36.75,2.0,headache,S011
-6.68,0.29,61.94056984365343,-1.9328942040567665,22.6719858727813,36.75,2.0,headache,S011
-12.15,0.29,61.894915959792264,-1.923570889077005,22.769773759794898,36.75,2.0,headache,S011
11.34,0.3,61.803257335330855,-1.9018440620050883,22.576051187758758,36.75,2.0,headache,S011
-12.57,0.29,61.70210119750556,-1.912507234765752,22.538261778839768,36.75,2.0,headache,S011
-13.11,0.29,61.66532859903456,-2.011075285753668,22.52250625988181,36.75,2.0,headache,S011
17.97,0.29,61.61120747893964,-1.9990577651698211,22.351952839211577,36.79,2.0,headache,S011
-4.29,0.3,61.78646187462013,-1.971198354646847,22.534989977113817,36.79,2.0,headache,S011
-14.8,0.29,61.66437653919771,-1.8114689472525085,22.65395400743071,36.79,2.0,headache,S011
17.95,0.29,61.71362828019928,-1.7631997178287868,22.638067249268328,36.79,2.0,headache,S011
-2.1,0.3,61.24495745005442,-1.8827102569297438,22.55034572271192,36.79,2.0,headache,S011
-8.77,0.29,61.74867071094693,-1.9254326424020032,22.693437266277442,36.79,2.0,headache,S011
19.96,0.29,61.66871258750846,-2.0361070998544566,22.480373601011987,36.79,2.0,headache,S011
-8.29,0.29,61.838819622569005,-1.9532922283647642,22.35816559693423,36.79,2.0,headache,S011
-6.24,0.3,61.720911050376,-1.7982666716684517,22.47944959929882,36.79,2.0,headache,S011
8.36,0.3,61.57543088501609,-1.9650290405433768,22.50491175322477,36.79,2.0,headache,S011
-20.3,0.29,62.00470070956135,-1.9067777072575751,22.158013745357753,36.79,2.0,headache,S011
5.6,0.29,61.93378263846283,-1.8034475275886142,22.723949715555815,36.79,2.0,headache,S011
11.93,0.29,61.77202193997935,-1.7869486457566388,22.24079247267161,36.79,2.0,headache,S011
-15.94,0.3,61.739167379597056,-2.0210551993845605,22.201744739555135,36.79,2.0,headache,S011
14.02,0.29,61.60948373361918,-2.0140356289128127,22.659834672967055,36.79,2.0,headache,S011
6.1,0.29,61.93411732740591,-1.888934629761854,22.727902701765473,36.79,2.0,headache,S011
-5.58,0.3,61.64654374432217,-1.9930992428273486,22.509902475430295,36.83,2.0,headache,S011
14.09,0.3,62.00802719873171,-1.776820866334829,22.67015211338125,36.83,2.0,headache,S011
-19.12,0.29,61.57366418906766,-1.5834952646822071,22.667137230842524,36.83,2.0,headache,S011
-8.4,0.29,61.742451201402965,-1.4734640855838776,22.404642545064288,36.83,2.0,headache,S011
16.01,0.29,61.78977935904972,-1.3852017161910928,22.449267383863074,36.83,2.0,headache,S011
-14.85,0.3,61.76565316335924,-1.718414571398295,22.328220040554974,36.83,2.0,headache,S011
5.19,0.29,61.66278558016541,-1.4340717907082023,22.599245346354845,36.83,2.0,headache,S011
14.74,0.29,61.92269901153402,-1.7059480480483462,22.370540725782654,36.83,2.0,headache,S011
-9.66,0.3,61.430676635922964,-1.2008699534092673,23.003854922919025,36.83,2.0,headache,S011
16.42,0.29,61.78303850687909,-1.7320924004129639,22.60435493026484,36.83,2.0,headache,S011
-13.69,0.3,61.779389469918804,-1.5364868545048795,22.697373290521057,36.83,2.0,headache,S011
-15.76,0.3,61.546446735164764,-1.1119052408931356,22.93906323774394,36.83,2.0,headache,S011
16.71,0.3,61.64273371288835,-1.6448852383590113,22.712058902028495,36.84,2.0,headache,S011
-6.5,0.3,61.66510881517863,-1.4889466781463905,22.788585465354195,36.84,2.0,headache,S011
-5.51,0.3,61.85746472215196,-1.528373342469898,22.81303883071262,36.84,2.0,headache,S011
12.31,0.29,61.71984649662382,-1.6746744821974748,22.74559985438355,36.84,2.0,headache,S011
-9.87,0.3,61.78088643816248,-1.8108500178775244,22.922620181538864,36.89,2.0,headache,S011
10.93,0.3,61.572718199464795,-1.2701277809913742,22.860286408792167,36.89,2.0,headache,S011
-2.7,0.29,61.657401544413155,-1.5330695591025378,22.93623564134866,36.89,2.0,headache,S011
-6.6,0.3,61.552598335992386,-1.287332411609053,23.00894532048084,36.89,2.0,headache,S011
15.99,0.3,62.00689077693905,-1.5979002659668187,22.999121781938374,36.89,2.0,headache,S011
-6.88,0.3,61.56389587759646,-1.667287540332202,22.98931129044997,36.89,2.0,headache,S011
-1.82,0.3,61.71426453753018,-1.6223024275812394,22.861605854723287,36.89,2.0,headache,S011
8.52,0.29,61.702886588785525,-1.452756506895374,23.046600173580856,36.89,2.0,headache,S011
-14.77,0.3,61.798254330517416,-1.5316063534018152,22.703835178921256,36.89,2.0,headache,S011
0.34,0.3,61.518245825552036,-1.6778415188929634,22.729005386336627,36.89,2.0,headache,S011
11.71,0.3,61.82669960627309,-1.793967303032622,22.82940109053189,36.89,2.0,headache,S011
-6.99,0.29,61.56395468015752,-1.531359801664646,22.916035018508005,36.89,2.0,headache,S011
6.16,0.29,61.60012475227158,-1.604015702660758,22.918261452572473,36.93,2.0,headache,S011
-0.53,0.3,61.557885564891706,-1.8055500218479934,23.00464622676044,36.93,2.0,headache,S011
-16.82,0.3,61.54947919964818,-1.5942983961524175,23.002622623086683,36.93,2.0,headache,S011
8.71,0.3,61.72662551475138,-1.5673578872503389,22.99532599170735,36.93,2.0,headache,S011
-3.9,0.29,61.63340916539682,-1.6399811691454391,23.005629615520327,36.93,2.0,headache,S011
-8.96,0.3,61.526870599809946,-1.3854496847221707,22.993366492601844,36.93,2.0,headache,S011
9.22,0.3,61.78253551600839,-1.7061769369203512,23.009187986725216,36.93,2.0,headache,S011
-5.6,0.3,61.525689390797744,-1.6136294690415922,22.975164483788916,36.93,2.0,headache,S011
1.33,0.29,61.57564588545805,-1.5469914043136042,22.792889368350302,36.93,2.0,headache,S011
13.87,0.3,61.66620964114171,-1.2419632808541503,22.97039690488463,36.93,2.0,headache,S011
-7.12,0.3,61.9202661006472,-1.7614280266281632,23.00705313204895,36.93,2.0,headache,S011
1.88,0.29,61.45942112200089,-1.711847593551747,22.865493571191827,36.93,2.0,headache,S011
-5.0,0.29,61.47742511888856,-1.35013869858829,23.013673429275478,36.95,2.0,headache,S011
-10.42,0.3,61.29422215082735,-1.2093554205885406,22.99505800304178,36.95,2.0,headache,S011
11.42,0.3,61.776796296215664,-1.5440842222528661,22.93592762075379,36.95,2.0,headache,S011
-4.33,0.3,61.83379045637088,-1.723899782893887,22.8761363934456,36.95,2.0,headache,S011
3.53,0.3,61.47553836210266,-1.5677568156081965,22.955937543567114,36.95,2.0,headache,S011
13.75,0.3,61.469166757594415,-1.6096950810405513,22.894030589830763,36.95,2.0,headache,S011
-15.72,0.3,61.85546489822418,-1.4281406724160013,22.812988295993513,36.95,2.0,headache,S011
4.71,0.3,61.54862035017084,-1.3445430360977442,23.031077940852306,36.95,2.0,headache,S011
-1.33,0.29,61.62829057550539,-1.4294451500097798,22.864521323047384,36.97,2.0,headache,S011
-8.71,0.3,61.73620134850633,-1.4058505739663758,22.816554113442113,36.97,2.0,headache,S011
11.06,0.3,61.459135368786164,-1.5056082150966301,22.92104525555849,36.97,2.0,headache,S011
-2.75,0.3,61.56228721954091,-1.567039736988165,22.853422841499388,36.97,2.0,headache,S011
-1.05,0.3,61.48995850164236,-1.291493454273383,22.800368633544444,36.97,2.0,headache,S011
8.82,0.3,61.90099229189217,-1.4966188559899258,22.880817994702635,36.97,2.0,headache,S011
-11.96,0.3,61.55712164086968,-1.4549574378988077,22.866123962554923,36.97,2.0,headache,S011
-4.74,0.3,61.69406388142797,-1.5284438800294033,22.99099441473341,36.97,2.0,headache,S011
10.77,0.3,61.666351976888336,-1.6247868228364712,22.714155314745497,36.93,2.0,headache,S011
-0.37,0.3,61.70844737701565,-1.3109533683827836,22.76701710521779,36.93,2.0,headache,S011
0.27,0.3,61.570636623408156,-1.7310946909321616,22.970779904122352,36.93,2.0,headache,S011
8.89,0.3,61.766131704022,-1.4163943166231032,22.692835868755925,36.93,2.0,headache,S011
-11.38,0.3,61.556631493098244,-1.597967794547885,23.006912945531106,36.91,2.0,headache,S011
-1.04,0.3,61.54235643450083,-1.3983370596285973,22.78552254662922,36.91,2.0,headache,S011
0.4,0.3,61.19247945170224,-1.6197045286272083,22.89839670959941,36.91,2.0,headache,S011
-19.5,0.3,61.4862329835367,-1.529329552172197,22.78415718119226,36.91,2.0,headache,S011
3.34,0.3,61.51033098181017,-1.5164367115429795,23.00837400378906,36.93,2.0,headache,S011
9.75,0.3,61.57218847549186,-1.3006255732574645,22.99999238976909,36.93,2.0,headache,S011
-9.92,0.3,61.77807645282179,-1.4608095244620705,22.946802309404784,36.93,2.0,headache,S011
10.03,0.3,61.60549988040758,-1.6419289359707256,22.873701402172568,36.93,2.0,headache,S011
-0.15,0.3,61.68475477401618,-1.4207911053656679,22.95150346980619,36.91,2.0,headache,S011
-5.07,0.3,61.59364307624384,-1.945531608299349,22.87039737307718,36.91,2.0,headache,S011
14.84,0.3,61.384924890783886,-1.3171369220573066,22.99888264672478,36.91,2.0,headache,S011
-0.66,0.3,61.79871029591615,-1.4014566022087342,22.867966890342128,36.91,2.0,headache,S011
4.91,0.3,61.72346872367238,-1.4354861582123535,22.82099957715013,36.91,2.0,headache,S011
5.61,0.3,61.70218308568756,-1.8846630231885337,23.069142515086277,36.91,2.0,headache,S011
-13.78,0.3,61.528227573185376,-1.5057127271231014,22.9495843180386,36.91,2.0,headache,S011
9.03,0.3,61.449494757548024,-1.718709526890694,23.050524995246523,36.91,2.0,headache,S011
-5.96,0.3,61.41274720303238,-1.6092216657581795,22.895875744631645,36.91,2.0,headache,S011
-3.42,0.3,61.50051408988598,-1.7688421717286842,22.938464797569242,36.91,2.0,headache,S011
9.47,0.3,61.56552262241085,-1.45407659510406,23.02756881816401,36.91,2.0,headache,S011
-12.88,0.3,61.46503445165606,-1.7125634222536803,22.923825686917166,36.91,2.0,headache,S011
2.93,0.3,61.57153656952345,-1.5002633723435197,22.899985776066135,36.91,2.0,headache,S011
9.43,0.3,61.71672414124626,-1.6140806685908917,22.911855757789596,36.91,2.0,headache,S011
-10.82,0.3,61.51004051489229,-1.4062305100021255,22.996569746158684,36.91,2.0,headache,S011
3.91,0.3,61.362978933537704,-1.5813287684051613,23.008509059160605,36.91,2.0,headache,S011
14.74,0.3,61.3702200688223,-1.5851743846928332,22.98948300338307,36.91,2.0,headache,S011
-4.71,0.3,61.51141246026861,-1.5029212706692805,23.012663184769774,36.91,2.0,headache,S011
-14.61,0.3,61.500835028464536,-1.4494899764130829,22.983426149515957,36.91,2.0,headache,S011
10.77,0.3,61.53690816124144,-1.5109147892400139,23.026972626928096,36.91,2.0,headache,S011
9.22,0.3,61.58531784991256,-1.4895885402637241,22.893819560398118,36.89,2.0,headache,S011
-9.94,0.3,61.45489852989259,-1.516821680639989,22.951411142600616,36.89,2.0,headache,S011
-10.19,0.3,61.4059791739849,-1.7458988273604927,23.01937641718039,36.89,2.0,headache,S011
13.23,0.3,61.407255207908904,-1.545058094811605,22.990906622681887,36.89,2.0,headache,S011
7.29,0.3,61.55007541311107,-1.4303008812948481,22.975059871622324,36.89,2.0,headache,S011
-14.07,0.3,61.60957957124027,-1.5044677685330465,22.832797548512634,36.89,2.0,headache,S011
-6.64,0.3,61.65489561607841,-1.6994138951564257,22.896021776047718,36.89,2.0,headache,S011
15.52,0.3,61.80030342192034,-1.7637574859175362,22.967342479577756,36.89,2.0,headache,S011
-0.49,0.3,61.594198384827486,-1.881184808790083,22.81861109753983,36.89,2.0,headache,S011
-15.09,0.3,61.51121639057077,-1.5531874045177552,23.022483117032632,36.89,2.0,headache,S011
-0.17,0.3,61.380145389768906,-1.6560738363756198,22.98099773008736,36.89,2.0,headache,S011
16.89,0.3,61.47830425782714,-2.0054937898530647,23.019368239053012,36.89,2.0,headache,S011
-7.55,0.3,61.42096236481971,-1.635473524928831,22.86611789837067,36.87,2.0,headache,S011
-10.52,0.3,61.63534314005629,-1.848843045395271,23.00169816239432,36.87,2.0,headache,S011
12.73,0.3,61.61010871925984,-1.4186565598262881,22.976766911635703,36.87,2.0,headache,S011
3.65,0.3,61.45841619990101,-1.5441166211516937,22.83671785261716,36.87,2.0,headache,S011
-13.66,0.3,61.82070823031071,-1.2248391748175893,22.940714462819415,36.89,2.0,headache,S011
5.37,0.3,61.32885413065374,-1.752730122059197,22.905996725687697,36.89,2.0,headache,S011
5.45,0.3,61.70763596797904,-1.1591340851118204,22.95210036203973,36.89,2.0,headache,S011
-19.16,0.3,61.72347694182235,-1.6670162094440133,23.003596049836887,36.89,2.0,headache,S011
0.36,0.3,61.399500057331345,-1.1281048513929302,23.054969289159,36.87,2.0,headache,S011
11.81,0.3,61.47707090225063,-1.7228380783984523,22.857575968247257,36.87,2.0,headache,S011
-16.13,0.3,61.33529019615695,-0.6310841760743484,23.162271849403183,36.87,2.0,headache,S011
0.37,0.3,61.751332792891,-1.9479990588586027,22.68288430321713,36.87,2.0,headache,S011
17.83,0.3,61.28689197069583,-2.1750590265853535,23.23289085621356,36.84,2.0,headache,S011
-10.85,0.3,61.73479645501463,-1.1097164070900825,22.707849264626017,36.84,2.0,headache,S011
-3.26,0.3,61.409651528287746,-1.7244595839980068,23.13005022933078,36.84,2.0,headache,S011
19.97,0.3,61.746884336180436,-1.1981928079636683,23.05914329151146,36.84,2.0,headache,S011
-11.76,0.3,61.42305362863068,-1.1244807888436505,22.99041548835005,36.87,2.0,headache,S011
8.31,0.3,61.70103209153926,-1.4612258418831132,23.005238112952725,36.87,2.0,headache,S011
16.9,0.3,61.37510668303055,-1.1874697372939653,22.995234265030742,36.87,2.0,headache,S011
-14.97,0.32,61.56311801570267,-1.2790532615907788,23.005024746199297,36.87,2.0,headache,S011
-2.08,0.3,61.341151446747716,-1.3002467937725615,22.994567222842026,36.84,2.0,headache,S011
13.08,0.3,61.48351431266243,-1.3345953806816444,23.005854652066088,36.84,2.0,headache,S011
-14.43,0.3,61.51704701954799,-1.5330746020568011,22.99373632195078,36.84,2.0,headache,S011
-3.01,0.3,61.18794831081173,-1.120475914546964,23.00666472336468,36.84,2.0,headache,S011
15.47,0.3,61.58428963166214,-1.3081590015578013,22.992925562365926,36.84,2.0,headache,S011
-6.97,0.3,61.232028507980715,-1.285266574964376,23.00751801638239,36.84,2.0,headache,S011
-13.4,0.3,61.551666429108614,-1.4409215947768386,22.991965817778077,36.84,2.0,headache,S011
10.44,0.3,61.51498153746241,-1.3500611736612633,23.008691854369072,36.84,2.0,headache,S011
0.33,0.3,61.432782881816976,-1.5572735631806338,22.990358190665127,36.84,2.0,headache,S011
-14.89,0.3,61.451510438816086,-1.2145796572360976,23.01132745870761,36.84,2.0,headache,S011
12.28,0.3,61.592090260499255,-1.4116774555487805,22.98395777269654,36.84,2.0,headache,S011
12.83,0.3,61.552246087166445,-1.2149793547898653,22.883786348065787,36.84,2.0,headache,S011
-6.88,0.3,61.34615754670186,-1.2689008863363251,22.99909159627509,36.87,2.0,headache,S011
9.0,0.3,61.37739102848392,-1.32993129793298,23.005111946182623,36.87,2.0,headache,S011
-1.83,0.3,61.13977284572878,-1.3158637029138802,22.99286781439577,36.87,2.0,headache,S011
-18.81,0.3,61.47042124842158,-1.337385793969707,23.008820048013373,36.87,2.0,headache,S011
7.5,0.3,61.565855704366136,-1.317702160482348,22.989256567111326,36.84,2.0,headache,S011
2.5,0.3,61.68597996520306,-1.5258667497626353,23.01346351010142,36.84,2.0,headache,S011
-14.79,0.3,61.553899148565584,-1.2887582930557544,22.98180958486428,36.84,2.0,headache,S011
11.77,0.3,61.509547428475614,-1.4133309590235734,23.029339598593232,36.84,2.0,headache,S011
2.97,0.3,61.611377853568044,-1.2206754793047705,22.90822162190535,36.87,2.0,headache,S011
-13.29,0.3,61.69562828804924,-1.292886696213178,22.93315251696457,36.87,2.0,headache,S011
10.69,0.3,61.42652525041138,-1.3118200732735836,23.02311077389628,36.87,2.0,headache,S011
8.11,0.3,61.62226959251236,-1.1328470200662812,22.986232661273366,36.87,2.0,headache,S011
-13.85,0.3,61.45492144475062,-1.3080347267330512,23.0100563494497,36.89,2.0,headache,S011
5.88,0.3,61.48465074498042,-1.0434127525640613,22.991442703910774,36.89,2.0,headache,S011
9.37,0.3,61.61375692516597,-1.2962075358592768,23.00862486909264,36.89,2.0,headache,S011
-12.75,0.3,61.39632488632669,-1.1386114581574351,22.989092533995453,36.89,2.0,headache,S011
-1.38,0.3,61.48875394091521,-1.0040556440727189,23.01964051080648,36.89,2.0,headache,S011
15.74,0.3,61.436310600622754,-1.1752278314210558,22.901621904782388,36.89,2.0,headache,S011
-8.68,0.3,61.40671280577759,-1.1714250158558026,22.94086100037894,36.89,2.0,headache,S011
-10.18,0.3,61.53311606104489,-1.2767525873976773,23.03811538070837,36.89,2.0,headache,S011
8.98,0.3,61.76920353242446,-1.0461301912870469,22.949174582186888,36.87,2.0,headache,S011
-0.44,0.3,61.63416963273713,-1.328268076926827,22.912342772076798,36.87,2.0,headache,S011
-13.1,0.3,61.296232288114204,-1.2795785826996737,23.01588616860319,36.87,2.0,headache,S011
8.84,0.3,61.59624828840433,-1.1406023964396088,22.845525002253677,36.87,2.0,headache,S011
9.21,0.3,61.25676264690512,-1.161232478764174,23.151027924935324,36.89,2.0,headache,S011
-11.54,0.3,61.60901315305662,-1.2963172209013833,22.969927978811892,36.89,2.0,headache,S011
6.05,0.3,61.382131404030524,-1.0061641789254379,22.911458068499673,36.89,2.0,headache,S011
12.75,0.3,61.58618571009604,-0.9973468106768553,22.941478360694493,36.89,2.0,headache,S011
-24.98,0.3,61.29221431479394,-1.0207419700492042,22.912610992139523,36.89,2.0,headache,S011
-7.1,0.3,61.45126635357639,-1.1483254372468064,23.03186628903641,36.89,2.0,headache,S011
16.03,0.3,61.53499012137933,-0.9069066884698124,22.813007685310488,36.89,2.0,headache,S011
-8.38,0.3,61.68724997817265,-1.3334665446054939,23.048538576953856,36.89,2.0,headache,S011
-1.32,0.3,61.51364362228414,-1.0995150121878814,22.754753487548026,36.89,2.0,headache,S011
13.5,0.3,61.4142745969692,-1.3010223619329453,23.05048344370729,36.89,2.0,headache,S011
-11.73,0.3,61.367483970199366,-1.4329226596394815,22.91306823034867,36.89,2.0,headache,S011
6.11,0.3,61.45755677946457,-1.2197725414557188,23.013101092599197,36.89,2.0,headache,S011
16.14,0.3,61.49371610383042,-1.2630440531299347,22.997348989926646,36.87,2.0,headache,S011
-7.02,0.3,61.432883693213505,-1.153200912206874,22.996650850552403,36.87,2.0,headache,S011
6.7,0.3,61.610914066441794,-1.2930487010310008,23.009505821763874,36.87,2.0,headache,S011
-2.89,0.3,61.4444304974452,-1.4075533722810325,22.981013391531643,36.87,2.0,headache,S011
-15.02,0.3,61.46747539602816,-1.385626464532871,23.04428168623371,36.91,2.0,headache,S011
14.17,0.3,61.667245403995956,-1.356454576252912,23.227337032781627,36.91,2.0,headache,S011
-7.65,0.3,61.605527818720354,-1.357908280990632,23.004314477096433,36.91,2.0,headache,S011
-5.83,0.3,61.755461934943106,-1.4410321818103007,22.872058094656243,36.91,2.0,headache,S011
15.14,0.3,61.4935048817769,-1.4055602044522884,22.823441620717063,36.89,2.0,headache,S011
-7.29,0.3,61.390494374591164,-1.274739185208971,23.06965497718332,36.89,2.0,headache,S011
-10.19,0.3,61.59025012449179,-1.5165497262249612,22.945544896909368,36.89,2.0,headache,S011
16.63,0.3,61.632650096168916,-1.303143776533325,23.05672611047422,36.89,2.0,headache,S011
-6.64,0.3,61.603144624353206,-1.4280222738781738,22.884975519401504,36.89,2.0,headache,S011
-10.53,0.3,61.446724769552084,-1.3346258382430067,22.953253262175572,36.89,2.0,headache,S011
12.89,0.3,61.62633502323384,-1.2502024724830652,23.005968444851014,36.89,2.0,headache,S011
2.7,0.3,61.57760421339485,-1.5066430446808319,23.00273277912542,36.89,2.0,headache,S011
-16.1,0.3,61.7960498077595,-1.433224171321661,22.987488189070614,36.91,2.0,headache,S011
10.28,0.3,61.49996906252098,-1.329645862282573,22.765528985429928,36.91,2.0,headache,S011
6.21,0.3,61.506223060589164,-1.6620031489330567,22.994718876724434,36.91,2.0,headache,S011
-13.01,0.3,61.639585294492996,-1.1021558216495178,22.990903145639084,36.91,2.0,headache,S011
7.01,0.3,61.906792937623486,-1.2272975014059648,22.765235697728592,36.89,2.0,headache,S011
5.56,0.3,61.465003086692306,-1.1601737064785893,22.988562125761522,36.89,2.0,headache,S011
-16.62,0.3,61.54259814885842,-1.3077897432731074,23.016283254523074,36.89,2.0,headache,S011
3.7,0.3,61.52806395175107,-1.133194167626153,22.938619481848022,36.89,2.0,headache,S011
9.78,0.3,61.52467032020045,-1.4774649196580538,22.90185709688926,36.89,2.0,headache,S011
-12.48,0.3,61.283593017450066,-1.1333684772477806,23.04027523415787,36.89,2.0,headache,S011
3.21,0.3,61.780883806606596,-1.0741984900751085,22.852918484784418,36.89,2.0,headache,S011
11.39,0.3,61.46664944956643,-1.3384599275805968,23.010546549663538,36.89,2.0,headache,S011
-14.16,0.32,61.68773763779081,-1.0202815772335592,22.989766123452817,36.89,2.0,headache,S011
5.06,0.3,61.43704774561412,-1.3551663579814694,23.008118689281993,36.89,2.0,headache,S011
8.59,0.3,61.74602101787866,-1.219187417474877,22.994838982021214,36.89,2.0,headache,S011
-11.26,0.3,61.26087403276278,-1.3478487580837253,23.000658689735584,36.89,2.0,headache,S011
4.43,0.3,61.69805218167102,-1.6919664161141679,23.008133549470326,36.91,2.0,headache,S011
2.72,0.3,61.48666222141266,-1.4633393240174037,22.96017293080739,36.91,2.0,headache,S011
-18.37,0.3,61.58673646822919,-1.145676587396631,22.887579420782487,36.91,2.0,headache,S011
13.82,0.3,61.271836708256565,-1.410663345070462,23.028973045110483,36.91,2.0,headache,S011
1.23,0.3,61.480588180694554,-1.5215951346018008,22.99855831295362,36.89,2.0,headache,S011
-5.94,0.3,61.36352441508966,-1.354244382866126,23.143244798986906,36.89,2.0,headache,S011
10.53,0.3,61.631705927258025,-1.479143181712535,22.956369542129227,36.89,2.0,headache,S011
-10.9,0.3,61.48712160475323,-1.276189946898848,23.033218290952735,36.89,2.0,headache,S011
0.13,0.3,61.46521838125626,-1.2535671677290956,22.971169500736476,36.89,2.0,headache,S011
8.74,0.3,61.63416615147632,-1.2232111380394355,23.026264530283672,36.89,2.0,headache,S011
-14.13,0.3,61.49657655635008,-1.098398080343021,22.97561023952121,36.89,2.0,headache,S011
14.23,0.3,61.29476990810555,-1.3173583613844795,23.02244637268175,36.89,2.0,headache,S011
1.28,0.3,61.6770516439028,-1.2327419074114319,22.981435856661548,36.89,2.0,headache,S011
-9.16,0.3,61.47183207225024,-1.1584028441039753,22.99719046615145,36.89,2.0,headache,S011
14.84,0.3,61.47991021109067,-1.0637356093254917,22.814009825710677,36.89,2.0,headache,S011
-1.95,0.3,61.55197515489659,-2.054713914031703,22.963867515139587,36.89,2.0,headache,S011
-8.44,0.3,61.5798690078815,-0.7218177608580355,22.881663827876267,36.91,2.0,headache,S011
19.66,0.3,61.70717129778277,-1.4422890860033157,23.0407878942235,36.91,2.0,headache,S011
-12.63,0.3,61.473083777930114,-1.3379259843766402,23.145341566766596,36.91,2.0,headache,S011
-17.13,0.3,61.802796311945336,0.7354120103058974,23.294440568709874,36.91,2.0,headache,S011
11.97,0.3,61.078961588669834,-0.8008301312016138,22.99477425218015,36.89,2.0,headache,S011
2.82,0.3,60.80340900394684,-0.11826279374980872,22.72317693124725,36.89,2.0,headache,S011
-7.79,0.3,61.61191716483194,-0.8379650776965014,23.0727155851994,36.89,2.0,headache,S011
21.54,0.3,61.35123516831163,-1.297996792407449,23.816230549702805,36.89,2.0,headache,S011
-3.4,0.3,61.488186560551526,-1.0069719590294606,22.744818996875363,36.89,2.0,headache,S011
-13.13,0.3,61.3505206499738,-1.0050273498605091,22.98442131983933,36.89,2.0,headache,S011
9.7,0.3,61.43038164102101,-2.050044995929477,23.104606190755813,36.89,2.0,headache,S011
-11.27,0.3,61.5609488855276,-1.116622744333607,23.078195117952987,36.89,2.0,headache,S011
4.14,0.3,61.20057710827622,-1.1309457616905365,23.073855921603347,36.91,2.0,headache,S011
3.88,0.3,61.40642601846861,-1.1752398888954052,23.053271838178784,36.91,2.0,headache,S011
-13.12,0.3,61.49209938018282,-1.2487917168665796,22.946274341422072,36.91,2.0,headache,S011
16.31,0.3,61.13222893479473,-0.9358731407806692,23.06995688564767,36.91,2.0,headache,S011
-8.35,0.3,61.23921479869704,-1.3274308540532405,23.075385473996842,36.91,2.0,headache,S011
1.55,0.3,61.23986075351568,-1.2348193514551087,23.02489545394525,36.91,2.0,headache,S011
-2.23,0.3,61.62433061773105,-1.0807996697955964,22.95635990878889,36.91,2.0,headache,S011
-4.52,0.3,61.33779954574918,-1.3290909221316645,23.093913894325848,36.91,2.0,headache,S011
12.34,0.3,61.333428676445564,-1.179201277923776,23.06321962042025,36.95,2.0,headache,S011
-9.36,0.3,61.72488970287119,-1.0311331113313356,22.996964811043092,36.95,2.0,headache,S011
11.91,0.3,61.20761780647953,-0.9926456422845362,22.991885431612562,36.95,2.0,headache,S011
3.55,0.3,61.42140031009165,-0.9975725585461273,23.010700166895518,36.95,2.0,headache,S011
-4.41,0.3,61.536818384399965,-1.2986786234371428,23.107293635532656,36.97,2.0,headache,S011
4.42,0.3,61.6186513882944,-1.1164004642507759,23.017889085394632,36.97,2.0,headache,S011
-9.51,0.3,61.260680953512995,-1.1914046615146063,23.042751061707733,36.97,2.0,headache,S011
-10.86,0.3,61.15455985167666,-1.0390457960916828,23.12255934968317,36.97,2.0,headache,S011
8.54,0.3,61.56663886367926,-1.1105669510965512,22.93089147379436,36.95,2.0,headache,S011
-7.17,0.3,61.652860224757525,-0.8504388829819531,23.318520585935595,36.95,2.0,headache,S011
-8.67,0.3,61.56071515226008,-1.4856934543614086,23.124843551358833,36.95,2.0,headache,S011
11.75,0.3,61.21613868273277,-1.3020000404830696,23.06059055235064,36.95,2.0,headache,S011
-6.78,0.3,61.52617607326247,-1.3051986684118262,23.30248524197613,36.97,2.0,headache,S011
-7.92,0.3,61.59858476949448,-1.1222179331195552,23.04580397970303,36.97,2.0,headache,S011
14.83,0.3,61.58797446282167,-1.2582914130450935,23.192918610203602,36.97,2.0,headache,S011
5.31,0.3,61.374151706597594,-1.0854747466073802,22.956371953250372,36.97,2.0,headache,S011
-12.62,0.3,61.20069862112109,-1.088380507125143,23.07340554549577,36.97,2.0,headache,S011
2.05,0.3,61.453321440703,-1.3428611235385992,23.170059203956637,36.97,2.0,headache,S011
-2.64,0.3,61.303645145367284,-1.4593911444722718,23.064488415957854,36.97,2.0,headache,S011
-9.15,0.3,61.1838324567531,-1.22217360931789,23.228178216955637,36.97,2.0,headache,S011
12.26,0.3,60.97612060460679,-1.1454100517578318,23.11312409055285,37.0,2.0,headache,S011
-6.18,0.3,61.20606218542244,-1.1231019089702154,23.34657095593474,37.0,2.0,headache,S011
-2.46,0.3,61.5825080781908,-1.0962827358001557,23.213614948197044,37.0,2.0,headache,S011
20.74,0.3,61.22432818336006,-0.997922094512217,23.23773498709152,37.0,2.0,headache,S011
-2.52,0.3,61.06962026811033,-1.4745403442722107,23.20236798114872,36.99,2.0,headache,S011
4.77,0.3,61.271914818117814,-1.327880041133766,22.992940222604204,36.99,2.0,headache,S011
-0.61,0.3,61.16537317526962,-1.216955442521882,23.006065011534787,36.99,2.0,headache,S011
-12.27,0.3,60.991741955644876,-1.294254277245364,22.997297811078855,36.99,2.0,headache,S011
8.43,0.3,61.27054278996134,-1.451704601053728,22.999213782291235,36.99,2.0,headache,S011
-9.46,0.3,61.195974367887175,-1.2655364796397315,23.007410354005724,36.99,2.0,headache,S011
-3.01,0.3,61.474209869057795,-1.1671197272209948,23.129108033813974,36.99,2.0,headache,S011
8.24,0.3,61.33856105940477,-1.1301512714460842,22.977434041220153,36.99,2.0,headache,S011
-13.97,0.3,61.28443978790317,-1.2722256234893055,23.09575692929149,37.03,2.0,headache,S011
11.37,0.3,61.0776434655197,-1.5514026505205745,23.08422771676063,37.03,2.0,headache,S011
-1.39,0.3,61.09914247830626,-1.1006866008444864,23.134704193841294,37.03,2.0,headache,S011
-9.15,0.3,61.02709151023374,-1.241960874208104,23.13698964531528,37.03,2.0,headache,S011
15.26,0.3,61.18457074464977,-1.071122707334079,23.17221905481224,37.0,2.0,headache,S011
-5.53,0.3,61.177706948122484,-1.2675476815572266,23.025369081067534,37.0,2.0,headache,S011
0.44,0.3,61.292614679439325,-1.1068483502501336,22.969398161009,37.0,2.0,headache,S011
13.36,0.3,61.228189964493225,-1.1862225822365264,23.07743272174237,37.0,2.0,headache,S011
-17.44,0.3,61.12677444301521,-0.9518881570862784,23.082425967362916,37.0,2.0,headache,S011
-2.43,0.3,61.238879119965524,-1.3040653001368434,22.974570946995353,37.0,2.0,headache,S011
16.21,0.3,61.38245510870276,-1.410854347889581,23.016425945121956,37.0,2.0,headache,S011
-8.17,0.3,61.24856093848702,-1.0808900468912328,22.98491143862701,37.0,2.0,headache,S011
-10.09,0.3,60.9901772324159,-0.9973082553640473,23.01872064504021,37.0,2.0,headache,S011
16.22,0.3,61.385336360410264,-1.4643828247888406,22.968094451167357,37.0,2.0,headache,S011
3.45,0.3,61.328509801550965,-1.1464085614122768,23.156549827206902,37.0,2.0,headache,S011
-16.53,0.3,61.39420652074348,-1.0246306051539849,23.12085999070621,37.0,2.0,headache,S011
7.8,0.3,61.27453818110434,-0.936667683241424,23.06601997118017,37.0,2.0,headache,S011
14.45,0.3,61.259781201961474,-1.1900484033940442,23.23337000685554,37.0,2.0,headache,S011
-12.05,0.3,61.32049791612307,-1.1055905347065602,22.89370424569481,37.0,2.0,headache,S011
-3.56,0.3,61.46376749333001,-1.2157500485541466,23.155014204680135,37.0,2.0,headache,S011
8.88,0.3,61.22781871296698,-1.3649068656091388,23.005529129915676,37.0,2.0,headache,S011
-9.51,0.3,61.425156804692215,-1.2195073497527091,23.04962157557435,37.0,2.0,headache,S011
-10.4,0.3,61.49767637982614,-1.2885055776639145,23.089554383359932,37.0,2.0,headache,S011
15.65,0.3,61.50992832870551,-1.2899867351946055,23.010507085219043,37.0,2.0,headache,S011
-5.1,0.3,61.56488020712337,-1.1424591592942592,22.97482206753384,36.99,2.0,headache,S011
-9.57,0.3,61.462686170165156,-0.9650821878034196,23.03717905488866,36.99,2.0,headache,S011
10.27,0.3,61.286190872383315,-1.2429509788912023,22.9418221388728,36.99,2.0,headache,S011
-4.09,0.3,61.45523744697787,-1.2053053364161648,23.177130293844346,36.99,2.0,headache,S011
2.06,0.3,61.356056496869726,-1.386660741569472,23.128962291463502,36.99,2.0,headache,S011
3.79,0.3,61.338172064488184,-1.1277923100295395,22.97399762974718,36.99,2.0,headache,S011
-18.47,0.3,61.33688984309568,-1.1476080762221081,23.00624341223276,36.99,2.0,headache,S011
13.45,0.3,61.640035864925565,-1.2730571689795518,23.00445887528985,36.99,2.0,headache,S011
-2.97,0.3,61.218180166228514,-1.124270410239984,22.98350324485222,37.0,2.0,headache,S011
3.35,0.3,61.13568358346564,-1.3630176415699236,23.095662194536487,37.0,2.0,headache,S011
18.37,0.3,61.582804361569785,-1.44059498446473,23.137298360171535,37.0,2.0,headache,S011
-10.55,0.3,61.304015866730225,-1.3051085599262062,23.045697341604345,37.0,2.0,headache,S011
0.71,0.3,61.265177638005554,-1.1971085075202923,22.96095783837558,37.0,2.0,headache,S011
15.79,0.3,61.31372160271058,-1.1794301397381717,23.101535002216956,37.0,2.0,headache,S011
-10.67,0.3,61.584668228986715,-1.1202482849699178,23.06026911874596,37.0,2.0,headache,S011
-4.71,0.3,61.17300263213582,-1.0847384136375027,22.970170157544015,37.0,2.0,headache,S011
10.66,0.3,61.54155356714248,-1.4558016835587941,23.085386470253695,37.0,2.0,headache,S011
-5.13,0.3,61.47435878350308,-1.341441664814463,23.07893489380622,37.0,2.0,headache,S011
-7.66,0.3,61.36768515977921,-1.0554791226099844,22.955790895402195,37.0,2.0,headache,S011
14.07,0.3,61.45994752557964,-1.285679881926521,23.040999985999353,37.0,2.0,headache,S011
0.12,0.3,61.403291858162945,-1.3703905987335268,22.95398240218588,37.03,2.0,headache,S011
-6.82,0.3,61.30054549768601,-1.3627805152555206,23.072967111405106,37.03,2.0,headache,S011
6.54,0.3,61.1365625582345,-1.3925058449789258,23.182791780436705,37.03,2.0,headache,S011
-11.3,0.3,61.30017427745616,-1.5743828943162435,23.04132171590137,37.03,2.0,headache,S011
-21.73,0.3,61.367504720931585,-1.477733374475531,22.949091438582357,37.05,2.0,headache,S011
8.66,0.3,60.96179704815894,-1.3944724398864303,23.28521923518674,37.05,2.0,headache,S011
2.35,0.3,61.275102690508156,-1.0911521493784737,22.952712060711757,37.05,2.0,headache,S011
-9.79,0.3,61.172943353911386,-1.0718098039094182,23.193160107729444,37.05,2.0,headache,S011
11.57,0.3,61.13355332014905,-1.211773820213686,23.250099999190116,37.03,2.0,headache,S011
4.99,0.3,61.18959765437487,-1.0390559316366954,22.969681465614045,37.03,2.0,headache,S011
-9.21,0.3,61.439574329601555,-1.1519864053279905,22.985840330647992,37.03,2.0,headache,S011
10.12,0.3,61.29649043014436,-1.0614982031819105,23.105668067118042,37.03,2.0,headache,S011
1.05,0.3,61.58103147130957,-1.3754309899623085,23.32411722754551,37.03,2.0,headache,S011
-10.58,0.3,61.54215872694341,-1.1891230568524784,22.940382799503045,37.03,2.0,headache,S011
3.52,0.3,61.32232010129486,-1.1082006534956084,23.038588825039547,37.03,2.0,headache,S011
-9.93,0.3,61.54111746339716,-1.139251035180411,22.965103550392232,37.03,2.0,headache,S011
-2.75,0.3,61.37049570740318,-1.2166893809301862,23.072693502623853,37.03,2.0,headache,S011
14.33,0.3,61.45899647926175,-1.1485478070610766,23.099570444600786,37.03,2.0,headache,S011
-5.48,0.3,61.268673827906206,-1.1861710991947028,22.933040664584354,37.03,2.0,headache,S011
11.94,0.3,61.352473416009126,-1.111761614570969,23.194275500605876,37.03,2.0,headache,S011
-0.52,0.3,61.24288975299805,-1.3700564177168006,23.11862725064999,37.05,2.0,headache,S011
-5.89,0.3,61.2560285750257,-1.1175582287613137,22.9625349438846,37.05,2.0,headache,S011
9.89,0.3,61.37843221650539,-1.2635862609911932,23.019305796189904,37.05,2.0,headache,S011
-5.99,0.3,61.33417139989429,-1.4043595557291928,22.989856166247417,37.05,2.0,headache,S011
1.74,0.3,61.30074062767635,-1.4083655499390677,23.003324815279,37.05,2.0,headache,S011
1.16,0.3,61.446812867593565,-1.0954851826237768,23.00391469856545,37.05,2.0,headache,S011
-19.21,0.3,61.49630481800699,-1.2216805282550554,22.983941227188687,37.05,2.0,headache,S011
12.43,0.3,61.16215213704713,-1.27633518026232,23.06663734316127,37.05,2.0,headache,S011
1.37,0.3,61.560732313242546,-1.3686832471132226,23.09205654161564,37.05,2.0,headache,S011
-10.76,0.3,61.061089860288185,-1.1791845451281113,22.963555255746932,37.05,2.0,headache,S011
13.64,0.3,61.377590876400596,-1.0871317525230333,23.03188530188997,37.05,2.0,headache,S011
-0.39,0.3,61.239647352711344,-1.3211449338515826,23.109806206786637,37.05,2.0,headache,S011
-10.69,0.3,61.33364806525949,-1.1064099174608413,22.99979038496442,37.03,2.0,headache,S011
13.74,0.3,61.439943263331436,-1.2608964919800332,22.992476455505937,37.03,2.0,headache,S011
-0.54,0.3,61.18536839389155,-1.1447480479465573,23.107039976628148,37.03,2.0,headache,S011
-11.91,0.3,61.277048414077946,-1.1824803273795124,23.05408038248244,37.03,2.0,headache,S011
12.9,0.3,61.2558508358526,-1.224827793525733,23.104563421628207,37.0,2.0,headache,S011
1.11,0.3,61.32748995937324,-1.2671316628313418,22.987298549782214,37.0,2.0,headache,S011
-15.17,0.3,61.1154980641806,-1.2628858914749668,23.001148445469486,37.0,2.0,headache,S011
12.37,0.3,60.89190067583416,-1.2720628740016302,23.017414826767492,37.0,2.0,headache,S011
3.04,0.3,61.33918042474881,-1.1439972548442574,23.135757566103116,37.0,2.0,headache,S011
-14.55,0.3,61.333490420519965,-1.0573049592960992,22.943456032395883,37.0,2.0,headache,S011
7.74,0.3,61.27190710676466,-1.2338907983284435,23.343180723814132,37.0,2.0,headache,S011
8.04,0.3,61.23278672072923,-1.3940327096412148,23.220774255718656,37.0,2.0,headache,S011
-17.34,0.3,61.13253468970961,-1.1334406968909627,22.94269933049367,37.0,2.0,headache,S011
7.85,0.3,61.284444512175796,-1.3131983266302047,23.045671329243078,37.0,2.0,headache,S011
8.48,0.3,61.136761829494034,-1.2514969379148613,22.94873907116364,37.0,2.0,headache,S011
-12.86,0.3,61.36407727335831,-1.0894246137518961,23.101562108855912,37.0,2.0,headache,S011
9.92,0.3,61.33427770015473,-1.1948849515090891,23.049405563276668,37.03,2.0,headache,S011
7.63,0.3,61.15157935429354,-1.087741805240328,23.09189102673142,37.03,2.0,headache,S011
-21.03,0.3,61.33864525714129,-1.4638001526923965,23.050141247160408,37.03,2.0,headache,S011
10.18,0.3,61.53998983233815,-1.4232483617730247,22.977057869517203,37.03,2.0,headache,S011
-1.73,0.3,61.16781576041402,-0.9244343140153501,23.01538576358257,37.05,2.0,headache,S011
-13.61,0.3,61.28108069361595,-1.4887785017668784,22.987433787986884,37.05,2.0,headache,S011
11.09,0.3,60.91118067298786,-0.9005811359756254,23.012604984432247,37.05,2.0,headache,S011
-7.42,0.3,61.80039818876851,-1.1446163545333856,22.98215232113193,37.05,2.0,headache,S011
-5.1,0.3,61.05997288584262,-0.9825723137584458,23.12124229766907,37.03,2.0,headache,S011
23.52,0.3,61.53198438299277,-1.1978981327649991,23.023014523010072,37.03,2.0,headache,S011
-5.32,0.3,61.298492510571286,-1.0964745627758656,22.979690960995484,37.03,2.0,headache,S011
2.61,0.3,61.25841472249588,-1.1303013028303575,23.100606331889168,37.03,2.0,headache,S011
14.07,0.3,61.32059261817013,-1.255744319845163,23.05848310464127,37.0,2.0,headache,S011
-5.19,0.3,61.53723394951292,-1.0271870809318946,22.950376696522365,37.0,2.0,headache,S011
-10.68,0.3,61.50596765325641,-1.1400372782900934,23.236043503108522,37.0,2.0,headache,S011
7.33,0.3,61.282802304363706,-1.1152498641426747,23.053825734019235,37.0,2.0,headache,S011
-14.86,0.3,61.55682190771616,-1.3416627759413329,23.127832486153512,37.05,2.0,headache,S011
-4.13,0.3,61.43420299169883,-1.4017959764990147,23.02579999204405,37.05,2.0,headache,S011
17.27,0.3,61.220826449539715,-1.201503300490136,23.407323630551282,37.05,2.0,headache,S011
-3.53,0.3,61.311227112369934,-1.1019074663480375,23.316863823169808,37.05,2.0,headache,S011
-7.38,0.3,61.613116939370286,-1.2859434900649376,23.067977468269923,37.05,2.0,headache,S011
15.36,0.3,61.18330066885313,-1.0655353323989971,23.352763421651552,37.05,2.0,headache,S011
-3.11,0.3,61.47321750878602,-1.1652601666484546,22.911336427284905,37.05,2.0,headache,S011
-5.4,0.3,61.08506410603141,-1.1025642292527686,23.1797539603665,37.05,2.0,headache,S011
3.33,0.3,61.39629504550184,-1.372029316568063,23.045439205264,37.05,2.0,headache,S011
-10.42,0.3,61.155407534918815,-1.1651912505069015,23.345320184366518,37.05,2.0,headache,S011
-13.99,0.3,61.58943580044528,-1.1469271822092437,22.9252539427175,37.05,2.0,headache,S011
13.7,0.3,61.32860035731707,-1.2127835573699428,23.204306441301227,37.05,2.0,headache,S011
6.56,0.3,61.35693152369227,-1.0232390757847787,22.910623294445546,37.03,2.0,headache,S011
-12.54,0.3,61.182208756627915,-1.1291799421166355,23.08219297117764,37.03,2.0,headache,S011
6.19,0.3,61.41615260134657,-1.0756282847755705,23.038951737444695,37.03,2.0,headache,S011
10.52,0.3,61.3546989863612,-1.286176568029514,23.105221707160393,37.03,2.0,headache,S011
-6.28,0.3,61.44934318969566,-1.1879259967073699,23.053414639669562,37.07,2.0,headache,S011
6.47,0.3,61.24681207627754,-1.1343832319767946,23.27794667092029,37.07,2.0,headache,S011
-4.14,0.3,61.5036992447925,-1.2295835388401664,22.947862956057214,37.07,2.0,headache,S011
-14.48,0.3,61.333582647160924,-1.1407390688020016,23.11699392779111,37.07,2.0,headache,S011
4.65,0.3,61.6418633365601,-1.5192354185581736,23.244382115440416,37.07,2.0,headache,S011
15.83,0.3,61.39563457437788,-1.547984112578445,23.07723778618726,37.07,2.0,headache,S011
-5.84,0.3,61.491582010577034,-0.6786396908213396,22.990390130230168,37.07,2.0,headache,S011
8.75,0.3,61.36660284954123,-0.41963002427649965,23.136534781262643,37.07,2.0,headache,S011
-0.27,0.3,61.41027939131375,-0.5556904036628093,22.977627452273158,37.07,2.0,headache,S011
-9.97,0.3,61.20254150580097,0.07620971198403298,23.189301986123624,37.07,2.0,headache,S011
11.03,0.3,61.860714326909964,0.15666908278398617,22.648761910327245,37.07,2.0,headache,S011
-12.59,0.3,61.47350948679881,-0.4790390753704812,23.31960263007783,37.07,2.0,headache,S011
-8.11,0.3,61.53600965815928,-0.5146111765614458,23.06688216376662,37.07,2.0,headache,S011
6.41,0.3,61.0140375786561,-1.2641927798227566,23.462749729067163,37.07,2.0,headache,S011
-13.62,0.3,61.65232713379284,-0.9008102215143751,23.17728328744231,37.07,2.0,headache,S011
9.4,0.3,59.545896330177406,-0.6360104173991421,25.686948096984004,37.07,2.0,headache,S011
-12.08,0.3,59.34532665319003,-1.105898222256366,27.512690609987168,37.09,2.0,headache,S011
7.02,0.3,60.93368965415039,-0.307408835023493,25.19517148894399,37.09,2.0,headache,S011
14.42,0.29,59.29567700036666,-0.8756145498421325,27.490429021626742,37.09,2.0,headache,S011
15.44,0.29,58.945345439505765,-1.2401603464978272,28.068338207963308,37.09,2.0,headache,S011
27.04,0.29,59.20030216906085,-0.9983802319926072,27.794156226583002,37.07,2.0,headache,S011
28.22,0.29,58.837429519207795,-1.3930186432884515,28.580232214186655,37.07,2.0,headache,S011
-88.79,0.29,58.996261365525285,-1.1015273006148834,27.8886699460456,37.07,2.0,headache,S011
-26.06,0.29,59.81733169119743,-0.6951177119487874,26.78479450024028,37.07,2.0,headache,S011
20.85,0.29,59.173603983370455,-0.3056833703934844,27.74508156488513,37.07,2.0,headache,S011
-6.61,0.29,59.29620591839521,-0.9560565197165063,27.737951736154816,37.07,2.0,headache,S011
14.09,0.3,59.49011497042424,-0.7329476992786979,27.463624547444848,37.07,2.0,headache,S011
8.85,0.29,59.23817425739227,-0.6972571458009637,27.797953967642197,37.07,2.0,headache,S011
-9.94,0.29,59.03754211516764,-0.5295175379462786,27.962737359076566,37.07,2.0,headache,S011
6.17,0.29,59.42511868988862,-0.5917723430094206,27.393166506983956,37.07,2.0,headache,S011
1.33,0.29,59.00899784792867,-0.951196924039577,28.13605905818563,37.07,2.0,headache,S011
-7.26,0.29,58.78902267272035,-0.8185821517890228,28.008943763200367,37.07,2.0,headache,S011
5.06,0.29,59.35442386370134,-0.9085352511660109,27.999462836019806,37.09,2.0,headache,S011
1.45,0.29,58.754266641680324,-0.9630517425814965,28.180415952691682,37.09,2.0,headache,S011
-12.0,0.29,59.136122971304886,-0.9699871156765081,28.27690441489601,37.09,2.0,headache,S011
11.75,0.29,58.859580652522695,-1.1118166263052323,28.063781273692836,37.09,2.0,headache,S011
5.28,0.29,58.80942129510431,-1.0958305283391259,28.29195356107236,37.09,2.0,headache,S011
0.63,0.29,58.970901404041285,-0.9244982636554295,28.250041717958677,37.09,2.0,headache,S011
25.17,0.3,59.09530962762689,-1.0269584349151053,28.201821458256774,37.09,2.0,headache,S011
-5.22,0.29,58.929058860555756,-0.9912674893194758,28.237030697392424,37.09,2.0,headache,S011
-10.68,0.29,58.9434017159101,-0.9984614005789131,28.460998741172645,37.07,2.0,headache,S011
1.63,0.29,58.7523066608513,-1.0081885421057886,28.431873794375868,37.07,2.0,headache,S011
-24.55,0.3,59.15016921885765,-0.9874313152646184,28.277892799493586,37.07,2.0,headache,S011
4.17,0.29,58.869311546957476,-1.0149589548611122,28.15042368995511,37.07,2.0,headache,S011
12.91,0.29,59.120316981538906,-0.9853609580037319,28.062658744216453,37.09,2.0,headache,S011
-6.69,0.29,58.8910785870654,-1.007843454464457,28.302858937495436,37.09,2.0,headache,S011
13.66,0.3,58.87571994938915,-1.040586979908295,28.50188842911069,37.09,2.0,headache,S011
-3.09,0.29,58.859422549005075,-1.121633216303528,28.20125966446754,37.09,2.0,headache,S011
-11.73,0.29,59.12931301584744,-0.929754797532662,28.280129007508737,37.07,2.0,headache,S011
13.28,0.3,58.87406944462332,-1.0623127757411923,28.113139528579584,37.07,2.0,headache,S011
-11.91,0.3,59.12458153365933,-0.9395908822900402,27.924375101483285,37.07,2.0,headache,S011
3.41,0.29,58.87583725979096,-1.060466127623007,28.142165072979367,37.07,2.0,headache,S011
2.2,0.29,59.12429234967939,-0.9386058317841687,28.183860952998224,37.09,2.0,headache,S011
-9.35,0.3,58.8752081947001,-1.0627848247842608,28.50111512386522,37.09,2.0,headache,S011
12.79,0.3,59.125560173546326,-0.9355456743106271,28.25034561236317,37.09,2.0,headache,S011
-3.51,0.29,58.873458354747534,-1.066309926779108,27.927893299282584,37.09,2.0,headache,S011
-7.92,0.29,59.12782007724804,-0.9316991257635997,28.371592134071783,37.11,2.0,headache,S011
15.7,0.3,58.747602059796414,-1.0703973465257934,28.385408555306423,37.11,2.0,headache,S011
-7.56,0.3,59.0029915513038,-0.9274198561844949,28.149980358694947,37.11,2.0,headache,S011
-8.9,0.29,58.87137594764348,-1.0748348412672457,28.291909587505053,37.11,2.0,headache,S011
15.19,0.29,59.12174593455297,-0.9228523258062641,28.311131104721266,37.09,2.0,headache,S011
-2.14,0.3,58.73756214105603,-1.0795015883145003,28.538112915527858,37.09,2.0,headache,S011
-14.81,0.3,59.15550091302907,-0.9181290099701416,27.97370190912684,37.09,2.0,headache,S011
12.6,0.29,58.84845150742796,-1.0842128692865207,28.191248898892656,37.09,2.0,headache,S011
5.14,0.29,59.15116923690785,-0.9135508277847828,28.44640722759571,37.09,2.0,headache,S011
-17.33,0.3,58.849322625611876,-1.0884267624454456,28.474943911956277,37.09,2.0,headache,S011
3.25,0.3,59.143022364437314,-0.9101885898381092,28.363916021196555,37.09,2.0,headache,S011
14.25,0.3,58.54416296044127,-1.0897398910787037,28.364508392747304,37.09,2.0,headache,S011
-16.34,0.29,58.98514497470432,-0.9148090199672665,28.093510909520198,37.11,2.0,headache,S011
-0.26,0.29,58.657316395451396,-1.0538392066081206,28.356914342124035,37.11,2.0,headache,S011
14.57,0.3,59.22970102192377,-0.785062406523396,28.046406133279312,37.11,2.0,headache,S011
-10.33,0.3,58.786837113420674,-1.1476761345998308,28.321621085712664,37.11,2.0,headache,S011
-12.65,0.29,59.13786651129395,-0.8584838118825894,28.149201087353227,37.11,2.0,headache,S011
12.76,0.3,58.65613838098178,-1.1423922076435429,28.42430575620629,37.11,2.0,headache,S011
-9.51,0.3,59.15970762870519,-0.854232950763339,28.358151945214082,37.11,2.0,headache,S011
-7.89,0.3,58.79027738941824,-1.150523244364076,28.30670201164445,37.11,2.0,headache,S011
17.02,0.29,59.2269723816115,-0.8437139306749556,28.225452148029685,37.13,2.0,headache,S011
-3.16,0.29,58.759771494726216,-1.1629276333464724,28.152899682662394,37.13,2.0,headache,S011
1.78,0.3,59.253190516590266,-0.8295715332684755,28.304261296422762,37.13,2.0,headache,S011
19.15,0.3,58.73291328466963,-1.1788301662360379,28.317175004938406,37.13,2.0,headache,S011
-16.04,0.29,59.28286084199581,-0.8117815537977446,28.198321876071944,37.13,2.0,headache,S011
2.6,0.29,58.573898670181904,-1.1987189536416647,28.409510807888477,37.13,2.0,headache,S011
9.02,0.3,59.326462569496776,-0.7894999092566095,28.13942565477627,37.13,2.0,headache,S011
-11.59,0.3,58.605133233331486,-1.2237812307256268,28.38236348468355,37.13,2.0,headache,S011
7.28,0.29,59.24701087767458,-0.7611533274469454,28.02227270960862,37.13,2.0,headache,S011
-0.63,0.29,58.41456253070058,-1.2560671813622832,28.555842370608485,37.13,2.0,headache,S011
-19.51,0.3,59.37889069710431,-0.7240671385265405,28.158413687623916,37.13,2.0,headache,S011
19.63,0.3,58.47823031186098,-1.2991043762304992,28.503403951711835,37.13,2.0,headache,S011
-8.17,0.29,59.47057681029423,-0.6735037522363879,28.00057350598316,37.13,2.0,headache,S011
-8.68,0.3,58.41523885652655,-1.359422414993338,28.389453773596568,37.13,2.0,headache,S011
19.81,0.3,59.482786615315625,-0.6001140334836299,28.21375429280478,37.13,2.0,headache,S011
-5.27,0.3,58.37647759328836,-1.451340115657048,28.471678657314637,37.13,2.0,headache,S011
-6.39,0.29,59.71960702638371,-0.47726907760839865,28.125622822618606,37.15,2.0,headache,S011
25.23,0.3,58.010061225901,-1.4659887970820855,28.603123177019846,37.15,2.0,headache,S011
-14.19,0.3,60.06353893388561,-0.31142125152857464,27.942636955362083,37.15,2.0,headache,S011
-7.93,0.3,57.66039602935754,-1.8638066500604846,28.804672846515693,37.15,2.0,headache,S011
