bvp,eda,x,y,z,temperature,pain_scale,pain_type,person_id
53.86,4.0,-3.664464765041044,27.85744539500026,39.33721871207575,4.0,3.0,headache,S019
-10.19,0.0,34.00469936022949,-6.503967592202721,60.630596768675616,31.57,3.0,headache,S019
10.49,0.23,24.795727769056317,2.718588002541224,56.6675703457068,31.57,3.0,headache,S019
16.31,0.29,30.162388213920817,-3.05627502551674,58.87443177501357,31.57,3.0,headache,S019
97.01,0.3,26.376011531869622,0.897042691425595,57.35343012934988,31.57,3.0,headache,S019
146.52,0.3,29.29126529686491,-2.445021524227797,58.51155022322558,31.57,3.0,headache,S019
-450.12,0.31,26.973040578243282,0.2948450762184682,57.57736495861688,31.57,3.0,headache,S019
-37.21,0.31,29.086118625128123,-2.167730056331633,58.35981629446344,31.57,3.0,headache,S019
190.15,0.31,27.495446130244222,0.1744346525547378,57.68684081382612,31.57,3.0,headache,S019
15.59,0.31,29.16299317018866,-1.6522289243065698,58.277188583484985,31.57,3.0,headache,S019
23.1,0.3,27.604299603898426,-0.06624423068625679,57.75135540031222,31.57,3.0,headache,S019
-16.43,0.31,28.787098398986124,-1.4463190161067114,58.225467208037486,31.57,3.0,headache,S019
15.88,0.31,27.56022236872666,0.0607455549752698,57.79370835799353,31.57,3.0,headache,S019
-11.38,0.3,28.578487970769746,-1.4663337163365575,58.19017839349242,31.59,3.0,headache,S019
30.17,0.31,27.593968742347474,-0.13680856241719735,57.823540152275555,31.59,3.0,headache,S019
-2.57,0.31,28.39479352998071,-1.5533176065913825,58.16464877021704,31.59,3.0,headache,S019
-2.85,0.3,28.01849334864084,-0.48518821215783453,57.84561860296407,31.59,3.0,headache,S019
-6.61,0.31,28.893813784490906,-1.3553066955337754,58.14538077791903,31.59,3.0,headache,S019
60.22,0.31,27.888143307204338,-0.1745688197102471,57.86256756060026,31.59,3.0,headache,S019
-62.39,0.3,28.89705857941275,-1.306912649499248,58.13036779632843,31.59,3.0,headache,S019
-93.09,0.3,27.861019761403597,-0.5779909884851796,57.87594741988435,31.59,3.0,headache,S019
16.29,0.3,28.594668683952328,-1.1017462016650188,58.11837859841708,31.57,3.0,headache,S019
33.27,0.3,27.790005551584013,-0.37037041494454753,57.88674224399193,31.57,3.0,headache,S019
9.67,0.3,28.22963527264125,-1.0585898120022608,58.108617637976806,31.57,3.0,headache,S019
-8.29,0.3,27.878985683345647,0.02986046877845194,57.895601815485094,31.57,3.0,headache,S019
28.25,0.3,28.253882335454108,-1.3386061257743072,58.10054912562088,31.57,3.0,headache,S019
-19.02,0.3,27.984799801896806,-0.2716438579982639,57.90297207928793,31.57,3.0,headache,S019
1.77,0.3,28.657047069346397,-1.161261705818703,58.093797967727795,31.57,3.0,headache,S019
26.1,0.3,28.115498535409536,-0.3846828875127744,57.90917321536414,31.57,3.0,headache,S019
-14.71,0.3,28.69874221777553,-0.8903318690453336,58.08808363144334,31.59,3.0,headache,S019
3.24,0.3,28.552841577236745,-0.15749878874447,57.9144646641535,31.59,3.0,headache,S019
12.82,0.3,29.078530816367795,-0.6589854905937946,58.083136877874885,31.59,3.0,headache,S019
-17.79,0.3,28.682921315409278,0.023035024500794383,57.919194589875424,31.59,3.0,headache,S019
14.01,0.3,29.014571355905687,-0.7580284701172754,58.078331857807925,31.59,3.0,headache,S019
6.58,0.3,28.822530905480463,-0.24431625308623647,57.925026123077366,31.59,3.0,headache,S019
-22.26,0.3,29.16921242112225,-1.0095962641000518,58.066007673358065,31.59,3.0,headache,S019
21.62,0.3,28.83594068404708,-0.6764281786454202,57.79180120745499,31.59,3.0,headache,S019
-0.92,0.32,29.15945897796927,-0.7728161679623609,57.98401551758315,31.63,3.0,headache,S019
-12.78,0.3,28.84486585452027,-0.07134597914043984,57.8076213493577,31.63,3.0,headache,S019
21.79,0.3,29.15101937567294,-0.5387058910935018,58.041665494291834,31.63,3.0,headache,S019
-9.97,0.3,28.85291122215491,0.12948720119117313,57.930407506374905,31.63,3.0,headache,S019
-5.4,0.3,29.143327027995426,-0.5222886935976365,57.93344812584807,31.63,3.0,headache,S019
16.15,0.3,28.860277539678847,-0.029508903586801652,57.83263908520754,31.63,3.0,headache,S019
-16.99,0.3,29.1362650343582,-0.4407946482393316,58.04885882859684,31.63,3.0,headache,S019
2.19,0.3,28.86705435371766,-0.10473679063492283,57.95005097614384,31.63,3.0,headache,S019
11.75,0.29,29.12975586878469,-0.9371256069602762,58.049287980801154,31.61,3.0,headache,S019
-20.64,0.3,28.87331215863669,-0.3566974807562772,57.95338221224452,31.61,3.0,headache,S019
12.53,0.3,29.123734215975848,-0.7237001465178444,58.03703148906395,31.61,3.0,headache,S019
5.63,0.29,28.879111879747533,-0.12250785829413513,57.823511731830386,31.61,3.0,headache,S019
-17.83,0.3,29.118143114422786,-0.3238964456586329,58.06859254374778,31.61,3.0,headache,S019
16.6,0.3,28.88450689376611,-0.019260920560795185,57.938003356110386,31.61,3.0,headache,S019
-6.53,0.3,29.112932135675393,-0.5154019352041252,58.05967939569017,31.61,3.0,headache,S019
-9.83,0.3,28.889546221485464,-0.04493631783845673,57.941262101878756,31.61,3.0,headache,S019
11.88,0.3,29.10804939358813,-0.44957766171605923,58.058759116259466,31.63,3.0,headache,S019
-19.96,0.29,28.894297436805623,0.016485195055723233,57.93978977472521,31.63,3.0,headache,S019
10.39,0.3,29.103369227330187,-0.3682456970049841,58.06605308100242,31.63,3.0,headache,S019
9.76,0.29,28.89910834484759,-0.04336975398597314,57.82450575814915,31.63,3.0,headache,S019
-19.59,0.29,29.09747750765895,-0.8228682363941656,58.04116935409582,31.63,3.0,headache,S019
10.71,0.3,28.91494208119021,-0.4682309550303655,57.89418787814916,31.63,3.0,headache,S019
3.8,0.29,29.306325171622486,-0.61045697580019,57.831675930689805,31.63,3.0,headache,S019
-16.39,0.29,28.937593993905917,-0.36465666485431203,57.77850367793043,31.63,3.0,headache,S019
17.47,0.29,29.190239703843137,-0.3428631055647406,57.93697216611623,31.63,3.0,headache,S019
4.26,0.29,28.966330867585373,-0.12391246651557486,57.77600242083217,31.63,3.0,headache,S019
-14.84,0.29,29.405163813566077,-0.7022575331250568,57.51245995602319,31.63,3.0,headache,S019
10.09,0.29,28.94107334578624,-0.11654861222857635,57.711972495460074,31.63,3.0,headache,S019
-3.25,0.29,29.172665676854486,-0.3998929849783174,58.02571744422659,31.63,3.0,headache,S019
-11.41,0.29,29.36436933637997,-0.08372038222245645,57.34773061367923,31.63,3.0,headache,S019
14.97,0.29,29.675559092238284,-0.4521143560641293,57.49831737969006,31.63,3.0,headache,S019
-8.32,0.29,29.74025093764578,0.07765765739332872,57.393242364467525,31.63,3.0,headache,S019
-2.7,0.29,29.421782996951517,-0.2591633380365932,57.63705002603489,31.63,3.0,headache,S019
17.62,0.29,29.328459620526083,-0.10723942435327573,57.49997815837978,31.63,3.0,headache,S019
-18.77,0.29,29.488649661928445,-0.2910693029798823,57.85755706068121,31.63,3.0,headache,S019
0.49,0.29,29.198062942025096,-0.007117605107306058,57.39510085154838,31.63,3.0,headache,S019
14.94,0.29,29.40205508618011,-0.3346499433897957,57.725699399809685,31.65,3.0,headache,S019
-18.2,0.29,29.403058718374034,-0.1357259898502047,57.49560766653742,31.65,3.0,headache,S019
10.47,0.29,29.128665453086644,-0.47284153186855904,57.93737615500383,31.65,3.0,headache,S019
7.51,0.29,29.02421903191468,-0.2752182729779308,57.84822262606774,31.65,3.0,headache,S019
-12.51,0.29,29.111950992499576,-0.8886127386513148,57.96933834586957,31.63,3.0,headache,S019
7.62,0.29,28.94007062905141,-0.5399821180726401,57.655692543429915,31.63,3.0,headache,S019
8.89,0.29,29.299145334415257,-0.6616092112822006,58.06519774959842,31.63,3.0,headache,S019
-15.51,0.29,29.05321103779588,-0.37974216935391936,57.56870629878494,31.63,3.0,headache,S019
12.11,0.31,29.070958148495915,-0.43082654017135863,57.89115895537392,31.63,3.0,headache,S019
-0.58,0.29,28.99080567367813,-0.18275968736716616,57.72177349707897,31.63,3.0,headache,S019
-14.97,0.29,29.22027253609603,-0.5577443534907337,57.70071762086624,31.63,3.0,headache,S019
12.68,0.29,29.094317090835066,-0.08222115096315233,57.78058727172688,31.63,3.0,headache,S019
-11.31,0.29,29.201295045985525,-0.7708021318430304,58.07988385466275,31.69,3.0,headache,S019
-5.13,0.29,29.298108833085323,-0.639233199854331,57.62439001858856,31.69,3.0,headache,S019
14.01,0.29,29.34867918186256,-0.814024762691817,57.48743148017043,31.69,3.0,headache,S019
-15.3,0.29,29.278756905057335,-0.5119841467036851,57.54172022279741,31.69,3.0,headache,S019
4.99,0.28,29.42391003517057,-0.5569051075850749,57.66492114630754,31.65,3.0,headache,S019
10.95,0.29,28.978026986970082,-0.16345061160116248,57.588247112829144,31.65,3.0,headache,S019
-15.42,0.29,29.185261871904135,-0.5832516807625369,57.67635965819303,31.65,3.0,headache,S019
0.62,0.29,28.902550981249956,-0.3989004310534826,57.575719968670946,31.65,3.0,headache,S019
16.61,0.29,29.085473159206416,-0.4557820282320299,57.56310473091691,31.65,3.0,headache,S019
-15.53,0.29,29.017443131155044,-0.3748370671903335,57.93175604522796,31.65,3.0,headache,S019
-3.54,0.29,29.17283373177351,-0.7569943690972872,57.78144177249407,31.65,3.0,headache,S019
20.77,0.29,28.994754361666377,-0.4092112130361031,57.55786897778788,31.65,3.0,headache,S019
7.74,0.29,29.150523521141753,-0.46159321402553793,57.93797011565382,31.69,3.0,headache,S019
-21.58,0.28,29.389227241588014,-0.07559350219733713,57.67047918212615,31.69,3.0,headache,S019
-5.84,0.29,29.506228444120744,-0.21692429809063624,57.5576459302485,31.69,3.0,headache,S019
22.78,0.29,29.22063260938922,-0.1640961049275687,57.7692951852895,31.69,3.0,headache,S019
-0.69,0.29,29.427038761457514,-0.463665472253457,57.78084318313917,31.67,3.0,headache,S019
-18.5,0.29,29.352331641427234,-0.023560185498769978,57.74427221828655,31.67,3.0,headache,S019
5.22,0.29,29.33632253794737,-0.5070350320116845,57.62642779783958,31.67,3.0,headache,S019
13.91,0.28,29.557926008295144,-0.42423863598992223,57.29017473178036,31.67,3.0,headache,S019
-12.23,0.29,29.52433113199877,-0.32427276888061324,57.6816444293656,31.67,3.0,headache,S019
-5.2,0.29,29.382341621589845,-0.6412709358708485,57.19499935070585,31.67,3.0,headache,S019
16.71,0.28,29.773137534264652,-0.6331505661433586,57.45006861263813,31.67,3.0,headache,S019
-2.52,0.29,29.688155809968727,-0.12986550105224937,57.77651324589191,31.67,3.0,headache,S019
-18.09,0.29,29.18683019638794,-0.13010419181106286,57.54082955384923,31.67,3.0,headache,S019
12.07,0.28,29.49135928869478,0.06710540529091395,57.674902900696935,31.67,3.0,headache,S019
11.35,0.29,29.55955611771087,-0.28115064594690625,57.38107107728556,31.67,3.0,headache,S019
-18.26,0.29,29.256584481072764,0.026681271855241197,57.53398881565006,31.67,3.0,headache,S019
-3.82,0.28,29.358447219031614,-0.26002377935681587,57.6612354723533,31.67,3.0,headache,S019
11.47,0.28,29.06195970897649,-0.25053510536298385,57.66579328730379,31.67,3.0,headache,S019
-12.67,0.29,29.490239540295732,-0.3317833947189869,57.54593612079473,31.67,3.0,headache,S019
-5.37,0.28,29.08878290433946,-0.5359242171831761,57.41220236447019,31.67,3.0,headache,S019
18.95,0.28,29.40522360255753,-0.26447845910380124,57.41955566975171,31.69,3.0,headache,S019
-5.71,0.28,29.13910913053245,0.00025160403699680395,57.762686776678414,31.69,3.0,headache,S019
-18.84,0.28,29.515695871112637,-0.09376009138301848,57.67257504599965,31.69,3.0,headache,S019
17.41,0.28,29.415424213968898,-0.1443358576314823,57.43654350955747,31.69,3.0,headache,S019
1.98,0.28,29.396116487221057,-0.22212317380847402,57.5652358298754,31.69,3.0,headache,S019
-16.23,0.28,29.52244000126633,-0.13912953035156195,57.664286617575485,31.69,3.0,headache,S019
11.23,0.29,29.6621478580143,-0.4295199223163045,57.6055699950039,31.69,3.0,headache,S019
7.07,0.28,29.262755217322162,-0.35850500128115587,57.36056177644872,31.69,3.0,headache,S019
-16.71,0.28,29.34678460129793,-0.38660192011376304,57.39055422761297,31.67,3.0,headache,S019
4.87,0.28,29.573845301480112,-0.05919634442212095,57.72535959517828,31.67,3.0,headache,S019
17.66,0.28,29.795263152337323,-0.34823431418344497,57.577564569551086,31.67,3.0,headache,S019
-12.44,0.28,29.335032358186105,0.0818973358798458,57.59495984715822,31.67,3.0,headache,S019
-4.98,0.28,29.493054882218008,-0.21761396030247168,57.83855858759897,31.67,3.0,headache,S019
16.32,0.28,29.445812144328027,0.08884693055903865,57.64905149122939,31.67,3.0,headache,S019
-6.46,0.28,29.38615675757487,-0.47007317184043873,57.54648578460702,31.67,3.0,headache,S019
-14.41,0.28,29.496435453584105,-0.42587416078861495,57.251070207247345,31.67,3.0,headache,S019
20.15,0.28,29.983177422188227,-0.2615417029759269,57.648018146132955,31.69,3.0,headache,S019
4.88,0.28,29.506413279323898,-0.1622671422980436,57.58959862772634,31.69,3.0,headache,S019
-20.21,0.28,29.453470360932457,-0.18162555324298987,57.5834349030447,31.69,3.0,headache,S019
8.45,0.28,29.66346840104266,-0.14380883863754548,57.24196524061893,31.69,3.0,headache,S019
14.38,0.28,29.628400321246858,-0.4660740777828547,57.642525387065355,31.69,3.0,headache,S019
-14.56,0.28,29.37030447093512,-0.24840303322749369,57.40391786831103,31.69,3.0,headache,S019
-2.76,0.28,29.7760856594975,-0.2759593508158388,57.44312201085575,31.69,3.0,headache,S019
14.23,0.28,29.460963387402344,-0.326016542384062,57.62626213188826,31.69,3.0,headache,S019
-17.89,0.28,29.848946684213086,-0.46206422494414323,57.67027933491435,31.67,3.0,headache,S019
0.07,0.28,29.301919977831894,-0.6330153967166594,57.5010441621911,31.67,3.0,headache,S019
18.47,0.28,29.401062369161796,-0.4174468555430056,57.42532536758278,31.67,3.0,headache,S019
-10.87,0.28,29.598132003291244,-0.32694583748586586,57.31814233798159,31.67,3.0,headache,S019
-9.72,0.28,29.779252185772652,-0.21189218835162937,57.01686701132138,31.69,3.0,headache,S019
15.78,0.28,29.64217402818761,-0.5103532114452076,57.32628824020278,31.69,3.0,headache,S019
-8.56,0.28,29.637448109146987,-0.21771344146777832,57.25483811694028,31.69,3.0,headache,S019
-12.54,0.28,29.78951588434383,-0.29185709608410804,57.44516423434155,31.69,3.0,headache,S019
17.91,0.28,29.49738283423278,-0.4134455558056079,57.5495971174538,31.69,3.0,headache,S019
-3.79,0.28,29.85533840367688,-0.5376690426067875,57.31264503046746,31.69,3.0,headache,S019
-7.18,0.28,30.083620295233775,-0.5371451852416081,57.076954108879775,31.69,3.0,headache,S019
15.78,0.28,29.728681220771346,-0.6376028075358724,57.48668459349608,31.69,3.0,headache,S019
20.08,0.28,29.73456020393838,-0.6627655127325605,57.34617699588011,31.69,3.0,headache,S019
-18.14,0.28,29.846255230622724,-0.4960902479786506,57.202487143266715,31.69,3.0,headache,S019
1.5,0.28,29.3580745542139,-0.5131845904353938,57.40115522492891,31.69,3.0,headache,S019
5.92,0.28,29.48024377824742,-0.3018172457563848,57.425992589300655,31.69,3.0,headache,S019
-12.29,0.28,29.674702332740324,-0.4789699610616951,57.21596493047721,31.67,3.0,headache,S019
4.77,0.28,30.09380524593327,-0.6189554619213161,57.11323294248187,31.67,3.0,headache,S019
7.58,0.28,30.211291064037745,-0.4334442951366911,57.03060072496829,31.67,3.0,headache,S019
-15.64,0.28,30.041346610282446,-0.31751196649731817,56.99063850001832,31.67,3.0,headache,S019
2.64,0.28,30.05754197781057,-0.4492023308393025,57.00339970291098,31.67,3.0,headache,S019
5.95,0.28,29.952577684300664,-0.31908007097388874,56.999570534098275,31.67,3.0,headache,S019
-14.82,0.28,30.041535610310305,-0.09104938091965803,56.998359438008094,31.67,3.0,headache,S019
6.17,0.28,29.962271254603053,-0.6269879175750366,57.00358508609329,31.67,3.0,headache,S019
14.21,0.28,30.03507975582461,-0.43403588762324713,56.99398726474868,31.69,3.0,headache,S019
-9.34,0.28,29.96686274635279,-0.19654641757106894,57.010050128550915,31.69,3.0,headache,S019
2.56,0.28,30.03165532929621,-0.31786761288148113,56.97996946882026,31.69,3.0,headache,S019
1.28,0.28,29.96951073235906,-0.3859875133755757,57.112116908469226,31.69,3.0,headache,S019
-9.09,0.28,30.029548929921315,-0.23642338172065416,57.03675252440336,31.67,3.0,headache,S019
3.96,0.28,29.97122424092807,-0.546892643411741,56.984092723140385,31.67,3.0,headache,S019
-4.84,0.28,30.028130553735725,-0.4932546102312396,57.13685985892468,31.67,3.0,headache,S019
-7.3,0.28,29.972413412154104,-0.5609758834459948,56.991947379501205,31.67,3.0,headache,S019
9.2,0.28,30.027125579950482,-0.6469085551810239,57.18202016404128,31.67,3.0,headache,S019
-11.96,0.28,29.97326471428404,-0.30035438743938436,57.086908213922655,31.67,3.0,headache,S019
2.34,0.28,30.026408086314454,-0.45093609308280613,56.96450320324659,31.67,3.0,headache,S019
7.71,0.28,29.97385974394099,-0.04912294403459876,57.09889429708525,31.67,3.0,headache,S019
-13.55,0.28,30.025931779368058,-0.6007123233044243,57.063565513168996,31.69,3.0,headache,S019
1.76,0.28,29.974213263790283,-0.1526026410449114,56.961589403404766,31.69,3.0,headache,S019
2.63,0.28,30.02571445694497,-0.6692687232248706,57.06763447290999,31.69,3.0,headache,S019
-11.3,0.28,29.974268029562197,-0.7117417817302955,57.09435189144078,31.69,3.0,headache,S019
11.49,0.28,30.0258689906146,-0.3171008200595428,56.97126667851842,31.67,3.0,headache,S019
-0.91,0.28,29.973821439383805,-0.29269951322372434,57.02118427315829,31.67,3.0,headache,S019
-9.58,0.28,30.026762100763406,-0.32133715493437026,56.97887667458691,31.67,3.0,headache,S019
17.4,0.28,29.97216218206401,-0.5253830992682523,57.02529512083486,31.67,3.0,headache,S019
0.26,0.28,30.029974950361485,-0.3835868332258063,56.963736103549664,31.69,3.0,headache,S019
-15.71,0.28,29.964730564787743,-0.6813194762482211,57.07888702717211,31.69,3.0,headache,S019
15.04,0.27,30.06169790270384,-0.5287600635967171,57.067827214409235,31.69,3.0,headache,S019
0.39,0.28,29.828672066067185,-0.7518606820477984,57.04283194123804,31.69,3.0,headache,S019
-14.01,0.28,30.00933708175296,-0.5522915973349996,57.09559798515081,31.69,3.0,headache,S019
14.17,0.28,30.007048374975913,-0.5505610096270491,57.004520740465814,31.69,3.0,headache,S019
3.54,0.28,30.30164095007825,-0.5333515849248885,57.12354779880276,31.69,3.0,headache,S019
-15.79,0.28,30.066242345758255,-0.7426399147494355,57.0234524458665,31.69,3.0,headache,S019
13.12,0.28,29.996395964338003,-0.4353388734807423,57.1252432187396,31.67,3.0,headache,S019
8.26,0.28,29.99476663010241,-0.19468471456688205,56.92531813626996,31.67,3.0,headache,S019
-17.85,0.28,30.00860035463257,-0.5525041819328568,57.08419320925231,31.67,3.0,headache,S019
8.92,0.28,29.98956701301109,-0.31032926256109356,57.07306442243827,31.67,3.0,headache,S019
3.18,0.28,30.011792003225775,-0.37271341719619244,57.011480220299454,31.65,3.0,headache,S019
-13.64,0.28,29.986689286762708,-0.3192342027562703,56.979887303040236,31.65,3.0,headache,S019
16.2,0.28,30.01603505770082,-0.9580291256074013,57.0237884979828,31.65,3.0,headache,S019
-3.03,0.28,29.97590463856474,-0.3768719341521846,56.97289256185163,31.65,3.0,headache,S019
-15.47,0.28,30.11368597733447,-0.7998401562141296,57.03217905407918,31.67,3.0,headache,S019
16.23,0.28,30.039909459869975,-0.40851093579028613,56.95604787828477,31.67,3.0,headache,S019
3.62,0.28,29.96995770245829,-0.7464261357032668,57.11831315845386,31.67,3.0,headache,S019
-12.65,0.28,30.064454956537375,-0.2826280875100661,57.03654715423377,31.67,3.0,headache,S019
13.14,0.28,30.091992910503162,-0.5817175853178133,57.00034231580543,31.69,3.0,headache,S019
-8.79,0.28,29.98652215442765,-0.4646413358241039,56.98540100249725,31.69,3.0,headache,S019
-10.4,0.27,30.143471327643407,-0.6082617710441651,57.041216924825946,31.69,3.0,headache,S019
18.32,0.28,29.967102033807105,-0.28919831784647476,57.10799587231863,31.69,3.0,headache,S019
-8.91,0.28,30.023244469880417,-0.4463230743098727,56.98088015514264,31.67,3.0,headache,S019
-2.12,0.27,29.981356737651257,-0.12999903539727398,57.008082170152285,31.67,3.0,headache,S019
19.06,0.28,30.015379942974064,-0.5623619099462666,56.99642394707396,31.67,3.0,headache,S019
-12.63,0.28,29.987632459742493,-0.4322714989692413,57.00108807542487,31.67,3.0,headache,S019
-6.84,0.27,30.008836045710336,-0.43775836115904937,57.00049569378687,31.65,3.0,headache,S019
20.44,0.27,29.996538448268403,-0.3409510937069259,56.99840923279545,31.65,3.0,headache,S019
1.32,0.28,29.9915643024929,-0.4672965318021236,57.00238998383403,31.65,3.0,headache,S019
-9.74,0.27,30.082705582667977,-0.3291047270659727,56.99700402334013,31.65,3.0,headache,S019
11.24,0.27,30.07298777654297,-0.2575224895578149,57.00346875462923,31.67,3.0,headache,S019
-1.08,0.28,29.96163339143139,0.19419277280803054,56.99615410708319,31.67,3.0,headache,S019
-5.7,0.27,30.029654258163813,-0.29373665340965766,57.004152178822736,31.67,3.0,headache,S019
10.04,0.27,29.974475595442097,-0.3251487175705392,56.99559535109653,31.67,3.0,headache,S019
-15.27,0.28,30.02302503640443,-0.6474905249157051,57.00461540807234,31.69,3.0,headache,S019
-1.98,0.27,29.978706324164143,-0.3598711023951694,56.99520670264584,31.69,3.0,headache,S019
10.81,0.27,30.019984892538186,-0.33668280299609293,57.00494492638123,31.69,3.0,headache,S019
-12.72,0.28,29.981067692608057,-0.17940847917089447,56.99492466268716,31.69,3.0,headache,S019
9.36,0.27,30.01804511715893,-0.12754816091862736,57.00518844571783,31.67,3.0,headache,S019
-2.98,0.27,29.982731104565318,-0.1457799053599982,56.99471265841444,31.67,3.0,headache,S019
-9.04,0.28,30.016568395665598,-0.08859767475845426,57.00537449989744,31.67,3.0,headache,S019
14.67,0.27,29.98408088122846,-0.12157713739251742,56.99454806883908,31.67,3.0,headache,S019
-17.82,0.27,30.015302770824093,-0.41021105998937024,57.005521291168264,31.69,3.0,headache,S019
6.82,0.27,29.985295422619426,-0.5787999749959236,56.99441603748083,31.69,3.0,headache,S019
6.14,0.27,30.014111507307703,-0.49323715879875674,57.00564111626245,31.69,3.0,headache,S019
-11.43,0.27,29.986489095055298,-0.10263075245191627,56.99430624064126,31.69,3.0,headache,S019
14.23,0.27,30.012889206960914,-0.03819558492904981,57.00574277193101,31.69,3.0,headache,S019
8.04,0.27,29.987769543406504,0.05848930970025421,56.99421106286488,31.69,3.0,headache,S019
-17.82,0.27,30.011514248170744,-0.10873625873097298,57.00583296571324,31.69,3.0,headache,S019
11.26,0.28,29.98928751214907,-0.35097888647778147,56.99412448321657,31.69,3.0,headache,S019
6.23,0.27,30.009783764688933,-0.17065809396786286,57.005917216075,31.69,3.0,headache,S019
-11.62,0.27,29.99133731538706,-0.1733585751205958,56.99404132739874,31.69,3.0,headache,S019
9.74,0.27,30.007237698701257,0.032172997144253354,57.00600049463361,31.69,3.0,headache,S019
5.97,0.28,29.994700525671224,-0.10595610515348002,56.99395669421089,31.69,3.0,headache,S019
-17.84,0.27,30.00240079976531,-0.046291885674111764,57.00608776206401,31.69,3.0,headache,S019
3.56,0.28,30.002620230416877,-0.07789949392242675,56.993865429263174,31.69,3.0,headache,S019
17.43,0.28,29.985966604318367,-0.0600977433250544,57.006184512242804,31.69,3.0,headache,S019
-13.57,0.27,30.07105647738876,0.05978067233112026,56.99376153358473,31.69,3.0,headache,S019
-7.09,0.28,30.215056288598444,-0.09520217834419437,57.00629744493416,31.69,3.0,headache,S019
16.58,0.28,29.95834328453294,-0.1922445824932176,56.993637367496866,31.69,3.0,headache,S019
-0.01,0.27,30.02994724719903,-0.09069439901945865,57.006435440296066,31.69,3.0,headache,S019
-18.2,0.28,29.975119917193574,-0.15535332475002203,56.99348242322119,31.69,3.0,headache,S019
10.63,0.28,30.021985667493833,-0.2630795158217798,57.006611143429126,31.69,3.0,headache,S019
2.01,0.27,29.979926359008566,0.025864303324251815,56.993281233294326,31.69,3.0,headache,S019
-13.01,0.27,30.01868962218346,-0.17328737505603353,57.00684378380841,31.69,3.0,headache,S019
6.88,0.28,29.982377744649707,0.07189769371783462,56.993009489930024,31.69,3.0,headache,S019
10.08,0.27,30.01675978890785,-0.07874210633338294,57.00716463347399,31.67,3.0,headache,S019
-15.08,0.27,29.983962476370177,-0.05537977497680055,56.99262618684709,31.67,3.0,headache,S019
-1.37,0.27,30.01541536295077,-0.12070263597012426,57.00762861668942,31.67,3.0,headache,S019
9.16,0.27,29.985132901867413,-0.03316188003993504,56.99205595664671,31.67,3.0,headache,S019
-13.76,0.27,30.014374843793252,0.0072587961613504535,57.00834211016764,31.69,3.0,headache,S019
1.09,0.27,29.986074051263937,-0.05254333634597831,56.9911435206084,31.69,3.0,headache,S019
10.35,0.27,30.013511185279697,-0.11266167144394347,57.00954129128187,31.69,3.0,headache,S019
-6.49,0.27,29.98687636118982,0.06583163357178524,56.989510545574724,31.69,3.0,headache,S019
-2.27,0.27,30.012757999936074,-0.29554581719554035,57.01187477007411,31.67,3.0,headache,S019
3.19,0.27,29.98758990224897,0.04852310627933137,56.98593583187545,31.67,3.0,headache,S019
-13.97,0.27,30.012076582515622,-0.11367423236471426,57.01798843766843,31.67,3.0,headache,S019
6.06,0.27,29.988245296407502,-0.050943496680568155,56.973101340853255,31.67,3.0,headache,S019
-2.94,0.27,30.0114421494618,-0.14907044121008575,57.06553414118421,31.67,3.0,headache,S019
-10.55,0.27,29.988863071217175,-0.05340095452500084,57.09206677750681,31.67,3.0,headache,S019
15.14,0.27,30.010837278661636,-0.32775956516041826,56.9761760528366,31.67,3.0,headache,S019
-7.41,0.27,29.98945840939165,-0.2309271170102667,57.01267328556877,31.67,3.0,headache,S019
-1.29,0.27,30.010248347228263,-0.22179685065961507,56.99183056662795,31.67,3.0,headache,S019
9.9,0.27,29.990043935900328,0.003910410418269015,57.00578252734441,31.67,3.0,headache,S019
-11.5,0.27,30.00966323184625,-0.05768256057348407,56.99565745911038,31.67,3.0,headache,S019
12.74,0.27,29.990631746790292,-0.29023867894075916,57.00341248152594,31.67,3.0,headache,S019
-6.11,0.28,30.0090693688832,-0.10720899688559231,56.9972069907863,31.67,3.0,headache,S019
0.41,0.27,29.99123543632088,-0.2271433891939195,57.002381198584324,31.67,3.0,headache,S019
5.49,0.28,30.008451440622817,-0.08405092466986702,56.99788039806651,31.67,3.0,headache,S019
-11.6,0.27,29.991872956471983,-0.06472986261035397,57.00197484227933,31.67,3.0,headache,S019
13.47,0.27,30.00778759602415,-0.088816453999801,56.99807234880721,31.67,3.0,headache,S019
-4.68,0.27,29.99257189816865,0.06282419718520395,57.00196796886425,31.67,3.0,headache,S019
-0.11,0.27,30.0070417066174,-0.14677118847303527,56.997907416822024,31.67,3.0,headache,S019
16.8,0.27,29.9933813679851,-0.004390076996332491,57.002304265096484,31.67,3.0,headache,S019
-14.23,0.27,30.006144299688447,-0.11464020999213435,56.997387965065705,31.69,3.0,headache,S019
-1.0,0.27,29.99440418244786,-0.05602551313158398,57.00303261962176,31.69,3.0,headache,S019
14.13,0.27,30.004934868987345,-0.21072078053668977,56.996406386719066,31.69,3.0,headache,S019
-13.59,0.27,29.99590818308346,-0.13209440189934718,57.004339632730044,31.69,3.0,headache,S019
8.23,0.27,30.00292506421645,-0.25593050296241565,56.99465548488915,31.69,3.0,headache,S019
11.15,0.27,29.998905027933283,-0.15584235743174663,57.006737260979556,31.69,3.0,headache,S019
-16.0,0.27,29.997529660381876,-0.4016245145486175,56.99123606995386,31.69,3.0,headache,S019
3.1,0.27,30.013864330866745,-0.3746660687994434,57.01196366123095,31.69,3.0,headache,S019
8.93,0.27,30.127231329708078,-0.06818946689186131,56.98216064961413,31.69,3.0,headache,S019
-9.77,0.27,29.97821823351855,-0.00695773141924342,57.03361761867202,31.69,3.0,headache,S019
-0.36,0.27,30.014366772955775,-0.14837313042278663,57.096884622950256,31.69,3.0,headache,S019
5.0,0.27,29.988488724724192,0.08413162896597316,57.064464922113,31.69,3.0,headache,S019
-12.82,0.27,30.00991304319633,-0.08367380489390243,57.08740206879816,31.65,3.0,headache,S019
7.54,0.27,29.99116408881732,-0.02269575114255106,56.96524278819529,31.65,3.0,headache,S019
5.05,0.28,30.00802226392008,-0.33640119703264065,57.02301736964458,31.65,3.0,headache,S019
-13.68,0.27,29.992641868383004,-0.26910632951222374,56.98233191670626,31.65,3.0,headache,S019
5.92,0.27,30.006784926667052,-0.2449295139642468,57.01455421248335,31.69,3.0,headache,S019
6.21,0.27,29.993730944738836,-0.23774539532623137,56.98751242713638,31.69,3.0,headache,S019
-11.67,0.27,30.005789468874642,-0.3516092613749851,57.01099406297593,31.69,3.0,headache,S019
1.27,0.27,29.994668119985047,-0.22016681928579282,56.9901546730824,31.69,3.0,headache,S019
0.69,0.27,30.004885789574796,-0.15809974677976818,57.00891668643462,31.69,3.0,headache,S019
-8.09,0.27,29.995557187138107,0.020556587635819884,56.991866612350435,31.69,3.0,headache,S019
6.59,0.27,30.003995640386318,-0.04100168883525052,57.00744697689388,31.69,3.0,headache,S019
-5.13,0.27,29.996462689182888,-0.3049712839571247,56.99317632096732,31.69,3.0,headache,S019
-6.72,0.27,30.003060619761342,-0.22404708236159981,57.006238105629095,31.69,3.0,headache,S019
11.93,0.27,29.997442449981055,-0.2463702499067079,56.994330498060926,31.69,3.0,headache,S019
-6.02,0.27,30.00201862829216,-0.4469995270907231,57.0050992237949,31.69,3.0,headache,S019
0.66,0.27,29.998567896036676,-0.3199890461911927,56.99549125961247,31.69,3.0,headache,S019
8.29,0.27,30.000782807026066,-0.35361415903070464,57.003877691605666,31.71,3.0,headache,S019
-10.05,0.27,29.999949538796077,-0.0835532376951826,56.99681844263286,31.71,3.0,headache,S019
5.09,0.27,29.999207071539182,0.026753066854949693,57.00238834328931,31.71,3.0,headache,S019
0.84,0.29,30.001787300380894,-0.10263849906563333,56.99854674762833,31.71,3.0,headache,S019
-14.16,0.27,29.997008316789387,-0.041115061851400236,57.0003092740771,31.69,3.0,headache,S019
13.69,0.27,30.004496917417956,-0.12993221850890604,57.00115094144599,31.69,3.0,headache,S019
-3.56,0.27,29.99355027684065,-0.1431366866976135,56.996886497580654,31.69,3.0,headache,S019
-13.35,0.27,30.009101838496303,-0.08519460102344784,57.005935083442466,31.69,3.0,headache,S019
27.66,0.27,29.98707912066536,-0.36515400350860616,56.989598458652544,31.69,3.0,headache,S019
-0.63,0.27,30.01887829589343,-0.21149188071614217,57.01866253430111,31.69,3.0,headache,S019
-12.29,0.27,29.97059402600363,-0.21269076907213996,56.96048873953077,31.69,3.0,headache,S019
17.61,0.27,30.070164819926926,-0.18409993777502945,57.208120056054334,31.69,3.0,headache,S019
6.63,0.27,30.0297050523236,-0.36043935450962017,57.0957713285211,31.69,3.0,headache,S019
-14.9,0.27,30.074114649736135,-0.33547014482425686,56.956695995893156,31.69,3.0,headache,S019
6.83,0.27,30.286970202388478,-0.23188733271375486,57.02935922040211,31.69,3.0,headache,S019
11.17,0.27,29.939225479820458,-0.649600474751355,56.9777002520666,31.69,3.0,headache,S019
-12.7,0.27,30.49949556315077,-0.40768583947271464,57.01694830525046,31.71,3.0,headache,S019
-3.42,0.27,30.21679205999148,-0.5877112727505766,56.99059878257416,31.71,3.0,headache,S019
13.8,0.27,30.155791595623523,-0.5365078896584194,56.896240409395205,31.71,3.0,headache,S019
-2.19,0.27,30.292495659282945,-0.34514452884883096,56.96812938218427,31.71,3.0,headache,S019
-9.61,0.27,30.22021074258187,-0.1256756208821403,57.02387422382548,31.69,3.0,headache,S019
9.92,0.27,30.365380035487572,-0.23218396235997413,56.9789022379654,31.69,3.0,headache,S019
-6.87,0.27,30.19098222561806,-0.2190217520390105,57.019649809335405,31.69,3.0,headache,S019
-1.11,0.27,30.299306050295673,-0.11985708732218972,56.98119956717519,31.69,3.0,headache,S019
8.35,0.27,30.23274654952129,-0.5473532509107681,57.01831462782934,31.69,3.0,headache,S019
-11.45,0.27,30.478474746862386,-0.10175473797156218,56.9818949098453,31.69,3.0,headache,S019
0.36,0.27,30.293669689729796,-0.2611973572952431,57.01815385063901,31.69,3.0,headache,S019
7.41,0.27,30.329445759179492,0.013999185254621072,56.98149986746392,31.69,3.0,headache,S019
-15.78,0.27,30.46607155040801,-0.21397904676673418,57.01927073398492,31.69,3.0,headache,S019
6.43,0.27,30.050745387076486,-0.06383121097075221,56.979195278324895,31.69,3.0,headache,S019
-5.55,0.27,30.193698027605745,-0.11236886615284215,57.024201917208075,31.69,3.0,headache,S019
-4.16,0.27,30.29274874448697,-0.08698066289598788,56.96423775013337,31.69,3.0,headache,S019
5.19,0.27,30.403597374341203,-0.3431175777465266,56.89419962024909,31.69,3.0,headache,S019
-8.6,0.27,30.47104510928164,-0.5155862118739994,57.00089977189141,31.69,3.0,headache,S019
-3.78,0.27,30.453576947669333,-0.5727737504943967,57.00678307244709,31.69,3.0,headache,S019
15.32,0.27,30.550865648930877,0.07688931689056969,56.9900075558037,31.69,3.0,headache,S019
-7.38,0.27,30.216187855580987,-0.06528889242811947,57.01215936236496,31.67,3.0,headache,S019
-10.63,0.27,30.332141856669736,0.03939943127708925,56.985830771066205,31.67,3.0,headache,S019
16.61,0.27,30.3114460338635,-0.29687785116031534,57.016562616739996,31.67,3.0,headache,S019
-2.94,0.27,30.63734883303529,0.061802998641342255,56.979866240247546,31.67,3.0,headache,S019
-11.75,0.27,30.258829659102492,-0.20110645215555942,57.0271689963467,31.67,3.0,headache,S019
13.84,0.27,30.42493363305054,0.09175959598742783,56.94788050807498,31.67,3.0,headache,S019
1.77,0.27,30.470719943354403,-0.3866744813591746,56.90110719693821,31.67,3.0,headache,S019
-15.49,0.27,30.204741549710334,-0.19017830245964357,57.011674460421276,31.67,3.0,headache,S019
7.25,0.27,30.198997580921827,-0.20151027679765549,57.000435001168974,31.67,3.0,headache,S019
15.59,0.27,30.404488307862724,-0.000842604174407673,56.992593455359255,31.67,3.0,headache,S019
-3.39,0.27,30.522482337572246,-0.028352364280160577,57.01592280624982,31.67,3.0,headache,S019
-13.29,0.27,30.38808137241337,0.035648855573256394,56.958522630701765,31.67,3.0,headache,S019
10.87,0.27,30.26976654550762,-0.03935641159154782,56.890374975118576,31.69,3.0,headache,S019
2.38,0.27,30.273899465853802,0.0422508853859568,57.02311901846626,31.69,3.0,headache,S019
-13.76,0.27,30.237719974161454,-0.04579047788028154,56.98757569441671,31.69,3.0,headache,S019
10.5,0.27,30.313373074034466,0.052857643533560116,57.00827433977764,31.69,3.0,headache,S019
12.99,0.27,30.35664917369754,-0.08560704848827581,56.99382078321808,31.67,3.0,headache,S019
-17.87,0.27,30.28328521575714,-0.1366683963222783,57.005063375052444,31.67,3.0,headache,S019
-4.01,0.27,30.609566186748516,-0.16113539097466847,56.995434162508126,31.67,3.0,headache,S019
19.88,0.27,30.46249251590956,-0.016835764022322997,57.00458026149127,31.67,3.0,headache,S019
-3.37,0.27,30.531507102255325,-0.011691094178385182,56.9948367162678,31.69,3.0,headache,S019
-11.71,0.27,30.939864151856234,0.017395802490153347,57.00660088513424,31.69,3.0,headache,S019
12.08,0.27,30.479283382063443,-0.0173357179729983,56.990206935716,31.69,3.0,headache,S019
-3.71,0.27,30.398848620002234,-0.08596756643402448,57.01840471687355,31.69,3.0,headache,S019
-9.67,0.27,30.66154607472924,-0.10106817640243324,56.929633557593405,31.69,3.0,headache,S019
13.09,0.27,30.18755435709034,-0.2414499585765569,56.89023263431043,31.69,3.0,headache,S019
-7.88,0.27,30.334426961676847,-0.1566488051658581,56.89699147125382,31.69,3.0,headache,S019
-8.68,0.27,30.730897890819723,-0.3588487024004609,56.88546760372639,31.69,3.0,headache,S019
14.96,0.27,30.224669865795267,-0.20461692452528193,57.01614165700525,31.67,3.0,headache,S019
-7.45,0.27,30.42203743765314,-0.05520932500263544,56.98981832702442,31.67,3.0,headache,S019
-4.75,0.27,30.523483292269134,-0.10745920228557022,57.00780480291771,31.67,3.0,headache,S019
10.42,0.27,30.428692071592977,-0.09906275021796827,56.993738987022105,31.67,3.0,headache,S019
-12.43,0.27,30.30891953996933,-0.0754301149589745,57.00493922242177,31.71,3.0,headache,S019
-0.08,0.27,30.667421075442466,-0.19951757868167114,56.99644381068654,31.71,3.0,headache,S019
12.45,0.27,30.3258337118571,-0.06386086464796284,57.00185210765727,31.71,3.0,headache,S019
-15.05,0.27,30.488585486455126,-0.09513129233515533,57.000588980208356,31.71,3.0,headache,S019
9.3,0.27,30.658882812342295,-0.3398396637371148,56.99526040071618,31.67,3.0,headache,S019
9.48,0.27,30.5289867169862,-0.06390081223927588,57.01393882948289,31.67,3.0,headache,S019
-13.96,0.27,30.413822533087828,-0.195372929741338,56.946185881037515,31.67,3.0,headache,S019
9.46,0.27,30.570929592024278,-0.3224741694569948,56.89602417866793,31.67,3.0,headache,S019
6.7,0.27,30.500571003321127,-0.32019198681771893,57.03698050001114,31.69,3.0,headache,S019
-12.91,0.27,30.47298984728439,-0.39160499817357075,56.97419402506716,31.69,3.0,headache,S019
9.26,0.27,30.95607244743287,-0.32213819645502767,57.02127254425851,31.69,3.0,headache,S019
-0.79,0.27,30.421437976625622,0.10813080277298662,56.981124620303206,31.69,3.0,headache,S019
-10.89,0.27,30.861196341931052,-0.2054056615577105,57.01744710945835,31.65,3.0,headache,S019
13.02,0.27,30.726018976523285,0.06675973315152336,56.983446607345016,31.65,3.0,headache,S019
-8.65,0.27,30.931755961105008,-0.0831176443773829,57.01599973780908,31.65,3.0,headache,S019
-8.85,0.27,30.876778091535183,-0.056897235741001605,56.984308691548364,31.65,3.0,headache,S019
17.35,0.27,30.415198192355913,-0.05095777064222559,57.01558356096374,31.67,3.0,headache,S019
-10.87,0.27,30.61672540446712,0.06877340046182945,56.9843363387965,31.67,3.0,headache,S019
-6.2,0.27,30.36262417582146,-0.1462469756825825,57.01594579241624,31.67,3.0,headache,S019
15.94,0.27,30.40266585680779,-0.010016410638727559,56.98352335363558,31.67,3.0,headache,S019
-8.37,0.27,30.51318225807762,-0.1519474388158671,57.0173552298105,31.67,3.0,headache,S019
-2.3,0.27,30.488233055757107,0.038694236147952886,56.98121527230488,31.67,3.0,headache,S019
15.97,0.27,30.370732909679067,-0.17245803854237332,57.02121915905753,31.67,3.0,headache,S019
-10.54,0.27,30.4859140362158,0.06108076726846394,56.97411999273228,31.67,3.0,headache,S019
-2.67,0.27,30.86556340227728,-0.12768770486681122,57.0375304338524,31.67,3.0,headache,S019
17.75,0.27,30.742765696284536,-0.12098775930808417,56.88539004394226,31.67,3.0,headache,S019
-4.42,0.27,30.9857961936708,-0.061210383912560375,56.96352910123786,31.67,3.0,headache,S019
-5.88,0.27,30.992841795056407,0.053531254123053346,56.892280864624794,31.67,3.0,headache,S019
11.74,0.27,30.86484632766396,-0.05567071371758906,56.978699567775834,31.69,3.0,headache,S019
-8.97,0.27,30.96023199668234,0.06089863758537275,57.01225396801839,31.69,3.0,headache,S019
-5.69,0.27,30.565925274036378,-0.0706045699899301,56.98976327914004,31.69,3.0,headache,S019
3.49,0.27,30.690137312422042,0.09286569076720069,57.012038277588616,31.69,3.0,headache,S019
-11.28,0.27,30.592358291790347,-0.2731168684471587,56.97664528872746,31.67,3.0,headache,S019
11.52,0.27,30.96660009085348,-0.164943695600532,56.881507168722266,31.67,3.0,headache,S019
-9.86,0.27,30.419671216598385,-0.08425222823519846,57.012223941470225,31.67,3.0,headache,S019
-7.07,0.27,30.51305501335643,-0.1498523543986898,56.86779545410552,31.67,3.0,headache,S019
12.92,0.27,30.676388782492133,-0.028884333318694774,57.00525566587867,31.67,3.0,headache,S019
-12.96,0.27,30.90179435627918,-0.2472452419816184,57.00708358332861,31.67,3.0,headache,S019
-0.55,0.27,30.570351899806997,-0.11136082050704438,56.89684074994064,31.67,3.0,headache,S019
-1.56,0.27,30.29101918627152,-0.039067230623640196,56.95669015154091,31.67,3.0,headache,S019
-5.67,0.27,30.705866674055013,-0.35968427694241856,57.02329181818465,31.67,3.0,headache,S019
10.8,0.27,30.353038054842006,0.05658972587474947,56.98673550575287,31.67,3.0,headache,S019
-14.42,0.27,30.297093274616696,-0.056093475598305416,56.898508559305554,31.67,3.0,headache,S019
5.28,0.27,30.58294886333566,0.06264842730853935,56.96654711791541,31.67,3.0,headache,S019
3.7,0.27,30.517444719116718,-0.09859605763418976,57.026386247474974,31.67,3.0,headache,S019
-7.06,0.27,30.42627565355841,-0.16991614028486227,56.97560261463692,31.67,3.0,headache,S019
16.79,0.27,30.90449713585998,-0.036022399340820924,57.023967497711986,31.67,3.0,headache,S019
16.43,0.27,30.441607004627333,0.046177803231682045,56.97529596382011,31.67,3.0,headache,S019
-17.18,0.27,30.45260509813591,-0.0587741176760499,57.02742188109883,31.65,3.0,headache,S019
3.76,0.27,30.680696447595512,0.08277362507914152,56.96158533638124,31.65,3.0,headache,S019
14.93,0.27,30.658888749083005,-0.18206420485917335,56.89397218834965,31.65,3.0,headache,S019
-15.69,0.27,30.297602244829488,-0.3963996510516001,57.00902648167436,31.65,3.0,headache,S019
2.22,0.27,30.813390420725742,-0.37275058394538646,56.909995879538904,31.65,3.0,headache,S019
10.37,0.27,30.879718084769383,-0.5410104448024531,56.82494672649078,31.65,3.0,headache,S019
-12.7,0.27,30.744540015043487,-0.2535954806947647,57.025803906860574,31.65,3.0,headache,S019
5.02,0.27,30.63151897872878,-0.13017094353702865,56.964965118557735,31.65,3.0,headache,S019
7.67,0.27,30.67313940685765,-0.3738444106758821,56.9178202564514,31.67,3.0,headache,S019
-19.24,0.27,30.825404068027524,-0.22894713967819397,56.884719592236415,31.67,3.0,headache,S019
8.46,0.27,30.737159210800918,-0.10075769297235769,56.96226602797011,31.67,3.0,headache,S019
-2.72,0.27,30.5862740596587,0.0665380564883446,57.00412632032587,31.67,3.0,headache,S019
-7.02,0.27,30.91653587320774,-0.1430950954105684,57.00544281662764,31.65,3.0,headache,S019
18.04,0.27,30.560830410379115,-0.004192585987317272,56.987813675689075,31.65,3.0,headache,S019
-11.33,0.27,30.946387494240135,-0.05723624561472034,56.886589140272946,31.65,3.0,headache,S019
0.62,0.27,30.827515329009504,-0.07636820164737587,56.98906627999687,31.65,3.0,headache,S019
15.42,0.27,30.817209563419837,-0.10954454260963416,57.01921869356807,31.67,3.0,headache,S019
-13.31,0.27,30.517566730681544,-0.021084559347352632,56.866106849661115,31.67,3.0,headache,S019
5.1,0.27,30.71311209063819,-0.015540064164245826,56.9995074888148,31.67,3.0,headache,S019
16.74,0.27,30.66442052656406,-0.11720110980576096,56.99274592640974,31.67,3.0,headache,S019
-16.48,0.27,30.510257744157034,0.006006847524305848,57.010410039795225,31.67,3.0,headache,S019
-2.08,0.27,30.64126787723401,-0.123223974674296,56.9874973618516,31.67,3.0,headache,S019
14.4,0.27,30.22176076130971,-0.00435946864901854,57.01422142250137,31.67,3.0,headache,S019
-17.29,0.27,30.603444007710472,0.012520525682584266,56.98418015389356,31.67,3.0,headache,S019
11.13,0.27,30.652813277170186,-0.021213626116794372,57.017438587249295,31.63,3.0,headache,S019
1.68,0.27,30.538039655412195,0.03721097804080173,56.98080753972068,31.63,3.0,headache,S019
-18.52,0.27,30.87055972870768,-0.1083943522773551,57.02121394786542,31.63,3.0,headache,S019
13.68,0.27,30.871165532178455,-0.19098559695155962,56.97629794889199,31.63,3.0,headache,S019
0.22,0.27,30.767459831658865,0.018799887477503746,57.02702335041998,31.65,3.0,headache,S019
-10.25,0.27,30.90423665904751,-0.5245665063221313,56.96799019955797,31.65,3.0,headache,S019
15.84,0.27,30.868400864481107,-0.3279227873304193,57.04122774633967,31.65,3.0,headache,S019
-9.15,0.27,31.00823781358872,-0.512400764092299,56.92964280921501,31.65,3.0,headache,S019
-2.05,0.27,30.975475873438484,-0.2783375097469225,56.92563010835273,31.65,3.0,headache,S019
9.63,0.27,30.90787669604025,0.05029838095737609,56.96317820736591,31.65,3.0,headache,S019
-17.0,0.27,30.850308287949144,-0.13735660073446415,56.89622462360766,31.65,3.0,headache,S019
7.42,0.27,31.02869050473248,-0.011197814334736983,57.01338775448341,31.65,3.0,headache,S019
-8.41,0.27,30.774994996909903,-0.011134861090825326,57.000965075251216,31.65,3.0,headache,S019
-8.73,0.27,30.87695723664946,0.03563262901487677,56.991551375533426,31.65,3.0,headache,S019
12.38,0.27,30.75139550157664,-0.24292283498180334,57.01430523177922,31.65,3.0,headache,S019
-18.97,0.27,30.947243513145438,-0.5087579441174936,56.97881260345121,31.65,3.0,headache,S019
12.64,0.27,30.885039312247653,-0.1836285568385411,56.897095980401254,31.65,3.0,headache,S019
0.41,0.27,31.00043178713528,-0.33910302832930683,56.97455443373093,31.65,3.0,headache,S019
-12.64,0.27,30.967362773404453,-0.4325084604396826,56.90780184242177,31.65,3.0,headache,S019
22.49,0.27,30.744420632765383,-0.24792100119980148,56.76867358202311,31.65,3.0,headache,S019
-5.23,0.27,30.71313335616133,-0.3260624566038902,56.83570483567634,31.69,3.0,headache,S019
-10.03,0.27,30.560744018581353,-0.21010204170138597,56.72949416127839,31.69,3.0,headache,S019
11.9,0.27,30.99130010283129,-0.08416271941482502,56.82199868798487,31.69,3.0,headache,S019
-16.97,0.27,31.059455555909754,-0.2447057048695203,56.897608318305444,31.69,3.0,headache,S019
4.83,0.27,30.738296226185156,-0.08543122904883849,56.93969231524278,31.65,3.0,headache,S019
10.77,0.27,30.651025085925227,-0.0021009862622653856,56.96345385382256,31.65,3.0,headache,S019
-20.46,0.27,30.719487499326537,0.024766432920241825,57.078282083224,31.65,3.0,headache,S019
15.45,0.27,30.69446654053698,-0.32591976728124483,56.75899846730914,31.65,3.0,headache,S019
13.32,0.27,31.155470373675367,-0.28096531148340337,56.678616766343026,31.65,3.0,headache,S019
-10.36,0.27,30.337452851990477,-0.2463547393578161,56.88481748894707,31.65,3.0,headache,S019
13.06,0.27,31.026740761074283,-0.13244762958008188,56.71880795191882,31.65,3.0,headache,S019
10.28,0.27,30.83508954024859,-0.30757613754102453,57.050043080683196,31.65,3.0,headache,S019
-17.1,0.27,31.080333363372066,-0.1885813706438156,56.975299499911415,31.65,3.0,headache,S019
12.0,0.27,30.951512664859994,-0.048053858659347186,56.99136744847983,31.65,3.0,headache,S019
3.73,0.27,30.963396928103283,0.028015129855940006,56.82548672154336,31.65,3.0,headache,S019
-10.03,0.27,30.847731735329578,-0.06367872036960628,56.75382920850224,31.65,3.0,headache,S019
15.49,0.27,30.649103549664886,-0.2814334865541375,56.909662453815066,31.65,3.0,headache,S019
-7.47,0.27,30.913328362076726,-0.27805781147704156,57.04506773927529,31.65,3.0,headache,S019
-8.63,0.27,30.97589312159143,-0.1282524927252125,56.96325915870532,31.65,3.0,headache,S019
9.11,0.27,30.884856201791724,-0.3628916345964583,57.147161269097985,31.65,3.0,headache,S019
-14.08,0.27,31.024604685078483,-0.21193273392633694,56.90350650740327,31.63,3.0,headache,S019
7.52,0.27,30.71861096197301,0.09775402488021681,56.73134588099297,31.63,3.0,headache,S019
-4.08,0.27,31.072389165699168,-0.06439386830546238,56.86373345643722,31.63,3.0,headache,S019
-10.16,0.27,30.937716883023448,0.04274870716274158,56.903110770542206,31.63,3.0,headache,S019
11.94,0.27,31.05579365410406,-0.014905048306835094,56.825639107957,31.65,3.0,headache,S019
-21.84,0.27,30.94878225912598,-0.1436764794847479,56.82678978123404,31.65,3.0,headache,S019
7.08,0.27,31.047732236193003,-0.1587454627595265,56.90691148184783,31.65,3.0,headache,S019
-0.12,0.27,30.955058836398965,0.08111110012829502,57.06629914618003,31.65,3.0,headache,S019
-11.13,0.27,31.042626351950815,-0.33788956773534756,56.83259440171479,31.67,3.0,headache,S019
23.8,0.27,30.959348646847445,-0.054030858960381324,56.92265223594642,31.67,3.0,headache,S019
-13.83,0.27,31.038916817397535,-0.03339655739880202,56.88221722842754,31.67,3.0,headache,S019
-5.11,0.27,30.962668717901167,0.04313143236003279,56.950941993562616,31.67,3.0,headache,S019
19.71,0.27,31.03577639133584,-0.04814030532582473,57.0051909281135,31.65,3.0,headache,S019
-17.44,0.27,30.965969825216213,0.05553490305280808,57.001848148024635,31.65,3.0,headache,S019
5.56,0.27,31.031502187998846,-0.0817446525101972,56.99667709871002,31.65,3.0,headache,S019
22.03,0.27,30.974349479335626,-0.06956486556981543,57.00230833053983,31.65,3.0,headache,S019
-17.02,0.27,30.90987960537713,-0.01769688868738027,57.00255255978288,31.65,3.0,headache,S019
-1.74,0.27,30.962837286296853,0.036157489577260706,56.883317734665084,31.65,3.0,headache,S019
23.28,0.27,30.888729076629986,-0.24613110537002503,56.98265816404117,31.65,3.0,headache,S019
-9.3,0.27,30.691994302428817,-0.027634624284440322,57.008706925254884,31.65,3.0,headache,S019
-16.99,0.27,31.134889003437333,-0.0026634712466239185,56.999998222838144,31.63,3.0,headache,S019
19.1,0.27,30.580838985843297,0.010817918792064606,56.951096102173345,31.63,3.0,headache,S019
-6.74,0.27,30.68787907539566,-0.016637732199609914,56.83253737721254,31.63,3.0,headache,S019
-13.48,0.27,30.852907431063635,-0.110953208860686,56.95989767004033,31.63,3.0,headache,S019
23.18,0.27,30.645753093047876,-0.011083656269256928,57.00333288139427,31.65,3.0,headache,S019
-9.59,0.27,30.66305710437202,0.016733789255084282,57.001307164676994,31.65,3.0,headache,S019
-17.11,0.27,30.59184280089224,-0.030524324708285002,56.9996744632773,31.65,3.0,headache,S019
23.7,0.27,30.911045270212856,-0.24569752831888134,56.89286531210768,31.65,3.0,headache,S019
-7.76,0.27,30.88942241687879,0.031358210040192895,56.947543930639775,31.63,3.0,headache,S019
-8.52,0.27,30.882319257429856,-0.059121634515537806,56.891796574432576,31.63,3.0,headache,S019
20.42,0.27,30.85664713619981,-0.21448579196468723,57.028758637915445,31.63,3.0,headache,S019
4.15,0.27,30.982587884328343,0.014033287081561211,56.97610985687332,31.63,3.0,headache,S019
-13.94,0.27,31.010398992673924,-0.013828674807613078,57.0311428353083,31.63,3.0,headache,S019
13.25,0.27,30.683951462763517,-0.11143412419451351,56.872736826074615,31.63,3.0,headache,S019
-8.85,0.27,30.459430974410736,-0.291009834754999,56.981954652902594,31.63,3.0,headache,S019
-10.46,0.27,30.842641520582287,-0.38887922878352144,56.99738428189011,31.63,3.0,headache,S019
13.78,0.27,30.72178143587038,-0.07102954150667391,57.01309109916678,31.65,3.0,headache,S019
-21.96,0.27,30.52730574375459,-0.2019127299810432,56.974561372017675,31.65,3.0,headache,S019
-0.5,0.27,30.699653940809007,-0.4200576781927331,57.049238458937005,31.65,3.0,headache,S019
4.95,0.27,30.92094985218708,0.009669276872280867,56.84629788306751,31.65,3.0,headache,S019
-15.16,0.27,31.013726622988305,-0.4250426311500497,56.84402766181426,31.65,3.0,headache,S019
11.87,0.27,31.00555232296058,-0.04583268230240235,56.88165606078738,31.65,3.0,headache,S019
-7.91,0.27,30.974468585433918,-0.09257573065074938,56.881725649435204,31.65,3.0,headache,S019
4.81,0.27,31.104325141463306,-0.23992129716982447,56.92907863645473,31.65,3.0,headache,S019
19.03,0.27,30.55209186886137,-0.5993163998709635,56.43946638309512,31.63,3.0,headache,S019
-14.09,0.27,30.685511864871295,-0.0839756114092657,56.920577066697895,31.63,3.0,headache,S019
9.06,0.27,30.738279998684646,-0.35938237898174324,56.83841555558542,31.63,3.0,headache,S019
-1.77,0.27,30.607416213901143,-0.33801227842630166,57.02578003239778,31.63,3.0,headache,S019
-20.14,0.27,30.897379678726768,-0.4825492141689754,56.96986896365395,31.65,3.0,headache,S019
21.97,0.27,30.9049884044248,-0.2338427950984543,57.03124841823772,31.65,3.0,headache,S019
-9.39,0.27,30.510347264050235,-0.06522604927619309,56.966246646071035,31.65,3.0,headache,S019
1.29,0.27,30.85772954006381,-0.07339145737180111,56.903886148097115,31.65,3.0,headache,S019
5.7,0.27,30.94288726700908,0.04120305196606559,56.9759094285405,31.65,3.0,headache,S019
-10.99,0.27,30.960651777161,-0.04204034757349031,57.027300541941194,31.65,3.0,headache,S019
17.46,0.27,30.848815398022833,-0.0708444997644578,56.970307929674895,31.65,3.0,headache,S019
-1.79,0.27,30.654704442512394,-0.18250901647310702,57.03287750125704,31.65,3.0,headache,S019
-7.58,0.27,31.030794606482488,-0.13043889072468373,56.96177911062091,31.63,3.0,headache,S019
18.27,0.27,30.945510003636468,0.05145137233519818,57.04956515409025,31.63,3.0,headache,S019
-7.36,0.27,31.05362643952697,-0.03278946683924916,56.905296865521926,31.63,3.0,headache,S019
-4.04,0.27,30.948293076663393,0.02343273063987732,56.94548614266184,31.63,3.0,headache,S019
8.09,0.27,31.05034450404472,-0.01660867179876573,56.861521061001575,31.65,3.0,headache,S019
-14.45,0.27,30.950102981834725,0.00994558601388225,56.87326186042159,31.65,3.0,headache,S019
3.8,0.27,31.05079889104211,-0.0015458056332806893,57.01038802262817,31.65,3.0,headache,S019
-2.31,0.27,30.945782513802445,-0.012139046923347793,57.01106492812362,31.65,3.0,headache,S019
-11.31,0.27,31.06457591820756,0.04416178881657506,56.91095926590764,31.65,3.0,headache,S019
12.47,0.27,30.876014905029933,-0.2771930741136338,56.82276910801407,31.65,3.0,headache,S019
-11.88,0.27,30.96896658180233,-0.18396892962699604,57.00973763920001,31.65,3.0,headache,S019
3.02,0.27,30.95395772640015,0.09249828297366285,56.99257854265628,31.65,3.0,headache,S019
14.29,0.27,30.797382927417978,-0.15528170618314793,57.00752550839835,31.63,3.0,headache,S019
-21.85,0.27,30.996800305128577,-0.04563593752778269,56.97826216087111,31.63,3.0,headache,S019
6.24,0.27,30.79080239790716,-0.35569735541219144,56.770024412937715,31.63,3.0,headache,S019
-0.98,0.27,30.398694674898557,-0.17068255353339026,57.00265870767569,31.63,3.0,headache,S019
-15.01,0.28,30.70896462632215,-0.10710663753807542,56.98558999099386,31.63,3.0,headache,S019
22.03,0.27,30.778611591761877,0.089583596465258,57.02783066765234,31.63,3.0,headache,S019
-17.93,0.27,30.708453620426233,-0.13304672812899518,56.85808496795867,31.63,3.0,headache,S019
-7.6,0.27,30.89469769648545,-0.36443389400378484,56.65522503317195,31.63,3.0,headache,S019
23.45,0.27,30.572713516688182,-0.32385059134316585,56.68212497353544,31.65,3.0,headache,S019
-9.22,0.27,30.770122134930713,-0.11073713218023994,56.918089981201575,31.65,3.0,headache,S019
-2.6,0.28,30.938779529869365,-0.12093808240484556,56.79688986522458,31.65,3.0,headache,S019
21.43,0.28,30.665513514250875,0.019094315510359387,56.93719282522328,31.65,3.0,headache,S019
-12.63,0.27,31.029765601178394,-0.02807118829963266,56.962513541734175,31.63,3.0,headache,S019
-7.22,0.28,30.991802255975124,-0.20729588726917805,56.880017313569944,31.63,3.0,headache,S019
17.01,0.27,30.881750203799328,-0.04695467493323262,57.08679563353427,31.63,3.0,headache,S019
-13.09,0.27,30.820461617123726,0.04873783295934521,56.84277736687198,31.63,3.0,headache,S019
8.32,0.28,31.078524696289612,-0.1052344606694037,56.75765781921074,31.63,3.0,headache,S019
16.3,0.28,30.93584020206542,-0.05589877439657801,56.88663921545145,31.63,3.0,headache,S019
-19.36,0.27,31.061396435951895,0.011998757053822036,56.89637016701768,31.63,3.0,headache,S019
5.04,0.28,30.928660532146125,-0.00867973266136766,56.729933686460534,31.63,3.0,headache,S019
10.51,0.28,30.92672946789508,-0.11631309176000726,56.59815748876964,31.61,3.0,headache,S019
-18.54,0.27,30.97085462687976,-0.09777769517616425,56.87691917119387,31.61,3.0,headache,S019
11.14,0.28,31.03918716398907,-0.047191678876898666,56.849666126225365,31.61,3.0,headache,S019
2.29,0.28,30.952524721509445,0.029323309137016584,56.83496181669215,31.61,3.0,headache,S019
-17.28,0.28,31.063072247280193,-0.023138908441378857,56.86289774395938,31.63,3.0,headache,S019
11.79,0.28,30.86408766498188,0.018205545864954455,56.96682751255207,31.63,3.0,headache,S019
-4.21,0.28,30.834112649334333,-0.010580712071477823,56.90073642133881,31.63,3.0,headache,S019
-9.08,0.28,31.01609597662708,-0.015921446113732564,56.67556149657485,31.63,3.0,headache,S019
20.11,0.28,31.003188739815833,-0.13694869203206775,57.01137072750532,31.63,3.0,headache,S019
-11.55,0.28,30.986748631230135,0.05014396967104118,56.77652423199041,31.63,3.0,headache,S019
-4.45,0.29,31.02442852482747,-0.39952350291082345,56.71446907830061,31.63,3.0,headache,S019
16.59,0.27,30.936381744473625,-0.3210194709286747,56.75864999438676,31.63,3.0,headache,S019
-14.89,0.28,30.792008499704455,-0.28143681759065226,56.88168760766568,31.65,3.0,headache,S019
-0.37,0.28,31.00830272802297,-0.02221645409345369,56.987191177275534,31.65,3.0,headache,S019
10.38,0.28,30.997066155234084,-0.2262631178869313,56.872383820489546,31.65,3.0,headache,S019
-19.59,0.28,31.00067178002879,-0.2372332205232876,57.01882355769228,31.65,3.0,headache,S019
12.19,0.28,30.99988689758541,-0.03960731573454978,56.833659838605676,31.63,3.0,headache,S019
-10.44,0.27,31.000823161757733,-0.03818635712436651,57.093104737227996,31.63,3.0,headache,S019
-8.99,0.28,30.997080196672513,-0.11864794785622479,56.826525160904,31.63,3.0,headache,S019
15.0,0.28,31.00712993518845,0.07647453708390153,56.65289488377637,31.63,3.0,headache,S019
-12.97,0.27,30.984313586027135,-0.09095816809021745,56.9485373678256,31.61,3.0,headache,S019
18.37,0.28,31.0374687439555,-0.16919910220582837,57.059065251847265,31.61,3.0,headache,S019
3.85,0.28,30.825206992862533,-0.20033310117625344,56.79702365069543,31.61,3.0,headache,S019
-15.85,0.28,30.861311735890474,-0.23192128905017767,56.92042968725736,31.61,3.0,headache,S019
19.44,0.28,31.06032253305375,-0.13721650145289824,56.982781118494785,31.61,3.0,headache,S019
-3.19,0.28,30.95948772441841,0.09017024315542176,57.04541736164065,31.61,3.0,headache,S019
-10.46,0.28,31.027133822839804,-0.2161356595257187,56.841070721374976,31.61,3.0,headache,S019
10.75,0.28,30.9985452827758,-0.09274865498932987,57.0419548923351,31.61,3.0,headache,S019
-8.57,0.28,30.942920322815784,-0.09539233742369922,56.63546165475118,31.63,3.0,headache,S019
-0.02,0.28,30.81920970260586,-0.4355449165693156,56.74272334544988,31.63,3.0,headache,S019
17.29,0.28,30.991634454773788,-0.11145750848314065,56.94707859499984,31.63,3.0,headache,S019
-18.87,0.28,30.97019976266849,0.05073572199798733,57.040006116233805,31.63,3.0,headache,S019
6.31,0.28,31.037236701249135,-0.04183423071701667,56.83598037370563,31.63,3.0,headache,S019
4.29,0.28,30.956749822526582,0.04399822905938055,56.85640451421732,31.63,3.0,headache,S019
-11.86,0.28,31.055099625494375,-0.13076517991164005,57.04205155307665,31.63,3.0,headache,S019
14.62,0.28,30.888772160258902,-0.22389770949029406,56.9869560413923,31.63,3.0,headache,S019
-2.22,0.28,30.608983224681804,-0.37222664765208585,56.9668790477442,31.63,3.0,headache,S019
-18.0,0.28,30.82375746722738,-0.1455457814333226,56.751782088106616,31.63,3.0,headache,S019
22.48,0.28,31.03874367828405,-0.10566659867042368,56.81468888144794,31.63,3.0,headache,S019
-6.62,0.28,30.966273714929628,-0.050771313249836074,56.93291484763346,31.63,3.0,headache,S019
-10.27,0.28,31.034258734015463,0.0023953250432891164,56.79779039738496,31.63,3.0,headache,S019
19.68,0.28,30.96388233478854,0.01007333238245945,56.800836894516706,31.63,3.0,headache,S019
-10.53,0.28,31.03858129664292,-0.02302208913818531,56.630152817333645,31.63,3.0,headache,S019
-4.52,0.28,30.958901982037574,-0.15047386507378735,56.648049724476806,31.63,3.0,headache,S019
20.39,0.28,31.04091437412935,-0.13964052933400614,56.93178806221886,31.61,3.0,headache,S019
-12.54,0.28,30.995027662932362,0.27837556148419196,56.739590923167775,31.61,3.0,headache,S019
-4.73,0.28,31.4448278940834,0.8029778193367894,56.103627893524255,31.61,3.0,headache,S019
18.12,0.28,30.720352264173638,-1.0996842347761127,56.70300275298947,31.61,3.0,headache,S019
-15.34,0.28,30.385066615905547,-1.7570881879976217,57.083499793673056,31.61,3.0,headache,S019
3.18,0.28,30.541995229981914,-0.6266191495803133,56.80109245857119,31.61,3.0,headache,S019
10.28,0.28,31.190687385422795,-0.056102618358705045,56.67689017298449,31.61,3.0,headache,S019
-14.35,0.28,31.347593763259106,0.5669573086301415,56.13392447419645,31.61,3.0,headache,S019
11.26,0.28,30.552967858161182,-0.1618453295481174,57.010648737336446,31.61,3.0,headache,S019
1.64,0.28,31.0854099203311,-0.020094626326818528,56.92424706471786,31.61,3.0,headache,S019
-15.35,0.28,30.941583677165017,0.004806039900349931,56.92213989871999,31.61,3.0,headache,S019
12.86,0.28,31.044325690159067,2.365627675687488e-06,57.00308057141491,31.61,3.0,headache,S019
-7.6,0.28,30.964249204380632,-0.0016786633755204686,56.93637360368255,31.61,3.0,headache,S019
-4.8,0.28,31.030084454016347,0.002124883657592547,56.714513129838714,31.61,3.0,headache,S019
12.75,0.28,30.973817168602952,-0.0032535632354759297,56.97986795356681,31.61,3.0,headache,S019
-16.12,0.28,31.023475249487984,-0.13145068315823075,56.98154380597686,31.61,3.0,headache,S019
-6.13,0.28,30.978337176017064,0.02080685364486662,57.02734712395666,31.61,3.0,headache,S019
20.66,0.28,31.020602503272634,-0.046413734192424366,56.96525148927927,31.61,3.0,headache,S019
-12.95,0.28,30.979731943913563,-0.10898008804053216,57.04730686083716,31.61,3.0,headache,S019
-1.48,0.28,31.02076307989404,-0.21949837973547134,56.90548833333295,31.61,3.0,headache,S019
8.9,0.28,30.977586224051215,-0.008711240311025647,56.94828480060617,31.63,3.0,headache,S019
-15.75,0.28,31.026109543364587,-0.026473058260327344,56.87432003483953,31.63,3.0,headache,S019
7.05,0.28,30.96489520299145,-0.09294856186287918,56.48895429262199,31.63,3.0,headache,S019
-0.65,0.28,30.91960501651055,-0.11000281406130027,56.735784551949415,31.63,3.0,headache,S019
-14.46,0.28,30.838067405532854,-0.27956912224308594,56.7338621525029,31.59,3.0,headache,S019
14.72,0.28,30.86491428072767,-0.197410421467388,56.701940580844614,31.59,3.0,headache,S019
-15.86,0.29,31.034992641946555,-0.06534991397414532,56.95188305796596,31.59,3.0,headache,S019
2.12,0.28,30.980969474529193,-0.04036378528882661,56.93052980809407,31.59,3.0,headache,S019
10.05,0.28,31.011992698734286,-0.10469490239773879,56.69800551248901,31.61,3.0,headache,S019
-22.98,0.29,30.992414998875635,0.06964907790703695,56.817547747682596,31.61,3.0,headache,S019
16.68,0.29,31.00396230562431,-0.060197677114386346,56.74873989984809,31.61,3.0,headache,S019
18.92,0.28,30.99995609189415,0.06018904606929205,56.63125391560266,31.61,3.0,headache,S019
-16.04,0.29,30.994357265475692,-0.1460893175158876,56.79938455404736,31.61,3.0,headache,S019
0.52,0.29,31.01757084181979,-0.05325224645354238,56.77992988474504,31.61,3.0,headache,S019
21.74,0.29,30.922323319951996,-0.17832704201208494,56.61548857284372,31.61,3.0,headache,S019
-7.27,0.29,30.81616826922977,-0.26640275670867963,56.56467294711494,31.61,3.0,headache,S019
-12.57,0.29,30.790069073193287,-0.21152053123641765,56.78562616660967,31.61,3.0,headache,S019
15.51,0.29,30.675116800201366,-0.25832288942027887,56.8983941390069,31.61,3.0,headache,S019
-1.67,0.29,31.08738457924997,-0.36871254524898434,56.746898376231215,31.61,3.0,headache,S019
-17.77,0.29,30.921252550541602,-0.2566598914152852,56.8842684304805,31.61,3.0,headache,S019
17.17,0.29,31.04646192472888,-0.22239540699227958,56.73745368504736,31.63,3.0,headache,S019
1.52,0.29,30.95584656719678,0.0402338695343358,57.024342328236244,31.63,3.0,headache,S019
-22.98,0.29,31.048200949656916,-0.2782032933717505,56.824108134674255,31.63,3.0,headache,S019
11.43,0.31,30.940924456663126,-0.06954258368533,56.8809927841742,31.63,3.0,headache,S019
0.1,0.3,31.086674413166243,-0.19330514008754943,56.903959037285226,31.61,3.0,headache,S019
-14.34,0.3,30.537776871337545,-0.48681004810423506,56.75015910882382,31.61,3.0,headache,S019
14.23,0.3,30.739460008158503,-0.38129417716370523,56.855021297250325,31.61,3.0,headache,S019
-12.72,0.3,31.0648152420724,-0.4852425684462467,56.74526044491897,31.61,3.0,headache,S019
-7.98,0.3,30.969042146284217,-0.42874474735059165,56.82333947689241,31.63,3.0,headache,S019
8.58,0.3,31.015127252742857,0.04128491069176898,56.9426994487509,31.63,3.0,headache,S019
-25.59,0.3,30.996359246389265,-0.23863438371190726,56.97670204122999,31.63,3.0,headache,S019
10.39,0.31,30.991076427720934,-0.04558301132529787,57.052538732081835,31.63,3.0,headache,S019
7.68,0.3,31.031229669861855,-0.21483045204241313,56.80567841490731,31.63,3.0,headache,S019
-19.84,0.31,30.694961604969723,-0.3668649756535671,56.87789134739972,31.63,3.0,headache,S019
22.34,0.31,30.87942093239481,-0.30743485818290933,56.868964031097825,31.63,3.0,headache,S019
25.34,0.3,31.022743273127062,-0.415666226541062,56.907299597409086,31.63,3.0,headache,S019
-19.05,0.31,30.83439785407133,-0.5583976587324307,56.954902193545976,31.61,3.0,headache,S019
-3.52,0.31,31.094880326632104,-0.4674271196696617,56.75270868828935,31.61,3.0,headache,S019
27.74,0.31,30.639561812476277,-0.4829736741395293,57.08433385002652,31.61,3.0,headache,S019
-1.47,0.31,30.858729492152758,-0.5674138308498058,56.83943520087203,31.61,3.0,headache,S019
-20.45,0.31,30.935126858203816,-0.1183040758841414,56.797455351988575,31.61,3.0,headache,S019
17.85,0.32,31.030193957502732,-0.27353018230690396,56.93816308277187,31.61,3.0,headache,S019
5.15,0.31,30.974910862672907,-0.19248032158457845,57.00694488499544,31.61,3.0,headache,S019
-28.05,0.32,31.023454485924315,0.1046259618571013,56.86663264118903,31.61,3.0,headache,S019
18.22,0.32,30.977136012775922,-0.24796717486210423,56.98302559280951,31.61,3.0,headache,S019
13.12,0.31,31.02277575654813,-0.031212821043592718,56.879935183958864,31.61,3.0,headache,S019
-23.81,0.32,30.97698259051192,-0.42434493424363257,56.78919198343413,31.61,3.0,headache,S019
17.55,0.32,31.02352625894722,-0.7486465786997129,56.65328015949864,31.61,3.0,headache,S019
18.67,0.32,30.975715896544497,-0.34566466692254894,56.98573422993953,31.61,3.0,headache,S019
-22.73,0.32,31.02529753788111,-0.3657898829363765,56.390890701214786,31.61,3.0,headache,S019
5.04,0.32,30.973407338281447,-0.1642856911395237,56.898612617134916,31.61,3.0,headache,S019
21.01,0.32,31.028216407732764,-0.5210385642520274,56.59970236532851,31.61,3.0,headache,S019
-17.97,0.32,30.969756727781956,-0.5538379557518089,56.67094720131353,31.61,3.0,headache,S019
1.98,0.32,31.03278972845882,-0.1722165651317298,56.773029016040844,31.61,3.0,headache,S019
19.13,0.33,30.96395634366399,-0.08984192232530072,56.805322215942404,31.61,3.0,headache,S019
-20.35,0.32,31.040329328173566,-0.06813674430870864,56.74699284088827,31.61,3.0,headache,S019
6.49,0.32,30.953725543056763,-0.23207638141896034,56.7083768480927,31.59,3.0,headache,S019
3.88,0.32,31.055361099775048,0.048244630358312855,56.35512078587135,31.59,3.0,headache,S019
-19.83,0.32,30.927220959284224,-0.8666404412049273,56.67602103272518,31.59,3.0,headache,S019
14.84,0.32,31.16115327754051,-0.9036428064361071,56.54586281051448,31.59,3.0,headache,S019
15.2,0.32,30.97861142881095,-0.380227905388168,56.578984582805894,31.61,3.0,headache,S019
-27.87,0.32,31.078895166916137,-0.5107636772447423,56.484027156676014,31.61,3.0,headache,S019
4.8,0.32,30.834776772181105,-1.1489970394713231,56.39721054499623,31.61,3.0,headache,S019
24.88,0.32,31.176316355086232,-0.9038371360255368,56.74900531792636,31.61,3.0,headache,S019
-19.26,0.32,31.347179004551148,0.5852289192379341,56.006190301779256,31.61,3.0,headache,S019
-7.13,0.32,30.783106383165723,-0.8511703003307602,56.81562556262637,31.61,3.0,headache,S019
13.5,0.32,31.178884871798942,-0.003164015649193103,56.386815342372195,31.61,3.0,headache,S019
-19.21,0.32,30.878687993068034,-0.14668273259829098,56.92492896894288,31.61,3.0,headache,S019
7.18,0.32,31.365652147510826,0.01953527049921265,55.89564472997927,31.61,3.0,headache,S019
18.04,0.32,31.654042277436126,-0.1786964288317692,56.29662941155064,31.61,3.0,headache,S019
-11.67,0.32,31.12374326288572,-0.22740902368824228,56.5518762353769,31.61,3.0,headache,S019
-0.8,0.32,30.673921453824267,-1.1495972407534545,56.97280158279676,31.61,3.0,headache,S019
23.84,0.32,31.094284296455022,-0.8639394139270086,56.74101010688274,31.61,3.0,headache,S019
-15.79,0.32,30.933924011052877,-0.27681228478810194,56.44035753458119,31.61,3.0,headache,S019
-8.39,0.32,31.054944762911017,-0.5029320776447809,56.64001833924574,31.61,3.0,headache,S019
14.89,0.32,30.944832351149234,-0.2885154250935804,56.69164023756291,31.61,3.0,headache,S019
-13.63,0.32,31.125807314594482,-0.2944941650210279,56.472580590773894,31.57,3.0,headache,S019
3.02,0.32,31.180625570334882,-0.5879691037931265,56.48957826709824,31.57,3.0,headache,S019
13.83,0.32,30.81005352343567,-1.5811489788499897,56.84366187439025,31.57,3.0,headache,S019
-18.67,0.32,31.019553285611714,-0.23404604534911805,56.23934281719025,31.57,3.0,headache,S019
5.25,0.32,31.30020704295901,0.010854370542853552,56.34397552150915,31.59,3.0,headache,S019
12.23,0.32,30.716489337176146,-0.48812521922058605,56.96823080123432,31.59,3.0,headache,S019
-16.08,0.32,31.007567976843042,-1.0753656525719646,56.99652722441002,31.59,3.0,headache,S019
4.34,0.32,30.988445881970915,-0.7780604694576594,56.98629880970643,31.59,3.0,headache,S019
-4.32,0.32,31.009503453841287,-1.0433381891927613,56.6519124590623,31.61,3.0,headache,S019
-4.96,0.32,30.994302014293744,-0.8847966880751982,56.9739680304815,31.61,3.0,headache,S019
11.55,0.32,30.999190723582966,-0.9546898041307735,56.82135043912513,31.61,3.0,headache,S019
-22.3,0.32,31.015614340834944,-0.9867238956042513,56.88358219451686,31.61,3.0,headache,S019
7.01,0.32,30.90879517148093,-1.0256897718194895,56.90159530870992,31.59,3.0,headache,S019
7.37,0.32,30.40370099500741,-1.381919441309927,57.03954579071062,31.59,3.0,headache,S019
-12.18,0.32,31.447883186513838,-0.3790698896735137,56.50006654292385,31.59,3.0,headache,S019
8.27,0.32,30.81620810804309,0.09172726375032832,56.9324247747894,31.59,3.0,headache,S019
-12.44,0.32,31.11728892328476,-0.14217232088346754,56.58440910894854,31.61,3.0,headache,S019
-2.0,0.32,31.595829697284035,-0.7484180643774927,56.24879885168836,31.61,3.0,headache,S019
5.7,0.33,30.89231213651563,-1.0788563951944024,56.52951094072781,31.61,3.0,headache,S019
-18.77,0.33,31.247821147025963,-0.9470174812639566,56.40740658785825,31.61,3.0,headache,S019
14.94,0.32,31.316669251234988,-0.5611968516653607,56.18409419941804,31.61,3.0,headache,S019
-7.01,0.33,30.98641427081295,-0.6198214735737612,56.15786373564766,31.61,3.0,headache,S019
-9.73,0.33,31.002232563976527,-0.6757855324639964,56.347248362069166,31.61,3.0,headache,S019
18.4,0.33,31.114778452302236,-0.28634471642976544,56.07511131242104,31.61,3.0,headache,S019
-11.63,0.33,31.05007236629575,-0.7325578836253046,56.20887411724023,31.57,3.0,headache,S019
1.01,0.33,31.400905425211462,-0.44046247744170336,56.382650301193245,31.57,3.0,headache,S019
14.79,0.33,31.325981842834004,-0.548874235183905,56.331169747526516,31.57,3.0,headache,S019
-18.38,0.34,31.299205155492295,-0.48360074433581896,56.374357589225475,31.57,3.0,headache,S019
-0.54,0.34,31.245748804222004,-0.746203298257839,56.441531996735236,31.57,3.0,headache,S019
11.9,0.34,31.27086802159039,-0.10692046849746226,56.48301241451931,31.57,3.0,headache,S019
-18.76,0.34,31.046892091070017,-0.7513458208288566,56.66873201849254,31.57,3.0,headache,S019
7.72,0.34,31.028232406695935,-0.5610915366703926,56.408610159471685,31.57,3.0,headache,S019
11.26,0.34,31.10189771773421,-1.1902332571876444,56.882816083094916,31.59,3.0,headache,S019
-26.65,0.33,31.04762996511409,-0.003525303931241967,56.699157623847356,31.59,3.0,headache,S019
7.99,0.34,31.09526509654859,-0.5449506907532399,56.46306783603695,31.59,3.0,headache,S019
16.84,0.34,30.958737269220862,-0.8419146756834205,56.72179619357182,31.59,3.0,headache,S019
-18.84,0.34,31.024459276132664,-0.8937521504228795,56.49471626319421,31.59,3.0,headache,S019
12.28,0.35,30.987208868259202,-0.8732852448407261,56.49629869507943,31.59,3.0,headache,S019
18.85,0.35,30.999493017576516,-0.8400390029553461,56.54811670668383,31.59,3.0,headache,S019
-13.88,0.35,31.03365842127733,-0.8115542386384855,56.392230422990686,31.59,3.0,headache,S019
3.48,0.35,31.114412325903416,-0.663377230019134,56.77556492954838,31.59,3.0,headache,S019
12.28,0.35,30.974225112668513,-0.8500550392972918,56.62346759516776,31.59,3.0,headache,S019
-17.84,0.35,31.002579344838047,-0.5459177332464605,56.36405829771156,31.59,3.0,headache,S019
8.76,0.35,31.04926362830111,-0.5180219511888854,56.379765138280604,31.59,3.0,headache,S019
-3.1,0.35,31.242925156401995,-1.125619395796285,56.24644308241912,31.59,3.0,headache,S019
-11.39,0.34,31.146286520733007,-0.795479885276659,56.405070475913575,31.59,3.0,headache,S019
17.64,0.35,31.218972775177125,-0.43550215369052864,56.48188778796404,31.59,3.0,headache,S019
-17.83,0.35,30.93940757609869,-0.7501660612597552,56.70065250329493,31.59,3.0,headache,S019
5.39,0.34,30.589017649793334,-1.5433356557125393,56.848096222426335,31.59,3.0,headache,S019
9.12,0.34,30.97425561980413,-0.04517074741333754,56.42927537816782,31.59,3.0,headache,S019
-22.13,0.34,30.491891428185237,-0.387222123374143,56.917675847117245,31.59,3.0,headache,S019
10.33,0.34,30.840933056475457,-1.151276539472148,56.67942272955172,31.59,3.0,headache,S019
-2.73,0.34,30.542331403056867,-0.9189872329303164,56.90038607091489,31.59,3.0,headache,S019
-2.5,0.34,30.44838091550757,-1.0500357408603052,57.05521489912812,31.59,3.0,headache,S019
22.38,0.34,30.746820541356,-0.9679716065702636,56.89973766086403,31.59,3.0,headache,S019
-12.95,0.34,30.824199052781125,-1.0198572805629547,56.93381374436797,31.59,3.0,headache,S019
5.48,0.34,30.905163194461682,-0.9892736535277288,57.0256023015331,31.57,3.0,headache,S019
21.82,0.34,30.624053155635682,-1.00326098225824,56.98135728611283,31.57,3.0,headache,S019
-13.69,0.34,30.982791888837717,-1.003365568570874,57.01619949063984,31.57,3.0,headache,S019
9.2,0.34,30.893536922238766,-0.9902040764933984,56.98515961428321,31.57,3.0,headache,S019
6.64,0.34,31.082642289039146,-1.0167535716062293,57.01333369270528,31.59,3.0,headache,S019
-9.92,0.34,30.925829132324964,-0.9744475991925773,56.990462215850904,31.59,3.0,headache,S019
10.75,0.35,31.070328604196494,-1.0406370603654571,56.89322065182508,31.59,3.0,headache,S019
-12.9,0.35,30.930947849917672,-0.8524676708786896,56.97415770663588,31.59,3.0,headache,S019
-1.82,0.35,31.06976481169812,-1.0142087457337698,57.019780804029324,31.59,3.0,headache,S019
3.35,0.36,30.927818663364988,-0.9488378905034948,56.98778992790794,31.59,3.0,headache,S019
-16.1,0.36,31.073421845355664,-1.1086844863054988,56.91514537588498,31.59,3.0,headache,S019
14.44,0.35,30.828837641234934,-0.4052680599868041,56.669412679630405,31.59,3.0,headache,S019
-12.56,0.36,31.500573205273273,-1.1081493427992801,56.752711740958844,31.59,3.0,headache,S019
0.41,0.36,31.166187987155784,-0.5138429472557552,56.30341344451325,31.59,3.0,headache,S019
1.33,0.35,31.003110900451706,-0.6757183628073298,56.48051191047684,31.59,3.0,headache,S019
-15.72,0.36,31.114272223545715,-0.993323479508626,56.61506768593425,31.59,3.0,headache,S019
11.78,0.36,30.964067607135267,-0.8860586478062312,56.73308318257708,31.59,3.0,headache,S019
-20.74,0.35,31.016806894788182,-0.9492443202020683,56.585367050647115,31.59,3.0,headache,S019
10.96,0.35,30.99244336063911,-0.8747431261371825,56.954990801160065,31.59,3.0,headache,S019
-2.72,0.36,31.002216237042333,-1.0408115046955877,56.2585451353053,31.59,3.0,headache,S019
4.53,0.35,31.001026439927028,-0.8890366888698703,56.846095120262106,31.59,3.0,headache,S019
16.88,0.35,30.997157910029237,-0.8386496785200835,56.8897288496979,31.59,3.0,headache,S019
-12.53,0.35,31.003344221944865,-0.9995161343051427,57.02287553391836,31.59,3.0,headache,S019
15.52,0.36,30.99796141954691,-1.005080086311936,56.88925725619448,31.59,3.0,headache,S019
9.79,0.35,30.996876157981742,-0.9884301162502505,56.695521295402145,31.59,3.0,headache,S019
-15.52,0.35,31.022112705771374,-1.0242385967692063,56.79504630993355,31.59,3.0,headache,S019
15.17,0.35,30.938301152652652,-1.0892158696233503,56.81157697368881,31.59,3.0,headache,S019
5.59,0.35,30.733613148662876,-1.091446274380448,56.72570817001573,31.59,3.0,headache,S019
-19.88,0.35,30.554221334541193,-1.2568331969458022,56.938345050204894,31.61,3.0,headache,S019
8.56,0.35,30.684954763010037,-0.8455612319445918,56.77135030006281,31.61,3.0,headache,S019
-10.3,0.35,30.27668901805017,-1.3517062951963996,56.28100195294146,31.61,3.0,headache,S019
-19.55,0.37,31.352129696398944,-0.9070852901659893,56.728804661862576,31.61,3.0,headache,S019
15.18,0.37,30.90993921267319,-0.9913289002712721,56.812298131094934,31.59,3.0,headache,S019
-19.12,0.37,31.056398484743912,-0.6723686161287205,56.87612294574736,31.59,3.0,headache,S019
18.13,0.38,30.841575988291734,-1.0649044299690067,56.60751668039457,31.59,3.0,headache,S019
3.89,0.39,31.268287209858723,-0.2101357038990233,56.675073461023544,31.59,3.0,headache,S019
-7.95,0.39,30.978853148029074,0.0007695377029142007,56.3915828032592,31.57,3.0,headache,S019
26.3,0.39,31.026852794412026,-1.0045341355226902,56.876422519400975,31.57,3.0,headache,S019
-17.69,0.39,30.92799213322671,-1.0344028226707018,56.29498231218599,31.57,3.0,headache,S019
-0.23,0.39,31.20405905407302,-1.241303742677095,56.46057978327815,31.57,3.0,headache,S019
19.21,0.39,30.935055887163553,-1.8195589800334389,56.72995704920693,31.61,3.0,headache,S019
-13.73,0.39,31.76675616476848,0.03563329515528707,56.287368586393136,31.61,3.0,headache,S019
3.96,0.38,30.835800609809578,-0.2869819287880573,56.579097606036,31.61,3.0,headache,S019
14.74,0.39,31.16449590593115,-1.3523279989412422,56.53870916316189,31.61,3.0,headache,S019
-19.06,0.38,31.222656296288942,-0.6063487475552423,56.43802151236296,31.61,3.0,headache,S019
10.79,0.38,30.941709384773873,-0.6182063207270666,56.372527994524276,31.61,3.0,headache,S019
-1.99,0.38,31.49958125254771,-0.5211578864593824,56.27941376000476,31.61,3.0,headache,S019
-3.48,0.38,31.082961232619827,-1.4866643114811158,56.51983035823548,31.61,3.0,headache,S019
4.05,0.39,31.403261831931292,-1.0021872557781417,56.41177278983149,31.57,3.0,headache,S019
-14.64,0.39,31.583351023269728,-1.1609533161825891,56.08662857650941,31.57,3.0,headache,S019
9.06,0.4,31.368240355194786,-0.7502244743681377,56.109532625032905,31.57,3.0,headache,S019
-18.28,0.4,31.287810637077467,-1.4007203934651653,56.379782099634355,31.57,3.0,headache,S019
5.89,0.41,31.47517949038552,-1.0601702865405633,56.09827197606447,31.59,3.0,headache,S019
-10.54,0.41,31.78833083611044,-0.22793612234939775,56.12903409671795,31.59,3.0,headache,S019
-9.6,0.42,31.169597571194767,-0.8896223136784964,56.15955845410501,31.59,3.0,headache,S019
4.42,0.41,32.01697595728572,-0.4654748201168354,56.223799320779506,31.59,3.0,headache,S019
-14.76,0.42,31.543443031743468,-0.9638972247209013,56.23705779384671,31.57,3.0,headache,S019
23.63,0.41,31.172947743963643,-1.1925030602089164,56.569021121944516,31.57,3.0,headache,S019
-10.96,0.41,31.5521363585331,-0.8952162123019616,56.05656629607784,31.57,3.0,headache,S019
9.51,0.41,31.696560539757197,-1.1430402615302426,56.18452336538211,31.57,3.0,headache,S019
26.74,0.41,31.48776216468656,-0.7787766620120449,56.14269361843924,31.57,3.0,headache,S019
-13.05,0.4,31.092335926222162,-1.8385884822461664,56.32208292166021,31.57,3.0,headache,S019
-13.46,0.41,32.50828998285959,0.24217777347591155,55.853005350403556,31.57,3.0,headache,S019
30.32,0.41,31.265664735846777,-0.13902453747977112,56.18859059064962,31.57,3.0,headache,S019
1.62,0.4,31.94239588510241,-1.2271956746367643,56.08393523700698,31.57,3.0,headache,S019
-29.99,0.41,31.037562156838906,-1.4572474772072952,56.30050109618283,31.57,3.0,headache,S019
22.63,0.41,31.724589723945527,-1.127208092825335,56.22648532538789,31.57,3.0,headache,S019
15.85,0.41,31.571946093338624,-0.9806843341270596,55.94082806593341,31.57,3.0,headache,S019
-22.55,0.41,31.987049912020222,-0.6803387163876133,56.043990950759934,31.57,3.0,headache,S019
17.65,0.41,31.456754851794688,-0.563706425025151,55.960618286027625,31.57,3.0,headache,S019
18.08,0.4,31.494059592986165,-1.1963646046257925,56.04120763477833,31.57,3.0,headache,S019
-21.62,0.41,31.907543971568558,-0.8532450793739104,55.944939229633604,31.57,3.0,headache,S019
7.52,0.41,31.871475220750195,-1.1243545469745593,56.19457886166313,31.57,3.0,headache,S019
20.33,0.4,31.715869232040525,-0.8872080080614551,56.11452487163855,31.57,3.0,headache,S019
-22.83,0.4,31.55166091144481,-1.109331504011206,55.95137398502626,31.57,3.0,headache,S019
-4.2,0.4,31.89509415289622,-0.8764892036253245,56.09408038713234,31.57,3.0,headache,S019
21.18,0.4,31.49072597177017,-0.84805048672725,56.07448031031179,31.57,3.0,headache,S019
-20.32,0.4,31.45509257108092,-0.7347111719590405,55.957151452774696,31.57,3.0,headache,S019
-6.12,0.4,31.91877671888631,-0.9159244462326691,56.07931951204383,31.57,3.0,headache,S019
13.97,0.39,31.697038275764072,-0.9090775628509539,56.08245424963384,31.57,3.0,headache,S019
-23.13,0.4,32.03997946907785,-1.0685424471409946,55.97779526636094,31.57,3.0,headache,S019
-1.99,0.4,31.971895884581578,-0.935999889338166,56.01211584946312,31.57,3.0,headache,S019
19.34,0.39,32.01982436177986,-1.062305015376161,55.99182415265077,31.57,3.0,headache,S019
-18.96,0.39,31.98570526275665,-0.9383236316532532,56.0061462964897,31.57,3.0,headache,S019
-9.02,0.39,32.01022240119407,-1.0617034445568143,55.9950609046316,31.59,3.0,headache,S019
34.67,0.39,31.99306390966603,-0.9377144934841631,56.00415425470146,31.59,3.0,headache,S019
-4.9,0.39,32.00405854523279,-1.0634360373975866,55.99638795272009,31.59,3.0,headache,S019
-19.26,0.39,31.998652759894007,-0.9347587340653517,56.00322044062056,31.59,3.0,headache,S019
13.54,0.39,31.998617888491946,-1.0678659022736032,55.99707224925856,31.59,3.0,headache,S019
-7.43,0.39,32.00429992912445,-0.9284084170489304,56.00270289060173,31.59,3.0,headache,S019
-22.48,0.39,31.992401290773127,-1.0769070539362915,55.99747385432636,31.59,3.0,headache,S019
14.87,0.39,32.01153715878355,-0.9152805007038737,56.00238447805048,31.59,3.0,headache,S019
3.32,0.39,31.98348409181979,-1.0969200583277343,55.99773103266357,31.57,3.0,headache,S019
-24.77,0.39,32.023239664143425,-0.8817075420346011,56.00217333683169,31.57,3.0,headache,S019
9.32,0.39,31.966862705475116,-1.1663709949303664,55.997906934878635,31.57,3.0,headache,S019
6.7,0.39,32.0497530527933,-0.46318065297173994,56.002024829643254,31.57,3.0,headache,S019
-21.54,0.39,31.914060477824645,-0.3301247951305656,55.9980338533468,31.57,3.0,headache,S019
13.53,0.39,32.054029232309134,-0.5270473894209892,56.00191513166381,31.57,3.0,headache,S019
5.57,0.38,31.47411545366054,-1.1131610168482322,55.998129663869356,31.57,3.0,headache,S019
-24.4,0.39,31.703100491336816,-1.3170633108934746,56.00183063373351,31.57,3.0,headache,S019
13.9,0.39,31.92724662004038,-0.45157424586326994,55.99820486030256,31.57,3.0,headache,S019
3.3,0.39,31.853018832490232,-0.707163045062656,56.0017631525989,31.57,3.0,headache,S019
-26.79,0.38,32.07653142762193,-0.9926385344556518,55.99826588823492,31.57,3.0,headache,S019
12.32,0.39,31.94160862230305,-0.9902903538142581,56.001707565673016,31.57,3.0,headache,S019
18.01,0.38,32.04821986318034,-1.0247104379130911,55.99831685177485,31.55,3.0,headache,S019
-20.84,0.38,31.960491585349246,-0.9250531351760712,56.00166056074585,31.55,3.0,headache,S019
12.09,0.39,32.01058110818998,-0.9235900145815451,55.99836044181662,31.55,3.0,headache,S019
16.44,0.38,31.542239380270956,-1.0021112250752997,56.00161993844042,31.55,3.0,headache,S019
-19.16,0.38,31.616592967449147,-1.0426379852008687,55.99839846594504,31.55,3.0,headache,S019
5.6,0.39,31.93512422678473,-0.6662578580241225,56.00158420566594,31.55,3.0,headache,S019
13.36,0.38,31.872637680143,0.14632594278198094,55.998432163156195,31.55,3.0,headache,S019
-20.74,0.38,31.896008036702636,-0.8013430634732783,56.00155232997606,31.55,3.0,headache,S019
11.61,0.38,32.032455048758706,-0.9059766510722408,55.99846239702786,31.57,3.0,headache,S019
13.43,0.38,31.976422962405746,-0.9820560563043026,56.001523586611,31.57,3.0,headache,S019
-22.53,0.38,32.01893802891793,-1.0083684707686464,55.998489777604966,31.57,3.0,headache,S019
18.21,0.39,31.98540409644352,-0.9948916976801698,56.00149746080596,31.57,3.0,headache,S019
6.02,0.39,32.00864201223024,-1.0036760181747424,55.998514740118544,31.57,3.0,headache,S019
-15.61,0.38,32.003568529593196,-0.9970861341349964,56.001473584049634,31.57,3.0,headache,S019
19.7,0.39,31.932919246590426,-1.002386851103097,55.99853759682904,31.57,3.0,headache,S019
-6.98,0.39,31.909433362053854,-0.9981146864269662,56.00145169174937,31.57,3.0,headache,S019
-10.09,0.39,32.04586982622392,-1.0012729178660387,55.99855857171942,31.57,3.0,headache,S019
15.32,0.4,31.964593598037037,-0.9995830308515176,56.001431594712834,31.57,3.0,headache,S019
-16.18,0.41,32.03039555586063,-0.9991238262754429,55.99857782399812,31.57,3.0,headache,S019
-1.23,0.41,31.9726866154885,-1.002993728671036,56.0014131597413,31.57,3.0,headache,S019
17.71,0.42,32.02537927784031,-0.9930336446609369,55.99859546414179,31.57,3.0,headache,S019
-19.09,0.42,31.974612786378003,-1.0168657753067487,56.00139629636217,31.57,3.0,headache,S019
4.83,0.42,32.03943045670739,-0.9287832048953756,55.99861156486014,31.57,3.0,headache,S019
13.97,0.42,32.23259590338126,-0.5424709833196352,56.00138094778812,31.57,3.0,headache,S019
-20.88,0.43,32.13435165616611,-0.8351118149112444,55.99862616851926,31.57,3.0,headache,S019
6.58,0.42,31.972958156237286,-0.9283085488411967,56.00136708486358,31.57,3.0,headache,S019
3.76,0.43,32.00847501517779,-0.9958155043106784,55.99863929202447,31.57,3.0,headache,S019
-17.75,0.43,32.029562555322606,-1.0326804623303056,56.00135470219196,31.57,3.0,headache,S019
15.88,0.42,31.998024948008872,-0.8206109199567716,55.9986509298113,31.55,3.0,headache,S019
4.52,0.43,32.04968487559707,-0.8693762196845649,56.00134381592589,31.55,3.0,headache,S019
-13.26,0.43,32.081467415142505,-1.055706060058004,55.99866105535086,31.55,3.0,headache,S019
11.39,0.43,31.935535648802304,-0.9687602018255542,56.001334462908595,31.55,3.0,headache,S019
0.81,0.43,32.065710300779074,-0.8903907456253739,55.998669621403465,31.55,3.0,headache,S019
-8.43,0.43,32.06069196889295,-0.8387952400661589,56.00132670100118,31.55,3.0,headache,S019
16.21,0.43,32.13517763514227,-1.0369708852041695,55.99867655911837,31.55,3.0,headache,S019
-9.28,0.43,31.90568904021614,-0.7789587007387103,56.00132061056088,31.55,3.0,headache,S019
-16.9,0.43,32.11706515710105,-0.9253003019891284,55.998681775957195,31.57,3.0,headache,S019
21.25,0.43,32.12473286538931,-0.4158566764096107,56.00131629715246,31.57,3.0,headache,S019
-6.46,0.43,32.239963459845114,-0.5322892878520391,55.99868515229456,31.57,3.0,headache,S019
-5.47,0.43,32.12955168646273,-0.8437258529477856,56.00131389570862,31.57,3.0,headache,S019
20.35,0.44,32.000780114491945,-0.6415158969352792,55.99868653640098,31.55,3.0,headache,S019
-13.78,0.43,31.98716838895505,-0.5253627834381135,56.001313576525874,31.55,3.0,headache,S019
-5.28,0.43,32.044012084229934,-0.6304500233063765,55.998685737314055,31.55,3.0,headache,S019
11.38,0.43,32.09751601834998,-0.4222285856951206,56.001315553720175,31.55,3.0,headache,S019
-13.55,0.43,32.0027991604985,-0.5807975304715093,55.99868251481271,31.55,3.0,headache,S019
1.71,0.43,31.987302387211024,-0.704075264051957,56.0013200971281,31.55,3.0,headache,S019
17.14,0.43,32.01697050048134,-0.759524232481443,55.99867656525673,31.55,3.0,headache,S019
-14.04,0.43,31.98021134567262,-0.8661059909805995,56.00132754921009,31.55,3.0,headache,S019
3.45,0.43,32.022457430519715,-0.740093349181724,55.998667501327596,31.55,3.0,headache,S019
11.14,0.43,31.973096566003637,-1.0050400285886454,56.001338349448204,31.55,3.0,headache,S019
-12.87,0.43,32.14572814397313,-0.8113403447733183,55.998654822487964,31.55,3.0,headache,S019
6.53,0.43,31.984947552237657,-0.5948979462144585,56.00135307032689,31.55,3.0,headache,S019
3.65,0.43,32.01998806025915,-0.9809103122769759,55.99863787087235,31.55,3.0,headache,S019
-18.38,0.43,31.977489371705964,-0.9070818182686425,56.001372471788024,31.55,3.0,headache,S019
14.27,0.43,32.02472792965019,-0.9598584005397759,55.99861576354796,31.55,3.0,headache,S019
-5.48,0.43,31.97274764925593,-0.8970495581830098,56.00139758617949,31.55,3.0,headache,S019
-6.64,0.43,32.030679467116855,-0.553126224049865,55.99858728505691,31.57,3.0,headache,S019
16.47,0.43,31.963757201226166,-0.9974746034633732,56.00142985545869,31.57,3.0,headache,S019
-11.87,0.43,32.048447700836284,-0.6953111440641839,55.99855071047884,31.57,3.0,headache,S019
4.85,0.43,31.843858082515993,-1.0364224318998772,56.00147136182151,31.57,3.0,headache,S019
6.87,0.43,32.03119080293649,-0.4760642301311445,55.998503501339954,31.57,3.0,headache,S019
-13.65,0.43,31.769453663685283,-0.046003174349328595,56.001525233659954,31.57,3.0,headache,S019
13.13,0.43,31.800042956270545,-1.0746277360712986,55.99844175634417,31.57,3.0,headache,S019
-1.63,0.43,32.047530309799384,-0.25308131698698894,56.001596399646154,31.57,3.0,headache,S019
-12.0,0.43,31.93936955400262,-0.46783691863814175,55.998359159494235,31.55,3.0,headache,S019
15.85,0.43,31.89907477087623,-0.799593614855583,56.00169308186066,31.55,3.0,headache,S019
-5.0,0.43,32.02518320669984,-0.6165716545968433,55.998244819337174,31.55,3.0,headache,S019
-8.63,0.43,31.984211167959806,-0.6057610354959044,56.001829990503026,31.55,3.0,headache,S019
6.78,0.43,32.00892038171276,-0.5107176529437254,55.99807843048618,31.55,3.0,headache,S019
-13.78,0.42,31.85815881894071,-0.9696007176015555,56.00203585437661,31.55,3.0,headache,S019
6.32,0.43,32.02622194900783,-0.9178598987322266,55.99781818164095,31.55,3.0,headache,S019
8.71,0.43,31.97711351181096,-0.7851024766099348,56.00237355444759,31.55,3.0,headache,S019
-15.19,0.42,32.0224526495507,-0.9618046699590828,55.9973657657138,31.55,3.0,headache,S019
8.75,0.43,31.97683295886043,-0.8680880081130825,56.00300415545157,31.55,3.0,headache,S019
-4.78,0.43,32.02513914810172,-0.6405547704441248,55.99644145600185,31.55,3.0,headache,S019
-5.48,0.42,31.969138332567482,-0.7968772445585478,56.00445154473377,31.55,3.0,headache,S019
13.18,0.43,31.898786051756673,-0.8719129635738208,55.99395717724224,31.57,3.0,headache,S019
-14.77,0.43,31.98332722927921,-1.0684238239020911,56.00935529633978,31.57,3.0,headache,S019
3.28,0.42,32.02422286797104,-0.6897163862221839,55.98146343408514,31.57,3.0,headache,S019
9.49,0.43,31.9674566640762,-0.5556881292641276,56.07859399221422,31.57,3.0,headache,S019
-14.9,0.43,32.0504065648277,-1.0247705125414084,56.085904478740495,31.53,3.0,headache,S019
16.58,0.42,31.589346820357022,-0.445515935268731,55.941662382745534,31.53,3.0,headache,S019
-2.35,0.42,31.460744871103195,-0.7889887903489383,56.282956986026,31.53,3.0,headache,S019
-8.92,0.43,31.829382280337573,-0.8222791295193191,56.1432107014889,31.53,3.0,headache,S019
12.72,0.42,31.942066677269903,-0.6712259931810768,55.96979720142194,31.55,3.0,headache,S019
-13.48,0.43,32.05059124236787,-0.8845100951395689,56.01820908764319,31.55,3.0,headache,S019
-1.82,0.43,31.881505593832518,-0.799339159932561,55.98577121031628,31.55,3.0,headache,S019
17.03,0.43,31.83983140626792,-1.0579196188935078,56.0131466054041,31.55,3.0,headache,S019
-13.0,0.43,31.764332413595437,-0.8547957859621962,55.9848792615243,31.57,3.0,headache,S019
7.97,0.43,31.69374358057778,-0.8087104654849105,56.13273885686792,31.57,3.0,headache,S019
12.06,0.42,32.05872931739071,-1.122542115743276,55.99876456594522,31.57,3.0,headache,S019
-14.08,0.42,31.65291676128415,-0.7051728078614848,56.00507810196953,31.57,3.0,headache,S019
14.08,0.43,31.912605692089155,-0.8163780875218118,55.993134210565565,31.55,3.0,headache,S019
7.34,0.42,31.723142604015116,-1.0564997325790233,56.00860118607229,31.55,3.0,headache,S019
-7.4,0.42,31.94852063147218,-0.9722664943124099,55.98897448993277,31.55,3.0,headache,S019
6.6,0.43,31.958519863706563,-0.8168188900883815,56.01535972864263,31.55,3.0,headache,S019
1.17,0.43,31.89966625757482,-0.8203255349350177,55.9737990839255,31.55,3.0,headache,S019
-10.85,0.42,32.016442766372066,-0.8453259880354691,56.108371691065884,31.55,3.0,headache,S019
5.06,0.43,31.996546695516933,-1.0407210234093214,56.04502526648774,31.55,3.0,headache,S019
-10.36,0.42,31.998421318437632,-0.9738125803810032,55.982351910143066,31.55,3.0,headache,S019
2.18,0.43,32.004064874990696,-1.0274148926190925,56.010558343043556,31.53,3.0,headache,S019
2.29,0.43,31.97594052618803,-0.8102838442330604,55.99269207873757,31.53,3.0,headache,S019
-6.55,0.43,32.16768017706004,-0.6195591876701919,56.00547373965354,31.53,3.0,headache,S019
6.38,0.42,31.96520368674803,-0.905822830177914,55.99562331361165,31.53,3.0,headache,S019
-13.25,0.43,32.025039593475306,-0.8859392559638332,56.00385592634163,31.53,3.0,headache,S019
-2.27,0.43,31.97890497407395,-0.6357006797244271,55.99577854105213,31.53,3.0,headache,S019
-8.75,0.42,32.01536566647306,-1.0096419474318254,56.00796374328133,31.53,3.0,headache,S019
-3.71,0.43,31.850962499822757,-0.9845603736665353,56.12731094027554,31.53,3.0,headache,S019
7.62,0.43,32.033934044686475,-1.0157558086427236,55.98591486293567,31.55,3.0,headache,S019
-16.52,0.42,31.969559169095145,-0.9844235404529876,56.01366059429684,31.55,3.0,headache,S019
9.55,0.43,32.02977582031449,-1.015387124885565,55.98005625769657,31.55,3.0,headache,S019
-2.89,0.43,31.97002200729504,-0.984734339322767,56.049172313775124,31.55,3.0,headache,S019
0.52,0.42,32.03064790799451,-1.0152245664291646,56.105712563419935,31.53,3.0,headache,S019
9.82,0.42,31.96832142448822,-0.9847331733973432,55.973089491528995,31.53,3.0,headache,S019
-13.89,0.42,32.033067868004515,-1.0153988486619743,56.01605443451101,31.53,3.0,headache,S019
14.55,0.42,31.965117742697043,-0.9843640940495727,55.988219084314856,31.53,3.0,headache,S019
-3.05,0.42,32.037269139284334,-1.0160087099300956,56.00951240390794,31.55,3.0,headache,S019
-6.09,0.43,31.95948280174929,-0.9834222600192306,55.99188400150333,31.55,3.0,headache,S019
23.6,0.42,32.045230700219534,-1.0174731461398412,56.00717768384069,31.55,3.0,headache,S019
-7.18,0.43,31.94708552960798,-0.9809571278081068,55.99348930921078,31.55,3.0,headache,S019
-10.03,0.43,32.06885980757672,-1.0228054227368713,56.00601863557516,31.53,3.0,headache,S019
24.13,0.42,31.857358633003777,-0.8574840652039614,55.99435309937604,31.53,3.0,headache,S019
-2.34,0.43,31.859901889173308,-1.0135148277860102,56.00536235380538,31.53,3.0,headache,S019
-11.66,0.43,31.949602392648966,-0.9789710397347104,55.99485614198957,31.53,3.0,headache,S019
19.86,0.43,31.91298596072642,-1.0327333122300484,56.004977429323986,31.55,3.0,headache,S019
-5.15,0.43,31.99677921866738,-0.8844713249234348,55.9951464030365,31.55,3.0,headache,S019
-15.86,0.43,32.02911151080801,-0.9622916515852232,56.00476588878021,31.55,3.0,headache,S019
19.64,0.43,31.91577242140846,-1.0107596900807596,55.99529006921515,31.55,3.0,headache,S019
4.57,0.43,31.933880919804256,-0.9957422776778017,56.00468290240105,31.55,3.0,headache,S019
-12.55,0.43,31.99216495104962,-1.0025768552760537,55.99531678870148,31.55,3.0,headache,S019
14.39,0.43,32.10351227148068,-0.9912568892737974,56.00471031481,31.55,3.0,headache,S019
4.93,0.43,32.04381987429209,-0.7602390401507815,55.995235349643956,31.55,3.0,headache,S019
-11.62,0.43,31.98507783800304,-0.9992341282264257,56.004847659729286,31.51,3.0,headache,S019
-0.18,0.43,32.12268073353029,-0.9950711347207952,55.99503809058687,31.51,3.0,headache,S019
16.19,0.43,32.01498062586358,-1.0062676181704244,56.00511132668457,31.51,3.0,headache,S019
-10.84,0.43,31.983084820139087,-0.9929707612927922,55.99469840549816,31.51,3.0,headache,S019
0.48,0.43,32.021009929971676,-1.0076605563956387,56.00554078526141,31.51,3.0,headache,S019
1.62,0.43,31.972563717159694,-0.991706862104425,55.99415961977347,31.51,3.0,headache,S019
-15.59,0.43,32.15013743764716,-1.0090011739521618,56.006216953501564,31.51,3.0,headache,S019
10.54,0.43,31.975757592624472,-0.9901477496861871,55.993304910386854,31.51,3.0,headache,S019
-9.43,0.42,32.03468468009215,-1.0109289866507276,56.00731283798263,31.53,3.0,headache,S019
-3.22,0.43,31.95198386940147,-0.9876218907797294,55.99186670602806,31.53,3.0,headache,S019
9.54,0.43,32.085363808494726,-1.0149495566385034,56.009275585252645,31.53,3.0,headache,S019
-17.08,0.43,32.05723565349391,-0.8705458252991272,55.988956857549134,31.53,3.0,headache,S019
6.38,0.43,32.05256523683317,-0.9640117541630485,56.01514467398062,31.55,3.0,headache,S019
-5.87,0.43,31.910596105387135,-0.833243209994388,56.13004750774845,31.55,3.0,headache,S019
-12.49,0.43,31.005076848289026,-2.1497875427712425,56.40210663073722,31.55,3.0,headache,S019
4.57,0.43,32.7535952862631,-0.0853302770141624,55.69674013928395,31.55,3.0,headache,S019
-13.54,0.43,31.262037019085003,-0.8737211499209341,56.32055504072827,31.53,3.0,headache,S019
8.21,0.42,31.746178146551163,-1.7250079750127194,56.09759611790126,31.53,3.0,headache,S019
-7.69,0.43,31.691469787835995,-0.6144519643963986,55.939616065905675,31.53,3.0,headache,S019
-6.23,0.43,31.595197512446184,-0.999684931370891,56.10806908960844,31.53,3.0,headache,S019
20.9,0.42,31.666554623136417,-1.2833501797056701,56.17543625955388,31.55,3.0,headache,S019
0.13,0.43,32.10863484409193,-0.5301939250881598,55.9941467839683,31.55,3.0,headache,S019
-8.21,0.43,31.94854968055461,-0.9753076785318957,56.00210517625048,31.55,3.0,headache,S019
21.38,0.43,32.03465856049361,-0.9391940633803765,55.99925333912171,31.55,3.0,headache,S019
-5.55,0.43,31.975053811820548,-1.0382829495670673,56.00024476297921,31.55,3.0,headache,S019
-4.48,0.43,32.018453011284855,-0.9736454809658275,55.99991133877793,31.55,3.0,headache,S019
13.39,0.43,31.98630054467818,-1.0186554553276481,56.000088698234485,31.55,3.0,headache,S019
-8.4,0.42,32.00998897535007,-0.9869560859935539,55.99983503511969,31.55,3.0,headache,S019
3.23,0.43,31.99305344325141,-1.0085443639287754,56.00028078420979,31.57,3.0,headache,S019
12.4,0.43,32.00434872956636,-0.9953738573868187,55.99958153429412,31.57,3.0,headache,S019
-10.69,0.43,31.997949877247173,-1.0009517292985122,56.000569386854245,31.57,3.0,headache,S019
4.4,0.43,31.999947400696136,-1.0027341203163778,55.99927042992117,31.57,3.0,headache,S019
8.87,0.43,32.00204093388579,-0.9933330900530674,56.00089758371556,31.53,3.0,headache,S019
-13.16,0.42,31.996011858952087,-1.011112881628034,55.99892649193904,31.53,3.0,headache,S019
11.73,0.43,32.00597145123468,-0.9835684352253888,56.00125842643212,31.53,3.0,headache,S019
0.09,0.43,31.99191227387429,-1.023184512607225,55.99854580346855,31.53,3.0,headache,S019
-11.32,0.42,32.01048082420171,-0.967628505587952,56.00166338901355,31.51,3.0,headache,S019
9.71,0.43,31.986598562686442,-1.0460510582141749,55.99811065550372,31.51,3.0,headache,S019
-5.96,0.42,32.01736665789205,-0.93058740998743,56.002136336698044,31.51,3.0,headache,S019
-5.55,0.42,31.97629221923908,-1.1210630901800849,55.99759014385262,31.51,3.0,headache,S019
15.62,0.42,32.03748628162225,-0.2881711780126322,56.002717056937215,31.49,3.0,headache,S019
-7.59,0.42,31.873984426951207,-0.7257886428197384,55.996932551312426,31.49,3.0,headache,S019
-4.87,0.42,31.988236985873776,-0.8654099938086043,56.00347398282161,31.49,3.0,headache,S019
13.22,0.42,31.8086908159673,-0.21681695890152058,55.99604519360703,31.49,3.0,headache,S019
-15.74,0.43,31.86916293282245,-1.1322993425762726,56.0045362026163,31.53,3.0,headache,S019
-0.05,0.42,31.939345778570036,-0.8340606997348933,55.99474224501642,31.53,3.0,headache,S019
12.39,0.43,31.896487893683663,-0.814138943048624,56.00618193445271,31.53,3.0,headache,S019
-13.62,0.43,31.842343942002575,-0.8693192315314299,55.99258689457835,31.53,3.0,headache,S019
6.43,0.43,31.662197312485933,-0.9708753640890385,56.00913809546107,31.53,3.0,headache,S019
12.84,0.43,31.97672725136399,-0.01786127270664583,55.9882816383584,31.53,3.0,headache,S019
-17.67,0.43,32.03665663972971,-0.6311033730171178,56.01587137920175,31.53,3.0,headache,S019
1.78,0.43,31.801506122390666,-1.0867583386227917,55.97880889735742,31.53,3.0,headache,S019
2.58,0.42,31.602102203890638,-0.9371100737975927,56.31522721804932,31.53,3.0,headache,S019
-11.11,0.43,31.893256165777725,-0.9297061312492105,56.092920556006995,31.53,3.0,headache,S019
7.66,0.43,32.136043426913,-0.6182871331969149,55.966921772805925,31.53,3.0,headache,S019
-4.08,0.43,32.14258875066161,-0.5145775228817544,56.020061184053425,31.53,3.0,headache,S019
-8.59,0.43,32.02401907470705,-0.9054581492401798,55.98551099016876,31.51,3.0,headache,S019
13.44,0.43,31.96166343954265,-0.9136396093007318,56.011437987406914,31.51,3.0,headache,S019
-12.98,0.43,32.3195833861094,-0.8138778814104765,55.99044689477413,31.51,3.0,headache,S019
-6.66,0.43,32.085380878512424,-0.20582495511021265,56.008328254271895,31.51,3.0,headache,S019
13.88,0.43,31.995280972183473,-0.7349791535545511,55.992441887884716,31.51,3.0,headache,S019
-11.22,0.42,31.98620414613716,-0.13010911728505298,56.00720051405585,31.51,3.0,headache,S019
4.38,0.43,32.029551548603926,-0.5276654982794282,55.99259784948832,31.51,3.0,headache,S019
13.64,0.43,32.03742040183144,-0.45378579649795653,56.00881779541175,31.51,3.0,headache,S019
-14.42,0.42,32.07432177294499,-0.5494908246883132,55.985317091960624,31.53,3.0,headache,S019
11.15,0.43,32.453306878855976,-0.6420602247233465,56.0677192046683,31.53,3.0,headache,S019
9.32,0.43,32.469989368225015,-0.49796412477522134,56.136032656731714,31.53,3.0,headache,S019
-17.5,0.42,31.36389486492325,-0.8597019229796581,56.2112587399645,31.53,3.0,headache,S019
10.09,0.43,32.354432246074374,-0.7639028183579678,55.94391994329103,31.51,3.0,headache,S019
-2.83,0.43,32.026280274280715,-0.5665840948104744,56.10338811180913,31.51,3.0,headache,S019
-8.64,0.42,32.632299497562414,-0.8180951614445248,56.0623869335972,31.51,3.0,headache,S019
10.74,0.42,32.56588305340824,-0.8794309453449088,55.97338384299576,31.51,3.0,headache,S019
0.33,0.42,32.44556248959313,-0.9539049215287217,56.02649968637841,31.51,3.0,headache,S019
15.09,0.42,32.74974379753918,0.09775968259334616,55.9459117927344,31.51,3.0,headache,S019
-4.73,0.42,32.51449328691937,-0.5139046555185608,55.897642787157295,31.51,3.0,headache,S019
-7.84,0.42,32.70203418172989,-1.0494343224396487,56.025245335285625,31.51,3.0,headache,S019
5.15,0.42,32.16168088464921,-1.5575104916447946,55.985362269625604,31.53,3.0,headache,S019
-7.18,0.41,32.59215836092129,-0.606960242884194,56.010344209608746,31.53,3.0,headache,S019
2.56,0.42,32.468937986663605,-0.43426588138253414,55.99230395201987,31.53,3.0,headache,S019
1.43,0.42,32.72802891105459,-0.786714792330785,56.00520172078826,31.53,3.0,headache,S019
-9.58,0.42,32.625409424064266,-1.0419585780367187,55.99911203584716,31.51,3.0,headache,S019
11.93,0.42,32.60156760718448,-0.8336259895925906,55.87847967771772,31.51,3.0,headache,S019
-1.89,0.42,32.20465967066757,-1.047870661640087,56.00042359259096,31.51,3.0,headache,S019
-1.91,0.42,32.63810281329057,-0.9654195110215665,55.82210995315003,31.51,3.0,headache,S019
11.23,0.42,32.38684939618404,-0.9719652057788013,55.856056857447186,31.53,3.0,headache,S019
-10.43,0.42,32.71820457655793,-0.8645520886240483,55.951607893541286,31.53,3.0,headache,S019
-0.85,0.42,32.488372703413496,-1.1056492044644792,55.950059450553205,31.53,3.0,headache,S019
6.17,0.42,32.49933809394802,-0.8520574938763232,55.901863238591446,31.53,3.0,headache,S019
-9.86,0.42,32.568828445752814,-0.731676433432448,56.01762144782153,31.51,3.0,headache,S019
8.01,0.42,32.2153531528168,-0.7060624998937557,55.99577799186535,31.51,3.0,headache,S019
0.79,0.42,32.453741919984715,-1.07448185632432,55.99632338019817,31.51,3.0,headache,S019
-13.53,0.43,32.680434735692366,-0.7652478706085503,56.013576281609375,31.51,3.0,headache,S019
5.19,0.43,31.99357638854046,-0.8017985643765635,55.954480844052135,31.51,3.0,headache,S019
0.91,0.42,32.8778901192433,-0.5222989243054733,55.88994041127271,31.51,3.0,headache,S019
-7.23,0.43,32.548502845284936,-0.7071144475015008,55.87387251613427,31.51,3.0,headache,S019
10.63,0.43,33.09946033479555,-1.0480820358505358,55.83760863803696,31.51,3.0,headache,S019
-4.29,0.43,32.79954314520426,-0.9478121452685028,55.92933110368098,31.51,3.0,headache,S019
-4.91,0.43,32.598482717828276,-0.5547373097761094,56.005195559569756,31.51,3.0,headache,S019
9.05,0.43,32.649822638204704,-0.597783864620971,56.00039567590592,31.51,3.0,headache,S019
0.61,0.42,32.2915602351914,-0.7143401737861794,55.998494015908726,31.51,3.0,headache,S019
-8.84,0.42,32.2734971142446,-0.5990466219315834,56.00149738696101,31.49,3.0,headache,S019
4.06,0.42,32.75465825020461,-0.7439437359253045,55.9990203137065,31.49,3.0,headache,S019
-7.03,0.42,32.39753334560719,-0.9652780990674222,56.00000142599904,31.49,3.0,headache,S019
-8.02,0.42,32.8051196200982,-0.8887374929442576,56.00172104563564,31.49,3.0,headache,S019
10.08,0.42,32.51488007318169,-0.931971030430958,55.994819697831346,31.49,3.0,headache,S019
-6.51,0.42,32.6977018310842,-0.9222563680197858,56.014725634143105,31.49,3.0,headache,S019
-0.81,0.42,32.76819391252486,-0.6957319681212835,55.9034736074922,31.49,3.0,headache,S019
11.36,0.42,32.918829790678984,-0.18910600466335264,55.93994466129589,31.49,3.0,headache,S019
-8.09,0.41,32.36043279564514,-1.0255472241754913,56.0438346004927,31.49,3.0,headache,S019
-3.37,0.41,32.469884644712494,-1.0794894149364542,55.90003407241396,31.49,3.0,headache,S019
9.17,0.41,32.313902724239796,-1.0247730761671547,55.93480454947938,31.49,3.0,headache,S019
-9.62,0.41,32.69230405179701,-0.927726414518977,56.035044493196295,31.49,3.0,headache,S019
-2.08,0.41,32.958643944408834,-0.26436979366812174,55.86712645433668,31.47,3.0,headache,S019
5.53,0.41,32.70389743100169,-0.8802619918448741,55.996416504951746,31.47,3.0,headache,S019
-14.99,0.4,32.84150549519004,-1.0622049770949498,55.92860110269145,31.47,3.0,headache,S019
9.96,0.41,32.52377518151839,-0.9479201902515535,55.91416952327195,31.47,3.0,headache,S019
-5.5,0.4,32.859194718251516,-1.0488522693901228,56.04582938186935,31.49,3.0,headache,S019
-11.25,0.41,32.684737091732565,-0.9521061180250066,55.959677423713295,31.49,3.0,headache,S019
21.15,0.4,32.937365723952176,-1.0481067760901843,56.04579263016304,31.49,3.0,headache,S019
-7.47,0.4,32.9265879204671,-0.950751133378884,55.851419583963164,31.49,3.0,headache,S019
-7.43,0.4,32.82877915386018,-1.0515408698222497,56.008279202844015,31.49,3.0,headache,S019
15.55,0.4,32.77266955617159,-0.9439991018105023,55.9719810970042,31.49,3.0,headache,S019
-5.93,0.4,32.4888436134207,-1.0671132802184906,56.04915139865057,31.49,3.0,headache,S019
-8.11,0.4,32.7837493964628,-0.8483679343507019,55.8378354586398,31.49,3.0,headache,S019
20.32,0.4,32.569523736338574,-0.9996712822639244,55.76353979845146,31.49,3.0,headache,S019
-11.23,0.4,32.43152696953018,-0.9733981503616351,55.925009644192095,31.49,3.0,headache,S019
-3.24,0.4,32.51781432120741,-1.0345218741856226,55.91992060015063,31.49,3.0,headache,S019
22.73,0.4,32.70158507144373,-0.9610166359697054,56.042919996256934,31.49,3.0,headache,S019
-13.87,0.4,32.799092166778394,-1.0423711057909633,55.79433325222984,31.49,3.0,headache,S019
-1.79,0.4,33.09025202756624,-0.9545405115564446,55.87671983916794,31.49,3.0,headache,S019
22.5,0.4,32.71422391023272,-1.0486539323430557,55.92993699454691,31.49,3.0,headache,S019
1.42,0.4,32.94021842888726,-0.9476902665121953,55.77132714247461,31.49,3.0,headache,S019
-13.0,0.4,32.599837392385346,-1.056944754936829,55.837395564724375,31.47,3.0,headache,S019
18.7,0.4,32.65650001397574,-0.9363002833091132,55.94559000142384,31.47,3.0,headache,S019
-9.37,0.4,32.512282262819014,-1.0764372744352575,55.78133401750354,31.47,3.0,headache,S019
-9.22,0.39,32.59717544440262,-0.8730545067157832,56.08506145238172,31.47,3.0,headache,S019
20.59,0.4,32.598327192815454,-0.971620328745915,55.738716788459534,31.49,3.0,headache,S019
-10.27,0.4,33.00631171156471,-0.9652799763569945,55.754758427316524,31.49,3.0,headache,S019
-5.57,0.4,32.83794222277775,-1.0511091545082698,55.94957655551623,31.49,3.0,headache,S019
22.86,0.41,32.62811024216762,-0.9372554743386394,56.029207813561094,31.49,3.0,headache,S019
-7.08,0.41,32.676587603546274,-1.074875518290035,55.966449048194974,31.47,3.0,headache,S019
-10.46,0.42,32.59777974081705,-0.9092415304079478,56.05392725550071,31.47,3.0,headache,S019
16.14,0.42,32.80130243707043,-1.116909776108484,55.739149391263844,31.47,3.0,headache,S019
-0.67,0.43,32.76250169323138,-0.8118777428994963,55.64901187649849,31.47,3.0,headache,S019
-19.63,0.43,33.092274711353994,-0.778568590509215,55.90371097992977,31.49,3.0,headache,S019
15.05,0.43,32.58039117819257,-0.8736776640696411,55.890302013179564,31.49,3.0,headache,S019
0.46,0.43,32.12248366351303,-1.5168142366339938,56.06822248596074,31.49,3.0,headache,S019
-12.27,0.43,32.765170705120035,-1.4288823064821268,55.82802715613626,31.49,3.0,headache,S019
11.14,0.43,32.47358592375759,-1.1514844942733253,56.049540374857706,31.49,3.0,headache,S019
-11.25,0.43,33.2708068253788,-0.18613826347633308,55.472452439355145,31.49,3.0,headache,S019
-10.56,0.43,32.54062557340824,-0.3220328202338302,55.61913333346036,31.49,3.0,headache,S019
13.6,0.43,32.787783057482685,-1.177907711914503,55.89710029571094,31.49,3.0,headache,S019
-13.41,0.43,33.024006165681236,-0.8911478782801883,55.950479116846175,31.51,3.0,headache,S019
-6.67,0.43,33.00253016583826,-1.0786689431403624,55.93270163128317,31.51,3.0,headache,S019
11.77,0.43,32.98341997360808,-0.9387315683098723,55.89300183138338,31.51,3.0,headache,S019
-10.05,0.43,33.03204103273351,-1.0498155360725647,55.94883507347818,31.51,3.0,headache,S019
-3.88,0.43,32.916659064588984,-0.95832583590984,55.782269088524956,31.49,3.0,headache,S019
14.09,0.44,32.927291595391424,-1.0355916225094421,55.87236927478234,31.49,3.0,headache,S019
-14.24,0.44,33.011526232388505,-0.9691144942270888,55.8383356352886,31.49,3.0,headache,S019
3.79,0.45,33.00221150776298,-1.0271405602717814,55.92348813047127,31.49,3.0,headache,S019
6.55,0.46,32.98989627671097,-0.9759334396436097,55.87146409011532,31.49,3.0,headache,S019
-14.43,0.46,33.016995198529585,-1.0213928033239221,55.597454820327485,31.49,3.0,headache,S019
13.2,0.47,32.974720997339524,-0.9813518730104006,55.94214381394352,31.49,3.0,headache,S019
-1.32,0.47,33.03934530168562,-1.0136306997696016,55.88877180441189,31.49,3.0,headache,S019
-16.69,0.47,33.007819630954586,-0.7316233362220634,55.79715208396342,31.49,3.0,headache,S019
19.73,0.47,32.97850861736927,-1.0251045848367641,55.72879115800091,31.49,3.0,headache,S019
-10.58,0.47,32.89196788499682,-0.9767031762146098,55.84488391525122,31.49,3.0,headache,S019
-6.22,0.47,32.9779251021752,-1.0235633149908479,55.729990433894166,31.49,3.0,headache,S019
9.27,0.46,32.92234000936674,-0.9748234409111795,55.839221200985385,31.49,3.0,headache,S019
-13.28,0.46,32.939624525680905,-1.0283748946524696,55.773327708189754,31.49,3.0,headache,S019
12.24,0.47,32.949294050317114,-0.965950226413642,55.50571478446035,31.49,3.0,headache,S019
9.07,0.46,32.90453839775741,-1.0444998518213453,55.854843710244374,31.49,3.0,headache,S019
-23.66,0.46,33.04875701019398,-0.9329616270735221,55.792779338110776,31.49,3.0,headache,S019
17.93,0.46,32.96103285252117,-1.1477542910379446,55.83053248049314,31.49,3.0,headache,S019
5.46,0.46,32.7069149346645,-0.7958585317563845,55.85779547035723,31.49,3.0,headache,S019
-15.59,0.46,32.80137073543342,-0.5844183969477896,55.97030727937224,31.49,3.0,headache,S019
15.93,0.47,33.02682241557556,-0.6448183437933422,55.86946467678812,31.47,3.0,headache,S019
7.04,0.46,32.96547296821852,-0.9828098758862747,55.83320236564605,31.47,3.0,headache,S019
-14.97,0.46,33.04044995361836,-1.0205897336359842,55.49478501728269,31.47,3.0,headache,S019
2.6,0.46,32.946565474213045,-0.9819532862392945,55.51492309679013,31.47,3.0,headache,S019
12.19,0.46,32.819885164770554,-1.0147850538966894,55.89876616398633,31.47,3.0,headache,S019
-15.81,0.45,32.8208737832927,-0.9887231324795008,55.863696906618344,31.47,3.0,headache,S019
13.35,0.46,32.87269417989782,-1.0072983294084685,55.891114889831144,31.47,3.0,headache,S019
11.01,0.45,32.98177692238394,-0.9976720861573634,55.89323413120593,31.47,3.0,headache,S019
-16.68,0.45,32.87634484547451,-0.9953723527820116,55.94335964859164,31.47,3.0,headache,S019
15.35,0.45,33.062693566973536,-1.0158226472130027,55.79444436598334,31.47,3.0,headache,S019
12.55,0.45,32.93900549094506,-0.9616211462781767,56.03199400672841,31.47,3.0,headache,S019
-19.63,0.44,33.135236753257395,-1.129660805516132,55.87915615694253,31.47,3.0,headache,S019
9.61,0.45,32.90512258239274,-0.8816180662601086,55.97354897498666,31.49,3.0,headache,S019
6.09,0.44,32.186184306146394,-0.8007386146359557,55.90039033640064,31.49,3.0,headache,S019
-15.25,0.44,32.69238647875892,-1.1967659607068,55.79567429875606,31.49,3.0,headache,S019
11.4,0.44,32.620935806827255,-0.9111657182523106,55.92078703634682,31.49,3.0,headache,S019
-2.5,0.44,32.51890229201496,-1.1949592286518298,56.012299406463626,31.49,3.0,headache,S019
-26.86,0.44,32.31389583819354,-1.1575659682891053,55.99469470568913,31.49,3.0,headache,S019
14.07,0.45,32.55401998856776,-1.0238834623901663,56.00306864585909,31.49,3.0,headache,S019
-6.94,0.46,32.490182640329564,-0.9534561318228267,55.99805821460838,31.49,3.0,headache,S019
-2.32,0.47,32.14863563618805,-1.0651015660043899,56.00110258719192,31.47,3.0,headache,S019
20.34,0.47,32.13259438317527,-0.8438773402910323,55.999793900927486,31.47,3.0,headache,S019
-5.63,0.48,32.55430595300931,-1.0122429309635732,55.99892633472516,31.47,3.0,headache,S019
3.63,0.49,32.38462618889504,-0.9437112652206696,56.00345484713089,31.47,3.0,headache,S019
3.57,0.48,31.989913718066987,-1.1793557335628906,55.98958060523301,31.47,3.0,headache,S019
-10.33,0.48,32.52392669981062,-1.1259165172749035,55.875908607885464,31.47,3.0,headache,S019
8.91,0.49,31.964037393666302,-0.9762698511520483,56.008989067059,31.47,3.0,headache,S019
4.65,0.49,32.024836042438004,-1.0090023631108855,56.00040375953738,31.47,3.0,headache,S019
-15.2,0.48,32.01641993813574,-0.9764627403463165,55.98065363386752,31.49,3.0,headache,S019
5.81,0.48,32.37692338880524,-0.7577468530990371,55.87220813069285,31.49,3.0,headache,S019
-10.3,0.48,32.340282176109405,-1.0325424961423453,56.032742226032205,31.49,3.0,headache,S019
-5.66,0.47,32.30105063216256,-0.8935227668937615,55.976100916655334,31.49,3.0,headache,S019
11.34,0.47,32.38097679378895,-0.7716478994632517,56.02097759880979,31.49,3.0,headache,S019
-18.73,0.47,32.72937367801303,-0.6302290499609864,55.98019971336708,31.49,3.0,headache,S019
2.71,0.47,32.16178301892791,-1.1909195007674083,56.01920106020803,31.49,3.0,headache,S019
1.47,0.47,32.51292073439993,-1.641591354053386,55.982209658369506,31.49,3.0,headache,S019
-17.3,0.47,32.78135461043614,-0.9642332247761882,55.897871573708855,31.49,3.0,headache,S019
20.04,0.46,32.60034350846437,-1.1501817117782236,55.97407235486684,31.49,3.0,headache,S019
-0.68,0.46,32.55692386893803,-1.4502914326880036,56.000960681670726,31.49,3.0,headache,S019
1.8,0.46,33.032973860796126,-0.9805075243079042,55.39364756569663,31.49,3.0,headache,S019
12.91,0.46,32.40062926697308,-1.1420552750953823,55.76802351866255,31.49,3.0,headache,S019
-19.95,0.46,32.90796164575078,-0.3781022970796964,55.80759700415603,31.49,3.0,headache,S019
6.22,0.46,32.73810468690693,-0.7234511326485824,55.69993943581396,31.49,3.0,headache,S019
-2.5,0.46,32.50561870017885,-0.9058447793826294,55.91910073108854,31.49,3.0,headache,S019
-18.24,0.46,32.688758558409106,-1.1178756091983955,55.80339213422435,31.45,3.0,headache,S019
22.56,0.45,32.55501066797692,-1.046520420572293,55.93869265794745,31.45,3.0,headache,S019
-9.31,0.46,32.619818007369055,-0.9912560022630506,55.771528322322965,31.45,3.0,headache,S019
-0.01,0.45,32.85807943629302,-1.0021659687731064,56.04465958557087,31.45,3.0,headache,S019
21.87,0.45,32.95907299012262,-0.9974858806573735,55.844695489722575,31.47,3.0,headache,S019
-8.32,0.45,32.88490061001517,-1.0111383842938673,56.028838973659454,31.47,3.0,headache,S019
-1.27,0.45,32.72115299078747,-0.924317595478999,55.78199881856105,31.47,3.0,headache,S019
25.36,0.45,33.0251652553452,-0.9164868850305253,55.68928416930606,31.47,3.0,headache,S019
-9.88,0.45,32.97752714802786,-1.0439140731539487,55.65070629256477,31.47,3.0,headache,S019
-11.72,0.45,33.03018017197961,-0.9649094958607464,56.026053096305816,31.47,3.0,headache,S019
19.19,0.44,32.90598079114355,-1.0305413227740663,55.54365113879604,31.47,3.0,headache,S019
0.21,0.45,32.93353440957014,-0.9750502022065414,55.75533975066552,31.47,3.0,headache,S019
-9.21,0.45,33.029525536270995,-0.9976937110936079,55.959307092620094,31.47,3.0,headache,S019
14.58,0.44,32.97365566728132,-0.48302152402451864,55.7288177897689,31.47,3.0,headache,S019
-6.37,0.44,33.03640533493444,-0.8874692674632878,55.981046585838364,31.47,3.0,headache,S019
-13.23,0.44,32.89630828992038,-1.0399704676724026,55.99303576899655,31.47,3.0,headache,S019
14.51,0.43,32.663372212230804,-0.8596728634054513,56.01835435646636,31.49,3.0,headache,S019
-8.66,0.43,32.81864941308606,-0.8170102786515236,55.963960156586,31.49,3.0,headache,S019
-3.1,0.44,32.96898583776785,-1.0891423470045998,55.92518419390217,31.49,3.0,headache,S019
10.76,0.43,32.90928793537685,-0.92754587223801,55.80545214603115,31.49,3.0,headache,S019
-21.95,0.43,32.95251573429976,-1.0670010237138212,55.688320074752504,31.47,3.0,headache,S019
8.23,0.43,33.033672513185834,-0.9345233932504495,55.923432183604326,31.47,3.0,headache,S019
12.5,0.44,32.970775814189146,-1.065984581753368,55.75421861228212,31.47,3.0,headache,S019
-17.56,0.44,33.0267329502648,-0.9321154408343088,55.62214470818504,31.47,3.0,headache,S019
3.88,0.45,32.975813878631286,-1.070940359532869,55.737164613244005,31.45,3.0,headache,S019
7.55,0.45,33.0192764698725,-0.9251002179779828,55.57923065582899,31.45,3.0,headache,S019
-14.38,0.45,32.88642200947001,-1.077837735132878,55.77326284676427,31.45,3.0,headache,S019
12.19,0.45,32.50549344399844,-1.0780880618236643,55.816346025260174,31.45,3.0,headache,S019
0.49,0.46,32.78137554834187,-1.2438322117311411,55.952938929770646,31.49,3.0,headache,S019
-20.78,0.46,34.20485331046522,-0.10287997961429009,55.025642202349346,31.49,3.0,headache,S019
13.34,0.45,32.9454488346367,-0.8825980129265484,55.60581427286168,31.49,3.0,headache,S019
13.04,0.45,32.90484834517394,-0.9473706250266992,55.76091843416283,31.49,3.0,headache,S019
-20.94,0.45,32.96848503776343,-0.9694335809330167,55.773702592137255,31.47,3.0,headache,S019
2.19,0.45,32.613181522257584,-1.0351234519354129,55.4689899288827,31.47,3.0,headache,S019
18.51,0.44,33.60825672273986,-0.9548293867828709,55.19444093344167,31.47,3.0,headache,S019
-12.75,0.45,33.075777082051175,-0.7967495240710022,55.49823187280557,31.47,3.0,headache,S019
-16.65,0.44,32.716024905636345,-1.3486827497634961,55.683496634417,31.47,3.0,headache,S019
23.5,0.44,33.67644156336811,-0.7799888710760846,55.16365247215977,31.47,3.0,headache,S019
5.1,0.44,32.57679655050665,-0.8564786418654418,55.47550771971994,31.47,3.0,headache,S019
-16.01,0.44,32.91349765421848,-1.366251447005108,55.64593124862377,31.47,3.0,headache,S019
3.12,0.44,33.39911042163137,-0.6497123128270513,55.370463659998876,31.49,3.0,headache,S019
12.87,0.44,33.23342141375341,-1.1001552632019442,55.4465277351138,31.49,3.0,headache,S019
-21.36,0.44,33.10638587440996,-0.9813704783157063,55.706368619658264,31.49,3.0,headache,S019
3.62,0.43,32.832498567868605,-1.003957623822999,55.80526106578609,31.49,3.0,headache,S019
15.89,0.43,33.07200276631389,-0.9777368825648249,55.615097374779864,31.47,3.0,headache,S019
-11.22,0.44,32.950562896669595,-1.0184149093240253,55.73048414320659,31.47,3.0,headache,S019
-9.81,0.43,33.03785348985223,-0.9867660333692075,55.54584982885627,31.47,3.0,headache,S019
19.42,0.43,32.969551800105265,-1.0083346727573372,55.32989940686145,31.47,3.0,headache,S019
-2.78,0.43,33.025133708311834,-0.9961543274410749,55.50386980063681,31.47,3.0,headache,S019
-14.08,0.43,32.978984026413094,-0.9996681895655072,55.50061846162308,31.47,3.0,headache,S019
9.85,0.43,33.01763111403784,-1.0043370748631035,55.800262241011595,31.47,3.0,headache,S019
-2.58,0.43,32.98529902566814,-0.9916762078848904,55.71303354662317,31.47,3.0,headache,S019
-11.3,0.43,33.01203321670738,-1.0124720063679349,55.52360540187337,31.47,3.0,headache,S019
13.12,0.42,32.990530566506884,-0.9829781956067167,55.842719071009,31.47,3.0,headache,S019
-6.71,0.43,33.006846051529344,-1.0223426596011147,55.47885383131529,31.47,3.0,headache,S019
-11.43,0.43,32.99605643358402,-0.9709086783862653,55.494232914408556,31.47,3.0,headache,S019
20.9,0.42,33.0003781940853,-1.0386352174545592,55.576135629757246,31.47,3.0,headache,S019
-2.33,0.42,33.00473026735299,-0.9455198796137658,55.765067440898356,31.47,3.0,headache,S019
-19.95,0.42,32.98573006658257,-1.0893161232653203,55.55148486849109,31.47,3.0,headache,S019
12.05,0.42,33.048439886766154,-0.7448012044593362,55.30173283011861,31.47,3.0,headache,S019
0.18,0.42,33.1053042854882,-0.6313211905738318,55.353884228409775,31.47,3.0,headache,S019
-9.99,0.42,32.97270576396576,-1.1182391665087459,55.570975853882466,31.47,3.0,headache,S019
7.64,0.42,33.01288850304969,-1.0718030248955948,55.71688819236641,31.47,3.0,headache,S019
-6.08,0.42,32.99694077688227,-1.0042064127486503,55.26999026795988,31.47,3.0,headache,S019
-17.39,0.42,32.988688465569254,-0.9972260398373691,55.6736624488583,31.47,3.0,headache,S019
13.75,0.42,33.08052313872862,-0.9988127332987997,55.52804945640751,31.47,3.0,headache,S019
0.23,0.42,33.07549987987313,-1.0051397456578512,55.48048211158626,31.47,3.0,headache,S019
-17.92,0.42,32.965911625980624,-0.9911300130814307,55.726153158428154,31.47,3.0,headache,S019
15.35,0.42,33.023566869111974,-1.0124469819269173,55.51107352780981,31.47,3.0,headache,S019
0.93,0.42,32.981794632530416,-0.9840233293162902,55.58938461344704,31.47,3.0,headache,S019
-11.5,0.42,33.01461766112064,-1.0195659743455527,55.4998942307813,31.47,3.0,headache,S019
14.02,0.42,32.98819855694901,-0.9766771861312458,55.62525486837994,31.47,3.0,headache,S019
-11.68,0.42,33.00932684961501,-1.0273638172959232,55.26255498616619,31.45,3.0,headache,S019
-1.8,0.42,32.99305081290145,-0.9681750820969672,55.56475815190096,31.45,3.0,headache,S019
12.3,0.42,33.00448337948891,-1.0368749135698847,55.224258939669745,31.45,3.0,headache,S019
-10.83,0.42,32.998256821106416,-0.9572670548137874,55.68888334741365,31.45,3.0,headache,S019
3.25,0.42,32.99848976141591,-1.0496885943738952,55.594963925153216,31.47,3.0,headache,S019
17.07,0.42,33.005644391937246,-0.9418917789140712,55.71062461772594,31.47,3.0,headache,S019
-10.97,0.42,32.98868310508667,-1.0683226846551694,55.51841176807682,31.47,3.0,headache,S019
3.14,0.42,33.01992672094669,-0.9203458225800222,55.327544463494235,31.47,3.0,headache,S019
13.51,0.43,32.964345290384124,-1.0796382082193954,55.44606965313609,31.45,3.0,headache,S019
-14.73,0.42,33.24948745156293,-0.6302032343970498,55.252281707304235,31.45,3.0,headache,S019
9.13,0.42,32.31262094512399,-2.2374810492640536,55.91846653837948,31.45,3.0,headache,S019
7.54,0.42,33.64172235291332,0.11965200791119951,55.2523206384055,31.45,3.0,headache,S019
-14.49,0.43,33.32322945891933,0.6524654847970975,55.01545188293597,31.47,3.0,headache,S019
12.76,0.42,33.51867276774073,-1.6837727209817095,55.78798712143324,31.47,3.0,headache,S019
4.47,0.43,32.79280039675165,-1.6198929061741079,55.592683552718356,31.47,3.0,headache,S019
-18.52,0.43,33.02388561392758,-1.5425958552672068,55.93723182222839,31.47,3.0,headache,S019
15.92,0.43,33.11217005524224,-0.8168864458302856,55.28708449891642,31.49,3.0,headache,S019
3.67,0.43,32.92969463870617,-1.1511355825191443,55.47560693604964,31.49,3.0,headache,S019
-15.5,0.44,33.29395447779938,-0.8245630728236324,55.159388992383036,31.49,3.0,headache,S019
20.35,0.45,33.0652947866587,-0.9975421508579313,55.23691933485015,31.49,3.0,headache,S019
2.72,0.46,33.060844167780225,-0.9690320990005789,55.561214931740736,31.45,3.0,headache,S019
-13.28,0.47,33.517411770750265,-0.8527958461337054,55.09783804978406,31.45,3.0,headache,S019
15.14,0.47,33.08407083945658,-0.8326891925675312,55.44287630817178,31.45,3.0,headache,S019
-1.35,0.47,32.93469916371,-1.2914799479048318,55.71447108014322,31.45,3.0,headache,S019
-12.7,0.48,33.25102770396325,-1.303335356431772,55.6909757293794,31.47,3.0,headache,S019
15.8,0.48,33.04314537680221,-0.9822702717211951,55.233257565987415,31.47,3.0,headache,S019
-7.55,0.48,33.11276200102959,-0.9934565749811215,55.22740946267399,31.47,3.0,headache,S019
-9.93,0.48,33.00794584145712,-1.0142795999418126,55.69162510516127,31.47,3.0,headache,S019
9.1,0.48,32.993453610635925,-0.9825985510012197,55.30363898118917,31.47,3.0,headache,S019
-13.74,0.47,33.021537845127604,-1.018705867970416,55.63305118272688,31.47,3.0,headache,S019
0.74,0.47,33.129186610463144,-0.9808298848484984,55.22653777510501,31.47,3.0,headache,S019
5.4,0.47,32.96249698316405,-1.019215596863561,55.64096685670162,31.47,3.0,headache,S019
-17.51,0.47,33.030237023673266,-0.9809485635207315,55.58940641064028,31.43,3.0,headache,S019
11.81,0.46,32.97088122970969,-1.0187949976101944,55.80681183868051,31.43,3.0,headache,S019
-2.12,0.47,33.030473779015274,-0.9814766866826893,55.52615917896773,31.43,3.0,headache,S019
-11.53,0.46,32.96555656160145,-1.0183011392991321,55.507004081570436,31.43,3.0,headache,S019
11.6,0.46,33.044581759434074,-0.9817952767494855,55.62178871378941,31.47,3.0,headache,S019
-15.41,0.46,32.905916288504194,-1.0183579237401321,55.57762612631788,31.47,3.0,headache,S019
-1.66,0.46,32.93520325389456,-0.9809827464000271,55.61565859343698,31.47,3.0,headache,S019
6.23,0.46,33.0078660253944,-1.0208409444434756,55.6694483820709,31.47,3.0,headache,S019
-16.06,0.46,33.00323956851206,-0.9739175970411288,55.651328592247,31.45,3.0,headache,S019
14.47,0.46,32.992112616593815,-1.048900008046901,55.707185378919334,31.45,3.0,headache,S019
6.33,0.46,33.00953422068819,-1.2408064346881489,55.67818699113531,31.45,3.0,headache,S019
-11.44,0.46,32.99499189933735,-0.9541754030921329,55.47694760618636,31.45,3.0,headache,S019
21.42,0.46,32.85988598182588,-1.1409489466513998,55.53219996304699,31.47,3.0,headache,S019
3.22,0.45,32.901657492916215,-0.9966885042603825,55.459877388103756,31.47,3.0,headache,S019
-12.15,0.45,33.03381139231986,-1.0343111516210042,55.84299750357372,31.47,3.0,headache,S019
8.21,0.46,33.13528596618459,-0.8622210637860974,55.262971993230366,31.47,3.0,headache,S019
2.29,0.46,33.15894424779247,-0.5189794118903059,55.35205135332706,31.47,3.0,headache,S019
-11.04,0.45,33.06556479036527,-1.0983986135495407,55.240697269071745,31.47,3.0,headache,S019
15.64,0.46,32.8215277042072,-1.3979082959139753,55.676786804272126,31.47,3.0,headache,S019
-2.98,0.46,33.012026776808185,-1.146384966739464,55.845804064772786,31.47,3.0,headache,S019
-2.85,0.46,33.01457045891597,-0.9029608199544041,55.65948492368734,31.45,3.0,headache,S019
14.99,0.46,33.21441198100212,-1.108850352930626,55.1950889470694,31.45,3.0,headache,S019
-7.57,0.46,33.05411080477689,-0.7702734968100262,55.32012831079712,31.45,3.0,headache,S019
2.16,0.46,32.9635490758629,-0.9582169413030791,55.534659227020775,31.45,3.0,headache,S019
8.97,0.46,33.17246232194297,-1.1092931391045076,55.38901704500441,31.45,3.0,headache,S019
-9.05,0.46,32.94366106180468,-0.9591739028621739,55.35389263441088,31.45,3.0,headache,S019
-0.57,0.46,33.25695083677042,-1.1261630560234452,55.550124011022426,31.45,3.0,headache,S019
6.34,0.45,33.09867482653903,-1.025459360279635,55.47350573928602,31.45,3.0,headache,S019
-12.08,0.46,33.16197085978373,-0.9791848069619425,55.54736869557512,31.45,3.0,headache,S019
6.94,0.46,33.14099377181755,-1.0225522910428773,55.213005717778806,31.45,3.0,headache,S019
-0.76,0.45,33.018387149427966,-0.9758868348921765,55.59152938032611,31.45,3.0,headache,S019
-14.2,0.46,33.26674686740625,-1.0181724670629124,55.44011790377902,31.45,3.0,headache,S019
10.05,0.46,32.835213660314636,-1.0847111220329948,55.59857415866845,31.47,3.0,headache,S019
-7.62,0.45,32.602979970524665,-1.5671788051317594,55.689914107754184,31.47,3.0,headache,S019
-5.27,0.46,33.476198939277985,-0.4681521235767923,55.262673827951524,31.47,3.0,headache,S019
9.89,0.45,32.99440022380552,0.06494113612437742,55.53988630225507,31.47,3.0,headache,S019
-12.25,0.45,32.96591721941604,-1.0933778785127712,55.81476267162166,31.47,3.0,headache,S019
1.77,0.45,33.223334947902735,-1.0227960092088169,55.61788802836932,31.47,3.0,headache,S019
3.08,0.46,32.60493929406321,-1.6604557635871002,56.190484475401284,31.47,3.0,headache,S019
-10.55,0.45,33.018717122583844,-1.0186196708150081,55.73347428821431,31.47,3.0,headache,S019
14.51,0.45,33.21331381199574,-1.0441151797507613,55.69289789758258,31.47,3.0,headache,S019
-5.91,0.45,33.23105269113147,-0.8512044666047751,55.072874443583075,31.47,3.0,headache,S019
-9.45,0.45,33.04378618439617,-1.0039558315990158,55.435533104833084,31.47,3.0,headache,S019
15.69,0.45,33.152839238410905,-0.9884661683047906,55.62588983042298,31.47,3.0,headache,S019
0.99,0.45,32.94553851205072,-1.0108538386157495,55.931159993868846,31.45,3.0,headache,S019
-16.29,0.46,33.033667780421084,-0.9928044966477723,55.60639478720201,31.45,3.0,headache,S019
18.11,0.45,33.00294391612373,-0.9982483846888869,55.54338073782165,31.45,3.0,headache,S019
4.03,0.45,33.001944728590665,-1.1556170267407189,55.80050198986175,31.45,3.0,headache,S019
-14.39,0.45,33.0136687903954,-1.134795567453724,55.515627343769445,31.45,3.0,headache,S019
11.61,0.45,33.13814723495752,-1.0789456397671764,55.63646121052851,31.45,3.0,headache,S019
2.93,0.45,32.92138057595034,-1.0198036398443413,55.81176991552093,31.45,3.0,headache,S019
-18.92,0.45,33.06623969645906,-0.9811704155334263,55.575675483814294,31.45,3.0,headache,S019
13.63,0.44,32.93925124900169,-1.014317609971298,55.70149039110871,31.45,3.0,headache,S019
0.13,0.44,33.05478321174713,-0.9999808927182943,55.34564187288384,31.45,3.0,headache,S019
-10.16,0.45,32.998802165707666,-0.7425253665027062,55.54035759190624,31.45,3.0,headache,S019
13.02,0.45,33.19775681988728,-0.7173832613071558,54.90031161090021,31.45,3.0,headache,S019
-6.97,0.45,32.57242454412719,-1.7268902422576267,55.85885214365242,31.45,3.0,headache,S019
-8.41,0.47,32.63089810865579,-1.3766933296689294,55.82960315842367,31.45,3.0,headache,S019
20.21,0.48,33.10975772826791,-1.0037258861964204,55.71208322160909,31.45,3.0,headache,S019
-3.13,0.49,33.14234771150997,-1.116637999431825,55.54504698627056,31.45,3.0,headache,S019
-11.64,0.5,33.32528475034546,-0.6936468835576057,55.28458238787721,31.45,3.0,headache,S019
18.89,0.5,33.14978562948667,-0.8336921655554521,55.57813214364763,31.45,3.0,headache,S019
2.2,0.51,33.11120964963718,-1.0413377028093291,55.6165083775889,31.45,3.0,headache,S019
-11.88,0.51,32.98029129819025,-1.043258689237062,55.43087652563972,31.45,3.0,headache,S019
4.86,0.51,33.055534675180105,-1.5863486788118304,55.67921682999643,31.43,3.0,headache,S019
7.23,0.51,32.88563402806648,-0.957172330898206,55.550745672246975,31.43,3.0,headache,S019
-15.8,0.5,32.91696669813538,-1.070628231736991,55.46451347785856,31.43,3.0,headache,S019
6.58,0.5,33.18791560382555,-0.741385978733438,55.282904281363344,31.43,3.0,headache,S019
0.08,0.5,33.107117627554324,-0.8192763185018445,55.66231568227732,31.45,3.0,headache,S019
-12.59,0.5,32.95590537475033,-1.0349308354881495,55.29399501716697,31.45,3.0,headache,S019
4.63,0.5,33.118537714805285,-0.9791275145878771,55.34454217181904,31.45,3.0,headache,S019
-1.34,0.49,33.06620210196219,-1.0264364016588108,55.25991217295041,31.45,3.0,headache,S019
-14.68,0.49,33.234077304808324,-1.0501805898797174,55.60144858022165,31.43,3.0,headache,S019
12.34,0.49,33.311067679831766,-0.9070516841307916,55.34216150171495,31.43,3.0,headache,S019
-8.04,0.49,32.873022572938496,-1.044655270851562,55.6716748115465,31.43,3.0,headache,S019
-4.14,0.48,33.321612278967535,-0.965501880877259,55.25402468602525,31.43,3.0,headache,S019
5.25,0.48,33.18745373598956,-1.0305788077513878,55.31668284621964,31.45,3.0,headache,S019
-16.22,0.48,33.04391785325061,-0.9712183419402752,55.44497179018654,31.45,3.0,headache,S019
5.89,0.48,32.97831254433967,-1.0279678124296565,55.694334552756125,31.45,3.0,headache,S019
7.03,0.48,33.24479713401859,-0.9722914084255699,55.18302245959491,31.45,3.0,headache,S019
-16.33,0.48,33.02943419995901,-1.0278141629005535,55.82656103704236,31.45,3.0,headache,S019
20.13,0.48,32.97049872132499,-0.9718061979997848,55.503538014974986,31.45,3.0,headache,S019
4.79,0.47,33.077173869002934,-1.0288050203049706,55.5826465212446,31.45,3.0,headache,S019
-14.13,0.47,33.23145807501723,-0.9703673769324538,55.20479737622205,31.45,3.0,headache,S019
19.84,0.47,32.93151322050851,-1.0306797162537116,55.394239272077535,31.43,3.0,headache,S019
10.45,0.47,33.05357950914906,-0.9680356666518711,55.42449057210739,31.43,3.0,headache,S019
-17.44,0.47,32.943086162371074,-1.0335193450091789,55.18211167263768,31.43,3.0,headache,S019
13.47,0.47,33.16507411610466,-0.9646050135649228,55.48521340652347,31.43,3.0,headache,S019
6.88,0.47,32.963483533478716,-1.0376643203816185,55.61714740804089,31.45,3.0,headache,S019
-15.38,0.47,33.26179111898843,-0.959567066155615,55.43851646960264,31.45,3.0,headache,S019
13.76,0.47,32.99995376079943,-1.043855707930253,55.28053617018203,31.45,3.0,headache,S019
8.54,0.47,33.129351049682995,-0.9518334313905522,55.17527534970484,31.45,3.0,headache,S019
-21.2,0.47,33.29332578396433,-1.0537340560199733,55.220644481946515,31.43,3.0,headache,S019
10.41,0.47,33.08979304633981,-0.9388270295056227,55.36118685685619,31.43,3.0,headache,S019
13.47,0.47,33.02333476605891,-1.0715919329319463,55.35548994426474,31.43,3.0,headache,S019
-13.34,0.47,33.22984633663196,-0.9127770198640752,55.47397646618586,31.43,3.0,headache,S019
7.86,0.47,32.97609828593411,-1.1133871622731315,55.32755032224747,31.45,3.0,headache,S019
0.3,0.46,33.13848826077452,-0.8327555342292088,55.2008195871229,31.45,3.0,headache,S019
-10.49,0.46,32.97707165957429,-1.3763455684138706,55.4514278224689,31.45,3.0,headache,S019
7.36,0.47,33.62167650621838,-0.7230271832709599,55.219614633227316,31.45,3.0,headache,S019
8.66,0.46,33.20830034827822,-0.5654094519169978,55.300576785168595,31.43,3.0,headache,S019
-21.91,0.46,33.17983391508212,-1.2642848750570712,55.27202026624731,31.43,3.0,headache,S019
9.64,0.46,33.479533726838405,-0.8729621856012612,55.25003202278964,31.43,3.0,headache,S019
15.13,0.46,33.09202312356564,-1.0873916164627253,55.23453859837507,31.43,3.0,headache,S019
-18.45,0.46,33.248203057825435,-0.9334434799493816,55.12869161161192,31.43,3.0,headache,S019
2.34,0.46,33.078791056648186,-1.0535215438699912,55.17702154915824,31.43,3.0,headache,S019
3.51,0.46,33.47496002937895,-0.9554306592123213,55.44768324910366,31.43,3.0,headache,S019
-17.05,0.46,33.36378791962093,-1.0380449160766676,55.23747692244165,31.43,3.0,headache,S019
13.23,0.46,33.334704594931196,-0.9669091552959516,54.970614544936076,31.45,3.0,headache,S019
9.0,0.46,33.354749624424464,-1.0292169784652136,55.16239370351734,31.45,3.0,headache,S019
-23.24,0.46,33.448833110298914,-0.973876761751001,54.93659126687571,31.45,3.0,headache,S019
8.24,0.45,33.25018700335353,-1.0236168594025261,55.209840132534524,31.45,3.0,headache,S019
17.78,0.46,33.49987826524639,-0.9784297855218284,55.096761448857364,31.43,3.0,headache,S019
-14.2,0.45,33.394327336197705,-1.0198980669832518,54.96428320391354,31.43,3.0,headache,S019
2.58,0.45,33.59764239734523,-0.9814548784358257,55.49380623534789,31.43,3.0,headache,S019
5.35,0.45,33.382142561706615,-1.017479794549833,55.212318782720025,31.43,3.0,headache,S019
-14.09,0.45,33.26474503755905,-0.9833073076187904,55.03172977345334,31.43,3.0,headache,S019
6.21,0.45,33.42063983636202,-1.0162001979887934,55.18315360085759,31.43,3.0,headache,S019
8.77,0.45,33.20102407460657,-0.9839437739739337,55.196272280888444,31.43,3.0,headache,S019
-15.98,0.45,33.48779244119815,-1.0163812994250168,55.18561658094487,31.43,3.0,headache,S019
5.98,0.45,33.632629338062394,-0.9825636265886211,55.116194756089094,31.43,3.0,headache,S019
11.31,0.44,33.35735891965304,-1.0198366083948092,54.98470307541878,31.43,3.0,headache,S019
-13.26,0.45,33.21387719952059,-0.9746708878138637,55.214528717850456,31.43,3.0,headache,S019
4.14,0.45,33.40155648214802,-1.041037243063265,54.99425561037576,31.43,3.0,headache,S019
5.71,0.44,33.57929283657861,-0.8535999153851761,55.5085397414415,31.43,3.0,headache,S019
-14.85,0.44,33.650723677247186,-1.067367703212226,55.2724878189387,31.43,3.0,headache,S019
5.22,0.44,33.49566012010205,-0.9366365717269954,55.034053450603,31.43,3.0,headache,S019
4.16,0.44,33.24742643069193,-0.8966710015694007,55.18211554518031,31.43,3.0,headache,S019
-19.5,0.44,33.606219406314125,-0.29245053340360233,55.03468074124981,31.43,3.0,headache,S019
8.11,0.44,33.862327355662806,-0.7069049914893858,54.9976449481497,31.43,3.0,headache,S019
7.23,0.44,33.19176698846213,-1.4359936713372143,55.226724475379235,31.43,3.0,headache,S019
-14.52,0.44,33.54778031538802,-1.15092907646925,55.405149382509066,31.43,3.0,headache,S019
10.34,0.44,33.32127703442229,-1.0110622445943023,54.97586069958647,31.39,3.0,headache,S019
-3.0,0.44,33.69686350701947,-0.9947997570288882,55.31120256023448,31.39,3.0,headache,S019
-6.69,0.44,33.522410376483755,-1.0041530703523902,55.118385825551286,31.39,3.0,headache,S019
12.29,0.44,33.555747792253484,-0.9960657307481677,55.09798865939123,31.39,3.0,headache,S019
-6.05,0.44,33.57731084454555,-1.0040207918681001,55.11987201037887,31.43,3.0,headache,S019
-4.71,0.44,33.71898181084298,-0.995715006145651,54.98741373291582,31.43,3.0,headache,S019
8.94,0.44,33.5984560316734,-1.0046944061684924,55.003517019415526,31.43,3.0,headache,S019
-15.63,0.44,33.812867321188854,-0.9947444836460346,55.01657205895785,31.43,3.0,headache,S019
1.34,0.44,33.76320221539476,-1.006003601731883,55.13372972725939,31.43,3.0,headache,S019
12.5,0.44,33.59189566454785,-0.9929901623380821,54.95367217889566,31.43,3.0,headache,S019
-10.43,0.44,33.61755978157589,-1.0084061312803543,55.06393206504294,31.43,3.0,headache,S019
-0.02,0.44,34.031538277150034,-0.9895530304012082,55.12532923156403,31.43,3.0,headache,S019
11.7,0.44,33.32268604502241,-1.0136761567085224,55.15410449191828,31.43,3.0,headache,S019
-8.28,0.44,33.64786972353922,-0.9805260693850907,55.36232772178087,31.43,3.0,headache,S019
-0.62,0.44,33.69272821299265,-1.0325898980499213,55.098142502361895,31.43,3.0,headache,S019
10.35,0.43,34.139212734236395,-0.91353359912471,54.9337512036397,31.43,3.0,headache,S019
-17.2,0.44,33.67770848666895,-0.41385226723590074,55.1258830634055,31.43,3.0,headache,S019
9.99,0.44,33.63196285951732,-1.0431154334221964,55.03525976146541,31.43,3.0,headache,S019
13.26,0.43,33.772152223817855,-0.9711194729296013,55.00102861185026,31.43,3.0,headache,S019
-15.67,0.44,33.665774182408526,-1.0233096234815953,54.99092206633503,31.43,3.0,headache,S019
-0.17,0.44,34.07962588401324,-0.9786906421697731,55.01278429173994,31.43,3.0,headache,S019
11.22,0.43,33.951307161772924,-1.0216938454195343,54.984789902380086,31.43,3.0,headache,S019
-8.14,0.44,34.034052454118005,-0.9749804231110892,55.01723201723549,31.43,3.0,headache,S019
-0.74,0.44,33.9746552043334,-1.0355694430349973,54.980762462233095,31.43,3.0,headache,S019
14.55,0.44,33.898100071591315,-0.8955245459001899,55.021491779916445,31.43,3.0,headache,S019
-16.41,0.43,33.975921854689645,-0.9473863894412478,54.975719553122616,31.43,3.0,headache,S019
2.01,0.44,34.02744059288548,-1.0137323612050082,55.028040827321,31.43,3.0,headache,S019
13.91,0.44,33.95056238974582,-0.9969631740158726,54.966377305819826,31.43,3.0,headache,S019
-19.09,0.44,33.9142258082109,-0.9953502220936797,55.04301552973383,31.41,3.0,headache,S019
7.17,0.44,33.79497590737559,-1.016562738585957,55.056252702681206,31.41,3.0,headache,S019
9.44,0.44,33.70239425771136,-0.7484219287054398,55.23175199069931,31.41,3.0,headache,S019
-12.28,0.43,33.95028203983325,-0.9961063211388056,55.06803315395802,31.41,3.0,headache,S019
7.1,0.44,33.57497454345325,-0.9020228432389469,55.103541064792864,31.41,3.0,headache,S019
-0.53,0.44,33.471406697832144,-0.9571465539521335,55.01085977089343,31.41,3.0,headache,S019
-11.4,0.44,33.874949184400165,-0.9122444201825123,55.07560686521267,31.41,3.0,headache,S019
16.71,0.45,33.84365118725072,-0.9538749953334555,55.07473556638905,31.41,3.0,headache,S019
-7.88,0.44,33.7854356939843,-1.0327464845916978,54.96715058081242,31.41,3.0,headache,S019
-8.82,0.43,33.99522111368602,-0.9717740218010461,55.02141293394231,31.41,3.0,headache,S019
13.52,0.43,34.00058637209794,-1.02618906445413,54.984318206176965,31.41,3.0,headache,S019
-11.05,0.44,34.00527619827914,-0.9746413137604792,55.012172508820974,31.41,3.0,headache,S019
2.07,0.43,33.98303343063121,-1.0253081127646917,54.99018071044978,31.41,3.0,headache,S019
11.76,0.43,33.88544271911386,-0.9741179662276942,55.00818156085146,31.41,3.0,headache,S019
-10.79,0.44,33.90310425434511,-1.027054983903237,54.99294836515905,31.41,3.0,headache,S019
5.35,0.43,33.857687616784695,-0.9711038398300543,55.00633429264005,31.41,3.0,headache,S019
2.04,0.43,33.98666243839036,-1.031581333828864,54.99399354425835,31.43,3.0,headache,S019
-14.83,0.44,34.0133022275855,-0.9645471009353707,55.00611244700389,31.43,3.0,headache,S019
16.06,0.43,33.947423007673635,-1.0411733475740983,54.99320940867387,31.43,3.0,headache,S019
-3.84,0.43,33.83976498017013,-0.949942769845802,55.00835792777708,31.43,3.0,headache,S019
-8.71,0.43,33.954120332259116,-0.9451762079207929,54.98843883852222,31.41,3.0,headache,S019
18.27,0.44,33.76990802362821,-0.8676911902827379,55.01847714469203,31.41,3.0,headache,S019
-4.91,0.43,33.97579093204316,-0.4045257667220538,54.962616856337675,31.41,3.0,headache,S019
-7.15,0.43,33.775642958883246,-0.7389244847552736,55.1746988370355,31.41,3.0,headache,S019
16.13,0.43,33.79040087997349,-0.8021323683975365,55.138133422728174,31.41,3.0,headache,S019
-12.31,0.43,33.4574007909407,-0.9113657930426867,54.935585751947144,31.41,3.0,headache,S019
0.71,0.43,33.65675450071034,-0.8032158581107336,55.052440016454035,31.41,3.0,headache,S019
12.38,0.44,33.72479978026548,-1.0910308524352217,55.03126074159345,31.41,3.0,headache,S019
-15.93,0.43,33.26947602218586,-1.0580159206104855,55.3564316946665,31.43,3.0,headache,S019
5.81,0.43,32.718307836095065,-1.0576413979180765,56.00274081606387,31.43,3.0,headache,S019
12.51,0.43,33.235193557624335,-0.946674129827902,55.382615148076646,31.43,3.0,headache,S019
-16.99,0.43,33.022832391926826,-1.0581344849977965,55.25743902053476,31.43,3.0,headache,S019
10.29,0.43,33.140876328674345,-0.8944560183836706,55.20546711440917,31.41,3.0,headache,S019
1.02,0.43,33.29863740362529,-0.9434675622292696,54.96992639862798,31.41,3.0,headache,S019
-6.22,0.43,33.51464191987755,-1.0040776404093905,55.446589839841295,31.41,3.0,headache,S019
5.43,0.43,33.69471727795538,-1.0049119379201417,55.09507207490682,31.41,3.0,headache,S019
-6.63,0.44,33.36404056135485,-0.9918750800377678,54.95995370108606,31.41,3.0,headache,S019
-5.1,0.43,33.26859501603164,-1.0095926015327201,55.05699313260298,31.41,3.0,headache,S019
8.22,0.43,33.61824332119667,-0.9896255139556747,55.11126890039573,31.41,3.0,headache,S019
-8.09,0.43,33.69987894850225,-1.010859906597261,54.94715272058774,31.41,3.0,headache,S019
-6.45,0.43,33.87168718174724,-0.9887780310008091,55.0832150757516,31.43,3.0,headache,S019
14.46,0.43,33.62925616765081,-1.0115490132433291,55.06526597372836,31.43,3.0,headache,S019
-5.58,0.43,33.84074625992945,-0.9881077284944844,55.09560929147261,31.43,3.0,headache,S019
-4.74,0.43,33.717043314824885,-1.012286127453573,55.043547958301666,31.43,3.0,headache,S019
12.62,0.43,33.767954146445575,-0.9872419536032022,54.984695767840066,31.39,3.0,headache,S019
-9.65,0.43,33.93624636958192,-1.0133343591754884,55.00495667473386,31.39,3.0,headache,S019
-0.66,0.43,33.89223640348639,-0.9859554314409484,55.002311619801745,31.39,3.0,headache,S019
10.51,0.43,33.61172763536085,-1.0149256795141337,54.98979443226326,31.39,3.0,headache,S019
-13.39,0.43,33.66207103954678,-0.9839721370743191,55.025118065637805,31.41,3.0,headache,S019
0.97,0.43,33.78037572851715,-1.0174232755920265,55.10095906273442,31.41,3.0,headache,S019
8.16,0.43,33.60675642853265,-0.9807785681305115,55.06169170409075,31.41,3.0,headache,S019
-9.13,0.43,33.550043902405264,-1.0215985325354804,55.090290291619496,31.41,3.0,headache,S019
15.1,0.43,33.67140593701801,-0.9751410171424777,54.96754768703215,31.39,3.0,headache,S019
-5.98,0.43,33.70897759617059,-1.0295804283566736,55.01929734765589,31.39,3.0,headache,S019
-10.64,0.43,33.84768794606835,-0.9629852316905526,54.98771725370739,31.39,3.0,headache,S019
13.07,0.43,33.77072663131036,-1.0504967805250918,55.006256339803464,31.39,3.0,headache,S019
4.52,0.43,34.00014328559894,-0.9170123423725887,55.00451902221639,31.39,3.0,headache,S019
-15.51,0.43,33.75445814076848,-1.2937451256566874,55.1319637558862,31.39,3.0,headache,S019
13.15,0.43,33.78839125657297,-1.1723363005539829,54.979008982390766,31.39,3.0,headache,S019
4.12,0.43,33.74069853622077,-0.9433625033207739,55.013988760582265,31.39,3.0,headache,S019
-10.37,0.43,33.827876081743234,-1.0293278022614571,54.988946207181776,31.41,3.0,headache,S019
-2.01,0.43,33.99649135911038,-0.862183697072375,55.00941078047075,31.41,3.0,headache,S019
10.01,0.43,33.74598728856743,-0.9966017884295562,54.99140457914902,31.41,3.0,headache,S019
-13.93,0.43,33.89032958558317,-1.0421556456183794,55.00895486641979,31.41,3.0,headache,S019
4.69,0.43,33.91073267782054,-1.1113655865410201,54.986707505681,31.41,3.0,headache,S019
2.66,0.43,33.96988387182429,-0.963667436331274,55.11705274829431,31.41,3.0,headache,S019
-14.65,0.43,34.039894361122755,-1.0231441293959462,55.02823813157961,31.41,3.0,headache,S019
6.97,0.43,33.76285663006786,-0.9831173773228895,54.97065780382485,31.41,3.0,headache,S019
-2.0,0.43,33.740520977715775,-1.0128613941842863,55.078922453160196,31.41,3.0,headache,S019
-6.12,0.43,33.97890447778103,-0.990161053529756,55.08123965425718,31.41,3.0,headache,S019
14.28,0.43,33.74568204625529,-1.007320597767915,55.17513604739567,31.41,3.0,headache,S019
-9.11,0.43,33.62250640383943,-0.9949480302831955,55.10162579241258,31.41,3.0,headache,S019
-2.81,0.43,33.88448577413646,-1.002870923627259,55.0835056538223,31.41,3.0,headache,S019
10.52,0.43,33.844982819942004,-0.9993510682090979,54.998725985408214,31.41,3.0,headache,S019
-5.15,0.43,33.862348237632716,-0.9982583764418625,54.99587275781686,31.41,3.0,headache,S019
1.35,0.43,34.063250805205975,-1.0044569503671734,55.00515589612961,31.41,3.0,headache,S019
9.05,0.43,33.88288220849106,-0.9922748932659363,54.99482612073451,31.37,3.0,headache,S019
-9.89,0.43,33.95226558340136,-1.0119335509176823,55.00473588870049,31.37,3.0,headache,S019
-2.23,0.43,34.015766923139594,-0.9821508600323173,54.9962189630769,31.37,3.0,headache,S019
0.56,0.43,33.988097194544984,-1.027308807893088,55.00156926994968,31.37,3.0,headache,S019
-8.2,0.43,34.01456398930168,-0.9537511760710339,55.0064381904183,31.37,3.0,headache,S019
11.8,0.43,33.96961896304572,-1.1125376782173593,55.132760149834155,31.37,3.0,headache,S019
-10.82,0.43,33.83399712253015,-1.146082615312086,54.9754909657672,31.37,3.0,headache,S019
-6.12,0.43,33.939133597784874,-0.6871574792956774,55.0201168253188,31.37,3.0,headache,S019
11.86,0.43,33.91081571255529,-1.1592580563965598,54.9796289348973,31.37,3.0,headache,S019
-18.12,0.43,33.378432642342794,-1.6918009560033904,55.022970870885686,31.37,3.0,headache,S019
8.34,0.43,33.63812148301952,-1.4010215003585926,54.97156280288862,31.37,3.0,headache,S019
6.47,0.43,33.83095566615692,-1.176558947241353,55.03956230899908,31.37,3.0,headache,S019
-16.22,0.43,33.980872793201726,-0.5825810789871835,54.93236216116879,31.41,3.0,headache,S019
7.91,0.43,33.49731133119041,-0.7580599895699344,55.242733842318465,31.41,3.0,headache,S019
-0.97,0.43,33.845771533874235,-1.2316889394676143,55.224637485564905,31.41,3.0,headache,S019
-12.28,0.43,34.07224663011945,-0.9742218189978407,54.922874058173875,31.41,3.0,headache,S019
18.58,0.43,33.94179327318862,-0.7179054976686232,55.05058165991904,31.39,3.0,headache,S019
-14.92,0.43,34.0542007697034,-0.382414333651025,54.95968238802356,31.39,3.0,headache,S019
-4.47,0.43,33.94597094661772,-1.2285780170043468,55.03575670986019,31.39,3.0,headache,S019
36.87,0.44,34.05589088583937,-0.8207014191921594,54.96577959114716,31.39,3.0,headache,S019
-3.15,0.43,33.94292427975149,-1.1677369441594945,55.03499267495344,31.39,3.0,headache,S019
-10.69,0.43,33.962882075714404,-0.8227762321649225,54.96163743036543,31.39,3.0,headache,S019
13.96,0.44,33.87421903917423,-1.2175290139249437,55.04596899839005,31.39,3.0,headache,S019
6.19,0.44,34.16430946932714,-0.6689820596319593,55.058452281411725,31.39,3.0,headache,S019
-17.56,0.43,33.46771336714567,-1.1182898489984132,55.15729727507917,31.37,3.0,headache,S019
12.66,0.44,33.734530348983014,-0.7396700015118908,55.15177967943385,31.37,3.0,headache,S019
-2.7,0.44,33.673708656499706,-1.273188108101791,55.00794908835081,31.37,3.0,headache,S019
-2.82,0.43,33.25895366704609,-0.5559294099749149,55.12959281664379,31.37,3.0,headache,S019
14.07,0.44,34.083295390882675,-0.69087902028092,54.94480757648316,31.41,3.0,headache,S019
-6.64,0.44,33.8625011431442,-0.7710950509143044,55.14660143066795,31.41,3.0,headache,S019
-7.82,0.43,33.96928613112965,-0.9339695599271677,55.0007590396923,31.41,3.0,headache,S019
14.8,0.43,33.95066943402814,-0.9952263238944279,55.00454975540464,31.41,3.0,headache,S019
-5.33,0.44,34.05834264587851,-1.008715000034137,54.9955395638678,31.39,3.0,headache,S019
-6.41,0.43,33.87880807434686,-0.9895357842687752,55.003642845917284,31.39,3.0,headache,S019
18.01,0.43,33.951381438687214,-1.0118815518419035,54.997274879015016,31.39,3.0,headache,S019
0.79,0.43,34.05228836453088,-0.9868108671049087,55.00182744711313,31.39,3.0,headache,S019
-12.97,0.43,34.10230885483534,-1.014452607655662,54.999039363748956,31.41,3.0,headache,S019
5.45,0.43,33.82879351490743,-0.9842764397829239,55.00010453115365,31.41,3.0,headache,S019
-6.25,0.43,34.052021107461314,-1.0170623863055201,55.00077444878833,31.41,3.0,headache,S019
0.15,0.43,33.958243693593545,-0.9814499955258917,54.998277200458496,31.41,3.0,headache,S019
16.17,0.43,34.03438373994907,-1.020306617979676,55.00280852828224,31.39,3.0,headache,S019
-10.07,0.43,33.808210198084524,-0.9774688050082366,54.99585767487434,31.39,3.0,headache,S019
-8.58,0.43,33.932378238542725,-1.0255955376031252,55.005928494120276,31.39,3.0,headache,S019
9.75,0.43,33.98211227409755,-0.969692274029506,54.99139373518036,31.39,3.0,headache,S019
-12.28,0.43,34.02983820110083,-1.038855039686557,55.013347106413875,31.39,3.0,headache,S019
-3.09,0.43,33.945374019283506,-0.9399786403384347,54.97528573903907,31.39,3.0,headache,S019
15.26,0.43,33.795976058684936,-1.095555988654166,55.09531800434868,31.39,3.0,headache,S019
-13.43,0.43,33.84666217779654,-1.0862041871180537,55.061680534573036,31.39,3.0,headache,S019
1.39,0.44,34.03557767121639,-0.972260688692379,54.97510036390822,31.39,3.0,headache,S019
1.63,0.43,33.966461472607826,-1.0132618093667753,55.016314211618216,31.39,3.0,headache,S019
-15.34,0.43,34.040604909151895,-0.9931706951800503,54.9873425374722,31.39,3.0,headache,S019
15.56,0.43,33.92433007912643,-1.0033773716101335,55.01085721652526,31.39,3.0,headache,S019
-7.97,0.43,33.79491837536561,-0.9985148437350144,54.989890417586764,31.39,3.0,headache,S019
-6.29,0.43,33.8833238255385,-1.0007138580405701,55.01024644138223,31.39,3.0,headache,S019
22.26,0.43,33.994916046578496,-0.9988561019588862,54.98849020231501,31.39,3.0,headache,S019
-12.62,0.44,33.77073068458933,-1.003652856786085,55.01489172747284,31.39,3.0,headache,S019
-0.86,0.43,33.84788297801074,-0.987495523766666,54.97566510329389,31.37,3.0,headache,S019
17.79,0.43,33.991339734951744,-1.1007430046614934,55.07564824653232,31.37,3.0,headache,S019
-5.41,0.44,33.587972290038635,-1.0507570483335968,55.08472394054012,31.37,3.0,headache,S019
-11.88,0.44,33.7064210081675,-0.9698877034846761,54.967523670631806,31.37,3.0,headache,S019
12.58,0.44,33.88953959470044,-1.0256112398757273,55.02347296733217,31.37,3.0,headache,S019
-1.15,0.44,33.90952679236521,-0.9753028160657181,54.97900966680204,31.37,3.0,headache,S019
-14.71,0.44,33.90811724665459,-1.0258367353691127,55.02125217537584,31.37,3.0,headache,S019
14.47,0.44,34.04001689880632,-0.9702206129871845,54.97624863956562,31.37,3.0,headache,S019
-3.06,0.44,33.77685054180146,-1.0422699069023456,55.029559025310995,31.37,3.0,headache,S019
-13.58,0.44,33.83573619043928,-0.6841806169982542,54.95631149390315,31.37,3.0,headache,S019
13.44,0.44,34.08867559278819,-0.8210098595827436,55.23155341391012,31.37,3.0,headache,S019
-9.77,0.44,33.26986015390733,-0.9584549769667763,55.31013780483612,31.37,3.0,headache,S019
-7.5,0.44,33.77633897829888,-1.0188290149685566,55.085489224553704,31.37,3.0,headache,S019
9.61,0.44,33.765388939650194,-0.983490248513107,55.03735349792763,31.37,3.0,headache,S019
-11.53,0.44,33.60876483598069,-1.0164424773369745,54.979013543321905,31.37,3.0,headache,S019
-5.79,0.44,33.99013584885598,-0.9830743244210184,55.01431703889703,31.37,3.0,headache,S019
26.03,0.44,33.98154438274516,-1.0176205542279764,54.98954647995085,31.39,3.0,headache,S019
-10.91,0.43,34.02106537249238,-0.9815556032172728,55.00782878413854,31.39,3.0,headache,S019
-2.91,0.44,33.97289775891973,-1.0193852223047082,54.994150056136995,31.39,3.0,headache,S019
16.51,0.44,34.04524651440289,-0.9795414324526034,55.00423167791906,31.39,3.0,headache,S019
-4.73,0.43,33.86477564145313,-1.02169691181571,54.99718854129323,31.37,3.0,headache,S019
-3.38,0.44,33.827837575314305,-0.9768503670910876,55.0014807641798,31.37,3.0,headache,S019
10.51,0.44,33.97827467256618,-1.0248887517682193,54.99984723026189,31.37,3.0,headache,S019
-12.29,0.43,33.88700012978422,-0.9729789916668173,54.998741988754404,31.37,3.0,headache,S019
4.94,0.43,34.04639019450385,-1.0297105231557167,55.00285535597084,31.39,3.0,headache,S019
7.49,0.44,33.71715091104389,-0.9667773942700989,54.995209311723194,31.39,3.0,headache,S019
-17.15,0.44,33.96170605449157,-1.038014720747496,55.00732288731962,31.39,3.0,headache,S019
13.03,0.43,33.64979608200534,-0.955054587985897,54.98902930395754,31.39,3.0,headache,S019
-9.51,0.44,33.94668071316638,-1.0558255135523176,55.01700855908623,31.39,3.0,headache,S019
-5.17,0.44,33.7816446914995,-0.9248026796548471,54.970155388284,31.39,3.0,headache,S019
15.51,0.43,33.94750691731244,-1.1182864501251597,55.086651270735565,31.39,3.0,headache,S019
-13.79,0.44,33.33201666183672,-0.8873522479255775,55.062292977587305,31.39,3.0,headache,S019
-3.64,0.44,33.8703350559218,-1.086804917436,55.080926098862946,31.39,3.0,headache,S019
16.16,0.43,33.73368351471418,-1.1707018680978831,55.05848981066825,31.39,3.0,headache,S019
-15.36,0.44,33.786936763514355,-1.027773555040947,54.96781636273671,31.39,3.0,headache,S019
3.32,0.44,33.8668342878537,-1.0187230374401857,55.02366252006635,31.39,3.0,headache,S019
5.99,0.44,33.66541622118712,-0.9509251254392532,54.98078421887855,31.37,3.0,headache,S019
-9.6,0.44,33.88313164754704,-0.8986359315684366,55.016431954370546,31.37,3.0,headache,S019
14.63,0.44,33.960766560691006,-1.013031319881963,54.985491595771755,31.37,3.0,headache,S019
-2.17,0.44,33.794690534156565,-0.994939414372275,55.013093997778945,31.37,3.0,headache,S019
-6.78,0.45,33.94470166498752,-1.0030432206372812,54.98799101572992,31.37,3.0,headache,S019
21.1,0.44,34.048732632623185,-0.9973878554023932,55.01115141132655,31.37,3.0,headache,S019
-9.82,0.43,33.92275401397022,-1.0027602672174991,54.989540785819564,31.37,3.0,headache,S019
-10.32,0.44,33.91488244883939,-0.9968489141143619,55.00989274799308,31.37,3.0,headache,S019
24.42,0.44,34.01862315333502,-1.0036512783518337,54.99057400246775,31.37,3.0,headache,S019
-8.68,0.44,33.98750209298081,-0.9957965911056452,55.009041921390704,31.37,3.0,headache,S019
-12.37,0.44,33.889453744726346,-1.0047801432952193,54.991269989556244,31.37,3.0,headache,S019
19.73,0.44,33.97795880720644,-0.9946416142658282,55.00848525188205,31.37,3.0,headache,S019
-7.15,0.44,34.04249161719316,-1.0058764754808944,54.99169170617862,31.35,3.0,headache,S019
-5.29,0.43,33.83515023823466,-0.99394987392656,55.008207154370865,31.35,3.0,headache,S019
9.18,0.43,33.845599287989415,-1.0038895660868283,54.99179822659206,31.35,3.0,headache,S019
-12.83,0.44,34.07313629835351,-1.0946040379328998,55.0083351979442,31.35,3.0,headache,S019
4.19,0.43,33.899753282545426,-1.0951100707407275,54.99129657155855,31.37,3.0,headache,S019
5.85,0.43,33.764000660676736,-1.0828179616323075,55.00955038587825,31.37,3.0,headache,S019
-18.11,0.43,33.86543903214242,-0.874417508539157,54.98832226840853,31.37,3.0,headache,S019
11.13,0.44,33.93646965025732,-0.5874108402122524,55.01977107772333,31.37,3.0,headache,S019
-5.89,0.43,33.77131578756228,-1.1792142427984946,55.123226416439756,31.37,3.0,headache,S019
-6.13,0.44,33.29417749331748,-2.1531831394812797,55.231075463599105,31.37,3.0,headache,S019
11.68,0.44,33.72949628422513,-1.365645293560366,55.012935312783405,31.37,3.0,headache,S019
-20.22,0.45,33.671054761301406,-1.3569646740162309,54.9829352244822,31.37,3.0,headache,S019
9.92,0.46,34.076399388376075,-0.6475735304122914,54.87615533760301,31.39,3.0,headache,S019
9.62,0.46,33.80837589543916,-0.39988948511179495,55.0165013535774,31.39,3.0,headache,S019
-16.35,0.47,33.88171801877227,-1.0604364670238524,54.989283005620216,31.39,3.0,headache,S019
12.03,0.47,34.02595895172876,-0.9587771152338769,55.00886399558748,31.39,3.0,headache,S019
14.63,0.47,33.99265215273803,-1.0335309491454694,54.99194871956918,31.39,3.0,headache,S019
-16.92,0.47,33.99618002303157,-0.970219681842219,55.00767151020184,31.39,3.0,headache,S019
1.91,0.47,34.01707324980213,-1.027787280755485,54.99246975774364,31.39,3.0,headache,S019
9.94,0.48,33.94283740703484,-0.9733675122191595,55.00755678634281,31.39,3.0,headache,S019
-11.01,0.48,33.90434979460943,-1.0255819265642965,54.99226714418743,31.39,3.0,headache,S019
1.5,0.49,34.01866951735562,-0.9774983579420218,55.00807366676536,31.39,3.0,headache,S019
1.89,0.5,34.00543721309479,-0.9275899719502259,54.99136965050483,31.39,3.0,headache,S019
-14.49,0.51,33.90832212395791,-1.1497605811620166,55.009513360903455,31.39,3.0,headache,S019
5.15,0.51,33.50985499310673,-1.096411461931929,54.98903727922708,31.37,3.0,headache,S019
-7.16,0.51,33.617586656522434,-0.9130385790666867,55.01357734687571,31.37,3.0,headache,S019
-12.67,0.52,33.94708975895824,-0.9625761751017695,54.98066426376017,31.37,3.0,headache,S019
17.78,0.51,33.98828623421417,-0.8176315133224668,55.04080216969627,31.37,3.0,headache,S019
-13.89,0.52,33.772544198645484,-1.5678810937082956,55.1094440620239,31.37,3.0,headache,S019
4.4,0.52,34.00271498786088,-1.3777397444508113,54.98027427536162,31.37,3.0,headache,S019
15.03,0.51,33.98960523112188,-0.9215326789175627,55.00980148896282,31.37,3.0,headache,S019
-12.97,0.51,34.0098965907328,-1.041484272818835,54.99395543286472,31.37,3.0,headache,S019
6.31,0.51,33.99125517035955,-0.9739027481241361,55.0041027865328,31.37,3.0,headache,S019
0.48,0.5,34.007594687369554,-1.017556141519389,54.997060413326366,31.37,3.0,headache,S019
-5.21,0.5,33.993466185736345,-0.9879222884327137,55.00218207884836,31.37,3.0,headache,S019
12.64,0.5,34.00556140235456,-1.0082330524712209,54.99833657398073,31.37,3.0,headache,S019
-11.13,0.5,33.995338456798976,-0.9946405747851134,55.00129799648076,31.37,3.0,headache,S019
5.71,0.49,34.00381764804101,-1.0031064376821106,54.998962501567306,31.37,3.0,headache,S019
1.78,0.5,33.99698481174948,-0.9987290816565394,55.00085279902662,31.37,3.0,headache,S019
-12.44,0.49,34.00224180018586,-0.9997265480053671,54.999274550580964,31.37,3.0,headache,S019
14.51,0.48,33.998513176658456,-1.0016097133162165,55.00064337187838,31.37,3.0,headache,S019
-15.55,0.49,34.00074077507216,-0.9972049277609021,54.999401487249465,31.37,3.0,headache,S019
3.32,0.48,34.00000513124126,-1.0038705956225251,55.00058549888471,31.37,3.0,headache,S019
11.94,0.48,33.99924057598697,-0.9951331078951806,54.99939915884061,31.37,3.0,headache,S019
-18.57,0.48,34.00153079641727,-1.0058075817091343,55.0006424550026,31.35,3.0,headache,S019
24.67,0.48,33.99767144490372,-0.9932885326469705,54.99929062330938,31.35,3.0,headache,S019
-4.27,0.48,34.003163146933375,-1.0075938804626756,55.00080161039758,31.35,3.0,headache,S019
-7.71,0.49,33.995953162779855,-0.9915325758866147,54.999079927611255,31.35,3.0,headache,S019
24.37,0.48,34.004994652688545,-1.009342159647238,55.00106661853901,31.39,3.0,headache,S019
-11.77,0.48,33.993974219884315,-0.9897749060331796,54.998755843468984,31.39,3.0,headache,S019
-2.17,0.48,34.007165764036195,-1.0111185234197648,55.001456859424,31.39,3.0,headache,S019
20.47,0.49,33.99154983519531,-0.9879838256565395,54.998289482159365,31.39,3.0,headache,S019
-14.52,0.49,34.009931044515675,-1.0128946428589942,55.002013101943234,31.37,3.0,headache,S019
0.02,0.5,33.98831064142749,-0.9863060657968674,54.99762433065471,31.37,3.0,headache,S019
29.56,0.51,34.01386094851353,-1.0142703206276462,55.00281389746633,31.37,3.0,headache,S019
-24.67,0.52,33.98330179426188,-0.9857297089515465,54.996649113196796,31.37,3.0,headache,S019
-13.13,0.53,34.02074386193312,-1.012740505355558,55.004023087677275,31.39,3.0,headache,S019
28.83,0.53,33.972531466532395,-0.9933881773766903,54.99510307130557,31.39,3.0,headache,S019
-4.47,0.53,34.043034573174005,-0.981771922608724,55.006156567388246,31.39,3.0,headache,S019
-16.68,0.53,33.82622006717158,-1.4428453873745788,55.117913414268315,31.39,3.0,headache,S019
19.21,0.53,34.03673530082563,-1.5886793764365936,55.00855874022063,31.37,3.0,headache,S019
-8.23,0.53,34.2385233414239,0.24039573643630716,54.988260711503536,31.37,3.0,headache,S019
-14.7,0.52,34.00349692104741,-0.5635876772165845,55.01692455060314,31.37,3.0,headache,S019
8.69,0.52,33.96513019405941,-1.027217681816551,54.97164428740569,31.37,3.0,headache,S019
-6.6,0.51,33.67211219434693,-1.8308253553578626,55.08303393344441,31.37,3.0,headache,S019
-14.82,0.51,33.720990773094115,-1.5240929895689583,55.074570568890074,31.37,3.0,headache,S019
15.95,0.51,33.88277925176359,-0.8522622540287,54.9803482048642,31.37,3.0,headache,S019
-5.71,0.5,33.979415989353974,-1.1009633144282238,55.004624190913546,31.37,3.0,headache,S019
-20.01,0.51,34.154001269440315,-0.8395633123804247,55.01046221743802,31.35,3.0,headache,S019
22.95,0.5,34.39024961334544,-0.8196525995949147,54.93345839522726,31.35,3.0,headache,S019
2.76,0.5,33.96486387592637,-0.8831087495247941,54.90887374185684,31.35,3.0,headache,S019
-14.28,0.5,34.02165627514672,-1.0642003888761151,55.0377437491983,31.35,3.0,headache,S019
9.91,0.5,33.98674385540069,-0.9489282690811509,54.97346167488979,31.37,3.0,headache,S019
14.18,0.49,34.00729119509761,-1.0451577050459355,55.02157400110149,31.37,3.0,headache,S019
-14.43,0.5,33.997503398777525,-0.957804810937012,54.98121717108607,31.37,3.0,headache,S019
1.77,0.49,33.99835258692053,-1.0410565839369796,55.017038369191084,31.37,3.0,headache,S019
7.33,0.49,34.005090939772096,-0.958548005445497,54.98409503418068,31.39,3.0,headache,S019
-15.57,0.49,33.994210507997316,-1.0435260301065319,55.01518494155498,31.39,3.0,headache,S019
9.12,0.49,33.96318537109977,-0.9520922188625571,54.98521340395351,31.39,3.0,headache,S019
-1.31,0.49,34.0203715809054,-1.0561973402673694,55.01467983314251,31.39,3.0,headache,S019
-16.74,0.48,34.04860961103676,-0.9271679559254543,54.985113289301786,31.39,3.0,headache,S019
18.07,0.49,33.94709612911625,-1.1151703738088645,55.01549910241775,31.39,3.0,headache,S019
-10.23,0.48,34.25138499090746,-0.4185965306468393,54.98325321863181,31.39,3.0,headache,S019
-11.12,0.48,34.11615679974379,-0.9446994799832306,55.01922911667423,31.39,3.0,headache,S019
16.21,0.48,33.73876615222126,-1.707139235635687,54.975044085018304,31.37,3.0,headache,S019
-15.19,0.48,33.995485205765014,-1.1133543832480528,55.046794006743006,31.37,3.0,headache,S019
6.65,0.47,33.8744819436338,-0.9918418569601452,55.103818611353525,31.37,3.0,headache,S019
-5.09,0.47,34.10089475782784,-1.0054806494542186,54.98522409978344,31.37,3.0,headache,S019
-7.76,0.48,34.066490727446336,-0.5297385093014437,55.00477371943193,31.39,3.0,headache,S019
23.55,0.47,34.01252229574314,-0.9509498654037783,54.99905126417258,31.39,3.0,headache,S019
-10.53,0.47,33.984619023320896,-1.025604678538053,54.99892276184662,31.39,3.0,headache,S019
-8.16,0.48,34.01351436757441,-0.9810265084283256,55.00235283979597,31.39,3.0,headache,S019
28.61,0.47,33.98939637153196,-1.0156738507042764,54.99673947015079,31.37,3.0,headache,S019
-8.6,0.47,34.00726051893579,-0.9863535161042352,55.00397859796855,31.37,3.0,headache,S019
-13.37,0.47,33.996484813227006,-1.0122649461934807,54.99539072980442,31.37,3.0,headache,S019
16.94,0.47,33.999164892189995,-0.9887334532854692,55.00522719565425,31.37,3.0,headache,S019
9.8,0.47,34.00624508470264,-1.0105179092184897,54.99409367507598,31.37,3.0,headache,S019
-16.74,0.47,33.986273791805864,-0.9900523972286822,55.006747179831954,31.37,3.0,headache,S019
5.3,0.47,34.026179112285796,-1.009549123196306,54.99207283610249,31.37,3.0,headache,S019
12.65,0.47,33.940802144678734,-0.9904542226791712,55.00983486781717,31.37,3.0,headache,S019
-22.05,0.46,34.07168115766198,-1.0116999644471603,54.98644916825575,31.37,3.0,headache,S019
6.4,0.47,34.15094354056654,-0.9602348154410928,55.0234877503561,31.37,3.0,headache,S019
15.1,0.47,34.58826165503635,-0.5356702290502339,54.906323539764415,31.37,3.0,headache,S019
-19.38,0.47,34.00237086688313,-1.3473995503350595,54.933224002261085,31.37,3.0,headache,S019
1.92,0.47,33.717440912375274,-2.05417299748106,55.04031537979505,31.35,3.0,headache,S019
14.1,0.47,34.01859463108135,-1.3193560990499378,54.93058936540062,31.35,3.0,headache,S019
-15.94,0.47,33.80379011840662,-1.4683752548181803,54.91035242451454,31.35,3.0,headache,S019
-9.17,0.47,34.22540941422473,-0.8652296699076463,55.00972546183235,31.35,3.0,headache,S019
14.99,0.47,34.253631034011924,0.14123633495576077,54.75781408310121,31.35,3.0,headache,S019
-11.04,0.46,34.09360990588504,-0.8545923085569005,55.00100862656983,31.35,3.0,headache,S019
-8.78,0.47,34.189865427202164,-0.9814122677873389,54.98895525737607,31.35,3.0,headache,S019
19.15,0.47,33.80976838862847,-1.897398375590982,55.01385443008087,31.35,3.0,headache,S019
-9.9,0.46,33.88411780648816,-1.0824631907471767,54.982476339656145,31.37,3.0,headache,S019
-3.51,0.46,33.91941121053238,-1.0772275687029949,55.02587928347313,31.37,3.0,headache,S019
19.48,0.47,34.36394907684372,-0.7101606302478521,54.93740552233735,31.37,3.0,headache,S019
-8.54,0.46,34.13046279884507,-0.5317215414061527,54.90495264288972,31.37,3.0,headache,S019
-7.75,0.46,34.00821703135557,-1.1128166912884327,55.02554993291958,31.39,3.0,headache,S019
9.03,0.46,34.08293987958686,-0.9353025279584641,54.98493151877194,31.39,3.0,headache,S019
-5.41,0.47,34.030657476714204,-1.0448153313699544,55.01151069236732,31.39,3.0,headache,S019
-8.66,0.46,34.10786113326593,-0.9661696777401556,54.98948215029388,31.39,3.0,headache,S019
15.83,0.46,33.93888177312385,-1.026713501996176,55.0113536625797,31.35,3.0,headache,S019
-13.79,0.46,34.043721721996235,-0.9784738380358748,54.98525173994781,31.35,3.0,headache,S019
2.59,0.46,33.967998234688366,-1.0173052656408175,55.025085626607385,31.35,3.0,headache,S019
1.95,0.46,34.021917422143,-0.9865759906175541,54.90310766586523,31.35,3.0,headache,S019
-16.84,0.46,33.98842623580941,-1.009278009958652,54.9397321477571,31.33,3.0,headache,S019
10.98,0.46,33.99903094683427,-0.9960884247685788,55.02575458554833,31.33,3.0,headache,S019
-5.63,0.46,34.01958645404184,-0.9948993652077358,54.98208176697699,31.33,3.0,headache,S019
-6.04,0.46,33.94162440378343,-1.0282046332543195,55.01479142529526,31.33,3.0,headache,S019
14.76,0.46,34.36027319961975,-0.5804868444718522,54.98654378008804,31.37,3.0,headache,S019
-16.53,0.46,34.2316147487683,-0.3731603161512245,55.01324140653073,31.37,3.0,headache,S019
8.23,0.46,34.21202239105212,-1.127126859770132,54.98561280872513,31.37,3.0,headache,S019
8.05,0.46,33.71425888955309,-1.9348182403534036,55.019481296063056,31.37,3.0,headache,S019
-12.92,0.46,34.45954618800206,-1.2543092455354645,54.87198792507513,31.39,3.0,headache,S019
11.61,0.46,34.09758059495873,-0.940056896771911,54.988256039936715,31.39,3.0,headache,S019
-4.26,0.46,34.1504868681125,-0.9578378197212603,55.006177688176535,31.39,3.0,headache,S019
-9.67,0.46,34.46238585656492,0.012743170500387894,54.98655842731165,31.39,3.0,headache,S019
28.24,0.46,34.17545797108338,-0.5609358504327228,54.871693599668404,31.39,3.0,headache,S019
-7.93,0.46,34.434252474371135,-1.3158460145936608,55.02258554700346,31.39,3.0,headache,S019
-4.96,0.46,33.95756328874561,-0.9247886913725354,54.98301853170419,31.39,3.0,headache,S019
21.95,0.46,34.078818729087345,-1.033851000401777,55.01574267650466,31.39,3.0,headache,S019
0.13,0.46,33.91316442981048,-0.9760861205290647,54.984108911929255,31.37,3.0,headache,S019
-14.14,0.46,34.10735985694895,-1.0217174745744022,55.016917593950765,31.37,3.0,headache,S019
6.67,0.46,34.046529094822596,-0.975969995740528,54.98111255209179,31.37,3.0,headache,S019
12.86,0.46,34.03752812718814,-1.0312839430367269,55.02233552408147,31.37,3.0,headache,S019
-6.14,0.46,33.960446855591925,-0.9522833859561067,54.97106489301066,31.35,3.0,headache,S019
-14.13,0.46,34.02006761519532,-1.0927315649215907,55.04592222195642,31.35,3.0,headache,S019
13.48,0.46,34.47330136018509,-0.16578094835019452,54.75070492398232,31.35,3.0,headache,S019
-8.82,0.46,34.385712854973804,-0.9730510156645272,54.965964601722426,31.35,3.0,headache,S019
-5.48,0.46,33.67274526481012,-1.8144607740441325,54.995051991135334,31.37,3.0,headache,S019
13.07,0.46,34.13533510631447,-1.4915549825659684,55.06704463183123,31.37,3.0,headache,S019
-8.65,0.46,34.092463748036636,-0.9304032101760431,55.08898967529366,31.37,3.0,headache,S019
-11.86,0.46,34.27823754777114,-0.7639950284328271,54.96378430162457,31.37,3.0,headache,S019
11.72,0.46,33.93820828065882,-1.0801338833724996,55.02583957828074,31.35,3.0,headache,S019
-12.74,0.46,34.0477186626774,-0.9399134267865745,54.977019422066945,31.35,3.0,headache,S019
-5.8,0.46,33.945239783535584,-1.0526777244481313,55.02546587940271,31.35,3.0,headache,S019
14.34,0.46,34.063541251350735,-0.9506919895027213,54.95488567740595,31.35,3.0,headache,S019
-16.71,0.46,33.92114167461336,-1.0479694594195013,54.89074864526105,31.35,3.0,headache,S019
4.99,0.46,34.15626736198007,-0.9519496021586684,55.0285653347497,31.35,3.0,headache,S019
12.17,0.45,33.99458271082352,-1.0494677873147669,54.93428981343755,31.35,3.0,headache,S019
-12.39,0.46,34.048055975795144,-0.9474646280116367,54.87716714202705,31.35,3.0,headache,S019
-6.49,0.46,33.9303624570271,-1.05819452913415,54.92937241349975,31.35,3.0,headache,S019
18.69,0.46,34.107357566731956,-0.9309629491510507,54.96689277657698,31.35,3.0,headache,S019
-13.7,0.46,34.023120254825436,-1.0943698521656182,54.8940340225808,31.35,3.0,headache,S019
1.1,0.46,34.47375695512497,-0.7909243182315092,54.993823791077546,31.35,3.0,headache,S019
5.22,0.46,34.23472390127011,-0.7411446064992744,54.8655242706486,31.35,3.0,headache,S019
-7.71,0.45,34.23586974006582,-1.054631241805767,55.042722823770156,31.35,3.0,headache,S019
4.11,0.46,34.282928008837075,-1.13645422229798,54.96875607841482,31.35,3.0,headache,S019
1.7,0.46,34.23427683126764,-1.215721616885841,55.027110571135374,31.35,3.0,headache,S019
-12.8,0.45,33.885902950866,-0.9747620181974642,54.974422795600894,31.35,3.0,headache,S019
19.73,0.46,34.312411110491816,-0.524585183750325,55.02552799729398,31.35,3.0,headache,S019
-7.07,0.46,34.221987994423934,-0.6646298866986765,54.973286462278914,31.35,3.0,headache,S019
-15.16,0.46,34.055840217826095,-1.681483429279216,55.02936576895351,31.35,3.0,headache,S019
29.32,0.46,34.083757018481656,-1.1929417706118668,54.965524716831915,31.35,3.0,headache,S019
-5.19,0.46,34.0648271367637,-0.9554089456359945,55.04585715690749,31.35,3.0,headache,S019
-7.19,0.46,34.310921078385306,-0.842463399603322,54.90065406684697,31.35,3.0,headache,S019
22.63,0.45,34.39250764997774,-0.7125246747843752,54.8384186605264,31.35,3.0,headache,S019
-0.26,0.45,34.18681365643873,-0.9505792832798796,54.953636897648316,31.35,3.0,headache,S019
-9.14,0.46,34.738628402413916,-1.0042047955397901,54.70565902133876,31.35,3.0,headache,S019
10.99,0.46,35.03325498672348,-1.0051604373451684,54.690762503975705,31.35,3.0,headache,S019
0.25,0.46,34.97986309383644,-0.9910636431206238,54.62907346212582,31.35,3.0,headache,S019
-12.63,0.46,34.980534370345445,-1.010962942488476,54.82105636156427,31.35,3.0,headache,S019
10.06,0.45,34.45793022652635,-0.9877581322713684,54.57523980215804,31.35,3.0,headache,S019
-7.71,0.46,34.76054491461991,-1.0131281746368102,55.000299907117984,31.35,3.0,headache,S019
-1.83,0.46,34.839347486182305,-0.986230707675412,54.81971281122096,31.35,3.0,headache,S019
9.01,0.45,34.809311231086156,-1.0142283349941446,54.61458090330072,31.33,3.0,headache,S019
-14.06,0.45,35.06477455644641,-0.9854748877110759,54.84070026791623,31.33,3.0,headache,S019
-0.22,0.46,34.856506419421194,-1.0146489506246434,54.61880491454648,31.33,3.0,headache,S019
4.77,0.46,34.98883062370325,-0.9854424222438716,54.665888717862614,31.33,3.0,headache,S019
-18.22,0.45,34.99589052769303,-1.014163145225661,54.569628258899144,31.35,3.0,headache,S019
15.92,0.46,34.994970601184995,-0.9867036654722012,54.50178011979426,31.35,3.0,headache,S019
-10.88,0.46,34.76101281622325,-1.011618235393236,54.534688303092494,31.35,3.0,headache,S019
-3.98,0.45,35.0004475324583,-0.9916217894306804,54.618957580676785,31.35,3.0,headache,S019
8.51,0.45,34.867557077516715,-1.0015929370924075,54.72759605039763,31.33,3.0,headache,S019
-14.28,0.46,34.982248777391874,-1.0159914017136058,54.630814385169536,31.33,3.0,headache,S019
10.83,0.46,34.77134653601132,-0.8935109722566403,54.560787925849866,31.33,3.0,headache,S019
-10.04,0.45,34.998215601985954,-0.787061845646587,54.4972629920304,31.33,3.0,headache,S019
-1.02,0.46,34.86246010803609,-1.0963519629272644,54.69195306875852,31.35,3.0,headache,S019
12.07,0.46,34.921207195670846,-0.9205985088230549,54.24991868715206,31.35,3.0,headache,S019
-16.13,0.45,34.61064690682935,-1.0753286480712758,54.71599944298762,31.35,3.0,headache,S019
13.95,0.46,34.94717853643205,-1.1493284537847517,54.57072542668512,31.35,3.0,headache,S019
16.96,0.46,34.45953285352707,-1.1477276334402748,54.93014417758392,31.35,3.0,headache,S019
-23.96,0.45,35.06897809624496,-0.6660202725860538,54.49068957293524,31.35,3.0,headache,S019
4.35,0.46,34.62455338312231,-0.45760857394118776,54.58602771263312,31.35,3.0,headache,S019
26.38,0.46,34.856825402376565,-1.0544525989791065,54.85758517112219,31.35,3.0,headache,S019
-14.01,0.45,34.68125486041571,-0.9942669565547363,54.674623770556956,31.35,3.0,headache,S019
-8.19,0.45,34.678229139640415,-1.1300427012565424,54.94345225027136,31.35,3.0,headache,S019
16.51,0.46,34.66082232390475,-0.985296404293692,54.76317778290842,31.35,3.0,headache,S019
-4.3,0.46,34.38823107027426,-1.001831009169981,54.94930834952105,31.35,3.0,headache,S019
-10.43,0.45,35.0092855376064,-1.0049871789849427,54.178575018092886,31.31,3.0,headache,S019
18.66,0.45,34.833009865242175,-0.9903384717678573,54.47690133168605,31.31,3.0,headache,S019
-0.84,0.46,34.72580775319316,-1.013279756394945,54.34913568724631,31.31,3.0,headache,S019
-10.97,0.46,34.7986147427821,-0.9836869564349889,54.925875242721375,31.31,3.0,headache,S019
13.46,0.46,34.84992762182026,-1.0190166993324632,54.46450238116003,31.33,3.0,headache,S019
-2.57,0.46,34.77725039747062,-0.9784469768300633,54.64236747563174,31.33,3.0,headache,S019
-6.41,0.46,34.89612715274376,-1.0240419917821253,54.648427281061004,31.33,3.0,headache,S019
3.38,0.45,34.82718793165484,-0.9734115696092608,54.419802508794035,31.33,3.0,headache,S019
-4.23,0.46,34.90139840706274,-1.0293028163961846,54.55321350710878,31.35,3.0,headache,S019
-7.27,0.46,34.85612451371215,-0.967673114195559,54.82559425835008,31.35,3.0,headache,S019
11.17,0.46,35.00964070623552,-1.035882193064175,54.7223248195308,31.35,3.0,headache,S019
-11.78,0.46,34.84734347892827,-0.9596031932799726,54.464384927489824,31.35,3.0,headache,S019
-5.08,0.46,35.067479771443566,-1.0469567322371667,54.40820951237963,31.33,3.0,headache,S019
8.73,0.45,34.7521655993193,-0.9400822938475023,54.64699723122211,31.33,3.0,headache,S019
-14.76,0.46,34.916559984020246,-1.156144449805534,54.74584404710523,31.33,3.0,headache,S019
-1.09,0.46,34.71459198565729,-0.9880809552771838,54.77011636069103,31.33,3.0,headache,S019
15.2,0.45,34.85753002714204,-1.037523777705723,54.695199347555814,31.33,3.0,headache,S019
-14.64,0.45,34.891729590066625,-0.9492497113253864,54.65992999789892,31.33,3.0,headache,S019
3.39,0.46,34.94721945676529,-1.0644743626968214,54.64740703569889,31.33,3.0,headache,S019
-2.37,0.45,35.03548833471921,-0.9151547762047296,54.411207673334616,31.33,3.0,headache,S019
-6.5,0.45,34.15959373405051,-1.139353510063363,54.95466233507949,31.35,3.0,headache,S019
14.08,0.46,34.65303146192029,-0.9881407435656657,55.00031115232977,31.35,3.0,headache,S019
-12.89,0.46,34.56305534972186,-1.302260996749299,54.92234466561515,31.35,3.0,headache,S019
2.27,0.46,34.904596512048606,-0.5438509148797341,54.721809080341565,31.35,3.0,headache,S019
11.96,0.46,34.972655104819275,-0.04416296866285411,54.30831387411237,31.35,3.0,headache,S019
-2.74,0.46,34.956227599901204,-0.9710365911106634,54.39830849128654,31.35,3.0,headache,S019
6.6,0.46,34.33896419951145,-1.6301219417689623,54.90906132202635,31.35,3.0,headache,S019
3.92,0.46,34.639203102455,-1.728084284050756,54.869436259553936,31.35,3.0,headache,S019
-10.24,0.46,34.48168412665457,-1.166265006156374,54.77948129430918,31.33,3.0,headache,S019
14.75,0.45,34.68759488037023,-1.4119712758163843,54.738905763380494,31.33,3.0,headache,S019
-4.19,0.46,35.079868023965545,-0.05411488338132565,54.49941875397247,31.33,3.0,headache,S019
-18.42,0.46,34.8858806240195,-0.5496476001448256,54.46808616969001,31.33,3.0,headache,S019
19.73,0.46,34.63408601042319,-1.017145306350112,55.01728653643607,31.35,3.0,headache,S019
-0.88,0.47,34.70726671855247,-1.0095876350954271,54.844110567014596,31.35,3.0,headache,S019
-3.73,0.48,34.33879253103705,-0.8571376047160025,54.9786082883979,31.35,3.0,headache,S019
16.62,0.48,34.92380779780247,-1.0209779285199827,54.82102764300598,31.35,3.0,headache,S019
-2.17,0.49,34.49344476168841,-0.9808162272493672,54.85461428408409,31.33,3.0,headache,S019
-7.2,0.5,34.79765858641786,-1.0175129990237035,54.65781460312429,31.33,3.0,headache,S019
7.14,0.5,34.9199598528219,-0.9841533704033774,54.463868195295674,31.33,3.0,headache,S019
-2.71,0.5,34.6563067635692,-1.0142388050685895,54.81300990505532,31.33,3.0,headache,S019
-8.68,0.5,34.63068850064135,-0.9872814472649016,54.3977589780472,31.35,3.0,headache,S019
6.87,0.5,34.64044619800365,-1.0112944784352418,54.88055237396533,31.35,3.0,headache,S019
-6.14,0.5,34.737280928970875,-0.9900352582049303,54.48833236767698,31.35,3.0,headache,S019
-0.92,0.49,34.977439067679676,-1.008722817374023,54.72196879458435,31.35,3.0,headache,S019
-1.52,0.49,34.36571327805792,-0.9924395780490076,54.68230674871315,31.31,3.0,headache,S019
-17.5,0.49,35.005442204203725,-1.0064689372104474,54.69406135609043,31.31,3.0,headache,S019
8.36,0.49,34.83143484734787,-0.9945599319450552,54.86309692123686,31.31,3.0,headache,S019
-9.57,0.49,35.03069903945837,-1.0044661170456135,54.52927079846564,31.31,3.0,headache,S019
-6.46,0.49,34.823006779887066,-0.9964599316353331,54.76119019553963,31.33,3.0,headache,S019
7.6,0.48,34.6634795297905,-1.002655580021878,54.774848892081245,31.33,3.0,headache,S019
-18.08,0.48,34.978146743389104,-0.9981930650072275,54.93660842671866,31.33,3.0,headache,S019
14.08,0.48,34.91304770329145,-1.0009889773926945,54.82618965554985,31.33,3.0,headache,S019
-4.74,0.48,34.95295821281344,-0.9998029528358633,54.523816781249316,31.33,3.0,headache,S019
0.53,0.48,34.90668546604147,-0.9994269203680961,54.79998832131907,31.33,3.0,headache,S019
6.98,0.48,34.647975487333504,-1.0013252408318811,54.481012387115996,31.33,3.0,headache,S019
-8.24,0.48,35.15821584100329,-0.997937074585132,54.74229255525422,31.33,3.0,headache,S019
20.03,0.48,34.742079997334734,-1.0027892945053776,54.75633981591738,31.33,3.0,headache,S019
-3.03,0.48,34.753824210801916,-0.9964928190875633,54.59719900276599,31.33,3.0,headache,S019
-13.74,0.48,34.75047248979362,-1.0042190583980326,54.891780588221955,31.33,3.0,headache,S019
21.79,0.49,35.10736519897335,-0.9950730348212845,54.67749605497835,31.33,3.0,headache,S019
10.57,0.48,34.85083979211813,-1.0056323535693215,54.87813529935095,31.33,3.0,headache,S019
-23.06,0.48,35.00431815473034,-0.9936641870248152,54.84700566800167,31.33,3.0,headache,S019
13.38,0.48,34.653105433658936,-1.0070365622410888,54.90341219155165,31.33,3.0,headache,S019
21.67,0.48,34.717096401250636,-0.9922685059896946,54.74553562144828,31.33,3.0,headache,S019
-14.95,0.48,34.77700507605456,-1.0084132824653815,54.87546775398121,31.31,3.0,headache,S019
-8.06,0.48,34.52199355434877,-0.990933646603987,54.82889584405423,31.31,3.0,headache,S019
22.56,0.48,34.76413895285813,-1.0096574195548058,54.83735674429646,31.31,3.0,headache,S019
5.17,0.48,34.83108192295236,-0.9898898379412431,54.68258059258739,31.31,3.0,headache,S019
-16.34,0.48,34.91181421363304,-1.0102242767537333,54.93834251734719,31.35,3.0,headache,S019
5.16,0.48,35.081036098509585,-0.9906616883426708,54.92626188551475,31.35,3.0,headache,S019
13.58,0.48,34.881995474864475,-1.0040887152079514,54.55621873298289,31.35,3.0,headache,S019
-17.1,0.48,34.791460648144266,-1.079818635948582,54.146563652227684,31.35,3.0,headache,S019
-7.26,0.48,34.776725540966595,-1.1440616702311317,54.37096078230447,31.33,3.0,headache,S019
24.1,0.48,34.928199033249726,-0.7547707778817812,54.64593529223523,31.33,3.0,headache,S019
-13.64,0.48,34.73160916348211,-0.3083220988797092,54.35707020491005,31.33,3.0,headache,S019
-12.49,0.48,34.43991522559376,-1.3213428946859063,55.00904081541765,31.33,3.0,headache,S019
20.12,0.48,34.39843580220349,-1.744203090974866,54.92484163659508,31.33,3.0,headache,S019
-6.01,0.48,34.66456462773361,-1.0551557426744498,54.83413527089978,31.33,3.0,headache,S019
-11.58,0.48,34.855968086990664,-1.1499658511002413,54.68412804139183,31.33,3.0,headache,S019
9.13,0.48,34.72969958137326,-0.60529424464098,54.6093055963501,31.33,3.0,headache,S019
-15.73,0.48,35.223646587269776,-0.5743287344437007,54.14970439007286,31.33,3.0,headache,S019
-3.8,0.48,34.925928470135254,-0.7894665831137959,54.497333533696306,31.33,3.0,headache,S019
21.83,0.48,34.90595603857073,-0.886992897288356,54.33583178139224,31.33,3.0,headache,S019
-11.65,0.48,34.89283171373601,-0.6431492539241789,54.08906037824321,31.33,3.0,headache,S019
-0.14,0.48,34.821122066223666,-1.246045235841938,54.21210608817675,31.33,3.0,headache,S019
14.45,0.48,34.257291101210235,-1.4537582090470396,55.02286234711156,31.33,3.0,headache,S019
-17.58,0.48,34.813212734602814,-1.640646483620488,54.750330651218,31.33,3.0,headache,S019
-3.98,0.48,34.479601572209354,-1.2609122847649268,55.00770881481379,31.33,3.0,headache,S019
7.69,0.48,35.051593292749175,-1.2362026583741539,54.457482137541305,31.31,3.0,headache,S019
-10.59,0.48,35.16278483271501,0.2639438553561483,54.04599520242863,31.31,3.0,headache,S019
6.09,0.48,34.846823517480786,-0.2698632127099828,54.534259885604385,31.31,3.0,headache,S019
9.29,0.48,34.72798734026324,-1.33970689919415,55.12160949481832,31.31,3.0,headache,S019
-20.95,0.48,34.79418211003156,-0.804359320805438,54.49793135543166,31.31,3.0,headache,S019
9.87,0.48,34.69196390566992,-1.1446469209082193,54.44984110737415,31.31,3.0,headache,S019
7.68,0.48,35.06429519228779,-0.882389373136937,54.6428990268108,31.31,3.0,headache,S019
-13.74,0.48,34.95724467595837,-1.1010824853015821,54.56069925256561,31.31,3.0,headache,S019
8.56,0.48,35.002317074768,-0.9096623101545509,54.67055997455643,31.33,3.0,headache,S019
4.24,0.48,34.73199414128586,-1.083321652698589,54.46725378667158,31.33,3.0,headache,S019
-9.05,0.48,35.065791582677655,-0.9209045312306893,54.87852175100312,31.33,3.0,headache,S019
5.13,0.49,34.8776451275092,-1.0773485413249775,54.4349324132567,31.33,3.0,headache,S019
-5.57,0.49,34.88713656521921,-0.9216761045256674,54.51787972036404,31.33,3.0,headache,S019
-3.57,0.49,34.92673474676752,-1.0831301232552943,54.723247500232034,31.33,3.0,headache,S019
12.17,0.49,35.045622310792616,-0.9049003470553021,54.455585219858946,31.33,3.0,headache,S019
-19.48,0.49,34.96080077606684,-1.126808612565043,54.42966068662769,31.33,3.0,headache,S019
-2.78,0.49,35.0482198956277,-0.6990932944191657,54.44104264045369,31.33,3.0,headache,S019
8.5,0.49,35.02847993772642,-0.8416573310716634,54.42828499807975,31.33,3.0,headache,S019
-11.06,0.49,34.41031191031327,-0.6538385264502246,54.74001163646472,31.33,3.0,headache,S019
9.85,0.49,34.61125572375629,-1.246161597832463,54.85483492355323,31.33,3.0,headache,S019
7.79,0.49,34.449526229887105,-1.6213688295762914,54.994099193327756,31.31,3.0,headache,S019
-14.85,0.49,34.837842045382736,-1.1478113750169174,54.740778086816256,31.31,3.0,headache,S019
7.95,0.5,34.737665163328955,-0.9493001022643393,54.679017125096486,31.31,3.0,headache,S019
-0.29,0.51,34.58552699670127,-1.2749420317584257,54.89050389664588,31.31,3.0,headache,S019
-9.2,0.53,34.9179417143646,-0.9108543710535202,54.581313383487746,31.29,3.0,headache,S019
15.5,0.53,35.0143946309416,-0.9635292930233573,54.54752253219735,31.29,3.0,headache,S019
-12.68,0.54,34.7880462339085,-0.4350173887440133,54.212278096964525,31.29,3.0,headache,S019
8.42,0.54,34.83242782128627,-0.907771336165221,54.628462097148095,31.29,3.0,headache,S019
13.88,0.54,35.01087052637234,-1.0368654214188227,54.57641227073335,31.31,3.0,headache,S019
-14.81,0.54,34.991127799608705,-0.9779546999949138,54.657694627982096,31.31,3.0,headache,S019
1.5,0.54,35.017767106808364,-1.0152238359918477,54.35958998914378,31.31,3.0,headache,S019
16.59,0.54,34.90879804213817,-0.9884401085394092,54.20362298002021,31.31,3.0,headache,S019
-11.77,0.54,34.9340975024078,-1.0097228995933052,54.60744426311914,31.29,3.0,headache,S019
-3.28,0.53,35.03373171263557,-0.990431248464098,54.4561427037097,31.29,3.0,headache,S019
22.4,0.53,34.840756076934866,-1.0125820407562116,54.61083352309549,31.29,3.0,headache,S019
-13.37,0.52,35.05954085880611,-0.9670475970244271,54.6114289998817,31.29,3.0,headache,S019
1.46,0.52,35.41154292811041,-0.6557731420675561,54.08245120355698,31.31,3.0,headache,S019
14.5,0.52,35.00724020996388,-0.8001777225707146,54.01761853599561,31.31,3.0,headache,S019
-21.85,0.52,34.868628601414606,-1.5994649200411644,54.27478389208792,31.31,3.0,headache,S019
4.83,0.52,34.77594155325411,-2.041133278619193,54.37017959322293,31.31,3.0,headache,S019
9.11,0.52,34.82415407220754,-1.1571347567290875,54.25888169694972,31.29,3.0,headache,S019
-19.8,0.52,34.841364625460145,-1.605249103937966,54.527742000443595,31.29,3.0,headache,S019
12.22,0.51,34.90355980003954,-1.3179728818586165,54.51342634829772,31.29,3.0,headache,S019
-4.5,0.52,34.93474487242913,-0.9499672567048584,54.00332467925185,31.29,3.0,headache,S019
-5.34,0.52,35.162420416592056,-0.45098246891445065,54.225656834168554,31.31,3.0,headache,S019
6.23,0.51,34.534186865612675,-0.7857745821081314,54.56474468261383,31.31,3.0,headache,S019
-20.49,0.51,34.92831855710023,-1.058545286260985,54.84249700791639,31.31,3.0,headache,S019
14.62,0.51,34.8300721564246,-0.9618982738293648,54.629284797206985,31.31,3.0,headache,S019
-17.13,0.51,34.7887205662372,-1.0292653042607975,54.75374308972763,31.29,3.0,headache,S019
1.74,0.51,35.00545012121202,-0.9757110556276404,54.67551393367281,31.29,3.0,headache,S019
28.31,0.51,34.625542045663636,-1.0211069458240492,54.41801939978376,31.29,3.0,headache,S019
1.59,0.51,34.85398922197601,-0.9810844851995884,54.62857411912208,31.29,3.0,headache,S019
2.62,0.5,34.81354788930371,-1.0173319148122681,54.59573689232943,31.31,3.0,headache,S019
15.28,0.5,34.80370345623707,-0.9838510904193501,54.78578707586341,31.31,3.0,headache,S019
-8.96,0.51,34.638063593457225,-1.0152436718246227,54.69473852841976,31.31,3.0,headache,S019
-10.92,0.51,35.083576692289114,-0.985461772252433,54.768687406128784,31.31,3.0,headache,S019
25.4,0.52,34.75474577013498,-1.0139802182485869,54.75113242712876,31.29,3.0,headache,S019
-11.32,0.54,34.80065126900428,-0.986467313594634,54.83671385597966,31.29,3.0,headache,S019
-8.1,0.55,34.59268615094308,-1.0131682471629675,54.68480776047757,31.29,3.0,headache,S019
13.0,0.55,34.66316260942058,-0.9871344720988934,54.81958045334311,31.29,3.0,headache,S019
-17.77,0.55,34.483350232548545,-1.0126068370399364,54.74064245543256,31.31,3.0,headache,S019
-1.21,0.55,34.663501362876154,-0.987623493490498,54.78506431622516,31.31,3.0,headache,S019
13.7,0.55,34.74143579351565,-1.012159595480749,54.94861245216112,31.31,3.0,headache,S019
-22.01,0.55,34.510634808602056,-0.9880592176080637,54.9225633511643,31.31,3.0,headache,S019
4.5,0.55,34.74512712553899,-1.0117034035800565,54.85827119930293,31.29,3.0,headache,S019
5.14,0.54,34.64094302292103,-0.9885711389631402,54.843161118777275,31.29,3.0,headache,S019
-12.32,0.54,35.026329905066156,-1.0110974312256948,54.83128860895411,31.29,3.0,headache,S019
9.81,0.54,34.81022153514342,-0.9893055842666648,54.56371755609323,31.29,3.0,headache,S019
2.74,0.53,34.61847762877652,-1.0102375655743716,54.9434867288996,31.29,3.0,headache,S019
-11.24,0.53,34.54310691230832,-0.9900977182796101,54.8589276145944,31.29,3.0,headache,S019
8.88,0.53,34.770112419133575,-1.0107554045396159,54.84255813863467,31.29,3.0,headache,S019
-4.66,0.52,35.02546262864776,-0.9766293097048229,54.8008546665183,31.29,3.0,headache,S019
-11.12,0.52,35.691683744271565,-0.6434629711147606,54.042753335264386,31.29,3.0,headache,S019
11.95,0.52,36.01984082114425,-0.9860489863536513,53.986900311065526,31.29,3.0,headache,S019
-6.75,0.52,36.04633532480851,-0.4328648682091093,53.89682215179446,31.29,3.0,headache,S019
5.47,0.51,36.071906477903326,-0.2641164126196565,53.769383617592396,31.29,3.0,headache,S019
26.45,0.51,36.01590770159867,-0.40736891470121395,53.95895948275124,31.31,3.0,headache,S019
-22.99,0.51,35.98289231161128,-0.1912205575425907,54.00302230789195,31.31,3.0,headache,S019
1.75,0.51,35.54150785024213,-1.3999797623978707,53.99973517811613,31.31,3.0,headache,S019
3.73,0.5,36.039480690908896,-1.9711775679802097,54.010121869609684,31.31,3.0,headache,S019
-6.63,0.5,36.427407424133285,-1.1965338063461217,53.88194643192062,31.31,3.0,headache,S019
-12.27,0.5,36.04604008222328,-0.7331172528068786,53.6683153008486,31.31,3.0,headache,S019
-33.99,0.5,36.03027061570749,-0.44320040649690456,53.9394953421416,31.31,3.0,headache,S019
14.66,0.5,35.97939804826881,-0.9512739124712183,53.98295266119454,31.31,3.0,headache,S019
29.71,0.5,36.14242063804982,-0.039043714317417044,53.75736289351238,31.33,3.0,headache,S019
-26.27,0.49,35.98395029854111,-0.6671446221046063,54.012921515048625,31.33,3.0,headache,S019
17.98,0.5,36.01060927736197,-1.1092859271493407,53.99810579148946,31.33,3.0,headache,S019
-2.25,0.5,35.99305642424257,-0.9203674527111954,53.99736186412782,31.33,3.0,headache,S019
2.46,0.49,36.003995716614824,-1.07148103114184,54.00528270112579,31.31,3.0,headache,S019
18.07,0.49,35.99854859248406,-0.9296566120833799,53.99285872927401,31.31,3.0,headache,S019
-28.33,0.49,35.99917676736188,-1.0729307519394045,54.00862650656074,31.31,3.0,headache,S019
-11.43,0.49,36.002852400648095,-0.9215169836003363,53.99007038294227,31.31,3.0,headache,S019
23.16,0.49,35.99550476128958,-1.087359439905447,54.01113555709292,31.29,3.0,headache,S019
-7.45,0.49,36.00513822677888,-0.898828542156679,53.9877885680168,31.29,3.0,headache,S019
3.1,0.49,35.997961185570354,-1.1253561204942986,54.01275919051829,31.29,3.0,headache,S019
22.03,0.49,35.97082154708201,-0.760306696331129,53.98968413089203,31.29,3.0,headache,S019
-22.11,0.49,35.85672353561973,-1.0037278917547618,53.97585706190352,31.29,3.0,headache,S019
10.91,0.49,36.115422315861,-0.1110766083296329,53.56363432903633,31.29,3.0,headache,S019
16.92,0.48,35.99975975485634,-0.7790950558348388,53.673434041370086,31.29,3.0,headache,S019
-20.71,0.49,35.93925411494621,-1.5743192315397043,54.067048693473495,31.29,3.0,headache,S019
13.16,0.49,35.882111744512315,-1.1809248613627885,53.90782388088929,31.29,3.0,headache,S019
7.15,0.48,35.999740236058656,-1.0085502784226932,53.91752709682732,31.29,3.0,headache,S019
-22.86,0.48,35.94071024239544,-1.0713163324330344,54.04516310375814,31.29,3.0,headache,S019
15.53,0.49,36.24387355516383,-0.43924022858692197,53.75067482556823,31.29,3.0,headache,S019
-2.15,0.48,36.24557989366451,-0.10251810462896116,53.84398029158747,31.29,3.0,headache,S019
-8.63,0.48,35.89613516165215,-1.236826563065411,53.9545676488256,31.29,3.0,headache,S019
25.65,0.49,36.0526505746902,-0.8464621353429078,53.90497845695688,31.29,3.0,headache,S019
-9.43,0.49,35.978420468293876,-1.1182242978756225,54.038955467471624,31.29,3.0,headache,S019
-8.13,0.48,35.96948790685065,-0.901437792685475,53.975029335925974,31.29,3.0,headache,S019
22.07,0.49,35.75837824538238,-1.0862306109540436,54.01821179581932,31.29,3.0,headache,S019
-12.31,0.49,35.85100478034207,-0.9219111457066281,53.98585576728781,31.29,3.0,headache,S019
-8.71,0.48,35.18411782343869,-1.072546149048488,54.01139924926932,31.29,3.0,headache,S019
18.71,0.48,35.78944790584365,-0.9327241206007898,53.9905909334371,31.31,3.0,headache,S019
-12.73,0.48,35.69344041400942,-0.9591987593524463,54.00789263217324,31.31,3.0,headache,S019
-2.04,0.48,36.05641572464078,-0.4025705538392096,53.993306119490654,31.31,3.0,headache,S019
14.62,0.48,35.92960467122754,-0.4537781980720629,54.00571876738567,31.31,3.0,headache,S019
-20.78,0.48,35.75500638980495,-0.9591221394319116,53.99509298641261,31.31,3.0,headache,S019
-0.45,0.48,35.269704047946256,-1.591585031566357,54.00421805129923,31.31,3.0,headache,S019
0.02,0.48,35.61947335318551,-1.1990777361282279,53.99637653687277,31.31,3.0,headache,S019
-20.22,0.48,35.99701333479737,-0.9550235696526677,54.00310265142624,31.31,3.0,headache,S019
7.31,0.48,35.99759903063073,-1.0153934070437571,53.9973597740083,31.29,3.0,headache,S019
-8.67,0.48,35.83093847113573,-0.9976098388011294,54.00222435622475,31.29,3.0,headache,S019
-3.09,0.48,35.94728224207185,-0.993511765302759,53.998154311771394,31.29,3.0,headache,S019
10.03,0.48,35.95222444480538,-1.0167652651316579,54.00149660342602,31.29,3.0,headache,S019
-19.36,0.48,36.06318365148891,-0.9598602597958549,53.998829312854454,31.29,3.0,headache,S019
10.77,0.48,35.89487157631128,-1.2028036468801917,54.00086232502154,31.29,3.0,headache,S019
13.64,0.49,35.844555907064674,-1.9551277266370168,53.999433628473376,31.29,3.0,headache,S019
-16.12,0.48,35.93503844390905,-1.4186900121802373,54.00027784769899,31.29,3.0,headache,S019
8.41,0.48,36.11571264070527,-0.8546703834537062,54.00000837206647,31.29,3.0,headache,S019
12.38,0.48,35.620499438363304,-0.2573500615466687,53.99970206868536,31.29,3.0,headache,S019
-11.06,0.48,35.571463695712076,-0.5952479699509495,54.00059748876512,31.29,3.0,headache,S019
5.93,0.48,35.55987954115956,-1.034722252804829,53.99908454570119,31.29,3.0,headache,S019
0.88,0.48,35.79907352300312,-0.7877169557078364,54.00126317098168,31.29,3.0,headache,S019
-15.04,0.48,35.8960783011352,-0.8871460055175071,53.99834304398353,31.29,3.0,headache,S019
12.08,0.48,35.70252428918955,-0.6857470023736464,54.002121891575385,31.29,3.0,headache,S019
-19.82,0.48,35.73401436290089,-0.7626674080477588,53.99730052753203,31.29,3.0,headache,S019
3.23,0.48,35.72380736670174,-0.6577271526109633,54.00346469454898,31.29,3.0,headache,S019
14.12,0.48,36.02487222390316,-0.07705657762435783,53.995430211937524,31.29,3.0,headache,S019
-18.81,0.48,35.67707411557287,-0.6117135732070823,54.006380204027494,31.29,3.0,headache,S019
17.12,0.48,35.547054189278136,-1.5886933012778437,53.989946794382206,31.29,3.0,headache,S019
24.42,0.48,35.520314814515686,-1.2715129242931629,54.02223317166676,31.29,3.0,headache,S019
-23.17,0.48,35.71090490619555,-0.8102436617576642,54.11999611644388,31.29,3.0,headache,S019
3.22,0.48,35.92503674741666,-1.142774383383707,53.98381678584727,31.29,3.0,headache,S019
14.63,0.48,35.853940615975795,-0.3726495202001443,54.008575984985136,31.29,3.0,headache,S019
-17.05,0.48,35.78624279567967,-0.6788923409269019,53.994251456310955,31.29,3.0,headache,S019
10.56,0.48,36.04781919472439,-0.5667464872317004,54.004253379008276,31.29,3.0,headache,S019
26.98,0.48,35.93870081278131,-0.596178209991123,53.99668297933017,31.29,3.0,headache,S019
-19.3,0.48,35.9175809031958,-0.9567729117833689,54.0026684228,31.29,3.0,headache,S019
2.54,0.48,35.97954798400255,-1.008572969025018,53.99781203233183,31.31,3.0,headache,S019
21.22,0.48,36.02776812578177,-0.9964958355514302,54.00181465823853,31.31,3.0,headache,S019
-12.9,0.49,35.96917998027244,-0.9997328629814036,53.998485876170456,31.31,3.0,headache,S019
-4.95,0.48,36.033087242968904,-0.8725642678825671,54.00126552716402,31.31,3.0,headache,S019
15.24,0.48,35.96452658056103,-1.005086482488278,53.99894448577605,31.29,3.0,headache,S019
-14.68,0.48,36.03857917526976,-0.999028886004828,54.000875152247175,31.29,3.0,headache,S019
-7.27,0.48,35.95657356878066,-0.9967735494953542,53.999281733172594,31.29,3.0,headache,S019
16.2,0.48,36.05358483213681,-1.0099048843414937,54.00058048727095,31.29,3.0,headache,S019
-17.72,0.48,35.893678981830725,-0.9767640279802573,53.99954132569505,31.27,3.0,headache,S019
4.51,0.48,35.90062068385509,-1.0588629165875576,54.00035056600219,31.27,3.0,headache,S019
6.03,0.48,35.856376274575304,-0.502700056463819,53.99974544513016,31.27,3.0,headache,S019
-19.87,0.48,35.854692776480356,-0.20944201691102038,54.00016954815181,31.27,3.0,headache,S019
2.46,0.48,35.05545135792848,-1.481146830460265,53.99990511552525,31.27,3.0,headache,S019
3.32,0.48,35.691913359595404,-1.443564109091162,54.000030292133815,31.27,3.0,headache,S019
-20.86,0.48,35.26794417404043,-0.9333178944497207,54.00002411793184,31.27,3.0,headache,S019
12.33,0.48,35.751771719695896,-1.0210372979678892,53.999932174353795,31.27,3.0,headache,S019
-14.63,0.48,35.76521137191063,-0.9098831288038752,54.00009983755552,31.29,3.0,headache,S019
2.88,0.49,36.27096931590923,0.06922445165866008,53.99988142583338,31.29,3.0,headache,S019
15.7,0.51,35.619432466529474,-0.6173873043545006,54.00012168888953,31.29,3.0,headache,S019
-22.44,0.53,35.856749273510054,-0.9316443329562061,53.99989421652612,31.29,3.0,headache,S019
14.84,0.54,35.72694824893505,-0.9673492437710762,54.000065958223,31.29,3.0,headache,S019
12.94,0.55,35.85863005793902,-1.0120452362629573,54.00000491430199,31.29,3.0,headache,S019
-19.99,0.57,35.81239553869886,-0.9984585703115023,53.99988259892749,31.29,3.0,headache,S019
7.64,0.57,36.078208300837545,-0.9938097532931096,54.000287619388494,31.29,3.0,headache,S019
16.99,0.57,35.856544816283815,-1.0138231768868242,53.99945888021503,31.27,3.0,headache,S019
-14.13,0.58,35.71499516248554,-0.9757520867516527,54.000920539313185,31.27,3.0,headache,S019
-6.55,0.58,36.00467832267824,-1.0465500468787856,53.99849790946003,31.27,3.0,headache,S019
18.74,0.58,36.035410945879,-0.7806253861182527,54.002435567591874,31.27,3.0,headache,S019
-11.64,0.58,35.73534504370498,-0.9091168488861301,53.99594091684243,31.29,3.0,headache,S019
-10.91,0.57,35.967421505962605,-0.2844331073960219,54.007324697482666,31.29,3.0,headache,S019
21.08,0.56,35.89829572494224,-0.6245646411207008,53.983674434254155,31.29,3.0,headache,S019
-5.34,0.56,35.34188154890017,-1.4835959648841064,54.11121479515305,31.29,3.0,headache,S019
-14.58,0.56,35.49596740219895,-1.7115324564221748,54.03651375927713,31.29,3.0,headache,S019
15.41,0.55,35.58030214468048,-0.875101961342874,53.98094255261501,31.29,3.0,headache,S019
-14.43,0.55,35.805385435518716,-1.0889842225470563,54.01442329074927,31.29,3.0,headache,S019
-11.26,0.55,36.05413852692348,-0.35926849357015167,53.987511653662615,31.29,3.0,headache,S019
21.96,0.55,35.826206871983125,-0.8284297821958739,54.01160243955999,31.27,3.0,headache,S019
-10.7,0.54,35.66802903694894,-1.0150172838001799,53.98873222885262,31.27,3.0,headache,S019
-11.4,0.54,35.758730170414225,-0.7994650433692079,54.011293762300255,31.27,3.0,headache,S019
32.06,0.54,35.921971761605754,-0.9498269738685657,53.98839469167681,31.27,3.0,headache,S019
-11.88,0.54,35.779841500988304,-0.907015949914106,54.01218504295809,31.29,3.0,headache,S019
0.87,0.55,36.03063750145623,-0.9574045294927541,53.986944082425104,31.29,3.0,headache,S019
25.76,0.57,35.95405404327645,-1.0396919833695681,54.01428191486298,31.29,3.0,headache,S019
-6.48,0.59,35.74708653713328,-0.9576728648528586,53.98401600505452,31.29,3.0,headache,S019
-24.83,0.6,35.684147720216274,-1.046567283372008,54.01837981838908,31.31,3.0,headache,S019
25.67,0.62,35.85802308046813,-0.9493890927110998,53.978125388752005,31.31,3.0,headache,S019
2.77,0.65,35.93031547695671,-1.0476371747906839,54.02727333530236,31.31,3.0,headache,S019
-19.66,0.65,35.5866357223245,-1.0394542642125213,53.963923086340934,31.31,3.0,headache,S019
16.4,0.66,35.450777669510394,-1.9253429089204739,54.19163586535942,31.27,3.0,headache,S019
-3.56,0.66,36.42900984899441,0.34276858200154586,53.78245851598198,31.27,3.0,headache,S019
-18.36,0.66,35.73317268661008,0.11727665838002864,53.867025829761396,31.27,3.0,headache,S019
23.15,0.66,35.83658264998293,-1.106093816958301,54.08099476603088,31.27,3.0,headache,S019
-11.04,0.65,35.395273257145924,-1.3294945443970685,53.9563312810852,31.27,3.0,headache,S019
-19.65,0.65,35.20976758696448,-1.221869305018006,54.030315043563675,31.27,3.0,headache,S019
14.99,0.65,35.66542896542506,-0.9254165831294741,53.97664122028873,31.27,3.0,headache,S019
-22.04,0.65,35.695891862505285,-0.8926249678295719,54.01910362380839,31.27,3.0,headache,S019
9.46,0.65,36.09409232781375,-0.6615119869971717,53.9837473101779,31.29,3.0,headache,S019
9.54,0.64,35.94527361011219,-0.8880704241002416,54.01423012796566,31.29,3.0,headache,S019
-20.39,0.64,35.83174026519905,-0.9069362544019492,53.98725840010074,31.29,3.0,headache,S019
23.59,0.64,35.66877659131619,-1.0784857604776552,54.01162225277873,31.29,3.0,headache,S019
-3.74,0.63,35.87212849677417,-0.9299046641576048,53.989225641318534,31.31,3.0,headache,S019
-11.51,0.63,35.642453480878395,-1.065379371241335,54.010138772694866,31.31,3.0,headache,S019
19.83,0.63,36.01530555447343,-0.9357663264202255,53.990318804045735,31.31,3.0,headache,S019
-12.08,0.63,35.85036262031395,-1.0702445257493094,54.009386087392315,31.31,3.0,headache,S019
0.29,0.62,35.933952695060114,-0.8361898579620645,53.990744171329865,31.27,3.0,headache,S019
12.64,0.63,35.924358021028794,-1.0157795319374183,54.00931575288969,31.27,3.0,headache,S019
-11.7,0.63,36.03071787730209,-0.9664325397604588,53.99036995907916,31.27,3.0,headache,S019
15.46,0.63,35.72906858104074,-1.0381469537131645,54.01034596260672,31.27,3.0,headache,S019
-6.92,0.63,35.88545262940175,-0.9897216327883097,53.98816537831282,31.29,3.0,headache,S019
-19.43,0.63,35.6028349328567,-1.9929060369442575,54.01529428612752,31.29,3.0,headache,S019
20.82,0.63,36.12193209012764,-0.9073089622091631,53.972319108757645,31.29,3.0,headache,S019
-5.82,0.63,36.12620595369509,0.5809491406374844,53.88460093517264,31.29,3.0,headache,S019
-0.96,0.63,35.964467412011246,-0.7061481587720158,54.0127186550124,31.29,3.0,headache,S019
11.82,0.63,35.96546053863768,-0.6565641928702828,53.99479184357501,31.29,3.0,headache,S019
-17.03,0.62,35.34668990542439,-1.301654402967272,54.00259687724241,31.29,3.0,headache,S019
11.25,0.63,35.64430526427698,-1.2341627978271017,53.99862673096168,31.29,3.0,headache,S019
-8.78,0.62,35.87156781185341,-1.1522207549723413,54.00076469527686,31.27,3.0,headache,S019
-9.62,0.62,35.44597431418556,-0.899330559076378,53.999470644811815,31.27,3.0,headache,S019
23.31,0.62,35.69139944520493,-0.41727215323525363,54.0006161146896,31.27,3.0,headache,S019
-18.06,0.62,35.63143642428399,-1.0882545979948652,53.99887342386169,31.27,3.0,headache,S019
-0.54,0.62,35.69581775817632,-0.7520856282128767,54.00250443686282,31.25,3.0,headache,S019
34.46,0.62,35.48230949602279,-0.8529191388861405,53.99302857160522,31.25,3.0,headache,S019
-18.82,0.62,35.27494027701893,-1.1152427695526643,54.12034971578387,31.25,3.0,headache,S019
-2.12,0.62,35.42601899213029,-0.6910561051248932,54.015038120421856,31.25,3.0,headache,S019
18.47,0.62,36.1551783749291,-0.8876682250207919,53.990856957853474,31.29,3.0,headache,S019
-1.83,0.63,35.67203685358366,-0.7690748801933095,54.00745675059203,31.29,3.0,headache,S019
-0.37,0.63,35.78347458992911,-0.9638329761034272,53.993235448558295,31.29,3.0,headache,S019
13.63,0.63,35.969571417074135,-0.8969187764186544,54.006473761883946,31.29,3.0,headache,S019
11.44,0.63,36.011414026823516,-1.0707713611498957,53.99360295527459,31.27,3.0,headache,S019
-25.13,0.63,35.803868612129975,-0.9292214509151885,54.006459930438936,31.27,3.0,headache,S019
4.58,0.63,35.97237243341567,-1.0910268702314685,53.993369511099345,31.27,3.0,headache,S019
9.84,0.62,35.674320145272674,-0.7701073992295062,54.006896805674366,31.27,3.0,headache,S019
-21.38,0.63,35.72597561172034,-0.9263767242449424,53.992741304046085,31.27,3.0,headache,S019
6.96,0.63,35.75093512123814,-0.9899399079652185,54.0077248185453,31.27,3.0,headache,S019
8.34,0.62,35.70438715796701,-0.8601375185950857,53.99168751458475,31.27,3.0,headache,S019
-20.87,0.63,35.91356265495213,-1.0318914150800613,54.00904947889244,31.27,3.0,headache,S019
0.31,0.63,35.59801448850176,-0.9988893563953121,53.99002179352362,31.25,3.0,headache,S019
-8.72,0.62,35.66050068804006,-0.9494813059583201,54.011163557489425,31.25,3.0,headache,S019
-9.54,0.63,35.87680194765365,-0.898602545708746,53.987292320862394,31.25,3.0,headache,S019
11.9,0.63,35.74737040082926,-1.0340119243449688,54.0147791829894,31.25,3.0,headache,S019
-24.78,0.63,35.9493950461039,-0.8699424628152027,53.98232420456534,31.29,3.0,headache,S019
3.61,0.62,35.5043825952271,-0.9831778142838111,54.021975104163886,31.29,3.0,headache,S019
-3.23,0.63,35.697911263782125,-1.0221522190128574,53.97103850691211,31.29,3.0,headache,S019
-5.57,0.62,35.48702689828749,-0.9663951606145448,54.042178044528214,31.29,3.0,headache,S019
19.52,0.62,35.6333909626181,-1.0512861148064043,53.92371618929486,31.27,3.0,headache,S019
-12.52,0.62,35.2566992687102,-1.2498852951058432,54.41745019189884,31.27,3.0,headache,S019
4.89,0.62,35.1354691395457,-1.6872385786663764,54.29249142265883,31.27,3.0,headache,S019
9.31,0.62,35.55172353742268,-0.8922423346328604,53.944246335075036,31.27,3.0,headache,S019
-19.05,0.62,35.59392785457592,0.06529703835591832,54.037208072576746,31.29,3.0,headache,S019
-8.01,0.62,35.56610543670506,-0.5614962698225464,53.97194928223238,31.29,3.0,headache,S019
-36.23,0.62,35.86045006050393,-0.5396305585580348,54.02272883398355,31.29,3.0,headache,S019
51.45,0.62,35.3733810797181,-1.2770396303928855,53.980709088640516,31.29,3.0,headache,S019
29.83,0.62,35.137410096654804,-1.8460580141958227,54.01691592284078,31.27,3.0,headache,S019
-36.91,0.62,35.681756482828625,-1.1516727232710395,53.984797271769615,31.27,3.0,headache,S019
0.13,0.62,35.64232097395037,-0.9182921572076417,54.01393401203897,31.27,3.0,headache,S019
37.16,0.62,35.517207258159154,-1.066877264953434,53.987016415714685,31.27,3.0,headache,S019
-16.16,0.62,35.7456307055441,-0.9402670212135847,54.012275260114606,31.27,3.0,headache,S019
9.63,0.61,35.98025190185796,-1.0552765891478078,53.988236884380726,31.27,3.0,headache,S019
20.83,0.62,35.84731707913737,-0.9478008396742466,54.0114218342668,31.27,3.0,headache,S019
-25.31,0.62,35.93495244424589,-1.0499853156216978,53.98875730022321,31.27,3.0,headache,S019
14.14,0.62,35.75125968147685,-0.9516274093972881,54.011233868760954,31.29,3.0,headache,S019
17.21,0.61,35.53628397133931,-1.047185120559174,53.98857419441992,31.29,3.0,headache,S019
-27.22,0.61,35.57916493677717,-0.9537869590689028,54.011886326174256,31.29,3.0,headache,S019
3.72,0.61,35.370315229738665,-1.0447636404832132,53.98724053687036,31.29,3.0,headache,S019
14.7,0.61,35.522242397582374,-0.965050224606866,54.014378568254834,31.27,3.0,headache,S019
-18.37,0.61,35.292438520002264,-1.3534732251819481,53.98231322346645,31.27,3.0,headache,S019
0.33,0.61,35.97708684325927,-1.0537963909003145,54.026738212598694,31.27,3.0,headache,S019
18.21,0.61,36.142596906196154,-0.303486883911724,53.876925237111166,31.27,3.0,headache,S019
-23.57,0.61,35.696077816838844,-0.6650840169731531,53.976665920415364,31.27,3.0,headache,S019
7.51,0.61,36.248607465054526,-0.794448546235384,54.004518012339226,31.27,3.0,headache,S019
17.04,0.61,35.50857860398193,-0.5191678620171142,54.05042698384988,31.27,3.0,headache,S019
-20.28,0.62,35.389034014349235,-2.0365064204912113,54.078619394549634,31.27,3.0,headache,S019
6.46,0.61,35.70763705098577,-1.463849735030965,53.994707242286275,31.27,3.0,headache,S019
6.78,0.61,35.39920873460579,-1.183059432633968,54.00187517354686,31.27,3.0,headache,S019
-24.02,0.61,35.30692272463694,-1.2966735287598552,53.999449442824975,31.27,3.0,headache,S019
16.84,0.61,35.56303281539102,-0.9717421445945134,53.99979433913594,31.27,3.0,headache,S019
-3.04,0.61,35.677724352481654,-0.9256927535089882,54.000705603846725,31.25,3.0,headache,S019
-25.65,0.61,35.68860431581246,-0.29319752947318384,53.99893785651214,31.25,3.0,headache,S019
18.83,0.61,35.70620946098544,-1.0470830618159475,54.00132866577152,31.25,3.0,headache,S019
-1.21,0.61,36.071450866251425,-0.9674521682820039,53.998465449143836,31.25,3.0,headache,S019
-11.46,0.61,35.91832952769379,-1.0230449964388177,54.001697590960255,31.27,3.0,headache,S019
24.39,0.61,35.69682294881991,-0.9831353772700255,53.998170708610765,31.27,3.0,headache,S019
-7.42,0.61,35.59505261206896,-1.0125101461839057,54.00193745668696,31.27,3.0,headache,S019
-15.2,0.61,35.90961777129153,-0.9907463395497993,53.99797242180084,31.27,3.0,headache,S019
18.04,0.61,35.80655258053734,-1.006704799069917,54.00210363323919,31.25,3.0,headache,S019
-5.67,0.61,35.795693716203765,-0.9953670491420044,53.997831428703925,31.25,3.0,headache,S019
-10.32,0.61,35.97366408006403,-1.0028902963176616,54.00222462303988,31.25,3.0,headache,S019
17.66,0.61,35.77392285898346,-0.9986252972591848,53.99772649616287,31.25,3.0,headache,S019
-10.62,0.62,35.84269150628948,-1.0000097827634824,54.00231655182926,31.23,3.0,headache,S019
-7.87,0.63,35.8593941473827,-1.0012672794845259,53.99764517599539,31.23,3.0,headache,S019
19.88,0.63,35.8267084780194,-0.9974853079053911,54.002389164505196,31.23,3.0,headache,S019
-20.34,0.64,35.821879786320025,-1.0037947840703485,53.99757974588252,31.23,3.0,headache,S019
3.99,0.64,35.681446992123284,-0.9948142330171162,54.00244864672766,31.25,3.0,headache,S019
14.97,0.63,35.6101144365229,-1.0068025815371402,53.99752520342686,31.25,3.0,headache,S019
-23.37,0.64,35.837170451963374,-0.9911577460446352,54.0024990788829,31.25,3.0,headache,S019
14.85,0.64,36.04759045209101,-1.0117028073590406,53.997478194303454,31.25,3.0,headache,S019
1.23,0.63,35.79668349516802,-0.9836238901597029,54.0025432381188,31.25,3.0,headache,S019
-18.23,0.63,35.9134447033867,-1.0263282915712602,53.99743640409424,31.25,3.0,headache,S019
17.34,0.63,36.01044030743754,-0.9312078939972898,54.00258306503114,31.25,3.0,headache,S019
-6.21,0.63,36.01536913093651,-0.9112035015846941,53.99739819629196,31.25,3.0,headache,S019
-13.41,0.63,35.836866099984135,-1.0233955863621742,54.002619947217816,31.25,3.0,headache,S019
11.79,0.63,35.77868911045328,-0.9885609563369159,53.99736238818961,31.25,3.0,headache,S019
-8.51,0.63,35.7711675023453,-1.0059134103207403,54.00265489787588,31.25,3.0,headache,S019
-1.78,0.62,35.67462858719579,-0.9976884367912526,53.99732810746039,31.25,3.0,headache,S019
13.12,0.62,35.75633251057427,-0.9993907300670309,54.002688671798936,31.25,3.0,headache,S019
-24.79,0.62,35.63224195626814,-1.0034048257918664,53.99729469770722,31.25,3.0,headache,S019
11.97,0.62,35.804821528371676,-0.9935352899384448,54.00272184277544,31.25,3.0,headache,S019
7.9,0.62,35.67367009936533,-1.0102183101923157,53.99726165464862,31.25,3.0,headache,S019
-21.62,0.62,35.93348180444238,-0.9846606089030784,54.00275485651579,31.25,3.0,headache,S019
23.94,0.62,35.91993281290819,-1.0231921817636296,53.9972285819633,31.25,3.0,headache,S019
-10.01,0.62,35.936308421060765,-0.9626617034916305,54.00278806770718,31.25,3.0,headache,S019
-15.71,0.62,35.88212181220512,-1.07171648857219,53.997195160007514,31.25,3.0,headache,S019
23.02,0.62,35.81588719340742,-0.614768754032833,54.002821766589136,31.23,3.0,headache,S019
-11.74,0.62,35.802665644960484,-0.7882418682297218,53.99716112308622,31.23,3.0,headache,S019
4.92,0.62,36.01989114293448,-1.0766802364581682,54.00285619853354,31.23,3.0,headache,S019
18.44,0.62,35.79536678956035,-0.9493744794514324,53.997126242449724,31.23,3.0,headache,S019
-19.74,0.62,35.401922516354,-0.849210526747449,54.002891578946105,31.25,3.0,headache,S019
3.18,0.62,35.447310974468714,-0.8396022041620549,53.99709031309909,31.25,3.0,headache,S019
27.56,0.62,35.125296061572115,-0.4592806846364262,54.00292810508671,31.25,3.0,headache,S019
-16.79,0.62,34.987037979150735,-0.29192762251570864,53.99705314305321,31.25,3.0,headache,S019
-9.46,0.62,35.01836677670099,-0.4877155599298211,54.002965965964236,31.25,3.0,headache,S019
26.08,0.62,34.97159903341515,-0.10223805370916382,53.99701454407276,31.25,3.0,headache,S019
-13.25,0.62,35.08183110770178,-0.4248741817585754,54.0030053511945,31.25,3.0,headache,S019
-4.97,0.61,35.14820763863142,-0.6324137402554547,53.996974323032134,31.25,3.0,headache,S019
22.22,0.62,35.59196363520198,-0.7709513982675859,54.00304645957699,31.23,3.0,headache,S019
-15.44,0.62,35.400310003321366,-1.0617039037329994,53.99693227321685,31.23,3.0,headache,S019
-0.08,0.61,35.68814270168077,-0.9235585695903384,54.00308950810695,31.23,3.0,headache,S019
22.49,0.62,35.59357459025868,-0.5110284183151456,53.9968881648096,31.23,3.0,headache,S019
-17.37,0.62,35.69470155855973,-0.21886794792198508,54.003134742199045,31.23,3.0,headache,S019
3.79,0.62,35.86998373009078,-0.6708167975533145,53.99684173372351,31.23,3.0,headache,S019
17.05,0.61,35.54610939782662,-0.8425334632306128,54.00318244806206,31.23,3.0,headache,S019
-13.38,0.62,35.47864128711993,-0.8948946308348474,53.99679266771244,31.23,3.0,headache,S019
4.66,0.62,35.617119088782644,-0.9391980384381221,54.00323296846755,31.23,3.0,headache,S019
7.43,0.61,35.80495342916364,-0.657536224555828,53.99674058829084,31.23,3.0,headache,S019
-21.85,0.62,35.877105316455626,-0.842105589831613,54.00328672366228,31.23,3.0,headache,S019
13.0,0.61,35.98186104971457,-0.9126829836523976,53.9966850263524,31.23,3.0,headache,S019
8.53,0.61,35.99962764260077,-0.9409542893200564,54.003344239999564,31.25,3.0,headache,S019
-24.03,0.61,36.010103973856715,-0.9850946820197725,53.99662538832257,31.25,3.0,headache,S019
10.83,0.61,35.797788773337736,-1.0364655738913542,54.003406190207926,31.25,3.0,headache,S019
15.98,0.61,35.63390173597339,-0.9464155458748398,53.99656090795718,31.25,3.0,headache,S019
-15.47,0.61,35.50225676508165,-1.0555798938891954,54.00347345143592,31.23,3.0,headache,S019
-8.96,0.61,36.11863883766436,-0.23762976344812095,53.99649057602247,31.23,3.0,headache,S019
14.65,0.62,35.646005600005395,-0.6279294474899293,54.00354719096256,31.23,3.0,headache,S019
-17.14,0.61,35.91076705659992,-0.5792811923629858,53.99641303517243,31.23,3.0,headache,S019
-8.82,0.61,35.998709814981375,-0.454639830246199,54.00362899596421,31.23,3.0,headache,S019
20.36,0.61,35.79962124134395,-0.9800737811776703,53.99632641867664,31.23,3.0,headache,S019
-9.75,0.61,35.60106784425436,-0.9521369299810943,54.00372107536558,31.23,3.0,headache,S019
-16.8,0.61,35.544633905894706,-0.859568505509376,53.996228095881065,31.23,3.0,headache,S019
18.22,0.61,35.57339154250901,-1.1098612478130587,54.003826583387045,31.21,3.0,headache,S019
-0.23,0.61,35.983434941427895,-0.4504980508834114,53.99611425743041,31.21,3.0,headache,S019
-11.69,0.61,36.01628382789767,-0.27752790558774887,54.003950156150786,31.21,3.0,headache,S019
13.14,0.61,35.97135913971161,-0.984122244378135,53.99597921418876,31.21,3.0,headache,S019
-3.08,0.61,35.88381393883809,-0.7515247154890645,54.00409883745193,31.23,3.0,headache,S019
-10.21,0.61,36.01564860410095,-1.1587228526909967,53.99581416051746,31.23,3.0,headache,S019
11.03,0.61,35.991722152647846,-0.7709354534172314,54.004283751940264,31.23,3.0,headache,S019
-3.01,0.61,36.00587302137006,-0.9384150851848051,53.99560487884142,31.23,3.0,headache,S019
-11.49,0.61,35.99519895982108,-0.7144049681107358,54.00452330314679,31.23,3.0,headache,S019
9.82,0.61,36.00425255252641,-0.640478110592087,53.99532720691208,31.23,3.0,headache,S019
-18.38,0.61,35.99604871821887,-0.6958873254047091,54.004849723153534,31.23,3.0,headache,S019
0.07,0.6,36.003780210317416,-0.9149042344080801,53.99493736441843,31.23,3.0,headache,S019
7.06,0.61,35.99631721285993,-0.729801251165654,54.00532372216029,31.23,3.0,headache,S019
-19.7,0.61,36.00362913747999,-1.040026366172512,53.99434911236235,31.23,3.0,headache,S019
10.28,0.6,35.99639756318307,-0.7869486569397526,54.00607134299385,31.23,3.0,headache,S019
6.18,0.61,36.00359274593232,-0.9614870034601737,53.99337178258077,31.23,3.0,headache,S019
-21.15,0.61,35.99640602647549,-0.9596302244727227,54.007393597676284,31.19,3.0,headache,S019
18.42,0.6,36.00360227814831,-0.9546480358048265,53.99150333082575,31.19,3.0,headache,S019
0.76,0.6,35.99638481757799,-0.6898790158166515,54.0101924098352,31.19,3.0,headache,S019
-11.71,0.6,36.00363106080302,-0.756245750945082,53.98693750880013,31.19,3.0,headache,S019
16.51,0.6,35.99635116715734,-0.9440074517306352,54.01880742448682,31.25,3.0,headache,S019
-11.19,0.6,36.00366777403953,-0.7765811898041622,53.9638363310521,31.25,3.0,headache,S019
-0.95,0.6,35.99631260370103,-0.6959416820596593,53.90227507945359,31.25,3.0,headache,S019
21.99,0.6,36.00370737079868,-0.804555013026615,53.91909575063524,31.25,3.0,headache,S019
-18.28,0.6,35.996272522649384,-1.0417984718160525,53.932690892331834,31.23,3.0,headache,S019
3.07,0.6,36.003747570694095,-0.9756547394017502,54.03652837997242,31.23,3.0,headache,S019
24.08,0.6,35.99623244216421,-1.0198426586908005,53.96929213060507,31.23,3.0,headache,S019
-17.41,0.6,36.003787382744626,-0.9779844353148407,54.031519148052666,31.23,3.0,headache,S019
-0.15,0.6,35.99619298394738,-1.0357963005456563,53.9617642321419,31.23,3.0,headache,S019
23.45,0.6,36.003826448254806,-0.7669541653718802,54.05794565872075,31.23,3.0,headache,S019
-13.41,0.6,35.99615431455257,-0.649927914810033,53.639342815949874,31.23,3.0,headache,S019
-4.24,0.6,36.00386474701096,-0.6183582683137476,53.79499942629678,31.23,3.0,headache,S019
20.08,0.6,35.996116335093646,-0.7387353435102738,54.0392167755697,31.23,3.0,headache,S019
-15.74,0.6,36.003902484460795,-0.7731596992189458,53.999274897239594,31.23,3.0,headache,S019
-4.08,0.6,35.99607873329548,-0.9063593290266351,53.83523351185662,31.23,3.0,headache,S019
12.99,0.6,36.00394009251723,-1.0401615555895334,53.606914353471176,31.23,3.0,headache,S019
-10.79,0.6,35.99604093091417,-0.969636214009216,53.93645299239303,31.21,3.0,headache,S019
-3.99,0.6,36.00397833950666,-0.918705897886859,53.76154171764095,31.21,3.0,headache,S019
13.56,0.6,35.99600190313973,-0.9115135846690153,53.848394252898046,31.21,3.0,headache,S019
-7.88,0.6,36.00401860484912,-0.9080983329794824,53.78768177923014,31.21,3.0,headache,S019
0.78,0.6,35.99595977167792,-0.8923424268504926,53.83130565419098,31.21,3.0,headache,S019
12.95,0.6,36.004063479050814,-0.927031570078769,54.00746201449461,31.21,3.0,headache,S019
-17.14,0.6,35.99591091438512,-0.8777437617904823,54.00875420451956,31.21,3.0,headache,S019
2.07,0.59,36.00411810241687,-0.9170519331535604,53.75874750981687,31.21,3.0,headache,S019
8.15,0.6,35.99584791587601,-0.5346032149132636,53.977424264716625,31.23,3.0,headache,S019
-18.71,0.59,36.00419337330929,-0.997404436340456,54.01395822746966,31.23,3.0,headache,S019
7.83,0.59,35.99575440805557,-0.8509908821985499,53.85875771516567,31.23,3.0,headache,S019
3.73,0.59,36.00431451786369,-1.051957052145392,53.81288603420562,31.23,3.0,headache,S019
-18.52,0.59,35.99559026878658,-0.9503793726895281,53.78639882726562,31.21,3.0,headache,S019
11.82,0.59,36.00454791384503,-1.0592210744923143,53.85427755335987,31.21,3.0,headache,S019
6.45,0.59,35.995239971545985,-0.8796428190289508,53.8023139915767,31.21,3.0,headache,S019
-22.94,0.59,36.00510872724862,-0.9642845779506856,53.90707793623204,31.21,3.0,headache,S019
14.28,0.59,35.99426264071451,-0.9836967520334331,53.87996726250416,31.21,3.0,headache,S019
4.38,0.59,36.00704188173296,-1.0432419952796461,53.778097014462254,31.21,3.0,headache,S019
-14.91,0.59,35.989460233266236,-0.7846854071243453,53.91032452097753,31.21,3.0,headache,S019
18.51,0.59,36.028673105157814,-0.7139027961896763,54.04756256600429,31.21,3.0,headache,S019
-9.67,0.59,36.2228391467316,-0.859554190031372,53.95998003506598,31.23,3.0,headache,S019
-14.74,0.59,36.0048721134942,-0.9893413091301442,54.04384054604445,31.23,3.0,headache,S019
19.91,0.59,36.0011224691696,-0.9894804649904515,53.92379147387776,31.23,3.0,headache,S019
-7.03,0.59,35.99751895043385,-1.02608784868994,53.71196515436193,31.23,3.0,headache,S019
-3.42,0.59,36.00387876019046,-0.9374481080155703,53.81973242816691,31.21,3.0,headache,S019
24.02,0.59,35.99388776394004,-0.9272028522350204,53.65137770634618,31.21,3.0,headache,S019
-14.03,0.59,36.0103109966272,-0.8957131812089106,54.00412420304441,31.21,3.0,headache,S019
-3.57,0.59,35.97922827481831,-0.7538732071401015,53.935547452649,31.21,3.0,headache,S019
22.69,0.59,36.12195193230704,-0.8385691559688848,53.722083778515234,31.23,3.0,headache,S019
-8.98,0.59,36.0154896765518,-1.0144970671945541,53.85713512779248,31.23,3.0,headache,S019
0.95,0.59,36.04208727606966,-0.7199246153817501,53.8108354786401,31.23,3.0,headache,S019
11.02,0.59,36.11403348712455,-0.6426135656437015,53.97440263035409,31.23,3.0,headache,S019
-18.43,0.59,35.94709680744487,-0.868521329642525,53.74544244694237,31.25,3.0,headache,S019
2.71,0.59,36.05502797086974,-1.0082673617051991,53.80101399633225,31.25,3.0,headache,S019
15.22,0.59,36.0941199055028,-1.0057755393305077,53.62380011565993,31.25,3.0,headache,S019
-14.01,0.59,36.00414090541415,-0.9874114732549283,53.7915721073527,31.25,3.0,headache,S019
2.15,0.59,35.98873989764942,-1.0213778860778022,53.867057517930434,31.21,3.0,headache,S019
13.16,0.59,36.01416999919883,-0.8555764246648316,53.68977829456674,31.21,3.0,headache,S019
-10.96,0.59,35.98331860252732,-1.0289963969527738,53.993529483695276,31.21,3.0,headache,S019
-9.9,0.59,36.02042706601367,-0.644157894630459,53.614997877509026,31.21,3.0,headache,S019
15.48,0.59,35.970433891755334,-0.6794907062774016,54.127863255458955,31.21,3.0,headache,S019
-10.67,0.59,36.1279058167248,-0.7455325674293325,53.750925860884905,31.21,3.0,headache,S019
-2.47,0.6,36.017476489753506,-0.8602586729837857,53.795726004296526,31.21,3.0,headache,S019
10.73,0.58,35.99908780687032,-0.8187692402229837,54.010499083019006,31.21,3.0,headache,S019
-13.79,0.59,35.995346610116925,-0.7189719183600609,53.87265538680783,31.21,3.0,headache,S019
-8.31,0.59,36.00859714924191,-1.0189541187225246,54.015625507225224,31.21,3.0,headache,S019
19.72,0.59,35.985635400727624,-0.9825414937710225,53.679164939099,31.21,3.0,headache,S019
-13.54,0.58,36.13165871568133,-1.0161194743220439,53.589093429834215,31.21,3.0,headache,S019
-7.45,0.59,36.00008921272865,-0.9848954639935786,53.86849558117574,31.21,3.0,headache,S019
15.4,0.59,36.00717533080625,-1.0142056138487783,53.8374526858115,31.21,3.0,headache,S019
-9.61,0.58,35.98627301622716,-0.9868960022047086,54.03489646849536,31.21,3.0,headache,S019
-8.5,0.58,36.13146126939607,-1.010992412910333,53.698587193626764,31.21,3.0,headache,S019
11.44,0.58,35.99997457300411,-0.9955782562727903,53.922887474479126,31.21,3.0,headache,S019
0.71,0.58,36.00730201638802,-0.9529242479748726,53.89109448975489,31.21,3.0,headache,S019
-16.79,0.59,35.9877926047973,-0.8564268438610413,53.95262256081705,31.21,3.0,headache,S019
11.96,0.59,36.01861048970114,-0.9556510640145311,53.869422151466644,31.21,3.0,headache,S019
5.08,0.59,35.96810497756813,-0.8926154470613947,53.984299192270356,31.21,3.0,headache,S019
-21.42,0.58,36.114851995214515,-0.95997239180329,53.66535931891669,31.21,3.0,headache,S019
15.32,0.58,36.03235852488472,-1.0079062810286592,53.887576890526645,31.21,3.0,headache,S019
8.96,0.58,36.02463777952723,-1.001732920626148,53.86155745953476,31.21,3.0,headache,S019
-18.67,0.58,36.121619246158666,-0.9916307633437825,53.8356521343991,31.23,3.0,headache,S019
13.48,0.58,35.963301224045765,-1.018515025574339,53.72962672348865,31.23,3.0,headache,S019
14.53,0.58,36.02435997261381,-0.9090098072361057,53.926478688126764,31.23,3.0,headache,S019
-23.89,0.58,35.980571426949176,-0.8637830019348318,53.98393593770137,31.23,3.0,headache,S019
10.14,0.58,36.01709473378919,-0.9279781867779419,53.76491323853649,31.21,3.0,headache,S019
10.02,0.58,35.98380133549106,-0.7812064659308839,53.949954098197914,31.21,3.0,headache,S019
-15.96,0.58,36.01646129559846,-1.0072682725072744,53.90344499867751,31.21,3.0,headache,S019
11.52,0.58,35.98189644776439,-0.9978140565435516,53.912683743311874,31.21,3.0,headache,S019
9.91,0.58,36.02218274472848,-0.9995361688075435,53.981444931267234,31.23,3.0,headache,S019
-21.8,0.58,35.96696845988511,-1.002365630841018,53.87684868419022,31.23,3.0,headache,S019
13.33,0.58,36.094235643625666,-0.9958228618527522,53.76415730518052,31.23,3.0,headache,S019
16.79,0.58,36.06351982841198,-1.0064738841231142,53.85658964462892,31.23,3.0,headache,S019
-22.66,0.58,35.985458648076786,-0.9895057711655904,54.02032660512282,31.21,3.0,headache,S019
7.31,0.58,36.136340505569095,-1.0217014458493405,53.843043343642854,31.21,3.0,headache,S019
9.09,0.58,35.98603971367009,-0.7672368653018945,53.810175757572544,31.21,3.0,headache,S019
-14.42,0.58,36.00766026911894,-0.9416924810606457,53.82492547702362,31.21,3.0,headache,S019
16.07,0.58,35.99645742687144,-0.883276804810846,53.807633766784356,31.19,3.0,headache,S019
-4.48,0.58,35.9983677298474,-0.8633047038350099,53.81931264241737,31.19,3.0,headache,S019
-15.11,0.58,36.01624534919304,-0.8979011264504067,53.83928876581698,31.19,3.0,headache,S019
13.96,0.58,36.12910591583225,-1.0079447592335606,53.73800515740691,31.19,3.0,headache,S019
-7.13,0.58,35.967617836245765,-0.9993341843191298,53.80596014576498,31.21,3.0,headache,S019
-7.03,0.58,36.04440772700501,-0.9960044144920784,53.80272108851496,31.21,3.0,headache,S019
19.36,0.58,36.14034167565605,-1.0117019904697506,53.76534827111513,31.21,3.0,headache,S019
-12.45,0.58,36.09311252495111,-0.9597374221544007,54.10573704511198,31.21,3.0,headache,S019
-8.15,0.58,35.978679181397936,-0.8898072023114278,53.88552920253993,31.19,3.0,headache,S019
19.55,0.58,36.014049724501646,-0.9996939148399374,53.848067057214905,31.19,3.0,headache,S019
-5.65,0.58,35.98842971205572,-0.7806786196862178,53.94369965361395,31.19,3.0,headache,S019
-9.73,0.58,36.01037011006441,-0.7631546502594141,54.065893099249664,31.19,3.0,headache,S019
14.91,0.58,35.990301166064036,-0.8007864575537762,53.59064482624504,31.19,3.0,headache,S019
-16.88,0.58,36.00931301450652,-0.902442227841021,53.69223307324245,31.19,3.0,headache,S019
-0.16,0.58,35.99088153251735,-1.0336268619521136,54.09474947377572,31.19,3.0,headache,S019
17.78,0.58,36.009083054649004,-0.9725726456538367,53.89258898149483,31.19,3.0,headache,S019
-12.22,0.58,35.99078520311361,-1.0386381398325975,53.83287331795892,31.19,3.0,headache,S019
3.7,0.57,36.00956969557291,-0.8251101627257947,53.79091522688129,31.19,3.0,headache,S019
18.33,0.57,35.98969815745903,-0.8631645400254232,53.93232215553129,31.19,3.0,headache,S019
-16.23,0.58,36.01185630313755,-1.0751235830705277,53.84693852073281,31.19,3.0,headache,S019
-9.44,0.58,35.98403791992823,-0.8048301039042878,53.86531751385037,31.19,3.0,headache,S019
18.35,0.57,36.03674927160477,-0.8437726412662885,54.10286033496905,31.19,3.0,headache,S019
-8.66,0.58,36.148594401632764,-0.6246988916443501,53.73868661376944,31.19,3.0,headache,S019
-2.73,0.58,36.31104550681754,-0.8949390005125627,53.60552757827468,31.19,3.0,headache,S019
12.82,0.57,36.01374220329896,-0.9037464409544895,53.9772887439633,31.21,3.0,headache,S019
-12.5,0.58,36.00034066553273,-1.0258280716661492,53.56379889777848,31.21,3.0,headache,S019
-0.38,0.58,35.99742199514009,-0.9788367965835474,53.6764231327683,31.21,3.0,headache,S019
13.01,0.58,36.003408338799865,-1.0223104333295319,53.648241812116034,31.21,3.0,headache,S019
-14.01,0.58,35.996172168799596,-0.9741008274642835,53.65571036350172,31.23,3.0,headache,S019
1.26,0.58,36.0040647336748,-0.9291476326459803,53.964152369600725,31.23,3.0,headache,S019
8.31,0.58,35.99580604484535,-0.8042473095451027,53.828202911552665,31.23,3.0,headache,S019
-10.84,0.57,36.00424176508372,-0.8140489302673455,53.76863447099201,31.23,3.0,headache,S019
-0.59,0.58,35.99578891981271,-0.3999500076814167,53.88528276760144,31.21,3.0,headache,S019
11.89,0.58,36.00408587419946,-0.7418004740407556,53.85756856211893,31.21,3.0,headache,S019
-19.0,0.57,35.99617593429216,-0.6803820273620491,54.047862792037826,31.21,3.0,headache,S019
3.14,0.58,36.00333269717157,-0.8575037182868608,53.784881194610264,31.21,3.0,headache,S019
10.86,0.58,35.997607014652665,-1.063183615051242,53.6230236980233,31.17,3.0,headache,S019
-20.12,0.57,36.00038078098402,-0.9511177721540083,53.876306100893906,31.17,3.0,headache,S019
5.94,0.58,36.00548952655054,-1.0469888617826941,53.9154848003766,31.17,3.0,headache,S019
15.49,0.57,36.120378646789995,-0.8388949766621201,53.68667509996578,31.17,3.0,headache,S019
-20.88,0.57,36.047089495656905,-0.9213554126843408,53.84204814566324,31.19,3.0,headache,S019
1.77,0.57,36.17011129082306,-0.7107058705439344,53.852958785111724,31.19,3.0,headache,S019
11.81,0.57,36.03406332358774,-0.678234285305165,53.731297729837905,31.19,3.0,headache,S019
-15.24,0.57,36.001019649006786,-0.8378152462704247,53.97275026776958,31.19,3.0,headache,S019
8.06,0.57,35.99298979816836,-0.7109151925581474,53.53224269948016,31.19,3.0,headache,S019
9.06,0.57,36.00987307933937,-0.724369021886445,53.752100674760726,31.19,3.0,headache,S019
-17.51,0.57,35.98748852185934,-0.7353144616365275,53.90341300211191,31.19,3.0,headache,S019
5.18,0.57,36.016475919255434,-0.8534347396308355,53.84233799867385,31.19,3.0,headache,S019
15.68,0.57,35.973998324416264,-0.8464822544708254,53.7561409007287,31.17,3.0,headache,S019
-17.25,0.57,36.12666175817831,-0.7827357693315564,53.640461780484145,31.17,3.0,headache,S019
0.11,0.57,36.01283254423024,-0.9582284351108574,53.77300159478507,31.17,3.0,headache,S019
21.22,0.57,36.09481732767919,-0.9641979151263151,53.896087516777456,31.17,3.0,headache,S019
-17.49,0.57,36.073330874135976,-0.8817431795034318,53.88662876073907,31.17,3.0,headache,S019
-2.6,0.57,36.0993143263422,-0.9508605607324276,53.93670721267016,31.17,3.0,headache,S019
14.69,0.57,35.97375152927537,-0.8616286143068492,54.049512322316275,31.17,3.0,headache,S019
-5.42,0.57,36.02266197279443,-0.7968001729899458,53.92992261774379,31.17,3.0,headache,S019
-5.76,0.57,35.96905776188327,-0.7413462764162465,53.79987022025279,31.19,3.0,headache,S019
13.1,0.57,36.09115781823549,-0.539753996655518,53.72905114298009,31.19,3.0,headache,S019
-17.37,0.57,36.068572239324105,-0.8607877289162134,53.87625463748036,31.19,3.0,headache,S019
-0.76,0.57,35.97495335557914,-0.9155441311732181,53.814882024764735,31.19,3.0,headache,S019
19.39,0.57,36.01697092199868,-0.9789064619492648,53.76975107958378,31.19,3.0,headache,S019
-13.39,0.57,35.98325646693023,-1.0281252806212398,53.70563788124718,31.19,3.0,headache,S019
0.86,0.57,36.131418986542926,-0.8685386403171464,53.72472607046233,31.19,3.0,headache,S019
14.7,0.57,36.00229487806519,-0.7019393786674383,53.70793519215521,31.19,3.0,headache,S019
-12.2,0.58,36.00164983496143,-0.8275906822071851,53.610503893195,31.17,3.0,headache,S019
2.5,0.57,35.99697751194058,-0.7932713913520654,53.62385904649931,31.17,3.0,headache,S019
8.28,0.57,36.00409144940998,-0.5336829698557521,53.386529719929825,31.17,3.0,headache,S019
-11.7,0.57,35.99463844737178,-0.728404556326716,53.824760074429136,31.17,3.0,headache,S019
12.28,0.57,36.007176044192754,-0.8856104309278746,53.933422332840564,31.17,3.0,headache,S019
-0.24,0.57,35.98992776940806,-1.0301802050980928,54.09353072131581,31.17,3.0,headache,S019
-11.29,0.58,36.01534670443369,-0.9799676909408337,53.67137272879382,31.17,3.0,headache,S019
15.64,0.57,35.97232807138893,-1.0173834257432266,53.86271597948474,31.17,3.0,headache,S019
-5.7,0.58,36.09218148045794,-0.9816205059208828,54.06423984050879,31.17,3.0,headache,S019
-9.1,0.58,36.058567171774314,-1.0255796925643919,53.76372108228534,31.17,3.0,headache,S019
18.46,0.58,36.084178179705056,-0.9288039925708451,53.90281538092802,31.17,3.0,headache,S019
-10.69,0.6,36.05256298101553,-0.706051765495666,53.53595283337695,31.17,3.0,headache,S019
-6.79,0.59,35.964724426676305,-0.5610516042512788,53.70210193292164,31.17,3.0,headache,S019
16.33,0.59,36.03236715444084,-0.6963298494271037,53.63890117488562,31.17,3.0,headache,S019
-17.57,0.59,35.96152447919824,-0.6701415956998735,53.80155788693473,31.17,3.0,headache,S019
-3.76,0.59,36.137896551539,-0.8570498213865413,53.44090036592698,31.17,3.0,headache,S019
13.08,0.59,36.00137772145296,-0.8128019116361475,53.81117188474551,31.17,3.0,headache,S019
-16.09,0.58,36.10903806606119,-1.0020129592879101,53.91356025653929,31.17,3.0,headache,S019
0.47,0.59,36.14553088878747,-1.0011497232480295,53.59226411695238,31.17,3.0,headache,S019
2.03,0.59,36.035582882147686,-1.0005039579842385,53.739075790874246,31.17,3.0,headache,S019
-11.53,0.58,36.1663250931959,-0.9374158275205681,53.472071133624425,31.19,3.0,headache,S019
9.27,0.58,36.198528430346514,-0.8075523768890482,53.54834592831228,31.19,3.0,headache,S019
-0.58,0.58,36.22795634089494,-0.8775175002264716,53.83765025932923,31.19,3.0,headache,S019
-18.74,0.58,36.14948716566482,-0.7255772903361061,53.72070823074008,31.19,3.0,headache,S019
16.94,0.58,35.95379457947966,-0.6204100291061905,53.772711471452105,31.19,3.0,headache,S019
-5.17,0.58,36.1314014868925,-0.8403636718841699,53.998061781616386,31.19,3.0,headache,S019
-11.14,0.58,36.022768136875705,-0.8179450577055417,53.59491663141642,31.19,3.0,headache,S019
15.25,0.58,35.978938930005704,-1.0002267429493024,53.47677318952852,31.19,3.0,headache,S019
-17.57,0.58,36.07979499897414,-0.9917019532814518,53.49817798811141,31.17,3.0,headache,S019
-2.48,0.58,36.08092968365757,-1.0151878648347659,53.743668572870675,31.17,3.0,headache,S019
26.29,0.58,35.95982393472039,-0.7814829275516636,53.61599725173196,31.17,3.0,headache,S019
-14.97,0.58,36.04876837393903,-0.8801389839727537,53.50162858879825,31.17,3.0,headache,S019
-1.4,0.58,36.17061987875363,-0.6924955108967908,53.77737483852114,31.17,3.0,headache,S019
13.5,0.58,36.067531796564026,-0.6890448439392981,53.71479366579612,31.17,3.0,headache,S019
-21.77,0.58,35.96512333279694,-0.8607241713780294,53.73652004035823,31.17,3.0,headache,S019
21.36,0.58,36.032577820662645,-0.9010324111851665,53.57435552898273,31.17,3.0,headache,S019
6.97,0.57,35.96058779451569,-0.9244000581504169,53.60116125968051,31.17,3.0,headache,S019
-17.77,0.57,36.24974021768131,-0.9734182678291698,53.964043613429375,31.17,3.0,headache,S019
17.36,0.58,36.26648021588352,-0.7218964568096646,53.829635490403746,31.17,3.0,headache,S019
4.06,0.58,36.23275721706509,-0.6742751935742984,53.83231285761745,31.17,3.0,headache,S019
-7.04,0.57,36.031414063056786,-0.883291694210801,53.87698713536806,31.17,3.0,headache,S019
16.32,0.58,35.986151300299156,-0.8541790645464672,53.88965433930356,31.17,3.0,headache,S019
-1.37,0.58,36.01361258274905,-0.7870193604850008,53.706436278311664,31.17,3.0,headache,S019
-3.48,0.58,35.977649320173896,-0.8314737529551869,53.85688602407373,31.17,3.0,headache,S019
13.11,0.58,36.102914788619834,-0.7181935356882517,53.530576663429464,31.19,3.0,headache,S019
-6.85,0.58,36.368210576194116,-0.8099972910753375,53.76785601077979,31.19,3.0,headache,S019
-3.58,0.57,36.242392091164554,-0.8526290714149815,53.917892229629636,31.19,3.0,headache,S019
21.65,0.58,36.04035373104462,-1.0439283613138517,53.549055878131846,31.19,3.0,headache,S019
-14.22,0.58,36.153028232982614,-0.8698136281337624,53.48611580481526,31.17,3.0,headache,S019
-10.86,0.58,36.15657829696009,-0.910378260065231,53.624323688883315,31.17,3.0,headache,S019
24.82,0.57,35.90465599133083,-0.815165067330847,53.987994242474855,31.17,3.0,headache,S019
-8.52,0.58,36.24320920724367,-0.8437056758367022,53.76941499201127,31.17,3.0,headache,S019
-13.91,0.58,36.19046983003459,-0.6845784225222414,53.77302733462156,31.17,3.0,headache,S019
16.29,0.57,36.14914879255177,-0.6177180577091488,53.48149871367876,31.17,3.0,headache,S019
-9.61,0.57,35.934524997273435,-0.5395062666095081,53.7051074805598,31.17,3.0,headache,S019
-7.86,0.58,36.056725488824185,-0.8359811667514269,53.5850983818849,31.17,3.0,headache,S019
18.76,0.57,36.05165066181819,-0.8289005274738968,53.52237359138708,31.17,3.0,headache,S019
-18.01,0.57,36.186401838838414,-0.9996543641194359,53.5630565214644,31.17,3.0,headache,S019
-6.74,0.57,35.9444690201686,-0.8103123498215288,53.718878729945565,31.17,3.0,headache,S019
15.22,0.57,36.169510990640894,-0.8969021386313408,53.64065410401702,31.17,3.0,headache,S019
-20.93,0.57,36.468134387681374,-0.915461141645632,53.83468782128934,31.15,3.0,headache,S019
-0.53,0.57,36.1649020713241,-0.9126766731775687,53.73623946637145,31.15,3.0,headache,S019
18.27,0.57,35.96605558648514,-0.6809100586637236,53.76859723159096,31.15,3.0,headache,S019
-14.34,0.57,36.335121899848204,-0.732638869620086,53.80334810789494,31.15,3.0,headache,S019
-6.23,0.57,36.192591984087294,-0.765888748573964,53.75471373359937,31.19,3.0,headache,S019
7.02,0.57,36.04364491857709,-0.5996300145437208,53.709082375293114,31.19,3.0,headache,S019
-11.4,0.57,36.08465867942882,-0.399855937508901,54.01366214760672,31.19,3.0,headache,S019
9.31,0.57,36.0104746270935,-0.8272771160660359,53.75359388668198,31.19,3.0,headache,S019
-2.34,0.57,36.23974531037511,-0.9807091865942409,53.590217198639316,31.17,3.0,headache,S019
-14.73,0.57,36.06712286877576,-1.0460719377428116,53.44231763406901,31.17,3.0,headache,S019
18.26,0.57,36.061155524027654,-0.9101865128858906,53.6241471775373,31.17,3.0,headache,S019
-10.44,0.57,36.12609982357847,-0.8531407238284797,53.568442364027156,31.17,3.0,headache,S019
-4.49,0.57,36.25678577922457,-0.7336036967997729,53.59623586605489,31.15,3.0,headache,S019
23.21,0.57,35.94974737292279,-0.8675889374154653,53.82358057774231,31.15,3.0,headache,S019
-12.55,0.57,36.15165202848459,-0.7632501652099168,53.58346099008706,31.15,3.0,headache,S019
-5.59,0.57,35.987916344652895,-0.6425113284079107,54.00192788145874,31.15,3.0,headache,S019
15.5,0.56,36.12535145457194,-0.4748129231876736,53.77058469100625,31.19,3.0,headache,S019
-15.15,0.57,36.01181584069527,-0.7275134197619132,53.761539381016654,31.19,3.0,headache,S019
9.8,0.57,36.03838742608544,-0.8880788568023185,53.76954999702138,31.19,3.0,headache,S019
6.22,0.57,36.21669480320186,-0.9974648801204055,53.950954250771105,31.19,3.0,headache,S019
-19.28,0.58,36.10056586901794,-0.9439712711264698,53.473430541731226,31.15,3.0,headache,S019
19.03,0.58,36.06392385312046,-0.9248609006743177,53.5334719934663,31.15,3.0,headache,S019
10.46,0.59,36.09407955676198,-0.7468189871521645,53.52231785206482,31.15,3.0,headache,S019
-16.73,0.6,35.98504186428558,-0.6182405579921757,53.829059109028215,31.15,3.0,headache,S019
19.11,0.6,36.225455818359315,-0.9800503322942984,53.7077515950963,31.15,3.0,headache,S019
2.62,0.6,36.15965419937633,-0.680794703928361,53.5779470218888,31.15,3.0,headache,S019
-15.99,0.6,36.24844755748281,-0.5328826025736154,53.69808073834804,31.15,3.0,headache,S019
17.98,0.6,35.98820622650777,-0.7037218579900943,53.94280974202652,31.15,3.0,headache,S019
3.69,0.6,36.016393274941734,-0.8968174987945142,53.44961764817364,31.13,3.0,headache,S019
-18.14,0.6,36.347446810029865,-0.8558061156773142,53.67927927440829,31.13,3.0,headache,S019
6.62,0.6,36.02739532932337,-0.8430970805242969,53.74322250404097,31.13,3.0,headache,S019
8.28,0.6,35.99102169212439,-0.9624205057326363,53.72575094712078,31.13,3.0,headache,S019
-11.5,0.59,36.303850066850536,-0.8598563590488503,53.835333419692816,31.15,3.0,headache,S019
5.12,0.6,36.09048969499369,-0.5906756446060394,53.74805621982835,31.15,3.0,headache,S019
1.6,0.6,35.96816221869791,-0.19590340793399297,53.909133879438784,31.15,3.0,headache,S019
-16.28,0.59,36.021532275827475,-0.6170688136711102,53.919203383006526,31.15,3.0,headache,S019
8.83,0.59,35.98077032233772,-0.6484984725099903,53.923222271736996,31.13,3.0,headache,S019
0.63,0.59,36.02121659871242,-0.4139234896718089,53.71702566040168,31.13,3.0,headache,S019
-17.36,0.59,35.96942876881629,-0.5982855797787678,53.529937277492444,31.13,3.0,headache,S019
10.43,0.59,36.091983909805705,-1.0145574073174801,53.920334011551965,31.13,3.0,headache,S019
-5.51,0.59,36.06768061103931,-0.9662459563437361,53.91900391315702,31.15,3.0,headache,S019
-12.11,0.59,35.978110072308084,-1.051497478571329,53.49563061405603,31.15,3.0,headache,S019
17.26,0.58,36.279658315789476,-0.8690045656338218,53.72531128770177,31.15,3.0,headache,S019
-9.28,0.59,36.19493500072016,-0.665651380680817,53.39485378347425,31.15,3.0,headache,S019
-10.88,0.59,36.14213129957419,-0.5138125464556604,53.6413330894972,31.15,3.0,headache,S019
14.98,0.58,36.01972078870669,-0.4463803982666132,53.67699081987402,31.15,3.0,headache,S019
-10.1,0.59,35.9914174718504,-0.48178378669494004,53.88038050538423,31.15,3.0,headache,S019
-11.27,0.59,36.00518816977434,-0.35057218953361746,54.00675268885068,31.15,3.0,headache,S019
15.25,0.58,35.9994762364481,-0.7773373902791195,53.87100958717884,31.15,3.0,headache,S019
-12.23,0.58,36.13518417924502,-1.0074701503147139,53.97513074945888,31.15,3.0,headache,S019
-0.17,0.59,35.976859169585005,-0.847004261502383,53.501709730871696,31.15,3.0,headache,S019
7.3,0.58,36.0343500785672,-0.8903883623319536,53.90797339263557,31.15,3.0,headache,S019
-17.91,0.58,36.11367191900428,-0.8529720400936929,53.72037513622919,31.13,3.0,headache,S019
13.56,0.58,35.98094493656148,-0.518583789708497,53.710701169727876,31.13,3.0,headache,S019
7.02,0.58,36.128257199216144,-0.5799884637957716,53.866653757795994,31.13,3.0,headache,S019
-12.6,0.58,36.00687033617459,-0.5185003749675002,53.72783916065543,31.13,3.0,headache,S019
13.49,0.58,35.994697693279754,-0.6119695602505795,53.51510336080548,31.13,3.0,headache,S019
-0.49,0.58,36.006117162939866,-0.5191711835662547,53.947586795255944,31.13,3.0,headache,S019
-14.48,0.58,35.991926331316655,-0.8710847726557966,53.68022786560622,31.13,3.0,headache,S019
23.4,0.58,36.01204779801186,-0.728347795158234,53.535455838011046,31.13,3.0,headache,S019
-2.69,0.58,35.977674302019615,-0.6301661583516324,53.35864992477099,31.15,3.0,headache,S019
-20.75,0.58,36.08420504434054,-1.0172619799722542,53.99132676929082,31.15,3.0,headache,S019
26.58,0.58,36.07601600381888,-0.4385495276644947,53.600840831846064,31.15,3.0,headache,S019
2.89,0.58,35.96456854535347,-0.7149453097408239,53.83249143371483,31.15,3.0,headache,S019
-14.92,0.58,36.030860563871485,-0.4882286348354077,53.79089672440546,31.13,3.0,headache,S019
20.56,0.58,35.961604320780914,-0.15883366969847304,53.681104413208345,31.13,3.0,headache,S019
-5.51,0.58,36.1001432397179,-0.49061455714285235,53.82564050638903,31.13,3.0,headache,S019
-6.55,0.58,36.05798127616658,-0.5662692937720488,53.770928450412754,31.13,3.0,headache,S019
22.59,0.58,35.98954711737434,-0.3868415704354004,53.92985470671605,31.15,3.0,headache,S019
-7.55,0.58,36.134480595700715,-0.9157609026253657,54.04356141506086,31.15,3.0,headache,S019
-14.98,0.58,35.98565663044862,-0.8504796533184942,53.74099477695938,31.15,3.0,headache,S019
26.02,0.58,36.007531504166025,-0.7394231683976354,53.50694884064927,31.15,3.0,headache,S019
-5.81,0.58,35.99643381688466,-0.5763026396021893,53.83843772658327,31.17,3.0,headache,S019
-12.06,0.58,35.9997674865639,-0.40496586471313306,53.63816993840721,31.17,3.0,headache,S019
22.25,0.57,36.00557539573886,-0.3588476650750699,53.72528001515818,31.17,3.0,headache,S019
-9.06,0.58,35.98271323214976,-0.5383252544963537,53.832670525150746,31.17,3.0,headache,S019
-8.06,0.58,36.10011599642454,-0.7126217117228002,53.811087159234084,31.15,3.0,headache,S019
16.79,0.57,36.05223635340954,-0.4462721613201438,53.77251022353149,31.15,3.0,headache,S019
-16.9,0.58,35.97719100288854,-0.5221723925100363,53.8146431740887,31.15,3.0,headache,S019
-5.68,0.58,36.01127361687386,-0.698824472261606,53.59414688216612,31.15,3.0,headache,S019
16.78,0.57,36.013219173128974,-1.0348207333402846,53.792764097583145,31.17,3.0,headache,S019
-13.48,0.58,36.240051506119805,-0.8640751481751919,53.79013064638088,31.17,3.0,headache,S019
-5.01,0.58,35.9845918640024,-0.9858630442285181,53.96396893719432,31.17,3.0,headache,S019
15.62,0.58,36.018076415430386,-0.4728956674114057,53.90996994667747,31.17,3.0,headache,S019
-8.6,0.57,35.982309416955914,-0.7506206624850703,53.6932972232994,31.15,3.0,headache,S019
-9.17,0.57,36.01755258565265,-0.7955887998997283,53.84019486965691,31.15,3.0,headache,S019
9.98,0.57,35.981994831432836,-0.379727669570734,53.59268500507693,31.15,3.0,headache,S019
-11.15,0.57,36.01947905290584,-0.2995701432144133,53.655547895673415,31.15,3.0,headache,S019
-5.14,0.57,35.976572009660934,-0.5954370294134081,53.782160129836434,31.15,3.0,headache,S019
11.9,0.57,36.03877854628718,-0.7442590761749748,53.878118827144625,31.15,3.0,headache,S019
-14.05,0.57,36.10771341772492,-0.8501625452635289,53.77491364764461,31.15,3.0,headache,S019
-3.32,0.57,35.98953013061369,-0.8227800035785294,53.64000082509758,31.15,3.0,headache,S019
15.77,0.57,36.00246665041601,-0.734566122426492,53.85576298462878,31.15,3.0,headache,S019
-11.58,0.57,35.999818553697374,-0.8090655855269332,53.576429644086566,31.15,3.0,headache,S019
-10.35,0.57,35.999886555988596,-0.4406140889144102,53.67084821248776,31.15,3.0,headache,S019
18.11,0.57,35.99889710914703,-0.6428638337270624,53.87218062146263,31.15,3.0,headache,S019
-3.77,0.57,36.00465693190914,-0.30409367966532425,53.69678486972851,31.13,3.0,headache,S019
-10.8,0.57,35.98497850110823,-0.36807299495432894,53.75703616442308,31.13,3.0,headache,S019
15.85,0.57,36.097102884994875,-0.7492565558673212,53.685299388329646,31.13,3.0,headache,S019
-14.52,0.57,36.05561859575165,-0.8209993024692299,53.767540291319825,31.13,3.0,headache,S019
-9.83,0.56,35.97575130521032,-0.7471838588430684,53.62076153457414,31.13,3.0,headache,S019
24.28,0.57,36.15199546348269,-0.9894024089366652,53.61867399480375,31.13,3.0,headache,S019
-4.84,0.57,35.96526463896754,-0.6395820701442196,53.79939628736935,31.13,3.0,headache,S019
-12.53,0.57,36.03081503626692,-0.7061815963825151,53.694076281897644,31.13,3.0,headache,S019
12.96,0.57,35.968864347958316,-0.4752255113965482,53.6810250336649,31.15,3.0,headache,S019
-2.89,0.58,36.03462197170604,-0.46763277775182305,53.97456075270679,31.15,3.0,headache,S019
-7.3,0.57,35.954658054806984,-0.7485703882009866,53.771640548100265,31.15,3.0,headache,S019
16.4,0.58,36.12812484036651,-0.09246389481147639,53.811691440053224,31.15,3.0,headache,S019
-11.15,0.58,36.024100525276836,-0.41040919940561815,54.03242885103914,31.15,3.0,headache,S019
-8.82,0.58,36.004988255442456,-0.8147215504930243,53.8046084821437,31.15,3.0,headache,S019
18.8,0.58,35.98841208183166,-0.7619266436681064,53.93974239216627,31.15,3.0,headache,S019
-11.4,0.58,36.25985545497144,-0.6414661660075063,53.61824107496601,31.15,3.0,headache,S019
-9.16,0.58,36.134143077892446,-0.7561742857537666,53.59511538775384,31.15,3.0,headache,S019
20.65,0.57,35.985733458406656,-0.7338252572811235,53.730951394753845,31.15,3.0,headache,S019
-6.23,0.58,35.99318941792842,-0.7779094095050049,53.71413145859846,31.15,3.0,headache,S019
-14.53,0.58,36.112486534728234,-0.9223876464010149,53.5084471754125,31.15,3.0,headache,S019
16.57,0.57,36.02965653609427,-0.0985708881306114,53.88982486450376,31.15,3.0,headache,S019
-12.68,0.57,35.98427153539272,-0.4572618666262558,53.8473010011991,31.15,3.0,headache,S019
-1.55,0.58,36.015191384088226,-0.1636245049679203,53.77148210757462,31.15,3.0,headache,S019
17.36,0.57,36.2322473237556,-0.44093874110176057,53.770543799922855,31.15,3.0,headache,S019
-15.69,0.57,36.11269528195271,-0.935538506933586,53.748565332231266,31.13,3.0,headache,S019
-11.02,0.57,36.032785243361005,-0.46589560640618405,53.76460889384812,31.13,3.0,headache,S019
17.63,0.57,35.97941472442215,-0.5680156168707722,53.72917689495858,31.13,3.0,headache,S019
-15.56,0.57,36.018506652807,-0.7880458603731922,53.83292810404452,31.13,3.0,headache,S019
2.56,0.57,35.98095006115039,-0.30087569542681336,53.65819272674332,31.11,3.0,headache,S019
17.26,0.57,36.0214182579592,-0.45310791564693964,53.75820275808088,31.11,3.0,headache,S019
-14.73,0.57,35.97326285632177,-0.45757737764606915,53.7798361912702,31.11,3.0,headache,S019
2.09,0.57,36.04361977068736,-0.32708758670611365,53.801490927849166,31.11,3.0,headache,S019
16.71,0.57,36.107198496316755,-0.17366885149075198,53.67100128888766,31.13,3.0,headache,S019
-22.79,0.57,36.18461302108443,-0.6841424813653516,53.67265579285177,31.13,3.0,headache,S019
13.71,0.57,36.168655370017674,-0.9313846009703625,53.71963817308384,31.13,3.0,headache,S019
14.41,0.57,36.107983905112505,-0.6445934505524629,53.61174954899546,31.13,3.0,headache,S019
-20.71,0.57,36.26101380172346,-0.7313219118197782,53.80392549875412,31.11,3.0,headache,S019
16.11,0.57,36.04873427032946,-0.5771744761657213,54.012524291873106,31.11,3.0,headache,S019
14.92,0.57,36.11667913411861,-0.32288911389006003,53.47263826282009,31.11,3.0,headache,S019
-20.61,0.57,35.96075741556782,-0.4732603102141297,53.906115531054255,31.11,3.0,headache,S019
12.18,0.57,36.030541034453265,-0.45968897724885827,53.646380135294635,31.11,3.0,headache,S019
6.86,0.57,35.96618666650124,-0.5456604121276126,53.8320502716149,31.11,3.0,headache,S019
-17.49,0.57,36.132448944452584,-0.22003169889187063,53.92943295723092,31.11,3.0,headache,S019
11.52,0.57,36.012932455698625,-0.47394836185516376,53.74460010316344,31.11,3.0,headache,S019
-1.04,0.57,35.9997404477893,-0.775107976596403,53.73511516644053,31.11,3.0,headache,S019
-16.78,0.57,35.999458623226445,-0.8513483163893635,53.62668041048879,31.11,3.0,headache,S019
20.66,0.57,36.141081491144405,-0.29665798047375985,53.6335760281817,31.11,3.0,headache,S019
-2.55,0.57,35.96113745976555,-0.04756651866873752,53.455155324267245,31.11,3.0,headache,S019
-14.44,0.57,36.100719736940874,-0.42181113999095365,53.83557181205731,31.13,3.0,headache,S019
18.68,0.57,36.0559713747102,-0.28814211058854927,53.88510814538737,31.13,3.0,headache,S019
-10.25,0.57,35.99139622501722,-0.27303440794183476,53.46939030646509,31.13,3.0,headache,S019
-4.04,0.57,35.986161733901184,-0.585258932820065,53.57128919082667,31.13,3.0,headache,S019
14.32,0.57,36.13668675799244,-0.2847237087173711,53.81784117978866,31.13,3.0,headache,S019
-19.18,0.57,36.14771407612819,-0.8157414382928215,53.436396320178396,31.13,3.0,headache,S019
1.68,0.57,35.98441320978074,-0.7010389997564525,53.42086457035617,31.13,3.0,headache,S019
18.78,0.57,36.238518474357704,-0.3940400382067997,53.597163981326666,31.13,3.0,headache,S019
-18.34,0.57,36.000368573891244,-0.32722504711462086,53.89858379227058,31.11,3.0,headache,S019
13.58,0.57,36.00992701876919,-0.306768513587896,53.93013600442208,31.11,3.0,headache,S019
7.24,0.57,35.99398577990296,-0.1654533268342645,53.862444850360056,31.11,3.0,headache,S019
-15.34,0.57,35.99484094019637,-0.24177302868182843,53.614770088309584,31.11,3.0,headache,S019
14.29,0.57,36.055126924591285,-0.27279564134155876,53.489253488102726,31.13,3.0,headache,S019
-2.73,0.56,36.35363151482248,-0.6639567237997994,53.3990093070106,31.13,3.0,headache,S019
-15.77,0.57,35.97068306778548,-0.592024847900732,53.6290759126446,31.13,3.0,headache,S019
22.37,0.57,36.25639642360468,-0.8967447364709721,53.81070330630362,31.13,3.0,headache,S019
0.46,0.57,35.97734735666758,-0.6337507924552858,53.52740464195891,31.13,3.0,headache,S019
-20.97,0.57,36.043266433003154,-0.37417927756535596,53.80259460440586,31.13,3.0,headache,S019
22.62,0.57,36.08537016574936,-0.44749591376242875,54.02628617232592,31.13,3.0,headache,S019
1.47,0.56,36.04541197588284,-0.22919081232252667,53.63572674425377,31.13,3.0,headache,S019
-14.96,0.57,36.098245141635466,-0.4299788655605331,53.651365403207755,31.11,3.0,headache,S019
19.69,0.57,35.99482579793072,-0.42075318876011125,53.8246764025533,31.11,3.0,headache,S019
-13.73,0.57,36.047064840905364,-0.3349741703211943,53.913802963180636,31.11,3.0,headache,S019
-10.87,0.57,36.16737612119647,-0.5606028180430751,53.63745629101092,31.11,3.0,headache,S019
19.96,0.57,36.014698419346125,-0.7039849880058539,53.62272169811417,31.11,3.0,headache,S019
-9.8,0.57,36.173586896585086,-0.3770318103917208,53.6274140364053,31.11,3.0,headache,S019
-15.02,0.56,36.17728760377343,-0.6960701112492785,53.345842557549496,31.11,3.0,headache,S019
19.84,0.57,36.05244451350499,-0.6355708420872308,53.65174151079775,31.11,3.0,headache,S019
-6.03,0.56,35.99101743863093,-0.04711537570014713,54.03084831676352,31.11,3.0,headache,S019
-14.43,0.56,36.003532009323415,-0.1544090427440045,53.671940674606276,31.11,3.0,headache,S019
13.22,0.56,36.001499258584005,-0.21202770298052342,53.63045637559568,31.11,3.0,headache,S019
-8.02,0.57,35.98622302677674,-0.3048183639993763,53.75855544250285,31.11,3.0,headache,S019
-11.82,0.56,36.10135907475914,-0.366685821854019,53.8037207845972,31.11,3.0,headache,S019
14.37,0.56,36.03605802726621,-0.47574346815218527,53.399080875666144,31.11,3.0,headache,S019
-9.01,0.56,36.17151793653094,-0.8513474154744679,53.450525132782154,31.11,3.0,headache,S019
-14.08,0.56,36.12256648648947,-0.8687996974452216,53.44360163402457,31.11,3.0,headache,S019
15.17,0.56,36.02643262246533,-0.5250941514444006,53.38930953875697,31.09,3.0,headache,S019
-12.45,0.56,36.143040484392706,0.11296164993751527,53.6403929304729,31.09,3.0,headache,S019
-1.75,0.56,36.01475047558602,-0.3634627547409611,53.74837473971495,31.09,3.0,headache,S019
10.87,0.56,36.10094311549693,-0.18081906571028178,53.86059659113273,31.09,3.0,headache,S019
-13.6,0.56,36.24670703776281,-0.23502869350443029,53.4850630099969,31.11,3.0,headache,S019
4.4,0.56,36.06902767464468,-0.24142834256963122,53.453798118106306,31.11,3.0,headache,S019
8.85,0.56,36.26891405402959,-0.21061079944031408,53.55127097768959,31.11,3.0,headache,S019
-15.96,0.56,36.39983519102821,-0.30786790794329166,53.61218879939684,31.11,3.0,headache,S019
5.72,0.56,35.96911057562135,-0.5580660479061357,53.57492287422024,31.13,3.0,headache,S019
9.94,0.56,36.46230857955719,-0.767053166192476,53.27601405994832,31.13,3.0,headache,S019
-17.56,0.56,36.21747076231869,-0.6487451083328376,53.700108624162624,31.13,3.0,headache,S019
4.02,0.56,36.285055144235386,-0.4498890237850602,53.53339763973736,31.13,3.0,headache,S019
19.71,0.56,36.13904206387389,-0.2869938252815928,53.76602497788825,31.13,3.0,headache,S019
-17.98,0.56,36.30302452359322,-0.6245903783554554,53.7552459157935,31.13,3.0,headache,S019
-2.9,0.56,36.30292767411715,-0.39631979097216535,53.156622623501,31.13,3.0,headache,S019
18.49,0.56,36.069793417930434,-0.19046842793840374,53.48749760410652,31.13,3.0,headache,S019
-12.15,0.56,36.193153682777954,-0.184392491976532,53.67227207862056,31.09,3.0,headache,S019
4.07,0.56,36.108088334961124,-0.5129732674630915,53.48466256977179,31.09,3.0,headache,S019
15.95,0.56,36.12652624988933,-0.4694982796304953,53.172494138650826,31.09,3.0,headache,S019
-18.65,0.56,36.30516663164553,-0.683702234390951,53.4752159049085,31.09,3.0,headache,S019
-2.51,0.56,36.3416853847736,-0.5186461205771405,53.6854100301366,31.13,3.0,headache,S019
19.23,0.56,36.07863439574877,-0.3484468838897738,53.847616916473136,31.13,3.0,headache,S019
-14.03,0.55,36.19453576127378,-0.3156199565405626,53.70225797560551,31.13,3.0,headache,S019
0.02,0.56,36.22113118789202,-0.5850055257913218,53.64821375662454,31.13,3.0,headache,S019
14.99,0.56,36.24748034922251,-0.2423094330793953,53.28902818473419,31.09,3.0,headache,S019
-12.0,0.56,36.01869352444645,-0.6136921099184538,53.19613589659492,31.09,3.0,headache,S019
8.05,0.55,36.12737863777114,-0.23716564291102848,53.40772202919771,31.09,3.0,headache,S019
4.79,0.56,36.22934224141288,-0.30232347242442886,54.04151550412302,31.09,3.0,headache,S019
-18.82,0.56,36.522686725726835,-0.596891385812167,53.58004674590116,31.09,3.0,headache,S019
12.18,0.55,36.116165373700795,-0.5727527863674023,53.55299258492584,31.09,3.0,headache,S019
8.66,0.56,36.526721648556574,-0.33233874757750925,53.56929486965693,31.09,3.0,headache,S019
-22.43,0.56,36.14769287812606,-0.506647520210482,53.773955454541785,31.09,3.0,headache,S019
10.23,0.55,36.34547619248048,-0.20603737200062863,53.42405646473398,31.09,3.0,headache,S019
16.67,0.55,36.17319105660211,-0.0022522404424850004,53.50270118725217,31.09,3.0,headache,S019
-23.54,0.55,36.04357262168624,-0.3192348129315749,53.6265628738377,31.09,3.0,headache,S019
6.71,0.55,36.06121665651068,-0.26150184216882766,53.84298163917077,31.09,3.0,headache,S019
12.51,0.56,36.40568455931155,-0.4275797420142802,53.59323945160898,31.11,3.0,headache,S019
-16.56,0.56,36.420716503316,-0.7482987565816319,53.52790692717238,31.11,3.0,headache,S019
5.84,0.56,36.292149159071705,-0.8205198388796933,53.17151699462777,31.11,3.0,headache,S019
9.51,0.56,36.27558231574083,-0.38962778276020665,53.77182296295348,31.11,3.0,headache,S019
-15.05,0.56,36.25737916982111,-0.17906830454845774,53.653278165626496,31.11,3.0,headache,S019
7.02,0.56,36.13825852262934,-0.5104068463574104,53.296497311647244,31.11,3.0,headache,S019
11.11,0.55,36.30597207305755,-0.3579893082882364,53.35308955949933,31.11,3.0,headache,S019
-15.06,0.56,36.08983664542384,-0.1312027930413782,53.53814344001214,31.11,3.0,headache,S019
-1.71,0.56,36.34662875295164,-0.20262207199364443,53.465577499962194,31.09,3.0,headache,S019
7.39,0.55,36.23857182489979,-0.07423722924584872,53.59839031109571,31.09,3.0,headache,S019
-15.02,0.56,36.348188949468394,-0.48903502344373967,53.71255089422125,31.09,3.0,headache,S019
15.2,0.55,36.167073563293634,-0.07286363707634115,53.654210955745086,31.09,3.0,headache,S019
4.64,0.55,36.42881375074533,-0.08708758241402963,53.577928817503306,31.07,3.0,headache,S019
-19.53,0.55,36.109162772222064,-0.22537151871945793,53.535510248713344,31.07,3.0,headache,S019
15.01,0.55,36.219914883189986,-0.17579313360132903,53.73216898121958,31.07,3.0,headache,S019
-8.1,0.55,36.56831451625327,-0.752857731104206,53.570763428656875,31.07,3.0,headache,S019
-8.53,0.55,36.41114487404502,-0.8482894167252962,53.35614211556037,31.09,3.0,headache,S019
21.2,0.55,36.05597438449434,-0.05199346034639568,53.3156936980171,31.09,3.0,headache,S019
-12.02,0.55,35.94038471400934,-0.21801971873865908,53.551274168871814,31.09,3.0,headache,S019
10.68,0.55,36.23458103970004,-0.14474593483730072,53.24003633350359,31.09,3.0,headache,S019
6.82,0.55,36.22552386375149,-0.20009399991594684,53.418635450729404,31.05,3.0,headache,S019
-17.63,0.55,35.925911181414904,-0.4345163228605108,53.776945323337,31.05,3.0,headache,S019
16.44,0.55,36.29396652178292,-0.07145890520523544,53.287710531775936,31.05,3.0,headache,S019
-13.76,0.55,36.11906328678806,-0.18018535685958784,53.48641835879307,31.05,3.0,headache,S019
6.63,0.55,36.23352269000349,-0.4993702510160637,53.58435147645088,31.07,3.0,headache,S019
8.16,0.55,36.05854792924427,-0.3822653571195185,53.91255806785455,31.07,3.0,headache,S019
-13.73,0.55,36.537896073352364,-0.7764995564053679,53.429774445539294,31.07,3.0,headache,S019
11.78,0.55,36.35157365218688,-0.37036723059121407,53.440275197521814,31.07,3.0,headache,S019
5.09,0.55,36.10088518817827,-0.42688575557366715,53.310314157647156,31.05,3.0,headache,S019
-15.45,0.55,36.432261960866725,-0.5672037839377736,53.488712848414366,31.05,3.0,headache,S019
10.05,0.55,36.57330884166674,-0.6846305504479087,53.56545427151831,31.05,3.0,headache,S019
4.58,0.56,36.104403626634664,-0.8876447541415812,53.392883696787486,31.05,3.0,headache,S019
-11.65,0.56,36.619293744888544,-0.9637973216796528,53.57794596705384,31.07,3.0,headache,S019
11.94,0.56,36.377938111776125,-0.53018274175486,53.401489140444376,31.07,3.0,headache,S019
-9.68,0.56,36.26180128987845,-0.9024672751572201,53.56303709284918,31.07,3.0,headache,S019
-10.1,0.56,36.45488295248039,-0.6493400372472369,53.50594145984716,31.07,3.0,headache,S019
15.53,0.55,36.20218296454694,-0.6738120392475629,53.87438731927365,31.07,3.0,headache,S019
-17.13,0.56,36.178644865019166,-0.760555792179041,53.81465920784993,31.07,3.0,headache,S019
-2.56,0.56,36.014209844360806,-0.6057424777090006,53.825234230379436,31.07,3.0,headache,S019
7.14,0.56,36.10233263069537,-0.5278359456165664,53.83993447880291,31.07,3.0,headache,S019
-14.91,0.56,36.167229128960166,-0.5953237956241538,53.75526789366721,31.07,3.0,headache,S019
-2.81,0.56,36.22227612983935,-0.5718230528774833,53.62344362902587,31.07,3.0,headache,S019
10.54,0.55,36.0938643612325,-0.25618484969958827,53.99491769641457,31.07,3.0,headache,S019
-14.06,0.56,36.03824704625476,-0.2359392229410462,53.74701967645927,31.07,3.0,headache,S019
3.93,0.56,35.975954327012886,-0.1508197481236532,53.91442135115545,31.07,3.0,headache,S019
12.2,0.55,36.08698632557293,-0.15997536771440798,53.78472237293416,31.07,3.0,headache,S019
-6.61,0.55,36.13957396079311,-0.2586418261771474,54.03249300201897,31.07,3.0,headache,S019
-0.39,0.56,36.03258216647546,-0.4478152002784686,53.824383890286704,31.07,3.0,headache,S019
18.83,0.55,36.037374466773315,-0.6245229702333641,53.79317555556828,31.05,3.0,headache,S019
-9.21,0.55,36.105571977807635,-0.6040085161908508,53.9065577858759,31.05,3.0,headache,S019
-6.22,0.56,36.09874597320904,-0.5116226055290667,53.63219799583715,31.05,3.0,headache,S019
20.25,0.55,36.009975174626376,-0.30076476762731175,53.82548027283583,31.05,3.0,headache,S019
-8.45,0.55,36.02999566732674,-0.630752572244734,53.87783852578595,31.05,3.0,headache,S019
-8.17,0.55,36.120557293114615,-0.935063332586157,53.54058386946687,31.05,3.0,headache,S019
18.08,0.55,35.95979305964998,-1.0019235564831936,53.304332934973914,31.05,3.0,headache,S019
-6.83,0.55,36.02669621995395,-1.0099590370812843,53.57890575026664,31.05,3.0,headache,S019
2.01,0.56,35.97986621175108,-0.8116710529802026,53.707795109885474,31.05,3.0,headache,S019
15.2,0.56,36.01564429640973,-0.5422609899712177,53.665317694830314,31.05,3.0,headache,S019
-9.32,0.55,35.98822762076809,-0.7156646660251134,53.7899883808053,31.05,3.0,headache,S019
0.53,0.55,36.00758405799171,-0.8229074953559768,53.64434972848035,31.05,3.0,headache,S019
-4.5,0.55,35.99831213349602,-0.6060814596127577,53.85838271559379,31.05,3.0,headache,S019
-16.45,0.55,35.989865356499706,-0.5580720883177498,53.515175260791786,31.05,3.0,headache,S019
9.96,0.55,36.06085033315603,-0.7972656527803054,54.03842846621694,31.05,3.0,headache,S019
-16.0,0.56,36.08763408838973,-1.0465103344463633,53.65842020469392,31.05,3.0,headache,S019
-4.34,0.56,36.2165465050851,-0.8374031068588293,53.363680801532006,31.05,3.0,headache,S019
5.47,0.55,36.49681241110595,-0.6985104518910403,53.53856231839481,31.05,3.0,headache,S019
-14.32,0.56,36.281549757329834,-0.6439583153523744,53.78183097973348,31.05,3.0,headache,S019
20.44,0.56,36.34628879589244,-0.5483602399909909,53.25582064136542,31.05,3.0,headache,S019
-11.81,0.55,36.00426246963798,-0.6705170866327623,53.64700138330464,31.05,3.0,headache,S019
-0.71,0.55,36.11650268349686,-0.3540427221874761,53.48114031891201,31.05,3.0,headache,S019
10.21,0.56,36.26778621568389,-0.418922955150076,53.49976299659866,31.05,3.0,headache,S019
-14.15,0.55,36.2404765449756,-0.7365613391782789,53.55674303304398,31.05,3.0,headache,S019
14.76,0.55,36.03699879069482,-0.5119054065029994,53.74059251805169,31.07,3.0,headache,S019
10.28,0.56,36.281622154563294,-0.7384534230905784,53.58721396052019,31.07,3.0,headache,S019
-22.34,0.56,36.358034354561944,-0.8780477159057651,53.57806616250205,31.07,3.0,headache,S019
16.15,0.55,36.023033721877546,-0.8915455668958514,53.514193908156855,31.07,3.0,headache,S019
21.61,0.55,36.39868518887339,-0.5083347411213405,53.93617586039286,31.03,3.0,headache,S019
-20.81,0.55,36.13939940645661,-0.4981888784930078,53.49160597382958,31.03,3.0,headache,S019
-6.01,0.55,36.312366134682584,-0.7715982720650574,53.41051365876708,31.03,3.0,headache,S019
27.52,0.55,36.343474813650296,-0.6130793471561548,53.57752220129214,31.03,3.0,headache,S019
-3.71,0.55,36.29106000479595,-0.6566294577152155,53.6454359103377,31.05,3.0,headache,S019
-18.1,0.55,36.33270572534455,-0.8598510435082964,53.7491006845979,31.05,3.0,headache,S019
22.33,0.55,36.434521376373176,-0.9398369776015059,53.47267558500055,31.05,3.0,headache,S019
3.26,0.55,36.4939020834914,-0.7262359264771157,53.48509004085278,31.05,3.0,headache,S019
-23.69,0.55,36.2901192528157,-0.7948430369121235,53.891377431263415,31.05,3.0,headache,S019
12.44,0.55,36.70270149264652,-0.8068205239198758,53.41005823749196,31.05,3.0,headache,S019
18.36,0.55,36.06926866699135,-0.8882219497187861,53.7287726430112,31.05,3.0,headache,S019
-22.53,0.55,36.345668365173736,-0.6066980097563953,53.71861421888406,31.05,3.0,headache,S019
-3.17,0.55,36.01270690368501,-0.6852359149095278,53.7001392298074,31.03,3.0,headache,S019
15.86,0.55,36.05812745395929,-0.6340016812670308,53.76264537199443,31.03,3.0,headache,S019
-19.8,0.56,36.06699434283303,-0.7723288496590324,53.75680792479602,31.03,3.0,headache,S019
-4.58,0.56,36.058234956234436,-1.0743220718650532,53.69272048415989,31.03,3.0,headache,S019
21.64,0.57,35.909824485473436,-0.5297394946979197,53.71470141680384,31.01,3.0,headache,S019
-2.66,0.58,36.27829727452613,-0.7928333593870769,53.67579359816271,31.01,3.0,headache,S019
-17.46,0.59,36.166121386412264,-0.7776225817373057,53.93399791369762,31.01,3.0,headache,S019
20.22,0.59,36.30857849148944,-0.6340342242308903,53.735323449640774,31.01,3.0,headache,S019
4.6,0.6,36.212780366706035,-0.6824613903815212,53.77259663847487,31.03,3.0,headache,S019
-19.12,0.62,35.939104302863754,-0.3891592087016426,53.915730510912496,31.03,3.0,headache,S019
5.67,0.63,36.05850684161731,-0.9332953295628674,53.8644019816698,31.03,3.0,headache,S019
11.79,0.63,36.10774722659556,-0.6932122873923131,53.78791687560739,31.03,3.0,headache,S019
-13.08,0.63,36.15235616730089,-0.9359958409712782,53.7698333789639,31.05,3.0,headache,S019
6.81,0.62,36.07208962184969,-0.942343909233846,53.73315244208743,31.05,3.0,headache,S019
0.31,0.61,36.1848904850643,-0.9578257797642894,53.549560123137304,31.05,3.0,headache,S019
-16.8,0.61,36.091329597416674,-0.8747402820914529,53.56885045672414,31.05,3.0,headache,S019
7.32,0.6,36.04805568792714,-0.7984985079812418,53.5465149352688,31.01,3.0,headache,S019
7.41,0.6,36.10836025962207,-0.8664201893421257,53.8926370106181,31.01,3.0,headache,S019
-13.8,0.6,36.03395999897778,-0.9835164179202596,53.53669683168543,31.01,3.0,headache,S019
3.97,0.59,36.21171034458275,-0.7907291668747285,53.24028232772606,31.01,3.0,headache,S019
-8.92,0.59,36.22493014198125,-0.9348253805119837,53.41575884685249,31.03,3.0,headache,S019
-13.7,0.59,36.0684725297345,-0.6849039651450992,53.246085323330334,31.03,3.0,headache,S019
10.26,0.59,36.334665730573725,-0.8837665699413209,53.27671806614459,31.03,3.0,headache,S019
-25.5,0.59,36.4382216493471,-0.5754368937746754,53.7287249174898,31.03,3.0,headache,S019
5.11,0.59,36.55236288745299,-0.7684816282411148,53.36615220757491,31.03,3.0,headache,S019
-10.92,0.59,36.0559323636333,-0.5380676177478756,53.33995418309332,31.03,3.0,headache,S019
-9.66,0.59,36.28233991207279,-0.7950059538876729,53.68871713151746,31.03,3.0,headache,S019
14.68,0.58,36.107883276430954,-0.4197797915812979,53.82124831325055,31.03,3.0,headache,S019
-19.61,0.58,35.910012492172875,-0.9040622743593522,53.94159587554912,31.01,3.0,headache,S019
18.62,0.58,36.27880801107885,-0.8543720277985704,54.04311532667705,31.01,3.0,headache,S019
-5.0,0.58,36.16531845140892,-0.19643729258459033,53.9603127122617,31.01,3.0,headache,S019
-32.99,0.58,36.07309895402587,-0.47357955480254227,54.03861716169453,31.01,3.0,headache,S019
43.69,0.59,35.92746618945619,-0.5118997705927985,53.96037420607393,31.03,3.0,headache,S019
69.41,0.58,36.047260468303485,-0.6056462716612786,54.04592828677056,31.03,3.0,headache,S019
14.48,0.58,35.928820057174704,-0.7410241157523795,53.85171438744632,31.03,3.0,headache,S019
-51.05,0.59,35.36098574674031,-0.9100071316792213,54.00509936837611,31.03,3.0,headache,S019
-10.57,0.58,35.323443428129984,-0.8607545522877899,53.98272707331173,31.01,3.0,headache,S019
13.74,0.58,35.665952070280134,-0.4013238349220778,54.02133611076706,31.01,3.0,headache,S019
-0.64,0.58,35.80401799681617,-0.3916022333740381,53.975416496053064,31.01,3.0,headache,S019
30.49,0.58,35.77586979698117,-0.535116994591192,54.029845169959515,31.01,3.0,headache,S019
47.01,0.58,35.80403417301289,-0.5897738740008773,53.95235899283841,31.03,3.0,headache,S019
-20.57,0.58,35.9703735157447,-0.6542209407067876,53.899999240965336,31.03,3.0,headache,S019
-35.11,0.59,35.878870010479375,-1.0362051559712426,54.00515347001951,31.03,3.0,headache,S019
17.3,0.59,35.978807919166215,-0.9637151197505309,54.003822928374156,31.03,3.0,headache,S019
-2.39,0.59,35.987885613954596,-0.9192366322035965,53.99297853845553,31.03,3.0,headache,S019
-24.62,0.6,36.03302678396375,-0.8147947083529701,54.00855293237491,31.03,3.0,headache,S019
10.35,0.6,35.873800791532155,-0.5555638273697764,53.99062062244834,31.03,3.0,headache,S019
-3.73,0.6,35.986155155224054,-0.7846336872452,54.00984517190568,31.03,3.0,headache,S019
-16.06,0.6,35.939423529496736,-0.8250229385086366,53.9898957545589,31.03,3.0,headache,S019
15.99,0.6,35.90756310785667,-0.9874193782920806,54.01023562865976,31.03,3.0,headache,S019
-16.17,0.6,36.03653764191798,-1.0151833045082161,53.98971607742238,31.03,3.0,headache,S019
7.14,0.6,35.93814727250893,-0.9659550923548578,54.01027607291011,31.03,3.0,headache,S019
5.09,0.6,35.789976023191386,-0.8882648672979534,53.989770792927956,31.03,3.0,headache,S019
-22.99,0.59,36.018625054124314,-0.8265193608036735,54.010154639976065,31.03,3.0,headache,S019
12.19,0.59,35.96606325905319,-0.4119759866044729,53.989939930060096,31.03,3.0,headache,S019
-1.8,0.59,35.90879344845519,-0.6228497673229707,54.00995085163273,31.03,3.0,headache,S019
-16.88,0.59,35.94306145573704,-0.6327621916332303,53.99016923171239,31.01,3.0,headache,S019
16.34,0.59,35.91097221169891,-0.6493173781747187,54.00970251796091,31.01,3.0,headache,S019
-15.92,0.59,36.00356492140796,-0.9696540925311239,53.990431970746734,31.01,3.0,headache,S019
-1.44,0.58,36.023763280768144,-0.8780110663878119,54.009428671442386,31.01,3.0,headache,S019
18.82,0.58,35.72015478349305,-0.726699816196502,53.99071460297643,31.01,3.0,headache,S019
-19.95,0.58,35.853271085063874,-0.6175952959736705,54.00913883962275,31.01,3.0,headache,S019
6.59,0.58,36.05148168257046,-0.6374563380186654,53.99101061846517,31.01,3.0,headache,S019
22.36,0.58,35.96844959458277,-0.3651424513194271,54.00883719989991,31.01,3.0,headache,S019
-15.71,0.58,36.02255307884829,-0.4229691591785188,53.99131770273047,31.03,3.0,headache,S019
-15.85,0.58,35.98271586121341,-0.37123697566100483,54.008524520199266,31.03,3.0,headache,S019
27.89,0.58,36.01375462417637,-0.5489921178564325,53.9916364319477,31.03,3.0,headache,S019
-9.39,0.59,35.98881395154476,-0.24268447441602214,54.00819899313447,31.03,3.0,headache,S019
-17.07,0.58,36.00920708410884,-0.6102967781165458,53.99196980760064,30.99,3.0,headache,S019
26.64,0.58,35.99238414145027,-0.5011963551145764,54.00785639012813,30.99,3.0,headache,S019
6.83,0.58,36.006291503125446,-0.9730255393153152,53.99232338993195,30.99,3.0,headache,S019
-23.94,0.58,35.994844359924215,-0.7760582669071608,54.007489634348275,30.99,3.0,headache,S019
6.4,0.58,36.0041534185983,-0.8047972231503627,53.992706055121445,31.01,3.0,headache,S019
22.52,0.58,35.99675700130405,-0.6833326428128139,54.007087640541656,31.01,3.0,headache,S019
-14.81,0.58,36.0023887299083,-0.6798129471273888,53.99313168023213,31.01,3.0,headache,S019
-14.19,0.58,35.99844453204886,-0.5127553528616878,54.006632912078544,31.01,3.0,headache,S019
25.49,0.58,36.00070187287966,-0.5388184430251143,53.99362256783704,31.01,3.0,headache,S019
-16.88,0.58,36.0002306520617,-0.67421409450935,54.006096612729344,31.01,3.0,headache,S019
-13.27,0.58,35.998658656909384,-0.7303630146116479,53.99421665875041,31.01,3.0,headache,S019
21.77,0.58,36.00283024113995,-0.42479188352847197,54.00542776738704,31.01,3.0,headache,S019
-12.34,0.58,35.99480930991886,-0.5612878156499145,53.99498416698432,31.01,3.0,headache,S019
-6.28,0.58,36.010063584513524,-0.5207869397332137,54.00452673702082,31.01,3.0,headache,S019
17.02,0.58,35.97226865878606,-0.5225465941604983,53.99607168896012,31.01,3.0,headache,S019
-24.51,0.58,35.879403115907415,-0.6378949404539764,54.00316797816232,31.01,3.0,headache,S019
-7.86,0.58,35.91214840717421,-0.44205861308127337,53.99784656024219,31.01,3.0,headache,S019
23.9,0.58,35.86479759412877,-0.387440374942408,54.0007062934476,31.01,3.0,headache,S019
-9.31,0.59,35.98718290139574,-0.6278286247307402,54.001569176155115,31.01,3.0,headache,S019
0.67,0.59,36.00354668791153,-0.8420001157633064,53.994237594713866,31.01,3.0,headache,S019
17.74,0.59,35.99832787567867,-1.0252401813790273,54.01636516787937,31.01,3.0,headache,S019
-13.19,0.6,36.00114404251328,-0.7720069591296829,53.8980889859971,31.01,3.0,headache,S019
6.3,0.61,35.99896601974646,-0.6043325072884987,53.94990977095706,31.01,3.0,headache,S019
13.45,0.61,36.00108740354995,-0.7607968977720507,54.02518005471685,31.01,3.0,headache,S019
-19.05,0.61,35.998786635342206,-0.5664644936612546,53.981482829498084,30.99,3.0,headache,S019
7.91,0.61,36.00137402268772,-0.49008716202179825,54.015381372723084,30.99,3.0,headache,S019
0.47,0.61,35.99844786431416,-0.48180844570549947,53.986471972804225,30.99,3.0,headache,S019
-16.03,0.61,36.00173949948896,-0.5045550053776154,54.012281701785625,30.99,3.0,headache,S019
15.5,0.61,35.99806773289366,-0.3005344489528362,53.98863163454883,30.99,3.0,headache,S019
-13.27,0.61,36.002128871531674,-0.17536655544981666,54.01065522027269,30.99,3.0,headache,S019
-3.25,0.6,35.99767095417957,-0.5814859979375786,53.98993050179869,30.99,3.0,headache,S019
12.36,0.61,36.00253334953122,-0.7453846782352789,54.0095673048914,30.99,3.0,headache,S019
-18.33,0.6,35.997257048988494,-0.883577010992615,53.9908802091755,31.01,3.0,headache,S019
-2.2,0.6,36.002959555000444,-0.7392039733640293,54.00870624311549,31.01,3.0,headache,S019
18.4,0.6,35.996814570930034,-0.7167902957138832,53.99168979947457,31.01,3.0,headache,S019
-20.25,0.6,36.00342351689986,-0.6454671373029819,54.007916905087114,31.01,3.0,headache,S019
6.62,0.59,35.996322348633285,-0.23916172221149773,53.99248879056315,30.99,3.0,headache,S019
14.23,0.6,36.0039529077774,-0.3303045262831202,54.00707529616217,30.99,3.0,headache,S019
-20.15,0.6,35.995743820386316,-0.3487514831346609,53.99341455577534,30.99,3.0,headache,S019
10.85,0.59,36.00459713706098,-0.4660583898635855,54.00600647799393,30.99,3.0,headache,S019
6.22,0.59,35.99501011085088,-0.3449606490631869,53.99471917398844,30.99,3.0,headache,S019
-21.53,0.59,36.005456030600314,-0.48419058250926894,54.00430408225895,30.99,3.0,headache,S019
27.31,0.59,35.9939693602193,-0.48699539330645875,53.99713814272523,30.99,3.0,headache,S019
1.75,0.59,36.00677522349126,-0.7342060464185781,54.0004301129785,30.99,3.0,headache,S019
-21.87,0.59,35.992190705361494,-0.46170428438569316,54.00469889071345,30.97,3.0,headache,S019
25.92,0.59,36.009401901139746,-0.7591952362670242,53.97697030170389,30.97,3.0,headache,S019
-2.61,0.59,35.98768211820638,-0.5189347461382833,53.875017970546224,30.97,3.0,headache,S019
-14.21,0.59,36.019964325391555,-0.5764517861067743,54.03088733746231,30.97,3.0,headache,S019
20.98,0.59,35.87559337435864,-0.5243514335668175,53.97817894557172,30.97,3.0,headache,S019
-6.83,0.59,35.98267626130917,-0.0014285819056594684,54.018804272164544,30.97,3.0,headache,S019
-10.49,0.59,36.005202217733675,-0.30693737273367866,53.98208936911911,30.97,3.0,headache,S019
21.55,0.59,35.99867753630429,-0.1257861964132247,54.01884777675202,30.97,3.0,headache,S019
-21.7,0.59,35.99919299221092,-0.6486109613179283,53.975058476498944,30.97,3.0,headache,S019
3.14,0.58,36.00234827075455,-0.8524051332852216,53.88806846628629,30.97,3.0,headache,S019
22.89,0.59,35.99628956321082,-0.8821098040630986,54.000176134046654,30.97,3.0,headache,S019
-25.04,0.59,36.00513356249902,-0.8533315573373843,54.00466690678216,30.97,3.0,headache,S019
9.28,0.58,35.99313230735333,-0.7237755120632,53.99373722178565,30.99,3.0,headache,S019
21.85,0.59,36.009346267351134,-0.623985385010043,54.007060779587945,30.99,3.0,headache,S019
-22.56,0.59,35.986322356224406,-0.6024778095328686,53.992394694356676,30.99,3.0,headache,S019
-0.27,0.58,36.02435720177617,-0.546178495760704,54.008123053148836,30.99,3.0,headache,S019
8.02,0.59,35.88957482913124,-0.5748253773287945,53.99120379926221,30.97,3.0,headache,S019
-20.87,0.59,35.95867064476628,-0.7208067714796126,54.00991472666067,30.97,3.0,headache,S019
22.34,0.58,36.0167044142179,-0.50242523554639,53.98775985208825,30.97,3.0,headache,S019
-10.2,0.59,35.9899156002881,-0.6501763992771958,54.01914793859172,30.97,3.0,headache,S019
-17.11,0.59,36.00696785852044,-0.6274344234237252,53.877091973980086,30.97,3.0,headache,S019
32.33,0.59,35.994865083515066,-0.4194403731875986,53.98022470127112,30.97,3.0,headache,S019
-8.03,0.58,36.0039164370317,-0.5510589815635609,54.0091421014814,30.97,3.0,headache,S019
-10.86,0.59,35.99695917829306,-0.282189834694083,53.992821805561476,30.97,3.0,headache,S019
20.44,0.58,36.00237674863963,-0.42256363168243993,54.00787356356564,30.95,3.0,headache,S019
14.06,0.58,35.998147155662856,-0.3982472735227568,53.988802353515055,30.95,3.0,headache,S019
-25.23,0.58,36.00142690826839,-0.7306257659515579,54.021283678288675,30.95,3.0,headache,S019
7.32,0.58,35.99892765419303,-0.7947388207498378,53.892828721720065,30.95,3.0,headache,S019
14.38,0.58,36.000771537026054,-0.7161016823989466,53.955392288384886,30.97,3.0,headache,S019
-21.24,0.58,35.99948767268803,-0.5721020669284794,54.0199221392283,30.97,3.0,headache,S019
4.05,0.58,36.0002860486879,-0.5324067943619974,53.98712961275861,30.97,3.0,headache,S019
14.88,0.58,35.99991365505039,-0.181812503534948,54.00880532735078,30.97,3.0,headache,S019
-15.48,0.58,35.999908443340956,-0.10177021416932175,53.99516755143774,30.95,3.0,headache,S019
5.72,0.58,36.000251313743114,-0.4409010767987407,53.99653447098963,30.95,3.0,headache,S019
-2.39,0.58,35.99960422055308,-0.44454011195958976,53.867932158835046,30.95,3.0,headache,S019
-17.91,0.57,36.00052721426494,-0.39390652562473866,54.019337223817956,30.95,3.0,headache,S019
17.47,0.57,35.999352566073135,-0.45202871799251176,53.98663108401147,30.95,3.0,headache,S019
-13.24,0.58,36.000757914847185,-0.36794388739338374,54.01081774877394,30.95,3.0,headache,S019
-10.24,0.58,35.99914012925954,-0.32332922951887927,53.99084737283125,30.95,3.0,headache,S019
15.73,0.57,36.000954309229115,-0.40488476649229627,54.007792770455794,30.95,3.0,headache,S019
-10.88,0.58,35.998957925693524,-0.540604626644926,53.99350075917702,30.95,3.0,headache,S019
-11.18,0.58,36.001123878629144,-0.7460486478887552,54.005114736476806,30.95,3.0,headache,S019
16.98,0.57,35.998799671617476,-0.43078007730387624,53.996523732143075,30.95,3.0,headache,S019
-16.1,0.58,36.001271942647016,-0.30699868798925684,54.001342242823966,30.95,3.0,headache,S019
0.14,0.58,35.99866083136082,-0.6029915406691853,54.00175063296283,30.95,3.0,headache,S019
20.88,0.58,36.00140239382223,-0.28898147265520213,53.993063483349474,30.95,3.0,headache,S019
-19.57,0.57,35.998538044385306,-0.6560298169446844,54.01819073954494,30.95,3.0,headache,S019
-9.79,0.58,36.00151814923688,-0.15106356511823432,53.930938545229694,30.95,3.0,headache,S019
20.66,0.58,35.998428765898616,-0.25493149097017614,53.912214958780375,30.95,3.0,headache,S019
-17.08,0.57,36.001621439053956,-0.47876389454101836,54.026997410818275,30.95,3.0,headache,S019
-2.15,0.58,35.9983310333002,-0.6251760926251803,53.99426803983295,30.95,3.0,headache,S019
25.97,0.58,36.001713996997026,-0.46411498830369763,53.93538829816119,30.95,3.0,headache,S019
-15.21,0.59,35.998243309742335,-0.7570855710317311,53.90307433715399,30.93,3.0,headache,S019
-4.06,0.59,36.00179718966788,-0.5504033636298292,53.91763777634961,30.93,3.0,headache,S019
22.94,0.59,35.99816437658617,-0.26543175309433664,53.98500659736639,30.93,3.0,headache,S019
-6.32,0.59,36.00187210648366,-0.39081810298330893,53.99805369576044,30.93,3.0,headache,S019
-21.24,0.59,35.99809325779907,-0.36734258811776027,53.85280630724379,30.97,3.0,headache,S019
21.5,0.59,36.00193962353474,-0.20770374453878704,54.05543270776622,30.97,3.0,headache,S019
-0.35,0.59,35.99802916577785,-0.4043415041260464,53.94988215337558,30.97,3.0,headache,S019
-17.28,0.59,36.002000449733735,-0.3975699569185118,54.05681736463678,30.97,3.0,headache,S019
20.23,0.59,35.99797146189474,-0.7252650998361212,53.89514293106809,30.97,3.0,headache,S019
-11.36,0.59,36.00205516065676,-0.794575742084028,53.94534028411242,30.97,3.0,headache,S019
-13.88,0.59,35.997919627386295,-0.7810954563330335,53.997589018576626,30.97,3.0,headache,S019
19.25,0.6,36.002104223646,-0.5432488677440236,54.01541540523068,30.97,3.0,headache,S019
-7.16,0.6,35.997873241665886,-0.2963179485455948,53.97240316460765,30.95,3.0,headache,S019
-15.23,0.6,36.0021480165732,-0.29287226142221234,53.89420810450839,30.95,3.0,headache,S019
19.51,0.59,35.99783196607772,-0.3333646572022603,53.99113081318043,30.95,3.0,headache,S019
-22.26,0.6,36.00218684190531,-0.2816331899838879,54.01781011993221,30.95,3.0,headache,S019
5.4,0.6,35.99779553173034,-0.24541351500708264,53.97487904512449,30.93,3.0,headache,S019
28.38,0.59,36.00222093720593,-0.24605821618533003,54.037354893925944,30.93,3.0,headache,S019
-28.84,0.6,35.99776373046602,-0.6125843297265857,53.91125534144952,30.93,3.0,headache,S019
3.03,0.6,36.00225048285693,-0.46381702465179353,53.93144450660346,30.93,3.0,headache,S019
19.37,0.59,35.99773640831349,-0.7000136788968888,54.009907042107926,30.93,3.0,headache,S019
-20.09,0.59,36.002275607541364,-0.4902496841035002,54.003495066046476,30.93,3.0,headache,S019
6.17,0.59,35.99771346098036,-0.3055958596908219,53.80694087346937,30.93,3.0,headache,S019
25.96,0.59,36.00229639184716,-0.27217103570409407,53.91843312881725,30.93,3.0,headache,S019
-23.87,0.59,35.99769483109841,-0.27086883519543536,53.89116654958663,30.93,3.0,headache,S019
6.05,0.59,36.00231287021285,-0.5283457928708865,54.009329885810914,30.93,3.0,headache,S019
19.12,0.59,35.99768050706039,-0.06282965007089851,53.86893764227822,30.93,3.0,headache,S019
-23.56,0.59,36.002325031321334,-0.4137373167409094,54.00457020382806,30.93,3.0,headache,S019
17.16,0.59,35.99767052339538,-0.40766690694810004,53.992487997961085,30.93,3.0,headache,S019
13.73,0.59,36.002332816942804,-0.730627002769432,54.009327780870734,30.93,3.0,headache,S019
-29.97,0.58,35.9976649627337,-0.6395759435714599,53.9896325951063,30.93,3.0,headache,S019
14.96,0.59,36.00233611912159,-0.3819560113942036,54.00773655032352,30.93,3.0,headache,S019
19.77,0.59,35.99766395952422,-0.20041467590186532,53.8449742590931,30.93,3.0,headache,S019
-23.02,0.59,36.002334775481906,-0.2090952047234132,53.91089622459831,30.93,3.0,headache,S019
8.53,0.59,35.99766770579808,-0.22095901588908978,53.9765003079573,30.93,3.0,headache,S019
17.48,0.61,36.002328562279466,-0.31429989371386763,54.040364707282144,30.93,3.0,headache,S019
-24.7,0.61,35.997676459442715,-0.20067052408159783,53.90376319404705,30.93,3.0,headache,S019
3.22,0.61,36.002317184629696,-0.40798500588734243,53.94846650448569,30.93,3.0,headache,S019
16.69,0.62,35.99769055568005,-0.16369216052687707,53.944547099799,30.93,3.0,headache,S019
-24.77,0.63,36.00230026307022,-0.6451225755713289,53.90805833883931,30.93,3.0,headache,S019
3.91,0.64,35.99771042277078,-0.860909709745806,54.03019004970367,30.91,3.0,headache,S019
19.19,0.64,36.00227731521818,-0.40088420401297525,53.984385194527704,30.91,3.0,headache,S019
-20.3,0.64,35.997736603446995,-0.4019778821658211,54.00770272232415,30.91,3.0,headache,S019
-0.33,0.64,36.00224773069464,-0.40006003347285496,53.9989048807826,30.91,3.0,headache,S019
14.19,0.63,35.99776978430724,-0.13001607527962702,53.99046750866875,30.91,3.0,headache,S019
-21.83,0.63,36.00221073658004,-0.27231802851160686,53.875179471289556,30.91,3.0,headache,S019
9.33,0.63,35.99781083653688,-0.42761030673533074,54.011148059641656,30.91,3.0,headache,S019
1.14,0.63,36.00216534924263,-0.20350393792929364,53.99667941654765,30.91,3.0,headache,S019
-23.25,0.62,35.99786087312328,-0.5254993751762002,53.998810284054514,30.93,3.0,headache,S019
21.04,0.62,36.00211030607871,-0.7999050229487625,54.0052311188524,30.93,3.0,headache,S019
-11.33,0.62,35.99792133069152,-0.7147883126423897,53.99028306354213,30.93,3.0,headache,S019
-15.51,0.62,36.00204396687593,-0.6075807627024996,54.01418635783562,30.93,3.0,headache,S019
20.76,0.62,35.997994089081885,-0.4982235872929869,53.8096709381016,30.91,3.0,headache,S019
-9.68,0.62,36.00196416793748,-0.47007722693682036,53.93445238184631,30.91,3.0,headache,S019
-3.65,0.61,35.99808165051754,-0.523938798961365,53.88434376196968,30.91,3.0,headache,S019
17.65,0.62,36.00186800040829,0.01393322907085252,53.998963935540615,30.91,3.0,headache,S019
-17.51,0.61,35.99818741604789,-0.2893630816847298,53.90751991942026,30.91,3.0,headache,S019
8.55,0.61,36.00175146256492,-0.41906070377468657,53.811155645493976,30.91,3.0,headache,S019
5.79,0.61,35.998316126976576,-0.31167933089071903,53.92866846758879,30.91,3.0,headache,S019
-17.62,0.61,36.00160889372678,-0.25591629580798037,53.952169131307386,30.91,3.0,headache,S019
12.49,0.6,35.998474598843956,-0.49227873981949727,53.99953639212419,30.91,3.0,headache,S019
5.39,0.6,36.0014320110679,-0.8337548503165909,53.845887660051154,30.91,3.0,headache,S019
-12.81,0.61,35.99867300220588,-0.5138041116481228,54.08815011746275,30.91,3.0,headache,S019
23.97,0.6,36.001208181524895,-0.25287788305352227,53.8717238404987,30.91,3.0,headache,S019
-0.75,0.6,35.998927232264634,-0.08579705137771428,53.97116168082558,30.93,3.0,headache,S019
-17.67,0.6,36.00091711330349,-0.2643364288567237,53.94287918774396,30.93,3.0,headache,S019
19.41,0.61,35.99926362283344,-0.2928491312384636,53.90942375705608,30.93,3.0,headache,S019
-10.1,0.6,36.00052398327158,-0.369995990062235,54.01425483046666,30.93,3.0,headache,S019
-8.7,0.6,35.99972923299521,-0.5118460785504684,53.98946713019934,30.91,3.0,headache,S019
25.84,0.6,35.99996356461398,-0.6243029879186961,53.80466483921683,30.91,3.0,headache,S019
-12.69,0.6,36.000417228412154,-0.6944379271732861,53.77847509412564,30.91,3.0,headache,S019
-8.69,0.6,35.99909787262227,-0.9177508364633841,53.71820903045049,30.91,3.0,headache,S019
15.68,0.6,36.001541330096096,-0.8058434901773581,53.95240897351267,30.91,3.0,headache,S019
-10.14,0.6,35.99757647859508,-0.6483828641508076,54.00144088209097,30.91,3.0,headache,S019
-7.11,0.6,36.0037211950303,-0.5845492552948951,54.008184148187006,30.91,3.0,headache,S019
22.6,0.6,35.994180650428746,-0.4746949071617971,53.98513231359786,30.91,3.0,headache,S019
-15.93,0.6,36.00978495353134,-0.5572996361159132,54.02303835201627,30.89,3.0,headache,S019
-3.58,0.6,35.97994267130256,-0.5829154959619524,53.960442273753706,30.89,3.0,headache,S019
15.38,0.6,36.10712233955644,-0.3501343295696545,53.92298939329554,30.89,3.0,headache,S019
-21.42,0.6,36.04436881387287,-0.7470119019796715,53.814171505531945,30.89,3.0,headache,S019
5.06,0.6,35.97897807319935,-0.8268687849433104,53.86493734049123,30.89,3.0,headache,S019
10.82,0.6,36.01501128472268,-0.6266969277014462,53.92109212660666,30.89,3.0,headache,S019
-25.06,0.6,35.98745638698039,-0.744477888264605,53.98973835955207,30.89,3.0,headache,S019
15.97,0.6,36.01161973529061,-0.5137726553579437,53.73021844433173,30.89,3.0,headache,S019
4.25,0.6,35.988070930819156,-0.4452103218223448,53.90186790738932,30.89,3.0,headache,S019
-22.27,0.6,36.014191794952644,-0.335190321404473,53.81544198210894,30.89,3.0,headache,S019
10.75,0.6,35.977438708562026,-0.5402099813082641,53.64961731596665,30.89,3.0,headache,S019
1.19,0.6,36.107240166687696,-0.42967080809985214,54.0751387478608,30.89,3.0,headache,S019
-15.07,0.6,36.048166624551264,-0.3088945183019757,53.913541678333004,30.91,3.0,headache,S019
21.42,0.6,35.96674258496218,-0.41029356049121274,53.79464239374594,30.91,3.0,headache,S019
-1.5,0.59,36.06112525247256,-0.3856019270205012,54.00186290535972,30.91,3.0,headache,S019
-17.86,0.6,36.097678190987615,-0.5563383690931386,54.024428275931996,30.91,3.0,headache,S019
16.39,0.6,35.9748491686698,-0.2505574713306636,53.834298947912586,30.89,3.0,headache,S019
16.86,0.59,36.01486856983969,-0.6729933677010609,53.70068978134771,30.89,3.0,headache,S019
-19.49,0.6,35.98904656653289,-0.522540336770459,53.94147521125075,30.89,3.0,headache,S019
-1.66,0.6,36.00893175696533,-0.7856087863894918,53.90712864629594,30.89,3.0,headache,S019
27.47,0.59,35.99229488114681,-0.6128367587494462,53.938991375881436,30.89,3.0,headache,S019
-4.75,0.6,36.006880091662055,-0.883310583319755,53.90180902101018,30.89,3.0,headache,S019
-17.47,0.59,35.99371668839868,-0.2892169362973321,53.988597628622905,30.89,3.0,headache,S019
15.25,0.59,36.00582736703314,-0.30560019608576855,53.79120979354737,30.89,3.0,headache,S019
4.33,0.59,35.994536262435744,-0.478668609137169,53.983136599498074,30.89,3.0,headache,S019
-10.05,0.59,36.005163455922236,-0.5835623612547768,53.928830864813406,30.89,3.0,headache,S019
8.36,0.59,35.995091797883184,-0.27463836857363005,53.89475596033691,30.89,3.0,headache,S019
-7.9,0.59,36.00468582942122,-0.12551686679963772,53.9259638392322,30.89,3.0,headache,S019
-16.52,0.59,35.99551204368648,-0.46553018319506695,53.94116192156166,30.89,3.0,headache,S019
17.19,0.59,36.00430859527616,-0.9804469023957884,53.90725182604402,30.89,3.0,headache,S019
-13.83,0.59,35.99585666570154,-0.8117851631182753,53.98757705073286,30.89,3.0,headache,S019
-13.81,0.59,36.00398882816708,-0.8520629608103633,53.69176314496881,30.89,3.0,headache,S019
14.73,0.59,35.99615752908697,-0.5147404048425345,53.901168122185545,30.89,3.0,headache,S019
-17.34,0.59,36.003702178088254,-0.8803639381046211,53.80405255645484,30.89,3.0,headache,S019
3.94,0.59,35.99643376229669,-0.44067467693696283,53.870105405092296,30.89,3.0,headache,S019
7.26,0.59,36.00343320520328,-0.2917076104225572,54.014759080761,30.89,3.0,headache,S019
-21.98,0.59,35.99669817273007,-0.2249377618430331,54.01680460338973,30.89,3.0,headache,S019
15.16,0.59,36.0031709847574,-0.5723497041082392,53.93269079358353,30.89,3.0,headache,S019
0.12,0.59,35.99696035161295,-0.5892051962732756,53.93681695640697,30.89,3.0,headache,S019
-19.11,0.59,36.002906842863894,-0.7962584139223181,53.726444876937045,30.89,3.0,headache,S019
19.35,0.59,35.99722838366822,-0.720562041259256,53.843926012020155,30.87,3.0,headache,S019
9.58,0.59,36.00263301285402,-0.8761791767322852,53.92835631921908,30.87,3.0,headache,S019
-25.15,0.59,35.99750995395387,-0.8894949693192118,53.99319232431225,30.87,3.0,headache,S019
15.27,0.59,36.002341672196,-0.6316190557798363,53.91363046813179,30.87,3.0,headache,S019
27.38,0.59,35.99781323877421,-0.4099848797156522,53.938971987077714,30.89,3.0,headache,S019
-18.91,0.59,36.00202406368447,-0.6165766189924277,53.752565084505164,30.89,3.0,headache,S019
-16.95,0.58,35.998147828399716,-0.7155091969529166,53.8728703505147,30.89,3.0,headache,S019
25.06,0.59,36.00166947039821,-0.3542774841365203,54.02882332123649,30.89,3.0,headache,S019
-7.39,0.59,35.99852592189487,-0.6106011308457123,53.99573594008382,30.89,3.0,headache,S019
-10.38,0.59,36.001263766540745,-0.34249239555270966,53.907133726430786,30.89,3.0,headache,S019
25.96,0.59,35.99896414318593,-0.440980207905826,53.748613057216055,30.89,3.0,headache,S019
2.45,0.59,36.00078707770299,-0.21534845872518305,53.70422666579163,30.89,3.0,headache,S019
-32.31,0.59,35.99948663054493,-0.8132447427063245,53.66872015633073,30.89,3.0,headache,S019
19.78,0.59,36.000209605569246,-0.6846381350602762,54.173530950763364,30.89,3.0,headache,S019
20.52,0.59,36.00013081189224,-0.7933570814850955,53.746035838804374,30.89,3.0,headache,S019
-27.56,0.59,35.99948344205182,-0.7873203000839177,53.954857057639906,30.89,3.0,headache,S019
5.92,0.59,36.00095932099209,-0.8302790919978326,53.8785035415771,30.89,3.0,headache,S019
25.42,0.59,35.99852469420038,-0.764352137160867,53.595387537875695,30.89,3.0,headache,S019
-5.48,0.59,36.002087755796204,-0.309274167736761,53.9000079412116,30.89,3.0,headache,S019
-26.37,0.59,35.997168582596046,-0.30816880402389835,53.68964233147818,30.89,3.0,headache,S019
15.18,0.59,36.00376097466048,-0.4523293219013829,53.85471533873771,30.87,3.0,headache,S019
14.19,0.59,35.995031652952264,-0.5426518641844783,53.914946623820065,30.87,3.0,headache,S019
-24.87,0.59,36.00662215556963,-0.31452011087059756,53.64800727425181,30.87,3.0,headache,S019
6.75,0.59,35.99092814615273,-0.8124657851153815,53.68748898467515,30.87,3.0,headache,S019
23.7,0.59,36.01318769317772,-0.7405442108677958,53.76450337045326,30.89,3.0,headache,S019
-23.05,0.59,35.978057436981175,-0.8289645982641352,53.790276418716836,30.89,3.0,headache,S019
-7.22,0.58,36.05682721144702,-0.9026821529283049,53.89394193746735,30.89,3.0,headache,S019
24.83,0.6,36.09882350744007,-0.7539631058622287,53.54177147633277,30.89,3.0,headache,S019
-1.19,0.59,35.97538920461913,-0.40370381189645654,53.64501432951722,30.89,3.0,headache,S019
-20.2,0.58,36.01238898941386,-0.6321302549733272,54.08243641649341,30.89,3.0,headache,S019
14.66,0.59,35.99351153197198,-0.43895067974600976,53.87048517273212,30.89,3.0,headache,S019
2.46,0.59,36.002062261458306,-0.6095812042699684,53.73158102312787,30.89,3.0,headache,S019
-22.71,0.58,36.0026547233417,-0.4847825973916376,53.54825188101407,30.87,3.0,headache,S019
20.45,0.58,35.990005360231436,-0.6220490047872853,53.74743649655146,30.87,3.0,headache,S019
-2.06,0.59,36.031755493736355,-0.7971355628348494,53.92797195706227,30.87,3.0,headache,S019
-21.65,0.59,36.11524359724461,-0.9619793424845402,53.852168206601455,30.87,3.0,headache,S019
15.7,0.58,35.97945747659848,-0.8954236232945175,53.71792254440214,30.87,3.0,headache,S019
4.52,0.59,36.00694496895883,-1.0945854036804195,53.78181060434978,30.87,3.0,headache,S019
-21.81,0.59,36.00353278398383,-0.8222292546742982,53.63544173014092,30.87,3.0,headache,S019
15.37,0.58,35.97908562444301,-0.8628515699379345,53.658803832646676,30.87,3.0,headache,S019
5.94,0.59,36.09243349991734,-0.4491409834443454,53.76763406638595,30.87,3.0,headache,S019
-17.36,0.59,36.21626835544647,-0.6221951296523925,53.53702388413736,30.87,3.0,headache,S019
2.08,0.58,35.92909400477582,-0.8291370167469924,53.739139748611166,30.87,3.0,headache,S019
7.75,0.58,36.05405688660321,-0.5557748636902479,53.89686577528134,30.87,3.0,headache,S019
-21.68,0.58,35.94422970586582,-0.6512669411747153,53.64913840688559,30.89,3.0,headache,S019
16.47,0.59,36.139098449236705,-0.6192401793653713,53.68654554643494,30.89,3.0,headache,S019
4.54,0.59,36.015368975710054,-0.7180606270621968,53.61759848723504,30.89,3.0,headache,S019
-26.81,0.58,36.002071473707225,-0.5126677284151756,53.61280860623014,30.89,3.0,headache,S019
16.01,0.59,36.09094481932707,-0.6463624583540447,53.88611445783775,30.87,3.0,headache,S019
12.88,0.58,36.13380766110398,-0.676988129383959,53.80352527365297,30.87,3.0,headache,S019
-25.87,0.58,36.188784623451006,-0.6435970723696404,53.64976931177809,30.87,3.0,headache,S019
4.95,0.59,36.208291627557934,-0.8286368076491617,53.91205452664018,30.87,3.0,headache,S019
22.68,0.58,35.99433266653693,-0.7227556562222234,53.86017310296151,30.85,3.0,headache,S019
-19.05,0.58,36.2530202098385,-0.7037131094952238,53.519014564676645,30.85,3.0,headache,S019
2.27,0.59,36.24578907299533,-0.6820038397935366,53.36879721880121,30.85,3.0,headache,S019
15.36,0.58,36.086482498562304,-0.7033233938932071,53.368335068110916,30.85,3.0,headache,S019
-18.01,0.58,36.27545471318748,-0.47113044559959916,53.874841503310066,30.85,3.0,headache,S019
3.09,0.58,36.1044995364415,-0.5308889216442547,53.593637472068316,30.85,3.0,headache,S019
11.82,0.59,36.197113289008136,-0.5205081151409195,53.818116984896115,30.85,3.0,headache,S019
-23.29,0.58,35.951177129042826,-0.6005937258630379,53.56623079741982,30.85,3.0,headache,S019
11.07,0.59,36.03357017623924,-0.6886073687608449,53.53238101443164,30.85,3.0,headache,S019
16.62,0.58,35.972530609163904,-0.39128909571243725,53.97300890954712,30.85,3.0,headache,S019
-22.72,0.58,36.024605512419235,-0.6148194209705292,53.85682110774269,30.85,3.0,headache,S019
4.53,0.58,35.97649917775645,-0.43638188817184237,54.04136881092088,30.85,3.0,headache,S019
29.7,0.58,36.02362028162885,-0.41977607668815275,53.764557472447976,30.83,3.0,headache,S019
-16.9,0.58,35.97675784125111,-0.5205706371041829,53.55664848792953,30.83,3.0,headache,S019
-5.09,0.58,36.1960893553035,-0.9825720784147365,53.74503256073581,30.83,3.0,headache,S019
23.99,0.59,36.06960094804038,-0.7525347776126384,53.80518790008275,30.83,3.0,headache,S019
0.4,0.59,35.998653760186805,-0.6684078954641864,53.4411526407616,30.85,3.0,headache,S019
-18.18,0.58,35.99029073092956,-0.5697286639224378,53.92672484026693,30.85,3.0,headache,S019
17.28,0.58,36.01634759016665,-0.3535101588371546,53.625545514038606,30.85,3.0,headache,S019
-0.9,0.59,35.97618192930241,-0.292892824708263,53.51594786675143,30.85,3.0,headache,S019
-13.12,0.58,36.038727026145345,-0.4623157159028562,53.88048656350386,30.85,3.0,headache,S019
11.04,0.58,36.086377061800434,-0.28064103456203976,53.98896975471415,30.85,3.0,headache,S019
-11.2,0.58,36.09314242682573,-0.7644031913381744,53.666111864377676,30.85,3.0,headache,S019
-5.88,0.58,36.14902980454165,-0.840242275318415,53.492602779198094,30.85,3.0,headache,S019
20.35,0.58,36.14476619805202,-0.9532496261014421,53.56830340330485,30.85,3.0,headache,S019
-27.88,0.58,36.29171755022116,-0.7209509869581556,54.022615828793974,30.85,3.0,headache,S019
7.42,0.58,36.173497941067254,-0.4143884433717485,53.83904720261284,30.85,3.0,headache,S019
10.74,0.58,36.045672399760534,-0.3371057037804806,53.562582218679005,30.85,3.0,headache,S019
-22.92,0.59,35.99011005860705,-0.57250392635605,53.458271470444025,30.85,3.0,headache,S019
16.19,0.58,35.99262559082413,-0.47922584453372924,53.54949643736951,30.85,3.0,headache,S019
-3.16,0.58,36.24520704096608,-0.25556253163918846,53.43801456680124,30.85,3.0,headache,S019
-19.04,0.58,36.133444969866915,-0.31171177043270204,53.64861117563112,30.85,3.0,headache,S019
27.47,0.58,36.05119189648404,-0.4872488077719474,53.80708386524288,30.85,3.0,headache,S019
-3.89,0.58,36.215824777044176,-0.2927399718985967,53.26835585126778,30.85,3.0,headache,S019
-20.42,0.58,36.236420219343735,-0.47164522921702845,53.40118571304035,30.85,3.0,headache,S019
20.85,0.58,36.251075676333414,-0.6547566300842117,53.519502945107824,30.85,3.0,headache,S019
17.05,0.58,36.042231193361104,-0.8041527346453521,53.7159143741855,30.85,3.0,headache,S019
-21.66,0.58,36.27426156863695,-0.3443955454733658,53.65286689812339,30.85,3.0,headache,S019
-9.52,0.59,36.20755068568996,-0.5754490516906622,53.59277721221525,30.85,3.0,headache,S019
24.46,0.58,36.150943937326154,-0.5512946350656702,53.53855445600189,30.85,3.0,headache,S019
14.51,0.58,36.23958920340358,-0.4816060927664944,53.87738014775438,30.85,3.0,headache,S019
-29.5,0.58,36.12283117778134,-0.20349621835174286,53.575463801713816,30.85,3.0,headache,S019
-2.9,0.58,35.93066283209771,-0.5459145311559354,53.808400779602174,30.85,3.0,headache,S019
30.77,0.58,36.0662859606549,-0.6774773580299405,53.771632563720374,30.85,3.0,headache,S019
-14.97,0.58,35.92093474594619,-0.24407706870379361,53.54612875788262,30.85,3.0,headache,S019
-21.05,0.58,36.346134151313606,-0.4350962657061462,53.560871796540106,30.85,3.0,headache,S019
14.82,0.58,36.05574237733365,-0.6544430103140978,53.10395325118953,30.85,3.0,headache,S019
18.25,0.58,36.465200061950526,-0.7357751992648657,53.65874683857188,30.85,3.0,headache,S019
-25.52,0.58,36.23504131489124,-0.27044637448754594,53.348981148273374,30.83,3.0,headache,S019
-5.59,0.58,35.90502231805885,-0.5664436431284867,53.56930876197115,30.83,3.0,headache,S019
28.34,0.58,36.06784741615998,-0.3513838661326812,53.645673134955494,30.83,3.0,headache,S019
-13.22,0.58,36.06489028506818,-0.5875292707074302,53.556555735510976,30.83,3.0,headache,S019
-20.67,0.58,36.059839229229304,-0.4617077185837147,53.57171084129314,30.87,3.0,headache,S019
19.16,0.58,35.940119298548545,-0.24548204391892942,53.72846217421074,30.87,3.0,headache,S019
-3.62,0.58,36.37140945881102,-0.2276162413926064,53.60212361252199,30.87,3.0,headache,S019
-20.93,0.58,36.016841149155326,-0.5380222680290849,53.47934443200504,30.87,3.0,headache,S019
20.71,0.58,36.10029642534521,-0.6803542263329095,53.49004749906147,30.85,3.0,headache,S019
6.55,0.58,36.2696781008343,-0.4964851955646193,53.52646120590793,30.85,3.0,headache,S019
-27.17,0.58,36.25407674153056,-1.0582562642853433,53.70874018146403,30.85,3.0,headache,S019
1.82,0.58,36.00044933984611,-0.9638876395457496,53.39011031603957,30.85,3.0,headache,S019
23.37,0.58,36.2432538831992,-0.7669301271822576,53.52899034483309,30.83,3.0,headache,S019
-16.38,0.58,36.132033012428494,-0.05284287240286036,53.340829790972215,30.83,3.0,headache,S019
-17.05,0.58,36.13118932563474,-0.4131478681974688,53.64391815381538,30.83,3.0,headache,S019
27.18,0.57,36.13530933454441,-0.6147233997752667,53.470856036170204,30.83,3.0,headache,S019
-7.69,0.58,36.094542489493946,-0.2842688391839921,53.46856820296975,30.83,3.0,headache,S019
-15.62,0.58,36.182697863888635,-0.5654796501736726,53.60264639828248,30.83,3.0,headache,S019
27.99,0.58,36.09473065456582,-0.7294488997564197,53.74559811767865,30.83,3.0,headache,S019
-8.47,0.57,36.207372239234566,-0.963143826161877,53.759131606565575,30.83,3.0,headache,S019
-19.82,0.58,36.15840983489383,-0.932031277972523,53.260167275347726,30.81,3.0,headache,S019
22.19,0.58,36.23460739213362,-0.666043457242126,53.40497965841798,30.81,3.0,headache,S019
6.82,0.57,36.2667636818729,-0.4796753273758618,53.53962718370439,30.81,3.0,headache,S019
-22.94,0.58,36.16901898565189,-0.774509538075865,53.53560196051859,30.81,3.0,headache,S019
16.43,0.58,36.13033385506323,-0.37850529233422137,53.38167413673716,30.85,3.0,headache,S019
11.5,0.57,36.16108167133279,-0.33640848178602534,53.55413841079761,30.85,3.0,headache,S019
-21.14,0.59,36.17147795143279,-0.6406515936599952,53.71442600085699,30.85,3.0,headache,S019
17.79,0.58,36.30170336093693,-0.8900067954848604,53.549695170263085,30.85,3.0,headache,S019
5.12,0.58,36.15620224941511,-0.9137664626936198,53.69957465450246,30.85,3.0,headache,S019
-26.8,0.57,36.42364840471177,-0.8938095026917913,53.469598232805794,30.85,3.0,headache,S019
18.56,0.57,36.37517808133676,-0.7916516597746749,53.261113966709026,30.85,3.0,headache,S019
16.1,0.57,36.38191538274656,-0.8302343115281489,53.770562971753165,30.85,3.0,headache,S019
-23.78,0.57,36.38174527059087,-0.7347110840777896,53.49817917943122,30.85,3.0,headache,S019
11.28,0.57,35.951059526601824,-0.24267625344592553,53.20562844891111,30.85,3.0,headache,S019
13.63,0.58,36.27619584653147,-0.1561992260898858,53.577570680496954,30.85,3.0,headache,S019
-21.6,0.57,36.26055496857314,-0.2615908218663219,53.414959950672085,30.85,3.0,headache,S019
13.77,0.57,36.289615148707085,-0.5740476090981084,53.43501410603057,30.83,3.0,headache,S019
2.95,0.58,36.32874261135573,-0.49968023959819624,53.36808197570731,30.83,3.0,headache,S019
-17.09,0.57,36.2549188265074,-0.7905160807941887,53.038547276724145,30.83,3.0,headache,S019
12.99,0.57,36.702530352352994,-0.8269954770646504,53.35730177742316,30.83,3.0,headache,S019
4.7,0.57,36.400636631867606,-0.8394788893810277,53.31103797682947,30.85,3.0,headache,S019
-20.38,0.57,36.32080467233527,-0.5831137156704304,53.919994286788906,30.85,3.0,headache,S019
16.24,0.57,36.23324671049324,-0.7313512966274058,53.30948898844185,30.85,3.0,headache,S019
8.15,0.57,36.31216004162827,-0.4400077204883473,53.59947648631153,30.85,3.0,headache,S019
-27.03,0.57,36.10041381325161,-0.6652342949943351,53.369855112261185,30.83,3.0,headache,S019
18.41,0.57,36.32129266360537,-0.922835163380199,53.78865288870085,30.83,3.0,headache,S019
-0.91,0.58,36.23524384666591,-0.5404923971763037,53.24183298139007,30.83,3.0,headache,S019
-18.82,0.57,36.23339975315199,-0.9811916446212992,53.66621651530911,30.83,3.0,headache,S019
22.86,0.57,36.35412520887055,-0.6350195520428566,53.33509704840139,30.85,3.0,headache,S019
-10.76,0.57,36.159614245728484,-0.48490968308694044,53.66406966809351,30.85,3.0,headache,S019
-16.09,0.57,36.36383086416747,-0.6297126561385771,53.27323751046656,30.85,3.0,headache,S019
14.36,0.57,36.29488192694883,-0.4578273047241315,53.64338434197643,30.85,3.0,headache,S019
-5.62,0.57,36.39507743129078,-0.5635408660751383,53.84712681849852,30.85,3.0,headache,S019
-12.25,0.57,36.08664518114713,-0.5601010802975696,53.641370928800356,30.85,3.0,headache,S019
29.4,0.57,36.37438516873779,-0.5977566603718394,53.684079910560534,30.85,3.0,headache,S019
-6.22,0.57,36.290254030840835,-0.8982027745644403,53.409322058654624,30.85,3.0,headache,S019
-19.02,0.57,36.458608495009265,-0.9208641248360503,53.42213819572071,30.85,3.0,headache,S019
17.42,0.57,36.50912078370427,-0.5152956975293914,53.38180291739016,30.85,3.0,headache,S019
5.18,0.57,36.325941575448354,-0.4333024998298929,53.67063506777419,30.85,3.0,headache,S019
-20.3,0.58,36.222125413403035,-0.6858379982085789,53.59779936151916,30.85,3.0,headache,S019
17.8,0.57,36.454060517846095,-0.4697340989428028,53.25723003149216,30.85,3.0,headache,S019
4.3,0.57,36.329909849845556,-0.5071351543989014,53.51517182221088,30.85,3.0,headache,S019
-20.68,0.57,35.99121947407442,-0.4008247020845887,53.2310387174199,30.85,3.0,headache,S019
14.71,0.57,36.431294576735496,-0.7386503636084014,53.27688175304289,30.85,3.0,headache,S019
-3.91,0.57,36.509709231875455,-0.4289843041100186,53.191069683023244,30.85,3.0,headache,S019
-23.91,0.57,36.34759656242207,-0.6414538987533344,53.37505150789332,30.85,3.0,headache,S019
27.94,0.57,36.709454846313506,-1.0067881860131438,53.199134531015076,30.85,3.0,headache,S019
-7.2,0.57,36.28290397288768,-0.9435782323101434,53.00427114269883,30.85,3.0,headache,S019
-14.04,0.57,36.616978310093145,-0.8775380463320177,53.136770025646065,30.85,3.0,headache,S019
21.02,0.57,36.40482082591101,-0.38168821780681733,53.64675047438282,30.85,3.0,headache,S019
-9.91,0.57,36.497392662545245,-0.6420665459881941,53.81124478999444,30.85,3.0,headache,S019
-14.39,0.57,36.293702669120535,-0.3715060997221866,53.785359196772305,30.85,3.0,headache,S019
17.97,0.57,35.945194634962135,-0.3600977573266753,53.2871164009881,30.83,3.0,headache,S019
-11.04,0.57,36.44110183764301,-0.4708332669557277,53.43598569718023,30.83,3.0,headache,S019
0.15,0.57,36.285522081021725,-0.3390949794639342,53.47013309545867,30.83,3.0,headache,S019
14.72,0.57,36.595330172014336,-0.74018663163134,53.48280584082834,30.83,3.0,headache,S019
-26.96,0.57,36.47138239866311,-0.8020040272124347,53.662866685861346,30.83,3.0,headache,S019
11.94,0.58,36.54084003866473,-0.7330338271072676,53.49558883587524,30.83,3.0,headache,S019
9.63,0.57,36.621323836164635,-0.7078863930166429,53.425388971507964,30.83,3.0,headache,S019
-25.52,0.57,36.51281608839063,-0.4315387799924898,53.6259803883441,30.83,3.0,headache,S019
16.92,0.57,36.306228451762365,-0.7369762829591968,53.32179456299963,30.85,3.0,headache,S019
14.93,0.57,36.35701606262813,-0.3388112126311706,53.458652292095465,30.85,3.0,headache,S019
-25.74,0.57,36.32283260674349,-0.6971760989350023,53.53606257089983,30.85,3.0,headache,S019
9.74,0.57,36.27311056323392,-0.6479365148235057,53.5191522052661,30.85,3.0,headache,S019
12.99,0.57,36.42593495111182,-0.4562450352571764,53.38967068373023,30.83,3.0,headache,S019
-19.95,0.57,36.56820476680708,-0.6609247536838337,53.434042907980775,30.83,3.0,headache,S019
12.37,0.57,36.57035928857185,-0.830147895798597,53.23052712121845,30.83,3.0,headache,S019
19.76,0.57,36.68034344239846,-0.7444690531094053,53.362195276734234,30.83,3.0,headache,S019
-26.47,0.57,36.43391222194542,-0.4924621169575636,53.401223918469675,30.81,3.0,headache,S019
-4.2,0.57,36.52055770419072,-0.6715142274274717,53.43946924502522,30.81,3.0,headache,S019
24.52,0.57,36.24036983093627,-0.49213652782722456,53.366053478640936,30.81,3.0,headache,S019
-16.31,0.57,36.59856219835979,-0.19984280956472086,53.71110455128153,30.81,3.0,headache,S019
-9.06,0.57,36.54791970402385,-0.986819040718223,53.34899477878046,30.83,3.0,headache,S019
27.32,0.58,36.41029357240877,-0.7124693894215283,53.43420462709232,30.83,3.0,headache,S019
4.0,0.58,36.38570731788131,-1.0486895346319258,53.6535160229357,30.83,3.0,headache,S019
-19.12,0.57,36.525567763515014,-0.6439463178648686,53.380534895500695,30.83,3.0,headache,S019
18.23,0.58,35.96081217359718,-0.6458915915283565,53.799262695172345,30.81,3.0,headache,S019
11.77,0.58,36.27915155018404,-0.23483645043307677,53.0277196476107,30.81,3.0,headache,S019
-20.78,0.58,36.167310432240534,-0.8592344657501242,53.59581929395543,30.81,3.0,headache,S019
10.31,0.58,36.360198397135804,-0.28640218922021876,53.15428267435193,30.81,3.0,headache,S019
6.59,0.58,36.412336149366496,-0.2954770506427009,53.44517837442601,30.83,3.0,headache,S019
-22.38,0.58,36.26430944392152,-0.5913903758219001,53.381549762468055,30.83,3.0,headache,S019
13.84,0.58,36.50258877879615,-0.7520489535000278,53.47520640240853,30.83,3.0,headache,S019
0.04,0.58,36.55692548244529,-0.6705819644405312,53.482299477151784,30.83,3.0,headache,S019
-23.08,0.58,36.34809487687243,-0.4920244546241313,53.04543650415814,30.81,3.0,headache,S019
14.88,0.57,36.3412676529783,-0.45287577387685723,53.590005417250616,30.81,3.0,headache,S019
6.48,0.58,36.24390363436083,-0.09499244531764299,53.23835438472933,30.81,3.0,headache,S019
-17.7,0.58,36.36976505713192,-0.39357557717733405,53.615549185647495,30.81,3.0,headache,S019
14.13,0.57,36.06759699185406,-0.2303905915232103,53.542515909994606,30.81,3.0,headache,S019
-11.04,0.57,36.31828221656284,-0.3631023900805864,53.32416095109593,30.81,3.0,headache,S019
-15.24,0.57,36.425216682830055,-0.2600562491960576,53.805614248230206,30.81,3.0,headache,S019
19.62,0.57,36.30712672751328,-0.49893922247457684,53.73321985624361,30.81,3.0,headache,S019
-21.01,0.57,36.55568028437671,-0.9651630047699907,53.64271532719886,30.83,3.0,headache,S019
-6.99,0.57,36.59504371285091,-0.8024463828161836,53.169489554807576,30.83,3.0,headache,S019
25.96,0.57,36.31927523814856,-0.46098272170481563,53.311721326592924,30.83,3.0,headache,S019
-21.6,0.57,36.26848577816292,-0.49479698378941456,53.15003058173565,30.83,3.0,headache,S019
-2.7,0.57,36.31742157865934,-0.7092536792008319,53.18391854290486,30.85,3.0,headache,S019
23.26,0.57,36.53171154481784,-0.34011340712933824,53.27882561559109,30.85,3.0,headache,S019
-19.1,0.57,36.408452192381574,-0.4537474370567412,53.630147923890476,30.85,3.0,headache,S019
0.64,0.57,36.39104674279066,-0.45946041328194004,53.442967895572686,30.85,3.0,headache,S019
24.8,0.57,36.42594044827071,-0.4811581886300873,53.25362454867066,30.81,3.0,headache,S019
-21.57,0.57,36.2876144498051,-0.5758194869767159,53.167948634017506,30.81,3.0,headache,S019
-10.36,0.57,36.42635556931839,-1.0540710705057317,53.27727456340634,30.81,3.0,headache,S019
31.64,0.57,36.231166211655996,-0.5973506392003542,53.13078653896941,30.81,3.0,headache,S019
-9.44,0.57,36.13361917257422,-0.6195521763496885,53.19102057140465,30.81,3.0,headache,S019
-17.11,0.57,36.16662397387328,-0.6165761078836391,53.41632740168034,30.81,3.0,headache,S019
31.78,0.57,36.390707728954965,-0.3261456538002687,53.44424275955034,30.81,3.0,headache,S019
0.18,0.57,36.36397293480914,-0.5192061308818984,53.50745918554866,30.81,3.0,headache,S019
-23.19,0.57,36.28613307813098,-0.7481490396449384,53.389960364460045,30.81,3.0,headache,S019
25.01,0.57,36.24271129232305,-0.710239637515178,53.227135245847954,30.81,3.0,headache,S019
-2.37,0.57,36.30142514862937,-1.0496269762961252,53.57914627355415,30.81,3.0,headache,S019
-19.14,0.57,36.64106066323424,-0.9000745746191645,53.03175972695051,30.81,3.0,headache,S019
20.44,0.56,36.26926385963366,-0.7286817205595908,53.32148051708349,30.81,3.0,headache,S019
10.13,0.57,36.354714846282285,-0.532469304419467,53.16100582016543,30.81,3.0,headache,S019
-24.66,0.57,36.494339875300504,-0.5018180657348909,53.31644486564717,30.81,3.0,headache,S019
3.17,0.56,36.00734907542144,-0.6055847996964657,53.32916158909296,30.81,3.0,headache,S019
14.02,0.57,36.35266771567907,-0.24095600439099688,53.45979919656177,30.81,3.0,headache,S019
-17.03,0.57,36.3043010305967,-0.4128306730751372,53.684716974078526,30.81,3.0,headache,S019
8.55,0.56,36.03877039834039,-0.37074877456288885,53.52529903910665,30.81,3.0,headache,S019
16.43,0.57,36.343494935000464,-0.24761299309085896,53.55488019965519,30.81,3.0,headache,S019
-28.09,0.57,36.491142313476445,-0.6160101697353386,53.199636825482735,30.81,3.0,headache,S019
11.82,0.56,36.757971965122245,-0.7681245036402155,53.66293929707117,30.81,3.0,headache,S019
19.54,0.57,36.46022211150947,-0.5051272776135672,53.46089261903689,30.81,3.0,headache,S019
-23.52,0.57,36.12374282226558,-0.9575878621796373,53.20901255307824,30.81,3.0,headache,S019
10.0,0.57,36.42583470955427,-0.24440164742152662,53.37084388670051,30.81,3.0,headache,S019
14.6,0.57,36.229718642109916,-0.3954141714722071,53.532054324723816,30.81,3.0,headache,S019
-18.43,0.57,36.237676700764126,-0.33981406417801535,53.28395430507201,30.81,3.0,headache,S019
-3.44,0.57,36.57212172923482,-0.8143398231914358,53.54204991684283,30.81,3.0,headache,S019
10.08,0.56,36.21235696510606,-0.4731960366572873,53.46983680816825,30.81,3.0,headache,S019
-13.43,0.57,36.59465605786516,-0.5510141739333263,53.27416245804104,30.81,3.0,headache,S019
0.57,0.57,36.21084113970517,-0.5190421492440597,53.22345403741443,30.81,3.0,headache,S019
9.13,0.56,36.26873982533981,-0.5017904028291109,53.608129880876184,30.81,3.0,headache,S019
-19.94,0.57,36.40911010982431,-0.787546265596113,53.53829369669832,30.83,3.0,headache,S019
7.73,0.57,36.728735863195965,-0.8594388147884011,53.42999391831264,30.83,3.0,headache,S019
-5.11,0.56,36.50626915494635,-0.6480137250667171,53.37163026758504,30.83,3.0,headache,S019
-16.33,0.57,36.4901570081214,-0.3327465485916689,53.47409348680394,30.83,3.0,headache,S019
20.62,0.57,36.3350665357968,-0.3253501759829624,53.352604561097586,30.83,3.0,headache,S019
-2.99,0.57,36.46522642106762,-0.9238997628921115,53.60002213090586,30.83,3.0,headache,S019
-17.52,0.56,36.44082999136032,-0.7663108049622515,53.20620505457116,30.83,3.0,headache,S019
20.06,0.57,36.466254543188036,-0.1525473851715068,53.36544043333108,30.83,3.0,headache,S019
-11.27,0.57,36.142154906036815,-0.5560344049518259,53.044122789393214,30.83,3.0,headache,S019
-8.8,0.56,36.56921000553465,-0.7194457229450975,53.14019930962926,30.83,3.0,headache,S019
18.54,0.57,36.76064836658016,-0.38421387187738804,53.308492143808586,30.83,3.0,headache,S019
-16.17,0.57,36.69858113508779,-1.0787732609775824,53.4237719899405,30.83,3.0,headache,S019
-1.96,0.56,36.543225071808465,-0.6674134320765296,53.08019361642411,30.85,3.0,headache,S019
18.76,0.56,36.44688452437803,-0.5642714973257786,53.33796839383848,30.85,3.0,headache,S019
-18.37,0.57,36.17655078314205,-0.5087015416326254,53.32878207633278,30.85,3.0,headache,S019
9.29,0.57,36.449315749544056,-0.6798824803666067,53.03352395020141,30.85,3.0,headache,S019
12.66,0.56,36.54328676510719,-0.19298298085753673,53.50506770339146,30.83,3.0,headache,S019
-21.33,0.57,36.47901282170509,-0.3634102012443031,53.44902863127428,30.83,3.0,headache,S019
12.29,0.57,36.585366195576576,-0.4137232828736503,53.51592195456277,30.83,3.0,headache,S019
10.6,0.57,36.447477976147695,-0.21266263694131482,53.40464057464946,30.83,3.0,headache,S019
-22.61,0.57,36.50632845728063,-0.7500755807884746,53.215565580277556,30.83,3.0,headache,S019
19.62,0.57,36.55436944470414,-0.8102275443708332,53.15207064109808,30.83,3.0,headache,S019
5.3,0.56,36.52620325338188,-0.8315294878976536,53.34733611685054,30.83,3.0,headache,S019
-19.94,0.56,36.59898767343201,-0.5515166897483854,53.1434921328853,30.83,3.0,headache,S019
20.57,0.56,36.480175487999176,-0.6135594691037926,53.57274338463203,30.83,3.0,headache,S019
1.28,0.56,36.29917837932621,-0.1712739322321748,53.68345933551905,30.83,3.0,headache,S019
-12.02,0.56,36.44066715165841,-0.33310746002635727,53.54119271739834,30.83,3.0,headache,S019
22.07,0.57,36.221889913157746,-0.23149334416980785,53.70117469121967,30.83,3.0,headache,S019
-9.7,0.56,36.31121813587721,-0.30859049514302195,53.4700443854587,30.81,3.0,headache,S019
-13.03,0.56,36.54591491959381,-0.7226775331755904,53.42362520321711,30.81,3.0,headache,S019
21.93,0.56,36.230201079816396,-0.6596563315149295,53.301731268549396,30.81,3.0,headache,S019
-15.22,0.57,36.1935736043084,-0.8361859771347988,53.40226618043227,30.81,3.0,headache,S019
-11.6,0.56,36.87520225809503,-1.0670555040859655,52.96609845231719,30.81,3.0,headache,S019
28.41,0.56,36.20679629232444,-0.7056880424494595,53.31950141431389,30.81,3.0,headache,S019
-13.83,0.56,36.35924516069042,-0.6429120594322014,53.25631438555778,30.81,3.0,headache,S019
-7.61,0.56,36.4700978598038,-0.20463776686351648,53.2597943367958,30.81,3.0,headache,S019
23.56,0.56,36.35691236720199,-0.29420832287924004,53.23170510779695,30.81,3.0,headache,S019
-17.21,0.56,36.5115353644853,-0.35881884898627914,53.350105571097075,30.81,3.0,headache,S019
7.05,0.56,36.538651418458436,-0.3511089258707,53.021195989798116,30.81,3.0,headache,S019
15.9,0.56,36.239501438146,-0.47939755785202315,53.42247148922904,30.81,3.0,headache,S019
-33.34,0.56,36.66430161060206,-0.6042281782389637,53.139562824642084,30.83,3.0,headache,S019
15.32,0.56,36.62382975175432,-0.918593996414488,53.11924301105594,30.83,3.0,headache,S019
11.27,0.56,36.4799729116938,-0.17137894755309635,53.21319610544713,30.83,3.0,headache,S019
-18.22,0.56,36.47409722063527,-0.5497905757655694,53.52180340979198,30.83,3.0,headache,S019
10.32,0.56,36.711326901791864,-0.3894131757084051,53.409157050933366,30.81,3.0,headache,S019
8.1,0.56,36.32755534863583,-0.5482556852525623,53.28182378502722,30.81,3.0,headache,S019
-19.79,0.56,36.25605679584263,-0.7024769906933056,53.43376461728029,30.81,3.0,headache,S019
12.21,0.56,36.70161596185704,-0.39837725814653213,53.32915849201841,30.81,3.0,headache,S019
-8.09,0.56,36.46615582948287,-0.37314094865237946,53.309549754167726,30.81,3.0,headache,S019
-12.72,0.56,36.463006334343234,-0.49756050457388995,53.428156677265655,30.81,3.0,headache,S019
25.07,0.57,36.35762565006507,-0.5016537843724644,53.047749977265106,30.81,3.0,headache,S019
-3.55,0.56,36.36662052741826,-0.2866998464583492,53.64711730974279,30.81,3.0,headache,S019
-15.35,0.56,36.572937272677954,-0.6382360388699452,53.076913101774295,30.83,3.0,headache,S019
16.97,0.56,36.80609723994534,-0.6180893977016465,53.29700460702875,30.83,3.0,headache,S019
-5.66,0.56,36.90848827871084,-0.9183230739298056,53.36178936408159,30.83,3.0,headache,S019
-10.41,0.56,36.61709631903654,-0.6281917146965763,53.219534346615724,30.83,3.0,headache,S019
23.1,0.56,36.5722157992545,-0.4881821077632168,53.126292715770234,30.83,3.0,headache,S019
-5.18,0.56,36.531342463827336,-0.31665920371606165,53.32494507945225,30.83,3.0,headache,S019
-17.56,0.56,36.213591246126654,-0.4708715168693509,53.345720799239324,30.83,3.0,headache,S019
12.77,0.56,36.6487580242575,-0.3696551560319328,53.31176548033302,30.83,3.0,headache,S019
-6.01,0.56,36.4160100308459,-0.2962391704473258,53.27033963521871,30.83,3.0,headache,S019
-11.45,0.56,36.66766091001871,-0.6822054106903548,53.319836252152975,30.83,3.0,headache,S019
24.37,0.56,36.44341190182024,-0.5308768314395085,53.28045855184691,30.83,3.0,headache,S019
-25.53,0.56,36.726349754787215,-0.9648107673090881,53.44791074879887,30.83,3.0,headache,S019
-6.19,0.56,36.57450698792859,-0.6720174773864935,52.9648119484308,30.83,3.0,headache,S019
14.47,0.56,36.45098234973662,-0.236080317978786,53.433939095816406,30.83,3.0,headache,S019
-13.12,0.56,36.48174990313472,-0.568072198904594,53.32615600757943,30.83,3.0,headache,S019
9.48,0.56,36.60177183693226,-0.46897918607388056,53.28348989828527,30.83,3.0,headache,S019
5.54,0.56,36.68381683789944,-0.8369047871531153,53.05438348566335,30.85,3.0,headache,S019
-20.83,0.56,36.89298077610431,-1.073987814706153,53.15272038750207,30.85,3.0,headache,S019
16.74,0.56,36.539523693878394,-0.8037871387045851,53.325438189747196,30.85,3.0,headache,S019
-4.36,0.56,36.32026720223782,-0.5568029030938243,53.305083225941,30.85,3.0,headache,S019
-10.17,0.55,36.65787084379997,-0.9615860630618491,53.11025031696789,30.81,3.0,headache,S019
18.8,0.55,36.68143739690884,-0.8593979633070024,53.14159230412763,30.81,3.0,headache,S019
-8.9,0.56,36.415590629623544,-0.7967397298255235,53.11399064315774,30.81,3.0,headache,S019
-12.44,0.56,36.464366214292305,-0.9939488736306306,53.31980916820915,30.81,3.0,headache,S019
14.85,0.55,36.80028499765061,-0.6588650917768087,53.156385065837284,30.81,3.0,headache,S019
-11.73,0.55,36.461752236245296,-0.5701943384958468,53.143889551448396,30.81,3.0,headache,S019
-2.37,0.56,36.261293657599325,-0.5931669336978158,53.60888940498043,30.81,3.0,headache,S019
23.75,0.55,36.398703657513884,-0.6316338819081923,53.46665977654104,30.81,3.0,headache,S019
-10.32,0.55,36.1895163141692,-0.7110185359928719,53.17566474986592,30.81,3.0,headache,S019
-8.92,0.56,36.706342893605765,-0.6906599856524543,53.2409988886746,30.81,3.0,headache,S019
25.18,0.56,36.44520539234352,-0.7988789305449208,53.338290371466,30.81,3.0,headache,S019
-5.11,0.55,36.58321042496277,-0.8261405985383793,53.72283244946975,30.81,3.0,headache,S019
-11.36,0.55,36.65758353685098,-0.963063010241595,53.15647786768735,30.81,3.0,headache,S019
21.51,0.56,36.60195005075489,-0.7592620997931305,53.16502769997827,30.81,3.0,headache,S019
3.51,0.55,36.48592079502436,-0.8518363210349921,53.32110818585405,30.81,3.0,headache,S019
-16.48,0.55,36.62008763447519,-0.5864176325568741,53.1030681611587,30.81,3.0,headache,S019
9.99,0.55,36.41942569084196,-0.3141652057459128,53.05909426855114,30.81,3.0,headache,S019
10.52,0.55,36.2672531640431,-0.43058330906352327,53.3563456421544,30.81,3.0,headache,S019
-25.12,0.55,36.833074672482404,-0.40974092975904347,52.95613873382255,30.81,3.0,headache,S019
9.98,0.56,36.34629017053904,-0.25856259167606155,53.624166493060784,30.81,3.0,headache,S019
-11.35,0.55,36.55596564587578,-0.6352920104396601,53.377562817260994,30.81,3.0,headache,S019
-4.77,0.55,36.55515224549156,-0.6113458029723412,53.15058404457437,30.81,3.0,headache,S019
21.3,0.55,36.352132964315096,-0.9579365290499846,53.44595143849683,30.81,3.0,headache,S019
-20.72,0.55,36.612075269908495,-0.9061644867146594,53.23492857210913,30.81,3.0,headache,S019
-4.21,0.55,36.615539539610026,-0.8161609967013682,53.0844429285789,30.83,3.0,headache,S019
12.72,0.55,36.5208820140793,-0.3872991076061927,53.03693551178202,30.83,3.0,headache,S019
-20.1,0.55,36.467728662916294,-0.4207944282269747,53.13435208321751,30.83,3.0,headache,S019
16.49,0.55,36.297847357152584,-0.33447880639672223,53.234834497985,30.83,3.0,headache,S019
2.3,0.55,36.3074391987543,-0.3111856086872352,53.37130681724767,30.83,3.0,headache,S019
-19.49,0.55,36.23479795353614,-0.3221224323971578,53.43796309533618,30.83,3.0,headache,S019
20.83,0.55,36.24917014509085,-0.46247273531528016,53.356845343883734,30.83,3.0,headache,S019
-5.74,0.55,36.41166867489298,-0.7247532830221354,53.219888830343564,30.83,3.0,headache,S019
-16.73,0.55,36.796539983957786,-0.6721466295639298,53.16650337450982,30.81,3.0,headache,S019
17.4,0.55,36.66503269496873,-1.0419719988941007,53.21868252483694,30.81,3.0,headache,S019
-5.82,0.55,36.654538781275576,-0.671780347284191,53.52823592715053,30.81,3.0,headache,S019
-5.89,0.55,36.58255648806824,-0.6599838723679552,53.425334490638484,30.81,3.0,headache,S019
24.6,0.55,36.34727286194155,-0.4153997495004486,53.45464208271497,30.85,3.0,headache,S019
-6.33,0.55,36.33004082307546,-0.5756209988568751,53.42566181004103,30.85,3.0,headache,S019
-12.81,0.55,36.66305978810629,-0.5822681092976882,53.21025748439128,30.85,3.0,headache,S019
18.14,0.55,36.52038344249539,-0.17177631323409664,53.55540376020094,30.85,3.0,headache,S019
-11.16,0.55,36.22303844419441,-0.3935799171397485,53.48843041632815,30.83,3.0,headache,S019
-1.94,0.55,36.23884375855524,-0.4450839053478876,53.472687190565914,30.83,3.0,headache,S019
21.45,0.55,36.350698877180356,-0.8915909601468025,53.52942827005438,30.83,3.0,headache,S019
-18.41,0.55,36.47221878819729,-0.8885333468466418,53.32212380155797,30.83,3.0,headache,S019
-7.35,0.55,36.48213457182721,-0.3870342307772849,53.01018084102827,30.81,3.0,headache,S019
28.14,0.55,36.72305996501668,-0.5765115707086816,53.38657401447393,30.81,3.0,headache,S019
-12.33,0.55,36.59251580162846,-0.19351539039540577,53.38484249982325,30.81,3.0,headache,S019
-17.09,0.55,36.470686613371036,-0.27236223064396037,53.0311216679771,30.81,3.0,headache,S019
23.05,0.55,36.442141435606665,-0.34002343732749674,53.47571958095836,30.83,3.0,headache,S019
-4.39,0.55,36.54414364971627,-0.358203317257164,53.56481559818787,30.83,3.0,headache,S019
-14.06,0.55,36.46177563464913,-0.15527538136344132,53.87027333479904,30.83,3.0,headache,S019
25.32,0.55,36.798143481750714,-0.24928873178061764,53.663031607632,30.83,3.0,headache,S019
-7.72,0.55,36.32997595592432,-0.23029049209828337,53.45104437805475,30.83,3.0,headache,S019
-18.88,0.55,36.40330399342358,-0.5331333115949342,53.316396024258694,30.83,3.0,headache,S019
11.89,0.55,36.57913721758309,-0.7298234397954546,53.51574325504539,30.83,3.0,headache,S019
19.01,0.56,36.62057821370583,-0.8484683822876886,53.26117905176539,30.83,3.0,headache,S019
-20.61,0.55,36.564650703380664,-0.7531835822216947,53.284915755136794,30.81,3.0,headache,S019
-10.13,0.55,36.44861605698987,-0.6964038001439757,53.13015400659283,30.81,3.0,headache,S019
25.37,0.55,36.644544304442604,-0.5944236430376603,53.524385804263595,30.81,3.0,headache,S019
9.28,0.54,36.26137809079062,-0.3512934747145047,53.309667227892646,30.81,3.0,headache,S019
-24.97,0.55,36.34857090366523,-0.3512874847338362,53.46272235246473,30.83,3.0,headache,S019
-7.5,0.55,36.35365234356995,-0.06237127459957247,53.63716674727673,30.83,3.0,headache,S019
26.89,0.54,36.51787625219238,-0.08567327892806104,53.44284952789218,30.83,3.0,headache,S019
-15.5,0.55,36.179531111284554,-0.4568040322883289,53.50491970779857,30.83,3.0,headache,S019
-16.03,0.55,36.446865302137084,-0.4159115360730843,53.50187641219321,30.81,3.0,headache,S019
19.35,0.54,36.47195804032216,-0.4488028070319396,53.28005658274745,30.81,3.0,headache,S019
4.25,0.55,36.56137627991947,-0.6746326844984102,53.28383477745344,30.81,3.0,headache,S019
-20.5,0.55,36.55727233269,-0.5317310889628561,52.92901011792983,30.81,3.0,headache,S019
5.59,0.55,36.38711963287515,-0.2354874440087859,53.27122452382538,30.83,3.0,headache,S019
22.84,0.54,36.321245837582964,-0.3952873505740313,53.489032906261116,30.83,3.0,headache,S019
-15.93,0.55,36.55851308577241,-0.29305488457188966,53.45869821972747,30.83,3.0,headache,S019
-13.38,0.55,36.24116833930255,-0.2833709886864874,53.446869081218416,30.83,3.0,headache,S019
17.07,0.54,36.43575520142377,-0.2998709871727256,53.51474749005323,30.85,3.0,headache,S019
-7.24,0.55,36.400882073923015,-0.21656955183543036,53.572631469123436,30.85,3.0,headache,S019
-16.97,0.55,36.21003626997773,-0.4759377790786336,53.597294649287065,30.85,3.0,headache,S019
20.78,0.54,36.36042975946348,-0.4837148487708628,53.51849626239388,30.85,3.0,headache,S019
-2.0,0.54,36.48895065656885,-0.4586759554472921,53.47496509086125,30.83,3.0,headache,S019
-17.47,0.55,36.511208994094126,-0.729913905288926,53.687817874082675,30.83,3.0,headache,S019
20.66,0.55,36.68926525204778,-0.4919689151137951,53.54687660521396,30.83,3.0,headache,S019
-6.74,0.54,36.37932505633507,-0.6791793419439666,53.29856323033739,30.83,3.0,headache,S019
-15.35,0.54,36.49426523467163,-0.7008632910985314,53.58307731550628,30.83,3.0,headache,S019
16.22,0.55,36.2233927034854,-0.6784276317415793,53.20058180397806,30.83,3.0,headache,S019
-8.33,0.54,36.277295294806684,-0.5025131310167529,53.4392104243277,30.83,3.0,headache,S019
-12.27,0.54,35.89682768826504,-0.46621443755995506,53.61384045930475,30.83,3.0,headache,S019
13.71,0.55,36.215353703837444,-0.49202958569915145,53.275726630786465,30.81,3.0,headache,S019
-15.09,0.55,36.316926324451316,-0.25695034829398367,53.495987616124154,30.81,3.0,headache,S019
-5.51,0.54,36.33994796120695,-0.14221766732104818,53.627131714679145,30.81,3.0,headache,S019
15.34,0.54,36.573855916743746,-0.448574126549571,53.57142084203485,30.81,3.0,headache,S019
-11.97,0.55,36.61331297685236,-0.6456419508046889,53.76791728362363,30.81,3.0,headache,S019
-8.27,0.54,36.55349166996579,-0.5724800675262421,53.24161456135348,30.81,3.0,headache,S019
24.58,0.54,36.56965255146715,-0.7932238395822797,53.52700863843439,30.81,3.0,headache,S019
-8.18,0.54,36.471376601360056,-0.5064629913745894,53.43883282602873,30.81,3.0,headache,S019
-11.36,0.54,36.73101252639999,-0.7022850238990208,53.26444274119217,30.81,3.0,headache,S019
26.49,0.54,36.5550224314131,-0.5532674171581646,53.58946550508813,30.81,3.0,headache,S019
-1.62,0.54,36.02652334622755,-0.19096984385875285,53.64603262309208,30.81,3.0,headache,S019
-13.95,0.54,36.52221624022613,-0.37242287501342997,53.52766934230835,30.81,3.0,headache,S019
11.45,0.54,36.185436721455126,-0.37786105178687196,53.69331247751029,30.81,3.0,headache,S019
-5.16,0.54,36.6755381765791,-0.2321830697366875,53.22650290025923,30.81,3.0,headache,S019
-8.43,0.54,36.39818228465886,-0.3794890813302487,53.63687492299432,30.81,3.0,headache,S019
17.28,0.54,36.36060049792249,-0.4191915537357515,53.5040681266767,30.81,3.0,headache,S019
-16.85,0.54,36.71437555419986,-0.4757165704045917,53.62247572238813,30.85,3.0,headache,S019
-2.11,0.54,36.58326265403586,-0.7734519375754061,53.21097836062462,30.85,3.0,headache,S019
24.15,0.54,36.876432605275916,-0.4323864058454031,53.53942567643514,30.85,3.0,headache,S019
-20.13,0.54,36.49637323635725,-0.36753992502131577,53.318064358896606,30.85,3.0,headache,S019
1.47,0.54,36.222408197686974,-0.21433288748487836,53.370620721507656,30.83,3.0,headache,S019
23.68,0.54,36.37354947892147,-0.00023038135269444712,53.24286464730183,30.83,3.0,headache,S019
-13.02,0.54,36.2866043292427,-0.23403801842793687,53.399165772774026,30.83,3.0,headache,S019
-5.77,0.54,36.168629899355636,-0.43162845394615657,53.385865736838234,30.83,3.0,headache,S019
24.89,0.55,36.22403726381971,-0.47896338264346144,53.34075014353272,30.83,3.0,headache,S019
-13.11,0.54,36.24767990086784,-0.39688182468030037,53.33397139693508,30.83,3.0,headache,S019
-12.42,0.54,36.45431035752817,-0.27513109072668096,53.09788627571917,30.83,3.0,headache,S019
22.67,0.54,36.482522850269646,-0.792329060515515,53.43329877622788,30.83,3.0,headache,S019
8.33,0.54,36.68860769345317,-0.6331458942472521,53.41970466459934,30.85,3.0,headache,S019
-28.09,0.54,36.657964146673514,-0.6032046406929504,53.236690875871695,30.85,3.0,headache,S019
11.87,0.54,36.368173090565584,-0.7218599518749298,53.55802169865619,30.85,3.0,headache,S019
27.51,0.54,36.29058830628836,-0.12886466363024981,53.37997123033771,30.85,3.0,headache,S019
-19.71,0.54,36.22404640067589,-0.22107873887232693,53.46211177388952,30.83,3.0,headache,S019
-9.25,0.54,36.49222723722265,-0.4136389884068598,53.4503381650201,30.83,3.0,headache,S019
20.53,0.54,36.169490797255044,-0.16824899937834184,53.87920284725123,30.83,3.0,headache,S019
-4.94,0.54,36.30349389576974,-0.3590545123798176,53.405448994052335,30.83,3.0,headache,S019
-25.44,0.54,36.43462725062192,-0.35213093682083857,53.48950191781086,30.81,3.0,headache,S019
18.14,0.55,36.40380080046373,-0.11590883974691422,53.91841678489224,30.81,3.0,headache,S019
16.0,0.54,36.46585512920842,-0.41308792409619277,53.350329340636144,30.81,3.0,headache,S019
-19.42,0.54,36.47004481451771,-0.2792477016732596,53.56067972904306,30.81,3.0,headache,S019
-14.22,0.54,36.65645330071715,-0.6035014691426726,53.55116862008313,30.83,3.0,headache,S019
22.66,0.54,36.17890851855579,-0.2108506902253508,53.40929638015048,30.83,3.0,headache,S019
-8.02,0.54,36.31930405490989,-0.38658998033866404,53.53824249555873,30.83,3.0,headache,S019
-22.32,0.54,36.18450879963411,-0.2560997294711422,53.512726514897636,30.83,3.0,headache,S019
21.56,0.54,36.47476176643248,-0.26959876620380574,53.57951352023946,30.81,3.0,headache,S019
15.12,0.54,36.313478340519936,-0.1822972602905387,53.56490534954383,30.81,3.0,headache,S019
-23.89,0.54,36.48848541505313,-0.6149672795977618,53.290255758255256,30.81,3.0,headache,S019
-2.29,0.54,36.51065927000091,-0.5878922441082575,53.49621023081601,30.81,3.0,headache,S019
27.5,0.54,36.378284753547035,-0.42849598442967574,53.29507942072769,30.83,3.0,headache,S019
-9.31,0.54,36.3918080952206,-0.06800402395265727,53.35814536130922,30.83,3.0,headache,S019
-18.94,0.54,36.75064641282007,-0.1957696062743645,53.28617233311161,30.83,3.0,headache,S019
12.17,0.54,36.74929560171549,-0.3023217345244812,53.48952027083993,30.83,3.0,headache,S019
-3.44,0.54,36.44580111928145,-0.26018049151305095,53.51308664292934,30.81,3.0,headache,S019
-12.63,0.54,36.41752339324621,-0.1314804858686327,53.26457692396972,30.81,3.0,headache,S019
16.94,0.54,36.44007202536082,-0.2542879562690209,53.195710033174656,30.81,3.0,headache,S019
-3.77,0.54,36.3885940972145,-0.29209934864982734,53.47924422029283,30.81,3.0,headache,S019
-19.66,0.54,36.62666975496435,-0.23874426177705793,53.43459929223431,30.81,3.0,headache,S019
15.25,0.54,36.355849251356894,-0.32662378208280074,52.97917624364929,30.81,3.0,headache,S019
1.97,0.54,36.303796558508296,-0.5235988088022901,53.13588130581107,30.81,3.0,headache,S019
-24.1,0.54,36.51026721630582,-0.2725873301794225,53.168886825549976,30.81,3.0,headache,S019
12.52,0.54,36.38160608394499,-0.35762197811417756,53.11884403710627,30.81,3.0,headache,S019
9.08,0.54,36.43034197940246,-0.3018285408488034,53.38976188243054,30.81,3.0,headache,S019
-20.35,0.54,36.20310351946203,-0.5779077266188375,53.30895565622144,30.81,3.0,headache,S019
6.96,0.54,36.36627032717796,-0.10545902644733736,53.26020383832487,30.81,3.0,headache,S019
4.98,0.54,36.3250130895761,-0.3719201995155488,53.444670798804324,30.81,3.0,headache,S019
-19.74,0.54,36.488426321212906,-0.21014025127179714,53.652505282986375,30.81,3.0,headache,S019
13.92,0.54,36.14911862903084,-0.49259064440765776,53.59432373348355,30.81,3.0,headache,S019
7.25,0.54,36.472827967793435,-0.3524041693101471,53.40758138806342,30.81,3.0,headache,S019
-25.64,0.54,36.381244991938146,0.058410486444507206,53.507169428349535,30.81,3.0,headache,S019
18.18,0.54,36.53518155012258,-0.5455106412537933,53.33201121569638,30.81,3.0,headache,S019
16.29,0.54,36.421580976045014,-0.29248311706180036,53.40766676164132,30.81,3.0,headache,S019
-13.75,0.54,36.568452753559505,-0.5985279911297597,53.17251336741312,30.81,3.0,headache,S019
8.6,0.54,36.59032368665393,-0.591686601299063,53.222446628972946,30.83,3.0,headache,S019
16.15,0.53,36.51919325043544,-0.5845930327729449,53.34783297632746,30.83,3.0,headache,S019
-12.29,0.54,36.32470546790493,-0.40784828116878413,53.39996226129991,30.83,3.0,headache,S019
-5.54,0.54,36.4701109488837,-0.06430318610138898,53.617750881171936,30.83,3.0,headache,S019
23.59,0.53,36.41313447428866,-0.3365189969217812,53.28510862275583,30.85,3.0,headache,S019
-13.89,0.53,36.46560982020981,-0.1271073846296,53.11635706294081,30.85,3.0,headache,S019
-5.39,0.54,36.40887433619862,-0.1139865255851812,53.1172123842471,30.85,3.0,headache,S019
20.02,0.54,36.52649271462861,-0.2613972243589028,53.49127898569493,30.85,3.0,headache,S019
-16.61,0.54,36.366918799717745,-0.35747946966075533,53.37455183568499,30.83,3.0,headache,S019
-8.1,0.54,36.8817052993981,-0.205155419691699,53.22369497695906,30.83,3.0,headache,S019
17.04,0.54,36.60334656482189,-0.3698101606082622,53.411805920526646,30.83,3.0,headache,S019
-9.29,0.53,36.52673249947272,-0.5541459299809647,53.40193146999001,30.83,3.0,headache,S019
-7.18,0.54,36.37742100551246,-0.18757761165308384,53.327642700499204,30.81,3.0,headache,S019
29.31,0.54,36.616861459772075,-0.23136054535118744,53.22363769834335,30.81,3.0,headache,S019
-9.6,0.53,36.54367987934929,-0.13848229604034334,53.348987620500495,30.81,3.0,headache,S019
-5.01,0.53,36.37914714748099,-0.0948437717423428,53.57363038643791,30.81,3.0,headache,S019
12.81,0.54,36.36782288758956,-0.11540628811562455,53.273417083035405,30.85,3.0,headache,S019
-14.05,0.54,36.55775124375747,0.08940149069159496,53.379377854757905,30.85,3.0,headache,S019
-8.98,0.53,36.399743797094494,-0.2350272268489343,53.4524137313428,30.85,3.0,headache,S019
18.17,0.54,36.349178948505205,-0.14926110673807486,53.40759014451051,30.85,3.0,headache,S019
-16.91,0.54,36.599805252563954,-0.48257785057040065,53.24176640674818,30.83,3.0,headache,S019
-5.42,0.53,36.76604985315902,-0.4475656227428611,53.12539215357403,30.83,3.0,headache,S019
14.5,0.54,36.44200618162632,-0.39743320077855826,53.41336668877946,30.83,3.0,headache,S019
-11.83,0.54,36.685788724593685,-0.06451927868274952,53.66191178061061,30.83,3.0,headache,S019
-15.53,0.54,36.734400916260284,-0.0965075525571571,53.38456590045476,30.83,3.0,headache,S019
19.92,0.53,36.28432825970943,-0.054043152742133775,53.44827707560781,30.83,3.0,headache,S019
-3.63,0.54,36.575887117098425,-0.00250428129026763,53.603841611871715,30.83,3.0,headache,S019
-20.19,0.54,36.51626954312603,0.019154643666049492,53.34058339110212,30.83,3.0,headache,S019
17.19,0.53,36.17045528932884,-0.22853778062350177,53.465828623981345,30.85,3.0,headache,S019
-1.73,0.54,36.73697993549029,-0.19470728348860283,53.155717531699274,30.85,3.0,headache,S019
-20.03,0.54,36.41517936637878,-0.45366665670783796,53.420784283820176,30.85,3.0,headache,S019
13.53,0.54,36.90529213145994,-0.2975261873289371,53.268693529052754,30.85,3.0,headache,S019
11.44,0.54,36.617222996690295,-0.4907689529218255,53.122959474939954,30.81,3.0,headache,S019
-19.99,0.54,36.26458892899779,-0.6079129641444012,52.94867072355419,30.81,3.0,headache,S019
-0.45,0.54,36.52653922182452,0.036806171591834504,53.2325077634963,30.81,3.0,headache,S019
22.94,0.53,36.50701708377337,-0.135077793254418,53.40963380537619,30.81,3.0,headache,S019
-15.74,0.54,36.473480589507695,-0.019592482643293753,53.44696626872402,30.83,3.0,headache,S019
-5.61,0.54,36.24871923502176,0.007378475579852092,53.47585990085027,30.83,3.0,headache,S019
21.73,0.53,36.62427673858152,-0.01964895004134153,53.40513344158172,30.83,3.0,headache,S019
-10.03,0.54,36.366192752782595,-0.18159608068085323,53.553371321107974,30.83,3.0,headache,S019
-14.81,0.54,36.50616188933719,-0.7541375578828189,53.339052855574415,30.85,3.0,headache,S019
21.72,0.53,36.6782545239098,-0.4194377116778287,53.36108671894353,30.85,3.0,headache,S019
2.14,0.54,36.552687606002756,-0.4662058005608315,53.24860908980557,30.85,3.0,headache,S019
-18.86,0.54,36.61256620650171,-0.13412462406128425,53.42940250835965,30.85,3.0,headache,S019
16.83,0.54,36.38030615952366,-0.29190007664598305,53.35825213795455,30.83,3.0,headache,S019
17.79,0.53,36.33985837280938,0.03638878356792603,53.28437498626087,30.83,3.0,headache,S019
-24.26,0.54,36.510155690901364,-0.08839564030300155,53.39960122862551,30.83,3.0,headache,S019
4.2,0.54,36.47074798881724,-0.2689634433687996,53.17938177401922,30.83,3.0,headache,S019
15.89,0.53,36.59236447723488,-0.07256799069965285,53.39999434951193,30.83,3.0,headache,S019
-20.01,0.54,36.558581606386525,-0.08406930573959925,53.13440811871196,30.83,3.0,headache,S019
4.99,0.54,36.99638065901676,-0.2107867641657875,53.018494784551656,30.83,3.0,headache,S019
21.87,0.53,36.89816613031894,-0.5432503540250991,53.35126836148422,30.83,3.0,headache,S019
-23.4,0.54,36.744099562285065,-0.8563318813127759,52.986688508238935,30.83,3.0,headache,S019
-0.49,0.54,36.482237793651144,-0.681548693490784,53.32800887389105,30.83,3.0,headache,S019
21.65,0.54,36.49580613643669,-0.6894839200997839,53.06732259462787,30.83,3.0,headache,S019
-11.51,0.53,36.49401036708941,-0.7225914637000702,53.24320069052316,30.83,3.0,headache,S019
-9.57,0.53,36.518928055763595,-0.47380341074389953,53.48876654421934,30.85,3.0,headache,S019
17.3,0.53,36.38547233085837,-0.4594373308285418,52.98777083408261,30.85,3.0,headache,S019
-10.21,0.53,36.61049159632137,-0.5570388020747917,53.47627204179867,30.85,3.0,headache,S019
-12.84,0.54,36.542041312538416,-0.5575425758956856,53.25904285325214,30.85,3.0,headache,S019
14.95,0.53,36.83164131465774,-0.5132908194222343,53.56347344075376,30.85,3.0,headache,S019
-13.61,0.53,36.681603375333836,-0.44454100079159137,53.35775760281672,30.85,3.0,headache,S019
-5.25,0.53,36.293853878947054,-0.5789567425500985,53.26155461663154,30.85,3.0,headache,S019
18.94,0.54,36.33201229131713,-0.4328851779625964,53.52749535511529,30.85,3.0,headache,S019
-16.62,0.53,36.25456969824792,-0.45537379192375543,53.444327789541546,30.81,3.0,headache,S019
0.83,0.53,36.5553858421956,-0.43078781889246337,53.44325847105211,30.81,3.0,headache,S019
24.83,0.54,36.56891878354322,-0.2913115986461727,53.41475395363653,30.81,3.0,headache,S019
-4.68,0.53,36.2210781084301,-0.5327452424123488,53.285522911209775,30.81,3.0,headache,S019
-14.41,0.53,36.48053874390965,-0.23143538608397793,53.574605851381264,30.83,3.0,headache,S019
21.67,0.53,36.50789141838029,-0.623825699811465,53.56889325465526,30.83,3.0,headache,S019
-3.3,0.53,36.43671138783338,-0.5182174965328291,53.16157029397474,30.83,3.0,headache,S019
-17.55,0.53,36.537388474006754,-0.8650799528674695,53.33755163498794,30.83,3.0,headache,S019
13.2,0.54,36.57993802560683,-0.6616223359616653,53.52850840451176,30.85,3.0,headache,S019
8.35,0.54,36.79073164245634,-0.8405167422635428,53.311084799921815,30.85,3.0,headache,S019
-9.09,0.54,36.57007099350995,-0.5670857495928537,53.55451110903389,30.85,3.0,headache,S019
9.59,0.53,36.417512033426945,-0.23245309104782866,53.280837889213984,30.85,3.0,headache,S019
-1.36,0.54,36.35916440730667,-0.7802403349689486,53.572002077231105,30.85,3.0,headache,S019
-11.57,0.53,35.836000407589644,-0.6349725601130645,53.94583642807424,30.85,3.0,headache,S019
3.64,0.53,36.05821922790998,-0.4207786977207355,53.832387488730284,30.85,3.0,headache,S019
-27.53,0.53,35.99229082002253,-0.7829148005677156,53.77330433043285,30.85,3.0,headache,S019
-40.09,0.53,36.21780101600225,-0.8363030662504833,53.52194839392439,30.85,3.0,headache,S019
35.69,0.53,36.33255643943066,-1.0756107637629093,53.43543118115405,30.85,3.0,headache,S019
30.26,0.53,36.165621773688855,-0.8160822118940475,53.656794278639715,30.85,3.0,headache,S019
8.2,0.53,36.086765709218795,-0.7882955829394365,53.13320719302899,30.85,3.0,headache,S019
-7.14,0.53,36.34616029323914,-0.4747000697875247,53.58799340817503,30.83,3.0,headache,S019
-14.37,0.53,36.281338045752435,-0.3565392446422649,53.72345225467003,30.83,3.0,headache,S019
29.01,0.53,36.198152684878494,0.0919066688205754,53.75896074578251,30.83,3.0,headache,S019
-15.92,0.53,36.0409422685275,-0.07280319429808942,53.78432369495566,30.83,3.0,headache,S019
-1.41,0.53,35.963589014796696,-0.2429087462170509,53.71363105220363,30.85,3.0,headache,S019
-5.31,0.53,36.04957199300362,-0.12998213688754046,53.81668964919947,30.85,3.0,headache,S019
-21.17,0.53,36.08349193215133,0.05402620100595912,53.67917049460848,30.85,3.0,headache,S019
13.8,0.53,36.089659720700084,-0.35322696454509167,53.628742877884015,30.85,3.0,headache,S019
0.97,0.53,36.255078869472825,-0.1356239560151591,53.381648762656795,30.85,3.0,headache,S019
-13.77,0.53,36.37351741321044,-0.18897987729413174,53.61815508530395,30.85,3.0,headache,S019
26.59,0.53,36.22109974695037,-0.08726821878071943,53.63280520472651,30.85,3.0,headache,S019
-4.23,0.53,36.31129980927056,-0.011642720509568891,53.674893660377776,30.85,3.0,headache,S019
-2.6,0.53,36.17656299319968,0.015753131293766674,53.50703041049067,30.85,3.0,headache,S019
17.94,0.53,36.054430127263714,-0.015887806589515892,53.98280780192545,30.85,3.0,headache,S019
2.44,0.54,36.12043612631993,0.01498096984266701,53.750843548094124,30.85,3.0,headache,S019
-24.89,0.54,36.34365291649197,-0.013572588222085083,53.48439680050879,30.85,3.0,headache,S019
17.37,0.54,36.060218406276356,0.011748710883748608,53.70938221852886,30.83,3.0,headache,S019
-4.07,0.53,36.30003984039674,-0.009400421127433133,53.57228882968227,30.83,3.0,headache,S019
-12.08,0.54,36.16822314556468,0.006205355727685025,53.72863968037475,30.83,3.0,headache,S019
15.92,0.53,36.10501590629694,-0.001387269922289673,53.7454714376025,30.83,3.0,headache,S019
-3.75,0.53,36.30826543853023,-0.00723532745195545,53.720680686911166,30.87,3.0,headache,S019
-20.03,0.53,36.31101935853442,0.02858565148622897,53.78154828922372,30.87,3.0,headache,S019
21.09,0.53,36.37468310961453,-0.22785490797126082,53.70608174894073,30.87,3.0,headache,S019
-5.92,0.54,36.079359501943486,-0.2623191128428521,53.47424658464876,30.87,3.0,headache,S019
-8.85,0.54,36.116516418010114,-0.28148360729788613,53.54318788530057,30.85,3.0,headache,S019
11.74,0.53,36.07400479508553,-0.08378909590623893,53.63213476310749,30.85,3.0,headache,S019
-10.47,0.54,36.071478415054656,-0.34882112688699557,53.727510973736706,30.85,3.0,headache,S019
6.23,0.53,36.08113079437766,-0.3577496784219231,53.61858988192707,30.85,3.0,headache,S019
1.03,0.54,36.31724180657612,-0.06611713527401358,53.8445326895837,30.83,3.0,headache,S019
-18.74,0.53,36.08595828900455,-0.02841394730678109,53.9219891078832,30.83,3.0,headache,S019
8.43,0.53,35.983086355103495,-0.06568359356662631,53.93529268476805,30.83,3.0,headache,S019
1.49,0.53,36.004727621212766,-0.12325250208964282,53.82243495265872,30.83,3.0,headache,S019
-18.87,0.54,35.999309435130556,-0.11605490561221335,53.79111529485487,30.85,3.0,headache,S019
16.98,0.54,35.99939004201685,-0.2448063140380593,53.97595230877408,30.85,3.0,headache,S019
2.99,0.53,36.00034504925081,-0.016064694549143794,53.88668705716096,30.85,3.0,headache,S019
-12.75,0.54,36.00177071310337,-0.12976119772139805,53.95632044118712,30.85,3.0,headache,S019
15.84,0.54,35.99086335510151,-0.1489245012053998,53.80432018051828,30.85,3.0,headache,S019
10.28,0.53,36.07518504403477,-0.3069569911838698,53.80573920038364,30.85,3.0,headache,S019
-19.69,0.54,36.174711916694136,-0.31830354319340315,53.78055309016359,30.85,3.0,headache,S019
10.07,0.54,36.00593015375567,-0.2061181036891857,53.86073167234505,30.85,3.0,headache,S019
8.99,0.53,36.004349625032226,-0.12411404232824993,53.80806755680617,30.85,3.0,headache,S019
-12.53,0.53,35.99426190323158,-0.25989889135015015,53.87224309207652,30.85,3.0,headache,S019
-0.05,0.54,36.005943333489796,-0.19497810402448276,53.91758153394203,30.85,3.0,headache,S019
3.58,0.53,35.99414219071123,0.019396932240589294,53.822808639853484,30.85,3.0,headache,S019
-17.41,0.53,36.00568280211661,-0.007171655998522895,53.85818152582139,30.85,3.0,headache,S019
6.83,0.54,35.9945204413869,0.006150122972421845,54.069247845006274,30.85,3.0,headache,S019
0.07,0.54,36.005270157446645,-0.11160534881436142,53.85114000606772,30.85,3.0,headache,S019
-13.46,0.53,35.99493661955308,-0.05086894293251668,53.99418019486669,30.85,3.0,headache,S019
6.93,0.54,36.00486287771827,-0.2889602166502069,53.859645611144785,30.83,3.0,headache,S019
-5.62,0.54,35.99532986158575,-0.18409578449700797,54.029804873653134,30.83,3.0,headache,S019
-13.3,0.54,36.004485689632375,-0.08324911506926234,53.90349415246907,30.83,3.0,headache,S019
18.85,0.54,35.99569038036929,-0.049732106514344405,53.90231176858415,30.83,3.0,headache,S019
-13.79,0.54,36.004141820382664,-0.08206379123286395,53.90429168430267,30.87,3.0,headache,S019
-3.7,0.54,35.99601789450014,-0.05086317354334037,54.04550827650162,30.87,3.0,headache,S019
19.4,0.53,36.00383026986606,0.04637467152871992,53.869057240986116,30.87,3.0,headache,S019
-20.06,0.54,35.99631387903715,-0.05289308029088457,53.97511858420818,30.87,3.0,headache,S019
11.48,0.54,36.00354949615997,0.07728195565929394,53.779988379642546,30.83,3.0,headache,S019
7.23,0.53,35.99657972690548,-0.23898204236071943,53.8985477814045,30.83,3.0,headache,S019
-21.78,0.54,36.00329837687989,-0.2753734813383546,53.710544213670225,30.83,3.0,headache,S019
24.94,0.54,35.99681621376675,-0.032013370921590845,54.01219937525167,30.83,3.0,headache,S019
14.16,0.53,36.0030765398106,-0.18465950536823736,53.87064174452221,30.85,3.0,headache,S019
-20.21,0.54,35.9970232563286,-0.21326134181058087,53.99486601295947,30.85,3.0,headache,S019
14.68,0.54,36.00288458067526,-0.2048537772647084,53.91080887185454,30.85,3.0,headache,S019
5.98,0.53,35.99719967733815,-0.044933503815853745,53.93845453803779,30.85,3.0,headache,S019
-19.66,0.53,36.002724346442356,-0.0831492880445696,54.027243457499765,30.87,3.0,headache,S019
25.19,0.54,35.997342845033735,-0.16129100553781173,53.98143184869899,30.87,3.0,headache,S019
12.67,0.54,36.002599405546896,-0.11119595432844163,54.014974383110875,30.87,3.0,headache,S019
-24.38,0.53,35.99744805216374,-0.1124535575195349,53.986498205752454,30.87,3.0,headache,S019
17.68,0.54,36.002515875477684,-0.012926059614762573,54.01337267840657,30.85,3.0,headache,S019
25.77,0.54,35.99750740270227,-4.7787369820566974e-05,53.98549444093501,30.85,3.0,headache,S019
-19.55,0.53,36.00248393698156,0.011307965641407867,54.01738498131887,30.85,3.0,headache,S019
-1.19,0.53,35.99750772479056,-0.06150257440763383,53.97629125682894,30.85,3.0,headache,S019
27.2,0.54,36.00252075669612,-0.19081894913666603,54.04012432692641,30.85,3.0,headache,S019
2.83,0.53,35.9974264007263,-0.006516645207629723,53.71771034274815,30.85,3.0,headache,S019
-24.7,0.53,36.00265656864809,-0.0007764420452027472,53.84304491798283,30.85,3.0,headache,S019
4.12,0.54,35.997222267716054,0.0009022493196502345,54.07123854060216,30.85,3.0,headache,S019
11.46,0.54,36.00294870433816,-0.0002923901603905094,53.73271342345495,30.87,3.0,headache,S019
-17.25,0.53,35.99681320013674,-0.0005754187013641739,53.83636954558348,30.87,3.0,headache,S019
-2.08,0.54,36.00351898003074,0.001931041162370812,54.04423172326163,30.87,3.0,headache,S019
5.63,0.54,35.99601039544888,-0.004789161967869618,53.89474039450101,30.87,3.0,headache,S019
-19.51,0.53,36.00467709850191,0.013918898817413953,53.73383180110877,30.87,3.0,headache,S019
2.57,0.54,35.994265673030476,-0.0947524929407201,53.86186456475912,30.87,3.0,headache,S019
3.82,0.54,36.00750424596919,-0.31084896742253487,53.83713555876703,30.87,3.0,headache,S019
-15.34,0.53,35.98905161371299,-0.12338400252499689,54.03758009032545,30.87,3.0,headache,S019
8.9,0.54,36.020185854594196,0.026424697185818743,53.70645044893754,30.87,3.0,headache,S019
1.1,0.54,35.88513158381489,-0.01229254327690912,53.88948010293524,30.87,3.0,headache,S019
-17.4,0.53,35.9671489575247,0.006889666469639496,54.02552423736129,30.87,3.0,headache,S019
1.94,0.53,36.01485391179685,-0.003715089741344245,53.98731375492361,30.87,3.0,headache,S019
-1.68,0.54,35.9901500597165,0.0010908652227757905,54.0081139823325,30.89,3.0,headache,S019
-9.22,0.54,36.00753111282923,0.0018681949938549036,53.995938334191976,30.89,3.0,headache,S019
11.23,0.53,35.99378795222577,-0.006329551295261578,53.89655212705587,30.89,3.0,headache,S019
-16.89,0.54,36.005373369970265,0.01574833485255286,53.94479955142487,30.89,3.0,headache,S019
-6.57,0.54,35.99519794143395,-0.056187255648541455,53.882545342909225,30.87,3.0,headache,S019
20.77,0.53,36.00439460722625,-0.10174669233533079,53.82367738172384,30.87,3.0,headache,S019
-12.56,0.53,35.99590532942687,0.03545263322730588,53.94316536703999,30.87,3.0,headache,S019
-1.26,0.54,36.003868957121384,-0.02451449221870346,54.01252388127075,30.87,3.0,headache,S019
25.77,0.53,35.99630346239704,0.02035282434391472,54.00177966318286,30.85,3.0,headache,S019
-12.86,0.53,36.00356359814411,-0.01855402481736946,53.9700099414584,30.85,3.0,headache,S019
-11.41,0.54,35.99653934358792,0.01811586756347432,53.879419376786785,30.85,3.0,headache,S019
25.68,0.54,36.00338098975298,-0.019012145451814903,54.03446612343711,30.85,3.0,headache,S019
-7.92,0.53,35.996680298623886,0.022550003298114355,53.97671078933308,30.87,3.0,headache,S019
-7.86,0.54,36.003273141579676,-0.2666600229904187,54.018767128702116,30.87,3.0,headache,S019
31.15,0.54,35.996761464077856,0.016459553294720396,53.983665523578594,30.87,3.0,headache,S019
-15.22,0.53,36.003213738872766,-0.13712125057383123,54.014867679144764,30.87,3.0,headache,S019
-17.3,0.53,35.996802933826814,0.011095646921999132,53.98603960189029,30.85,3.0,headache,S019
27.64,0.54,36.00318717805727,-0.05783327697829876,54.0134422962738,30.85,3.0,headache,S019
7.35,0.53,35.996817003802526,-0.098686965879875,53.986749566902695,30.85,3.0,headache,S019
-12.99,0.53,36.003183643538044,0.03228894278209944,54.01339454187105,30.85,3.0,headache,S019
12.16,0.53,35.996811600017075,-0.021651497995424776,53.9860318639423,30.87,3.0,headache,S019
18.45,0.53,36.003196669270345,0.018153995096311038,54.01522184684164,30.87,3.0,headache,S019
-14.44,0.53,35.99679204612558,-0.017355896314394034,53.98217461408681,30.87,3.0,headache,S019
-13.28,0.53,36.00322183575338,0.018299043013319482,54.024062608588416,30.87,3.0,headache,S019
15.18,0.53,35.99676203858349,-0.02101449681656793,53.95100151245136,30.85,3.0,headache,S019
-3.62,0.53,36.003256030220626,0.026361625454398956,53.89706436032592,30.85,3.0,headache,S019
-13.89,0.53,35.99672421488899,-0.037043213918766124,54.01249042444002,30.85,3.0,headache,S019
16.46,0.53,36.00329700523157,0.06324208340200647,53.83018749245916,30.85,3.0,headache,S019
-6.47,0.53,35.996680500021085,-0.19069921397953266,53.9100592221494,30.83,3.0,headache,S019
-17.39,0.53,36.00334310418239,-0.6215704705912937,54.014785795150345,30.83,3.0,headache,S019
3.96,0.53,35.99663232583092,-0.1199720159284069,53.991617142288625,30.83,3.0,headache,S019
8.49,0.53,36.003393084530636,-0.30858489323594224,54.00671895149115,30.83,3.0,headache,S019
-20.2,0.53,35.99658077454986,-0.3667614658096344,53.993676203510915,30.87,3.0,headache,S019
7.17,0.53,36.00344600047948,-0.16514156452478132,54.00669464114449,30.87,3.0,headache,S019
3.41,0.53,35.99652667531855,-0.5864093147626873,53.9912303729888,30.87,3.0,headache,S019
-18.52,0.54,36.003501123068794,-0.07576320363557011,53.87942300586321,30.87,3.0,headache,S019
11.69,0.53,35.99647067071359,0.02990455957654854,54.00009242603622,30.87,3.0,headache,S019
-1.03,0.53,36.00355788449398,-0.018320485182784084,54.00190740452567,30.87,3.0,headache,S019
-28.09,0.53,35.996413263585644,0.012288242392200905,53.99742955097717,30.87,3.0,headache,S019
14.18,0.53,36.0036158385203,-0.007476095781361982,54.002899069195536,30.87,3.0,headache,S019
-0.1,0.53,35.99635485066411,0.0017461790389349627,53.99690156556372,30.83,3.0,headache,S019
-17.03,0.53,36.00367463183576,0.009588773976028434,54.00323821342864,30.83,3.0,headache,S019
13.3,0.53,35.99629574707514,-0.10749288681700217,53.99665033256538,30.83,3.0,headache,S019
15.39,0.53,36.00373398298831,-0.03427194764057709,54.00345029890061,30.83,3.0,headache,S019
-21.99,0.53,35.99623620450073,-0.09728995713447372,53.996447615029105,30.87,3.0,headache,S019
4.31,0.53,36.003793666677154,-0.03264500413823778,54.003666879594995,30.87,3.0,headache,S019
26.28,0.53,35.996176424811004,0.023412528776807714,53.996193996430456,30.87,3.0,headache,S019
-12.06,0.53,36.00385350188662,-0.019547164158305635,54.003985966002986,30.87,3.0,headache,S019
-3.69,0.53,35.996116570423254,0.01714831801719534,53.99576894593487,30.87,3.0,headache,S019
15.01,0.53,36.00391334281748,-0.01532801931120825,54.00458105808767,30.87,3.0,headache,S019
-5.08,0.53,35.996056772261134,0.013674826808800448,53.994894107087845,30.87,3.0,headache,S019
-13.99,0.53,36.00397307188403,-0.011791347060887806,54.00593275557728,30.87,3.0,headache,S019
27.85,0.53,35.995997135931766,0.008815840675723175,53.99275486907773,30.85,3.0,headache,S019
-11.53,0.53,36.00403259425343,-0.0010518014316979014,54.00769275619079,30.85,3.0,headache,S019
-15.7,0.53,35.99593774656338,-0.06708028730330742,53.69728022438365,30.85,3.0,headache,S019
19.49,0.53,36.004091833550504,-0.12836317939569114,53.90281912791137,30.85,3.0,headache,S019
3.59,0.53,35.99587867262587,-0.06212412388059435,54.041066126426486,30.85,3.0,headache,S019
-19.67,0.53,36.00415072845315,0.0050571998865991735,53.8435880294131,30.85,3.0,headache,S019
25.04,0.53,35.99581996897139,0.0013599936661203627,53.873978216848776,30.85,3.0,headache,S019
-0.29,0.53,36.00420922997244,-0.0021737628119966206,54.01909653028959,30.85,3.0,headache,S019
-18.57,0.53,35.99576167927036,0.00039402488163496423,53.98889876423393,30.87,3.0,headache,S019
20.21,0.53,36.00426729926645,0.005358307082585479,54.00865162918722,30.87,3.0,headache,S019
1.05,0.53,35.99570383797696,-0.029756993892793446,53.99213816949379,30.87,3.0,headache,S019
-15.09,0.53,36.004324905871414,-0.12536527721587484,54.00793683768224,30.87,3.0,headache,S019
24.22,0.53,35.99564647192325,-0.08848683999653832,53.99123861969956,30.87,3.0,headache,S019
-6.55,0.53,36.00438202626292,-0.02131973124708039,54.010628053336774,30.87,3.0,headache,S019
-11.82,0.53,35.99558960161931,0.019452932093347357,53.98537601453157,30.87,3.0,headache,S019
15.65,0.53,36.004438642679276,-0.018087803298765616,54.025314003418515,30.87,3.0,headache,S019
12.28,0.53,35.99553324231946,0.017197911286993668,53.89823862886795,30.87,3.0,headache,S019
-19.66,0.53,36.00449474215488,-0.016608950877917535,53.9460963565856,30.87,3.0,headache,S019
6.58,0.53,35.99547740489972,0.016220112079086146,54.02275329121019,30.87,3.0,headache,S019
3.51,0.53,36.00455031572229,-0.015975558445726463,53.98466351736922,30.87,3.0,headache,S019
-15.61,0.53,35.99542209658359,0.01584430591543695,54.01224078914279,30.89,3.0,headache,S019
9.93,0.53,36.00460535775161,-0.015810091134342705,53.98928029046975,30.89,3.0,headache,S019
8.26,0.53,35.9953673215445,0.015866514857070652,54.00997787879877,30.89,3.0,headache,S019
-20.7,0.53,36.00465986540075,-0.016015045434351907,53.99028998936576,30.89,3.0,headache,S019
-0.58,0.53,35.99531308140741,0.016264919285500116,54.00978587364224,30.89,3.0,headache,S019
15.82,0.53,36.00471383815736,-0.016634839481702995,53.989843612234985,30.89,3.0,headache,S019
-15.96,0.53,35.99525937566784,0.017157186417453108,54.01082286879592,30.89,3.0,headache,S019
-2.68,0.53,36.00476727745513,-0.01788682654310805,53.988167656545,30.89,3.0,headache,S019
11.35,0.53,35.995206202043164,0.01891988664526416,54.013292793969896,30.87,3.0,headache,S019
-18.45,0.53,36.0048201863522,-0.020437401842219424,53.984579299121776,30.87,3.0,headache,S019
-3.26,0.53,35.995153556767086,0.022822102638262426,54.01867232952604,30.87,3.0,headache,S019
14.21,0.53,36.004872569260876,-0.027045917295772305,53.975829910606286,30.87,3.0,headache,S019
-14.44,0.53,35.99510143483811,0.0365218887735706,54.03566809027212,30.89,3.0,headache,S019
-12.35,0.53,36.004924431719786,-0.07789352905065175,53.91923593931163,30.89,3.0,headache,S019
20.12,0.53,35.99504983022858,-0.07987490182866767,53.932501425883444,30.89,3.0,headache,S019
-10.03,0.53,36.00497578020162,0.01393606455202743,53.90534850277889,30.89,3.0,headache,S019
-14.92,0.53,35.994998736061156,-0.0022167350813954052,53.95988892343157,30.87,3.0,headache,S019
16.04,0.53,36.00502662195107,-0.0031084040485389545,54.01650877204544,30.87,3.0,headache,S019
-11.21,0.53,35.994948144758176,0.00661752893763314,53.9932836889988,30.87,3.0,headache,S019
-9.03,0.53,36.00507696484716,-0.009677287934345524,53.99892755507985,30.87,3.0,headache,S019
19.06,0.53,35.994898048167975,0.01315779847949406,54.01135835326398,30.89,3.0,headache,S019
0.25,0.53,36.00512681728757,-0.018397282508297037,53.95956061297788,30.89,3.0,headache,S019
-16.49,0.53,35.994848437671536,0.029761821297622518,53.891668338893446,30.89,3.0,headache,S019
16.53,0.53,36.005176188090225,-0.0886194936388924,54.018387441756474,30.89,3.0,headache,S019
8.55,0.53,35.99479930427282,-0.07024807629518642,54.00441607389231,30.87,3.0,headache,S019
-23.46,0.53,36.005225086410185,0.022791532265183594,53.931091287098646,30.87,3.0,headache,S019
8.33,0.53,35.99475063867514,-0.01304137946556485,53.91553739346741,30.87,3.0,headache,S019
17.92,0.53,36.00527352166962,0.00938320619428381,54.023534314226644,30.87,3.0,headache,S019
-23.03,0.53,35.99470243134562,-0.008512888022781025,53.84312744909505,30.87,3.0,headache,S019
7.06,0.53,36.00532150349874,0.011598745659511397,54.051366049265795,30.87,3.0,headache,S019
26.55,0.53,35.99465467256923,-0.12434853466532503,53.9556147765754,30.87,3.0,headache,S019
-12.72,0.53,36.0053690416858,-0.011358871896208643,54.047380630491446,30.87,3.0,headache,S019
-18.2,0.53,35.99460735249458,0.0057587078283982684,53.927971767820445,30.87,3.0,headache,S019
22.28,0.53,36.00541614613596,-0.004054877733920116,53.920143125005254,30.87,3.0,headache,S019
4.97,0.53,35.99456046117177,0.0030741503860693908,53.992245685837204,30.87,3.0,headache,S019
-21.5,0.53,36.00546282683604,-0.002172937739891553,54.02835315247304,30.87,3.0,headache,S019
8.79,0.53,35.99451398858404,0.0010295089614398626,53.92329599788373,30.89,3.0,headache,S019
17.66,0.53,36.00550909382626,0.0007323386499973964,53.93000438364147,30.89,3.0,headache,S019
-18.48,0.53,35.99446792467364,-0.003899523156827736,53.94623218061734,30.89,3.0,headache,S019
-4.54,0.53,36.00555495717641,0.010964249300791895,53.906620574057754,30.89,3.0,headache,S019
26.5,0.53,35.994422259363354,-0.03786643437704923,53.93638254207652,30.87,3.0,headache,S019
-12.92,0.53,36.005600426966986,-0.11102642119438494,53.751572733509704,30.87,3.0,headache,S019
-18.38,0.53,35.994376982573286,-0.08586296379566329,53.95913811151543,30.87,3.0,headache,S019
24.19,0.53,36.005645513274104,-0.03966717298042318,53.999322069412926,30.87,3.0,headache,S019
-2.65,0.53,35.994332084234024,0.031198294517702996,54.00962056436662,30.87,3.0,headache,S019
-17.19,0.53,36.00569022615766,-0.029412635107052026,53.98351766923153,30.87,3.0,headache,S019
18.58,0.53,35.99428755429723,0.030608856740452606,54.02865490453077,30.87,3.0,headache,S019
-3.62,0.53,36.005734575652816,-0.035153600466143305,53.91149662153617,30.87,3.0,headache,S019
-13.59,0.53,35.994243382742546,0.04771088946923487,53.93071048549881,30.87,3.0,headache,S019
20.72,0.53,36.00577857176395,-0.1289597035675687,54.02015640022292,30.87,3.0,headache,S019
-1.95,0.53,35.99419955958247,-0.015790270371732418,53.99453745874552,30.87,3.0,headache,S019
-29.35,0.53,36.00582222446101,-0.07366752671908675,53.887662240155564,30.87,3.0,headache,S019
23.67,0.53,35.994156074864996,-0.07798125223758615,53.97440995294007,30.89,3.0,headache,S019
3.41,0.53,36.00586554367798,0.027666777366927388,53.838435011348935,30.89,3.0,headache,S019
-18.83,0.53,35.99411291867397,-0.016114465968196663,53.88068738730115,30.89,3.0,headache,S019
19.9,0.53,36.00590853931336,0.011050849786654677,53.9027335835455,30.89,3.0,headache,S019
6.2,0.53,35.99407008112799,-0.008507516014524938,54.03414284150187,30.87,3.0,headache,S019
-18.46,0.53,36.005951221232266,0.007535290113635322,53.913311478347225,30.87,3.0,headache,S019
11.45,0.53,35.994027552377304,-0.008371193070804538,53.925965580256594,30.87,3.0,headache,S019
1.91,0.53,36.00599359927029,0.013913358560300921,54.02815782149131,30.87,3.0,headache,S019
-13.68,0.53,35.99398532259922,-0.06111380877939337,53.975695991197796,30.87,3.0,headache,S019
7.1,0.53,36.006035683238736,-0.17593256438854982,53.75790214605513,30.87,3.0,headache,S019
18.51,0.53,35.99394338199216,-0.025846933785885796,54.01922075294033,30.87,3.0,headache,S019
-17.22,0.53,36.00607748293123,0.004583589115834703,53.90220266505563,30.87,3.0,headache,S019
1.89,0.53,35.993901720768264,-0.0009496462508216215,53.94722286330499,30.89,3.0,headache,S019
17.42,0.53,36.00611900813205,-0.0003170518689728046,53.9075152708394,30.89,3.0,headache,S019
-13.51,0.53,35.99386032914458,0.000896050588141013,53.9659797946415,30.89,3.0,headache,S019
-2.61,0.53,36.00616026862546,-0.0011846329114240002,54.02257059356261,30.89,3.0,headache,S019
16.77,0.53,35.99381919733301,0.001312542242557756,53.84991811893792,30.87,3.0,headache,S019
-7.72,0.53,36.00620127420622,-0.001328531899683616,54.030475879929796,30.87,3.0,headache,S019
-17.89,0.53,35.99377831552893,0.0012492106946469133,53.969245294911914,30.87,3.0,headache,S019
17.03,0.53,36.00624203469196,-0.0010740802420340868,54.039446838629175,30.87,3.0,headache,S019
3.04,0.53,35.99373767389819,0.0007893419647614822,53.90298906764362,30.87,3.0,headache,S019
-17.1,0.53,36.00628255993664,-0.0003659477981248636,53.93707255027917,30.87,3.0,headache,S019
6.22,0.53,35.99369726256353,-0.00024820185448191104,54.01524065360281,30.87,3.0,headache,S019
12.75,0.53,36.00632285984514,0.0011465898166804261,53.86154834160496,30.87,3.0,headache,S019
-18.81,0.53,35.99365707158849,-0.0025076874172217318,54.0199127470456,30.87,3.0,headache,S019
-0.61,0.53,36.00636294438958,0.0047124571924909734,53.969698034674124,30.87,3.0,headache,S019
9.9,0.53,35.99361709096062,-0.008735613305983774,53.889626301297874,30.87,3.0,headache,S019
-17.75,0.53,36.006402823627326,0.018021845922224795,53.89479388537708,30.87,3.0,headache,S019
3.59,0.53,35.99357731057287,-0.05971916623775142,53.97842280814322,30.91,3.0,headache,S019
14.14,0.53,36.00644250772025,-0.09858112812385904,54.01211492359717,30.91,3.0,headache,S019
-18.24,0.53,35.99353772020314,0.03388300393616584,53.994012653347596,30.91,3.0,headache,S019
2.89,0.53,36.00648200695625,-0.022822911326563722,53.99221993688695,30.91,3.0,headache,S019
15.52,0.53,35.993498309492175,0.018337589004705144,53.86386859230267,30.87,3.0,headache,S019
-9.59,0.53,36.00652133177194,-0.01597321003934439,54.03579323730636,30.87,3.0,headache,S019
-9.05,0.53,35.99345906791939,0.014566875732822055,53.96837383645276,30.87,3.0,headache,S019
13.91,0.52,36.006560492778526,-0.013683805772820239,54.03808642683885,30.87,3.0,headache,S019
-4.41,0.53,35.99341998477629,0.013127701977852506,53.920772059799056,30.89,3.0,headache,S019
-10.68,0.53,36.00659950078886,-0.012800617217834034,53.923813572080284,30.89,3.0,headache,S019
19.55,0.52,35.99338104913792,0.012652886215398668,53.98309493262545,30.89,3.0,headache,S019
0.97,0.53,36.006638366848,-0.012663142842890955,53.78836530712758,30.89,3.0,headache,S019
-22.44,0.53,35.99334224983112,0.012830944390218419,53.99456094122399,30.87,3.0,headache,S019
18.82,0.52,36.00667710226574,-0.013176770839786111,53.961843633146856,30.87,3.0,headache,S019
10.99,0.53,35.99330357540023,0.013749544921446727,53.88684755633258,30.87,3.0,headache,S019
-18.81,0.53,36.00671571865319,-0.014647574966049204,54.02972424038115,30.87,3.0,headache,S019
4.38,0.52,35.993265014069024,0.016073465603195256,53.980938497683724,30.91,3.0,headache,S019
7.86,0.53,36.006754227961984,-0.01850077035386238,54.01412918456954,30.91,3.0,headache,S019
-15.33,0.53,35.9932265536994,0.023357590141285918,53.99288457999866,30.91,3.0,headache,S019
8.47,0.52,36.00679264252812,-0.0384104749247633,53.94133019182395,30.91,3.0,headache,S019
15.03,0.53,35.99318818174552,-0.10132259264778744,53.84909980175246,30.89,3.0,headache,S019
-15.0,0.53,36.00683097511982,-0.01373838648168895,53.81818175189858,30.89,3.0,headache,S019
-4.16,0.53,35.993149885203515,-0.12193586945963744,54.0231186824292,30.89,3.0,headache,S019
14.22,0.53,36.00686923899054,0.017279087591416956,53.99287718029789,30.89,3.0,headache,S019
-4.36,0.53,35.99311165055574,-0.007881762575169522,54.00042110073443,30.89,3.0,headache,S019
-12.64,0.53,36.00690744793758,0.004109438752205339,54.006335137394004,30.89,3.0,headache,S019
9.62,0.53,35.99307346370903,-0.0020553267420129347,53.87789397136867,30.89,3.0,headache,S019
-5.61,0.54,36.00694561636714,0.0007745368550654262,53.98831290841059,30.89,3.0,headache,S019
-10.45,0.54,35.99303530992622,8.412095595055412e-05,54.00589828703982,30.87,3.0,headache,S019
7.98,0.54,36.006983759366214,-0.0006824222456200388,53.9957237753211,30.87,3.0,headache,S019
3.01,0.54,35.992997173750126,0.0011048981602406083,54.003987227441996,30.87,3.0,headache,S019
-15.9,0.55,36.00702189278346,-0.0013990886527327484,53.995105278429946,30.87,3.0,headache,S019
9.19,0.55,35.992959038918265,0.0015924560700802247,54.008891960236724,30.89,3.0,headache,S019
5.95,0.55,36.00706003331887,-0.0017001626539675894,53.87666708289188,30.89,3.0,headache,S019
-16.3,0.55,35.992920888268145,0.0017286482311812843,53.98896809019174,30.89,3.0,headache,S019
3.97,0.55,36.00709819862412,-0.0016768454310176738,54.00530039213983,30.89,3.0,headache,S019
8.02,0.55,35.99288270363057,0.001535546252583366,53.99703795183135,30.87,3.0,headache,S019
-21.2,0.55,36.00713640741578,-0.0012845213614488243,54.0004555263975,30.87,3.0,headache,S019
1.48,0.55,35.99284446570998,0.0008856961709432724,54.006108328569596,30.87,3.0,headache,S019
9.63,0.55,36.007174679602166,-0.00026762546899773557,53.927163535921686,30.87,3.0,headache,S019
-24.93,0.56,35.99280615394952,-0.0007128380540883178,53.855729092651366,30.89,3.0,headache,S019
5.99,0.56,36.00721303642653,0.0023812168200317294,53.8238672199543,30.89,3.0,headache,S019
10.7,0.56,35.992767746378924,-0.005657981781808074,54.01872509319441,30.89,3.0,headache,S019
-19.16,0.56,36.0072515006296,0.014528888450950628,53.98986440094777,30.89,3.0,headache,S019
12.87,0.56,35.99272921944125,-0.11140447141655507,54.00755946138316,30.89,3.0,headache,S019
20.92,0.56,36.0072900966332,-0.03509921595923611,53.993211064202946,30.89,3.0,headache,S019
-26.12,0.56,35.99269054779722,0.01858299380458207,54.006881517010314,30.89,3.0,headache,S019
8.18,0.56,36.00732885075004,-0.013915884345416555,53.992431236685924,30.89,3.0,headache,S019
11.29,0.56,35.99265170410124,0.011732032701145504,54.00882392002369,30.87,3.0,headache,S019
-12.81,0.55,36.00736779142258,-0.010476288060176734,53.98921597023221,30.87,3.0,headache,S019
18.18,0.55,35.992612658745486,0.009666884677530515,54.01381618674172,30.87,3.0,headache,S019
-15.61,0.55,36.00740694949701,-0.009105762064812747,53.981172418644604,30.87,3.0,headache,S019
-3.01,0.55,35.99257337956697,0.008696599024276785,54.028645124762626,30.89,3.0,headache,S019
25.79,0.55,36.00744635853762,-0.008386967048646183,53.93956603120298,30.89,3.0,headache,S019
-16.7,0.55,35.99253383150956,0.008145915178378989,53.918987694451324,30.89,3.0,headache,S019
-1.13,0.55,36.00748605518955,-0.007954013764633809,53.896022471595906,30.89,3.0,headache,S019
25.04,0.54,35.99249397623421,0.007798463752571754,53.97998760538416,30.89,3.0,headache,S019
-14.09,0.55,36.00752607959847,-0.007670500261912366,53.93836519162483,30.89,3.0,headache,S019
8.87,0.55,35.9924537716673,0.007563926197736791,53.91173425437674,30.89,3.0,headache,S019
10.24,0.55,36.007566475897455,-0.0074742411425724326,54.03413002482971,30.89,3.0,headache,S019
-13.81,0.55,35.99241317147456,0.007398101627388941,53.98946245389144,30.89,3.0,headache,S019
14.03,0.55,36.0076072927748,-0.007332974593761498,53.89607320980957,30.89,3.0,headache,S019
14.38,0.54,35.992372124447655,0.007276907994108841,53.81394760630343,30.89,3.0,headache,S019
-24.89,0.54,36.007648584138764,-0.007228374857585109,54.07214236104399,30.89,3.0,headache,S019
12.34,0.54,35.992330573783775,0.007186164806446637,53.92436080359643,30.91,3.0,headache,S019
18.37,0.55,36.00769040989819,-0.00714930702192326,53.93641623147642,30.91,3.0,headache,S019
-19.87,0.54,35.99228845623801,0.007117014536524916,53.886077924058014,30.91,3.0,headache,S019
8.37,0.54,36.00773283688437,-0.007088643286129973,53.83028440726606,30.91,3.0,headache,S019
15.54,0.54,35.99224570111983,0.0070636615657360905,54.02859749498472,30.89,3.0,headache,S019
-17.54,0.54,36.00777593994446,-0.007041626940576879,53.93937164599547,30.89,3.0,headache,S019
1.21,0.54,35.992202229100634,0.007022168580410897,53.90175735171231,30.89,3.0,headache,S019
19.21,0.54,36.00781980324417,-0.007004973592921024,53.949307411375514,30.89,3.0,headache,S019
-25.06,0.54,35.992157950788396,0.006989776343200948,53.67812956160274,30.91,3.0,headache,S019
2.78,0.54,36.00786452182861,-0.006976350028591431,54.0549787875715,30.91,3.0,headache,S019
21.99,0.54,35.992112765015996,0.006964499975095313,53.85082517538816,30.91,3.0,headache,S019
-17.97,0.54,36.00791020350245,-0.006954058260772697,53.83788523065825,30.91,3.0,headache,S019
-8.82,0.54,35.99206655677338,0.00694487937133212,54.03297745774507,30.89,3.0,headache,S019
14.61,0.54,36.007956971107824,-0.006936836665425833,53.98809881756877,30.89,3.0,headache,S019
-15.74,0.54,35.99201919469391,0.006929819480028529,54.00254845257096,30.89,3.0,headache,S019
5.36,0.54,36.00800496530167,-0.006923730745670117,54.00362838666299,30.89,3.0,headache,S019
8.79,0.54,35.991970527981174,0.006918485010515947,53.990521107442746,30.89,3.0,headache,S019
-25.51,0.54,36.00805434796351,-0.006914006794435402,54.01818362118371,30.89,3.0,headache,S019
9.4,0.54,35.991920382622894,0.006910229211046657,53.9537873204688,30.89,3.0,headache,S019
7.6,0.54,36.00810530640801,-0.0069070928086208145,53.89318325470059,30.89,3.0,headache,S019
-24.68,0.54,35.99186855669565,0.0069045445906974695,54.026572605598716,30.91,3.0,headache,S019
13.1,0.54,36.00815805862953,-0.006902537185035254,53.87134651202769,30.91,3.0,headache,S019
3.02,0.54,35.991814814494376,0.006901028135576533,53.986927768141506,30.91,3.0,headache,S019
-16.52,0.54,36.0082128598868,-0.006899979296895909,54.017379215796176,30.91,3.0,headache,S019
16.54,0.54,35.99175887913101,0.006899356314440787,53.955617786002165,30.89,3.0,headache,S019
-12.0,0.54,36.008270011040764,-0.006899128176812975,53.891419825023966,30.89,3.0,headache,S019
-8.55,0.54,35.99170042311877,0.0068992668288840875,54.02570580319915,30.89,3.0,headache,S019
25.83,0.54,36.008329869213846,-0.006899746836368272,53.98535678994817,30.89,3.0,headache,S019
-16.16,0.54,35.9916390562754,0.006900545094167423,54.01015075020114,30.89,3.0,headache,S019
-9.52,0.54,36.008392861554825,-0.006901640572035597,53.992327823651905,30.89,3.0,headache,S019
28.12,0.54,35.99157431001638,0.006903014092157527,54.00608200021608,30.89,3.0,headache,S019
-16.92,0.54,36.00845950321306,-0.006904648134098701,53.99503940632416,30.89,3.0,headache,S019
2.97,0.54,35.991505616722975,0.006906526663454418,54.00410663494681,30.89,3.0,headache,S019
14.24,0.54,36.00853042109573,-0.006908634980713475,53.996603659864604,30.89,3.0,headache,S019
-17.06,0.54,35.991432282296294,0.006910959587874096,54.00271948357221,30.89,3.0,headache,S019
2.64,0.54,36.008606385686136,-0.00691348807030179,53.99808940908287,30.89,3.0,headache,S019
15.32,0.54,35.99135344913519,0.006916208991951997,54.000547004987105,30.89,3.0,headache,S019
-18.97,0.54,36.00868835428588,-0.0069191118021704945,54.00333298664975,30.89,3.0,headache,S019
11.09,0.54,35.991268045424796,0.0069221867527067315,53.881772783972266,30.89,3.0,headache,S019
6.8,0.54,36.00877753073994,-0.006925424823599097,53.98377069130521,30.89,3.0,headache,S019
-16.06,0.54,35.99117471447874,0.006928817656905909,54.01213115418016,30.87,3.0,headache,S019
11.16,0.54,36.00887544942582,-0.006932357497324194,53.98787412515644,30.87,3.0,headache,S019
2.33,0.54,35.99107171439807,0.006936037138901005,54.01399032165004,30.87,3.0,headache,S019
-16.7,0.54,36.008984095774274,-0.006939849877075029,53.98157162956517,30.87,3.0,headache,S019
17.71,0.54,35.99095677248697,0.006943789465546467,54.029744225202656,30.89,3.0,headache,S019
-8.52,0.54,36.00910608320112,-0.006947850077296469,53.90877197672746,30.89,3.0,headache,S019
-14.72,0.54,35.99082686882167,0.006952026269415765,53.936242222395954,30.89,3.0,headache,S019
18.83,0.54,36.00924491970449,-0.006956312951240834,53.90273240945537,30.89,3.0,headache,S019
-5.07,0.54,35.9906779053927,0.006960705355502845,53.97323169222773,30.89,3.0,headache,S019
-10.26,0.54,36.009405421799926,-0.006965199012087138,54.01758341623214,30.89,3.0,headache,S019
15.67,0.54,35.99050418369006,0.006969789724238408,53.986224186178504,30.89,3.0,headache,S019
-2.42,0.54,36.00959438012753,-0.0069744735468561005,54.01166471493064,30.89,3.0,headache,S019
-6.91,0.54,35.990297547833556,0.006979246766713182,53.98964345180317,30.89,3.0,headache,S019
13.63,0.54,36.009821675125394,-0.0069841058844141435,54.00950831646748,30.89,3.0,headache,S019
-11.25,0.54,35.9900459136612,0.0069890475978778895,53.991039321701564,30.89,3.0,headache,S019
-8.24,0.54,36.010102243345955,-0.006994068787236438,54.00863369142915,30.89,3.0,headache,S019
12.99,0.54,35.98973059918069,0.006999166500973671,53.99151097850201,30.89,3.0,headache,S019
-5.8,0.54,36.01045976537975,-0.007004337943218555,54.00851456377637,30.89,3.0,headache,S019
-6.6,0.54,35.98932112802993,0.007009580462045527,53.99128373147865,30.89,3.0,headache,S019
14.6,0.54,36.010934156384906,-0.00701489153874494,54.00909699142681,30.89,3.0,headache,S019
-8.54,0.54,35.98876414289302,0.007020268777868226,53.99052058655873,30.89,3.0,headache,S019
-8.65,0.54,36.01159849692961,-0.007025709898116772,54.00666993543969,30.89,3.0,headache,S019
11.27,0.54,35.9879565530624,0.007031212723865184,53.76940924086881,30.89,3.0,headache,S019
-11.97,0.54,36.01260366610314,-0.007036775177343493,53.97630360858829,30.89,3.0,headache,S019
-4.29,0.54,35.98666674331136,0.00704239527138778,54.00051062301946,30.89,3.0,headache,S019
15.27,0.54,36.01432917285381,-0.007048071102706236,54.00783531233398,30.89,3.0,headache,S019
-14.54,0.54,35.98421003178002,0.007053800845625379,53.97645250684799,30.89,3.0,headache,S019
-3.21,0.54,36.01822641197759,-0.007059582746275409,53.88004133215077,30.89,3.0,headache,S019
17.93,0.54,35.976240075242785,0.007065415117152333,54.01893814326454,30.89,3.0,headache,S019
-8.28,0.54,36.14184916003323,-0.007071296332056498,53.989452736604136,30.89,3.0,headache,S019
-16.54,0.54,35.987141900104994,0.007077224821353874,54.007468532992654,30.89,3.0,headache,S019
10.79,0.54,36.02875695721317,-0.007083199067531148,53.994052227074015,30.89,3.0,headache,S019
-3.01,0.54,35.909123360328586,0.0070892176010228895,54.00512322549352,30.87,3.0,headache,S019
-10.0,0.54,35.93269904516086,-0.0070952789963079545,53.99530697672097,30.87,3.0,headache,S019
15.17,0.53,36.02151857743687,0.007101381868191499,54.00453109000968,30.87,3.0,headache,S019
-0.32,0.54,35.988288197400934,-0.007107524868337734,53.99541388845949,30.87,3.0,headache,S019
-18.83,0.54,36.00769507824681,0.007113706681966229,54.00485010952849,30.89,3.0,headache,S019
10.99,0.54,35.99414640465502,-0.0071199260247103375,53.99464707855309,30.89,3.0,headache,S019
10.87,0.54,36.00531752062952,0.007126181639655243,54.00617553489084,30.89,3.0,headache,S019
-15.93,0.54,35.99390251359618,-0.007132472294505235,53.992504716639566,30.89,3.0,headache,S019
6.29,0.54,36.009345159406166,0.007138796778856229,54.009721034763075,30.89,3.0,headache,S019
1.4,0.54,35.977135106302775,-0.0071451539016269714,53.986015789450576,30.89,3.0,headache,S019
-11.09,0.54,35.87795429919119,0.0071515424885522415,54.0248671933449,30.89,3.0,headache,S019
13.41,0.54,36.022009533805026,-0.007157961379779299,53.89580132130372,30.89,3.0,headache,S019
13.42,0.53,35.98587700346549,0.007164409427556819,53.949686542327605,30.89,3.0,headache,S019
-17.55,0.54,36.01137787491692,-0.007170885493984872,54.02094860610135,30.89,3.0,headache,S019
-6.53,0.54,35.98994493244872,0.007177388448816735,53.98635462386649,30.89,3.0,headache,S019
21.42,0.54,36.00931398061125,-0.007183917167341646,54.01050691877029,30.89,3.0,headache,S019
-5.39,0.54,35.99113830296469,0.007190470528281709,53.990952679028275,30.89,3.0,headache,S019
-6.98,0.54,36.00857063899298,-0.007197047411747793,54.008861819537096,30.89,3.0,headache,S019
11.83,0.53,35.99162303087294,0.007203646697209461,53.98844292609313,30.89,3.0,headache,S019
-6.77,0.54,36.008245551602684,-0.0072102672615021466,53.879157390806505,30.89,3.0,headache,S019
-1.01,0.54,35.99184434648257,0.007216907976837628,54.00361798702751,30.89,3.0,headache,S019
13.75,0.53,36.008094373104825,-0.00722356770881543,53.998929213952636,30.89,3.0,headache,S019
-6.6,0.54,35.99194666174928,0.00723024531446434,54.00054083987416,30.89,3.0,headache,S019
-7.19,0.54,36.00802692903632,-0.007236939640238729,53.99947130850462,30.89,3.0,headache,S019
17.4,0.53,35.991988733805165,0.007243649520025289,54.00073799863672,30.89,3.0,headache,S019
-4.05,0.54,36.00800360864888,-0.0072503737731410564,53.998917392175784,30.89,3.0,headache,S019
-8.28,0.54,35.99199801920901,0.007257111202263497,54.00154121490588,30.89,3.0,headache,S019
18.15,0.54,36.00800493434248,-0.007263860591371921,53.99787544240846,30.89,3.0,headache,S019
-10.76,0.54,35.991988608074095,0.007270620703624764,54.002872005674256,30.91,3.0,headache,S019
-0.1,0.54,36.00802054181203,-0.00727739027918724,53.996133344617824,30.91,3.0,headache,S019
9.45,0.54,35.991968234409,0.007284168033017616,54.00528433634546,30.91,3.0,headache,S019
-14.91,0.54,36.008044587534734,-0.007290952652576651,53.9924475960035,30.91,3.0,headache,S019
-5.71,0.54,35.99194136144695,0.007297742795480669,54.01203581869357,30.91,3.0,headache,S019
21.16,0.54,36.00807363015406,-0.00730453708705734,53.97324780944436,30.91,3.0,headache,S019
-3.74,0.53,35.99191066462071,0.007311334117831255,53.88260949070037,30.91,3.0,headache,S019
-13.89,0.54,36.00810557467607,-0.00731813244090392,54.016741241240936,30.91,3.0,headache,S019
12.85,0.54,35.99187779468719,0.007324930569231026,53.99205518738496,30.89,3.0,headache,S019
-12.78,0.53,36.00813911336922,-0.007331726972780708,54.0043057577922,30.89,3.0,headache,S019
-5.01,0.54,35.9918437923805,0.007338520075567217,53.99794819929354,30.89,3.0,headache,S019
12.34,0.54,36.00817341482165,-0.007345308252542198,54.000298558787584,30.89,3.0,headache,S019
-4.71,0.53,35.99180932393818,0.007352089826350259,54.00129937174229,30.91,3.0,headache,S019
-10.24,0.53,36.0082079438971,-0.007358863063902573,53.99705546586609,30.91,3.0,headache,S019
10.59,0.54,35.99177481989228,0.007365626172777677,54.004821665315035,30.91,3.0,headache,S019
-3.7,0.53,36.008242353918114,-0.0073723772974647,53.992814810370895,30.91,3.0,headache,S019
-4.83,0.53,35.991740559419256,0.00737911451532351,54.01051494299456,30.91,3.0,headache,S019
7.45,0.53,36.00827642024344,-0.007385835832411294,53.98399250227532,30.91,3.0,headache,S019
-3.32,0.53,35.991706722961304,0.007392539179013679,54.028068926055845,30.91,3.0,headache,S019
-7.32,0.53,36.00830999834828,-0.0073992224049035235,53.909545593923916,30.91,3.0,headache,S019
10.84,0.53,35.991673425792875,0.007405883274363614,53.93323866299422,30.89,3.0,headache,S019
-10.45,0.53,36.00834299681802,-0.007412519460861483,54.019671344353675,30.89,3.0,headache,S019
-6.49,0.53,35.99164073984443,0.0074191285414131995,53.99302206098588,30.89,3.0,headache,S019
17.09,0.53,36.00837535964121,-0.007425707990575701,53.99786710830986,30.89,3.0,headache,S019
-15.05,0.53,35.991608708123614,0.007432255174073779,54.01490934932965,30.89,3.0,headache,S019
3.45,0.53,36.00840705442255,-0.007438767341965484,53.93890451201478,30.89,3.0,headache,S019
10.85,0.53,35.99157735438019,0.0074452416214036326,53.90503600603774,30.89,3.0,headache,S019
-8.69,0.53,36.008438064435886,-0.007451675008852155,54.02921653909486,30.89,3.0,headache,S019
3.2,0.53,35.991546689658406,0.007458064361812002,53.98694090812016,30.89,3.0,headache,S019
5.7,0.53,36.00846838320672,-0.007464406389925518,53.99319253929716,30.89,3.0,headache,S019
-16.32,0.53,35.99151671678632,0.007470697645484292,53.86526906445071,30.89,3.0,headache,S019
2.61,0.53,36.00849801078508,-0.00747693451322307,54.032616550409266,30.89,3.0,headache,S019
10.29,0.54,35.99148743347645,0.007483113199382618,53.97737140078886,30.91,3.0,headache,S019
-14.77,0.53,36.00852695116098,-0.00748922971995412,54.018209533568886,30.91,3.0,headache,S019
11.06,0.53,35.99145883448366,0.007495279888038629,53.98453651542726,30.91,3.0,headache,S019
4.32,0.53,36.00855521045986,-0.007501259300241162,54.0134500841224,30.91,3.0,headache,S019
-12.43,0.53,35.99143091311677,0.007507163322007202,53.988194035273686,30.89,3.0,headache,S019
13.88,0.53,36.008582795674364,-0.007512987071804891,54.01034339289986,30.89,3.0,headache,S019
0.32,0.53,35.99140366230387,0.007518725404066706,53.991064089194154,30.89,3.0,headache,S019
-17.72,0.53,36.00860971376808,-0.007524372890708127,54.007469058051164,30.89,3.0,headache,S019
17.46,0.53,35.99137707534858,0.0075299238011854175,53.994197843884535,30.91,3.0,headache,S019
-2.28,0.53,36.00863597103576,-0.007535372080846493,54.00370948412322,30.91,3.0,headache,S019
-13.45,0.53,35.99135114647191,0.007540711327495975,53.999263425374984,30.91,3.0,headache,S019
22.18,0.53,36.008661572642936,-0.0075459347659150985,53.99571546411331,30.91,3.0,headache,S019
-2.76,0.53,35.99132587120594,0.007551035220214697,54.01572746083881,30.89,3.0,headache,S019
-10.66,0.53,36.008686522287285,-0.007556005083700016,53.92245572773173,30.89,3.0,headache,S019
15.78,0.53,35.991301246686284,0.00756083628610583,53.91918392684637,30.89,3.0,headache,S019
-3.72,0.53,36.008710821944035,-0.007565520257788189,54.03568957448926,30.89,3.0,headache,S019
-10.19,0.53,35.99127727187678,0.007570047890675533,53.974338110086784,30.89,3.0,headache,S019
17.03,0.53,36.00873447166545,-0.007574409495532974,54.02116140992776,30.89,3.0,headache,S019
-8.4,0.53,35.99125394775046,0.007578594755182065,53.981436272241346,30.89,3.0,headache,S019
-3.22,0.53,36.00875746941446,-0.007582592673203002,54.016858226226205,30.89,3.0,headache,S019
15.8,0.53,35.99123127744525,0.007586391517602986,53.98433230812566,30.91,3.0,headache,S019
-11.73,0.53,36.008779810916316,-0.007589978758884311,54.014866441300214,30.91,3.0,headache,S019
2.35,0.53,35.99120926640799,0.00759334100181772,53.9854149821152,30.91,3.0,headache,S019
16.42,0.53,36.00880148951684,-0.007596463910215851,54.01614094497478,30.91,3.0,headache,S019
-11.25,0.53,35.99118792253658,0.007599332123800002,53.87189497592402,30.91,3.0,headache,S019
6.22,0.53,36.00882249603697,-0.00760192916623693,53.87781376928254,30.91,3.0,headache,S019
-4.97,0.53,35.99116725633,0.00760423734316094,53.98622150751884,30.91,3.0,headache,S019
-13.74,0.53,36.00884281861667,-0.007606237628985304,54.00869514301118,30.91,3.0,headache,S019
17.71,0.53,35.99114728105303,0.0076079095409506995,53.996186742549696,30.91,3.0,headache,S019
0.29,0.53,36.00886244254008,-0.00760923099875531,53.98902329609366,30.91,3.0,headache,S019
-7.15,0.53,35.99112801292238,0.007610178167815653,53.865737889959796,30.91,3.0,headache,S019
9.36,0.53,36.008881350036006,-0.00761072528386108,54.03542752991189,30.91,3.0,headache,S019
-7.47,0.53,35.9911094713213,0.007610844456249264,53.97141523578332,30.89,3.0,headache,S019
-8.2,0.53,36.00889952004706,-0.0076105054469296956,54.02967696449808,30.89,3.0,headache,S019
13.46,0.53,35.99109167904875,0.007609675421479551,53.85435958365438,30.89,3.0,headache,S019
-7.38,0.53,36.00891692795978,-0.007608318668006989,54.01368916294095,30.89,3.0,headache,S019
-4.03,0.53,35.99107466261142,0.007606396279005138,53.97904151225897,30.91,3.0,headache,S019
10.52,0.53,36.00893354528865,-0.007603865790327724,54.03138014577666,30.91,3.0,headache,S019
-11.79,0.53,35.99105845256653,0.0076006807704344466,53.89167662444444,30.91,3.0,headache,S019
-5.93,0.53,36.00894933930432,-0.007596790351719256,53.837579086927455,30.91,3.0,headache,S019
9.31,0.53,35.991043083924815,0.007592138694195525,54.00113488059747,30.91,3.0,headache,S019
-2.25,0.53,36.0089642725958,-0.007586664369887777,54.00167422656323,30.91,3.0,headache,S019
-0.88,0.53,35.991028596626435,0.007580299653961306,53.99651395154596,30.91,3.0,headache,S019
11.56,0.53,36.00897830255368,-0.007572969705652233,54.00457311370686,30.91,3.0,headache,S019
-15.4,0.53,35.991015036102574,0.007564591618582188,53.994737395111386,30.89,3.0,headache,S019
-1.37,0.53,36.00899138075884,-0.007555073315480446,54.005720914093786,30.89,3.0,headache,S019
9.61,0.53,35.99100245394112,0.007544312256807914,53.99395955527127,30.89,3.0,headache,S019
-20.56,0.53,36.00900345225748,-0.00753219392571906,54.00628524340475,30.89,3.0,headache,S019
8.12,0.53,35.990990908677,0.007518590042865175,53.993474694149775,30.91,3.0,headache,S019
14.56,0.53,36.009014454698644,-0.007503356453218812,54.00690215347585,30.91,3.0,headache,S019
-20.93,0.53,35.9909804667339,0.007486330612391262,53.99210847028511,30.91,3.0,headache,S019
5.98,0.53,36.009024317305034,-0.007467328581172277,54.012203133986716,30.91,3.0,headache,S019
8.91,0.53,35.99097120355059,0.007446141412281485,53.89944568971414,30.89,3.0,headache,S019
-10.25,0.53,36.00903295963882,-0.007422530781040635,53.87491374479518,30.89,3.0,headache,S019
3.39,0.53,35.99096320493444,0.007396223668881244,53.955936402344946,30.89,3.0,headache,S019
1.56,0.53,36.009040290115806,-0.007366905851190521,54.019884437382075,30.89,3.0,headache,S019
-14.68,0.53,35.99095656869487,0.007334213863815317,53.985305111496785,30.89,3.0,headache,S019
7.47,0.53,36.00904620420693,-0.007297725016811449,54.012605772189225,30.89,3.0,headache,S019
-1.92,0.53,35.9909514066265,0.007256944878516286,53.98847520179173,30.89,3.0,headache,S019
-8.35,0.53,36.009050582248264,-0.007211291449495114,54.01088362794544,30.89,3.0,headache,S019
9.24,0.53,35.990947846931135,0.007160074958122719,53.98952979889812,30.89,3.0,headache,S019
3.53,0.53,36.00905328675844,-0.0071024717964018845,54.01018915091285,30.89,3.0,headache,S019
-7.05,0.53,35.99094603719446,0.0070374905128298025,53.99000806040918,30.89,3.0,headache,S019
6.83,0.53,36.009054159129,-0.00696392688713992,54.009851618547906,30.89,3.0,headache,S019
-10.76,0.53,35.99094614807238,0.006880303766351816,53.99024773332711,30.91,3.0,headache,S019
2.76,0.53,36.0090530155108,-0.006784789269997104,54.009684069575634,30.91,3.0,headache,S019
14.76,0.53,35.99094837789113,0.006675083712778478,53.99035916624437,30.91,3.0,headache,S019
-21.64,0.53,36.00904964165891,-0.006548260335453944,54.009618652697164,30.91,3.0,headache,S019
3.52,0.53,35.99095295843688,0.006400536220113537,53.990384838404175,30.91,3.0,headache,S019
23.33,0.53,36.00904378641513,-0.006226934869052994,54.00962911525923,30.91,3.0,headache,S019
-12.38,0.53,35.9909601623106,0.006020775556548605,53.99033984198383,30.91,3.0,headache,S019
-6.82,0.53,36.00903515338748,-0.00577287598402719,54.00970872034778,30.91,3.0,headache,S019
20.68,0.53,35.990970312365675,0.005470261052074592,53.9902239869698,30.89,3.0,headache,S019
-8.76,0.53,36.009023390216065,-0.005093979741756524,54.00986411340379,30.89,3.0,headache,S019
-0.08,0.53,35.99098379395124,0.004615217833397738,53.99002384014542,30.89,3.0,headache,S019
17.74,0.53,36.009008074566474,-0.003987922289470656,54.010116698311315,30.89,3.0,headache,S019
-14.04,0.53,35.9910010709868,0.0031336428713004605,53.98970772873136,30.87,3.0,headache,S019
-3.34,0.53,36.00898869562173,-0.0019069650820650774,54.01051243213575,30.87,3.0,headache,S019
16.15,0.53,35.9910227073442,4.676059915811233e-06,53.98920842873244,30.87,3.0,headache,S019
-4.19,0.53,36.00896462929099,0.003327973631580631,54.01115243864899,30.87,3.0,headache,S019
-6.86,0.53,35.991049395700706,-0.010636330744676629,53.98836637206035,30.89,3.0,headache,S019
12.71,0.53,36.008935104497326,0.03930707880728165,54.01230775301888,30.89,3.0,headache,S019
-7.26,0.53,35.99108199709273,0.11476838548373373,53.98666498710395,30.89,3.0,headache,S019
-3.58,0.53,36.008899156566066,-0.034357373918922934,54.01517765599054,30.89,3.0,headache,S019
16.87,0.53,35.99112159609734,0.02346311164935408,53.979832179647374,30.89,3.0,headache,S019
-14.79,0.53,36.00885556158015,-0.01915528754140323,53.88831898049534,30.89,3.0,headache,S019
-8.52,0.53,35.99116957932715,0.01685357155637144,53.99383796190584,30.89,3.0,headache,S019
16.21,0.53,36.00880274200772,-0.015425344468500315,54.01166370462831,30.89,3.0,headache,S019
-8.89,0.53,35.99122774954807,0.014455469751853132,53.98376244897906,30.87,3.0,headache,S019
-4.12,0.53,36.008738627858285,-0.013755794108966626,54.024191003689296,30.87,3.0,headache,S019
22.68,0.53,35.99129849571253,0.013228625825051039,53.94665238758185,30.87,3.0,headache,S019
-16.92,0.53,36.008660446999436,-0.01281815500532328,53.8995715013763,30.87,3.0,headache,S019
-6.06,0.53,35.99138505347316,0.012490128976964072,54.01974211392395,30.87,3.0,headache,S019
16.1,0.53,36.00856439889459,-0.012222299425603196,53.99173546219067,30.87,3.0,headache,S019
-14.59,0.53,35.99149191730991,0.011999515498080928,54.00279749375522,30.87,3.0,headache,S019
-2.43,0.53,36.008445129171804,-0.01181101684650479,54.002532596791056,30.87,3.0,headache,S019
20.22,0.53,35.99162551715882,0.011648846145328497,53.982902004901284,30.87,3.0,headache,S019
-22.29,0.53,36.0082948487633,-0.011506862837460562,53.86908560234067,30.87,3.0,headache,S019
-2.99,0.53,35.9917953788165,0.011380090686069206,54.0391281045796,30.87,3.0,headache,S019
20.74,0.53,36.008101785287714,-0.01126425016956851,53.94045492514944,30.87,3.0,headache,S019
-13.28,0.53,35.99201622034237,0.01115538373990933,53.9028972932227,30.87,3.0,headache,S019
-10.62,0.53,36.00784729997026,-0.011049506834719685,54.01692446528241,30.87,3.0,headache,S019
20.17,0.53,35.99231198724381,0.01094222155996059,53.99694936842552,30.87,3.0,headache,S019
-15.98,0.52,36.00750012773156,-0.010828214191292691,53.98452505389445,30.87,3.0,headache,S019
-8.31,0.53,35.99272425915638,0.01070051332805294,53.87148089651945,30.87,3.0,headache,S019
22.96,0.53,36.007003792252064,-0.010549287315423561,54.02916727128277,30.87,3.0,headache,S019
-13.14,0.53,35.993331649490074,0.010359744026741434,53.97941441777993,30.87,3.0,headache,S019
-8.69,0.53,36.00624565891809,-0.010108199516042526,54.01800873153451,30.87,3.0,headache,S019
17.6,0.53,35.99430122945779,0.009754145999505132,53.98185760197393,30.89,3.0,headache,S019
-2.82,0.52,36.004967133518925,-0.009222742057685316,54.02273466403254,30.89,3.0,headache,S019
-12.07,0.53,35.99605541538136,0.008361405533380212,53.94228033619825,30.89,3.0,headache,S019
10.72,0.53,36.002427306709606,-0.006813500105308239,53.860910094182145,30.89,3.0,headache,S019
-5.5,0.53,36.000030352658136,0.003549796647185921,53.741863620274586,30.89,3.0,headache,S019
-13.95,0.53,35.99537487077592,0.005812857130687494,53.831675714206966,30.89,3.0,headache,S019
20.24,0.53,36.01609173418476,-0.084678321472565,53.977186437524125,30.89,3.0,headache,S019
-0.13,0.52,35.90128914158478,-0.0734651032417859,54.014129127446104,30.89,3.0,headache,S019
-14.1,0.53,35.948699859267414,0.05637501943503716,53.98797373266477,30.89,3.0,headache,S019
22.25,0.53,36.006721410156665,-0.13056789102452493,54.01110459052043,30.89,3.0,headache,S019
-4.7,0.53,35.71564648656439,-0.026334396706094373,53.989398740450845,30.89,3.0,headache,S019
-20.65,0.52,36.08182662913559,2.58736060855249e-05,54.01029600173799,30.89,3.0,headache,S019
19.69,0.53,35.832731773729165,0.006159237235714867,53.98989834467653,30.89,3.0,headache,S019
-0.25,0.53,35.72621677641828,-0.008856307051451295,54.00997688074744,30.89,3.0,headache,S019
-20.55,0.52,36.04222288416272,0.010432119204072542,53.99010040055415,30.89,3.0,headache,S019
25.03,0.52,35.920823913460545,-0.011573826770423373,54.00985698790327,30.89,3.0,headache,S019
3.77,0.53,35.81454332472052,0.012570642011188899,53.99015888151612,30.89,3.0,headache,S019
-19.28,0.52,35.999930443423025,-0.013598321134753656,54.00984684162815,30.89,3.0,headache,S019
18.03,0.52,35.993659914979155,0.014826038573753085,53.99012934190947,30.89,3.0,headache,S019
9.97,0.53,36.00702374663892,-0.01650894060645177,54.009910059425394,30.89,3.0,headache,S019
-17.56,0.52,35.99331388714354,0.019187489675240532,53.99003690847021,30.91,3.0,headache,S019
9.79,0.52,36.00539057365115,-0.024426516388848303,54.010028005737695,30.91,3.0,headache,S019
13.81,0.52,35.99916766303074,0.03957608320494459,53.98989710231912,30.91,3.0,headache,S019
-16.78,0.53,36.1339387461349,-0.3095416000000228,54.01018522203148,30.91,3.0,headache,S019
9.15,0.52,35.9822271855333,0.033642066363068844,53.98972899903519,30.89,3.0,headache,S019
17.22,0.52,36.01397907748219,-0.00012114580323848855,54.01035335627311,30.89,3.0,headache,S019
-17.71,0.52,35.9873495879129,0.0018468119679265517,53.9895804965654,30.89,3.0,headache,S019
-0.83,0.52,36.01196220743711,-0.00344134520200562,54.010443939546846,30.89,3.0,headache,S019
4.41,0.52,35.98846856023987,0.0045629413031767554,53.98962909296746,30.87,3.0,headache,S019
-15.6,0.52,36.01122821543252,-0.005369759459547364,54.01006024248425,30.87,3.0,headache,S019
7.31,0.52,35.98900357643858,0.005973444193819801,53.990936772452464,30.87,3.0,headache,S019
-9.42,0.52,36.01080785475002,-0.00644122843953555,54.004948709979594,30.87,3.0,headache,S019
-11.13,0.52,35.98935328062913,0.006814354804552789,53.86120785897095,30.87,3.0,headache,S019
20.5,0.52,36.0105034117053,-0.007119156223068158,54.0235677816134,30.87,3.0,headache,S019
-16.49,0.52,35.98962833719753,0.007373126612284791,53.97916603512051,30.87,3.0,headache,S019
1.05,0.52,36.01024711055176,-0.007588305199633926,54.02092104866764,30.87,3.0,headache,S019
10.06,0.52,35.98987347639437,0.0077732344440641366,53.977844251190774,30.87,3.0,headache,S019
-15.8,0.52,36.0100073502302,-0.007934137569130105,54.02447789302133,30.87,3.0,headache,S019
9.49,0.52,35.99011256242274,0.008075652819504425,53.97149018334933,30.87,3.0,headache,S019
-7.41,0.52,36.00976484312246,-0.008201306438844883,54.0365751350361,30.87,3.0,headache,S019
-6.04,0.52,35.9903623044528,0.008313826285651079,53.93512773732405,30.87,3.0,headache,S019
17.26,0.52,36.00950407951524,-0.008415355195522896,53.88560903373991,30.87,3.0,headache,S019
-11.82,0.52,35.99063807306019,0.008507599497330645,53.761034340287324,30.87,3.0,headache,S019
-2.9,0.52,36.009208900457175,-0.008591934526321478,53.89148085648064,30.87,3.0,headache,S019
17.92,0.52,35.990957745513136,0.008669480972887708,53.92647852589463,30.87,3.0,headache,S019
-16.05,0.52,36.00885865567016,-0.008741161048251365,53.93535723037147,30.87,3.0,headache,S019
8.06,0.52,35.99134606331689,0.00880774042461721,54.03088297155162,30.87,3.0,headache,S019
12.23,0.52,36.00842274293243,-0.008869859980823656,53.979067657207935,30.87,3.0,headache,S019
-21.18,0.52,35.991841994753855,0.008928060130807856,54.01692769573625,30.87,3.0,headache,S019
11.64,0.52,36.00785012252311,-0.008982799680252323,53.98170694888491,30.87,3.0,headache,S019
8.11,0.51,35.99251435687695,0.009034470594964823,53.88264097122597,30.87,3.0,headache,S019
-17.37,0.52,36.00704503965353,-0.009083409678754335,54.003186843288546,30.87,3.0,headache,S019
17.82,0.52,35.99350124998147,0.009129907889637742,53.99935743054259,30.89,3.0,headache,S019
17.7,0.52,36.00579966736164,-0.009174217833300002,54.00038339174708,30.89,3.0,headache,S019
-24.69,0.52,35.99513229790853,0.009216559836478675,53.999375258142514,30.89,3.0,headache,S019
2.07,0.52,36.00355455728881,-0.009257126904515085,54.00103625506664,30.89,3.0,headache,S019
23.92,0.52,35.99844892306051,0.009296088794984255,53.998471499160466,30.89,3.0,headache,S019
-18.39,0.52,35.998087151688225,-0.009333595385828753,54.00201126354512,30.89,3.0,headache,S019
2.04,0.52,36.009440349794815,0.009369779476371161,53.99835970966463,30.89,3.0,headache,S019
23.34,0.52,35.96104726817731,-0.009404759129555232,53.89012308254183,30.89,3.0,headache,S019
-10.1,0.52,35.88462453615695,0.009438639640509774,53.95065534016774,30.87,3.0,headache,S019
-14.6,0.52,36.03583144377341,-0.00947151519920785,53.88781452098963,30.87,3.0,headache,S019
22.09,0.52,35.975221042084684,0.009503470301123492,54.042243783899394,30.87,3.0,headache,S019
-14.4,0.52,36.02032804208736,-0.009534580949313585,53.92618719527728,30.87,3.0,headache,S019
-6.93,0.52,35.98211189614591,0.009564915682902657,53.896966603598145,30.87,3.0,headache,S019
18.64,0.52,36.01631867842735,-0.009594536460579825,53.89520928517718,30.87,3.0,headache,S019
-8.28,0.52,35.98480022483141,0.009623499422214904,54.025184450503595,30.87,3.0,headache,S019
-12.72,0.52,36.01433944010762,-0.009651855547850993,53.87854836015568,30.87,3.0,headache,S019
13.96,0.52,35.98636368959963,0.009679651229700707,53.97711536883001,30.89,3.0,headache,S019
-8.64,0.52,36.01303049677867,-0.009706928770293085,54.00641020551647,30.89,3.0,headache,S019
-4.16,0.52,35.98751718805925,0.009733726817573425,54.005519706715134,30.89,3.0,headache,S019
6.7,0.52,36.011964709405454,-0.009760080746075617,53.89211408007515,30.89,3.0,headache,S019
-11.87,0.52,35.988547320636805,0.00978602299176602,53.96523368044554,30.89,3.0,headache,S019
-11.23,0.52,36.01092448445789,-0.009811583346972949,54.01620762478973,30.89,3.0,headache,S019
10.7,0.52,35.98964413650994,0.009836789220820288,53.8531877216915,30.89,3.0,headache,S019
-11.17,0.52,36.009716628116195,-0.009861665869776255,54.03147422934946,30.89,3.0,headache,S019
-5.1,0.52,35.99103526610227,0.009886236602202282,53.96917742102828,30.87,3.0,headache,S019
13.01,0.52,36.008035593301585,-0.009910522960279111,54.03973823247667,30.87,3.0,headache,S019
-19.27,0.52,35.99317985673456,0.009934544882112711,53.89818277128011,30.87,3.0,headache,S019
-4.57,0.52,36.005113637177985,-0.009958320846536606,53.942555800043834,30.87,3.0,headache,S019
13.2,0.52,35.99752481966996,0.009981868002681379,54.01492615192534,30.87,3.0,headache,S019
-15.51,0.52,35.99774049040721,-0.010005202286144946,53.994193494275066,30.87,3.0,headache,S019
3.73,0.52,36.01351235046274,0.01002833852334856,54.001950868517525,30.87,3.0,headache,S019
10.9,0.52,35.92296540155607,-0.010051290525456422,54.00013497989972,30.87,3.0,headache,S019
-23.64,0.52,35.91872294989066,0.010074071173029237,53.99857442511057,30.89,3.0,headache,S019
13.24,0.52,36.038122090838904,-0.01009669249247671,54.00229662394631,30.89,3.0,headache,S019
6.99,0.52,35.97151545944913,0.010119165725196793,53.99707773753019,30.89,3.0,headache,S019
-19.74,0.52,36.02421815238013,-0.01014150139022355,54.003393580294656,30.89,3.0,headache,S019
12.31,0.52,35.97819954119677,0.010163709341041745,53.99623747063902,30.87,3.0,headache,S019
6.43,0.52,36.0202373734416,-0.010185798817234033,54.00406074498369,30.87,3.0,headache,S019
-16.99,0.52,35.980860338324916,0.010207778491467617,53.99569148257099,30.87,3.0,headache,S019
15.75,0.52,36.01832356903299,-0.010229656512288783,54.00451943053075,30.87,3.0,headache,S019
5.96,0.52,35.98230901724917,0.010251440543216746,53.995297079656794,30.89,3.0,headache,S019
-17.04,0.52,36.01718470765108,-0.010273137798396734,54.00486576386735,30.89,3.0,headache,S019
11.52,0.52,35.98323087770361,0.010294755075266795,53.99498701413065,30.89,3.0,headache,S019
-2.92,0.52,36.01642086318593,-0.01031629878445931,54.00514843469722,30.89,3.0,headache,S019
-10.14,0.53,35.98387604625687,0.010337774977218203,53.99472483678212,30.91,3.0,headache,S019
28.34,0.52,36.01586708580119,-0.01035918937056786,54.005395692499235,30.91,3.0,headache,S019
-18.68,0.52,35.98435798029191,0.010380547370464626,53.994487795105286,30.91,3.0,headache,S019
-7.67,0.52,36.01544260028935,-0.010401854093082365,54.00562669651802,30.91,3.0,headache,S019
23.92,0.52,35.98473587141216,0.010423114384427997,53.9942588895771,30.87,3.0,headache,S019
-15.31,0.52,36.01510294768956,-0.010444332838435192,54.00585746816291,30.87,3.0,headache,S019
-0.28,0.52,35.98504383803465,0.01046551381365027,53.99402198229505,30.87,3.0,headache,S019
16.13,0.52,36.01482144202098,-0.010486661448686587,54.00610542013359,30.87,3.0,headache,S019
-12.32,0.52,35.985303113810374,0.010507779676469717,53.99375699205015,30.85,3.0,headache,S019
5.42,0.52,36.014580920209774,-0.010528872237477442,54.00639516824342,30.85,3.0,headache,S019
12.3,0.52,35.98552777677338,0.010549942691975499,53.99343205628424,30.85,3.0,headache,S019
-24.6,0.52,36.01436967227386,-0.010570994431386926,54.00677002360015,30.85,3.0,headache,S019
12.33,0.52,35.98572770006399,0.010592030688845856,53.99298553842194,30.87,3.0,headache,S019
20.3,0.52,36.014179261539276,-0.010613054548997823,54.00732182426367,30.87,3.0,headache,S019
-22.36,0.52,35.985910190692266,0.01063406895713555,53.99227364744895,30.87,3.0,headache,S019
10.11,0.52,36.01400327165135,-0.01065507672768194,54.008289037339864,30.87,3.0,headache,S019
14.45,0.52,35.98608096374804,0.010676080552120961,53.99087156616174,30.89,3.0,headache,S019
-19.01,0.52,36.01383653595455,-0.010697083006353653,54.01050439817759,30.89,3.0,headache,S019
7.31,0.52,35.98624476328837,0.010718086557649902,53.98690162257353,30.89,3.0,headache,S019
15.44,0.52,36.01367462699115,-0.010739093571022722,54.01933867630556,30.89,3.0,headache,S019
-28.56,0.52,35.986405791826854,0.010760106315303355,53.95308853892325,30.87,3.0,headache,S019
13.67,0.52,36.01351348553402,-0.010781126968762695,53.88597336251446,30.87,3.0,headache,S019
17.97,0.53,35.98656804053819,0.010802157624397006,53.903238025669665,30.87,3.0,headache,S019
-21.06,0.52,36.01334911656441,-0.010823200294881354,53.988831111781614,30.87,3.0,headache,S019
9.66,0.52,35.98673557966791,0.010844256917231175,54.020855248962484,30.85,3.0,headache,S019
14.18,0.52,36.013177300986975,-0.01086532935715685,53.89900819495529,30.85,3.0,headache,S019
-16.29,0.52,35.98691285589693,0.010886419413186027,53.943872699837705,30.85,3.0,headache,S019
4.56,0.53,36.01299327750003,-0.010907528820510567,54.03868191290368,30.85,3.0,headache,S019
10.95,0.52,35.98710504420672,0.010928659254661195,53.88816149613838,30.87,3.0,headache,S019
-22.15,0.52,36.012791341814676,-0.010949812334904963,53.950384198258874,30.87,3.0,headache,S019
7.95,0.52,35.987318516125306,0.01097098962751581,54.037363823240256,30.87,3.0,headache,S019
11.85,0.52,36.012564287496254,-0.010992192648827323,53.84988163351456,30.87,3.0,headache,S019
-24.94,0.52,35.9875615202382,0.011013422868127747,53.86229294445441,30.87,3.0,headache,S019
8.21,0.52,36.012302563712055,-0.011034681710407704,53.992696673905854,30.87,3.0,headache,S019
11.45,0.52,35.9878452407933,0.011055970558969763,53.812981364692554,30.87,3.0,headache,S019
-16.95,0.52,36.011992925135836,-0.01107729075787807,53.96563202624015,30.87,3.0,headache,S019
11.05,0.52,35.988185544430216,0.011098643614321809,53.9837134181601,30.89,3.0,headache,S019
3.96,0.52,36.01161613889849,-0.011120030400849596,54.03100267556145,30.89,3.0,headache,S019
-17.62,0.52,35.98860603655355,0.011141452357474524,53.820170607966425,30.89,3.0,headache,S019
11.09,0.52,36.01114284408136,-0.011162910693733956,53.892522755455424,30.89,3.0,headache,S019
-2.07,0.52,35.98914377051503,0.011184406590609576,54.029890738071146,30.87,3.0,headache,S019
-16.31,0.52,36.01052552439509,-0.011205941202386762,53.96621679745424,30.87,3.0,headache,S019
21.55,0.52,35.98986078369699,0.011227515658441026,53.881885134344614,30.87,3.0,headache,S019
-9.05,0.52,36.00968151362918,-0.011249131064939851,54.02581922373129,30.87,3.0,headache,S019
-11.97,0.52,35.990869856396955,0.011270788506484875,53.86395917638772,30.89,3.0,headache,S019
19.86,0.52,36.00845263539505,-0.011292489047710843,53.9981517607975,30.89,3.0,headache,S019
-8.27,0.52,35.992400284763015,0.011314233734789568,53.86481269704413,30.89,3.0,headache,S019
-10.38,0.52,36.00649280561565,-0.011336023596938432,54.02163124470266,30.89,3.0,headache,S019
21.52,0.52,35.99500158597686,0.011357859647831989,53.981222714779655,30.85,3.0,headache,S019
-9.53,0.52,36.002869968393455,-0.011379742887007667,54.018964629414505,30.85,3.0,headache,S019
-17.19,0.52,36.00040416562594,0.011401674301228135,53.97954033118016,30.85,3.0,headache,S019
21.58,0.52,35.99391193631363,-0.011423654865792875,54.023338786409674,30.85,3.0,headache,S019
-1.51,0.52,36.01838855680389,0.011445685545853315,53.97133719740637,30.89,3.0,headache,S019
-13.1,0.52,35.93491987971237,-0.0114677672976738,54.04045233790505,30.89,3.0,headache,S019
23.0,0.52,35.764001792172266,0.011489901069891994,53.909491967768005,30.89,3.0,headache,S019
-1.16,0.53,36.060403807216666,-0.011512087804755582,53.94159026456317,30.89,3.0,headache,S019
-16.47,0.52,35.95953022763985,0.01153432843933527,53.91731402671691,30.89,3.0,headache,S019
13.74,0.52,36.03273285980216,-0.011556623906763546,53.93523675637057,30.89,3.0,headache,S019
-3.9,0.52,35.97137788150326,0.01157897513739947,53.899114128191286,30.89,3.0,headache,S019
-11.76,0.52,36.026074080668884,-0.01160138306008599,53.995635395258226,30.89,3.0,headache,S019
17.76,0.52,35.97565849171501,0.011623848603309268,54.00368305236223,30.89,3.0,headache,S019
-9.03,0.52,36.02308818058974,-0.011646372696438735,53.99795908422123,30.89,3.0,headache,S019
-9.8,0.52,35.977859558943486,0.01166895627092569,54.000552588580724,30.89,3.0,headache,S019
18.35,0.52,36.02139953626462,-0.011691600261548077,54.00076452832745,30.89,3.0,headache,S019
-5.95,0.52,35.979194840847555,0.01171430560763534,53.99800156025666,30.89,3.0,headache,S019
-14.56,0.52,36.02031839710083,-0.011737073254349814,54.003262409667876,30.89,3.0,headache,S019
15.61,0.53,35.98008698360956,0.011759904153962263,53.99527958697441,30.89,3.0,headache,S019
-2.33,0.52,36.01957068640915,-0.011782799267156767,54.00668835416321,30.89,3.0,headache,S019
-12.17,0.52,35.98072178859543,0.011805759564389832,53.98999025782911,30.87,3.0,headache,S019
7.03,0.52,36.01902584968714,-0.011828786027250144,54.01833985951422,30.87,3.0,headache,S019
5.96,0.52,35.981193747481456,0.011851879649875791,53.879832766077705,30.87,3.0,headache,S019
-15.47,0.52,36.018613771564056,-0.011875041440422824,53.97669231503788,30.87,3.0,headache,S019
7.64,0.52,35.981556006274324,0.011898272422559702,54.00963077451272,30.89,3.0,headache,S019
3.27,0.52,36.01829342077609,-0.011921573637036262,53.99447393013375,30.89,3.0,headache,S019
-13.85,0.51,35.98184075620256,0.011944946143293793,54.00351226663191,30.89,3.0,headache,S019
3.48,0.52,36.01803918123226,-0.011968391021154804,53.997695537115455,30.89,3.0,headache,S019
9.95,0.52,35.982068639445636,0.011991909372564153,54.00149900778924,30.85,3.0,headache,S019
-17.58,0.51,36.017834230441935,-0.012015502323434946,53.99907129057265,30.85,3.0,headache,S019
-4.46,0.51,35.98225350534363,0.012039171025532775,54.00051224421449,30.85,3.0,headache,S019
14.14,0.52,36.017667061615875,-0.012062916658506968,53.999794047116225,30.85,3.0,headache,S019
-7.66,0.52,35.98240499451778,0.012086740431959104,53.999985142799794,30.87,3.0,headache,S019
-11.63,0.51,36.017529535806645,-0.01211064358766624,54.00016412606694,30.87,3.0,headache,S019
16.47,0.52,35.98253002638512,0.012134627401885811,53.999751094283816,30.87,3.0,headache,S019
-2.04,0.52,36.01741573239308,-0.01215869318780659,54.000271146788116,30.87,3.0,headache,S019
-13.49,0.51,35.982633697159514,0.012182842298100995,53.999771697638955,30.85,3.0,headache,S019
8.5,0.51,36.01732124054656,-0.012207076127670517,54.000113052736786,30.85,3.0,headache,S019
3.98,0.52,35.98271984404238,0.012231396116488978,54.00008789594459,30.85,3.0,headache,S019
-20.31,0.51,36.01724270615261,-0.012255803752653324,53.9996036539587,30.85,3.0,headache,S019
10.14,0.51,35.98279141194297,0.012280300575612106,54.000847494063656,30.85,3.0,headache,S019
16.55,0.52,36.01717753281135,-0.012304888179554422,53.99850044569869,30.85,3.0,headache,S019
-19.13,0.51,35.982850698930406,0.012329568217063191,54.002454098073734,30.85,3.0,headache,S019
4.7,0.51,36.01712367905491,-0.012354342402943235,53.99609595394081,30.85,3.0,headache,S019
14.67,0.51,35.98289952476757,0.012379212518330653,54.00626679056736,30.85,3.0,headache,S019
-16.29,0.52,36.01707951749053,-0.0124041804150535,53.9893413155595,30.85,3.0,headache,S019
1.03,0.51,35.98293934925843,0.012429248020277717,54.02155284357725,30.85,3.0,headache,S019
23.24,0.51,36.01704373487099,-0.012454417341468944,53.89573283362024,30.85,3.0,headache,S019
-14.27,0.51,35.98297135702249,0.012479690471681994,53.83658286293475,30.87,3.0,headache,S019
-13.01,0.51,36.01701525985674,-0.012505069595225217,53.99002916518079,30.87,3.0,headache,S019
23.23,0.51,35.982996519309154,0.012530556993695761,53.86700144003301,30.87,3.0,headache,S019
-1.24,0.51,36.01699320991098,-0.012556155052472182,54.03442969619106,30.87,3.0,headache,S019
-19.28,0.51,35.98301563979243,0.012581866267634464,53.975600400838665,30.87,3.0,headache,S019
17.24,0.51,36.016976851666065,-0.012607693253411819,54.02046163195711,30.87,3.0,headache,S019
1.76,0.52,35.98302938898979,0.012633638750159073,53.981571257335894,30.87,3.0,headache,S019
-10.19,0.51,36.01696557093719,-0.012659705632924076,54.01728752611027,30.87,3.0,headache,S019
14.41,0.51,35.98303833046781,0.012685896920659263,53.98333096361517,30.87,3.0,headache,S019
4.69,0.51,36.01695884975212,-0.012712215786146617,54.016415071589016,30.87,3.0,headache,S019
-25.41,0.51,35.98304294103232,0.012738665566638087,53.98353946084869,30.87,3.0,headache,S019
11.49,0.51,36.01695624855796,-0.012765249775388395,54.01679533339016,30.87,3.0,headache,S019
3.76,0.51,35.98304362645049,0.012791972114031016,53.982548645443046,30.87,3.0,headache,S019
-16.15,0.51,36.01695739229503,-0.012818836485989213,54.01846846003658,30.87,3.0,headache,S019
15.25,0.51,35.98304073381374,0.012845847010917975,53.98061521939562,30.87,3.0,headache,S019
10.33,0.51,36.01696195939736,-0.012873008040383506,53.90773752511441,30.87,3.0,headache,S019
-12.28,0.51,35.98303456134514,0.012900324174770335,53.93110523998727,30.85,3.0,headache,S019
7.92,0.51,36.01696967303108,-0.01292780028165322,53.91117586436411,30.85,3.0,headache,S019
25.54,0.51,35.98302536624129,0.01295544151570132,54.01174656816626,30.85,3.0,headache,S019
-8.75,0.51,36.01698029406333,-0.012983253340285977,53.99912784028958,30.85,3.0,headache,S019
-11.08,0.51,35.98301337098707,0.013011241550971612,53.99637262323153,30.85,3.0,headache,S019
15.45,0.51,36.016993615381885,-0.013039412301067947,54.00627213814902,30.85,3.0,headache,S019
3.46,0.51,35.98299876847217,0.013067772129456636,53.99180579149578,30.85,3.0,headache,S019
-18.13,0.51,36.017009457280736,-0.013096327990933163,54.0098337130639,30.85,3.0,headache,S019
3.76,0.51,35.982981726157995,0.013125087289324102,53.98856750420632,30.89,3.0,headache,S019
3.64,0.51,36.01702766369343,-0.013154057913668003,54.01318945962844,30.89,3.0,headache,S019
-18.65,0.51,35.98296238948535,0.01318324827780427,53.98464150385137,30.89,3.0,headache,S019
11.94,0.51,36.01704809910821,-0.013212667363740629,54.01840791410368,30.89,3.0,headache,S019
8.07,0.51,35.98294088466833,0.01324232476920098,53.97648226322152,30.87,3.0,headache,S019
-17.56,0.51,36.01707064603641,-0.013272230759846564,54.0351453134477,30.87,3.0,headache,S019
9.75,0.51,35.98291732098822,0.013302396326704331,53.899548706523085,30.87,3.0,headache,S019
2.5,0.51,36.01709520293506,-0.013332833249380243,53.94249325922745,30.87,3.0,headache,S019
-12.27,0.51,35.98289179267398,0.013363554165776231,54.015965014012856,30.83,3.0,headache,S019
5.24,0.51,36.01712168250611,-0.013394572649072354,53.992296655024155,30.83,3.0,headache,S019
-3.01,0.51,35.98286438043812,0.013425903292837953,54.00803021482757,30.83,3.0,headache,S019
-14.96,0.51,36.0171500103124,-0.013457561805346543,53.96822842750073,30.83,3.0,headache,S019
21.31,0.52,35.98283515271999,0.01348956511414877,53.86693987744183,30.87,3.0,headache,S019
-6.69,0.51,36.01718012366487,-0.013521931482334664,54.074656054854415,30.87,3.0,headache,S019
-14.09,0.51,35.9828041666774,0.01355468063790121,53.85737510157763,30.87,3.0,headache,S019
19.15,0.51,36.017211970744896,-0.013587833918056682,53.82407569781912,30.87,3.0,headache,S019
-1.2,0.51,35.98277146895663,0.013621414430401583,54.04618076246757,30.87,3.0,headache,S019
-13.6,0.51,36.017245509936096,-0.013655447233375369,53.87682483853896,30.87,3.0,headache,S019
17.33,0.51,35.98273709626316,0.013689959538628999,53.964325506726155,30.87,3.0,headache,S019
-1.73,0.51,36.01728070934741,-0.013724980938480371,54.04265392349592,30.87,3.0,headache,S019
-18.76,0.51,35.98270107574785,0.013760543662106307,53.865693530500664,30.87,3.0,headache,S019
16.77,0.51,36.0173175465157,-0.01379668286475902,54.00273992364816,30.87,3.0,headache,S019
4.15,0.51,35.982663425216934,0.013833436955017717,53.858630267511444,30.87,3.0,headache,S019
-17.71,0.51,36.017356008282704,-0.01387084796600132,53.83134374231874,30.87,3.0,headache,S019
10.54,0.51,35.98262415316777,0.013908961977497438,54.064871753849076,30.87,3.0,headache,S019
11.62,0.51,36.01739609084738,-0.01394782959729302,53.9573790234002,30.87,3.0,headache,S019
-16.37,0.52,35.9825832586463,0.01398750651153645,54.03266752231005,30.87,3.0,headache,S019
-0.8,0.51,36.01743780000155,-0.01402805411585215,53.97297776814189,30.87,3.0,headache,S019
16.38,0.51,35.98254073091516,0.014069540241275125,54.0234372423072,30.87,3.0,headache,S019
-10.72,0.51,36.017481151562784,-0.014112039991969324,53.97897040787236,30.87,3.0,headache,S019
-5.02,0.51,35.9824965489138,0.01415563671509971,54.01938633510081,30.87,3.0,headache,S019
7.86,0.51,36.017526172027644,-0.01420042312779982,53.98170228407533,30.87,3.0,headache,S019
-7.09,0.51,35.982450680483666,0.014246502631461287,54.01766058651268,30.85,3.0,headache,S019
-8.64,0.51,36.01757289947807,-0.014293990850538158,53.982556720270026,30.85,3.0,headache,S019
14.78,0.51,35.982403081319546,0.014343017441689383,54.01768341791342,30.85,3.0,headache,S019
-10.59,0.51,36.0176213847848,-0.014393728230009737,53.981477144739536,30.85,3.0,headache,S019
-12.27,0.51,35.982353693595975,0.014446287743226956,54.02033228322468,30.87,3.0,headache,S019
19.1,0.51,36.01767169316877,-0.014500882232693295,53.97581635675838,30.87,3.0,headache,S019
-8.13,0.51,35.98230244419857,0.01455772329348295,54.03455291171741,30.87,3.0,headache,S019
-12.06,0.51,36.01772390619986,-0.014617052226405915,53.881765157483734,30.87,3.0,headache,S019
18.49,0.51,35.98224924246823,0.01467914532502428,53.964791253454116,30.85,3.0,headache,S019
-12.43,0.51,36.01777812434056,-0.014744320324210495,54.01208581043287,30.85,3.0,headache,S019
-8.79,0.51,35.982193977334575,0.014812944318427213,53.97465546907629,30.85,3.0,headache,S019
21.68,0.51,36.01783447017609,-0.014885443555014375,53.81757337680487,30.85,3.0,headache,S019
-12.59,0.51,35.982136513674355,0.014962315640590211,53.95246746929411,30.87,3.0,headache,S019
-11.04,0.51,36.01789309252277,-0.015044144882577364,53.98260394384348,30.87,3.0,headache,S019
24.49,0.51,35.982076687672645,0.015131621745691359,53.872938229903916,30.87,3.0,headache,S019
-4.4,0.51,36.0179541716718,-0.015225567769278928,53.89086920538929,30.87,3.0,headache,S019
-10.39,0.51,35.982014300886796,0.015326967819036273,54.01284026625131,30.85,3.0,headache,S019
14.07,0.51,36.01801792611971,-0.015437012318731316,53.88644913131182,30.85,3.0,headache,S019
-5.33,0.51,35.98194911260171,0.015557153257157981,53.7977771947607,30.85,3.0,headache,S019
-8.0,0.5,36.01808462126849,-0.015689179509322866,53.73728214030629,30.85,3.0,headache,S019
24.94,0.51,35.981880829907894,0.015835319710800412,53.953437232402955,30.87,3.0,headache,S019
-6.99,0.51,36.01815458076633,-0.01599838520083364,53.87910718855114,30.87,3.0,headache,S019
-21.7,0.5,35.981809094707295,0.016181972496722142,53.99347376547277,30.87,3.0,headache,S019
25.96,0.51,36.018228201434574,-0.016390756370668336,53.90972461947136,30.87,3.0,headache,S019
2.85,0.51,35.981733466520105,0.016630924625484718,53.822818641185776,30.87,3.0,headache,S019
-14.9,0.5,36.01830597312796,-0.01691084148259217,54.018512908866526,30.87,3.0,headache,S019
17.05,0.51,35.98165339947507,0.017242093269571553,53.98851358612415,30.87,3.0,headache,S019
-3.07,0.51,36.01838850547606,-0.01764120071333548,54.00555800927344,30.87,3.0,headache,S019
-15.03,0.51,35.98156821112917,0.018132552497089314,54.00315401161453,30.87,3.0,headache,S019
20.99,0.51,36.01847656436353,-0.018753713325110916,53.85871050891794,30.87,3.0,headache,S019
-9.65,0.51,35.98147703963634,0.01956569838897003,53.86437942333742,30.87,3.0,headache,S019
-8.96,0.5,36.018571122401674,-0.020674636801153844,54.038498624877235,30.87,3.0,headache,S019
18.69,0.51,35.9813787840476,0.02228288974207949,53.96835994927818,30.85,3.0,headache,S019
-10.63,0.51,36.0186734298174,-0.024830035667974162,54.03654516887922,30.85,3.0,headache,S019
-5.93,0.51,35.98127201980555,0.02948443034111953,53.919346859591386,30.85,3.0,headache,S019
10.28,0.5,36.018785115590504,-0.040722175120825495,53.91844281412689,30.85,3.0,headache,S019
-5.83,0.51,35.98115487722365,0.1063793008354627,54.02682217201319,30.83,3.0,headache,S019
-4.99,0.51,36.018908334024786,0.05163916812167682,53.978637036308044,30.83,3.0,headache,S019
13.95,0.5,35.98102486406912,-0.010526803958522858,54.02802172799286,30.83,3.0,headache,S019
-19.05,0.51,36.019045980172145,0.001199696803045789,53.92498393040846,30.83,3.0,headache,S019
0.6,0.51,35.98087860337741,0.002924256526321429,53.919554201121066,30.87,3.0,headache,S019
16.69,0.5,36.019202009265655,-0.005247061819271273,53.92803756434697,30.87,3.0,headache,S019
-12.09,0.51,35.980711444697256,0.006735034509250621,53.835797646701664,30.87,3.0,headache,S019
-0.4,0.51,36.01938190761209,-0.007767636447221783,54.006395302515365,30.87,3.0,headache,S019
14.8,0.5,35.98051689999373,0.008524216684171564,53.98062020460229,30.85,3.0,headache,S019
-18.84,0.5,36.01959335297344,-0.009100526274912188,53.88420665701454,30.85,3.0,headache,S019
6.92,0.5,35.980285906630755,0.009552312550554878,53.83887327483776,30.85,3.0,headache,S019
7.81,0.51,36.019846951516705,-0.009914206661837274,53.8912704078103,30.85,3.0,headache,S019
-20.97,0.5,35.9800063049651,0.010208830180545405,54.04820694706208,30.85,3.0,headache,S019
8.14,0.5,36.02015599835486,-0.01045156010729357,53.872940844754034,30.85,3.0,headache,S019
14.73,0.51,35.97966521235185,0.010653188957000119,53.98156653016144,30.85,3.0,headache,S019
-22.33,0.5,36.020528448435726,-0.010821489916049495,53.92956257167943,30.85,3.0,headache,S019
4.93,0.51,35.97927223833526,0.010962178669878657,53.917296372741106,30.85,3.0,headache,S019
3.13,0.51,36.020900305891246,-0.011079526376768213,54.0403538816099,30.85,3.0,headache,S019
-16.02,0.5,35.979065522241115,0.011176762480932217,53.96882035523669,30.85,3.0,headache,S019
11.99,0.5,36.02037675009357,-0.011256346331945928,54.02851590678262,30.85,3.0,headache,S019
2.48,0.51,35.98374767879174,0.01132015428753578,53.97015369484121,30.85,3.0,headache,S019
-21.02,0.51,36.15533978616136,-0.011369610793824482,54.03862862489105,30.85,3.0,headache,S019
17.03,0.5,35.95000564369387,0.011405781323867126,53.87799104605657,30.85,3.0,headache,S019
15.3,0.51,36.07611894173014,-0.011429438657112805,53.96880982035228,30.85,3.0,headache,S019
-21.07,0.51,35.96275539799016,0.011441110008305645,54.005902377752136,30.87,3.0,headache,S019
6.15,0.5,35.98644860865677,-0.01144110997273243,54.00214890883492,30.87,3.0,headache,S019
5.38,0.51,35.99766901346795,0.011429562579007827,53.87506141732764,30.87,3.0,headache,S019
-19.57,0.51,36.007641074071834,-0.011406414595473525,53.99671204837043,30.87,3.0,headache,S019
19.39,0.51,35.98971214008559,0.011371441416803112,54.00030081823335,30.87,3.0,headache,S019
-8.52,0.5,36.01185528848386,-0.01132424623247791,54.0009170726974,30.87,3.0,headache,S019
-13.62,0.51,35.98712256610895,0.011264252658634578,53.99782888406025,30.87,3.0,headache,S019
17.85,0.51,36.013583756140946,-0.0111906905318815,54.006440990542686,30.87,3.0,headache,S019
-4.15,0.51,35.985911938750135,0.0111025740583668,53.94443133503004,30.85,3.0,headache,S019
2.17,0.51,36.01445209344091,-0.010998670922126036,53.819426029347795,30.85,3.0,headache,S019
15.46,0.51,35.98528900689718,0.010877460206944722,53.822357794400666,30.85,3.0,headache,S019
-16.33,0.51,36.01488467791977,-0.010737075970866669,54.06087625375176,30.85,3.0,headache,S019
8.54,0.5,35.985016814401206,0.010575231874731444,53.87604792321329,30.85,3.0,headache,S019
14.02,0.51,36.0150089891101,-0.010389120159594343,53.71854078931195,30.85,3.0,headache,S019
-11.94,0.51,35.98504260705718,0.010175275091524492,53.87154548350573,30.85,3.0,headache,S019
12.13,0.5,36.014815161217044,-0.009929386072797598,53.997155522667,30.85,3.0,headache,S019
-4.21,0.51,35.98544332189735,0.009646037788514777,53.85616853444732,30.87,3.0,headache,S019
-7.32,0.51,36.01413548823942,-0.009318341927171046,54.05609241671097,30.87,3.0,headache,S019
11.17,0.5,35.98653454231293,0.008937403299668736,53.919557567372436,30.87,3.0,headache,S019
-16.32,0.51,36.01237478380897,-0.008491525071960855,53.927601318332364,30.87,3.0,headache,S019
8.27,0.51,35.989525030165375,0.007964988090849336,53.96826908133779,30.85,3.0,headache,S019
4.67,0.5,36.00668374078727,-0.00733610531912618,53.88251775538329,30.85,3.0,headache,S019
-16.42,0.51,36.00348612600927,0.006573979826813559,54.04569788032144,30.85,3.0,headache,S019
15.88,0.51,35.912128279483255,-0.005632800450071262,53.92542487633926,30.85,3.0,headache,S019
-6.07,0.51,35.93492158222966,0.004441097970114563,53.83553506644819,30.85,3.0,headache,S019
-5.92,0.5,36.04063697424025,-0.002879651312348747,53.892773710254644,30.85,3.0,headache,S019
12.66,0.51,35.96484673864258,0.0007303471794059973,53.92943073382782,30.85,3.0,headache,S019
-12.52,0.51,36.03392132376653,0.0024640311929887814,54.043282151507704,30.85,3.0,headache,S019
2.34,0.51,35.96453817472006,-0.007901728114652293,53.88025706875945,30.85,3.0,headache,S019
10.09,0.51,36.04185223170036,0.020503356953226203,53.96336290478097,30.85,3.0,headache,S019
-8.95,0.51,35.92751529569398,-0.2497676306615533,54.01421348615676,30.85,3.0,headache,S019
-9.43,0.51,35.9157464274671,-0.009966235033539397,53.989926394453164,30.85,3.0,headache,S019
16.04,0.5,36.00939475047405,-0.07169287703072573,54.009856644940896,30.85,3.0,headache,S019
1.44,0.51,35.99978730233341,-0.08072254257487801,53.98772899007883,30.85,3.0,headache,S019
-7.65,0.51,35.99863449969587,0.036517785358239054,54.02027489153272,30.85,3.0,headache,S019
-0.07,0.5,35.998671156576066,-0.02381985748645404,53.87514011787958,30.85,3.0,headache,S019
5.26,0.51,36.011936166297794,0.015491343991572232,53.98440273042156,30.83,3.0,headache,S019
-10.93,0.51,35.82010845637039,-0.006643897714546604,53.99974437422172,30.83,3.0,headache,S019
-5.89,0.51,35.89091175950387,-0.00823960740024614,54.01108876211662,30.83,3.0,headache,S019
16.19,0.5,36.04988864224921,0.059575014764718826,53.965096371117525,30.83,3.0,headache,S019
-7.49,0.51,35.96099777338105,0.24237718490459925,53.89832151581468,30.83,3.0,headache,S019
-6.27,0.51,36.03479124890715,-0.07033818991731185,53.957873698764644,30.83,3.0,headache,S019
10.14,0.5,35.967152094558045,0.04924959914106782,53.892663026854954,30.83,3.0,headache,S019
-12.24,0.51,36.032018872995685,-0.04068959623475221,54.045941461299826,30.83,3.0,headache,S019
-1.07,0.51,35.96808368385661,0.03590982909218992,53.9668600492369,30.85,3.0,headache,S019
14.49,0.5,36.03244540461158,-0.03276031243061943,54.027423503704775,30.85,3.0,headache,S019
-8.97,0.51,35.966287212201834,0.030429203746348908,53.97579547459421,30.85,3.0,headache,S019
-3.04,0.51,36.03611908573555,-0.028500133039466236,54.02219075983004,30.85,3.0,headache,S019
14.57,0.51,35.95916098909045,0.026643386290230185,53.97912807290638,30.83,3.0,headache,S019
-14.32,0.5,36.05242975886234,-0.024300850134077113,54.02000833610474,30.83,3.0,headache,S019
8.12,0.51,35.880300366874216,0.018868049640280625,53.98052236492481,30.83,3.0,headache,S019
5.58,0.51,35.96372237303815,-0.27490688072381564,54.01921834594578,30.83,3.0,headache,S019
-10.26,0.5,35.98941953340203,0.03263257240154834,53.980792586338815,30.83,3.0,headache,S019
3.1,0.51,35.88387154998592,-0.02931093386915436,54.01945328272643,30.83,3.0,headache,S019
-11.37,0.51,35.9993596786124,0.02785087592204687,53.9800001705319,30.83,3.0,headache,S019
-1.5,0.5,36.007871219438826,-0.026956133078972922,54.02094427214959,30.83,3.0,headache,S019
0.34,0.5,35.98894289736597,0.02632076173669661,53.977515655748626,30.85,3.0,headache,S019
-17.75,0.51,36.01294094485655,-0.02583287076259893,54.02504762405187,30.85,3.0,headache,S019
11.91,0.51,35.985792707645274,0.0254404795760652,53.9702773650591,30.85,3.0,headache,S019
1.59,0.5,36.01512446882554,-0.02511542398421063,54.040349289877604,30.85,3.0,headache,S019
-10.93,0.51,35.98417706824059,0.024840714335799624,53.91086761691341,30.83,3.0,headache,S019
16.86,0.51,36.016374770707884,-0.02460526453357454,53.81390216136402,30.83,3.0,headache,S019
-8.18,0.5,35.983176612298614,0.024401399326439543,53.98196901631179,30.83,3.0,headache,S019
1.01,0.52,36.01719658395482,-0.02422355652264303,53.878710107357435,30.83,3.0,headache,S019
19.85,0.51,35.9824869714358,0.024067557884821265,54.023294430394486,30.83,3.0,headache,S019
-14.12,0.5,36.01778573551667,-0.02393017340519673,53.987281330719966,30.83,3.0,headache,S019
-4.02,0.5,35.981975943011314,0.023808847264643822,54.00939146078368,30.83,3.0,headache,S019
20.13,0.51,36.018234886163995,-0.02370151794661974,53.99014623659393,30.83,3.0,headache,S019
-11.33,0.51,35.981576585896505,0.023606495802975937,54.01755502126969,30.83,3.0,headache,S019
-9.63,0.5,36.01859362295192,-0.023522377107785805,53.80397165070443,30.83,3.0,headache,S019
21.11,0.51,35.98125138298226,0.023447982100896478,53.876149515842556,30.83,3.0,headache,S019
-2.73,0.51,36.01889085077702,-0.023382309286589756,53.92678058809392,30.83,3.0,headache,S019
-14.25,0.5,35.98097771056939,0.02332450104116797,54.00659929715197,30.83,3.0,headache,S019
16.82,0.51,36.01914452420607,-0.023273817273383738,54.00060346807402,30.83,3.0,headache,S019
7.98,0.51,35.98074114338559,0.023229614938351673,53.99702291428041,30.83,3.0,headache,S019
-12.64,0.5,36.0193663609881,-0.023191331884811647,54.00412478741014,30.83,3.0,headache,S019
6.46,0.5,35.980532068446536,0.023158473963139917,53.995183067765375,30.83,3.0,headache,S019
13.52,0.51,36.019564318316135,-0.02313060462313786,54.005303778888724,30.83,3.0,headache,S019
-13.83,0.5,35.980343845264215,0.023107336438181855,53.99430803123755,30.83,3.0,headache,S019
-0.21,0.5,36.01974397929584,-0.023088324137505653,54.006041528472174,30.83,3.0,headache,S019
20.65,0.5,35.98017174752053,0.023073258832077066,53.993596590722895,30.83,3.0,headache,S019
-13.67,0.5,36.01990937024999,-0.02306186319440746,54.00685252301229,30.83,3.0,headache,S019
-13.21,0.5,35.9800123251552,0.02305388740752625,53.99242241027903,30.83,3.0,headache,S019
14.71,0.5,36.020063463484625,-0.023049105739384956,54.009462561907114,30.83,3.0,headache,S019
0.6,0.5,35.97986300454809,0.023047313629524533,53.86927615418275,30.83,3.0,headache,S019
-12.82,0.5,36.020208497880894,-0.02304832519830641,54.002135279704774,30.83,3.0,headache,S019
8.38,0.5,35.979721829474556,0.02305197110694315,53.99585118130953,30.83,3.0,headache,S019
4.26,0.5,36.02034618970606,-0.0230580967104864,54.00483648506866,30.83,3.0,headache,S019
-16.92,0.5,35.97958728840273,0.023066560456801034,53.9948060208483,30.85,3.0,headache,S019
7.16,0.5,36.02047787497829,-0.02307723249320186,54.00541583102949,30.85,3.0,headache,S019
4.49,0.5,35.979458196452946,0.023089993449176997,53.99443431557855,30.85,3.0,headache,S019
-17.05,0.5,36.02060460787467,-0.02310473336913668,54.005668932206845,30.85,3.0,headache,S019
7.45,0.5,35.9793336129353,0.023121350773543655,53.99426604029098,30.83,3.0,headache,S019
10.45,0.5,36.02072723016609,-0.02313975183023412,54.00575457483894,30.83,3.0,headache,S019
-16.76,0.5,35.97921278261751,0.023159849620816856,53.994303990116606,30.83,3.0,headache,S019
2.94,0.5,36.020846421110086,-0.023181563489258494,54.00542730496615,30.83,3.0,headache,S019
7.08,0.5,35.97909509316864,0.023204818461825448,53.995676363356495,30.83,3.0,headache,S019
-21.34,0.5,36.02096273388808,-0.023229544729132804,53.99636858903999,30.83,3.0,headache,S019
8.97,0.5,35.97898004384887,0.023255677182440034,53.77014455032551,30.83,3.0,headache,S019
11.46,0.5,36.02107662260277,-0.02328315499737285,53.983421580339744,30.83,3.0,headache,S019
-14.78,0.5,35.97886722215541,0.023311921259374483,54.001492769493915,30.85,3.0,headache,S019
8.99,0.5,36.021188462540906,-0.023341922625712365,54.0012785801346,30.85,3.0,headache,S019
8.17,0.5,35.978756286192024,0.02337310901987461,53.997828057264876,30.85,3.0,headache,S019
-10.19,0.5,36.02129856555491,-0.023405433354432032,54.002427063112336,30.85,3.0,headache,S019
8.96,0.5,35.97864695121603,0.02343885127917442,53.997663362789424,30.83,3.0,headache,S019
5.94,0.5,36.021407191855374,-0.02347332095163063,54.001964963298086,30.83,3.0,headache,S019
-24.28,0.5,35.97853897927952,0.023508802827394575,53.99872981627479,30.83,3.0,headache,S019
12.22,0.5,36.0215145591284,-0.023545259468148304,54.00009796803218,30.83,3.0,headache,S019
5.38,0.5,35.97843217119169,0.023582655365305148,54.0019306618307,30.85,3.0,headache,S019
-9.14,0.5,36.0216208496313,-0.023620956777670725,53.99415697887644,30.85,3.0,headache,S019
17.01,0.5,35.97832636024666,0.02366013158143754,54.01544045262909,30.85,3.0,headache,S019
-11.55,0.5,36.021726215742135,-0.02370014913129763,53.93630303765707,30.85,3.0,headache,S019
-0.17,0.5,35.97822140731073,0.023740980131315786,53.90341362084308,30.85,3.0,headache,S019
18.89,0.5,36.02183078430954,-0.02378259651454432,54.041516868500054,30.85,3.0,headache,S019
-13.95,0.5,35.978117196971624,0.023824971330344866,53.96589175009074,30.85,3.0,headache,S019
3.83,0.5,36.02193466005915,-0.023868078638537578,54.03732844157052,30.85,3.0,headache,S019
5.53,0.5,35.978013634529205,0.02391189340953308,53.93277518426974,30.83,3.0,headache,S019
-12.66,0.5,36.02203792824686,-0.023956391429728257,53.90948642748239,30.83,3.0,headache,S019
14.57,0.5,35.97791064366329,0.02400154921143666,54.01682533205494,30.83,3.0,headache,S019
-3.0,0.5,36.02214065669958,-0.024047343906727484,53.992593122081296,30.83,3.0,headache,S019
-13.91,0.5,35.977808164658164,0.024093753224577134,54.00512252193672,30.83,3.0,headache,S019
29.41,0.5,36.02224289734816,-0.02414075535074807,53.99364884695752,30.83,3.0,headache,S019
-1.19,0.5,35.977706153093315,0.024188328869850343,54.013544513535976,30.83,3.0,headache,S019
-28.65,0.5,36.02234468732885,-0.024236452689103564,53.94117585589867,30.83,3.0,headache,S019
18.3,0.5,35.97760457893637,0.024285105963216824,53.89300138942461,30.83,3.0,headache,S019
-1.7,0.5,36.022446049707,-0.024334268019987948,54.0664489100988,30.83,3.0,headache,S019
-7.72,0.5,35.97750342599372,0.024383918286037382,53.7488893722263,30.83,3.0,headache,S019
17.76,0.5,36.022546993859564,-0.02443403621222803,53.770376272656904,30.83,3.0,headache,S019
-17.43,0.5,35.9774026916897,0.02448460119826645,53.94285543852085,30.83,3.0,headache,S019
-5.33,0.5,36.022647515537045,-0.02453559251594369,54.00241575796598,30.83,3.0,headache,S019
12.81,0.5,35.97730238716175,0.02458698923047657,54.001058602296126,30.83,3.0,headache,S019
-16.29,0.5,36.02274759661196,-0.02463877011943554,53.99802251213895,30.83,3.0,headache,S019
-4.97,0.5,35.97720253766981,0.024690913588547834,54.00274989556304,30.83,3.0,headache,S019
16.59,0.5,36.02284720450794,-0.024743397583855117,53.99620718877776,30.83,3.0,headache,S019
-14.69,0.5,35.97710318333349,0.024796199499450135,54.005303132728066,30.83,3.0,headache,S019
10.75,0.5,36.02294629129039,-0.02484929608004845,53.99245907809799,30.83,3.0,headache,S019
3.22,0.5,35.977004380221935,0.024902663317594196,54.011029025776885,30.83,3.0,headache,S019
-17.77,0.5,36.02304479238526,-0.024956276340957068,53.98290728641231,30.83,3.0,headache,S019
19.3,0.5,35.976906201839064,0.02501010929770742,54.03056538146374,30.83,3.0,headache,S019
3.18,0.5,36.0231426248752,-0.025064135226880106,53.898217560936786,30.83,3.0,headache,S019
-16.12,0.5,35.97680874106256,0.025118325921388487,53.95188226613786,30.83,3.0,headache,S019
15.21,0.5,36.023239685305164,-0.025172651778740944,53.982261295543445,30.83,3.0,headache,S019
3.23,0.5,35.97671211261837,0.025227081638399065,53.74286113970043,30.83,3.0,headache,S019
-13.74,0.5,36.02333584690111,-0.02528158260398472,54.04641458623897,30.83,3.0,headache,S019
11.89,0.5,35.97661645619893,0.02533611984824102,53.97210815249943,30.83,3.0,headache,S019
-6.24,0.5,36.02343095607846,-0.025390656398397233,54.0185104450505,30.83,3.0,headache,S019
-4.66,0.5,35.97652194036996,0.02544515289919919,53.99037522964166,30.83,3.0,headache,S019
7.53,0.5,36.02352482807279,-0.025499567350521075,53.87616787555487,30.83,3.0,headache,S019
-18.22,0.5,35.976428767456504,0.02555385481592197,53.86432794009075,30.81,3.0,headache,S019
7.71,0.5,36.023617241473865,-0.02560796709801335,54.014190661332535,30.81,3.0,headache,S019
3.86,0.5,35.97633717966194,0.025661852375806243,54.010585789987864,30.81,3.0,headache,S019
-14.45,0.5,36.023707931369366,-0.02571545479838982,53.81492840319968,30.81,3.0,headache,S019
13.63,0.5,35.97624746675897,0.02576871402840781,53.88660779760741,30.83,3.0,headache,S019
-2.79,0.5,36.02379658070626,-0.025821564727620334,54.06241489103056,30.83,3.0,headache,S019
-9.5,0.5,35.976159975807676,0.025873935975481935,53.94956027321213,30.83,3.0,headache,S019
15.47,0.5,36.02388280933963,-0.025925750610061082,54.045993730943,30.83,3.0,headache,S019
-8.47,0.5,35.97607512351951,0.02597692447867124,53.95505032623991,30.83,3.0,headache,S019
11.05,0.5,36.02396616004466,-0.026027365583089726,54.046679108390386,30.83,3.0,headache,S019
-1.82,0.5,35.97599341211727,0.026076973101461193,53.947568028122454,30.83,3.0,headache,S019
-17.17,0.5,36.024046080491836,-0.026125636265307964,54.06840757770554,30.83,3.0,headache,S019
12.72,0.5,35.975915449871906,0.02617323306570935,53.84438779421555,30.85,3.0,headache,S019
4.17,0.5,36.024121899785534,-0.026219628757301966,53.85373117301883,30.85,3.0,headache,S019
-9.06,0.5,35.97584197798174,0.026264674121976514,53.98750083065739,30.85,3.0,headache,S019
9.11,0.5,36.0241927975765,-0.026308203445765913,53.853028844473634,30.85,3.0,headache,S019
4.81,0.5,35.97577390617795,0.026350032151800096,53.923459496048274,30.83,3.0,headache,S019
-13.15,0.5,36.024257762879515,-0.026389954018876737,53.96673978731057,30.83,3.0,headache,S019
8.85,0.5,35.975712360527616,0.026427737898214943,53.87647795812454,30.83,3.0,headache,S019
-0.67,0.5,36.02431553837719,-0.02646312381919537,54.05779821288108,30.83,3.0,headache,S019
-15.29,0.5,35.975658748583065,0.026495818346908496,53.89302746156648,30.83,3.0,headache,S019
12.62,0.5,36.02436454389186,-0.026525489017945988,53.86263321967146,30.83,3.0,headache,S019
2.67,0.5,35.975614849678124,0.02655175763326852,53.94194304039813,30.83,3.0,headache,S019
-16.08,0.5,36.024402769340135,-0.02657419212421817,54.05604881274526,30.83,3.0,headache,S019
15.67,0.5,35.97558294246676,0.026592296624065103,53.89332075244021,30.83,3.0,headache,S019
3.65,0.49,36.02442762196509,-0.02660549926510408,53.805682570958986,30.83,3.0,headache,S019
-14.86,0.5,35.97556598895542,0.026613137068727828,54.00227866423377,30.83,3.0,headache,S019
10.85,0.5,36.02443570328965,-0.026614437086301374,53.75435801349099,30.83,3.0,headache,S019
1.15,0.5,35.975567906598954,0.0266084926577208,54.027665291492504,30.83,3.0,headache,S019
-13.72,0.5,36.0244224748588,-0.026594233245173765,53.94920718536145,30.83,3.0,headache,S019
15.62,0.5,35.97559398201786,0.02657038571594195,53.85020024171422,30.83,3.0,headache,S019
0.53,0.49,36.024381742004536,-0.02653542410332825,53.88422371214816,30.83,3.0,headache,S019
-22.84,0.5,35.97565152083964,0.02648750363248527,53.9147252366534,30.81,3.0,headache,S019
11.27,0.5,36.02430482796898,-0.026424372938150382,53.89773570658605,30.81,3.0,headache,S019
10.01,0.49,35.97575090829811,0.026343255563286882,53.890858754213404,30.81,3.0,headache,S019
-22.63,0.5,36.02417919620261,-0.026240687402664466,53.888311426142934,30.81,3.0,headache,S019
13.92,0.51,35.97590742157194,0.02611228969197835,53.80763437387032,30.81,3.0,headache,S019
1.61,0.5,36.0239860326412,-0.02595244556490164,54.04422214981399,30.81,3.0,headache,S019
-25.11,0.49,35.97614450602925,0.02575382865168281,53.9695941154468,30.81,3.0,headache,S019
16.92,0.5,36.023695726927635,-0.02550669805851008,54.02368075778002,30.81,3.0,headache,S019
-0.94,0.5,35.976500134659574,0.025197812133722238,53.98454661992568,30.81,3.0,headache,S019
-22.67,0.5,36.02325871166645,-0.024808695968420297,53.96055477409143,30.81,3.0,headache,S019
26.17,0.5,35.97704037038545,0.024312762980563982,53.73589572093072,30.81,3.0,headache,S019
1.73,0.5,36.02258471182655,-0.023670292698259314,53.86335192811262,30.81,3.0,headache,S019
-16.35,0.5,35.977892436809455,0.022819127212084084,53.771847894087095,30.83,3.0,headache,S019
14.44,0.51,36.021487181548,-0.021656091321562206,53.81166273190841,30.83,3.0,headache,S019
14.81,0.51,35.979345124164865,0.019996086576607747,53.97328665131063,30.83,3.0,headache,S019
-26.28,0.51,36.01948062807896,-0.017469270953817877,54.0336776666314,30.83,3.0,headache,S019
4.68,0.51,35.982346353330136,0.013207618185480904,53.883116578492505,30.81,3.0,headache,S019
13.07,0.51,36.01387913327697,-0.00453466852184465,53.83628071981827,30.81,3.0,headache,S019
-13.14,0.51,36.03056537953224,-0.023750735835230154,54.11716235278884,30.81,3.0,headache,S019
7.93,0.51,35.93228527536992,-0.37562186789611957,54.029431888306,30.81,3.0,headache,S019
9.09,0.51,35.80821138832447,-0.18390341785928804,53.978940790873246,30.83,3.0,headache,S019
-21.31,0.51,35.86434753750658,-0.07147789476330521,54.019511338281035,30.83,3.0,headache,S019
6.79,0.51,35.82135079411322,0.053930088282254596,53.980780251636524,30.83,3.0,headache,S019
6.63,0.51,36.064471169469385,-0.04756577966661909,54.01934064543868,30.83,3.0,headache,S019
-23.77,0.51,35.950338964851085,0.044195354703378716,53.980348250670495,30.81,3.0,headache,S019
11.02,0.51,36.0436782364496,-0.042111458467298635,54.02008123771559,30.81,3.0,headache,S019
26.33,0.51,35.959546808770945,0.04070742937766856,53.979392582878894,30.81,3.0,headache,S019
-18.0,0.51,36.03845086963331,-0.03970884221337115,54.02123059706459,30.81,3.0,headache,S019
-7.11,0.51,35.96290089908895,0.038972377001498346,53.97803520317685,30.81,3.0,headache,S019
30.23,0.51,36.03613527297145,-0.038415555460383666,54.02283702188864,30.81,3.0,headache,S019
-7.8,0.51,35.9645782817845,0.03798743979412005,53.97610845589837,30.81,3.0,headache,S019
-14.54,0.51,36.0348792292995,-0.03765482662162005,54.02520080789558,30.81,3.0,headache,S019
30.14,0.51,35.96554102512322,0.03739512748753909,53.97311020388318,30.81,3.0,headache,S019
-5.73,0.51,36.03412919851982,-0.03719243182941313,54.02919337309527,30.81,3.0,headache,S019
-15.44,0.51,35.96613165052148,0.03703520462427694,53.967405822274735,30.81,3.0,headache,S019
27.15,0.51,36.03366128532315,-0.036914876763418474,54.03766129332051,30.81,3.0,headache,S019
1.01,0.51,35.96650294596377,0.03682494820865081,53.75514155515792,30.83,3.0,headache,S019
-23.59,0.51,36.03336753836551,-0.036760398446186546,53.9786387126315,30.83,3.0,headache,S019
24.48,0.51,35.96673340507497,0.036717287878524345,53.98472925610725,30.83,3.0,headache,S019
15.13,0.51,36.033189489355514,-0.03669248162036329,54.02755810799535,30.83,3.0,headache,S019
-27.76,0.51,35.96686748485998,0.03668345393449142,53.960073773883664,30.83,3.0,headache,S019
14.43,0.51,36.03309272995706,-0.036688147086949764,54.06351672855186,30.83,3.0,headache,S019
10.62,0.51,35.96693223066239,0.03670486771987455,53.81644236805775,30.83,3.0,headache,S019
-19.92,0.51,36.033055712405876,-0.03673220958918789,53.86810615794984,30.83,3.0,headache,S019
12.19,0.51,35.96694501652722,0.03676899515127214,54.03630247441741,30.81,3.0,headache,S019
8.09,0.51,36.03306427878808,-0.03681423083691428,53.984541439084566,30.81,3.0,headache,S019
-21.05,0.5,35.96691748874442,0.03686707240605797,54.005708959959584,30.81,3.0,headache,S019
4.85,0.51,36.0331087681774,-0.03692679782378379,54.00050331208643,30.81,3.0,headache,S019
11.59,0.51,35.96685772141613,0.03699278581466455,53.994513424607405,30.81,3.0,headache,S019
-16.42,0.5,36.03318238771024,-0.03706449875114463,54.01058357298459,30.81,3.0,headache,S019
2.63,0.51,35.966771463134954,0.037141468883085844,53.98234633627435,30.81,3.0,headache,S019
6.77,0.51,36.03328024741319,-0.037223287167067375,54.03289776323503,30.81,3.0,headache,S019
-12.07,0.5,35.96666289206923,0.03730959413579104,53.82893350099268,30.83,3.0,headache,S019
-0.35,0.51,36.03339876382971,-0.037400072381071,53.87050861744998,30.83,3.0,headache,S019
3.81,0.51,35.96653509107731,0.03749444032234111,54.05445512428374,30.83,3.0,headache,S019
-18.44,0.51,36.03353527852569,-0.03759244700597359,53.872738614659156,30.83,3.0,headache,S019
-4.92,0.5,35.966390356209764,0.03769386773631375,53.97046136276562,30.81,3.0,headache,S019
17.58,0.51,36.03368780702554,-0.03779850038117257,54.00768947321295,30.81,3.0,headache,S019
-16.28,0.51,35.966230402174666,0.037906162226939454,54.00108674932074,30.81,3.0,headache,S019
-8.06,0.5,36.03385486985357,-0.03801668728324032,53.9787667980026,30.81,3.0,headache,S019
12.36,0.51,35.966056501825705,0.038129923956364394,53.872370780687305,30.81,3.0,headache,S019
-11.65,0.51,36.034035377034265,-0.03824573302573397,54.035394559551456,30.81,3.0,headache,S019
-8.36,0.5,35.96586958197286,0.03836398586951231,53.97351728472507,30.81,3.0,headache,S019
14.6,0.51,36.0342285485816,-0.038484562894643484,54.023664696002754,30.81,3.0,headache,S019
-11.41,0.51,35.96567028927247,0.03860735213398485,53.9772915161322,30.81,3.0,headache,S019
-10.28,0.5,36.03443386010553,-0.038732247978868345,54.022641091854005,30.81,3.0,headache,S019
13.7,0.5,35.965459034808944,0.03885915001991809,53.97684354218391,30.81,3.0,headache,S019
-9.25,0.51,36.03465100671202,-0.038987961972442364,54.02418748948171,30.81,3.0,headache,S019
-9.74,0.5,35.965236022755384,0.039118590665267634,53.974175522063234,30.83,3.0,headache,S019
18.81,0.5,36.034879880976355,-0.0392509450738375,54.02838033599917,30.83,3.0,headache,S019
-8.89,0.51,35.96500126636986,0.039384935379677834,53.967247667801665,30.83,3.0,headache,S019
-8.56,0.51,36.03512056254767,-0.03952047203892585,54.04260808769892,30.83,3.0,headache,S019
15.71,0.5,35.964754593066,0.03965746484297623,53.846605913218454,30.81,3.0,headache,S019
-11.0,0.5,36.03537331827077,-0.03979582195371628,54.02416362934658,30.81,3.0,headache,S019
-2.92,0.51,35.9644956390923,0.03993544889507388,53.89580312291914,30.81,3.0,headache,S019
22.47,0.5,36.03563861284958,-0.0400762474809438,53.950611357912024,30.81,3.0,headache,S019
-16.57,0.5,35.964223833239565,0.04021811465746615,54.00871969294536,30.83,3.0,headache,S019
0.67,0.5,36.035917131212756,-0.04036094123452081,54.00197612700981,30.83,3.0,headache,S019
19.94,0.51,35.96393836778038,0.040504610477423306,53.99243032605862,30.83,3.0,headache,S019
-14.42,0.5,36.036209815094594,-0.04064899652464212,54.011502941117314,30.83,3.0,headache,S019
5.45,0.5,35.96363815330025,0.04079396259074747,53.985099017944,30.83,3.0,headache,S019
11.54,0.51,36.036517918154416,-0.040939358905422094,54.01842684002716,30.83,3.0,headache,S019
-19.13,0.5,35.96332175190144,0.04108502032846951,53.97711305052257,30.83,3.0,headache,S019
11.32,0.5,36.03684308662849,-0.04123076356694888,54.03030290327174,30.83,3.0,headache,S019
14.11,0.5,35.96298727994484,0.04137638390269919,53.94775386422017,30.81,3.0,headache,S019
-18.08,0.5,36.03718747667567,-0.04152165131532138,53.906435361644284,30.81,3.0,headache,S019
-0.23,0.5,35.96263226619406,0.04166630585567205,53.996185093515145,30.81,3.0,headache,S019
23.5,0.51,36.03755392639162,-0.041810052085340006,54.024663417728405,30.81,3.0,headache,S019
-15.24,0.5,35.96225344238428,0.04195255234548561,53.9035671595318,30.81,3.0,headache,S019
3.0,0.5,36.037946212050194,-0.04209341854887342,53.9384857134452,30.81,3.0,headache,S019
9.34,0.5,35.961846427918026,0.042232202095688204,54.03050680850915,30.81,3.0,headache,S019
-19.17,0.5,36.03836943859437,-0.042368381386946034,53.91442821661566,30.81,3.0,headache,S019
18.22,0.5,35.961405242764556,0.04250134623594658,53.91659593854592,30.81,3.0,headache,S019
9.22,0.5,36.038830652107315,-0.042630378237747416,54.06417482839942,30.81,3.0,headache,S019
-23.0,0.5,35.960921530568434,0.042754625819757135,53.84982069551073,30.81,3.0,headache,S019
8.2,0.5,36.03933983480507,-0.04287307221841238,53.62473860183148,30.81,3.0,headache,S019
10.77,0.5,35.96038327076023,0.04298449393903103,53.984645606503996,30.81,3.0,headache,S019
-15.07,0.5,36.03991159157901,-0.043087406251801075,54.013422261180935,30.81,3.0,headache,S019
10.62,0.5,35.95977254139217,0.04317999078728396,53.9803982722179,30.81,3.0,headache,S019
-0.5,0.5,36.04056816008317,-0.04325999804591848,54.03171467962643,30.81,3.0,headache,S019
-12.22,0.5,35.959061404463135,0.043324614171689584,53.780236857289765,30.81,3.0,headache,S019
16.44,0.5,36.041345135829935,-0.04337027587727025,53.697615355040774,30.81,3.0,headache,S019
-7.39,0.5,35.958203779658284,0.04339240853995661,53.72295293883589,30.81,3.0,headache,S019
-15.49,0.51,36.04230327075331,-0.043385047518258064,53.9105128597336,30.81,3.0,headache,S019
16.97,0.5,35.95711786390462,0.0433402759596324,53.93483139880109,30.79,3.0,headache,S019
-4.6,0.5,36.04355546782632,-0.04324735971877226,53.91982514124167,30.79,3.0,headache,S019
-7.68,0.5,35.9556431933905,0.043091338807808154,54.01253902789853,30.79,3.0,headache,S019
9.95,0.5,36.04533801502989,-0.042850478803420654,53.86300543586687,30.79,3.0,headache,S019
-6.06,0.5,35.95341624686715,0.04249054911485786,54.020476667399905,30.81,3.0,headache,S019
-0.55,0.5,36.048242229021874,-0.04194561739490905,53.98887307330043,30.81,3.0,headache,S019
6.87,0.5,35.94940155819007,0.041002356840213576,54.006832621921546,30.81,3.0,headache,S019
-11.35,0.5,36.05427864444289,-0.03771440090116139,53.99547536480838,30.81,3.0,headache,S019
3.54,0.5,35.93902501993134,0.20341810674732794,54.003722161677246,30.81,3.0,headache,S019
5.95,0.5,36.077338695677135,0.07653884495447034,53.9948886914498,30.81,3.0,headache,S019
-20.96,0.5,35.82221601865986,-0.2665272705873782,54.01289530783729,30.81,3.0,headache,S019
12.64,0.5,36.01050465087677,-0.1696195810993865,53.90172929155114,30.81,3.0,headache,S019
0.79,0.5,35.98837749744317,0.08604673428079897,53.94456589029838,30.81,3.0,headache,S019
-17.86,0.5,36.021731038167545,-0.07053916404387237,54.035177966891496,30.81,3.0,headache,S019
8.74,0.5,35.973255586378656,0.06442619874354784,53.97006125797519,30.81,3.0,headache,S019
13.7,0.5,36.02974495815391,-0.061305362538154405,53.935208371497296,30.81,3.0,headache,S019
-18.04,0.5,35.96823237603186,0.05949394915903245,53.88059452481789,30.81,3.0,headache,S019
14.52,0.5,36.03324461867661,-0.05836669003405394,53.97805933549572,30.81,3.0,headache,S019
13.65,0.5,35.965612967311735,0.057640452460965254,53.7323769465706,30.81,3.0,headache,S019
-22.2,0.5,36.035309933742994,-0.05716920163227213,53.71368209447896,30.81,3.0,headache,S019
2.48,0.5,35.963918684272365,0.05687028628428802,54.0389696119954,30.83,3.0,headache,S019
19.09,0.5,36.03674391073276,-0.05669354872674567,53.974880637840315,30.83,3.0,headache,S019
-13.04,0.5,35.96267408808589,0.05660684959818209,54.01757190364741,30.83,3.0,headache,S019
-3.26,0.51,36.037846665064045,-0.056588678328638044,53.986528686313534,30.83,3.0,headache,S019
8.5,0.51,35.96168011864026,0.05662411580743383,54.011634196226495,30.81,3.0,headache,S019
-15.04,0.51,36.03875554474226,-0.05670250322612491,53.98779280345863,30.81,3.0,headache,S019
15.03,0.51,35.960838906973876,0.05681603283477395,54.01776052708585,30.81,3.0,headache,S019
-2.11,0.51,36.039542175823875,-0.056958862338819145,53.950392261053665,30.81,3.0,headache,S019
-18.28,0.5,35.96009684402992,0.05712653958047766,53.89040936339917,30.81,3.0,headache,S019
12.37,0.51,36.04024745007954,-0.05731561789141542,54.03979143857622,30.81,3.0,headache,S019
-7.11,0.51,35.95942223484741,0.05752339237719489,53.96666009478863,30.81,3.0,headache,S019
-4.97,0.5,36.04089626619136,-0.057747715059000455,54.03712972656237,30.81,3.0,headache,S019
9.87,0.5,35.95879530308568,0.05798686271429359,53.940959387132494,30.81,3.0,headache,S019
-11.36,0.51,36.04150446786127,-0.05823944071386143,53.91715588751669,30.81,3.0,headache,S019
-2.08,0.51,35.95820327866525,0.058504311933678124,53.957067994039235,30.81,3.0,headache,S019
7.79,0.5,36.04208237952463,-0.058780543445504305,53.89583174733693,30.81,3.0,headache,S019
-16.32,0.5,35.95763781986229,0.059067366017092414,54.027367152126864,30.79,3.0,headache,S019
11.97,0.51,36.04263670249092,-0.05936414297770544,53.98817829146596,30.79,3.0,headache,S019
4.54,0.5,35.957093613917394,0.059670346023031416,53.909953166103094,30.79,3.0,headache,S019
-18.97,0.51,36.04317154297927,-0.05998553622557856,53.90157516092712,30.79,3.0,headache,S019
15.73,0.51,35.956567635160184,0.06030934899445534,53.92692927838813,30.81,3.0,headache,S019
3.14,0.5,36.04368892497951,-0.06064148206313256,54.02254138086301,30.81,3.0,headache,S019
-24.24,0.51,35.956058824506144,0.060981685821549204,53.98658844324514,30.81,3.0,headache,S019
20.56,0.51,36.04418893907746,-0.061329755479785204,54.00790127292205,30.81,3.0,headache,S019
14.7,0.51,35.95556810527635,0.06168552467497553,54.00200942621555,30.81,3.0,headache,S019
-20.0,0.5,36.04466955592946,-0.06204886022444985,53.931652489633834,30.81,3.0,headache,S019
30.73,0.5,35.95509876074743,0.06241965779623036,53.90504335228001,30.81,3.0,headache,S019
-8.97,0.51,36.04512601995199,-0.06279783831878094,54.07094764606078,30.81,3.0,headache,S019
-13.88,0.5,35.95465733023881,0.06318334499061089,53.864131377908876,30.81,3.0,headache,S019
22.88,0.51,36.045549569233245,-0.06357614077967687,53.98361826493764,30.81,3.0,headache,S019
-5.26,0.51,35.95425541708263,0.06397620632522956,53.94552226220435,30.81,3.0,headache,S019
-10.9,0.5,36.04592487873401,-0.06438353817221858,53.906300405472564,30.81,3.0,headache,S019
22.01,0.5,35.95391333882342,0.06479814728215207,54.016821881580704,30.83,3.0,headache,S019
-11.08,0.51,36.04622476725751,-0.06522005777492586,53.996818032773064,30.83,3.0,headache,S019
-6.94,0.51,35.95366796390189,0.06564930586481815,53.998698053579524,30.83,3.0,headache,S019
20.94,0.51,36.04639828999236,-0.06608593896041001,53.91085428026418,30.83,3.0,headache,S019
-12.78,0.51,35.95359138335141,0.06653001490380776,53.87355957783437,30.81,3.0,headache,S019
-1.85,0.5,36.04634032240275,-0.0669816013286716,53.969512822248326,30.81,3.0,headache,S019
21.55,0.51,35.95384281960081,0.06744077512033587,53.94567499124646,30.81,3.0,headache,S019
-15.22,0.51,36.04579768668649,-0.06790762196387645,53.899037495368106,30.81,3.0,headache,S019
-0.16,0.51,35.954851486977596,0.06838223596863191,54.05351957951221,30.81,3.0,headache,S019
13.97,0.5,36.04397559927577,-0.06886471935926732,53.89055018475211,30.81,3.0,headache,S019
-19.16,0.51,35.958294539554466,0.06935518222541966,53.82226120684896,30.81,3.0,headache,S019
5.45,0.51,36.03646106276979,-0.06985374232288871,54.01783073587068,30.81,3.0,headache,S019
5.81,0.5,35.98351110750034,0.07036052492079939,53.98751174964123,30.81,3.0,headache,S019
-16.52,0.51,36.166150140520365,-0.07087566268976817,54.0110247731648,30.81,3.0,headache,S019
9.53,0.51,35.92503624473943,0.07139929562706256,53.98907591841028,30.81,3.0,headache,S019
10.4,0.5,36.06553900023954,-0.07193157101533995,54.011642290666884,30.81,3.0,headache,S019
-15.94,0.51,35.937830842616236,0.07247264341203907,53.98663938731972,30.83,3.0,headache,S019
8.48,0.51,36.060573602997096,-0.07302267466706808,54.01753201928124,30.83,3.0,headache,S019
2.42,0.51,35.9402603819656,0.07358183396673179,53.96507032817834,30.83,3.0,headache,S019
-10.81,0.51,36.059303741518164,-0.07415029790227838,53.876088407585954,30.83,3.0,headache,S019
10.61,0.51,35.94089665570138,0.07472825056164563,53.89789920290911,30.79,3.0,headache,S019
-12.75,0.51,36.059054724607996,-0.07531588364335429,53.976837721930536,30.79,3.0,headache,S019
-8.91,0.5,35.940889653131975,0.07591339659159761,53.60804197075777,30.79,3.0,headache,S019
15.33,0.51,36.059241111259034,-0.07652099675193086,53.90080610578793,30.79,3.0,headache,S019
-10.57,0.51,35.940571948788964,0.07713889954695524,54.02359016037805,30.81,3.0,headache,S019
-9.81,0.5,36.05965804521865,-0.07776732867175241,53.98244126834547,30.81,3.0,headache,S019
13.98,0.51,35.94007861453062,0.07840651630879095,54.02523538277328,30.81,3.0,headache,S019
-8.99,0.51,36.0602102314047,-0.07905670336228575,53.90600677215512,30.81,3.0,headache,S019
-0.29,0.5,35.93948256239995,0.07971813971205799,53.93768190018248,30.79,3.0,headache,S019
17.28,0.5,36.06083540143816,-0.08039108448701938,54.01839943270379,30.79,3.0,headache,S019
-28.78,0.51,35.93884545777119,0.08107580635865257,53.84626663133185,30.79,3.0,headache,S019
9.87,0.51,36.061460749971616,-0.08177258385474707,53.89221100472888,30.79,3.0,headache,S019
7.87,0.51,35.938269668191964,0.08248170569399173,53.87264984250117,30.79,3.0,headache,S019
-17.27,0.51,36.061918603539425,-0.08320347114187603,53.87788614689078,30.79,3.0,headache,S019
17.15,0.51,35.938069581662255,0.0839381903887253,53.85015621265842,30.79,3.0,headache,S019
2.48,0.51,36.06152981995146,-0.08468618495047112,53.936390251930725,30.79,3.0,headache,S019
-17.93,0.51,35.94001563367939,0.0854477880932027,53.93726949382558,30.79,3.0,headache,S019
18.78,0.51,36.053909528642855,-0.08622334528234364,53.925041113465426,30.79,3.0,headache,S019
-3.9,0.5,36.00424816457676,0.08701321465763492,53.9467367135488,30.79,3.0,headache,S019
-13.76,0.51,36.22358326437296,-0.08781776753509454,53.60037390660058,30.79,3.0,headache,S019
20.9,0.51,35.97011220557335,0.08863738893729399,53.89208979683761,30.81,3.0,headache,S019
-8.93,0.51,36.05909771384785,-0.08947247815347509,53.91184122667758,30.81,3.0,headache,S019
-10.56,0.5,35.93525221783933,0.09032344933110617,53.800824069628085,30.81,3.0,headache,S019
19.48,0.51,36.06731262354538,-0.09119073210072323,53.79170224357703,30.81,3.0,headache,S019
-4.51,0.5,35.93094285038418,0.09207477223614262,53.89860909259588,30.79,3.0,headache,S019
-6.0,0.5,36.070557213903065,-0.0929760323522452,54.03561637653566,30.79,3.0,headache,S019
17.44,0.51,35.92795729877089,0.09389499264304722,53.94505108990019,30.79,3.0,headache,S019
-9.05,0.51,36.073659525494335,-0.09483215166288013,53.90760404063129,30.79,3.0,headache,S019
-8.25,0.5,35.92443879429847,0.09578802715422026,53.996964729187745,30.79,3.0,headache,S019
17.83,0.51,36.07798699391121,-0.09676315692593458,54.023372799495334,30.79,3.0,headache,S019
-8.64,0.51,35.9185774770998,0.09775809978678071,53.883354193532085,30.79,3.0,headache,S019
-5.92,0.51,36.08713681370122,-0.0987734365394506,53.970982650444306,30.79,3.0,headache,S019
15.55,0.51,35.89987700142831,0.09980977104195904,53.90794597433524,30.79,3.0,headache,S019
-15.2,0.5,36.22868892556765,-0.1008677313442858,53.721891131151786,30.79,3.0,headache,S019
0.91,0.5,36.06008555801335,0.10194797091029843,54.015821980297005,30.79,3.0,headache,S019
16.0,0.5,36.04161910653359,-0.10305116993726889,53.843298442571644,30.79,3.0,headache,S019
-19.28,0.51,35.944813419902864,0.10417803678869039,53.48958018161868,30.79,3.0,headache,S019
0.93,0.51,36.06113836272481,-0.10532930956029986,54.06365944171639,30.79,3.0,headache,S019
15.09,0.5,35.93526710329535,0.10650575780514963,53.8288368549348,30.79,3.0,headache,S019
-16.14,0.51,36.06729623703631,-0.10770818445136375,53.859359995662025,30.79,3.0,headache,S019
2.32,0.51,35.93067548960804,0.10893742795692105,53.89145364597395,30.79,3.0,headache,S019
10.26,0.5,36.07104767717815,-0.11019436476051646,54.01214219418436,30.79,3.0,headache,S019
-12.7,0.51,35.92741101794074,0.11147991210772168,53.994326744343475,30.79,3.0,headache,S019
2.18,0.5,36.07402280667307,-0.11279503135999051,53.899408621377205,30.79,3.0,headache,S019
0.64,0.5,35.92460023320166,0.11414073193341413,53.960904783925166,30.77,3.0,headache,S019
-13.99,0.5,36.07675969736708,-0.11551807607016654,54.02006957307372,30.77,3.0,headache,S019
9.34,0.5,35.92185964880753,0.11692818472542657,53.74307448870829,30.77,3.0,headache,S019
0.19,0.5,36.07958615387044,-0.1183722449674175,54.01438612277251,30.77,3.0,headache,S019
-13.07,0.5,35.91883799894057,0.11985151945599203,53.97753759777787,30.81,3.0,headache,S019
9.15,0.5,36.08298358794695,-0.12136735881155611,53.920869372775314,30.81,3.0,headache,S019
1.95,0.51,35.914696707165334,0.12292121805417286,53.93330141907267,30.81,3.0,headache,S019
-16.59,0.5,36.08883627062265,-0.124514678847975,54.06523572128707,30.81,3.0,headache,S019
14.87,0.51,35.90317474484323,0.1261494801376379,53.92385663964859,30.79,3.0,headache,S019
-13.58,0.5,36.32958219766577,-0.12782756108999552,54.10501957573992,30.79,3.0,headache,S019
-3.0,0.5,35.934862028004574,0.12955112235663507,53.727147942588225,30.79,3.0,headache,S019
14.67,0.5,36.07635082367189,-0.13132271507375937,53.826427214130675,30.79,3.0,headache,S019
-15.3,0.51,35.919480834661265,0.133145372636398,53.950213490469395,30.79,3.0,headache,S019
0.35,0.5,36.083115505963114,-0.13502280980908293,53.92686337396835,30.79,3.0,headache,S019
15.43,0.5,35.91487630104468,0.1369597303360921,53.9699661135039,30.79,3.0,headache,S019
-14.24,0.51,36.086860963721016,-0.1389623140939496,53.89827364260235,30.79,3.0,headache,S019
8.75,0.51,35.9115361130498,0.14103901064626642,53.95775721677302,30.79,3.0,headache,S019
5.2,0.5,36.090004740377374,-0.14320187496836792,53.87012809652263,30.79,3.0,headache,S019
-11.73,0.5,35.908469818712426,0.14546890486963757,53.90995281689417,30.79,3.0,headache,S019
11.75,0.5,36.093078108590475,-0.14786832900024643,53.877832603294436,30.79,3.0,headache,S019
-2.12,0.5,35.905311951208745,0.1504469503583177,54.04353896138929,30.79,3.0,headache,S019
-10.06,0.5,36.096411208792105,-0.15328766199790234,53.9408929721661,30.79,3.0,headache,S019
21.82,0.5,35.901675895615845,0.15655017472045513,53.91635596879322,30.79,3.0,headache,S019
-6.28,0.5,36.10054579428258,-0.16058053998347063,53.903546229647574,30.79,3.0,headache,S019
-7.42,0.5,35.89679130021197,0.16627945411262385,53.96124480327075,30.79,3.0,headache,S019
20.42,0.5,36.10553166552664,-0.1769261987190537,53.972455301262684,30.79,3.0,headache,S019
-5.65,0.51,35.98006740307435,0.21975462669390347,53.786430086014214,30.79,3.0,headache,S019
-5.08,0.5,36.324088515926334,0.6315260619794876,53.44720448561525,30.79,3.0,headache,S019
14.68,0.5,36.144080951165506,1.0029949375344007,53.51429217597463,30.77,3.0,headache,S019
-12.84,0.5,36.151754702322755,0.5477638145527544,54.06519140048229,30.77,3.0,headache,S019
5.69,0.5,35.9578986342733,-0.41496313807957774,53.95341959977725,30.77,3.0,headache,S019
12.18,0.5,35.92248462103186,-0.8232608243825046,53.95404478708792,30.77,3.0,headache,S019
-17.06,0.5,35.75757382676271,-0.13610760762967605,53.893517625633905,30.77,3.0,headache,S019
3.54,0.5,36.154945950479124,0.03309284355238474,54.094480590437,30.77,3.0,headache,S019
6.72,0.51,35.86580644428046,0.25525555696840846,53.858644577822304,30.77,3.0,headache,S019
-9.87,0.51,36.28039968116118,0.27422760494515336,53.85635249393604,30.77,3.0,headache,S019
11.58,0.51,35.9570965428741,0.20515585613742174,53.96364226806244,30.81,3.0,headache,S019
10.65,0.51,36.24939425044688,0.10669601896680307,53.816694718140106,30.81,3.0,headache,S019
-12.0,0.51,36.06226010673514,0.4836614498782327,53.54995462500496,30.81,3.0,headache,S019
7.59,0.52,36.086272195333024,-1.065936205659351,53.91987218770711,30.81,3.0,headache,S019
11.62,0.51,35.82548915921639,-0.2620304194988305,53.95735072819883,30.77,3.0,headache,S019
-10.33,0.52,35.981545685170076,-0.9037760014372616,54.00689128120984,30.77,3.0,headache,S019
-0.89,0.52,36.3212320235927,1.0334380284905393,53.345084071765925,30.77,3.0,headache,S019
-7.03,0.52,36.264118027245296,0.7459807332150007,53.63620268588033,30.77,3.0,headache,S019
-1.97,0.51,36.52524701184044,0.525929659571641,53.71751545909237,30.79,3.0,headache,S019
6.48,0.52,36.183578569261236,-0.7124616780728931,53.934688733361824,30.79,3.0,headache,S019
-14.8,0.52,35.597956767848366,-0.7871482323180471,54.01266534588892,30.79,3.0,headache,S019
7.02,0.52,36.174406550105076,-0.49673358857573,54.016156709590575,30.79,3.0,headache,S019
1.73,0.52,36.21278023350638,0.23868268234262108,53.689096174587114,30.79,3.0,headache,S019
-8.46,0.52,36.83853656519385,0.36164719137671925,52.98274305190284,30.79,3.0,headache,S019
10.77,0.51,36.164579245495354,0.4692876367633992,53.56602200789333,30.79,3.0,headache,S019
-7.92,0.52,36.57873786243565,-0.37295392632871494,53.47281451136802,30.79,3.0,headache,S019
3.33,0.52,35.827022306607816,0.37329090050681873,53.74738736845768,30.79,3.0,headache,S019
-1.46,0.51,36.312377426570016,-0.7232604878438491,54.042215054507444,30.79,3.0,headache,S019
-5.87,0.51,35.750168281484044,0.16102712397048294,53.98085105731063,30.79,3.0,headache,S019
5.87,0.51,36.2587375835102,-0.39472422490842807,53.91368319481324,30.79,3.0,headache,S019
-14.86,0.51,36.494626221580276,0.27718280124567785,53.25834282378497,30.79,3.0,headache,S019
8.69,0.51,36.77498251868184,0.24145403368391524,53.2677494274331,30.79,3.0,headache,S019
0.51,0.52,36.11784189056053,0.44663861145458306,53.33588419726041,30.79,3.0,headache,S019
-16.31,0.51,36.678608992732485,-0.213140041094614,53.4894643874879,30.79,3.0,headache,S019
14.56,0.51,35.61007413368754,-0.05673850653108885,53.90356981932869,30.79,3.0,headache,S019
-15.9,0.51,36.36676831022831,-1.0222122664257454,53.956378993095214,30.79,3.0,headache,S019
2.65,0.51,35.63053811242162,0.6644746397781718,53.926087481004956,30.79,3.0,headache,S019
0.52,0.51,36.72808885353181,-0.6617115121411661,53.28326303957619,30.79,3.0,headache,S019
-13.89,0.52,36.21456316313578,0.9321207888214579,53.09857310600783,30.77,3.0,headache,S019
12.46,0.51,36.91491754790525,-0.42760052790856473,53.705963796798194,30.77,3.0,headache,S019
-17.0,0.51,36.418991152584375,0.8244426991499371,53.00681267015375,30.77,3.0,headache,S019
7.46,0.51,36.33828084467403,-1.3756381279401622,53.52946687097356,30.77,3.0,headache,S019
14.34,0.51,35.86538583046759,-0.04417089648318172,53.73476957533495,30.79,3.0,headache,S019
-25.62,0.51,36.4325571985131,-0.6824823043275655,53.54515810405923,30.79,3.0,headache,S019
25.13,0.51,36.144464139372246,0.7872822929522341,53.14766372159731,30.79,3.0,headache,S019
2.77,0.51,37.01101554023487,-0.3540089604416447,52.99283432397122,30.79,3.0,headache,S019
-9.07,0.51,36.30359558503842,0.9708767118631213,53.339202190704576,30.77,3.0,headache,S019
23.99,0.51,37.37119486269135,-0.9040640337298654,52.71520586834911,30.77,3.0,headache,S019
-6.51,0.51,35.76603560926475,0.7449888733621036,53.942191853569426,30.77,3.0,headache,S019
-13.81,0.51,36.644771867446906,-1.776646062370459,52.72921199708123,30.77,3.0,headache,S019
22.31,0.51,39.72242393057068,2.5098361176264827,57.11701506881489,30.77,3.0,headache,S019
10.49,0.51,58.498490205058566,14.856932945240514,53.193774184637455,30.77,3.0,headache,S019
-19.22,0.51,10.295600121589828,58.15529221109254,10.494710207260807,30.77,3.0,headache,S019
4.26,0.5,-22.727833246107387,53.32422096594125,-1.6428369745214484,30.77,3.0,headache,S019
-41.24,0.47,-47.10181457922941,30.74525327677283,-2.1476925805697618,30.75,3.0,headache,S019
-76.6,0.46,-54.33207158928775,34.71556388011822,1.586333344426156,30.75,3.0,headache,S019
87.78,0.45,-52.89071234005507,37.17122091569395,2.6410480203671187,30.75,3.0,headache,S019
182.37,0.45,-49.093178266788314,41.275845273623254,4.980634567801781,30.75,3.0,headache,S019
50.04,0.45,-54.55350164190147,40.66794370431773,3.3119094481964217,30.77,3.0,headache,S019
-184.7,0.45,-48.26569606089629,34.58795326509042,-0.9721088020942024,30.77,3.0,headache,S019
