bvp,eda,x,y,z,temperature,pain_scale,pain_type,person_id
13.88,4.0,35.86171914399358,-12.80289150915942,47.71013003381369,4.0,2.0,headache,S021
-0.12,0.0,34.04240518168539,-18.039826516050436,52.47880385984898,33.83,2.0,headache,S021
3.94,0.65,35.61767335655092,-18.822580976164236,51.00839509434301,33.83,2.0,headache,S021
21.44,0.71,34.80666170799623,-18.921552498758405,51.71571998403462,33.83,2.0,headache,S021
92.65,0.7,35.23783546546465,-18.976970137209747,50.990299303667776,33.83,2.0,headache,S021
150.43,0.57,34.66889490648286,-18.819685762286902,51.7317339678869,33.83,2.0,headache,S021
-454.07,0.56,35.38730313093971,-18.980956105867747,51.31552680412784,33.83,2.0,headache,S021
-33.12,0.56,35.29121966119447,-19.08657528010072,51.474745446758355,33.83,2.0,headache,S021
186.23,0.55,35.49172645974747,-18.66943471111824,50.986838357363446,33.83,2.0,headache,S021
19.52,0.55,35.4223788763432,-18.20692545162243,51.466178338086586,33.83,2.0,headache,S021
18.91,0.54,35.09432507205432,-17.484583684579306,51.34750975085759,33.83,2.0,headache,S021
-11.92,0.54,35.21336724880721,-16.721670670960034,51.76034119192358,33.83,2.0,headache,S021
11.05,0.54,36.50895622805806,-17.025920121455673,51.043117691487,33.83,2.0,headache,S021
-5.3,0.54,36.500128974475636,-17.1008743827089,51.35865768101423,33.84,2.0,headache,S021
24.24,0.53,36.1423329401196,-16.93048921077609,50.89541980829791,33.84,2.0,headache,S021
-1.06,0.54,36.334080063974,-16.76847100315159,51.07721628161478,33.84,2.0,headache,S021
-32.95,0.53,36.452753723676935,-17.036722381521887,50.741751710704,33.84,2.0,headache,S021
-32.28,0.52,36.5638182982409,-16.979509451573747,50.98413495050005,33.81,2.0,headache,S021
29.49,0.52,36.99666138699841,-17.013911778035165,50.98381540017863,33.81,2.0,headache,S021
9.92,0.52,36.93607478487852,-16.98950922206057,51.01748143622971,33.81,2.0,headache,S021
21.84,0.52,36.45131956500463,-17.009686181917154,50.83655244978922,33.81,2.0,headache,S021
-17.86,0.51,36.974266283120336,-16.98506692911525,51.06560453796594,33.83,2.0,headache,S021
5.33,0.51,36.29358668393334,-17.060191150167924,50.85219361192077,33.83,2.0,headache,S021
2.68,0.51,37.30298307295864,-17.595729521355295,50.25731772720278,33.83,2.0,headache,S021
-18.76,0.5,38.26707256423189,-18.012666196552445,49.5741234547299,33.83,2.0,headache,S021
13.9,0.5,38.306129418026,-18.424609035398603,49.044173048895495,33.81,2.0,headache,S021
-0.7,0.5,38.34839765158058,-18.98252263978489,48.962088481371715,33.81,2.0,headache,S021
-17.35,0.5,38.7428400164175,-18.625670142555034,49.03355862877741,33.81,2.0,headache,S021
10.32,0.49,38.79756371486297,-18.927809630774167,48.97590012391931,33.81,2.0,headache,S021
-63.09,0.49,38.411320792727984,-18.898033148261028,49.004959791072615,33.79,2.0,headache,S021
-14.34,0.49,38.85037665195552,-18.980361254397256,48.653454422933656,33.79,2.0,headache,S021
70.65,0.48,38.375884367116925,-19.029364267742057,49.001745503754876,33.79,2.0,headache,S021
-4.11,0.49,38.03769867181292,-18.89872676007291,48.91706908214322,33.79,2.0,headache,S021
6.14,0.48,38.608613195844185,-18.945009227265768,48.91949730457349,33.79,2.0,headache,S021
18.35,0.48,38.418893318188374,-19.01884345322898,49.03224435564604,33.79,2.0,headache,S021
-23.46,0.48,38.23747030400096,-18.990674333572933,48.8142452021129,33.79,2.0,headache,S021
20.06,0.48,38.25170022508338,-19.003895269644453,48.87689058108516,33.79,2.0,headache,S021
-1.93,0.49,37.90964882687929,-19.00141107013949,49.06727069625832,33.77,2.0,headache,S021
-24.26,0.47,38.19182945528134,-18.987206618792893,48.94785091306933,33.77,2.0,headache,S021
27.94,0.47,38.20714498200937,-18.873991083654563,49.043674097352415,33.77,2.0,headache,S021
-13.57,0.47,38.149374471208446,-19.01793557181814,48.96337518341723,33.77,2.0,headache,S021
-0.71,0.46,38.21406778952431,-18.989250230225995,49.028448348809704,33.75,2.0,headache,S021
30.8,0.46,38.24984115955372,-19.007962269504457,48.98563032610026,33.75,2.0,headache,S021
-16.4,0.47,38.50873311491511,-18.993528491757484,48.956494808877835,33.75,2.0,headache,S021
13.17,0.46,38.39965882775498,-19.005585682727958,48.88964827851692,33.75,2.0,headache,S021
14.64,0.46,38.15072127041103,-18.99493488204543,49.04730718609017,33.75,2.0,headache,S021
-24.15,0.46,37.95320364525432,-19.004811247399967,49.055254881073374,33.75,2.0,headache,S021
11.05,0.46,38.26863199101109,-18.995213587633422,49.089697035030575,33.75,2.0,headache,S021
11.84,0.47,38.05701241611403,-19.004989382125757,48.93005169783373,33.75,2.0,headache,S021
-25.34,0.46,38.20145087761627,-18.9945496932518,49.16712614747803,33.73,2.0,headache,S021
16.42,0.46,38.10237346376573,-19.006231057983953,49.20446603673793,33.73,2.0,headache,S021
13.97,0.45,37.91695303951556,-18.99263707555069,49.36657764776705,33.73,2.0,headache,S021
-18.29,0.46,37.738168245255174,-19.00738689296541,49.45431597569679,33.73,2.0,headache,S021
10.1,0.45,36.86060990259361,-18.73058216757768,50.05659245690556,33.73,2.0,headache,S021
3.4,0.45,36.975747684494195,-18.89145128210762,49.95227868692556,33.73,2.0,headache,S021
-25.0,0.45,37.42533172137183,-18.921626335188353,49.8592537199709,33.73,2.0,headache,S021
6.17,0.45,37.08982455994318,-18.906009414849446,50.069599173243304,33.73,2.0,headache,S021
17.65,0.45,36.90459347733889,-18.72766263959316,49.95136197819016,33.71,2.0,headache,S021
-11.9,0.44,37.1885573457051,-19.077311714145466,50.07963061360977,33.71,2.0,headache,S021
-9.84,0.45,36.8806536870857,-18.74100188411126,50.07185505397292,33.71,2.0,headache,S021
2.82,0.45,36.756370101170866,-19.016066244195763,50.014343444273536,33.71,2.0,headache,S021
-12.08,0.44,36.27461437378263,-18.957229319739707,50.057398388932526,33.73,2.0,headache,S021
0.26,0.45,36.98831388144868,-19.090473146138113,50.38927866755412,33.73,2.0,headache,S021
-6.06,0.45,36.45091366060349,-18.846520566936423,50.8623307941896,33.73,2.0,headache,S021
-19.48,0.44,33.916471408817856,-18.103464089611933,51.61087875395508,33.73,2.0,headache,S021
16.8,0.45,35.49735321514854,-18.629134669736114,51.57422530143309,33.71,2.0,headache,S021
1.05,0.45,36.015868937590334,-18.6637319417184,50.937833143375066,33.71,2.0,headache,S021
-22.22,0.44,35.85500926702658,-18.628527878723,50.97919676162451,33.71,2.0,headache,S021
18.51,0.44,36.7919256651484,-18.65885710362032,50.425717372388235,33.71,2.0,headache,S021
-1.7,0.44,36.246392679698545,-18.696884344072167,50.30631617237671,33.71,2.0,headache,S021
-21.9,0.44,35.9667517289279,-18.82768048174173,50.68590813302189,33.71,2.0,headache,S021
13.8,0.44,37.55504089447813,-18.936351151059018,50.178901350445365,33.71,2.0,headache,S021
-11.85,0.44,36.623342357561235,-18.428502136829657,50.20278597946105,33.71,2.0,headache,S021
12.01,0.44,36.69421952254445,-18.52414528540626,50.61756136699622,33.71,2.0,headache,S021
24.49,0.44,37.14957759393209,-18.82628537379863,50.26586527410466,33.71,2.0,headache,S021
-17.96,0.44,35.728345275728934,-18.608925318078025,50.651024201921345,33.71,2.0,headache,S021
5.05,0.46,37.12328375414564,-18.393586044925094,50.344560619575965,33.71,2.0,headache,S021
4.67,0.46,36.81604568775169,-18.794333892297114,50.02407707959167,33.68,2.0,headache,S021
-0.88,0.46,36.90151563112591,-18.592626824565908,50.08132534590918,33.68,2.0,headache,S021
16.13,0.47,36.650817342194905,-18.51549619434352,50.18920367947079,33.68,2.0,headache,S021
11.42,0.47,36.868710433121876,-18.529644665962483,50.034506016564876,33.68,2.0,headache,S021
-3.01,0.47,36.796028168510375,-18.717071164147594,50.22701673732689,33.68,2.0,headache,S021
-18.92,0.49,36.98626655165388,-18.695117061777545,50.044009437215074,33.68,2.0,headache,S021
-3.52,0.49,36.73310159675482,-18.351737691798593,50.400751972601164,33.68,2.0,headache,S021
-10.13,0.49,36.05869956704047,-18.349112337256308,50.50109226552429,33.68,2.0,headache,S021
-12.08,0.49,36.324677792745405,-18.406188001377735,50.86913952254465,33.66,2.0,headache,S021
11.7,0.49,36.474037352636095,-18.851722634015474,50.63329729226408,33.66,2.0,headache,S021
-12.16,0.48,35.803149115653284,-18.13565094712179,51.07159845849332,33.66,2.0,headache,S021
4.9,0.48,36.73888686089126,-18.89770492916649,50.37349239474609,33.66,2.0,headache,S021
14.54,0.48,37.02044990041473,-18.84874946171861,50.54813345626219,33.66,2.0,headache,S021
-13.06,0.48,36.75766429833422,-18.566829187363574,50.281205067535886,33.66,2.0,headache,S021
5.25,0.47,37.26858528728611,-17.92885899456563,49.99618972029706,33.66,2.0,headache,S021
15.31,0.47,37.38579077112169,-18.54306471166824,49.878568082490716,33.66,2.0,headache,S021
-31.05,0.47,37.81310578947232,-18.412112219336148,49.68987143749983,33.65,2.0,headache,S021
10.39,0.47,37.83726010440368,-18.530449107639587,49.428308367596635,33.65,2.0,headache,S021
23.68,0.47,37.108306306468954,-18.441050104698643,49.862279365142065,33.65,2.0,headache,S021
-10.66,0.46,37.082426944139776,-18.615871183119463,49.855710847675645,33.65,2.0,headache,S021
-10.91,0.45,36.79870770944038,-18.552042820978045,50.50952981257566,33.66,2.0,headache,S021
28.21,0.44,37.329078285136326,-18.369190154750054,49.92912819717326,33.66,2.0,headache,S021
-15.14,0.43,37.08808903135062,-18.8987938773672,49.75190644988946,33.66,2.0,headache,S021
-14.89,0.43,36.87852122980723,-19.067683570698936,50.22202504532307,33.66,2.0,headache,S021
1.37,0.43,36.22913111404374,-19.09539935826721,50.35202900834966,33.66,2.0,headache,S021
0.24,0.43,37.393543044923874,-19.014337509594988,49.97491230030514,33.66,2.0,headache,S021
24.53,0.44,36.8924437168706,-18.875085187262012,50.30154761083871,33.66,2.0,headache,S021
0.62,0.45,36.89218415126009,-18.881901667883486,50.487293198661455,33.66,2.0,headache,S021
-14.19,0.46,36.342821193475736,-18.945468080671965,50.1488833110558,33.66,2.0,headache,S021
16.65,0.46,36.678379537132976,-19.287691715507307,49.967206783940405,33.66,2.0,headache,S021
-78.15,0.45,36.537490703696264,-19.151597823021852,50.04752429170541,33.66,2.0,headache,S021
25.26,0.45,37.49677467350737,-19.57497020050809,49.18068535998082,33.66,2.0,headache,S021
-2.14,0.46,37.81265750142288,-19.508573347572796,49.86741879578439,33.66,2.0,headache,S021
14.38,0.47,36.68828691558838,-19.71689071676237,49.82269165474706,33.66,2.0,headache,S021
33.55,0.47,37.12244635742138,-19.202480970929674,49.619986347634125,33.66,2.0,headache,S021
-3.55,0.48,37.86151049380588,-18.751081968916854,49.0209679573803,33.66,2.0,headache,S021
30.99,0.48,38.2185120550398,-19.183547638365834,48.822932799014104,33.66,2.0,headache,S021
-43.71,0.48,38.402921083774615,-19.844796642589344,48.33783684445984,33.66,2.0,headache,S021
-17.64,0.48,38.06436490007782,-19.686169384376928,48.66771053199221,33.66,2.0,headache,S021
11.85,0.48,38.91251393892319,-19.65097890309163,48.16619800628669,33.66,2.0,headache,S021
-17.8,0.48,38.02561832618285,-19.466024810354853,48.89811635740811,33.63,2.0,headache,S021
4.72,0.47,38.73752027055815,-19.603588105335405,48.48186439693807,33.63,2.0,headache,S021
19.14,0.47,37.13115001255983,-19.769181658986277,49.683581379174036,33.63,2.0,headache,S021
35.82,0.47,35.274433958050196,-19.890446067738125,50.62540544740574,33.63,2.0,headache,S021
-19.79,0.49,35.32198876940338,-20.205860304386473,50.8970404112159,33.63,2.0,headache,S021
9.18,0.49,35.88641811584958,-19.457736487552857,50.33741043055381,33.63,2.0,headache,S021
-40.14,0.5,34.987402827139356,-18.623627196987517,50.77558919692705,33.63,2.0,headache,S021
-26.74,0.48,35.61514468807904,-18.711375523920477,51.495581070946564,33.63,2.0,headache,S021
45.33,0.48,35.90622189660019,-19.02646712643234,50.58487100323099,33.65,2.0,headache,S021
-20.67,0.47,35.356628720428155,-19.14848473497843,51.38768617719654,33.65,2.0,headache,S021
-41.55,0.46,35.93129602304035,-18.987813918482278,50.82504112224612,33.65,2.0,headache,S021
62.8,0.46,35.35534312772368,-19.499837460612387,51.116096761305904,33.65,2.0,headache,S021
33.47,0.47,34.7049120751972,-19.77360830702869,50.948208788113604,33.65,2.0,headache,S021
-17.37,0.46,34.551130447167345,-19.804989958877684,51.547434912229626,33.65,2.0,headache,S021
41.29,0.46,34.906004298101514,-19.908561090352794,51.243677229432926,33.65,2.0,headache,S021
15.04,0.46,34.9842833944793,-20.181787135678594,50.84747083144486,33.65,2.0,headache,S021
-63.0,0.47,35.377920537683686,-19.882634632086504,50.70189752879021,33.63,2.0,headache,S021
-17.48,0.46,35.54566377467867,-19.924833028375108,50.301809859280326,33.63,2.0,headache,S021
-26.66,0.45,34.819675748010056,-19.774016618773683,51.0239044539449,33.63,2.0,headache,S021
24.07,0.46,34.9065244999975,-19.775243979207577,51.257267083065855,33.63,2.0,headache,S021
14.93,0.45,35.31952736441277,-20.523323054208053,50.38941111386132,33.63,2.0,headache,S021
20.05,0.43,35.048385207255286,-20.120553370050516,50.27066339360116,33.63,2.0,headache,S021
-19.35,0.44,35.02058177435744,-19.742253570716773,51.235729609487436,33.63,2.0,headache,S021
0.86,0.44,34.93473260096316,-19.847350980736685,51.472599367553464,33.63,2.0,headache,S021
50.45,0.44,35.491959955218924,-19.539503914404342,50.95283797239079,33.63,2.0,headache,S021
34.96,0.44,35.931806531422524,-20.090755438888287,50.604338433230126,33.63,2.0,headache,S021
-34.49,0.45,36.73995000185161,-19.13031214993592,50.06567686768607,33.63,2.0,headache,S021
4.61,0.44,36.65164932337531,-18.8805614199779,49.28677929727903,33.63,2.0,headache,S021
-49.35,0.44,38.09106085553237,-20.24700464499026,49.586252929393595,33.61,2.0,headache,S021
-15.26,0.44,38.006490688076866,-19.67288126464958,48.99955281782838,33.61,2.0,headache,S021
-29.85,0.44,37.876555301455156,-19.84215380349695,49.45509115705103,33.61,2.0,headache,S021
79.76,0.44,37.84562149570373,-19.546899459923395,48.736452114904175,33.61,2.0,headache,S021
21.9,0.44,39.12293454175181,-19.448553714614242,48.03642402148672,33.63,2.0,headache,S021
-107.71,0.44,37.28212649938337,-20.140154215608902,48.823231535411786,33.63,2.0,headache,S021
12.6,0.45,37.59651620725225,-19.604364190360936,49.18732894639378,33.63,2.0,headache,S021
-1.96,0.45,38.50267153624593,-20.10887319599872,49.28042092589435,33.63,2.0,headache,S021
-0.67,0.45,35.845512083901895,-19.859169347069724,50.368424601463595,33.61,2.0,headache,S021
-26.2,0.45,34.98194938850319,-19.18459992408706,50.48899115899466,33.61,2.0,headache,S021
18.88,0.45,35.88692658221535,-19.410234817785977,50.67159199911218,33.61,2.0,headache,S021
-18.31,0.44,34.53552969932956,-19.743385473053003,51.510584422359,33.61,2.0,headache,S021
29.93,0.44,35.772053270207,-18.848188708790712,50.666963919978606,33.61,2.0,headache,S021
56.64,0.46,36.01838065936729,-18.724046473139623,50.75106530340855,33.61,2.0,headache,S021
-14.5,0.44,37.16992981274836,-19.662480254079302,49.885739444029646,33.61,2.0,headache,S021
-0.01,0.44,37.20171580057676,-19.25646438785106,49.017472584335636,33.61,2.0,headache,S021
7.17,0.45,36.78793018575455,-19.61968316311565,50.256802237379894,33.61,2.0,headache,S021
-2.51,0.46,36.105593001327804,-19.416364082131835,49.89983442516492,33.61,2.0,headache,S021
12.51,0.48,36.61977636319934,-19.47697938481093,49.82105360572619,33.61,2.0,headache,S021
-53.1,0.51,37.48771877454507,-19.881428674148534,49.32997680099106,33.61,2.0,headache,S021
22.3,0.53,37.82128833309527,-19.64668403653878,49.3491124777451,33.63,2.0,headache,S021
10.73,0.53,36.774614449498216,-19.369489541651483,49.7983027736352,33.63,2.0,headache,S021
13.91,0.54,36.96826609775998,-19.16666665292286,49.95180816215686,33.63,2.0,headache,S021
24.69,0.53,37.628106384609296,-18.768164703689507,49.30294768427061,33.63,2.0,headache,S021
-13.65,0.53,38.39172962124848,-19.256516422407408,49.43998817745343,33.59,2.0,headache,S021
-36.99,0.53,37.19480209022852,-19.337911374802328,49.59663475969114,33.59,2.0,headache,S021
8.23,0.53,36.39830532097987,-19.45154417333851,50.258053352759966,33.59,2.0,headache,S021
0.07,0.53,35.55923529141503,-19.230291576987405,50.569030209612606,33.59,2.0,headache,S021
5.63,0.52,35.98995774451818,-19.640600725700452,50.61172267024858,33.59,2.0,headache,S021
-16.05,0.52,35.99926409093291,-20.178115792351388,50.23721589373157,33.59,2.0,headache,S021
7.59,0.54,36.17561407608308,-19.496687561353987,50.28690282217442,33.59,2.0,headache,S021
32.75,0.54,36.012077285747274,-20.508236620700895,49.42833539528967,33.59,2.0,headache,S021
26.52,0.55,38.439685063425586,-20.142623979867402,48.74969360977014,33.57,2.0,headache,S021
-1.43,0.58,33.03484986514756,-20.941848605892538,51.473576338330176,33.57,2.0,headache,S021
-8.98,0.6,33.762124268677354,-19.65571376553699,51.65270464620905,33.57,2.0,headache,S021
4.05,0.58,33.76532298515157,-20.13164192778497,51.622508321343474,33.57,2.0,headache,S021
-18.09,0.59,33.965153747808486,-21.108664862256273,51.3597624397991,33.59,2.0,headache,S021
-76.3,0.59,34.860571299021636,-20.679630819085727,50.81883956557471,33.59,2.0,headache,S021
11.41,0.58,32.980802857592195,-20.018127857320213,52.1308080401503,33.59,2.0,headache,S021
51.0,0.57,33.95174996350853,-19.197303302889708,51.587628792947974,33.59,2.0,headache,S021
7.04,0.59,36.27193267021679,-19.12072450775002,50.44459794087349,33.57,2.0,headache,S021
-79.25,0.59,36.0520439122203,-19.46655407661888,50.666201238455756,33.57,2.0,headache,S021
-19.51,0.58,35.93439970846517,-18.787383478202663,50.48574722873013,33.57,2.0,headache,S021
87.06,0.59,35.45332319553588,-19.77102432092145,50.78971061632304,33.57,2.0,headache,S021
9.32,0.58,36.924305889299,-20.057886680535248,50.01557147456184,33.59,2.0,headache,S021
-56.46,0.59,38.54684846892018,-20.186157217101293,48.57945053811556,33.59,2.0,headache,S021
16.45,0.61,36.90614548134109,-19.998101381760755,49.17488402750335,33.59,2.0,headache,S021
44.48,0.59,35.742136996777916,-20.243396861680058,50.5915446933705,33.59,2.0,headache,S021
28.75,0.6,37.6771131076745,-19.75943930613819,48.83131424463555,33.57,2.0,headache,S021
9.07,0.59,39.31716457050924,-19.874468854791747,47.834428844324954,33.57,2.0,headache,S021
-59.46,0.59,37.978685321802296,-19.916803637950085,48.43271492404173,33.57,2.0,headache,S021
-70.15,0.58,38.4896301239451,-19.96102154495772,48.52552837936361,33.57,2.0,headache,S021
27.24,0.57,38.896654642803625,-20.452279125737945,48.32604158100512,33.57,2.0,headache,S021
68.33,0.56,37.722153445986116,-20.649355998912995,48.68448721240848,33.57,2.0,headache,S021
-58.66,0.56,38.458536340787795,-20.59984334097128,48.27551470671465,33.57,2.0,headache,S021
7.6,0.56,39.265062528493495,-20.287091080149384,47.538519272259826,33.57,2.0,headache,S021
20.37,0.55,39.55796550275692,-20.5234244207064,47.600563488243694,33.59,2.0,headache,S021
-19.25,0.55,38.92473486953234,-20.078669894345428,47.48900558501607,33.59,2.0,headache,S021
37.33,0.55,39.803201956960024,-20.73287874562447,47.48566289047033,33.59,2.0,headache,S021
15.54,0.55,40.25743147805462,-20.420434315007288,47.2730942461308,33.59,2.0,headache,S021
-59.96,0.55,39.86847027969432,-20.491154249278004,46.97784836982241,33.57,2.0,headache,S021
15.0,0.55,40.00848190516761,-20.244213180486167,47.0102801413131,33.57,2.0,headache,S021
-19.38,0.55,40.06854154629895,-20.288450357858345,46.995060123578654,33.57,2.0,headache,S021
23.45,0.55,39.579372229878835,-20.32679599998128,46.81683483979896,33.57,2.0,headache,S021
-28.45,0.55,38.3091234650266,-19.634394469392003,47.94174329724564,33.57,2.0,headache,S021
-39.39,0.55,39.04565268707377,-19.897818373232806,48.28378200278176,33.57,2.0,headache,S021
15.84,0.56,39.6797527623181,-19.42470632223864,47.365549847515226,33.57,2.0,headache,S021
-22.12,0.54,40.01026781556469,-19.40473717937405,47.230117715461034,33.57,2.0,headache,S021
-32.11,0.54,40.96795325544568,-20.532159798191216,46.729322543307966,33.55,2.0,headache,S021
57.5,0.55,40.56315356376031,-19.950223942521514,46.59187368384555,33.55,2.0,headache,S021
38.4,0.55,39.17994929487647,-20.304474033385837,47.6037569056354,33.55,2.0,headache,S021
0.18,0.56,37.45803486151722,-20.363435078202944,49.26746348659151,33.55,2.0,headache,S021
2.18,0.57,36.553595492827625,-20.625246714554958,49.63963260308491,33.57,2.0,headache,S021
-67.62,0.58,37.748468779100385,-20.17051631413379,48.87115398615016,33.57,2.0,headache,S021
41.95,0.56,37.08112563948706,-20.40732994232683,49.20417080300896,33.57,2.0,headache,S021
38.8,0.57,39.03666644650923,-20.016724418632126,47.4725193706336,33.57,2.0,headache,S021
-24.55,0.57,39.665200808194314,-20.437125498250143,47.74501949053568,33.57,2.0,headache,S021
11.5,0.58,38.68788442703316,-19.92566295208593,47.214461590209524,33.57,2.0,headache,S021
3.6,0.57,38.59776701237417,-20.818554661164704,48.126959784253124,33.57,2.0,headache,S021
36.1,0.57,39.07557205607417,-20.765339846370487,47.6134431318531,33.57,2.0,headache,S021
1.75,0.58,39.16845143669902,-20.516041238606974,47.426849740538444,33.55,2.0,headache,S021
-22.7,0.58,39.289329186060925,-20.711092378922263,47.07441557922372,33.55,2.0,headache,S021
29.89,0.58,40.00278428946977,-20.76630844261081,46.62430608683906,33.55,2.0,headache,S021
5.77,0.59,41.491961139260454,-21.088540939688155,45.620513419633,33.55,2.0,headache,S021
21.24,0.6,41.49738844406053,-20.93147230258104,45.0733484177253,33.57,2.0,headache,S021
-10.45,0.59,42.683340953515554,-21.06003346352213,44.25228259421086,33.57,2.0,headache,S021
-16.64,0.6,42.12919536992544,-20.942827993308413,44.4908245816079,33.57,2.0,headache,S021
-26.97,0.6,42.62066756785146,-20.921971162588118,44.519011428877725,33.57,2.0,headache,S021
-10.71,0.6,41.62815200319336,-21.069296212743733,44.62562200960209,33.57,2.0,headache,S021
-7.33,0.61,42.3059502946998,-21.07691758334504,44.41628906093261,33.57,2.0,headache,S021
0.12,0.64,41.66730128206676,-20.900826367486456,44.59055922683396,33.57,2.0,headache,S021
-24.38,0.67,42.70915020514216,-21.305765514264458,44.214504407239126,33.57,2.0,headache,S021
16.57,0.69,41.71598280317786,-21.61844452781696,45.05588992137255,33.55,2.0,headache,S021
7.55,0.7,41.46009155687162,-20.78661059553335,44.2745791076108,33.55,2.0,headache,S021
-12.45,0.71,40.33834762732767,-20.07872825474636,45.793660697472355,33.55,2.0,headache,S021
11.51,0.73,41.56996009132698,-20.011346772143813,45.90982061058894,33.55,2.0,headache,S021
-31.06,0.76,43.67820801667287,-20.179878099607038,43.77940042536293,33.53,2.0,headache,S021
-34.6,0.75,43.049663195126435,-20.70102079919777,44.44703477418101,33.53,2.0,headache,S021
43.51,0.74,43.1534595087174,-21.023535412491963,44.02761278298731,33.53,2.0,headache,S021
83.25,0.73,43.29278085452667,-20.848493944812162,44.04421725957837,33.53,2.0,headache,S021
56.86,0.72,42.84294384660943,-20.73558490564308,44.075700836868194,33.55,2.0,headache,S021
-39.03,0.71,42.55139641046071,-21.07830758139475,44.571134213620354,33.55,2.0,headache,S021
-57.77,0.7,41.82864635584307,-21.038035064172163,44.93984145024877,33.55,2.0,headache,S021
-13.82,0.7,42.60722402699771,-21.377452594368293,44.49775479545802,33.55,2.0,headache,S021
-12.8,0.7,41.10195858373106,-21.572484046558316,45.56541902643495,33.55,2.0,headache,S021
0.87,0.7,41.41678709871503,-21.551443259418924,45.284286922135365,33.55,2.0,headache,S021
-14.86,0.68,40.86499673271463,-21.109370927128662,45.972957473809046,33.55,2.0,headache,S021
8.44,0.68,41.3409835814471,-21.1745215165825,46.023368786356606,33.55,2.0,headache,S021
-10.75,0.7,41.292410359015975,-20.81887138567025,45.89286731578529,33.55,2.0,headache,S021
28.27,0.72,40.15628462412603,-21.221529538237736,45.644654966985605,33.55,2.0,headache,S021
29.44,0.75,42.12635311763261,-21.17404774083043,44.77841931493547,33.55,2.0,headache,S021
17.25,0.76,42.807079349973485,-21.086834480648655,43.75161578759738,33.55,2.0,headache,S021
6.16,0.77,43.14947102010489,-20.551954008156436,45.17515628028095,33.59,2.0,headache,S021
-15.05,0.77,39.520558086875276,-20.179988928144947,46.39028740735577,33.59,2.0,headache,S021
-29.17,0.76,42.044894510817805,-20.330722483001527,45.03602435593307,33.59,2.0,headache,S021
-74.29,0.77,43.34034906246739,-20.385542068397847,44.029576437379816,33.59,2.0,headache,S021
-58.63,0.8,43.349970743280515,-20.884208632508706,44.014776074074746,33.55,2.0,headache,S021
83.58,0.85,42.47853926079929,-20.87642350494036,44.406089348719966,33.55,2.0,headache,S021
87.78,0.91,42.99883485445237,-20.789093970166345,44.165580887644836,33.55,2.0,headache,S021
-35.8,0.93,43.04479787115914,-20.813910587750904,43.98664344774264,33.55,2.0,headache,S021
-48.6,0.93,43.19207465215389,-20.678499885782138,44.1272673175433,33.55,2.0,headache,S021
-17.94,0.94,42.182323166354344,-20.518680674224402,44.403846961568725,33.55,2.0,headache,S021
21.21,0.96,42.79995025860544,-20.55282250648803,44.24054452414285,33.55,2.0,headache,S021
10.0,0.98,43.688010934403685,-20.899035427364083,43.71676808309418,33.55,2.0,headache,S021
-13.1,0.98,43.72365459130657,-20.685073675604464,43.53028678011439,33.57,2.0,headache,S021
10.54,1.0,43.35989828558059,-21.03398359644041,43.96151218905604,33.57,2.0,headache,S021
11.59,1.02,43.20112104741124,-20.606555983202938,43.92253376488595,33.57,2.0,headache,S021
4.26,0.97,42.7774644404768,-20.52752683886008,44.12664936700791,33.57,2.0,headache,S021
-8.81,0.96,43.34574424161033,-20.678556525982092,43.966549821506845,33.55,2.0,headache,S021
-11.87,0.94,43.56740771017155,-20.52270392621147,44.01268508102108,33.55,2.0,headache,S021
13.25,0.93,43.31369902063758,-20.380606377749885,44.17168606734067,33.55,2.0,headache,S021
-5.04,0.94,42.345041298949965,-20.96197036783114,44.5114044782739,33.55,2.0,headache,S021
22.96,0.97,42.096015551769156,-21.03159519602356,44.65949451958609,33.55,2.0,headache,S021
3.07,0.99,42.5744788426591,-21.05407874831632,44.33637867485149,33.55,2.0,headache,S021
-2.7,1.01,43.27800001214503,-20.995010633074195,44.04825952296838,33.55,2.0,headache,S021
2.79,1.03,43.67223379621012,-20.979027953346897,43.495051888082564,33.55,2.0,headache,S021
-13.71,1.01,43.44492833284767,-21.19220036354385,43.31850256726402,33.55,2.0,headache,S021
16.07,1.02,43.45958193058958,-20.801963377713935,43.69400180039518,33.55,2.0,headache,S021
1.67,1.01,42.2746323098817,-20.476648846501746,44.470194437593904,33.55,2.0,headache,S021
10.01,1.05,42.91979610676391,-20.866999405091377,44.37368522785276,33.55,2.0,headache,S021
-3.09,1.12,42.44154289021414,-20.776291122708137,44.63574479287734,33.55,2.0,headache,S021
5.16,1.19,42.646410644707714,-20.847697292602515,44.537824492305894,33.55,2.0,headache,S021
37.97,1.24,43.04589380088254,-20.88182971507092,44.54345599068601,33.55,2.0,headache,S021
15.53,1.3,42.59800889412604,-20.84788912559852,44.12186333259387,33.55,2.0,headache,S021
-28.06,1.3,42.85661815898146,-20.82891106873772,44.337114409343776,33.53,2.0,headache,S021
2.5,1.3,42.766786264959364,-20.796373486753794,44.021852350889304,33.53,2.0,headache,S021
20.85,1.31,43.09417477444863,-20.886474083462005,43.72167231614894,33.53,2.0,headache,S021
-21.97,1.32,43.60302468914203,-20.64879863214017,43.70034421024121,33.53,2.0,headache,S021
-39.74,1.32,43.64751897360926,-21.111738435213788,43.602641498682544,33.55,2.0,headache,S021
-10.93,1.37,43.35503282444081,-20.670907439161144,43.24970017844968,33.55,2.0,headache,S021
1.73,1.39,44.22212390633829,-20.46531284391149,43.63021901403833,33.55,2.0,headache,S021
-0.88,1.37,43.61931228883644,-20.82448822447618,43.328622399841265,33.55,2.0,headache,S021
5.05,1.38,44.13762223877701,-20.853710397595496,43.223672642222986,33.55,2.0,headache,S021
47.68,1.37,43.895604014567745,-20.745338500282333,43.18677772632723,33.55,2.0,headache,S021
59.41,1.36,44.07917864235878,-20.923067255092196,43.31804040609206,33.55,2.0,headache,S021
-60.27,1.35,43.93387739645413,-20.898960974121223,43.015019179650295,33.55,2.0,headache,S021
-21.19,1.35,43.20661045067837,-20.93940643734884,43.953670029093495,33.53,2.0,headache,S021
-8.22,1.34,42.416022471286695,-20.638240954355567,44.426887310149596,33.53,2.0,headache,S021
-5.24,1.32,42.386087184553794,-20.822696996669556,44.37570810489577,33.53,2.0,headache,S021
-17.07,1.37,43.302326240187256,-21.03645122033534,44.31342102188659,33.53,2.0,headache,S021
-37.67,1.39,42.61865859425068,-21.17193727338371,44.3869674032552,33.53,2.0,headache,S021
-28.92,1.38,42.29635439370219,-21.129651268269967,44.376959230966726,33.53,2.0,headache,S021
3.29,1.38,42.42841542429247,-21.076478258411317,44.62083644575279,33.53,2.0,headache,S021
69.47,1.38,41.46376431953265,-20.98824967078271,45.22978085371,33.53,2.0,headache,S021
-33.01,1.37,42.53497706436335,-21.32967500345379,45.015031276161636,33.5,2.0,headache,S021
47.39,1.38,41.803035827479654,-21.8127556519246,44.21709538777485,33.5,2.0,headache,S021
-1.29,1.37,42.28445092617582,-21.270842856628335,44.29586822980795,33.5,2.0,headache,S021
-32.62,1.36,42.42550966626192,-21.21638470577406,44.09111719486275,33.5,2.0,headache,S021
33.82,1.36,42.45264798390797,-21.86366633454021,44.31793296244956,33.5,2.0,headache,S021
4.14,1.36,41.95195822296105,-21.588773220750298,44.362986062484964,33.5,2.0,headache,S021
34.36,1.36,42.84866790545317,-21.350018202656944,44.123946966773,33.5,2.0,headache,S021
-45.07,1.35,41.97317100791279,-21.274533263823788,44.34051303637455,33.5,2.0,headache,S021
-16.1,1.35,42.6608518902453,-21.817427751852886,43.99939470907764,33.5,2.0,headache,S021
-2.9,1.36,43.986408308325885,-21.564035733534165,42.630602409311656,33.5,2.0,headache,S021
31.88,1.35,44.06677870104761,-21.730763755587706,42.57849957582312,33.5,2.0,headache,S021
-19.03,1.33,44.68362964576285,-21.752968001510204,42.241377100135196,33.5,2.0,headache,S021
34.16,1.32,44.723291468741245,-21.61748360840088,41.9854833095966,33.5,2.0,headache,S021
-28.1,1.31,44.87002681998453,-21.26102029715536,42.01369423452164,33.5,2.0,headache,S021
-67.42,1.3,45.02502997053411,-21.517459669775914,42.168555559484005,33.5,2.0,headache,S021
1.65,1.29,44.76755975477107,-21.421849925765557,42.19315231826194,33.5,2.0,headache,S021
7.62,1.28,44.85172516081209,-21.352750641946347,42.41437677747511,33.53,2.0,headache,S021
-4.1,1.28,43.68549635785818,-21.273952416245166,42.79298915298582,33.53,2.0,headache,S021
35.74,1.28,44.89491544720877,-20.527390443139932,42.96171131253636,33.53,2.0,headache,S021
-13.28,1.26,44.51961432744359,-20.124885542431805,42.897418810905116,33.53,2.0,headache,S021
20.49,1.22,43.777769833901736,-19.59585731077636,44.36178091453091,33.5,2.0,headache,S021
-36.53,1.21,42.45030732324365,-20.07714072478024,44.77638958865229,33.5,2.0,headache,S021
-44.52,1.21,43.537431465832526,-20.62395173063247,43.78191309526853,33.5,2.0,headache,S021
99.36,1.22,43.42544339139599,-20.672277525961498,43.828647586235284,33.5,2.0,headache,S021
29.87,1.25,43.64444454375428,-20.926022165429398,43.59614086792922,33.53,2.0,headache,S021
-1.52,1.28,43.513930218766895,-20.898566432327915,43.882292627251644,33.53,2.0,headache,S021
47.52,1.29,42.953273804116016,-21.026157619391928,43.70776810495713,33.53,2.0,headache,S021
-59.5,1.32,43.69673106314661,-21.155417563008683,43.402184417409586,33.53,2.0,headache,S021
-37.49,1.34,43.789948232048665,-21.005850783351367,43.2516855353575,33.5,2.0,headache,S021
22.59,1.35,43.72648158371766,-20.45746668602579,43.20609921208244,33.5,2.0,headache,S021
-2.24,1.35,44.78513922021019,-21.59282529093956,42.29691498970074,33.5,2.0,headache,S021
-4.52,1.34,44.95433564155651,-21.414909114160196,41.96735042725967,33.5,2.0,headache,S021
-2.32,1.35,44.604217603242006,-21.655291360956696,41.91976079251243,33.5,2.0,headache,S021
7.41,1.35,45.434043116815786,-21.81772043277034,41.41605378469516,33.5,2.0,headache,S021
2.7,1.34,46.68046260337814,-21.987824406695626,39.8895233459759,33.5,2.0,headache,S021
-21.12,1.33,46.883172206438914,-23.274595635937914,40.68748082999199,33.5,2.0,headache,S021
4.77,1.34,38.39863325977522,-22.033746634928495,45.67767749303411,33.5,2.0,headache,S021
9.57,1.33,42.12293981547431,-22.077842726269623,44.58732899377775,33.5,2.0,headache,S021
-14.37,1.33,42.3199881852776,-20.519854448037748,44.67222866219166,33.5,2.0,headache,S021
-4.36,1.35,43.15609090613649,-19.83713284075099,44.82069020246897,33.5,2.0,headache,S021
36.02,1.38,41.86874049643742,-19.864666573457015,45.534403533907685,33.47,2.0,headache,S021
47.03,1.39,42.938291576742834,-19.442663746334276,45.112312408440296,33.47,2.0,headache,S021
-41.75,1.41,42.34224055723527,-20.41913348179112,45.20321448345689,33.47,2.0,headache,S021
-44.47,1.43,40.791592980330776,-21.18986341762512,45.35784527326483,33.47,2.0,headache,S021
-23.81,1.45,42.151974699558934,-23.2263067345073,44.46683688928631,33.43,2.0,headache,S021
61.94,1.46,41.97317139902896,-22.32394521867585,44.57561353029833,33.43,2.0,headache,S021
-4.13,1.42,42.03580953345182,-21.93401004179365,44.26421736748617,33.43,2.0,headache,S021
33.48,1.42,41.55209053821108,-21.59979175769156,45.09615686543992,33.43,2.0,headache,S021
-1.32,1.44,41.58224891302263,-21.065868226889844,45.15408544751945,33.41,2.0,headache,S021
-51.35,1.44,41.77598537994073,-20.141897725994244,45.968131107084226,33.41,2.0,headache,S021
1.71,1.45,40.754864114198156,-19.484498678962296,46.51882603879079,33.41,2.0,headache,S021
8.24,1.45,41.019078184919024,-19.443683076213965,46.36799605613639,33.41,2.0,headache,S021
31.36,1.45,41.002575820785005,-20.75973594522061,45.86382383195538,33.41,2.0,headache,S021
13.24,1.45,40.828994465994896,-20.582857431676974,46.32632521409337,33.41,2.0,headache,S021
-3.93,1.45,41.142975432307324,-19.69740253892681,46.52307496341304,33.41,2.0,headache,S021
-1.25,1.46,39.865550142014854,-21.057925351885395,46.63549304118112,33.41,2.0,headache,S021
-35.37,1.4,39.322197303999296,-22.708951793459075,46.4823601844502,33.41,2.0,headache,S021
-16.19,1.42,40.950218609676114,-20.865093544272206,46.32651027113885,33.41,2.0,headache,S021
-19.97,1.43,40.41604538827646,-21.361296778500975,45.64692926330881,33.41,2.0,headache,S021
55.57,1.44,41.60546079568987,-21.127328412920804,45.26485823376659,33.41,2.0,headache,S021
8.98,1.44,41.72681869620343,-20.35066176208507,45.046243222025424,33.39,2.0,headache,S021
-52.84,1.45,42.01570673021599,-19.563189859127984,45.40902644954709,33.39,2.0,headache,S021
24.27,1.45,41.9322060400166,-18.862283052738963,46.03122508855804,33.39,2.0,headache,S021
-15.08,1.45,41.69781682968883,-19.330146597559843,45.92328471690161,33.39,2.0,headache,S021
-11.29,1.46,41.86774895193688,-20.31868037866946,45.60222481956112,33.39,2.0,headache,S021
-2.27,1.46,41.720781009801534,-21.41685040263265,44.92630061024181,33.39,2.0,headache,S021
-9.59,1.46,41.591765849050915,-21.69291598745026,45.37459398963608,33.39,2.0,headache,S021
13.06,1.46,41.017843507450976,-20.41987729630982,45.94903604897004,33.39,2.0,headache,S021
-7.17,1.46,40.80866661368517,-20.704672389881814,46.124815011335436,33.39,2.0,headache,S021
-9.46,1.46,40.62486092370974,-20.732044362719375,46.24429241287852,33.39,2.0,headache,S021
8.94,1.46,40.37127731617909,-20.419091639343822,46.296418117390665,33.39,2.0,headache,S021
-3.44,1.47,40.63217223533131,-20.870932781075897,46.290660880483124,33.39,2.0,headache,S021
30.18,1.49,40.705928611001845,-20.63352378320791,46.18622605794064,33.39,2.0,headache,S021
-3.81,1.5,40.57619840184617,-20.464290735145447,46.135006546760906,33.39,2.0,headache,S021
-9.45,1.55,41.03474045601165,-20.471233618343163,45.92893556889285,33.39,2.0,headache,S021
13.87,1.57,40.581664287740175,-20.726598434584453,46.16910690826896,33.39,2.0,headache,S021
-20.82,1.59,40.569394356335955,-20.621163057961745,46.26736582806492,33.37,2.0,headache,S021
-2.62,1.61,40.76965985173258,-20.714818702015716,46.45882737968349,33.37,2.0,headache,S021
12.19,1.62,40.89140683698183,-20.514943819954958,46.4025166134803,33.37,2.0,headache,S021
-21.46,1.62,40.79373847757836,-20.56023838365316,46.204385078842705,33.37,2.0,headache,S021
26.57,1.62,40.973931904824525,-20.625302964189636,46.14800386466835,33.37,2.0,headache,S021
3.42,1.62,40.64753795107498,-20.515094982207863,46.016431083026184,33.37,2.0,headache,S021
-11.95,1.61,41.25277038212247,-20.654696487027824,46.0130314127464,33.37,2.0,headache,S021
11.29,1.61,40.822547144191326,-20.770545039074264,46.28327553827789,33.37,2.0,headache,S021
4.63,1.63,41.18209628534282,-20.878702925167495,45.73075344930766,33.34,2.0,headache,S021
-22.53,1.64,40.44078609450743,-20.526358500567294,46.29975450073402,33.34,2.0,headache,S021
15.29,1.65,39.848978432972814,-20.341298779680677,46.768642709656724,33.34,2.0,headache,S021
3.8,1.63,39.46690062819888,-21.003807117663335,47.56702017706438,33.34,2.0,headache,S021
-15.39,1.63,40.250807495774175,-20.7610727312987,46.63130456405419,33.34,2.0,headache,S021
-9.12,1.62,39.25139739176262,-21.046229366583546,46.870889039119646,33.34,2.0,headache,S021
-30.58,1.64,39.51318071483463,-21.498487008242954,47.532215788657645,33.34,2.0,headache,S021
-49.49,1.63,38.59229769738107,-21.360513460276234,47.521708867168684,33.34,2.0,headache,S021
57.58,1.63,36.87526162592156,-21.18469289662106,49.057270361155126,33.37,2.0,headache,S021
54.46,1.63,37.687232430846194,-21.51503960707312,47.97785648763636,33.37,2.0,headache,S021
0.24,1.61,38.10631417193431,-21.599384306009362,48.013999794363635,33.37,2.0,headache,S021
25.33,1.61,39.89547009602865,-20.90375673125878,47.19359647310009,33.37,2.0,headache,S021
15.88,1.6,39.850235298025915,-21.00151020789061,47.09943543192068,33.41,2.0,headache,S021
-39.52,1.59,40.11216142863226,-21.054541736978017,46.70620097795743,33.41,2.0,headache,S021
29.3,1.57,40.36803990209305,-20.833164954754444,46.3212772162628,33.41,2.0,headache,S021
-11.86,1.56,40.55225694648449,-21.184090105141784,46.16409198751814,33.41,2.0,headache,S021
-83.77,1.56,40.309351076185656,-21.002065517783418,46.08476884990502,33.47,2.0,headache,S021
37.81,1.57,40.94946374503054,-20.84583628448263,46.17174358450388,33.47,2.0,headache,S021
25.28,1.58,39.945582015465384,-21.039650627087138,46.37496678562191,33.47,2.0,headache,S021
-11.63,1.58,40.53430298109014,-20.821937302940665,46.452087902629636,33.47,2.0,headache,S021
24.25,1.57,39.84762406764881,-20.786927228128203,46.74397028296199,33.49,2.0,headache,S021
-21.45,1.58,39.90720737371129,-20.72461708875679,46.866829056060595,33.49,2.0,headache,S021
-13.66,1.59,40.46998652854642,-20.850377730736252,46.600641462819006,33.49,2.0,headache,S021
13.5,1.58,39.9198166510653,-20.867344328590086,46.506015855419925,33.49,2.0,headache,S021
-30.39,1.57,39.8544548420461,-20.92348121450073,46.824400599046555,33.47,2.0,headache,S021
20.2,1.57,40.512998656949286,-20.99885678823153,46.51471982815875,33.47,2.0,headache,S021
30.74,1.56,40.62475138877171,-21.018473979136328,46.116662582083144,33.47,2.0,headache,S021
-32.52,1.55,40.81973907310728,-20.947810329772526,45.97315807525298,33.47,2.0,headache,S021
5.28,1.55,40.5607224491338,-20.94980172363624,46.06184201905097,33.47,2.0,headache,S021
24.26,1.55,41.03496174288528,-21.31787557056487,45.14688715661011,33.47,2.0,headache,S021
-17.98,1.54,41.00048147640801,-21.262938281702716,45.405151153877455,33.47,2.0,headache,S021
-7.35,1.54,41.816170041012136,-21.1996288307301,45.655346198636686,33.47,2.0,headache,S021
6.16,1.53,39.88048345808365,-21.961443018009525,46.15465915616009,33.47,2.0,headache,S021
0.88,1.54,40.57822183443379,-21.847278778128953,46.33186209193371,33.47,2.0,headache,S021
-11.24,1.54,39.68109381369361,-21.694686684806545,46.69524436427446,33.47,2.0,headache,S021
0.94,1.53,40.89204545811668,-21.714076664029932,45.70851370429906,33.47,2.0,headache,S021
-11.37,1.52,40.57756604532006,-21.21387878001609,45.64845896815615,33.47,2.0,headache,S021
25.52,1.52,41.426033242907046,-21.936009474424324,45.14808669668095,33.47,2.0,headache,S021
16.68,1.52,41.16992023651191,-22.547123358644313,44.7351851095536,33.47,2.0,headache,S021
12.08,1.51,42.63970481501688,-22.28776620630562,44.020183125563804,33.47,2.0,headache,S021
-9.79,1.5,43.230235846458456,-22.173757846856315,43.79229706576716,33.49,2.0,headache,S021
-15.1,1.49,43.33640027589975,-22.069803049026582,42.684625329790904,33.49,2.0,headache,S021
14.35,1.49,43.86750327198451,-22.764267644799336,41.68430593207633,33.49,2.0,headache,S021
23.55,1.47,46.815155472333345,-23.060665343319652,39.56455041340417,33.49,2.0,headache,S021
-38.27,1.45,46.994756452866916,-22.917672176040575,38.966976484582254,33.49,2.0,headache,S021
-27.74,1.45,47.207799341528364,-22.258639439261795,39.988916469100765,33.49,2.0,headache,S021
6.45,1.47,44.98312508355605,-21.83634264364302,41.522010335803735,33.49,2.0,headache,S021
52.25,1.49,45.40312056891077,-21.024082390729845,41.78616537182584,33.49,2.0,headache,S021
3.88,1.52,45.18112682897305,-21.34936871789253,41.853757862480144,33.47,2.0,headache,S021
-86.25,1.54,44.86400876257626,-21.462386560512105,42.001067751292624,33.47,2.0,headache,S021
-45.06,1.56,45.50703015377162,-21.420878501128986,41.83233120608799,33.47,2.0,headache,S021
73.15,1.57,45.07070018293297,-20.940446588370563,41.91923694975353,33.47,2.0,headache,S021
-66.84,1.58,46.40576896541292,-21.113915371806907,40.93049764851611,33.43,2.0,headache,S021
29.8,1.58,45.87554848570855,-20.896934060120653,41.71430399959451,33.43,2.0,headache,S021
39.69,1.58,43.41153756860942,-20.494812869620514,43.38545015709736,33.43,2.0,headache,S021
-37.32,1.58,42.48386714354002,-20.90609893599213,44.14543124914561,33.43,2.0,headache,S021
67.07,1.59,44.423520303724395,-21.151716053282765,42.82976906951437,33.34,2.0,headache,S021
-76.18,1.56,45.35769995823654,-20.426038903782896,42.315376193796645,33.34,2.0,headache,S021
-70.59,1.55,42.88187328145713,-20.831917268520968,43.6741184589992,33.34,2.0,headache,S021
148.38,1.58,44.63222864501512,-19.662516257830955,42.04115855462716,33.34,2.0,headache,S021
87.0,1.59,46.46157659031984,-20.475058573659755,41.16561011752603,33.31,2.0,headache,S021
-57.59,1.58,46.96267600475437,-21.59736431502194,39.897868613704134,33.31,2.0,headache,S021
-60.83,1.58,46.42683743460544,-21.230889545286935,40.49310912080238,33.31,2.0,headache,S021
178.2,1.61,46.27811467542839,-21.51884033122218,40.62910716169085,33.31,2.0,headache,S021
-21.27,1.63,45.01319714925043,-21.80235910472337,41.772493807201464,33.39,2.0,headache,S021
-169.79,1.64,45.40250931901589,-21.748444476503238,41.59695003379204,33.39,2.0,headache,S021
10.19,1.65,45.57177480686874,-21.711923638132927,41.3670438985624,33.39,2.0,headache,S021
-22.61,1.66,45.57232023279478,-21.88016001945113,41.50820967752243,33.39,2.0,headache,S021
-1.48,1.66,44.54165491410244,-21.991551529396574,41.694874874252356,33.43,2.0,headache,S021
52.9,1.64,45.439658181446006,-22.029241677007345,41.099825009550266,33.43,2.0,headache,S021
31.27,1.63,45.85195119892742,-21.977512661274453,40.55619605193845,33.43,2.0,headache,S021
14.14,1.63,46.28680716587001,-22.051359947401743,40.03513196139551,33.43,2.0,headache,S021
-41.49,1.61,46.10532422072279,-22.2335519185056,40.125368151606736,33.45,2.0,headache,S021
36.42,1.61,46.340746822633065,-21.95835589264674,40.018776409795805,33.45,2.0,headache,S021
15.71,1.62,46.82959287036484,-22.194175687080996,39.67423880394998,33.45,2.0,headache,S021
-25.53,1.6,46.915029483703606,-22.0916843114094,39.408968938167284,33.45,2.0,headache,S021
-39.67,1.59,47.082342831922105,-21.988309227251364,39.589773219423435,33.41,2.0,headache,S021
47.27,1.58,47.10095545189478,-22.001509154325774,39.49956566389154,33.41,2.0,headache,S021
-4.61,1.57,47.02776346632908,-21.99407665790177,39.41474276453583,33.41,2.0,headache,S021
-39.2,1.57,47.10092574308451,-21.9892520033358,39.21141504683434,33.41,2.0,headache,S021
-33.67,1.55,47.08416910149953,-22.013701266428477,39.64419959166597,33.39,2.0,headache,S021
-6.99,1.55,46.206314034867695,-21.728444315789865,40.652974292249496,33.39,2.0,headache,S021
17.13,1.54,44.65115422658485,-21.542379130818997,42.29643856624947,33.39,2.0,headache,S021
-2.71,1.56,45.025245046291445,-21.31778949059283,41.78006245240823,33.39,2.0,headache,S021
40.2,1.57,45.5284276442413,-21.02911652290796,41.54718609159811,33.33,2.0,headache,S021
-107.1,1.57,45.45591889062886,-20.96322995228356,41.22630693962034,33.33,2.0,headache,S021
-31.13,1.55,46.16004011212572,-21.37214371059545,40.690982491427604,33.33,2.0,headache,S021
112.32,1.55,46.04354490794386,-21.44104919971064,40.79763268556659,33.33,2.0,headache,S021
36.45,1.56,46.298327521521436,-21.511512872437443,40.37987669861129,33.27,2.0,headache,S021
-55.66,1.56,45.99534100477856,-21.740505873454754,40.40771213039329,33.27,2.0,headache,S021
12.7,1.56,46.504728206568316,-21.63219923994036,40.73291272168474,33.27,2.0,headache,S021
-15.29,1.56,45.73654353608169,-21.844123203492817,40.77890428271696,33.27,2.0,headache,S021
-19.19,1.55,46.34281632641955,-21.915983999242368,40.78691718923428,33.23,2.0,headache,S021
59.9,1.56,45.64605103263404,-21.99862944252989,41.08687242967992,33.23,2.0,headache,S021
-3.64,1.58,45.56464253947413,-22.128640370072432,41.065918909793304,33.23,2.0,headache,S021
-84.88,1.61,45.454474835608316,-21.9346559585594,41.2797248639201,33.23,2.0,headache,S021
5.58,1.62,45.34754659182085,-22.233435331129755,41.181107620382136,33.21,2.0,headache,S021
40.75,1.63,45.398746031355834,-22.044129767690205,41.40143341536497,33.21,2.0,headache,S021
93.0,1.65,45.47195413494082,-22.032376430884824,40.84633476709462,33.21,2.0,headache,S021
-17.32,1.64,45.908066442213,-21.853158720079744,41.11178755472663,33.21,2.0,headache,S021
-68.22,1.63,45.857026763045646,-21.989970575446996,40.95602757702471,33.25,2.0,headache,S021
27.51,1.62,45.660418160470456,-21.998849075458367,40.76212469534121,33.25,2.0,headache,S021
71.89,1.62,46.05628520892334,-22.01308465211832,41.02800966461249,33.25,2.0,headache,S021
-56.98,1.63,46.13195412324075,-22.311415110630485,40.39325562025232,33.25,2.0,headache,S021
-25.54,1.64,46.22549932781072,-21.5168058497143,40.82149880444163,33.29,2.0,headache,S021
4.6,1.67,46.57004805844438,-19.06460608679455,42.42235956978002,33.29,2.0,headache,S021
1.46,1.69,42.8798275286337,-19.382657211320172,45.23401128009771,33.29,2.0,headache,S021
2.04,1.73,38.318003431274036,-22.775565220105882,46.627835676419984,33.29,2.0,headache,S021
12.19,1.77,36.912150916093054,-23.922820417484857,48.30217989789297,33.33,2.0,headache,S021
-48.22,1.8,35.31800784576825,-22.047535769095887,50.74771041092016,33.33,2.0,headache,S021
-18.08,1.8,31.74443977168796,-22.175150381479856,51.53844783823557,33.33,2.0,headache,S021
56.5,1.8,29.776805446243227,-23.041768084324914,51.66345403039997,33.33,2.0,headache,S021
10.83,1.78,33.67377464226542,-22.507995169968385,51.44815211171752,33.27,2.0,headache,S021
-23.01,1.78,32.38365852019243,-21.82573674656555,51.14420348682381,33.27,2.0,headache,S021
-8.16,1.76,34.170998455812736,-21.232281879431454,51.00457313810494,33.27,2.0,headache,S021
33.05,1.75,32.47971339728749,-21.088123295944165,51.74102490854667,33.27,2.0,headache,S021
27.05,1.75,32.7119890652511,-21.184305696353725,51.678302706612726,33.39,2.0,headache,S021
-16.44,1.71,35.09771236460829,-20.49430789532283,51.03897664715573,33.39,2.0,headache,S021
-23.78,1.64,34.69723532731015,-19.984131791125076,51.26442978625846,33.39,2.0,headache,S021
-12.44,1.6,35.1586951184468,-19.896582042923544,50.85672116802159,33.39,2.0,headache,S021
10.98,1.59,34.495863105296486,-19.942914481576437,51.141729932038956,33.41,2.0,headache,S021
13.04,1.6,35.351229017901176,-19.68025401852864,51.02868245845887,33.41,2.0,headache,S021
0.95,1.64,34.7592250281867,-19.639882086671843,51.45826207068386,33.41,2.0,headache,S021
-48.15,1.68,33.93955511374254,-20.095056933471884,51.71350505822216,33.41,2.0,headache,S021
-28.1,1.71,33.59811989935318,-21.192857306314032,50.821641727817166,33.47,2.0,headache,S021
77.06,1.7,35.81562056071918,-21.841852890331328,50.23563647460527,33.47,2.0,headache,S021
13.03,1.67,35.287298779479165,-21.785203705525067,50.16760422462358,33.47,2.0,headache,S021
15.16,1.73,35.2877186848643,-21.175929344549715,50.67371957380176,33.47,2.0,headache,S021
-19.91,1.74,36.19563714504302,-20.67708533611387,50.231229508012945,33.47,2.0,headache,S021
43.31,1.73,36.13909325462966,-19.477894386271476,49.94516552324054,33.47,2.0,headache,S021
-51.28,1.5,36.928705015103795,-19.135860639456354,50.32287948899397,33.47,2.0,headache,S021
-29.15,1.5,35.05215728732529,-19.043615928149762,50.81105121579305,33.47,2.0,headache,S021
5.22,1.61,36.86811115774623,-19.14536260093096,49.88754651209734,33.47,2.0,headache,S021
41.64,1.61,38.458890723141046,-20.340006685622974,47.97186220140271,33.47,2.0,headache,S021
15.81,1.61,38.43012493137074,-21.988601990994407,47.16001220490557,33.47,2.0,headache,S021
-79.61,1.6,38.25952003985283,-23.107206723325923,46.87418435239379,33.47,2.0,headache,S021
3.94,1.59,38.61311732051522,-22.817684348153904,46.84952348322985,33.43,2.0,headache,S021
32.83,1.59,39.47191834349147,-21.80546372726298,46.429513114272,33.43,2.0,headache,S021
-11.19,1.59,39.527512950048504,-21.026946265379213,47.003163196029455,33.43,2.0,headache,S021
-58.38,1.6,39.03158107077962,-20.27252681672889,47.30373225749963,33.43,2.0,headache,S021
48.42,1.62,39.30332370630917,-20.44211788229334,47.56019388587005,33.43,2.0,headache,S021
-11.35,1.63,37.75934277489637,-19.29897945271374,49.2832942904761,33.43,2.0,headache,S021
-7.27,1.63,36.16200926123947,-20.823373375477885,50.02307845825905,33.43,2.0,headache,S021
-3.19,1.63,35.616538132653545,-23.243431668438053,49.797312524381425,33.43,2.0,headache,S021
26.35,1.62,33.64732191182402,-22.128881681700577,50.251006935443975,33.43,2.0,headache,S021
-68.26,1.62,35.71033188122806,-21.110636473321662,49.970625404442856,33.43,2.0,headache,S021
2.0,1.6,37.082813838088434,-19.77500269565286,50.12125497605918,33.43,2.0,headache,S021
32.46,1.59,36.721621689371915,-18.88371054861838,50.2444348804205,33.43,2.0,headache,S021
30.68,1.6,36.34639331099693,-17.587250484062423,51.01998085741641,33.41,2.0,headache,S021
73.9,1.61,36.44445363859093,-18.627700968030148,50.55058701383552,33.41,2.0,headache,S021
-21.38,1.62,36.64166981736602,-19.965602317487896,50.083926913302655,33.41,2.0,headache,S021
-33.34,1.65,36.015594793644325,-23.790945144506793,49.138781159753876,33.41,2.0,headache,S021
25.34,1.74,34.12143406066704,-22.252314134458736,49.9191611550103,33.43,2.0,headache,S021
-33.1,1.81,35.806146741362156,-21.005574555039235,50.266467839564335,33.43,2.0,headache,S021
-25.88,1.86,35.25307806661539,-20.358262313351112,50.22612679984084,33.43,2.0,headache,S021
18.08,1.86,36.19328424932026,-19.75359451257182,50.296795929523974,33.43,2.0,headache,S021
-0.92,1.83,37.35366752769104,-18.6177232134604,50.5712155061225,33.43,2.0,headache,S021
37.03,1.81,37.23723339401295,-19.04085946280235,49.90436997775336,33.43,2.0,headache,S021
-2.5,1.86,36.160637897465236,-20.55078704118266,49.634592664911565,33.43,2.0,headache,S021
26.63,1.82,35.65085444098964,-21.684016011476974,49.51166377709763,33.43,2.0,headache,S021
17.19,1.81,36.42656156177479,-23.370769258508854,48.72742561718912,33.43,2.0,headache,S021
-27.48,1.81,36.69636171342248,-22.37448762831287,48.822227405849866,33.43,2.0,headache,S021
-1.14,1.76,36.97027376611328,-22.01399326464988,48.81720874341666,33.43,2.0,headache,S021
-25.55,1.75,37.52464470441881,-21.428506564268137,48.508893778920985,33.43,2.0,headache,S021
11.31,1.73,37.029482968530594,-20.952133174604985,49.59252500630476,33.43,2.0,headache,S021
-46.08,1.7,34.84661971756175,-20.071021688638172,51.099258047674546,33.43,2.0,headache,S021
-13.64,1.68,32.94844904135279,-19.601598641868705,52.38298043199511,33.43,2.0,headache,S021
-0.91,1.69,30.279194132680782,-20.40777062096517,53.555376796089014,33.43,2.0,headache,S021
0.55,1.67,33.03835948947475,-19.8387804662902,52.51419172257821,33.43,2.0,headache,S021
-62.91,1.65,33.4474608304309,-22.737421567603082,50.55223298007294,33.43,2.0,headache,S021
57.45,1.65,35.690289032212476,-21.42422366891471,50.790996048232586,33.43,2.0,headache,S021
89.82,1.59,34.595247958087754,-18.40857491115335,51.207306255529915,33.43,2.0,headache,S021
-81.12,1.5,34.42861296698076,-17.993649789355935,52.14337140133144,33.39,2.0,headache,S021
11.76,1.48,34.90335898845159,-17.059288185524103,51.81309582009149,33.39,2.0,headache,S021
19.48,1.44,34.603464451681155,-16.08850205358271,52.71456022658357,33.39,2.0,headache,S021
-69.27,1.42,34.47863104033401,-15.93007612658699,52.58569587636528,33.39,2.0,headache,S021
25.91,1.49,34.70244179950761,-16.35139159184712,52.347192803241555,33.41,2.0,headache,S021
40.44,1.52,34.633865822484765,-17.30296813595833,51.9404546574591,33.41,2.0,headache,S021
-1.53,1.44,35.009074157778095,-19.98432032071444,51.18912804059395,33.41,2.0,headache,S021
12.1,1.42,34.52611149502252,-20.439687326082023,50.956145577980756,33.41,2.0,headache,S021
8.1,1.43,35.740980055530244,-19.300892605091033,51.181468084342875,33.43,2.0,headache,S021
-26.1,1.43,35.167310419811855,-19.117981563802793,51.17212380264148,33.43,2.0,headache,S021
18.08,1.44,35.11922672026611,-18.536867860602985,51.67008577937152,33.43,2.0,headache,S021
-12.42,1.45,35.61769740948339,-16.696933943412343,52.00809825056385,33.43,2.0,headache,S021
28.99,1.44,35.28572921252805,-17.017783320231914,51.88608931422972,33.41,2.0,headache,S021
-24.92,1.45,34.74844633215732,-17.422059373012402,51.82148000959254,33.41,2.0,headache,S021
4.36,1.45,35.146657973829775,-18.10268017856634,51.68842105716478,33.41,2.0,headache,S021
14.97,1.44,36.107706739200225,-20.122630085722363,50.1915932887345,33.41,2.0,headache,S021
13.33,1.44,36.47646836459791,-21.525717357193603,49.60544846503202,33.43,2.0,headache,S021
-9.75,1.42,36.89199288027574,-19.14929769906367,50.12345044412072,33.43,2.0,headache,S021
-0.03,1.4,35.31102001858565,-19.424361362821635,50.78635798609884,33.43,2.0,headache,S021
-32.38,1.4,35.33356138493541,-19.06692553895525,51.15115103336687,33.43,2.0,headache,S021
0.39,1.38,35.95747104372048,-19.455765807775272,50.56974797467517,33.45,2.0,headache,S021
-24.51,1.38,36.63416204521869,-18.669767952629158,50.688656684742774,33.45,2.0,headache,S021
-38.05,1.35,35.874140118834525,-19.940629600601483,50.48319962717107,33.45,2.0,headache,S021
78.32,1.35,35.72699143975701,-19.200528229567205,50.678821471710016,33.45,2.0,headache,S021
-1.93,1.32,36.42273765925796,-17.35751437222145,51.34524273921547,33.43,2.0,headache,S021
-19.02,1.35,35.314771030370416,-14.964026402029457,51.761305445466554,33.43,2.0,headache,S021
-2.99,1.42,36.767213225751014,-14.084907176442492,51.87987976657158,33.43,2.0,headache,S021
-16.3,1.51,35.655571832628915,-15.645804695997668,50.94272302144295,33.43,2.0,headache,S021
34.88,1.56,37.145585326424026,-17.598560611383924,50.0779574930801,33.43,2.0,headache,S021
3.09,1.62,37.865162920514926,-18.906667270249883,48.551891602591176,33.43,2.0,headache,S021
-0.78,1.58,39.9418720008745,-18.250501276796207,47.84046761542227,33.43,2.0,headache,S021
1.69,1.59,41.37906594720991,-16.479705035402798,47.798317471467556,33.43,2.0,headache,S021
-21.01,1.57,39.9041016409901,-15.679718782238526,48.46193208064655,33.45,2.0,headache,S021
10.02,1.59,40.22709181593809,-13.579487188494225,49.24591993528034,33.45,2.0,headache,S021
36.55,1.6,38.39075448648113,-14.475193071987567,50.228829983698944,33.45,2.0,headache,S021
-55.1,1.63,36.89557502681213,-13.733479768057945,50.588576907728076,33.45,2.0,headache,S021
28.3,1.63,38.717265342497015,-13.612296945989517,49.90418429564911,33.45,2.0,headache,S021
9.91,1.64,37.28648054374722,-18.014484724516077,50.90293048071907,33.45,2.0,headache,S021
36.25,1.64,37.38811432286082,-17.59221060129484,50.07760731411046,33.45,2.0,headache,S021
-64.1,1.69,37.68718393047482,-18.291328264420578,49.84279906979181,33.45,2.0,headache,S021
-13.63,1.69,37.36348950598146,-17.762897240375924,50.09028361386991,33.45,2.0,headache,S021
79.33,1.69,38.49348242551631,-18.01505286907566,49.18507486077917,33.45,2.0,headache,S021
-37.6,1.66,39.67429815846812,-16.057777299022916,49.38983652893295,33.45,2.0,headache,S021
-1.91,1.67,38.585664309469834,-15.868804177090583,50.42295330771841,33.45,2.0,headache,S021
10.49,1.72,36.361651976602815,-16.663490799040407,50.26577835206447,33.43,2.0,headache,S021
15.61,1.72,38.111302228960504,-16.62813683578058,49.48504950583856,33.43,2.0,headache,S021
32.45,1.69,38.20888790189719,-16.84285446051718,49.61795421715047,33.43,2.0,headache,S021
-72.35,1.67,38.637002096713985,-18.939765877532224,48.87543990947048,33.43,2.0,headache,S021
-17.25,1.66,39.049028757376725,-18.63780232925542,48.24634210691879,33.45,2.0,headache,S021
38.29,1.65,41.20693244374552,-18.04484139921342,46.67130027640018,33.45,2.0,headache,S021
-9.25,1.65,40.47561908422137,-18.270525416454806,47.7752241180223,33.45,2.0,headache,S021
24.33,1.62,37.696025594753905,-18.01667700681893,50.34190944448035,33.45,2.0,headache,S021
21.34,1.59,33.2859448067348,-17.20834797048616,52.60579135865911,33.45,2.0,headache,S021
-21.86,1.56,30.717017438831007,-17.770321111782504,54.18903074246123,33.45,2.0,headache,S021
6.27,1.56,31.453020929745573,-17.950880236295355,53.53212931889636,33.45,2.0,headache,S021
-63.66,1.57,33.08969092940626,-17.682938906149023,53.836961289285995,33.45,2.0,headache,S021
4.13,1.55,30.615558139563106,-16.69093674858368,54.18873359901851,33.43,2.0,headache,S021
46.26,1.5,34.12666915498593,-17.155259809537913,53.37131419306156,33.43,2.0,headache,S021
10.76,1.48,30.92030990991878,-17.346290086283037,53.57763720666077,33.43,2.0,headache,S021
-8.14,1.47,33.473520663255655,-17.358408945641155,52.50074669025216,33.43,2.0,headache,S021
-37.26,1.49,33.00442063348563,-17.801093219439,52.74418152018586,33.45,2.0,headache,S021
17.46,1.49,31.019014593790292,-17.181529833324348,53.62368401159187,33.45,2.0,headache,S021
-52.33,1.51,35.224618299054654,-18.054603183824746,52.46064101272965,33.45,2.0,headache,S021
51.2,1.5,36.271873672258195,-19.660937691457498,51.48065663153028,33.45,2.0,headache,S021
-51.71,1.57,33.626696782852264,-21.515694572743925,50.73655117846192,33.45,2.0,headache,S021
13.0,1.56,34.771089433938904,-20.73959905421264,50.38029001404353,33.45,2.0,headache,S021
79.62,1.52,34.69099039016017,-21.768788367665504,50.26289701034083,33.45,2.0,headache,S021
0.79,1.53,34.52596332502518,-21.498152661574917,50.36985729511018,33.45,2.0,headache,S021
-64.25,1.5,35.430563123993245,-22.149907946418978,50.1095731477821,33.43,2.0,headache,S021
28.77,1.51,35.44159680872306,-22.071893656747076,50.028655198168195,33.43,2.0,headache,S021
-47.15,1.52,35.831027339764454,-22.090319689484698,49.68917847883371,33.43,2.0,headache,S021
-1.97,1.53,35.92757249587372,-22.20174235296051,49.756593668232846,33.43,2.0,headache,S021
24.77,1.53,35.02525544661997,-22.74211345957422,50.177520391346924,33.45,2.0,headache,S021
-12.64,1.53,32.750814282948674,-21.957656942517705,51.684326055873946,33.45,2.0,headache,S021
-10.16,1.54,32.09337086805344,-21.42480193100795,51.65770835417346,33.45,2.0,headache,S021
19.2,1.54,32.3344232775723,-20.293068732241704,52.52245536981458,33.45,2.0,headache,S021
3.33,1.51,32.89927733588165,-19.123511684512657,52.187673196976235,33.45,2.0,headache,S021
15.82,1.5,33.65632739691248,-18.671026978888886,51.838736681294705,33.45,2.0,headache,S021
17.95,1.6,45.08316113395667,-16.487538519777704,39.77399211798667,33.45,2.0,headache,S021
-57.39,1.44,55.75883527575964,-16.15045264809108,33.70668248703512,33.45,2.0,headache,S021
-45.76,1.18,52.970939799938954,-14.830508137765028,34.85901277214846,33.45,2.0,headache,S021
12.4,0.99,53.624752963854526,-14.977596782367682,34.85671772390309,33.45,2.0,headache,S021
-107.01,0.99,52.38825286651451,-15.193169055924628,35.63419458804844,33.45,2.0,headache,S021
193.86,0.98,52.46130895017041,-15.289041177540799,35.5971776916457,33.45,2.0,headache,S021
58.38,0.97,51.526545786987676,-15.721996026007728,36.63201625375558,33.43,2.0,headache,S021
-17.36,0.96,51.181922227086204,-14.853002697749654,36.52249543958689,33.43,2.0,headache,S021
7.63,0.95,48.64912085738848,-17.379123460723275,39.56416565654994,33.43,2.0,headache,S021
-67.02,1.07,48.62961029855439,-18.32756236245638,40.035319920061546,33.43,2.0,headache,S021
12.48,1.21,48.39398045950851,-18.036680726319993,40.64641466973303,33.41,2.0,headache,S021
15.86,1.27,47.07796075795792,-18.088387865671834,41.079520067309865,33.41,2.0,headache,S021
77.31,1.29,45.14718256949853,-18.560688081716133,42.27432142737545,33.41,2.0,headache,S021
-5.61,1.29,46.03684311646676,-17.718196592577492,42.720234440312865,33.41,2.0,headache,S021
-172.56,1.33,45.49174307568418,-18.39628343898289,42.82468252205377,33.45,2.0,headache,S021
-79.98,1.36,45.33544504455331,-19.045976080330018,43.06546409118819,33.45,2.0,headache,S021
29.13,1.36,45.320798305471264,-19.026458340150505,42.86106825061201,33.45,2.0,headache,S021
90.2,1.36,45.29438645243618,-19.335204115280654,42.77616664718482,33.45,2.0,headache,S021
37.86,1.36,45.47569297742756,-19.317754947234317,42.740156706842704,33.45,2.0,headache,S021
-30.36,1.36,45.2013495916421,-19.86101354721485,42.48184960795496,33.45,2.0,headache,S021
-32.91,1.37,45.49656119555857,-19.654897597736966,42.765827359947316,33.45,2.0,headache,S021
29.39,1.4,45.184569857564405,-19.392310983483053,42.602111160171795,33.45,2.0,headache,S021
2.99,1.44,44.88228302928246,-19.6275018358685,42.71927263277075,33.45,2.0,headache,S021
-6.21,1.5,45.5974917707509,-19.969288624135405,42.34105325009614,33.45,2.0,headache,S021
31.79,1.47,44.56155733318168,-19.316562361209705,42.38197860264527,33.45,2.0,headache,S021
-21.24,1.52,48.071076371881624,-19.909058614670176,41.298799839696954,33.45,2.0,headache,S021
15.97,1.63,43.50931761768614,-20.411983165857468,43.945491856601414,33.45,2.0,headache,S021
10.3,1.7,41.33475971841557,-19.695627092474886,45.51030543880121,33.45,2.0,headache,S021
4.22,1.72,42.997983209777544,-19.450010526870837,44.834984822706375,33.45,2.0,headache,S021
1.84,1.73,44.13925583679522,-18.915078927724153,43.7193946462875,33.45,2.0,headache,S021
-82.02,1.73,45.7965667691106,-18.09015307885422,43.10322651824193,33.45,2.0,headache,S021
15.52,1.62,46.527969253368866,-17.94210316292139,41.929427741101534,33.45,2.0,headache,S021
56.15,1.55,48.59292891992042,-17.330209683113495,40.24404289862314,33.45,2.0,headache,S021
-25.14,1.43,48.80122835978254,-16.53062306228515,39.005351869081146,33.45,2.0,headache,S021
-6.73,1.45,49.835785494708084,-16.510789635621148,39.336363590444236,33.43,2.0,headache,S021
-13.69,1.55,49.64416948940997,-16.66809667806143,39.179523325755845,33.43,2.0,headache,S021
43.89,1.57,49.6621764026994,-17.164099534311326,38.55539484961074,33.43,2.0,headache,S021
47.36,1.57,48.95761953940653,-17.83700720409206,39.58862198430668,33.43,2.0,headache,S021
3.65,1.61,47.775806123402695,-17.945318128947008,40.06658617397049,33.41,2.0,headache,S021
23.3,1.6,46.92000650431496,-18.10797872437764,41.130047775992885,33.41,2.0,headache,S021
-9.66,1.58,48.00375456389613,-17.809001536970378,41.10165496909529,33.41,2.0,headache,S021
8.16,1.62,47.100018411893096,-18.024580590340854,41.3684176914245,33.41,2.0,headache,S021
-20.95,1.7,47.35848454355501,-17.71000238368786,41.109672190370944,33.43,2.0,headache,S021
-49.22,1.85,47.669887313544876,-18.133908531153747,40.708696449291075,33.43,2.0,headache,S021
11.69,2.0,47.72840352598355,-18.07427450542142,40.62868358737086,33.43,2.0,headache,S021
7.99,2.04,47.34993199504754,-17.861670132082693,41.12032932085394,33.43,2.0,headache,S021
32.15,1.99,47.75764936340219,-17.347299469014285,41.02227019665982,33.45,2.0,headache,S021
9.72,1.84,47.753489483140534,-17.130147126041994,41.26751456518905,33.45,2.0,headache,S021
-99.38,1.65,47.47866539215928,-17.283275533710306,41.32492391453216,33.45,2.0,headache,S021
-109.16,1.62,45.81376055203606,-17.209277804300175,42.05116102233696,33.45,2.0,headache,S021
44.4,1.59,46.90198529666873,-17.123156682755027,42.20950951905207,33.45,2.0,headache,S021
75.93,1.58,46.8033052044401,-17.412342557440052,41.890392994571116,33.45,2.0,headache,S021
38.94,1.74,47.20227347330696,-17.379112287115312,42.187213831097246,33.45,2.0,headache,S021
35.24,1.74,44.1838270645489,-17.106696508586204,43.0557194817394,33.45,2.0,headache,S021
-13.32,1.77,44.93147979376199,-17.909399319161782,43.31126786941062,33.47,2.0,headache,S021
-31.86,1.7,45.49013259303599,-18.024772252818433,42.8126336729306,33.47,2.0,headache,S021
-14.85,1.57,45.71769224705175,-18.679882232933192,42.56994906043234,33.47,2.0,headache,S021
-23.57,1.74,45.48278478404667,-18.128829004423817,42.80253720715156,33.47,2.0,headache,S021
-39.89,1.81,45.053338821425754,-18.34635655961723,43.74989617359377,33.47,2.0,headache,S021
46.89,1.9,42.842262879262215,-18.82124182024279,44.78474124309965,33.47,2.0,headache,S021
28.91,1.99,43.18907134327409,-19.12884640778697,44.26629257373341,33.47,2.0,headache,S021
-25.66,2.07,43.55982835380495,-18.63697985025785,44.31267805463857,33.47,2.0,headache,S021
11.64,2.21,44.25973388004374,-18.262516448768483,43.9040676829984,33.47,2.0,headache,S021
-25.9,2.27,45.962765471985065,-18.042393500694565,43.03043918279135,33.47,2.0,headache,S021
21.65,2.18,46.513474513893826,-16.94828723024398,43.12457238782902,33.47,2.0,headache,S021
21.98,2.16,45.35018776559592,-15.634637978607305,42.21188393498572,33.47,2.0,headache,S021
0.07,2.19,47.39143602443963,-17.49642752262288,42.48342036893766,33.45,2.0,headache,S021
-9.2,2.08,44.68726641731236,-18.08677693612853,43.39190104527805,33.45,2.0,headache,S021
-10.85,2.33,46.62775444108646,-17.206897433275646,42.488625134843424,33.45,2.0,headache,S021
-49.66,2.13,46.34352655990236,-18.100221574500587,42.91740481120196,33.45,2.0,headache,S021
47.9,2.48,45.36658876813838,-18.559865036376003,43.47191143323698,33.47,2.0,headache,S021
-3.35,2.44,44.89762498089614,-19.112138394599402,43.9925370481388,33.47,2.0,headache,S021
122.18,2.18,43.282967145034064,-18.140312136066406,43.59377690019,33.47,2.0,headache,S021
-24.15,1.91,46.15945270177119,-18.89238547063126,43.083027423632394,33.47,2.0,headache,S021
-124.76,1.87,45.89457288082781,-18.21468353948245,41.883362581542194,33.45,2.0,headache,S021
25.0,1.85,47.84895832178997,-18.507086922563225,40.7948833949386,33.45,2.0,headache,S021
61.21,1.75,46.511831146606184,-17.740087956998835,40.090941988729796,33.45,2.0,headache,S021
29.74,1.75,50.294426577305934,-19.253558736633426,37.74742194329911,33.45,2.0,headache,S021
-101.0,1.69,47.13322391624255,-18.697975547992634,39.26810562045704,33.45,2.0,headache,S021
17.15,1.69,49.86690567327409,-19.895075491518686,38.438796228927465,33.45,2.0,headache,S021
-15.9,1.75,44.73895637526152,-20.640810609674393,41.63100133672257,33.45,2.0,headache,S021
43.28,1.76,43.49134594063649,-20.561053596607323,43.173154209425675,33.45,2.0,headache,S021
66.73,1.89,45.89734739378695,-18.911603589070275,42.068137416328824,33.45,2.0,headache,S021
-58.68,2.02,49.30216529786739,-16.817124181018375,37.828959263638744,33.45,2.0,headache,S021
3.32,2.17,54.069154112880874,-16.12923418041734,33.665361679108436,33.45,2.0,headache,S021
35.58,2.04,54.96252695850484,-15.494319076361998,32.1834329768259,33.45,2.0,headache,S021
-51.93,2.1,54.749498532423026,-15.712896324730819,31.013408255013218,33.45,2.0,headache,S021
-113.9,2.11,55.12972612750408,-16.10087116442508,31.885814974141088,33.45,2.0,headache,S021
113.8,2.12,54.29962114761221,-16.721355863346762,32.42954443085396,33.45,2.0,headache,S021
118.4,2.14,53.760547820036614,-17.21450692082376,33.20487852078499,33.45,2.0,headache,S021
-3.52,2.12,53.27786213973018,-17.73591155246552,33.31721248906599,33.45,2.0,headache,S021
-9.75,2.11,53.506461502119876,-17.374186608350517,33.327058510079986,33.45,2.0,headache,S021
-34.64,2.16,52.77114082739289,-17.908728629107095,33.6671739746494,33.45,2.0,headache,S021
-66.3,2.18,52.61417856186906,-18.165178113061952,34.15005049744644,33.45,2.0,headache,S021
-39.13,2.1,53.145966136526,-17.516293515321927,33.52971422657,33.47,2.0,headache,S021
-8.82,2.06,54.77298575339919,-16.743971890431236,34.24450378572999,33.47,2.0,headache,S021
45.65,2.06,50.332287334875886,-18.357247389508306,39.77568208315266,33.47,2.0,headache,S021
32.01,2.02,41.13653000071161,-16.833916685912563,41.99584508620736,33.47,2.0,headache,S021
-147.17,1.97,44.59016867634297,-17.355718030354126,44.134625993864674,33.45,2.0,headache,S021
-53.64,1.94,47.33184128770065,-15.787962320867763,41.38440427380177,33.45,2.0,headache,S021
43.01,1.96,49.18581150670192,-16.929860879636525,39.83006985588491,33.45,2.0,headache,S021
95.36,1.86,50.51139409337088,-16.812251200153188,38.049964115932205,33.45,2.0,headache,S021
36.4,1.84,49.485967507307166,-16.6056337070055,37.98338701380841,33.47,2.0,headache,S021
-30.35,1.83,52.02681678382481,-17.446810296296015,36.97824676494892,33.47,2.0,headache,S021
31.69,1.94,50.19045956591578,-17.61317273191006,37.48150210379266,33.47,2.0,headache,S021
-0.92,1.93,49.33737813620019,-17.331557666489818,38.15719054117852,33.47,2.0,headache,S021
-0.43,1.97,50.653728776108096,-17.224391037223352,38.063924229854074,33.49,2.0,headache,S021
-7.1,2.04,48.534270653281816,-19.57660678427251,39.51622020667507,33.49,2.0,headache,S021
-107.03,2.15,46.88328868007122,-19.469186763895603,39.285874864169195,33.49,2.0,headache,S021
41.45,2.23,49.21762844426692,-19.705166705991548,38.447740393375376,33.49,2.0,headache,S021
93.82,2.26,48.495097431229865,-18.510187875846338,38.50798808743788,33.49,2.0,headache,S021
-51.84,2.36,50.113620394443615,-18.953906472638703,38.146431449327274,33.49,2.0,headache,S021
26.4,2.36,49.45905866171665,-18.407050221098523,38.42315227491998,33.49,2.0,headache,S021
59.73,2.37,49.16364926096945,-19.56134968438487,38.548610777887085,33.49,2.0,headache,S021
-63.58,2.37,48.775935386336585,-17.901220100222055,38.65755157088189,33.49,2.0,headache,S021
27.95,2.3,49.24323564931733,-19.646983023506934,38.194217311547334,33.49,2.0,headache,S021
-82.13,2.18,49.906790063675416,-18.49330148083065,38.02547481345597,33.49,2.0,headache,S021
-33.96,2.12,46.46057789764903,-20.017838147973407,40.512740402205054,33.49,2.0,headache,S021
-38.06,2.12,47.257992105660755,-18.826793595069596,40.115347109536984,33.47,2.0,headache,S021
140.77,2.25,44.18194360648337,-19.27525637542997,41.99820753746486,33.47,2.0,headache,S021
-16.42,2.24,41.846159625756336,-19.392252572124622,46.0659644144572,33.47,2.0,headache,S021
43.15,2.17,38.39073734107373,-18.88623479385958,47.83775295566257,33.47,2.0,headache,S021
-49.96,2.12,42.08580020016445,-18.377117750386272,47.475239055527034,33.45,2.0,headache,S021
0.86,2.15,38.165318117639764,-19.563139543190925,48.55696551594929,33.45,2.0,headache,S021
-37.02,2.21,39.41294494596152,-19.42145626026098,48.03621593124919,33.45,2.0,headache,S021
-5.07,2.25,39.94909116473129,-19.315707823036263,47.397530237357266,33.45,2.0,headache,S021
39.05,2.27,41.126497148736185,-19.238745668889006,46.28651866589312,33.43,2.0,headache,S021
-13.67,2.31,39.187817872851994,-19.844549526813548,47.56373581003914,33.43,2.0,headache,S021
50.85,2.31,40.73675143061693,-19.829421447237515,46.33234545722534,33.43,2.0,headache,S021
-14.76,2.25,39.434182147034406,-20.200370524065434,47.20245783948651,33.43,2.0,headache,S021
-61.88,2.15,41.23703333378808,-19.591707955806967,46.30794617919853,33.43,2.0,headache,S021
-31.82,2.15,41.77463339186438,-19.47961497123219,46.11984708955609,33.43,2.0,headache,S021
25.25,2.16,41.61650310128722,-20.035171619759325,45.36100958453999,33.43,2.0,headache,S021
58.79,2.16,41.54153524110823,-20.165753410787634,46.0832541949155,33.43,2.0,headache,S021
-9.39,2.15,40.83200732040165,-20.260309609770918,46.353445133439116,33.43,2.0,headache,S021
69.02,2.13,40.22579245062668,-20.15670654041277,46.45752045640445,33.43,2.0,headache,S021
-48.4,2.11,40.11526639519262,-20.766756969007236,46.513070312449045,33.43,2.0,headache,S021
-43.6,2.09,40.72114380342568,-20.200438234133127,46.22366595334547,33.43,2.0,headache,S021
-15.84,2.08,41.101474195591834,-20.47050695263352,45.92409189373963,33.45,2.0,headache,S021
-17.94,2.09,40.729667185128086,-20.72439091890719,46.05401383661336,33.45,2.0,headache,S021
55.95,2.09,40.824040403485064,-20.655285439193428,45.96477004120736,33.45,2.0,headache,S021
16.3,2.09,40.81396314049018,-20.86370635680416,45.97735990366419,33.45,2.0,headache,S021
-0.52,2.09,41.42001907925342,-20.792892157370847,45.74888322957852,33.43,2.0,headache,S021
-26.69,2.09,40.864981910180965,-20.68042505761625,46.001534063480335,33.43,2.0,headache,S021
8.89,2.08,41.003492469504025,-20.702480495498655,45.91871074964234,33.43,2.0,headache,S021
-4.5,2.08,41.08220311669154,-21.11623494314047,46.07643916076948,33.43,2.0,headache,S021
22.54,2.07,40.76133563749472,-20.88471440409854,45.81423116343275,33.43,2.0,headache,S021
-23.65,2.05,41.63363049123584,-21.186356011456287,46.07989220318722,33.43,2.0,headache,S021
8.87,2.04,37.68446604803909,-20.933667964062586,48.16718195780894,33.43,2.0,headache,S021
-30.46,2.03,36.295310949610794,-21.101720395183346,49.01352390520083,33.43,2.0,headache,S021
3.33,2.01,38.65105425956259,-21.244049174783616,48.333814162244536,33.43,2.0,headache,S021
11.53,2.01,37.00795011188759,-21.0967363387569,48.171806655776486,33.43,2.0,headache,S021
-37.18,2.02,39.052447363735304,-20.670556535264165,47.14673138252241,33.43,2.0,headache,S021
44.94,2.04,38.58558360937012,-20.24042002342004,47.75245420090359,33.43,2.0,headache,S021
49.5,2.02,40.11909675071332,-20.430136638762903,47.078667220998895,33.41,2.0,headache,S021
-49.75,2.01,38.47551223535463,-20.659848543188154,48.034435317541664,33.41,2.0,headache,S021
71.78,2.03,39.06376219332468,-20.590921276575195,47.21826051667865,33.41,2.0,headache,S021
-25.89,1.99,40.11266809754351,-20.561596562117703,46.92835745484531,33.41,2.0,headache,S021
-22.9,1.98,40.603384358922185,-20.54581893298432,46.41759005519244,33.43,2.0,headache,S021
-35.81,1.97,40.41665456089938,-20.039874754614274,46.686814934664554,33.43,2.0,headache,S021
30.25,1.98,40.72324689756861,-20.485496305848436,45.997917935113776,33.43,2.0,headache,S021
42.79,1.98,40.76089418074725,-20.186406767128307,46.15183785366629,33.43,2.0,headache,S021
-62.92,1.99,41.09327556008926,-20.781900008571544,45.80862886253363,33.43,2.0,headache,S021
-16.11,1.99,40.960171239977825,-20.037007218867736,46.337770401292204,33.43,2.0,headache,S021
-23.39,2.0,40.97205351553546,-20.98292229976057,46.11929733440053,33.43,2.0,headache,S021
33.86,2.0,39.127732878766054,-21.276704516200574,46.22503138068038,33.43,2.0,headache,S021
-16.7,2.02,42.37435204064057,-20.692336306171164,45.317475936959745,33.41,2.0,headache,S021
25.27,2.08,42.74189529265254,-20.71499075428079,45.244087136134226,33.41,2.0,headache,S021
-47.52,2.1,40.465648485335514,-20.626857390626135,46.13409295130854,33.41,2.0,headache,S021
68.39,2.17,39.84771828056135,-20.793945702253726,46.40020376136561,33.41,2.0,headache,S021
56.74,2.21,39.58848896773593,-20.04573200316671,47.32961777879945,33.43,2.0,headache,S021
-146.11,2.21,37.993392796308136,-19.62950183576557,47.866833585601185,33.43,2.0,headache,S021
-52.48,2.21,41.48264663419679,-19.405378907969087,46.78203966503673,33.43,2.0,headache,S021
92.98,2.27,39.556065276918055,-19.3123151119656,47.51707379650879,33.43,2.0,headache,S021
68.7,2.45,39.426171569554455,-19.383900900944706,47.02747330076519,33.43,2.0,headache,S021
-56.01,2.73,41.99956535614041,-19.44878632307471,46.30420317618226,33.43,2.0,headache,S021
28.78,2.94,42.48675085904595,-19.418968998055956,46.045357026429315,33.43,2.0,headache,S021
-46.97,2.94,39.883073998834796,-19.678298919029206,46.59909423619239,33.43,2.0,headache,S021
17.06,2.97,42.54687727743904,-19.58198529911938,45.23457352168987,33.43,2.0,headache,S021
-1.65,2.93,43.20453543234048,-19.60855483395323,43.93286143392046,33.43,2.0,headache,S021
23.2,2.84,43.196941311370225,-19.82952599353756,44.24692274535457,33.43,2.0,headache,S021
-0.72,2.81,44.720992708691384,-20.02132182302046,43.618382593627125,33.43,2.0,headache,S021
22.55,2.86,42.621171976275065,-19.82441611075809,44.418792804090074,33.41,2.0,headache,S021
-23.58,2.86,43.32586773277183,-20.476245540736752,44.34917919495494,33.41,2.0,headache,S021
-7.15,2.94,42.8816806157854,-20.24927372725399,44.33091144697237,33.41,2.0,headache,S021
83.95,2.96,42.785903903931896,-20.466069837112368,44.479229184511105,33.41,2.0,headache,S021
-48.78,2.99,42.73164842064078,-21.052825540054965,43.88692512164367,33.41,2.0,headache,S021
-26.01,2.91,42.98678905706798,-21.020609560379288,44.216870899668464,33.41,2.0,headache,S021
24.33,2.85,43.00440770346155,-20.854061749934203,44.14583017429788,33.41,2.0,headache,S021
-21.06,2.77,42.46578821904364,-20.837596884068372,44.39980789960684,33.41,2.0,headache,S021
-6.87,2.68,42.0867080395387,-20.6955187496383,44.659703573394644,33.39,2.0,headache,S021
51.94,2.61,42.38729735726879,-20.798484209254866,44.55850856775891,33.39,2.0,headache,S021
9.39,2.53,42.60274204555288,-20.927404542717454,43.88530951347696,33.39,2.0,headache,S021
-59.69,2.47,42.54051280774583,-21.03902409054804,44.08972269257387,33.39,2.0,headache,S021
-4.22,2.42,42.65135031632843,-20.91996607183056,44.18582870242541,33.39,2.0,headache,S021
-7.66,2.38,42.6864261879417,-21.066512296775628,44.22649276476919,33.39,2.0,headache,S021
8.63,2.34,42.81432753731065,-20.96438491070275,44.071956684459295,33.39,2.0,headache,S021
4.79,2.31,43.05327628720342,-21.34584885732019,44.236572535782344,33.39,2.0,headache,S021
1.75,2.28,43.00561869677022,-21.10161754251719,43.77603595580998,33.39,2.0,headache,S021
10.7,2.25,42.91957110266299,-21.162019683611767,44.35364689331966,33.39,2.0,headache,S021
-5.59,2.24,42.578038845327235,-20.902909662816345,44.09511365206021,33.39,2.0,headache,S021
-12.09,2.23,42.307589364626594,-20.849836852422904,44.70979066883488,33.39,2.0,headache,S021
-34.21,2.2,43.3159716332122,-21.268079649185864,44.104142555889936,33.43,2.0,headache,S021
-48.73,2.17,41.385050422159786,-20.694587401427395,45.50246078213676,33.43,2.0,headache,S021
38.33,2.17,38.786760887394884,-20.48309851237759,47.36912842560631,33.43,2.0,headache,S021
20.76,2.19,40.467263223868905,-20.41619594832699,46.73469812172825,33.43,2.0,headache,S021
23.82,2.16,36.66339720594235,-20.271904290097616,48.9506456629859,33.43,2.0,headache,S021
49.91,2.12,38.94524142213532,-20.225739378821142,47.596595339504276,33.43,2.0,headache,S021
-60.86,2.15,39.97756859146558,-20.822971439935667,46.35364892050015,33.43,2.0,headache,S021
1.98,2.36,42.302647161200696,-19.819130807670184,45.09316490165283,33.43,2.0,headache,S021
-8.88,2.44,41.3902215383942,-20.04616415441251,46.09423871758721,33.41,2.0,headache,S021
-20.04,2.59,41.16943853208535,-20.391597714523932,45.98804841089561,33.41,2.0,headache,S021
6.16,2.8,41.37323267236509,-20.73070269543792,45.41650684093243,33.41,2.0,headache,S021
75.64,2.86,41.90574635923567,-20.549101703855378,46.36667519565298,33.41,2.0,headache,S021
-19.9,2.85,42.485746447780194,-20.451890778729098,45.24027136673288,33.41,2.0,headache,S021
-14.02,2.89,42.667693886276204,-20.826133055353196,44.07547647184265,33.41,2.0,headache,S021
10.52,2.88,43.26821442460112,-20.601838411680934,43.9902108457225,33.41,2.0,headache,S021
76.87,2.8,43.52792079404174,-21.013502163398684,43.63990360284065,33.41,2.0,headache,S021
-81.1,2.7,44.36660787351996,-21.05135167848623,43.58058480482988,33.41,2.0,headache,S021
18.98,2.62,43.14360741522739,-21.016541454902104,43.420472091419974,33.41,2.0,headache,S021
18.4,2.54,44.40555663570404,-21.21982175929936,42.92879456332165,33.41,2.0,headache,S021
-47.73,2.47,43.23180638375455,-21.16875730838712,43.38844849192913,33.41,2.0,headache,S021
2.09,2.4,44.101901219719366,-20.95748276985228,43.44719951711088,33.39,2.0,headache,S021
4.99,2.35,43.116733258065686,-20.627579165185566,43.730987294040624,33.39,2.0,headache,S021
23.69,2.31,43.998170020640245,-20.85602354018738,43.12444644192651,33.39,2.0,headache,S021
-3.39,2.29,43.38351540159467,-21.14508616981181,43.40884185036087,33.39,2.0,headache,S021
-5.85,2.27,44.25442849626857,-20.902707112538415,43.251793118653644,33.41,2.0,headache,S021
-18.62,2.26,43.4892772446166,-21.53481717625069,43.43665069523534,33.41,2.0,headache,S021
28.17,2.24,43.609566501838295,-20.698180643787826,43.151969866221656,33.41,2.0,headache,S021
-34.2,2.23,43.82066502401182,-20.95046490128779,43.3778785325018,33.41,2.0,headache,S021
-3.66,2.21,43.849034149481895,-20.917031986900973,42.99575197030903,33.41,2.0,headache,S021
-3.33,2.19,43.718209191388304,-21.17861850907994,43.27552438595474,33.41,2.0,headache,S021
-1.43,2.19,44.32371878425089,-20.825185267424906,43.22243981212064,33.41,2.0,headache,S021
7.9,2.18,43.312001476085406,-21.568235771868935,43.633863577790315,33.41,2.0,headache,S021
7.21,2.17,43.29226548422163,-21.05903633620642,43.13517650406381,33.39,2.0,headache,S021
-8.98,2.15,43.36425398222117,-21.24759972485745,43.72794173779577,33.39,2.0,headache,S021
-11.3,2.12,44.13337732557077,-20.02265007095344,43.24088423210657,33.39,2.0,headache,S021
-23.05,2.1,43.71201966977274,-20.870462050325656,43.71450592445545,33.39,2.0,headache,S021
-22.6,2.03,42.501217203716934,-20.65883226680363,43.78329269689572,33.41,2.0,headache,S021
9.22,2.01,42.31933208640172,-21.794167349051936,44.35137454017874,33.41,2.0,headache,S021
36.84,1.99,47.216543619865305,-20.200464484816997,40.06572707123459,33.41,2.0,headache,S021
29.65,2.03,43.31691227888802,-28.532363547636237,50.870700045268514,33.41,2.0,headache,S021
50.19,2.05,41.82446107584311,-14.74235617754786,42.36955760323293,33.43,2.0,headache,S021
14.62,2.04,44.74393872597635,7.8098915038434145,39.67127856011362,33.43,2.0,headache,S021
-55.74,1.83,52.33327122741662,3.8705839341364396,40.64800036985398,33.43,2.0,headache,S021
-201.94,1.86,53.92675681687353,0.9675051006686248,37.98133241503895,33.43,2.0,headache,S021
36.43,1.88,43.28663644895427,-0.5732942872162115,46.971973403073235,33.43,2.0,headache,S021
96.45,1.86,36.702484730679394,-8.216064779292324,53.06929935710339,33.43,2.0,headache,S021
32.99,1.84,39.407940510822804,-11.292721446826608,52.84465868055696,33.43,2.0,headache,S021
73.5,1.89,36.38123048444466,-15.141628459770319,49.98357187748307,33.43,2.0,headache,S021
-0.28,1.92,37.99800339009742,-14.997567448184638,52.29592304585433,33.43,2.0,headache,S021
30.51,1.92,36.53640630927796,-13.01134784596881,51.52706890205003,33.43,2.0,headache,S021
-43.96,1.91,35.46334961055464,-15.936390919259487,53.257499983877175,33.43,2.0,headache,S021
-38.34,1.87,30.836125396244388,-13.954883455617654,53.10911087160621,33.43,2.0,headache,S021
-12.5,1.85,48.008456877564264,-11.6959445731369,42.94697166973321,33.43,2.0,headache,S021
-1.44,1.84,51.687128931465196,-15.473324129051862,39.25761142932173,33.43,2.0,headache,S021
-7.31,1.85,54.0390614798695,-12.037822633714631,30.92527447585797,33.43,2.0,headache,S021
3.27,1.94,62.98322527298931,-8.582890509641523,22.783870572585002,33.43,2.0,headache,S021
-17.22,1.91,56.467907213407635,-10.078695603627283,28.507633284550067,33.41,2.0,headache,S021
-34.68,1.76,56.47790511696111,-11.334356860589072,32.15390206255917,33.41,2.0,headache,S021
-54.55,1.76,55.132620883576635,-11.164114575940744,32.10210474142439,33.41,2.0,headache,S021
75.02,1.73,56.451357472362524,-10.840566055337058,32.25715194750423,33.41,2.0,headache,S021
148.68,1.69,49.778636935842854,-12.051931839630868,37.222266841222876,33.39,2.0,headache,S021
-32.96,1.66,41.48167633795964,-15.071938517671567,47.05873310766927,33.39,2.0,headache,S021
-111.17,1.72,40.207008256772,-16.24027760524421,48.78960253063372,33.39,2.0,headache,S021
13.43,1.84,41.002717845111775,-16.597431228576554,47.257837622531966,33.39,2.0,headache,S021
89.63,1.86,40.88310938893479,-17.809774237518862,47.795356129747134,33.43,2.0,headache,S021
-22.25,1.88,40.074739090594136,-16.09543668897412,48.52806262660811,33.43,2.0,headache,S021
-12.36,1.91,37.33992917809622,-17.874199327523357,50.7383987702554,33.43,2.0,headache,S021
-13.72,1.96,34.87366565067625,-17.62312785228462,51.43818051481589,33.43,2.0,headache,S021
-5.87,1.99,36.18779434404339,-17.06300391046118,51.169328249928604,33.43,2.0,headache,S021
-18.86,1.99,35.09868906438306,-17.071062762193108,52.262012189257725,33.43,2.0,headache,S021
-67.71,2.0,39.34304850875077,-16.956795612157357,48.07677613257457,33.43,2.0,headache,S021
54.97,1.96,51.22349744781149,-15.134217607629523,37.705749074333966,33.43,2.0,headache,S021
56.49,1.85,51.573579507763796,-14.26688973914865,36.657677409773946,33.41,2.0,headache,S021
-31.13,1.77,53.350948690817184,-13.971285638954287,34.94614765433281,33.41,2.0,headache,S021
-65.03,1.74,52.543046900111015,-14.989948984993744,36.60052350036585,33.41,2.0,headache,S021
70.76,1.69,51.2166991124611,-14.567495568960075,36.50017391851793,33.41,2.0,headache,S021
110.9,1.68,50.70971697490057,-15.069318827808933,38.27680696183267,33.43,2.0,headache,S021
11.64,1.71,50.698254987997544,-15.376793513280106,37.852250161061924,33.43,2.0,headache,S021
-7.58,1.64,50.30084348002167,-15.267267542706383,38.68966608919156,33.43,2.0,headache,S021
-15.81,1.65,49.644229310490836,-15.176199459299525,38.982202002066074,33.43,2.0,headache,S021
-41.86,1.69,51.03099334625837,-14.998998178093812,39.26185844438119,33.43,2.0,headache,S021
-80.52,1.69,48.55018874384501,-15.414684697465807,38.548018584406115,33.43,2.0,headache,S021
-81.85,1.68,49.52740974948475,-15.791946277854285,40.16610210534944,33.43,2.0,headache,S021
-5.12,1.71,47.902146210608414,-16.35882305486545,41.34365921026439,33.43,2.0,headache,S021
23.1,1.82,46.909605417181815,-18.013867726420123,41.72304852389871,33.45,2.0,headache,S021
52.33,1.87,46.17407459975689,-18.32379281020493,42.22527162170946,33.45,2.0,headache,S021
47.66,1.89,45.1582098335905,-18.100683877390658,42.77441484691116,33.45,2.0,headache,S021
-53.8,1.91,46.44513752469395,-18.388616995326412,41.63829980012271,33.45,2.0,headache,S021
-21.07,1.91,46.57412192679638,-18.43984192084999,42.08070795947574,33.41,2.0,headache,S021
18.59,1.91,47.584516606453874,-18.438319018313514,41.725197503291106,33.41,2.0,headache,S021
24.5,1.91,43.98394086550237,-18.569073747371394,44.37933712949362,33.41,2.0,headache,S021
18.1,1.94,39.98501445179825,-17.95883793131446,46.799033456972154,33.41,2.0,headache,S021
-30.12,1.95,40.33647599647318,-17.91489764915742,47.70393537065345,33.43,2.0,headache,S021
-35.15,1.96,41.08838395228332,-17.722114285893955,47.04041418836887,33.43,2.0,headache,S021
5.74,1.96,40.633273016789786,-17.922657298061488,47.207315040922545,33.43,2.0,headache,S021
16.81,1.95,40.885518716929845,-17.93404379106809,46.78511873044612,33.43,2.0,headache,S021
41.84,1.95,40.583552198033615,-17.767368684416027,47.319074306646854,33.41,2.0,headache,S021
4.77,1.94,41.42628151174645,-17.601005379311424,46.8860725884077,33.41,2.0,headache,S021
-26.34,1.94,42.0662821233086,-16.623612228946868,45.546457390626024,33.41,2.0,headache,S021
15.85,1.95,52.05752377432462,-15.534450188609416,37.26120511815105,33.41,2.0,headache,S021
-13.71,1.99,55.950622584732955,-14.016919926967681,31.475980283211342,33.41,2.0,headache,S021
-35.67,1.95,55.49919576562707,-14.13995121571415,31.687549942052435,33.41,2.0,headache,S021
-32.27,1.93,55.06393259451396,-14.774325268089488,32.35523537343623,33.41,2.0,headache,S021
44.5,1.89,52.588282981183596,-15.072026181791998,34.76963579886376,33.41,2.0,headache,S021
121.71,1.92,51.54134618429479,-15.439428991076257,36.50197544854938,33.41,2.0,headache,S021
61.24,1.91,51.78879767274459,-16.107005477141534,36.737536264069156,33.41,2.0,headache,S021
-5.19,1.94,51.46783557736384,-15.809650301376676,36.703433594781444,33.41,2.0,headache,S021
-49.64,2.04,52.14553600850202,-15.670476840809092,36.15029276276373,33.41,2.0,headache,S021
-123.02,2.06,51.97086640288817,-15.59753183890594,36.330361963563,33.43,2.0,headache,S021
-56.56,2.03,52.260632017641115,-15.464678272562512,36.18847129927801,33.43,2.0,headache,S021
6.88,2.04,52.130560851130724,-14.69264194719398,36.20818109108805,33.43,2.0,headache,S021
26.87,2.05,52.508749443303444,-14.835538113968223,36.40403211818301,33.43,2.0,headache,S021
8.3,2.06,50.33885101041612,-15.205483707049233,37.792284379531985,33.45,2.0,headache,S021
-31.44,2.06,48.68503289062829,-16.471281150228528,40.051176113975366,33.45,2.0,headache,S021
-16.65,2.05,47.49549111519169,-16.64493429472751,41.188774484837154,33.45,2.0,headache,S021
63.95,2.05,47.335855128421976,-17.000744074358998,41.45459644959151,33.45,2.0,headache,S021
39.67,2.07,47.38111385937246,-16.866833235929498,41.26452798641568,33.45,2.0,headache,S021
-32.22,2.08,48.47198544797442,-16.934095088721808,40.06879638393343,33.45,2.0,headache,S021
-23.95,2.11,48.75200624710879,-16.76352916858582,39.92312384694844,33.45,2.0,headache,S021
-7.73,2.12,49.091213833596,-16.8526082771985,39.96264522223078,33.45,2.0,headache,S021
22.94,2.11,49.67110298250291,-17.579910478424246,38.62202296458824,33.45,2.0,headache,S021
17.84,2.09,50.164525413714,-16.608620236473055,38.55657464658525,33.45,2.0,headache,S021
-1.16,2.1,49.460233969390345,-15.696558085274507,39.30466373562764,33.45,2.0,headache,S021
2.29,2.08,49.16053417134448,-15.90910108942855,39.744162356190515,33.45,2.0,headache,S021
-0.88,2.1,48.2528530357161,-17.337356370528823,39.940301596160324,33.45,2.0,headache,S021
-4.1,2.12,48.76065871998588,-18.683254145827615,39.188713857952315,33.45,2.0,headache,S021
26.13,2.09,48.14290766445498,-18.381779223883417,40.96272186513455,33.45,2.0,headache,S021
-3.89,2.12,42.37052808278302,-18.739905409421777,44.59804286038787,33.45,2.0,headache,S021
4.72,2.15,41.389975228857004,-17.414216291367936,45.53985869990364,33.43,2.0,headache,S021
-10.59,2.17,48.29320602732726,-15.664034809252069,41.25153298454726,33.43,2.0,headache,S021
-56.01,2.24,52.97042952534676,-12.258663269257381,36.8696200961408,33.43,2.0,headache,S021
19.33,2.19,53.317331603137525,-11.744689340278567,35.78976845036896,33.43,2.0,headache,S021
37.21,2.24,52.77841193250116,-13.45412862356416,37.88664325647678,33.39,2.0,headache,S021
-52.42,2.25,48.110257801071505,-14.04149047666441,40.83510620186281,33.39,2.0,headache,S021
65.78,2.22,47.09726214681198,-14.36554680420212,42.397711773107716,33.39,2.0,headache,S021
97.11,2.2,45.22498751751048,-15.721091496283199,43.00642281253375,33.39,2.0,headache,S021
26.75,2.17,46.44331930494705,-15.65106231677003,43.05917425207574,33.43,2.0,headache,S021
-69.43,2.23,46.74500525637268,-15.453110077892926,42.438118868140826,33.43,2.0,headache,S021
-79.34,2.27,48.2296982737364,-14.872942536344281,41.51707997745245,33.43,2.0,headache,S021
-18.57,2.28,48.066839594695686,-14.964434365945824,41.42654079143431,33.43,2.0,headache,S021
1.99,2.3,48.429258592925414,-15.26057063913262,41.15792755782338,33.47,2.0,headache,S021
8.41,2.33,47.12768064466625,-14.720280128852833,41.816053916531864,33.47,2.0,headache,S021
22.97,2.35,48.01846732103533,-15.383073621098065,41.457327437317765,33.47,2.0,headache,S021
19.6,2.3,47.14885453134798,-15.167849438745778,42.0768963552589,33.47,2.0,headache,S021
8.23,2.31,48.3854092521704,-15.155703291031353,41.12795969483304,33.47,2.0,headache,S021
11.13,2.32,48.040113512421215,-14.86631016296587,40.75619905710575,33.47,2.0,headache,S021
-6.74,2.29,46.88255313054778,-16.410498514064027,41.43383565316647,33.47,2.0,headache,S021
-20.44,2.25,47.87203335740786,-18.589050674930252,39.8193326853535,33.47,2.0,headache,S021
-25.31,2.18,49.795451766095475,-16.93583820256169,39.50871533695852,33.45,2.0,headache,S021
-10.42,2.29,47.100528209188624,-14.88741696075748,42.013890725397076,33.45,2.0,headache,S021
-9.34,2.25,45.99180439216814,-15.729297091066998,43.303706619274394,33.45,2.0,headache,S021
33.78,2.21,45.05523084338624,-17.995473341673016,41.84637296229704,33.45,2.0,headache,S021
30.21,2.2,49.48601595977392,-16.39753956276805,40.476371680192955,33.45,2.0,headache,S021
-30.72,2.21,47.752940567003385,-16.52940224663878,40.67075085748523,33.45,2.0,headache,S021
8.78,2.26,43.81540359163136,-19.781438032495217,43.532114087446715,33.45,2.0,headache,S021
37.98,2.25,42.113840290764685,-19.212351178197693,45.82083403821055,33.45,2.0,headache,S021
-16.49,2.19,40.18606814119578,-18.75598679389247,46.950425484750454,33.45,2.0,headache,S021
-39.63,2.17,42.19778872134765,-17.98695254269783,46.7080273106694,33.45,2.0,headache,S021
-8.39,2.21,43.81489871577444,-16.968473365581364,44.833514508643404,33.45,2.0,headache,S021
23.37,2.22,46.94837554698136,-15.8628274647786,42.35398941927815,33.45,2.0,headache,S021
38.93,2.21,46.21000120334605,-16.192512931517797,42.64115747658167,33.43,2.0,headache,S021
7.33,2.21,51.29509383074357,-15.062242692314241,36.995137770444046,33.43,2.0,headache,S021
-38.76,2.17,55.92208497659637,-13.561925735167142,32.161766943524356,33.43,2.0,headache,S021
-20.47,2.12,55.95817598659504,-13.076837200871127,31.08400955948627,33.43,2.0,headache,S021
-79.63,2.11,55.24758641313127,-13.736138084472694,32.17945964913262,33.43,2.0,headache,S021
11.66,2.07,53.8214852352817,-14.504142466827865,34.07546657137501,33.43,2.0,headache,S021
140.31,2.09,53.36190481767299,-14.777782807925444,34.385888270444305,33.43,2.0,headache,S021
76.95,2.1,53.199925626701095,-15.164061392580262,34.48171772984558,33.43,2.0,headache,S021
-27.04,2.11,53.68547920967823,-15.09899444490746,34.44938248178849,33.45,2.0,headache,S021
-113.93,2.17,53.027953051138674,-15.260145778797414,34.633695908054214,33.45,2.0,headache,S021
-52.23,2.23,53.176587782580434,-15.161637836707252,35.48110635696037,33.45,2.0,headache,S021
-28.21,2.25,50.846155187174894,-15.619669341913475,37.08368642900469,33.45,2.0,headache,S021
12.19,2.22,50.59839164680517,-15.864435646078839,38.1740419473397,33.45,2.0,headache,S021
34.71,2.24,48.3190484903471,-17.044099522930033,39.48723850907902,33.45,2.0,headache,S021
-8.88,2.26,48.615456307106015,-17.746691069100375,39.988279045493144,33.45,2.0,headache,S021
-48.04,2.23,47.270037028822856,-17.918567892275608,39.91302827811308,33.45,2.0,headache,S021
17.12,2.22,48.8887645977785,-17.613659013510794,39.399252817410016,33.47,2.0,headache,S021
1.16,2.22,50.020761695079905,-16.609923539835233,38.73056799100149,33.47,2.0,headache,S021
19.52,2.27,51.00920614451131,-16.335872366527035,38.50301376819899,33.47,2.0,headache,S021
3.43,2.25,48.79743470381485,-16.844092016961152,39.39751900217481,33.47,2.0,headache,S021
16.84,2.2,49.03554279268979,-16.28054678458754,39.97431945736005,33.45,2.0,headache,S021
-1.4,2.21,48.66313982148775,-16.547698927529897,39.93918546998388,33.45,2.0,headache,S021
-12.81,2.22,48.5646840228224,-16.846804494343317,40.14235217962544,33.45,2.0,headache,S021
-30.73,2.21,49.24070342599673,-16.59589236671798,39.23467844847364,33.45,2.0,headache,S021
26.41,2.2,50.82735589027913,-16.52912855069358,38.267487387994294,33.43,2.0,headache,S021
5.99,2.2,48.455853098582054,-17.75573023317706,39.2254424387814,33.43,2.0,headache,S021
14.22,2.18,49.20990001228595,-17.83173602135545,39.175732590069366,33.43,2.0,headache,S021
78.38,2.16,48.344506872048555,-18.22155323310413,40.37070149297586,33.43,2.0,headache,S021
-19.29,2.16,44.49807236272311,-18.237113132414528,42.36994880794613,33.41,2.0,headache,S021
-45.63,2.17,48.522038826331176,-16.45938859934172,40.59776445618493,33.41,2.0,headache,S021
20.42,2.17,47.54946148902281,-16.87012238927594,40.94172899072715,33.41,2.0,headache,S021
-27.42,2.17,48.24230464288122,-16.828319097634818,40.32110955931786,33.41,2.0,headache,S021
20.93,2.18,47.6526192076216,-17.017075240078487,41.39038785322391,33.41,2.0,headache,S021
39.97,2.18,47.87984861607163,-17.049066601136275,41.34682458298319,33.41,2.0,headache,S021
7.36,2.2,45.90495909618218,-17.697290590270978,43.121728352007274,33.41,2.0,headache,S021
-14.79,2.2,44.68477871067183,-17.81250586249968,43.16537922249627,33.41,2.0,headache,S021
-55.17,2.16,45.57431604640966,-17.908224699271067,43.25932399236854,33.39,2.0,headache,S021
-8.73,2.11,44.76406141517101,-17.832026143750547,43.56787255375291,33.39,2.0,headache,S021
13.0,2.1,45.558475269655446,-18.08078748436675,43.119360762188315,33.39,2.0,headache,S021
48.12,2.08,45.71266346426756,-17.62591582209945,42.27480579553218,33.39,2.0,headache,S021
23.97,2.07,46.878787942593604,-17.824635309578937,42.45990705632925,33.37,2.0,headache,S021
-43.28,2.08,47.16739326433491,-18.025925285245442,41.05892486014103,33.37,2.0,headache,S021
12.25,2.12,47.8260590467165,-17.912994493953118,40.34754843201966,33.37,2.0,headache,S021
12.37,2.12,47.19381034405698,-17.926623548501176,40.91094453472949,33.37,2.0,headache,S021
-19.32,2.13,47.41227349498828,-18.04580112884972,40.81156538450481,33.39,2.0,headache,S021
-22.69,2.16,46.858194866296216,-17.964173308376512,41.55905346560622,33.39,2.0,headache,S021
9.56,2.19,46.76313266516822,-18.01124090567673,41.75477083970053,33.39,2.0,headache,S021
-1.03,2.21,47.1179072939281,-17.819238001215457,40.920594019301994,33.39,2.0,headache,S021
-6.46,2.21,47.419374389106935,-17.960254611684373,41.1154170043076,33.37,2.0,headache,S021
-12.81,2.23,47.31789241535878,-17.740414803373277,40.93070165557749,33.37,2.0,headache,S021
9.69,2.24,48.09837183960703,-17.9895380326002,40.86646092876215,33.37,2.0,headache,S021
16.19,2.23,46.9897707833905,-17.988857520598252,40.89348800733556,33.37,2.0,headache,S021
-20.41,2.23,47.42666340251804,-17.899392942775947,41.06306148653124,33.37,2.0,headache,S021
27.01,2.23,47.27788948993723,-17.879872738421266,40.79721171037238,33.37,2.0,headache,S021
-7.48,2.23,47.57585433688138,-18.55174505748988,40.75353038414813,33.37,2.0,headache,S021
-17.66,2.25,45.63485737201587,-18.797440304387763,41.199190842414836,33.37,2.0,headache,S021
6.37,2.28,47.94526185239216,-19.416213324294567,41.43801283070207,33.39,2.0,headache,S021
-2.98,2.33,44.45156223687399,-19.248863352938383,43.65901211977448,33.39,2.0,headache,S021
-11.41,2.4,42.835322248016745,-18.420235768376532,44.794142508297774,33.39,2.0,headache,S021
-8.02,2.49,42.43484982713444,-18.189879490823966,44.8963096569823,33.39,2.0,headache,S021
-20.68,2.5,43.731442083445366,-18.171954336891854,44.6452208012925,33.34,2.0,headache,S021
-23.93,2.5,45.4907329152582,-18.144346242722126,43.386344395608255,33.34,2.0,headache,S021
30.78,2.5,43.721804436539216,-17.571170185577007,44.88031318376258,33.34,2.0,headache,S021
32.85,2.5,43.06505387295752,-17.647554975919448,44.98440562780295,33.34,2.0,headache,S021
-13.0,2.49,44.54025445298335,-17.235394813258985,44.18290622414673,33.34,2.0,headache,S021
21.37,2.5,45.1394327468941,-17.533908707637924,43.5231759340276,33.34,2.0,headache,S021
30.34,2.47,46.085121627762774,-17.93843167362609,42.93288196384767,33.34,2.0,headache,S021
-3.89,2.49,44.91471943336302,-17.751772849964464,43.17585784352124,33.34,2.0,headache,S021
-21.47,2.47,46.462165347912276,-18.20079016481209,42.799527701741354,33.37,2.0,headache,S021
17.98,2.45,45.31266471495147,-17.81762391206462,42.750612005158295,33.37,2.0,headache,S021
-39.89,2.45,47.771559206570394,-18.125178547807167,41.43441391209081,33.37,2.0,headache,S021
-1.51,2.52,47.50374566380573,-17.724121270447053,40.285845637339506,33.37,2.0,headache,S021
14.86,2.67,48.96198715341547,-17.902440954668062,40.175435382207404,33.37,2.0,headache,S021
8.76,2.83,47.43415825316956,-17.514389046185823,40.22064406147596,33.37,2.0,headache,S021
8.04,2.93,48.29198413456159,-18.390273197022058,40.555576004403505,33.37,2.0,headache,S021
-6.31,3.0,47.08513139631218,-17.631773998800842,40.358142312799444,33.37,2.0,headache,S021
0.29,3.03,48.39252082221813,-18.363713922840155,40.86681718950578,33.34,2.0,headache,S021
-26.09,3.0,46.08124613761332,-17.629376877247235,41.375008774999515,33.34,2.0,headache,S021
-14.72,2.96,46.82548751164272,-18.507499138484466,42.176471917501495,33.34,2.0,headache,S021
-7.36,2.92,45.15737602191588,-18.002090719107933,42.3716408173645,33.34,2.0,headache,S021
6.78,2.84,43.6557051507634,-18.410084797588812,45.52850322297873,33.34,2.0,headache,S021
13.98,2.77,42.63172755871601,-16.85956785856841,45.018399552398435,33.34,2.0,headache,S021
-19.5,2.7,44.14155211970361,-22.027141134182195,52.07021284940953,33.34,2.0,headache,S021
-9.0,2.65,53.854292435731026,-4.6826179919971045,35.68845629674142,33.34,2.0,headache,S021
-3.62,2.64,60.059417769937,21.08421846510046,32.010268666085935,33.37,2.0,headache,S021
12.91,2.59,34.084693716359496,30.43639925878859,33.53991294037648,33.37,2.0,headache,S021
16.37,2.55,24.115128882831993,35.96898567706973,39.55036473336206,33.37,2.0,headache,S021
-54.99,2.53,19.5597394313171,39.92346140823381,38.5733385266173,33.37,2.0,headache,S021
-20.41,2.5,37.29074421899935,27.839161365536288,22.270938468092737,33.39,2.0,headache,S021
65.72,2.47,70.35658214626704,0.3603589629654851,41.92322318437318,33.39,2.0,headache,S021
142.4,2.46,49.89160312270456,-10.123273535402115,40.293238470186886,33.39,2.0,headache,S021
68.88,2.4,49.32900819262956,-12.499634433924347,42.79041597759919,33.39,2.0,headache,S021
-17.63,2.45,45.97078403204676,-16.29760571587024,42.58320481844936,33.41,2.0,headache,S021
2.17,2.45,49.60521559331606,-19.29134463273031,41.43103952554957,33.41,2.0,headache,S021
-37.82,2.53,48.67390850691812,-17.475448405816824,37.77680335692791,33.41,2.0,headache,S021
-75.08,2.58,49.198835681895474,-17.27414429400612,39.397195747446254,33.41,2.0,headache,S021
-40.64,2.67,47.313583676198554,-16.8065849202002,38.748110158482476,33.41,2.0,headache,S021
-24.57,2.51,49.66910987565355,-18.34223580434569,39.92212085066578,33.41,2.0,headache,S021
-42.96,2.4,47.048006034792365,-18.8158038770374,40.21851181157493,33.41,2.0,headache,S021
24.54,2.47,49.92771902431178,-19.321136020350878,38.6380503223388,33.41,2.0,headache,S021
16.2,2.52,47.51815791204214,-18.890622230599536,39.013300670541035,33.43,2.0,headache,S021
-34.93,2.48,50.40310787443059,-18.95995004826451,37.90502522079983,33.43,2.0,headache,S021
-42.99,2.41,49.31885552375491,-18.6925470198114,37.48194636221789,33.43,2.0,headache,S021
44.76,2.41,50.04034675316631,-18.594693147133412,38.12319556891722,33.43,2.0,headache,S021
-6.06,2.43,48.15534064277937,-18.633332993502485,39.43298941196453,33.45,2.0,headache,S021
28.54,2.43,49.48608119641494,-18.899508569293623,39.13372512470504,33.45,2.0,headache,S021
-12.47,2.47,46.80452315188474,-19.74328837648994,40.51246993739172,33.45,2.0,headache,S021
1.24,2.47,48.052666326471325,-19.57949907416133,39.845805069856254,33.45,2.0,headache,S021
-18.94,2.47,47.03728414808432,-19.585039212573157,40.041816650856504,33.39,2.0,headache,S021
-31.66,2.47,48.56448455433346,-19.31367777016881,39.45721935743147,33.39,2.0,headache,S021
30.68,2.46,47.83830354083163,-19.042481184873274,39.31225497211029,33.39,2.0,headache,S021
16.17,2.45,48.47513733280632,-19.07786154786169,39.35257360947806,33.39,2.0,headache,S021
-7.1,2.44,47.74410073788688,-19.067224788033275,39.57916492756873,33.39,2.0,headache,S021
12.71,2.44,48.42211087138544,-19.298357935152936,39.501071722407325,33.39,2.0,headache,S021
-12.31,2.43,47.274502464762165,-19.231539173497836,40.11177818636723,33.39,2.0,headache,S021
-0.96,2.43,47.67845393744859,-19.648041917807806,39.91395397191353,33.39,2.0,headache,S021
9.18,2.42,47.35988510123353,-19.434536304053758,40.071884648599095,33.34,2.0,headache,S021
-13.72,2.41,47.79185350577843,-19.590522034470503,39.93939157602673,33.34,2.0,headache,S021
11.51,2.4,47.404708402823275,-19.592912570383476,40.048622542325354,33.34,2.0,headache,S021
10.52,2.4,47.80810494035323,-19.89273139039078,39.9688672343439,33.34,2.0,headache,S021
-5.99,2.4,47.28600287599481,-19.489131501397363,39.994804995869636,33.33,2.0,headache,S021
14.2,2.4,46.95660618838894,-19.6210158537558,40.65937474399216,33.33,2.0,headache,S021
5.02,2.4,47.26316277788825,-19.660642636122187,40.52109992730947,33.33,2.0,headache,S021
-10.9,2.39,47.98253058292245,-19.759681191067354,39.76069832614848,33.33,2.0,headache,S021
20.23,2.4,48.74486538482691,-18.81479320399786,38.56294322187659,33.33,2.0,headache,S021
-28.97,2.34,49.9857813646048,-19.192504986990244,37.85713616896421,33.33,2.0,headache,S021
3.65,2.33,49.70879817378119,-19.29018950366551,37.46361690492212,33.33,2.0,headache,S021
112.68,2.34,49.84030137470812,-19.245468828994404,37.566286757055316,33.33,2.0,headache,S021
41.64,2.33,49.47254916593723,-19.020959760971365,37.47232212687166,33.33,2.0,headache,S021
-61.7,2.29,50.67841466457776,-19.161869653940325,36.998370435051356,33.33,2.0,headache,S021
-57.59,2.28,49.90039625067966,-18.925184275258257,37.07228024189226,33.33,2.0,headache,S021
17.45,2.28,50.12185645615008,-19.075168801544905,37.06236893180062,33.33,2.0,headache,S021
40.99,2.28,49.910396736746364,-18.915737503508982,37.15920660483738,33.33,2.0,headache,S021
-39.3,2.27,50.269231127605664,-19.28831791936755,37.23123622941163,33.33,2.0,headache,S021
-53.28,2.26,49.42124638081761,-18.96819104511643,36.91625142931055,33.33,2.0,headache,S021
9.87,2.27,50.233779436031995,-19.204890959342265,36.821506753306465,33.33,2.0,headache,S021
-18.53,2.27,50.535400419251786,-19.076969630131398,36.45479493563585,33.37,2.0,headache,S021
31.29,2.27,50.1421770075151,-19.054777976329014,37.19793811167375,33.37,2.0,headache,S021
41.92,2.27,49.76162910109271,-18.987305133642693,38.25218132312987,33.37,2.0,headache,S021
5.58,2.27,48.64127477041952,-19.211566186802898,38.63060624683356,33.37,2.0,headache,S021
-44.86,2.28,48.37326384017611,-19.7288933486569,38.772495131010565,33.34,2.0,headache,S021
-23.28,2.3,48.38810683769637,-20.03270518082644,39.12428377080518,33.34,2.0,headache,S021
-23.66,2.31,48.23607105257745,-19.699549897639073,39.014046379388226,33.34,2.0,headache,S021
24.18,2.33,48.68149850477264,-19.903409624033866,38.90817603753235,33.34,2.0,headache,S021
17.96,2.32,48.78151943993541,-19.720646851211395,38.934179740620486,33.33,2.0,headache,S021
24.77,2.32,48.93886668259328,-19.922981128041457,38.81877402628082,33.33,2.0,headache,S021
-32.78,2.32,48.643004772371874,-20.01436348340668,39.05122081764033,33.33,2.0,headache,S021
13.03,2.33,48.79523601416587,-19.862663754058502,38.84711305113147,33.33,2.0,headache,S021
25.32,2.34,48.588964451667294,-19.602009010311313,38.86280173928261,33.34,2.0,headache,S021
-22.73,2.34,48.83445146919915,-20.062652949518803,39.064760720883854,33.34,2.0,headache,S021
6.34,2.35,48.67859179058041,-19.91611821192919,38.608913073794696,33.34,2.0,headache,S021
19.08,2.35,48.02281003072136,-19.811071382202286,38.80236039311705,33.34,2.0,headache,S021
-22.02,2.34,46.96972100099668,-19.697301968958687,40.553047383164504,33.34,2.0,headache,S021
3.25,2.33,46.323732541161704,-20.191617468221725,41.48354612881562,33.34,2.0,headache,S021
13.16,2.33,44.88149207933335,-20.001867542258694,42.52447738163873,33.34,2.0,headache,S021
-25.86,2.33,47.269001159839114,-19.82946845266661,40.61248606843185,33.34,2.0,headache,S021
-23.57,2.33,47.79777435302432,-20.13697031494907,39.817281852634125,33.33,2.0,headache,S021
33.85,2.33,47.672427085726056,-19.868941744917837,39.83715264786471,33.33,2.0,headache,S021
54.65,2.33,48.70131980124779,-19.90748384334768,39.42262509919,33.33,2.0,headache,S021
24.67,2.33,47.998801730542645,-19.36151005135388,38.69797508286714,33.33,2.0,headache,S021
-69.79,2.3,51.378738764063414,-19.067888782425353,36.050647209089355,33.37,2.0,headache,S021
-58.94,2.18,50.99532949311006,-19.059905814020517,35.993363775270055,33.37,2.0,headache,S021
40.95,2.15,51.02817412229703,-18.955765897475043,36.072212429848,33.37,2.0,headache,S021
65.46,2.03,51.328966104774025,-19.028258380881844,35.580408989556034,33.37,2.0,headache,S021
-18.5,2.01,51.284759568419545,-18.96658366549597,35.347052134107294,33.39,2.0,headache,S021
-36.61,2.02,51.89611878825664,-19.09031140576902,36.11881151404898,33.39,2.0,headache,S021
-1.67,2.04,50.50639064464029,-19.260666727356337,36.02196574288264,33.39,2.0,headache,S021
-4.23,2.14,50.78224368184267,-19.636982066052386,36.830497026606785,33.39,2.0,headache,S021
24.38,2.14,49.98322897481101,-19.567594548754787,36.97388606097302,33.41,2.0,headache,S021
-31.04,2.15,50.57009410194811,-19.383593952505656,36.86688934792971,33.41,2.0,headache,S021
-54.79,2.14,50.32703728044072,-19.104245613793548,36.63317940544847,33.41,2.0,headache,S021
5.88,2.12,49.84962387219098,-19.615876836683523,37.28917713522153,33.41,2.0,headache,S021
4.91,2.12,49.543957694882074,-19.142260209137657,37.70979674414664,33.41,2.0,headache,S021
9.44,2.12,48.81629465318703,-19.41602866886683,38.126509134036844,33.41,2.0,headache,S021
36.94,2.09,49.3867492781821,-19.755388765544506,37.9737517895021,33.41,2.0,headache,S021
9.4,2.11,48.93879047655934,-19.5452271224871,37.98702457158489,33.41,2.0,headache,S021
1.78,2.13,49.958933019531585,-19.25038946755849,37.25242497411839,33.39,2.0,headache,S021
-26.7,2.13,50.11446415954757,-19.17608922905858,36.63726699914657,33.39,2.0,headache,S021
9.7,2.13,49.81745738054407,-19.72546411788187,37.408799681065574,33.39,2.0,headache,S021
15.05,2.13,48.78368791659801,-20.227567761787604,37.903535028219814,33.39,2.0,headache,S021
22.1,2.06,49.2808396726868,-19.988071316977482,37.96536280498561,33.37,2.0,headache,S021
-15.07,2.04,48.81361735605301,-19.036716131194193,37.7119125170935,33.37,2.0,headache,S021
12.73,2.05,49.92348523660553,-19.536514938673665,37.59927550944696,33.37,2.0,headache,S021
-21.71,2.04,48.01438835119563,-20.21257725519772,38.698743965886855,33.37,2.0,headache,S021
-14.14,2.03,49.91298726336141,-19.694159094810807,36.83134373511552,33.37,2.0,headache,S021
15.51,1.96,51.893208896002534,-19.33282551031537,35.31853529854991,33.37,2.0,headache,S021
18.17,2.03,49.28435974668829,-19.992785072067196,36.88036763528938,33.37,2.0,headache,S021
-19.35,2.03,50.987408747479975,-19.889171018620793,36.87598183152977,33.37,2.0,headache,S021
62.0,2.02,50.19025163258609,-19.543835344832452,37.2880223289232,33.33,2.0,headache,S021
-36.72,2.02,50.12783121210525,-19.225170660307068,37.47143845225355,33.33,2.0,headache,S021
-6.6,2.02,49.73665160689414,-19.06892792884345,37.9619287548518,33.33,2.0,headache,S021
40.76,2.03,50.74080163806476,-18.94130908405784,37.427910474597276,33.33,2.0,headache,S021
-48.51,2.03,48.60388042243287,-19.94548787000089,38.68198140968847,33.34,2.0,headache,S021
-2.37,2.03,46.793332087087194,-20.052930617582522,39.537581303641105,33.34,2.0,headache,S021
-21.46,2.04,49.8060261585641,-19.972675200745076,37.4570504371475,33.34,2.0,headache,S021
-6.36,2.04,50.10841086172194,-18.57633211891887,37.11939177655973,33.34,2.0,headache,S021
-3.08,2.03,49.671572491246465,-18.97616402995479,37.42169009438256,33.34,2.0,headache,S021
16.95,2.05,50.70254355092999,-18.502185902572986,36.68656763674085,33.34,2.0,headache,S021
61.97,2.02,50.191662394935456,-18.12920292227077,37.16294436971981,33.34,2.0,headache,S021
-15.39,1.99,50.396982068601794,-18.166359882353426,38.1422097947597,33.34,2.0,headache,S021
9.04,2.0,48.533178515466055,-18.830740656184453,38.91887373978567,33.34,2.0,headache,S021
13.58,2.02,50.19542466866193,-18.047265910528047,37.684125465774045,33.34,2.0,headache,S021
28.08,2.01,51.53922537024951,-17.404629689405596,37.54948177825993,33.34,2.0,headache,S021
8.06,1.99,48.11456574908249,-14.543633651282608,40.03840658246668,33.34,2.0,headache,S021
-222.05,1.87,45.637788283661514,-14.79981914012521,42.927935717784855,33.34,2.0,headache,S021
-52.9,1.8,46.70807722972196,-15.833994439505702,43.02084951000319,33.34,2.0,headache,S021
46.18,1.78,46.80540086646051,-16.308302146734484,42.84196349994366,33.34,2.0,headache,S021
95.09,1.81,46.02350892485584,-18.99582680173819,43.00533796441436,33.34,2.0,headache,S021
38.12,2.02,45.5245841710004,-19.600467351141745,41.36317135632968,33.33,2.0,headache,S021
32.17,2.03,46.89030998138387,-20.102909380993214,41.31189479931067,33.33,2.0,headache,S021
26.49,1.98,44.74814946221108,-20.01392054293842,41.84135713451652,33.33,2.0,headache,S021
-59.55,1.95,48.730214329047605,-19.14194666211813,40.1212914599959,33.33,2.0,headache,S021
-54.04,1.96,46.96571694379606,-18.935707907568936,41.24738897721037,33.34,2.0,headache,S021
76.44,2.02,46.790234451490605,-18.970961573275094,40.92775033397662,33.34,2.0,headache,S021
21.16,2.05,46.75469333445453,-18.639705056858187,41.656779995749744,33.34,2.0,headache,S021
68.21,2.05,46.28125638042645,-18.37321960503731,42.12040179026793,33.34,2.0,headache,S021
-35.44,2.07,46.13114334288628,-18.125612757393824,42.049609070724955,33.37,2.0,headache,S021
-107.17,2.07,46.02228571954704,-18.285167767219917,42.08310346249921,33.37,2.0,headache,S021
7.58,2.07,46.20434709937618,-18.504313514302403,42.38071209940359,33.37,2.0,headache,S021
-30.47,2.06,45.04560218388571,-19.025690520721245,43.214903822601016,33.37,2.0,headache,S021
1.4,2.07,42.587773721945005,-19.11617268670063,44.42846512037846,33.33,2.0,headache,S021
5.84,2.07,45.31774234713349,-19.233103659950448,43.309965822793416,33.33,2.0,headache,S021
-16.04,1.98,43.78667063998625,-19.723681329802652,43.39709262902489,33.33,2.0,headache,S021
-6.1,1.97,45.232622288950715,-19.63812144794199,43.05636993646935,33.33,2.0,headache,S021
18.12,1.97,44.98962184838163,-19.797361875247184,42.65373412390308,33.29,2.0,headache,S021
60.48,1.96,45.45706842323564,-19.936618330552992,42.29659427113655,33.29,2.0,headache,S021
15.86,1.94,45.41404585174243,-20.32746294476072,42.46092742098719,33.29,2.0,headache,S021
-32.77,1.94,45.906068232273945,-20.304361418701394,42.088903698531055,33.29,2.0,headache,S021
45.53,2.0,45.095395524379256,-20.196774628528665,42.19806027542525,33.34,2.0,headache,S021
11.87,2.01,45.139515057026145,-20.10231455924858,42.54345498209064,33.34,2.0,headache,S021
-21.58,2.02,45.40387916399141,-20.010763659733918,42.05792101652906,33.34,2.0,headache,S021
-27.01,2.04,45.39807328997184,-19.924715731335223,42.314234023237624,33.34,2.0,headache,S021
-10.98,2.04,45.365333296439225,-19.939893509329053,42.60254026070078,33.39,2.0,headache,S021
-3.61,2.03,45.030192926961526,-19.911786952934857,42.59426362131006,33.39,2.0,headache,S021
-35.98,2.03,44.69960280777508,-19.9580465818102,42.909940526652,33.39,2.0,headache,S021
-11.0,2.04,45.14269385222161,-20.01877540607628,42.91594193405834,33.39,2.0,headache,S021
32.64,2.03,44.556156995404,-20.04880857691499,42.928797416087406,33.37,2.0,headache,S021
8.87,2.03,44.90141667840888,-19.851290254612763,42.768801458140196,33.37,2.0,headache,S021
-7.34,2.03,44.216670010828516,-19.901410003014266,42.91125471955377,33.37,2.0,headache,S021
11.34,2.03,44.425215840367194,-20.03385201782797,42.45731247890875,33.37,2.0,headache,S021
5.97,2.03,44.92934290230767,-20.045913928689142,43.08713849273548,33.33,2.0,headache,S021
-20.03,2.03,44.43802610725045,-20.01117609980828,43.13000605293937,33.33,2.0,headache,S021
14.2,2.03,44.346744040395286,-20.202440582535917,43.04515391893674,33.33,2.0,headache,S021
4.52,2.03,44.87164778099014,-20.18828333162711,42.92671992382186,33.33,2.0,headache,S021
-3.38,2.03,44.90703902657008,-19.956010822766913,42.808801814996144,33.31,2.0,headache,S021
31.46,2.02,44.903265554205376,-20.319054225060732,42.565536345727075,33.31,2.0,headache,S021
-17.56,2.03,44.64085503421341,-20.338744306442653,42.733614140966935,33.31,2.0,headache,S021
-12.58,2.03,44.27749313917479,-20.140424646966416,42.37412819788909,33.31,2.0,headache,S021
8.28,2.02,44.57753993578551,-20.023039790104644,42.629970245056356,33.31,2.0,headache,S021
0.16,2.02,44.18911591793721,-20.357404693616267,42.330731824534936,33.31,2.0,headache,S021
9.51,2.02,44.269732829296494,-20.238787337772013,42.79183029401905,33.31,2.0,headache,S021
0.85,2.01,44.265142162133905,-20.647839041355695,42.92197627463855,33.31,2.0,headache,S021
-12.69,2.01,45.46507231290057,-21.110799422520888,42.93607359121473,33.31,2.0,headache,S021
7.98,2.01,44.31403527785769,-20.944351997840716,42.67019267156284,33.31,2.0,headache,S021
-18.94,2.01,44.401026936515244,-20.698187121891156,43.04087731373731,33.31,2.0,headache,S021
-0.01,2.01,43.880370002605126,-20.565979169232804,42.916753376224726,33.31,2.0,headache,S021
30.74,2.0,42.682587784316894,-20.841100534781404,43.20255092982941,33.31,2.0,headache,S021
-31.55,2.01,44.42361908739628,-20.205054529582295,43.12440515855251,33.31,2.0,headache,S021
3.98,2.0,44.60147595542708,-20.286029724586196,43.231115732792205,33.31,2.0,headache,S021
11.55,2.0,43.57750037318038,-20.328266659673705,43.17857448095968,33.31,2.0,headache,S021
-2.53,2.0,42.466242780896344,-20.45000852913659,43.1876937565589,33.31,2.0,headache,S021
14.81,2.0,44.24996523272904,-20.786651058608705,43.0514285805111,33.31,2.0,headache,S021
-28.92,1.99,43.89607308496581,-20.4258574425979,43.38493443720188,33.31,2.0,headache,S021
0.78,1.99,43.947288000325266,-20.48850621456149,43.23797755947077,33.31,2.0,headache,S021
10.68,1.99,44.13959564227293,-20.878410375185137,43.595727251353246,33.31,2.0,headache,S021
-28.47,1.99,43.868010976427705,-20.74101871216531,43.89490376640689,33.31,2.0,headache,S021
-5.51,1.99,43.06807767568328,-20.855203054896545,43.86998204005945,33.31,2.0,headache,S021
32.17,1.99,44.10466951892156,-20.969977388112376,43.09929723753014,33.31,2.0,headache,S021
-22.84,1.98,42.24590423291677,-21.225891445945194,44.070862172484844,33.29,2.0,headache,S021
7.93,1.98,42.96152855613959,-21.02609452389208,43.93718369121065,33.29,2.0,headache,S021
20.52,1.98,43.19560829206491,-20.772506780818507,44.05441702860709,33.29,2.0,headache,S021
-0.5,1.97,43.68147000935408,-20.840394425646977,43.564172727888256,33.29,2.0,headache,S021
-24.57,1.97,43.17118221965593,-21.004577784457894,43.87070454489275,33.31,2.0,headache,S021
-14.31,1.97,42.72444221499497,-20.823112589260038,44.08898912661579,33.31,2.0,headache,S021
25.47,1.97,43.858243985163476,-21.254876845213897,44.46031366211024,33.31,2.0,headache,S021
11.3,1.98,43.770851333774026,-21.240668319619974,43.352277550256346,33.31,2.0,headache,S021
-1.02,1.98,44.10938045969127,-21.54089961875485,42.851942850037844,33.31,2.0,headache,S021
15.7,1.98,45.12231812583475,-21.61407809768727,42.123775718713325,33.31,2.0,headache,S021
2.11,1.97,44.49584939589996,-21.36824645754245,42.342028995986325,33.31,2.0,headache,S021
-32.07,1.97,44.776902091173994,-21.007689386953736,42.34736504244497,33.31,2.0,headache,S021
52.63,1.97,44.69406473146944,-21.623950346733416,42.31821815031688,33.31,2.0,headache,S021
-50.65,1.96,44.23715682195322,-21.017818956767425,42.39819357488757,33.31,2.0,headache,S021
-26.74,1.96,42.35805110866822,-20.979334644034306,43.16206547442713,33.31,2.0,headache,S021
29.75,1.96,43.76743453127844,-21.721590638037647,42.52658315435384,33.31,2.0,headache,S021
-50.3,1.96,43.9832070253834,-21.297829631124465,42.9937470368991,33.31,2.0,headache,S021
24.87,1.96,44.09338614499201,-20.981517739965813,43.31935013676322,33.31,2.0,headache,S021
39.5,1.97,43.41495490733759,-20.737509376181947,43.52241302150599,33.31,2.0,headache,S021
18.05,1.94,43.18930498146037,-20.94072270747277,43.675478556682336,33.31,2.0,headache,S021
18.06,1.94,42.50025107256134,-21.107838702107028,44.12330434813284,33.29,2.0,headache,S021
-81.61,1.94,42.512097180731736,-21.311557827467354,44.1228781496013,33.29,2.0,headache,S021
-0.48,1.94,42.83834582523133,-21.281594593900255,44.15946533467493,33.29,2.0,headache,S021
108.37,1.94,42.70285049118799,-21.830244706780277,44.060681008494846,33.29,2.0,headache,S021
-28.57,1.94,42.27624173930676,-21.36466671536979,43.895314402112874,33.27,2.0,headache,S021
-35.21,1.94,43.32850311036548,-21.581168700537102,43.91749182556941,33.27,2.0,headache,S021
44.1,1.93,42.44745800156766,-21.481386508545903,44.16762725962613,33.27,2.0,headache,S021
-30.97,1.93,42.67292400411904,-20.826510479657728,44.164500822349204,33.27,2.0,headache,S021
22.95,1.92,42.33464068270616,-21.32460362483618,43.831098980322864,33.29,2.0,headache,S021
-14.93,1.93,43.40528363875592,-21.406677519345156,43.69901913976769,33.29,2.0,headache,S021
-55.85,1.93,43.91833935284221,-21.230585927186702,43.69700914110184,33.29,2.0,headache,S021
22.61,1.92,43.38520697114666,-21.15748558429145,43.96135610549784,33.29,2.0,headache,S021
44.53,1.92,43.17754939188963,-21.124764352991903,44.100762135466006,33.27,2.0,headache,S021
29.24,1.91,43.21494219486403,-21.123856353808904,43.83965329744187,33.27,2.0,headache,S021
-38.54,1.91,42.834055548018554,-20.95791692199675,44.05448331425952,33.27,2.0,headache,S021
-43.36,1.91,43.347446269922344,-21.45609047901916,43.574962689867014,33.27,2.0,headache,S021
6.22,1.9,43.39258406342406,-21.255180956572662,43.41453078548306,33.29,2.0,headache,S021
4.41,1.9,43.69288735649668,-21.185863422057153,43.390137156630566,33.29,2.0,headache,S021
-10.92,1.9,43.67118932339668,-21.61939582635974,43.02288174590028,33.29,2.0,headache,S021
11.06,1.9,43.26950296439025,-21.52077742190887,43.04624666897415,33.29,2.0,headache,S021
-17.6,1.89,43.242724676148704,-21.290121433730945,43.34860022016267,33.29,2.0,headache,S021
-0.41,1.89,42.9977567732552,-21.381591740745254,43.2247989178934,33.29,2.0,headache,S021
30.04,1.89,43.98644866134371,-20.900751519580112,42.96829170580026,33.29,2.0,headache,S021
-8.24,1.89,44.39357137445697,-21.427373312168353,43.64570547051366,33.29,2.0,headache,S021
10.9,1.88,41.09703839147951,-22.028293984918587,44.64873244809999,33.29,2.0,headache,S021
-12.58,1.88,41.81845454677733,-21.504059742355402,44.62838175494377,33.29,2.0,headache,S021
9.36,1.87,41.46770003741285,-21.254130080760202,44.885480765003315,33.29,2.0,headache,S021
-10.15,1.87,41.93798329738099,-21.105215014226445,45.155448156275305,33.29,2.0,headache,S021
-16.58,1.88,42.421778458789696,-21.18131060602919,44.8812101592288,33.29,2.0,headache,S021
52.6,1.87,41.61210782956651,-21.428974807109284,45.15164072069721,33.29,2.0,headache,S021
-4.1,1.87,39.9836383310891,-21.511393365890225,46.16272819661876,33.29,2.0,headache,S021
-15.31,1.87,40.34380239466298,-21.765238087487212,46.092566417360054,33.29,2.0,headache,S021
-47.66,1.88,40.50024958353355,-21.544900475946537,45.89468190252981,33.27,2.0,headache,S021
-28.69,1.88,41.27670056916374,-21.41412267478965,45.100049048690956,33.27,2.0,headache,S021
74.76,1.88,41.042120017255655,-22.061959356052313,45.124622908066804,33.27,2.0,headache,S021
26.1,1.88,41.187667428177264,-21.887916536245278,45.04845151015427,33.27,2.0,headache,S021
-7.05,1.88,41.11526963328519,-21.880829490175252,45.05240758668449,33.27,2.0,headache,S021
-9.88,1.87,41.25684993957983,-21.925928247717497,44.94505609836999,33.27,2.0,headache,S021
20.47,1.87,41.31120735765638,-22.029816108284543,45.08345099058693,33.27,2.0,headache,S021
-37.19,1.87,41.269612493430564,-21.659776183321373,45.19428044260757,33.27,2.0,headache,S021
5.27,1.86,40.95120660823741,-21.823652876405507,45.17841613849776,33.27,2.0,headache,S021
2.17,1.86,41.615867167959586,-21.75414559752138,44.90469199303105,33.27,2.0,headache,S021
-19.54,1.87,41.51815834318977,-21.69751834791788,45.08096299416492,33.27,2.0,headache,S021
13.34,1.85,41.81793800613396,-21.729183776073242,44.92394833371195,33.27,2.0,headache,S021
-13.6,1.84,41.5449150833808,-21.864085973362943,45.07433830053642,33.27,2.0,headache,S021
-0.59,1.84,41.54927150882895,-21.869231238954427,44.925690810552105,33.27,2.0,headache,S021
16.74,1.84,41.18424099748304,-21.862369183349443,45.07560652723989,33.27,2.0,headache,S021
-22.04,1.84,41.651144990570145,-21.84331128822223,44.92145269641583,33.27,2.0,headache,S021
19.01,1.83,41.384403619054694,-21.891807217440324,45.08487731404294,33.29,2.0,headache,S021
-6.32,1.83,41.52362497275516,-21.977674545800966,44.89400027361817,33.29,2.0,headache,S021
-11.2,1.83,41.753316622521965,-21.879147495841252,44.960957781917394,33.29,2.0,headache,S021
9.33,1.82,41.9240033620436,-22.02690005710328,44.85843431151208,33.29,2.0,headache,S021
1.11,1.82,41.32074071061638,-21.86187029450667,44.96634447355348,33.25,2.0,headache,S021
-12.18,1.82,41.2404665826901,-22.00171224515019,44.99770200128092,33.25,2.0,headache,S021
23.99,1.82,41.20766723548729,-21.856304650038236,45.0621424930758,33.25,2.0,headache,S021
-12.9,1.81,41.86946795436832,-22.046754356526,44.92923932690974,33.25,2.0,headache,S021
-4.72,1.81,41.416887930403234,-21.874682870492013,45.07130063827207,33.27,2.0,headache,S021
23.48,1.8,41.2136138706776,-21.80309653525263,45.00227798312181,33.27,2.0,headache,S021
-16.02,1.8,41.581890640495196,-21.88675462678026,45.17289673886783,33.27,2.0,headache,S021
-13.92,1.8,41.719150568484075,-21.88170815604501,44.7611070308158,33.27,2.0,headache,S021
14.09,1.8,41.21231086044509,-21.900450899807982,44.99524871861585,33.25,2.0,headache,S021
-10.35,1.79,41.26668658418037,-21.685367766031153,44.85407110018355,33.25,2.0,headache,S021
8.9,1.79,42.31758986972135,-21.340432143118583,44.54551211623161,33.25,2.0,headache,S021
10.19,1.79,42.254823399930025,-21.2219595869333,44.63556287693914,33.25,2.0,headache,S021
-7.64,1.78,41.64680980736715,-21.365461735419405,44.94895536886543,33.25,2.0,headache,S021
4.71,1.78,42.08559981050762,-21.595871522612647,44.601653047033565,33.25,2.0,headache,S021
20.84,1.77,41.8881802101926,-21.783926027280792,44.53478717135523,33.25,2.0,headache,S021
-28.99,1.78,42.06927820384466,-21.634517360556416,44.73303689070858,33.25,2.0,headache,S021
-6.98,1.77,41.647616980596595,-21.81133153085343,44.91901809166889,33.25,2.0,headache,S021
-15.94,1.77,41.89680716169761,-21.833224566320528,44.918847858135805,33.25,2.0,headache,S021
-1.85,1.76,41.46242473600029,-21.931245799794205,44.8663117443592,33.25,2.0,headache,S021
22.65,1.77,41.84284203372852,-21.592577859904047,44.97573060779295,33.25,2.0,headache,S021
-0.52,1.76,41.685224087953195,-21.88718841182598,44.69763699851519,33.27,2.0,headache,S021
-0.24,1.76,41.974631590802765,-21.69809648189457,44.65792778651752,33.27,2.0,headache,S021
5.16,1.75,41.748076220878126,-22.118985090288252,44.57293059463188,33.27,2.0,headache,S021
-20.72,1.76,42.59569227944252,-21.757812745838365,44.425244395459075,33.27,2.0,headache,S021
15.89,1.76,41.649421658335136,-21.41593558640659,45.287316455217294,33.27,2.0,headache,S021
-16.39,1.76,40.13793030404232,-21.89328882045521,46.222869850203885,33.27,2.0,headache,S021
-11.23,1.76,41.08581871015592,-21.89581919755399,45.444955997984415,33.27,2.0,headache,S021
35.79,1.76,40.86487381860315,-21.371359032763145,46.197195578288664,33.27,2.0,headache,S021
-2.06,1.76,39.02249354970613,-21.06427705397792,46.70745449520465,33.25,2.0,headache,S021
6.15,1.75,40.76385948783727,-20.954605003654432,45.846815823873136,33.25,2.0,headache,S021
30.01,1.76,40.516538513462,-21.19753255148863,45.95479389819815,33.25,2.0,headache,S021
-27.95,1.76,41.19739809360468,-21.81415784467702,45.36119905468299,33.25,2.0,headache,S021
21.82,1.78,39.60245888864251,-21.6529040000767,45.97783579212574,33.25,2.0,headache,S021
-9.54,1.83,39.33348060216432,-22.01088817303804,46.79329968213304,33.25,2.0,headache,S021
-32.23,1.87,38.99085759365699,-22.16341405878424,46.626462107094945,33.25,2.0,headache,S021
-0.91,1.89,39.826960852069405,-21.626862327901343,46.096071123583286,33.25,2.0,headache,S021
11.8,1.9,40.53497294855427,-21.51702039696507,46.454255243122745,33.25,2.0,headache,S021
47.09,1.92,40.31422625491219,-21.666557360187763,45.94715604635583,33.25,2.0,headache,S021
2.28,1.93,40.9902871765336,-21.696122233960825,45.500725246820366,33.25,2.0,headache,S021
15.29,1.95,40.75458379825542,-21.75807450498266,46.07800587487295,33.25,2.0,headache,S021
-64.63,1.93,41.152782359193814,-21.88767181326293,45.06626193060932,33.27,2.0,headache,S021
-52.81,1.93,41.84681042605507,-22.17008601223433,45.07559452512495,33.27,2.0,headache,S021
94.5,1.93,41.34107849287316,-21.96575947760505,45.012192277313176,33.27,2.0,headache,S021
-34.25,1.91,41.19271655061616,-22.06757854479651,44.9886012289733,33.27,2.0,headache,S021
-10.32,1.9,41.08116755792549,-21.68564102048453,45.006524834999425,33.27,2.0,headache,S021
26.05,1.89,41.29973244355949,-21.86285266855308,45.07022955527086,33.27,2.0,headache,S021
-17.89,1.87,40.97523892141576,-22.05005185362067,45.170694963106264,33.27,2.0,headache,S021
-4.99,1.86,41.533450730275725,-21.68168066732188,45.001182892183614,33.27,2.0,headache,S021
10.04,1.85,41.27068929589359,-21.76278089203238,45.01577903119584,33.27,2.0,headache,S021
-16.2,1.85,41.471201686684594,-21.714388945697102,44.9817104794477,33.27,2.0,headache,S021
12.36,1.84,41.70890420362656,-21.93746680818309,45.01592486267787,33.27,2.0,headache,S021
20.39,1.83,42.03147711119144,-22.022048872665806,44.99464150423971,33.27,2.0,headache,S021
-17.01,1.82,41.72893969571857,-21.905574618286714,44.95836201046926,33.25,2.0,headache,S021
-22.48,1.82,41.72260129446685,-21.879902883492313,44.962041374040666,33.25,2.0,headache,S021
-13.42,1.82,41.19623634322418,-21.818751978997692,45.04610061345885,33.25,2.0,headache,S021
6.48,1.82,41.453823240183745,-21.85435447326486,44.82783375922722,33.25,2.0,headache,S021
8.8,1.83,41.231538440064426,-22.046362549396214,45.04294673078159,33.27,2.0,headache,S021
-20.06,1.83,41.92994197717087,-21.531668814817483,44.789136935113724,33.27,2.0,headache,S021
23.87,1.83,40.858733370017866,-21.54398358022211,45.05432796525738,33.27,2.0,headache,S021
37.91,1.83,41.38849697188471,-21.552938340499445,45.13702128582819,33.27,2.0,headache,S021
-44.3,1.82,41.41381259424932,-21.531854834443994,45.11630772781887,33.25,2.0,headache,S021
-38.38,1.82,41.85869134274765,-21.226719488353563,44.194638589394614,33.25,2.0,headache,S021
40.21,1.82,42.21076521183435,-21.76849198067119,44.39472210449461,33.25,2.0,headache,S021
-32.31,1.81,42.50461421932426,-21.518589749151996,44.27188923969474,33.25,2.0,headache,S021
21.31,1.8,42.001753686953435,-22.036658738097355,43.93094627473166,33.25,2.0,headache,S021
22.21,1.8,43.88873000731595,-22.004277348853364,43.19257140646545,33.25,2.0,headache,S021
-11.6,1.8,42.84067547531713,-21.77360246629203,43.38365708019662,33.25,2.0,headache,S021
-74.37,1.8,43.0773439383061,-21.701629267959298,44.04155287226759,33.25,2.0,headache,S021
69.4,1.78,42.2065962642435,-21.945934919210668,43.73477788760686,33.23,2.0,headache,S021
79.58,1.78,43.38513006116403,-21.983244760785112,43.727287366652604,33.23,2.0,headache,S021
-6.75,1.77,41.5917677878709,-21.952598926229356,44.062429942629116,33.23,2.0,headache,S021
-29.23,1.76,42.12030326008531,-21.61537463496206,44.65126519863175,33.23,2.0,headache,S021
-59.91,1.76,40.140227191757575,-22.13027479910745,45.27566310046189,33.25,2.0,headache,S021
-24.44,1.76,47.01974376452942,-20.686951941548827,42.99845227175485,33.25,2.0,headache,S021
7.77,1.76,44.75888933608325,-16.662814365571936,41.08909851497247,33.25,2.0,headache,S021
-1.0,1.71,42.509826068849726,-18.279703275703184,44.9319854945073,33.25,2.0,headache,S021
46.66,1.71,44.631758422701516,-19.646060847184085,43.98490766459152,33.23,2.0,headache,S021
-105.76,1.71,46.85434670922903,-17.728451975476002,41.46959764095874,33.23,2.0,headache,S021
-59.44,1.7,46.13196422096682,-19.21951691279431,41.71127018825351,33.23,2.0,headache,S021
168.95,1.76,45.82351617446587,-19.47929666108749,41.651367395411434,33.23,2.0,headache,S021
1.65,1.77,45.463050181180655,-20.114074107395624,42.10465873962109,33.29,2.0,headache,S021
29.95,1.77,46.006510389986495,-19.991425798809978,41.4578018145731,33.29,2.0,headache,S021
28.57,1.76,47.664177249562435,-20.3840004938101,40.70631675454503,33.29,2.0,headache,S021
4.82,1.76,46.06349908411151,-20.40640685780974,40.93966159380635,33.29,2.0,headache,S021
-23.59,1.75,46.8378143857705,-20.33648030396972,40.81615125527579,33.34,2.0,headache,S021
-14.24,1.74,45.97742737593705,-20.52122956440235,40.89766459601613,33.34,2.0,headache,S021
-33.54,1.74,46.81349591227706,-20.848229872908366,40.358486341233984,33.34,2.0,headache,S021
20.66,1.74,46.83106928714886,-20.515333977868764,40.32232693739467,33.34,2.0,headache,S021
-18.32,1.75,47.08361266859461,-20.890477034302684,40.11886427253806,33.33,2.0,headache,S021
12.29,1.74,46.894088402670356,-20.876832038164366,39.97048093205324,33.33,2.0,headache,S021
17.93,1.74,47.220343360519905,-21.0540561643185,40.00965390400642,33.33,2.0,headache,S021
-22.84,1.74,46.904899980933976,-20.675232165625122,40.00248454294928,33.33,2.0,headache,S021
1.13,1.73,47.19012180815051,-20.813535007055076,39.980812116374445,33.31,2.0,headache,S021
21.37,1.73,46.758843537829314,-20.322692223671385,40.42567963144211,33.31,2.0,headache,S021
-23.53,1.73,46.31243090369479,-20.521006344161435,40.96935429213075,33.31,2.0,headache,S021
10.56,1.73,45.992849311479205,-20.961616096851383,40.698045053435294,33.31,2.0,headache,S021
19.14,1.72,47.30740952939012,-20.680863964487163,40.866986442160034,33.29,2.0,headache,S021
-11.17,1.72,46.29499739270251,-21.01208038523517,40.849166378773965,33.29,2.0,headache,S021
7.5,1.72,46.25594072955076,-20.967015806672308,40.81320605346236,33.29,2.0,headache,S021
26.04,1.72,46.37894810062411,-21.043620421767738,40.718940533497,33.29,2.0,headache,S021
-22.61,1.71,46.36126001636677,-20.88571255695256,40.7385336895186,33.29,2.0,headache,S021
1.3,1.71,46.49215036871787,-20.96195192684592,40.44647164282825,33.29,2.0,headache,S021
4.86,1.71,46.52238923147082,-20.884730406868893,40.596940070779034,33.29,2.0,headache,S021
-20.36,1.71,46.0543938722436,-20.80181611723222,40.89452533288031,33.29,2.0,headache,S021
3.7,1.7,46.44892295893001,-20.972527158616405,40.90930038998515,33.29,2.0,headache,S021
4.94,1.7,45.87418348588973,-20.707387666206277,40.85595832150533,33.29,2.0,headache,S021
-24.26,1.7,45.22908185734552,-19.59426251361978,41.825483991655624,33.29,2.0,headache,S021
1.32,1.69,45.11043884817852,-20.053933184786363,41.96155133024453,33.29,2.0,headache,S021
0.67,1.66,45.40045075685915,-20.125705766411567,42.34427483725147,33.25,2.0,headache,S021
2.12,1.65,45.60800281752778,-20.110738074646765,41.918085353691076,33.25,2.0,headache,S021
-11.29,1.65,45.7663209531429,-20.12071504523557,41.39797867263322,33.25,2.0,headache,S021
-13.15,1.65,46.304211775965065,-20.06198794063511,41.43951237390341,33.25,2.0,headache,S021
32.31,1.65,46.441983158670865,-20.108378753512216,40.744935591559646,33.27,2.0,headache,S021
14.36,1.64,46.56843557326998,-20.2001260826974,40.83663424138068,33.27,2.0,headache,S021
-1.44,1.64,46.523129780394854,-19.900770083358694,40.890849130270716,33.27,2.0,headache,S021
-8.42,1.64,46.861221820598374,-20.16376649031725,40.849114690267115,33.27,2.0,headache,S021
-38.89,1.64,46.70883241614503,-20.075042294403566,40.49269890254741,33.29,2.0,headache,S021
16.45,1.64,46.99546435946982,-20.117362288633366,40.59721823810465,33.29,2.0,headache,S021
2.17,1.64,46.638476832455275,-19.72553150995494,40.92228364811467,33.29,2.0,headache,S021
-10.09,1.64,46.5469772431636,-20.45705859394565,40.888446443799104,33.29,2.0,headache,S021
3.34,1.64,46.43196261976842,-20.297197238137556,40.853842264801415,33.29,2.0,headache,S021
36.82,1.64,46.58393484746309,-19.975544915229104,40.70590208365274,33.29,2.0,headache,S021
-40.09,1.63,46.708050266268835,-20.191732117953613,40.43729493858322,33.29,2.0,headache,S021
-30.79,1.64,47.654324294164766,-20.114888899741548,40.039745745852386,33.29,2.0,headache,S021
52.79,1.63,47.21641862377649,-20.36445804954317,40.12345740266577,33.25,2.0,headache,S021
21.19,1.63,47.27033470675896,-20.301651007654275,39.762999883712084,33.25,2.0,headache,S021
-12.34,1.63,47.5831533273498,-20.070032119763372,39.68857333250463,33.25,2.0,headache,S021
-11.24,1.63,47.49680662695727,-20.141085293795392,39.71240360419635,33.25,2.0,headache,S021
1.36,1.63,47.338258176991665,-20.253916873019026,39.874863309980505,33.27,2.0,headache,S021
22.23,1.62,46.94934108113316,-20.254640427770628,40.13446476792585,33.27,2.0,headache,S021
-27.63,1.62,46.72235103552449,-20.36277435995273,40.05216353628808,33.27,2.0,headache,S021
-32.91,1.62,47.30728201222902,-20.217610649465964,40.12472045395427,33.27,2.0,headache,S021
23.93,1.62,47.64315619795269,-20.408571376205938,39.65676849274111,33.31,2.0,headache,S021
-27.34,1.61,48.58057727387551,-20.230716225377805,38.323226915157804,33.31,2.0,headache,S021
-7.21,1.62,48.254735343657956,-20.130630942167915,38.907984858907014,33.31,2.0,headache,S021
32.32,1.62,48.042424411595505,-20.075421969173735,38.994214405290485,33.31,2.0,headache,S021
0.37,1.62,47.28867368964775,-20.088560483735986,39.552994237636014,33.29,2.0,headache,S021
8.91,1.61,46.32864687633886,-20.130219490535122,40.63578489335549,33.29,2.0,headache,S021
12.32,1.61,46.94945067588584,-19.966137503865152,40.98627181181056,33.29,2.0,headache,S021
-40.83,1.62,46.47468436606267,-20.040288466104,40.998520061813224,33.29,2.0,headache,S021
-4.81,1.62,46.626940675293035,-20.27596262931809,40.95530021628686,33.29,2.0,headache,S021
28.1,1.61,46.118718989887675,-19.937021397904918,41.133021645860744,33.29,2.0,headache,S021
28.42,1.61,45.78707262686242,-20.278948486701243,41.4469666677919,33.29,2.0,headache,S021
1.55,1.6,46.39039665591825,-20.861676745610183,40.8877160295386,33.29,2.0,headache,S021
-0.75,1.6,47.40814931620602,-20.98616165965006,39.24415659026403,33.29,2.0,headache,S021
-31.91,1.6,47.641258095198566,-20.903363002866417,39.3054227141786,33.29,2.0,headache,S021
2.18,1.61,47.553937349096984,-20.714997697112146,39.45221972011288,33.29,2.0,headache,S021
55.11,1.59,47.81113906238415,-20.383579830403814,39.263405818514904,33.29,2.0,headache,S021
19.88,1.58,47.35439549049957,-20.136271437017303,39.72962951767621,33.25,2.0,headache,S021
-1.82,1.58,47.46816222455147,-20.33025358328417,40.04398137186179,33.25,2.0,headache,S021
-93.34,1.58,47.24989399475564,-20.061907985074605,39.83695898979259,33.25,2.0,headache,S021
-10.01,1.57,47.496138348629025,-20.34479935916627,39.749384982185106,33.25,2.0,headache,S021
0.26,1.57,47.15133504114012,-19.939655519751053,39.99784659488461,33.31,2.0,headache,S021
-11.33,1.57,47.27480137478711,-20.351220855661424,40.11975858426924,33.31,2.0,headache,S021
34.66,1.57,46.9219535297958,-20.22343834601376,40.020031141116114,33.31,2.0,headache,S021
3.31,1.56,46.82504249660878,-20.15418380520926,40.220030381298756,33.31,2.0,headache,S021
-0.87,1.55,46.70947898361694,-20.08816276714931,40.580164518121535,33.29,2.0,headache,S021
25.64,1.54,46.487467927213864,-20.386885476259195,40.72867620852291,33.29,2.0,headache,S021
-8.38,1.54,46.43372222613295,-20.22414303220058,40.959811997563186,33.29,2.0,headache,S021
-5.27,1.53,46.585945611538364,-20.240774415279237,40.6199202820337,33.29,2.0,headache,S021
10.24,1.53,46.91583302480228,-20.355902606563284,40.883381065975215,33.29,2.0,headache,S021
-18.52,1.53,46.787437652505886,-20.602017610511954,40.60824183778147,33.29,2.0,headache,S021
9.73,1.53,46.34619170239264,-20.7287524478877,40.683890885023075,33.29,2.0,headache,S021
0.25,1.53,46.55851990804699,-20.45284884863623,41.0517844585403,33.29,2.0,headache,S021
-16.19,1.53,46.62023645641541,-20.442415920336394,40.65936033232286,33.29,2.0,headache,S021
23.63,1.52,46.47766895765533,-20.56805436837251,40.75484858877008,33.29,2.0,headache,S021
3.99,1.54,45.80409329475841,-20.736016179218247,41.363640223254535,33.29,2.0,headache,S021
-5.01,1.52,45.81173120484037,-20.812998634845346,41.5738990661607,33.29,2.0,headache,S021
5.02,1.53,45.91129573231788,-20.462576197884584,41.43542011968086,33.25,2.0,headache,S021
-19.08,1.53,45.49240875028938,-20.626492091939916,41.53234995734831,33.25,2.0,headache,S021
-8.47,1.52,46.09508881937894,-20.77044839338125,41.36332221358513,33.25,2.0,headache,S021
10.79,1.53,46.19996476375648,-20.576267266513618,41.021909544843055,33.25,2.0,headache,S021
-3.91,1.53,46.169491259884616,-20.71050067619115,41.0306960393192,33.27,2.0,headache,S021
2.86,1.52,46.16420638181617,-20.77361379447652,40.8369455186845,33.27,2.0,headache,S021
16.42,1.53,46.5544822406191,-20.66056373751075,41.057664763690426,33.27,2.0,headache,S021
-5.61,1.52,46.481484112563024,-20.687525058718876,40.82526874806392,33.27,2.0,headache,S021
13.63,1.52,46.51413819146682,-20.856828190914165,40.74908396211341,33.29,2.0,headache,S021
2.88,1.51,46.19683898913187,-20.614184635091142,40.85588542181862,33.29,2.0,headache,S021
-19.48,1.51,46.631082246974,-20.940316313387278,41.08304867472643,33.29,2.0,headache,S021
-3.77,1.51,46.886713709630826,-20.741162941141003,40.866514835568104,33.29,2.0,headache,S021
5.38,1.5,46.39158830978894,-20.400949860405003,40.699295123937574,33.27,2.0,headache,S021
-13.48,1.5,46.454714893768,-20.765970976462764,41.025503908631386,33.27,2.0,headache,S021
12.1,1.5,46.52670632092731,-20.283612193408317,40.988111488854734,33.27,2.0,headache,S021
1.81,1.5,45.85451458191565,-20.099286989431988,41.00777906213886,33.27,2.0,headache,S021
-10.07,1.49,46.39761281138734,-20.035687652304166,41.08926720363078,33.27,2.0,headache,S021
15.68,1.49,46.142784491028216,-20.114092865331223,41.111282974031035,33.27,2.0,headache,S021
3.52,1.49,46.57732016230286,-20.016413793714506,41.16639781988857,33.27,2.0,headache,S021
-5.06,1.49,46.20211872170938,-20.25934276870282,41.171350470889664,33.27,2.0,headache,S021
4.48,1.5,45.876363216561906,-20.857249879799213,41.59455609408637,33.27,2.0,headache,S021
-32.53,1.49,45.38205682973026,-21.16061483320634,41.48791875939615,33.27,2.0,headache,S021
-3.99,1.48,45.592985596288365,-21.08531561666351,41.708840894477675,33.27,2.0,headache,S021
-0.92,1.48,45.10783363572664,-21.223120517892102,41.80235956226637,33.27,2.0,headache,S021
-3.48,1.47,45.12050514834239,-21.097750360480994,42.113513603550565,33.27,2.0,headache,S021
10.84,1.48,44.596270173311865,-21.352965559380078,42.46566575665564,33.27,2.0,headache,S021
2.02,1.48,44.46775457662831,-21.20251789400389,42.54874404540468,33.27,2.0,headache,S021
5.63,1.47,43.574728808817085,-20.95743305162294,43.18171567612667,33.27,2.0,headache,S021
9.02,1.47,44.19029658337111,-20.38353124168604,43.035103048515666,33.27,2.0,headache,S021
-42.95,1.46,43.72964106643555,-20.26075359381769,43.66867735600308,33.27,2.0,headache,S021
21.61,1.47,43.603501321710816,-20.272498545481728,43.21862628401048,33.27,2.0,headache,S021
-2.4,1.46,43.61000403781824,-20.256091350791625,44.072795827762164,33.27,2.0,headache,S021
-13.22,1.46,42.45246089874676,-19.808464709330725,44.86744986759801,33.29,2.0,headache,S021
6.28,1.46,45.6039583218291,-18.358496714583918,42.47335037364088,33.29,2.0,headache,S021
14.77,1.46,52.930359151901165,-16.469020776233215,32.61900395858548,33.29,2.0,headache,S021
13.58,1.48,57.57749526916013,-15.15677009552259,28.299067773456443,33.29,2.0,headache,S021
-14.69,1.47,56.095737079661596,-14.387483081281628,29.72943960092837,33.25,2.0,headache,S021
-48.96,1.46,55.52187955848138,-14.2578640177684,31.07301979397352,33.25,2.0,headache,S021
5.38,1.44,50.62201307022812,-15.65833924175377,36.648919007158405,33.25,2.0,headache,S021
98.04,1.45,51.46156397139469,-16.127595612975966,37.28606888218852,33.25,2.0,headache,S021
16.45,1.45,50.0755049422735,-16.624695580582152,37.97628958150125,33.29,2.0,headache,S021
18.71,1.45,50.27551223492626,-16.906350766972146,37.71622804635159,33.29,2.0,headache,S021
-12.2,1.45,49.99486934730739,-16.260084586567793,38.16763756426777,33.29,2.0,headache,S021
-42.74,1.45,51.112159126252045,-15.984468171849398,38.43612138161216,33.29,2.0,headache,S021
-2.95,1.45,49.19941447724558,-15.898477570557446,39.55417819313327,33.34,2.0,headache,S021
-46.97,1.46,49.09409332340821,-16.319873938722065,39.11926225803233,33.34,2.0,headache,S021
-13.94,1.46,49.31510352637807,-16.884635399417718,39.907302223055744,33.34,2.0,headache,S021
11.41,1.46,48.74437178669714,-18.56467711627039,39.240887610055076,33.34,2.0,headache,S021
21.12,1.45,47.7257847018763,-19.333072259267787,39.7236043963104,33.34,2.0,headache,S021
43.56,1.44,48.41037871239024,-20.05991986927793,38.86811945723549,33.34,2.0,headache,S021
-14.77,1.46,48.880604400317125,-20.414606212808703,39.057861664041575,33.34,2.0,headache,S021
7.37,1.46,46.766739267210234,-20.507448411583837,39.54238437324975,33.34,2.0,headache,S021
4.95,1.46,48.39215791167906,-20.56098533520157,39.50207891505414,33.34,2.0,headache,S021
-17.48,1.47,46.662336758908744,-21.094419904938242,40.294873648662005,33.34,2.0,headache,S021
-5.99,1.46,46.487238208079525,-20.7031423206904,39.85724349965602,33.34,2.0,headache,S021
9.55,1.45,48.64378588619729,-21.00398183557555,38.82551815688471,33.34,2.0,headache,S021
17.54,1.45,49.18246169170034,-20.824386320265507,37.186084589003606,33.33,2.0,headache,S021
-42.59,1.45,49.802464953427226,-20.47437129295061,36.58318485895218,33.33,2.0,headache,S021
9.7,1.45,49.845482746041114,-20.246924000156536,37.07207617537164,33.33,2.0,headache,S021
-35.73,1.45,50.10337209038088,-20.151068240944713,36.94311410371408,33.33,2.0,headache,S021
8.79,1.44,49.60568565201658,-20.510210585335724,37.35423537868809,33.31,2.0,headache,S021
37.0,1.44,49.33318464823513,-20.278128156920882,37.50473912531222,33.31,2.0,headache,S021
-5.42,1.44,50.26127899125946,-20.139937505274666,36.383292197608526,33.31,2.0,headache,S021
-0.74,1.44,50.253081337976184,-20.01764545490638,36.28262351411685,33.31,2.0,headache,S021
-36.34,1.44,50.483174398668424,-19.81733693667617,36.724281405159864,33.29,2.0,headache,S021
23.0,1.44,50.52284963240131,-20.199436123838364,35.74292692920743,33.29,2.0,headache,S021
-0.75,1.44,50.54590431108702,-20.23731353574636,35.78561477174993,33.29,2.0,headache,S021
-5.2,1.44,50.42972333278455,-20.290733315205465,36.07459871918104,33.29,2.0,headache,S021
10.71,1.43,50.51806411645665,-20.128622853859145,36.52738287645215,33.31,2.0,headache,S021
-19.15,1.43,49.80132047218423,-20.480103537565427,37.51486186767805,33.31,2.0,headache,S021
48.73,1.43,46.82350511538174,-20.610655509991297,40.16481643881297,33.31,2.0,headache,S021
-4.79,1.43,44.89643186815795,-20.395924436787944,42.0899775523284,33.31,2.0,headache,S021
-27.91,1.43,45.6885514073463,-20.189044875987566,41.87274471996565,33.27,2.0,headache,S021
3.76,1.42,45.74468254322175,-19.788657572719572,40.93685778837311,33.27,2.0,headache,S021
19.61,1.42,55.08700821316416,-18.32313709143024,30.248872154598047,33.27,2.0,headache,S021
-12.87,1.42,62.57184327859577,-15.134443634989642,15.46768924900944,33.27,2.0,headache,S021
6.8,1.41,61.31972816119365,-14.63678994654622,15.513991274658466,33.25,2.0,headache,S021
-41.85,1.37,62.295539221474726,-15.310947663626628,16.746294257788072,33.25,2.0,headache,S021
-46.27,1.11,61.570226667471566,-15.412580859671793,16.615956970248796,33.25,2.0,headache,S021
35.88,1.07,62.073229875409254,-15.497094715754528,16.550484126051177,33.25,2.0,headache,S021
138.32,1.07,61.485406864835596,-15.789425939874471,16.892385343801124,33.25,2.0,headache,S021
30.32,1.06,61.42697796217275,-16.198140909746602,17.755185925845314,33.25,2.0,headache,S021
-64.69,1.06,61.42469774514108,-16.456443583689865,17.98211171345598,33.25,2.0,headache,S021
-65.67,1.12,60.87773019107264,-16.825206361749597,18.75512062145791,33.25,2.0,headache,S021
-25.12,1.12,60.50264730726904,-16.561014012012397,18.338283711199672,33.34,2.0,headache,S021
5.6,1.15,60.47875311643361,-17.273195200211116,18.3280989160663,33.34,2.0,headache,S021
14.44,1.2,61.23611271857541,-16.845082477855613,18.18033035684737,33.34,2.0,headache,S021
-13.49,1.29,60.036320343771884,-16.027700967720598,19.74219918337825,33.34,2.0,headache,S021
5.49,1.4,58.440409056423604,-16.531455781481146,21.904435726725186,33.37,2.0,headache,S021
5.11,1.44,60.34414151892273,-16.606691725891984,21.876513297781443,33.37,2.0,headache,S021
-11.84,1.45,53.92761284177468,-16.46981236084278,31.558677514541202,33.37,2.0,headache,S021
-6.55,1.48,55.54428421021502,-15.397764284715734,31.296300877245592,33.37,2.0,headache,S021
-5.72,1.52,53.79866023748833,-15.908912319095634,32.85054516083713,33.39,2.0,headache,S021
79.14,1.53,55.52000092770118,-16.83682833272823,31.10210562831191,33.39,2.0,headache,S021
-7.07,1.57,53.32878026148405,-19.61013563657563,31.76361162132142,33.39,2.0,headache,S021
-47.45,1.59,53.98867691412386,-20.24359329142061,31.420602850845523,33.39,2.0,headache,S021
12.02,1.58,54.145894213894486,-18.723328412239546,30.513866893357637,33.37,2.0,headache,S021
39.65,1.6,55.77677935090575,-17.808262207900803,28.490660198708426,33.37,2.0,headache,S021
10.34,1.57,55.477858400080876,-18.91323393359239,29.21376761263029,33.37,2.0,headache,S021
-41.07,1.55,55.46683692002145,-18.423155488277036,28.956176482182293,33.37,2.0,headache,S021
33.04,1.53,54.92987043324238,-19.070578029804583,29.730737584816993,33.37,2.0,headache,S021
20.83,1.51,54.35762727428925,-18.533851478423873,30.706844893142605,33.37,2.0,headache,S021
-21.16,1.51,54.28656452384065,-19.095064219734056,31.17911876008129,33.37,2.0,headache,S021
-36.4,1.53,54.146157511843995,-18.75203746848906,31.601190588393685,33.37,2.0,headache,S021
-19.26,1.52,52.701715081953374,-19.2584297273093,33.708081731923976,33.37,2.0,headache,S021
-5.46,1.51,51.08422410780589,-19.491657909038533,35.20970494817519,33.37,2.0,headache,S021
-11.78,1.5,50.58284379086903,-19.818271964368726,36.47026837564551,33.37,2.0,headache,S021
1.35,1.48,48.66285793141961,-19.87985550118185,38.71377846616171,33.37,2.0,headache,S021
17.07,1.47,48.40164973062548,-19.982326379129653,38.92512194058355,33.31,2.0,headache,S021
-11.54,1.47,48.33110425447574,-19.933469152267776,39.099306629715834,33.31,2.0,headache,S021
0.96,1.46,47.794431588036495,-19.852952870725474,39.203565623578,33.31,2.0,headache,S021
53.79,1.45,49.269507449161985,-19.538958087733995,38.03124017265609,33.31,2.0,headache,S021
26.01,1.44,49.42224296138598,-19.902610649357282,37.3050036300173,33.31,2.0,headache,S021
-33.2,1.44,50.418474022742586,-19.999248490630286,36.631716727394796,33.31,2.0,headache,S021
-31.5,1.43,49.55990154161397,-20.004010956859126,37.48709756087069,33.31,2.0,headache,S021
-16.72,1.42,49.99021538949135,-19.4556441833726,37.368721457412754,33.31,2.0,headache,S021
32.65,1.43,49.765705350672235,-19.53201610085697,37.066042462595114,33.29,2.0,headache,S021
15.03,1.42,50.235131393678664,-19.435998210809664,36.93957717008528,33.29,2.0,headache,S021
-11.78,1.42,50.0502491418267,-19.503187484512917,36.96110018978604,33.29,2.0,headache,S021
-13.4,1.41,50.64651686249164,-19.137540784905987,36.517806339990095,33.29,2.0,headache,S021
-10.76,1.41,50.012587780856094,-18.94503523174054,36.98551897752031,33.27,2.0,headache,S021
19.1,1.41,50.86046192852881,-19.06268370980129,36.629657437152744,33.27,2.0,headache,S021
-34.46,1.4,50.39033232146961,-19.0894748107567,36.781554852806266,33.27,2.0,headache,S021
-19.5,1.4,50.732822194632895,-19.046069160482062,36.66245291467796,33.27,2.0,headache,S021
15.84,1.4,50.575275809605,-19.10850969405836,36.740611229443786,33.27,2.0,headache,S021
-22.2,1.4,50.250176067352186,-18.937669410421606,36.80082592914318,33.27,2.0,headache,S021
13.29,1.39,50.30003172779718,-19.05839366046877,36.56653412939239,33.27,2.0,headache,S021
11.67,1.39,50.62443695821868,-18.93011985465151,36.65129533538054,33.27,2.0,headache,S021
-7.56,1.39,50.371193194388695,-19.182172085039998,36.6280854917538,33.27,2.0,headache,S021
20.42,1.39,50.611655117077575,-19.46058751985355,37.022728592296964,33.27,2.0,headache,S021
9.95,1.38,48.91134643438942,-19.34959854058382,38.458745033793754,33.27,2.0,headache,S021
-15.79,1.38,49.42983062706672,-19.15153081960088,37.71520994311005,33.27,2.0,headache,S021
16.55,1.38,50.97305704048227,-19.681677036134722,35.64776243649724,33.23,2.0,headache,S021
-8.59,1.38,51.349742840739424,-19.773520047923686,35.3270370415895,33.23,2.0,headache,S021
-29.29,1.38,51.395667710081376,-19.787571728453447,35.241313995719885,33.23,2.0,headache,S021
40.32,1.37,51.41406665062405,-19.887093958278705,34.657027037700615,33.23,2.0,headache,S021
26.44,1.37,51.31148642720235,-19.83495583183236,35.20546353659545,33.23,2.0,headache,S021
1.73,1.36,52.02771923662228,-19.674726278349212,34.34720809385193,33.23,2.0,headache,S021
14.94,1.35,52.80850254272316,-19.889558578089947,33.78127138293292,33.23,2.0,headache,S021
-7.52,1.35,51.9247642193123,-19.624429536846066,34.06129468988046,33.23,2.0,headache,S021
-13.84,1.34,53.35286465193412,-19.37176858627204,32.61577996802273,33.23,2.0,headache,S021
-38.64,1.32,53.15327153793147,-19.29334139990857,32.74190845543645,33.23,2.0,headache,S021
9.94,1.31,53.533359161031655,-18.928372116831653,32.24926574139844,33.23,2.0,headache,S021
15.9,1.31,53.46041557794599,-18.963368950345064,33.062129795505975,33.23,2.0,headache,S021
10.61,1.3,51.99066119859022,-18.364698015154477,34.60403907721274,33.25,2.0,headache,S021
-15.32,1.31,52.08738559163436,-18.888819921013763,33.95495206846369,33.25,2.0,headache,S021
8.34,1.32,52.272739162686776,-18.823476290762567,34.816859491314446,33.25,2.0,headache,S021
-31.31,1.32,50.83353920221283,-19.43009353638635,35.82579197642127,33.25,2.0,headache,S021
-15.15,1.32,51.060467267776836,-19.720856700408323,35.311270750704914,33.27,2.0,headache,S021
2.14,1.32,50.73184014531025,-19.9548295130492,36.68971825067742,33.27,2.0,headache,S021
-8.78,1.32,50.74566023407823,-19.527794426418815,35.359811114697195,33.27,2.0,headache,S021
25.95,1.31,51.86641260684922,-19.815469516482825,34.397924670653666,33.27,2.0,headache,S021
32.65,1.31,53.50659088915137,-19.633115520424507,32.91842839937896,33.27,2.0,headache,S021
1.85,1.31,52.14268553953205,-19.431730670331408,32.77745170559703,33.27,2.0,headache,S021
-47.07,1.31,57.40828660920045,-17.88812348732542,26.713562457464256,33.27,2.0,headache,S021
-34.61,1.34,59.62405471667031,-16.93096298354385,21.025415482608206,33.27,2.0,headache,S021
19.74,1.36,61.565265913387485,-15.047043791039327,14.988966181533307,33.25,2.0,headache,S021
-18.94,1.36,63.62718132989178,-13.913936265795101,12.650780355816089,33.25,2.0,headache,S021
-10.21,1.32,62.1495073008847,-14.643726169809284,14.809231016442691,33.25,2.0,headache,S021
43.69,1.32,62.65568508480392,-14.743152749615616,14.647104423298735,33.25,2.0,headache,S021
-2.7,1.34,59.797145916160325,-17.07874792164539,20.507751212373982,33.23,2.0,headache,S021
57.3,1.31,60.07642193217526,-16.9912449538219,21.505120726914466,33.23,2.0,headache,S021
86.38,1.36,59.183161398131396,-16.075077565243717,22.0194412280335,33.23,2.0,headache,S021
-42.39,1.36,59.43611103703247,-16.93914897210225,22.768110628932476,33.23,2.0,headache,S021
-1.48,1.36,59.994100315605856,-16.173234851459245,21.2350770752026,33.34,2.0,headache,S021
-30.42,1.36,60.035758990431745,-16.03247721008866,20.465042549421696,33.34,2.0,headache,S021
33.69,1.35,59.88910145233862,-16.44722780803606,20.864895805386936,33.34,2.0,headache,S021
63.89,1.34,60.77887052020436,-15.986467404158603,18.97066594333484,33.34,2.0,headache,S021
-39.21,1.34,60.29353607529496,-16.34633846686507,20.735197402381214,33.37,2.0,headache,S021
-44.24,1.33,60.31128301266465,-16.54106243377007,20.339201429195274,33.37,2.0,headache,S021
-37.5,1.34,60.02172862775328,-16.848716041277235,20.56131327592322,33.37,2.0,headache,S021
-16.17,1.34,60.056732589560404,-17.170738686522334,19.69537892687431,33.37,2.0,headache,S021
19.61,1.35,60.10418061841016,-16.727339952833027,20.329675403222513,33.39,2.0,headache,S021
2.48,1.34,59.66170442431773,-16.550780305229953,20.697880666986322,33.39,2.0,headache,S021
-9.25,1.33,60.727150789383415,-16.14244059336629,19.929135051955537,33.39,2.0,headache,S021
-30.44,1.37,58.33049688101038,-16.99840435419741,20.918547826816074,33.39,2.0,headache,S021
8.89,1.37,58.58355151303914,-17.824443056098676,22.88957434160826,33.37,2.0,headache,S021
2.96,1.39,58.78839909718711,-18.48984451381946,24.617821620604072,33.37,2.0,headache,S021
0.2,1.4,58.6993722678325,-17.077889304267718,24.42900001648334,33.37,2.0,headache,S021
8.97,1.37,58.091623653294654,-17.029261077534947,24.905907973240815,33.37,2.0,headache,S021
-1.65,1.37,57.75349839653389,-17.026144871419596,24.227219743179894,33.39,2.0,headache,S021
11.09,1.36,59.08000096387653,-17.392657309150458,24.076068729679243,33.39,2.0,headache,S021
-26.42,1.34,57.287954751337864,-16.997249915967288,25.74877209592409,33.39,2.0,headache,S021
-26.12,1.34,59.039099115136615,-17.25226333328885,25.458273849210908,33.39,2.0,headache,S021
62.33,1.38,57.241902820288516,-17.039732763776122,23.09926176992862,33.37,2.0,headache,S021
-8.96,1.39,59.38286845827621,-17.439850279470818,21.426371574376265,33.37,2.0,headache,S021
-44.82,1.42,58.89185106060262,-16.966368004621845,21.652709270918958,33.37,2.0,headache,S021
58.76,1.45,60.35404287490236,-17.02101170947314,20.730952291164865,33.37,2.0,headache,S021
67.45,1.47,58.40166408425338,-18.188798071922896,22.31928222828089,33.33,2.0,headache,S021
-58.73,1.49,58.517558606950196,-19.055023552476243,22.811449429440266,33.33,2.0,headache,S021
-26.09,1.51,57.99416207156804,-18.977385195744503,23.133387342463585,33.33,2.0,headache,S021
0.54,1.5,58.535495135845636,-19.219406061308,22.914024138019276,33.33,2.0,headache,S021
48.16,1.49,58.18259613578653,-18.983843384945462,22.835477196294843,33.31,2.0,headache,S021
-28.18,1.47,58.717967055761044,-19.15697753604224,22.21092126913532,33.31,2.0,headache,S021
-42.91,1.47,58.08829805479854,-19.077125256899794,22.467361332719413,33.31,2.0,headache,S021
-8.36,1.45,59.07585725532517,-19.31461974837371,21.83988589946474,33.31,2.0,headache,S021
15.8,1.44,58.40915916801465,-19.45152756580947,22.101379430067997,33.29,2.0,headache,S021
-15.92,1.42,58.624227229618704,-19.91264225670033,22.087418401533768,33.29,2.0,headache,S021
25.24,1.42,58.50064165429552,-19.767060422780144,22.21679256498689,33.29,2.0,headache,S021
-6.32,1.41,58.90038796476644,-19.612846928887755,21.862707801176263,33.29,2.0,headache,S021
-5.1,1.41,58.55555681187285,-19.652108057576797,21.95349421678766,33.25,2.0,headache,S021
10.66,1.4,58.81272581548881,-20.167451823823708,21.38151833274962,33.25,2.0,headache,S021
12.27,1.4,58.25954289732339,-20.113315823381576,21.81640597838368,33.25,2.0,headache,S021
-36.72,1.39,59.006408872467965,-20.296289966359108,20.8259662485714,33.25,2.0,headache,S021
5.23,1.4,58.4735309294875,-20.001608440043608,21.414900061832395,33.25,2.0,headache,S021
-26.07,1.41,57.50831337749733,-20.18608680355601,21.97377785025418,33.25,2.0,headache,S021
17.72,1.44,62.52126336459546,-18.56642821838824,11.533924815816622,33.25,2.0,headache,S021
-13.75,1.45,62.376706465949056,-17.454571141064825,9.985564786247062,33.25,2.0,headache,S021
9.36,1.45,62.94025631104725,-17.894335974850524,13.482906352805632,33.21,2.0,headache,S021
4.97,1.47,58.601903670140935,-19.192564558946305,20.18238384449503,33.21,2.0,headache,S021
-6.05,1.5,59.48568742838084,-18.937107463653344,23.726364276878066,33.21,2.0,headache,S021
57.88,1.43,58.597168239010074,-18.74763752320389,24.316428712779665,33.21,2.0,headache,S021
136.95,1.25,56.330051859555475,-19.470244219023378,26.256928670852975,33.21,2.0,headache,S021
-181.44,1.27,60.08768258084015,-17.87821674527001,22.023912753959294,33.21,2.0,headache,S021
38.05,1.42,55.50945522018287,-19.107036638681258,27.607354235769574,33.21,2.0,headache,S021
-38.41,1.54,55.6770681658353,-19.982528033751176,28.434414970200685,33.21,2.0,headache,S021
31.9,1.52,56.067654842398966,-20.110118066778394,25.41263540136296,33.16,2.0,headache,S021
27.32,1.65,64.7782146141872,-15.059830400589364,8.229748461527782,33.16,2.0,headache,S021
79.43,1.72,65.04735775455286,-11.250307581537305,-0.7011112063710869,33.16,2.0,headache,S021
-65.57,1.81,63.17352512885706,-17.383355533294925,3.857963499178736,33.16,2.0,headache,S021
-269.28,1.87,63.49743503296624,-18.521298443150346,4.262931856727482,33.27,2.0,headache,S021
-19.62,1.89,62.99746165575772,-17.571642152007502,4.810501449061701,33.27,2.0,headache,S021
155.21,1.91,63.19863403748843,-17.710594315491225,4.787892233595352,33.27,2.0,headache,S021
244.56,1.96,62.98240258544274,-18.141763555886445,4.747884510507744,33.27,2.0,headache,S021
-58.42,1.94,63.809785893995496,-18.278138910878482,4.1354131567992845,33.29,2.0,headache,S021
-58.22,1.93,62.871328841894766,-18.134438530441837,3.557910092138314,33.29,2.0,headache,S021
-37.95,1.92,62.72260287093855,-19.28852276219974,3.3962032432841416,33.29,2.0,headache,S021
13.23,1.9,63.149310443565,-19.03902560620688,3.5367185720111336,33.29,2.0,headache,S021
3.22,1.85,62.53749526072445,-19.54494847099967,4.146336231370989,33.33,2.0,headache,S021
-45.07,1.82,62.986630083572194,-19.416294978473243,3.2179362148020623,33.33,2.0,headache,S021
-1.51,1.79,62.23356864360441,-19.452504485497062,3.8110798400904935,33.33,2.0,headache,S021
-1.26,1.76,63.52568509848977,-20.220354046786266,2.946191974538725,33.33,2.0,headache,S021
16.8,1.73,62.01452500470108,-19.616225299958955,5.3556222716422015,33.29,2.0,headache,S021
-1.13,1.71,63.9234181648415,-17.841389526410506,2.6348018836680267,33.29,2.0,headache,S021
-13.35,1.71,62.99848117895553,-18.061521358329355,1.698437540980099,33.29,2.0,headache,S021
8.34,1.71,62.127579583833324,-18.13971876294712,3.270226347074113,33.29,2.0,headache,S021
40.77,1.69,63.50389423137238,-17.66675106693315,-1.0719397496281595,33.25,2.0,headache,S021
-115.23,1.68,63.71094530475891,-16.969846516829442,-5.7309054838261675,33.25,2.0,headache,S021
-37.92,1.63,63.179361756320226,-16.82769416535245,-6.542172260989932,33.25,2.0,headache,S021
211.61,1.61,63.2455724326878,-17.10163938826241,-8.526072134168345,33.25,2.0,headache,S021
-103.88,1.59,62.7756932511226,-17.346443845558255,-9.381613194715484,33.23,2.0,headache,S021
-18.69,1.59,63.002417970373415,-16.84106733224797,-10.38047508444987,33.23,2.0,headache,S021
45.01,1.59,61.966289664441135,-17.256460993787616,-11.221684944248251,33.23,2.0,headache,S021
-26.47,1.58,62.125052501454164,-17.633285783958275,-14.959404433848357,33.23,2.0,headache,S021
-2.45,1.58,61.54295436223138,-18.101677738479065,-13.861060567658685,33.21,2.0,headache,S021
-4.63,1.51,62.11766111301975,-18.322528990858032,-12.421510005502082,33.21,2.0,headache,S021
-17.0,1.52,61.603519727347596,-18.060817688852893,-12.639532774604158,33.21,2.0,headache,S021
-13.53,1.55,62.039821486670604,-17.55428910960766,-13.884753593268158,33.21,2.0,headache,S021
122.02,1.55,61.41482917815804,-18.44262595674189,-12.845704809944397,33.23,2.0,headache,S021
-8.93,1.54,61.853300451617976,-18.384061542049704,-11.586693732880352,33.23,2.0,headache,S021
-60.62,1.54,61.63858473228714,-18.059208734550914,-13.130129317973589,33.23,2.0,headache,S021
-47.29,1.54,62.45622537718498,-18.531923592790196,-13.205099798011403,33.23,2.0,headache,S021
24.43,1.53,61.429231848430376,-19.01274775179241,-8.942672945359813,33.29,2.0,headache,S021
-8.47,1.53,62.19422473539489,-18.907450308415864,-11.404876450241513,33.29,2.0,headache,S021
47.5,1.58,61.562372310914974,-19.071233773334498,-13.10329101253363,33.29,2.0,headache,S021
-30.93,1.59,61.41710593401748,-19.766055419830444,-12.235000695825873,33.29,2.0,headache,S021
-16.25,1.61,61.76670743455225,-19.464247989231776,-9.154777457901274,33.29,2.0,headache,S021
4.79,1.63,62.04499895889793,-20.762278581566473,-7.036036496081896,33.29,2.0,headache,S021
38.01,1.68,62.149359730978965,-19.996958731398088,-5.6258418157187515,33.29,2.0,headache,S021
-4.71,1.68,62.20831936867805,-19.654175228172473,-3.7623925811094567,33.29,2.0,headache,S021
16.33,1.8,62.30469674591181,-19.80991844683805,-4.690266162887972,33.27,2.0,headache,S021
-15.51,1.88,62.25379879679908,-19.499435678988423,-3.7444523400338334,33.27,2.0,headache,S021
46.72,1.99,62.74387136550427,-19.793641356453573,-4.9110251069792525,33.27,2.0,headache,S021
10.39,2.06,62.38662138857604,-18.887083838410877,-7.4711284350843306,33.27,2.0,headache,S021
-78.16,2.11,63.15800574967735,-18.57453779865409,-7.997880027105813,33.23,2.0,headache,S021
30.68,2.11,62.22553900620639,-18.580832174845558,-5.826348692769743,33.23,2.0,headache,S021
-67.1,2.14,62.94209422754378,-18.429302249429657,-7.626167154587494,33.23,2.0,headache,S021
-51.85,2.1,62.22687853130595,-18.64094277336802,-6.956814321104628,33.23,2.0,headache,S021
177.77,2.08,62.88683700646542,-19.136245595507464,-6.4816584786535945,33.18,2.0,headache,S021
-95.98,2.11,58.17173951074583,-17.21182749888926,-15.235354703739567,33.18,2.0,headache,S021
39.46,2.11,53.16879592222263,-12.044144379775616,-45.88983749497815,33.18,2.0,headache,S021
88.45,2.09,58.108546382156746,-13.790825914937336,-18.5425659494412,33.18,2.0,headache,S021
-57.53,2.07,60.285001191106105,-19.24549657504026,14.192289636134873,33.23,2.0,headache,S021
-29.41,1.93,61.8037066097593,-15.541542690953916,12.014261806678544,33.23,2.0,headache,S021
13.68,1.9,63.73020494148889,-11.92628969007439,8.112914876696083,33.23,2.0,headache,S021
90.32,1.9,63.87200057467066,-14.34034867378889,6.638081430965007,33.23,2.0,headache,S021
-110.88,1.89,64.62401617675259,-13.94223568831338,8.022465618881059,33.23,2.0,headache,S021
-138.44,1.94,60.22321600100882,-19.0654560215148,15.747242009562978,33.23,2.0,headache,S021
15.23,1.92,59.90244331014261,-19.535884427139667,19.681862525824478,33.23,2.0,headache,S021
275.17,1.9,57.106274514893954,-17.011128808973577,24.282374131908696,33.23,2.0,headache,S021
-2.31,2.0,61.687101350537716,-17.070573757134706,17.289419980219915,33.33,2.0,headache,S021
-60.15,2.08,60.89720465602406,-17.48386182246687,17.481170806044286,33.33,2.0,headache,S021
-155.14,2.05,60.74927629967165,-16.65967348660813,17.95442098672744,33.33,2.0,headache,S021
-90.0,2.09,61.84381286433434,-17.638368579132052,15.316453263840216,33.33,2.0,headache,S021
42.62,2.06,62.392391152848845,-16.21768825003253,12.180155021251954,33.33,2.0,headache,S021
3.9,2.05,63.34629777749064,-15.602640706661484,8.392728638600417,33.33,2.0,headache,S021
5.93,1.67,61.5992925258966,-15.59876269809129,9.216341878262295,33.33,2.0,headache,S021
57.02,1.38,63.302432759481405,-16.323049716957904,10.208586906490265,33.33,2.0,headache,S021
-80.11,1.3,62.22243067249672,-16.606977485956953,11.875082507165923,33.31,2.0,headache,S021
153.42,1.46,62.427258600757234,-17.001907766953526,12.618131890250408,33.31,2.0,headache,S021
26.05,1.8,61.724536994304856,-16.706610050793152,12.839246369371958,33.31,2.0,headache,S021
-4.47,1.85,61.686659343003285,-17.139363165354247,13.824688753492227,33.31,2.0,headache,S021
-68.45,1.87,62.01928845538788,-17.545260522951672,12.69630023430656,33.34,2.0,headache,S021
-26.9,1.89,62.358302108316,-17.655327328836695,13.02657193035198,33.34,2.0,headache,S021
-18.6,1.89,62.29552306914177,-17.800690621553862,12.7920785143031,33.34,2.0,headache,S021
-9.06,1.88,62.193074877124054,-17.642631237622755,13.242341489937475,33.34,2.0,headache,S021
11.56,1.88,62.53536418613162,-17.434697533442414,13.424485374194504,33.34,2.0,headache,S021
21.91,1.86,62.00836535391798,-16.242377448153412,16.00192431682659,33.34,2.0,headache,S021
-13.44,1.84,60.41160692970135,-15.744921457829873,18.39234957651347,33.34,2.0,headache,S021
36.74,1.83,60.96288921588361,-16.030499457119085,18.785581705313334,33.34,2.0,headache,S021
-5.82,1.83,61.12126974035948,-16.73235394591175,17.927731278051116,33.37,2.0,headache,S021
-0.74,1.83,60.973902061456634,-17.62417845410606,18.51703679098587,33.37,2.0,headache,S021
25.04,1.81,59.51107855320203,-16.990050303017096,19.84513157377188,33.37,2.0,headache,S021
6.16,1.8,60.433508935220324,-17.615409049431722,17.64007641927044,33.37,2.0,headache,S021
8.39,1.79,60.16629776379239,-19.53183727450315,16.848333991013607,33.34,2.0,headache,S021
-3.05,1.78,60.27255599812617,-18.913226144431373,18.63463893071583,33.34,2.0,headache,S021
-0.7,1.74,59.882366308487676,-19.199208984117057,18.483818727104328,33.34,2.0,headache,S021
78.18,1.73,60.18040826330561,-19.61821445527356,17.80813599185395,33.34,2.0,headache,S021
-47.46,1.74,60.11662711657567,-19.551465095645337,17.28355832646583,33.33,2.0,headache,S021
-10.47,1.74,60.61091593067012,-19.645837409647623,17.218644600541435,33.33,2.0,headache,S021
9.43,1.74,60.06053470726426,-19.76409415766506,17.01149779856722,33.33,2.0,headache,S021
-29.69,1.74,60.50996841120415,-19.574362263662657,16.714513331174867,33.33,2.0,headache,S021
16.53,1.74,59.854621208089185,-20.00217645494081,16.591302681318957,33.29,2.0,headache,S021
-20.66,1.74,60.784256557878045,-19.872345767709195,16.074262377230507,33.29,2.0,headache,S021
-26.43,1.75,59.93794125178552,-19.269837198304618,17.4311680646728,33.29,2.0,headache,S021
20.06,1.76,60.667116113761026,-18.749565916018703,16.703953308490345,33.29,2.0,headache,S021
-7.18,1.79,59.89180567837841,-19.668798852987404,18.71163527056142,33.29,2.0,headache,S021
23.83,1.79,60.30391255097285,-19.81472441279614,18.212298022772472,33.29,2.0,headache,S021
-17.18,1.8,59.42211241525752,-20.14670570848756,18.977245633839647,33.29,2.0,headache,S021
-13.83,1.8,59.76803051599795,-19.543377665141055,18.59434213883767,33.29,2.0,headache,S021
189.45,1.8,60.39717765992121,-19.051624524475262,17.95732147874356,33.29,2.0,headache,S021
91.55,1.81,59.76679153532558,-19.234244046687873,18.624911793214945,33.29,2.0,headache,S021
-342.05,1.81,59.17830914633608,-19.742948690377748,19.545907722982232,33.29,2.0,headache,S021
24.77,1.82,59.3458193001308,-19.881510380047473,19.55967738631127,33.29,2.0,headache,S021
2.65,1.83,60.2248411564289,-19.120469649998576,17.631542407204776,33.23,2.0,headache,S021
-121.67,1.82,60.77302084422967,-19.06421069467051,17.83883239612524,33.23,2.0,headache,S021
33.17,1.83,59.78412399620702,-19.17195106495654,18.272341744655783,33.23,2.0,headache,S021
-10.96,1.83,59.433981422309394,-19.82591316859427,19.57633723353501,33.23,2.0,headache,S021
186.18,1.84,59.297313644865056,-19.905033892085115,19.275940858668097,33.16,2.0,headache,S021
-53.16,1.83,59.524173792298974,-19.5367815637277,19.148949704022623,33.16,2.0,headache,S021
-1.75,1.81,58.95682764643033,-19.521959635504505,19.877105482963696,33.16,2.0,headache,S021
-61.34,1.82,61.49302325928363,-18.963479702052375,17.126523563814967,33.16,2.0,headache,S021
-22.27,1.81,60.138612339923135,-19.12683269269607,17.351640005903715,33.09,2.0,headache,S021
33.53,1.82,60.3819823835276,-18.969074790903385,17.506647942749645,33.09,2.0,headache,S021
16.01,1.82,60.93470257564668,-19.226512926571157,15.272674290146965,33.09,2.0,headache,S021
-110.38,1.81,61.71354771011934,-19.859161242000866,15.118944474407439,33.09,2.0,headache,S021
236.53,1.8,59.44120635807804,-19.874275077537273,17.44994198848286,33.09,2.0,headache,S021
-96.82,1.79,61.257406449607146,-19.203343932314883,15.73222291907898,33.09,2.0,headache,S021
29.63,1.79,60.969027281786396,-18.99274043808401,13.473463385034622,33.09,2.0,headache,S021
-12.52,1.79,61.93709658521554,-19.48767829608299,14.744031246422688,33.09,2.0,headache,S021
68.26,1.79,60.57256015753245,-18.473021057839908,15.043424125786384,33.09,2.0,headache,S021
-89.73,1.81,61.692738641079174,-18.685964638419197,13.311728802984215,33.09,2.0,headache,S021
-37.39,1.82,61.79733896366545,-18.60277068139896,13.03524810952033,33.09,2.0,headache,S021
-18.65,1.79,61.47452835331472,-19.169678203277222,13.830614098465414,33.09,2.0,headache,S021
-25.03,1.79,61.51996497079925,-19.01176571710344,13.812651649777527,33.07,2.0,headache,S021
260.8,1.79,61.32524638539609,-19.06438913200006,14.202663073131646,33.07,2.0,headache,S021
-87.59,1.8,61.090774439565244,-19.017858277810973,14.884216698351088,33.07,2.0,headache,S021
-22.6,1.79,61.40491813216304,-19.43086235540468,15.187306749902813,33.07,2.0,headache,S021
-19.76,1.79,60.71645034906214,-19.026495934725546,15.132477748737534,33.07,2.0,headache,S021
-26.31,1.8,60.38700807647661,-20.517456578858816,16.769522768081767,33.07,2.0,headache,S021
-46.62,1.8,60.043390112799294,-20.617482974701215,16.52473145537522,33.07,2.0,headache,S021
49.84,1.79,60.086207968457366,-20.52406858428353,16.83277980702383,33.07,2.0,headache,S021
25.1,1.8,60.72080202419856,-19.925258729522838,15.594858165531853,33.05,2.0,headache,S021
56.11,1.8,60.20412124668398,-20.42555663814819,16.59336809321463,33.05,2.0,headache,S021
-119.76,1.8,59.8552517032026,-20.25242312613452,17.02896930759982,33.05,2.0,headache,S021
-35.97,1.81,60.0008079299805,-20.195372811389294,17.564517359829765,33.05,2.0,headache,S021
10.74,1.79,59.79076418453664,-20.7233114164903,17.48291228139231,33.07,2.0,headache,S021
45.06,1.78,61.00484159337046,-20.241537873658594,16.279950233045163,33.07,2.0,headache,S021
-28.78,1.77,59.26661386679578,-20.26820719355395,17.17466603272026,33.07,2.0,headache,S021
76.09,1.77,61.53498239620446,-19.975111502040026,12.764934538048436,33.07,2.0,headache,S021
-44.64,1.82,61.08625970259852,-20.00291377052271,12.416357402695846,33.09,2.0,headache,S021
13.51,1.8,61.5230189252649,-19.247504815921776,12.674612034121854,33.09,2.0,headache,S021
-25.05,1.8,61.705954922481745,-19.160067151267537,11.989358608460671,33.09,2.0,headache,S021
3.58,1.81,61.212441593091526,-19.132954322493468,13.431014594547335,33.09,2.0,headache,S021
53.89,1.8,61.828884636513386,-19.32169191619646,11.776347752655578,33.09,2.0,headache,S021
-134.6,1.79,61.100995238878504,-19.67458851699319,12.550620103050228,33.09,2.0,headache,S021
144.17,1.79,62.54016699920306,-20.000143195291365,10.109216051038237,33.09,2.0,headache,S021
18.07,1.78,60.57299564300324,-19.32687834337308,13.751081189818086,33.09,2.0,headache,S021
-21.07,1.77,60.34115386275835,-18.636742751525087,16.33431939415673,33.11,2.0,headache,S021
-66.68,1.77,61.30237754072105,-20.047688726443926,15.5686931116965,33.11,2.0,headache,S021
-23.44,1.78,61.05718878163808,-18.83118911914573,15.866651347065481,33.11,2.0,headache,S021
69.99,1.79,59.11373917091302,-20.139249937675704,17.2531918549186,33.11,2.0,headache,S021
-13.3,1.8,64.66324977409774,-17.83802607755812,2.6141855754651178,33.18,2.0,headache,S021
-45.5,1.8,64.09198791936771,-17.59141684921998,4.34217418730863,33.18,2.0,headache,S021
21.19,1.81,58.05556749116048,-20.941917708822118,17.599556425926348,33.18,2.0,headache,S021
-73.08,1.85,62.57745090790504,-19.858184501265086,12.830526355487248,33.18,2.0,headache,S021
-76.61,1.99,59.82758024026642,-20.48537735765495,15.097296945392198,33.23,2.0,headache,S021
194.37,2.17,61.812599133976235,-19.889881517710307,12.965735556538661,33.23,2.0,headache,S021
333.43,2.42,59.30355093305191,-20.409807535260676,14.46779729259172,33.23,2.0,headache,S021
-213.86,2.59,63.03658400738331,-20.516691865977574,9.753828134008337,33.23,2.0,headache,S021
-175.47,2.72,60.72964136900752,-20.817821209902327,10.1243787825392,33.16,2.0,headache,S021
-72.81,2.77,62.50399402783145,-20.691470396255376,9.125472511499037,33.16,2.0,headache,S021
-9.57,2.78,61.23066624294657,-20.695976718334975,9.421257063039215,33.16,2.0,headache,S021
-194.22,2.76,62.71371195554281,-20.610281854201908,8.736502927350562,33.16,2.0,headache,S021
119.09,2.71,60.05855477287261,-20.974071974706746,11.693124252613208,33.13,2.0,headache,S021
182.45,2.64,62.134606728799774,-20.809720314001652,11.442172726128105,33.13,2.0,headache,S021
-50.43,2.6,60.08518085424967,-21.093694482727894,12.77787591333588,33.13,2.0,headache,S021
142.01,2.55,61.90200725402911,-20.799773016412356,11.571461508768875,33.13,2.0,headache,S021
-72.32,2.48,60.183686673243784,-21.339701338209185,12.815130290947572,33.11,2.0,headache,S021
-144.03,2.43,61.54435753304351,-20.675138020525008,12.830216138264246,33.11,2.0,headache,S021
185.31,2.4,59.951661708606174,-21.63029234796003,13.69086184860926,33.11,2.0,headache,S021
124.22,2.35,61.76750062464586,-20.483929275779108,13.571015555304639,33.11,2.0,headache,S021
-291.58,2.34,59.81494479894506,-21.319196337304362,13.697843760647686,33.09,2.0,headache,S021
140.33,2.3,62.20346631267633,-20.16692952857747,11.77621272639431,33.09,2.0,headache,S021
-116.58,2.28,60.459978620039536,-21.35823244080228,13.165913382495264,33.09,2.0,headache,S021
199.97,2.26,62.12696001257123,-20.023278351334085,12.027138820622156,33.09,2.0,headache,S021
-152.16,2.23,59.85460110791315,-21.524839352158896,14.48205111346182,33.07,2.0,headache,S021
-60.99,2.22,62.40516586903865,-18.7310937334763,12.370755610314243,33.07,2.0,headache,S021
-5.39,2.21,64.30698370160573,-23.406652149191395,20.84658883761753,33.07,2.0,headache,S021
68.79,2.19,52.13894490042949,5.198923645853471,40.702400321243736,33.07,2.0,headache,S021
185.94,2.18,42.361543213445536,2.593330723761177,40.434579341580545,33.05,2.0,headache,S021
14.74,2.01,41.30988877232862,-9.755111328758721,51.469673854677524,33.05,2.0,headache,S021
-363.8,2.08,53.04478269925212,24.367162738892322,21.922902933337404,33.05,2.0,headache,S021
-20.2,2.06,49.3959714229446,12.89858648168983,29.8264172632974,33.05,2.0,headache,S021
139.71,2.02,60.30054283238101,29.102968737946206,25.836245907255293,33.05,2.0,headache,S021
151.13,2.05,54.94811296289691,19.99344981242417,12.078474158982107,33.05,2.0,headache,S021
-43.52,1.8,57.37025817586906,17.15095706677044,9.394773598145148,33.05,2.0,headache,S021
176.51,2.13,61.84883580779713,26.775543487598537,2.256776874606695,33.05,2.0,headache,S021
-97.07,2.13,58.01393522275252,28.4801975953259,3.3875337948683413,33.21,2.0,headache,S021
-90.66,1.87,59.98305814123699,29.056096693113016,4.944421052352996,33.21,2.0,headache,S021
8.61,2.08,58.1274531628137,27.49450629088055,5.1419379775631135,33.21,2.0,headache,S021
42.39,1.96,57.343506923086345,29.44394839730212,4.649675926143173,33.21,2.0,headache,S021
55.04,2.0,57.731295405107524,28.980429996265435,4.847803939203313,33.34,2.0,headache,S021
0.93,2.03,56.89588706722742,30.342960336631716,4.82982735136647,33.34,2.0,headache,S021
-92.31,2.04,56.82197905830113,30.444866947277184,5.197034041803089,33.34,2.0,headache,S021
-60.4,2.11,56.91646488142302,30.82350749768407,7.044859564109146,33.34,2.0,headache,S021
-8.54,2.16,56.160883427723796,30.887112873968363,12.468626120887313,33.37,2.0,headache,S021
-12.22,2.24,56.51031423026407,27.90124947525073,17.679536473340576,33.37,2.0,headache,S021
-14.76,2.24,51.21525277681567,26.81023065988919,22.182966890531226,33.37,2.0,headache,S021
4.18,2.26,52.003868076593136,29.939023845753194,29.133874319727624,33.37,2.0,headache,S021
29.59,2.24,50.172071879298166,22.784985683863393,31.66892282876828,33.41,2.0,headache,S021
12.95,2.17,53.31658751875719,25.69677941252619,30.202350888742465,33.41,2.0,headache,S021
-74.59,2.09,49.634825758571175,24.19860586734513,27.42192704268009,33.41,2.0,headache,S021
0.44,2.06,53.72077784921742,16.0026735323652,29.95103644991836,33.41,2.0,headache,S021
19.24,2.06,52.17330205373047,14.849929283982169,41.669267793094505,33.41,2.0,headache,S021
-16.21,2.22,47.054346826409194,8.635701787361484,40.11766837584291,33.41,2.0,headache,S021
-26.92,2.35,45.99579638422104,8.195381775277134,43.767638985493015,33.41,2.0,headache,S021
12.65,2.35,58.29714302032157,7.8240099747087255,16.72310101831208,33.41,2.0,headache,S021
50.37,2.35,72.02939875690576,10.530411547520217,-16.50047191453123,33.43,2.0,headache,S021
27.35,2.37,60.733451956249475,8.683867925901495,5.348444116573507,33.43,2.0,headache,S021
18.47,2.3,65.94303810727087,7.528596315841507,11.537515794559809,33.43,2.0,headache,S021
-83.85,2.32,62.19120669058944,5.412659353034388,19.966936681219202,33.43,2.0,headache,S021
31.19,2.34,61.687350693894324,8.141632731648675,24.134253016480233,33.41,2.0,headache,S021
35.61,2.33,53.79284958394229,9.106698662995923,28.746825454310656,33.41,2.0,headache,S021
-13.85,2.17,59.191574737028624,10.425569251971716,30.243976915341097,33.41,2.0,headache,S021
-16.33,2.15,56.087507086846536,9.652555321804815,23.04526360789404,33.41,2.0,headache,S021
-34.27,2.19,69.81424718325738,8.97562968899101,11.001548168128904,33.41,2.0,headache,S021
120.71,2.22,59.96347423102926,7.913568343514287,23.325979044943637,33.41,2.0,headache,S021
-23.55,2.29,49.426429187394135,8.333071631860275,40.318040088408424,33.41,2.0,headache,S021
-42.64,2.26,41.67529788262073,4.929565053911829,45.52531630241366,33.41,2.0,headache,S021
23.67,2.22,46.87655232708545,5.6969379007809025,46.69001974509454,33.41,2.0,headache,S021
-108.89,2.2,40.309745781065324,1.4575805182259263,50.03284282644328,33.41,2.0,headache,S021
-25.63,2.18,41.26034544376442,-2.730985045181941,49.59052075704553,33.41,2.0,headache,S021
99.87,2.17,45.35850576972248,-13.446559276311623,44.17701769890303,33.41,2.0,headache,S021
-17.78,2.13,46.57641878953055,-14.65907825482866,44.01094511754186,33.41,2.0,headache,S021
42.34,2.12,40.19460475686458,-24.98245748891765,43.11381860806165,33.41,2.0,headache,S021
22.93,2.15,32.59658475004865,-24.086182830901382,50.651993494285364,33.41,2.0,headache,S021
-63.01,2.12,32.601936793251824,-24.66901771033545,55.54136919297743,33.41,2.0,headache,S021
-2.36,2.07,31.475571441082447,-27.17133019721641,48.907250002702256,33.41,2.0,headache,S021
-28.05,1.8,34.121580807369696,-18.15163362122157,51.20969973062233,33.41,2.0,headache,S021
-93.86,2.05,32.190851856588026,-22.765485638022277,51.18368592374825,33.41,2.0,headache,S021
132.65,2.13,24.59354712389653,-24.599532687820567,54.69831441792185,33.41,2.0,headache,S021
49.51,2.27,20.708319116904235,-25.609073423341673,56.753187680392486,33.37,2.0,headache,S021
-33.2,2.36,15.464517539146652,-26.230856476393214,58.78256711233229,33.37,2.0,headache,S021
-25.6,2.38,20.15625421351116,-19.61316913123903,56.30763216286975,33.37,2.0,headache,S021
-37.7,2.41,29.977911029668043,-20.266851630440108,55.05807204608423,33.37,2.0,headache,S021
35.01,2.42,37.92316247642908,-13.267138746372273,50.18392064104667,33.39,2.0,headache,S021
45.96,2.47,35.44623341393524,-18.90895764653206,49.034734418152276,33.39,2.0,headache,S021
36.12,2.46,45.64770857831778,-13.617162921947882,46.18221394551058,33.39,2.0,headache,S021
9.78,2.29,42.51259055931491,-15.998813983201405,45.79650895803182,33.39,2.0,headache,S021
-31.34,2.19,46.59694749381133,-14.081218082240571,43.63121454601724,33.39,2.0,headache,S021
-45.19,2.12,45.47622282256852,-16.191187107138024,44.201708155809044,33.39,2.0,headache,S021
-38.81,2.11,43.317705409502345,-15.673138512390997,47.342060871526094,33.39,2.0,headache,S021
40.04,2.1,39.30147680645009,-8.657988009656039,46.318808159330764,33.39,2.0,headache,S021
38.22,2.1,42.54251468369937,-4.633158536440978,49.738532545628715,33.41,2.0,headache,S021
-4.51,2.16,38.63492819983634,-6.6005564153513,51.64043116980795,33.41,2.0,headache,S021
40.54,2.18,43.06314373779236,-10.072136401410171,49.27305738290905,33.41,2.0,headache,S021
44.82,2.17,39.930720272568145,-9.227887869137035,49.99808207172692,33.41,2.0,headache,S021
-123.99,2.19,41.604639629792956,-8.94062505201824,48.441181254277204,33.41,2.0,headache,S021
-18.42,2.24,42.31843691065051,-12.502548044859907,46.785008699049975,33.41,2.0,headache,S021
35.3,2.32,45.36053160535319,-12.088522320611402,46.33535197391824,33.41,2.0,headache,S021
7.78,2.41,43.601246773879154,-13.049481103815499,45.74333006925182,33.41,2.0,headache,S021
67.82,2.5,44.254627251505454,-12.8909512010799,46.599581503054054,33.41,2.0,headache,S021
-20.51,2.56,43.42896680142756,-12.036407776102914,46.24491079896298,33.41,2.0,headache,S021
-0.42,2.58,43.049279128978974,-12.121756984480315,47.723944596539454,33.41,2.0,headache,S021
27.03,2.55,40.893322967951185,-12.214404749654586,48.258944989980264,33.41,2.0,headache,S021
-37.64,2.56,43.623763542320276,-12.449073066585834,47.72411920576583,33.39,2.0,headache,S021
47.24,2.51,42.05537604037995,-11.682277776652812,47.28034496376257,33.39,2.0,headache,S021
-6.47,2.41,44.817044801133186,-14.83857347028861,45.57293547803938,33.39,2.0,headache,S021
-1.94,2.39,42.86743108274165,-13.900019765857563,46.511079580088975,33.39,2.0,headache,S021
-40.81,2.36,44.03529786152912,-12.620058273551042,46.26718413823807,33.39,2.0,headache,S021
63.01,2.34,40.94561398607143,-13.493913259267186,48.304434397237635,33.39,2.0,headache,S021
56.58,2.32,40.37458265762976,-13.79564912047087,49.18776432955593,33.39,2.0,headache,S021
-70.32,2.3,38.781048993715665,-14.031008646415037,50.05720255182137,33.39,2.0,headache,S021
-21.24,2.29,39.352005640887434,-14.151770308587475,49.66276931925266,33.39,2.0,headache,S021
-23.39,2.28,38.917192535817094,-14.468602860816457,49.45845315321856,33.39,2.0,headache,S021
4.29,2.26,42.40174369801193,-14.231881119324159,46.69015419818253,33.39,2.0,headache,S021
3.91,2.25,45.154446298393125,-14.233403118211646,45.00357600358418,33.39,2.0,headache,S021
-8.39,2.26,47.12804238318521,-14.041044807763734,42.92838335453006,33.41,2.0,headache,S021
18.98,2.24,47.908091029227755,-14.031109810754145,40.66983759900488,33.41,2.0,headache,S021
-7.92,2.22,49.38394652069054,-14.010290392651862,41.17331194510975,33.41,2.0,headache,S021
-18.56,2.23,47.8898555482345,-13.697579596009414,41.52239942094997,33.41,2.0,headache,S021
4.04,2.23,48.217765155677576,-13.103042815102407,41.73429096242821,33.41,2.0,headache,S021
9.39,2.21,47.06509526069896,-12.685441595041532,42.238118934884675,33.41,2.0,headache,S021
-15.75,2.16,48.44476883528678,-12.8527529611233,42.244396472551486,33.41,2.0,headache,S021
16.19,2.16,48.51705218945023,-12.806767410660338,41.1151601275314,33.41,2.0,headache,S021
2.79,2.16,49.54899039235298,-12.69045165998299,40.66971830507296,33.41,2.0,headache,S021
-10.71,2.15,49.34183142580245,-12.92122342145893,40.277283367895414,33.41,2.0,headache,S021
-19.52,2.14,50.86733783542907,-12.129832195483718,38.93242528957725,33.41,2.0,headache,S021
-4.0,2.13,50.002662405441946,-12.65672426010386,39.19509571563527,33.41,2.0,headache,S021
10.25,2.13,51.52048986312487,-12.081580609640392,38.611887705671066,33.41,2.0,headache,S021
-6.5,2.12,50.525762515987424,-12.967443588815055,38.707138693625375,33.41,2.0,headache,S021
-14.21,2.11,51.631551210633255,-11.936444221644141,38.636346941261294,33.41,2.0,headache,S021
18.82,2.1,50.15702891181774,-12.991983100489408,39.11766343107508,33.41,2.0,headache,S021
-21.62,2.11,52.241035415439,-11.977979250074016,38.05621269976766,33.39,2.0,headache,S021
6.66,2.12,49.39132819260707,-13.153722963304277,39.30218644009536,33.39,2.0,headache,S021
12.53,2.12,52.4626051113532,-11.371562074400517,37.96693267623494,33.39,2.0,headache,S021
-1.26,2.12,47.58434048320637,-14.880994981704047,41.00392341189666,33.39,2.0,headache,S021
-2.79,2.13,54.928555742437965,-10.894076817887946,38.8121467284003,33.41,2.0,headache,S021
11.96,2.12,65.84671173809483,8.853276889741352,10.38138145550432,33.41,2.0,headache,S021
-28.8,2.12,37.65333288116999,15.393781310068489,25.53129532189195,33.41,2.0,headache,S021
-2.6,2.05,58.53928168609924,-9.980339736181687,40.158283606653136,33.41,2.0,headache,S021
-98.91,1.93,37.624356964283194,-15.792430640324687,48.63480481748359,33.41,2.0,headache,S021
87.8,2.08,50.854185913632605,-12.76129005373677,41.51860014310828,33.41,2.0,headache,S021
250.88,2.15,43.43411063242854,-14.297709281499602,45.238472335863285,33.41,2.0,headache,S021
17.62,2.13,47.11452912734753,-12.709212071529894,43.66632153384809,33.41,2.0,headache,S021
-150.93,2.13,43.59560068670945,-14.039289826595699,46.19848536821503,33.43,2.0,headache,S021
-64.18,2.12,45.25171105556989,-12.952350177597468,45.272466418850854,33.43,2.0,headache,S021
-64.58,2.12,41.19254432155353,-13.57836048453864,47.38432078400577,33.43,2.0,headache,S021
9.98,2.12,43.40075083003894,-12.99239977201142,47.08924698571814,33.43,2.0,headache,S021
-2.03,2.11,40.496687974086115,-13.549056080287032,48.608775734852635,33.43,2.0,headache,S021
-5.19,2.11,42.24302110622669,-13.27656748464238,47.58451205529765,33.43,2.0,headache,S021
13.64,2.1,40.624464442820084,-13.936644635478267,48.76506314465834,33.43,2.0,headache,S021
-7.66,2.09,42.91460435997634,-13.253747415381872,47.479389117543924,33.43,2.0,headache,S021
-1.29,2.09,39.24761829302693,-12.914451004995957,49.92632630311813,33.43,2.0,headache,S021
23.16,2.08,38.009329496291464,-11.161542226634664,50.90087581554936,33.43,2.0,headache,S021
-7.4,2.06,37.92126689714715,-11.664401694762002,51.732205778656,33.43,2.0,headache,S021
-8.93,2.04,38.658988586250906,-11.063984129410876,50.73462417563802,33.43,2.0,headache,S021
2.45,2.02,38.03094015365081,-11.04562653979311,51.22808945296499,33.41,2.0,headache,S021
-11.19,2.0,39.96113832821482,-10.020902673399045,50.01564674934295,33.41,2.0,headache,S021
-1.96,1.97,39.718505690253885,-9.997832333979872,50.289399884078264,33.41,2.0,headache,S021
27.65,1.96,40.20514915405484,-10.05168854586104,50.30041168990994,33.41,2.0,headache,S021
15.09,1.96,37.42525988173502,-9.960291718211804,51.098445781438166,33.41,2.0,headache,S021
16.29,1.96,28.34183157920162,-8.743178533134088,56.49298645588775,33.41,2.0,headache,S021
-4.34,1.96,34.54921496621925,-10.709943248766209,53.13291985763606,33.41,2.0,headache,S021
-5.54,1.94,39.16822367456884,-11.828588989363311,50.9517000917844,33.41,2.0,headache,S021
-56.61,1.94,37.821089955369885,-10.734298357155986,51.03938999086567,33.43,2.0,headache,S021
-42.57,1.9,38.835448328682006,-11.428740506759633,51.20405112054722,33.43,2.0,headache,S021
105.66,1.9,36.91321268684919,-10.234986575058132,52.88511116516854,33.43,2.0,headache,S021
-45.61,1.9,38.26979589793627,-10.252534575008076,54.03347227818264,33.43,2.0,headache,S021
-18.87,1.89,32.56634956853613,-8.323660014126933,53.104886616171484,33.43,2.0,headache,S021
-13.18,1.89,34.56925718072475,-6.065917516813438,53.03337739686842,33.43,2.0,headache,S021
-9.9,1.89,37.66707198691975,-9.36143992055791,53.06138790975676,33.43,2.0,headache,S021
50.33,1.88,40.771218042089735,-10.144870755270587,50.39282024800816,33.43,2.0,headache,S021
-2.47,1.89,36.90341112162204,-9.03342381216379,52.17108848393613,33.43,2.0,headache,S021
6.39,1.9,40.817873436624744,-10.577969824236696,50.36533107111774,33.43,2.0,headache,S021
21.03,1.91,30.786166571399658,-11.228103362107971,55.858946711698344,33.43,2.0,headache,S021
5.74,1.92,38.450080617408545,-13.292082079066398,51.297955212560865,33.43,2.0,headache,S021
22.2,1.94,32.012560413416104,-9.550856930041531,56.33938982033207,33.45,2.0,headache,S021
-2.67,1.94,46.35513465653237,-11.225643256782877,34.257856787524716,33.45,2.0,headache,S021
-19.92,1.91,70.3464091911062,-16.751017193605698,15.413995817506107,33.45,2.0,headache,S021
26.29,1.82,53.38392277503664,-15.29569372135714,31.542181295697105,33.45,2.0,headache,S021
-37.07,1.94,42.43680883937836,-9.316646961357504,43.24341468639649,33.47,2.0,headache,S021
-15.7,1.98,44.035693560544395,-10.156951167855372,47.87795628772818,33.47,2.0,headache,S021
73.42,2.11,40.19428006218388,-14.458557932581034,48.36045876731062,33.47,2.0,headache,S021
-55.38,2.22,41.55137945260274,-14.416282393912843,48.21011731374705,33.47,2.0,headache,S021
-15.69,2.28,46.263540312816836,-15.756358404036666,43.379528391488314,33.47,2.0,headache,S021
3.69,2.22,51.478735964102825,-12.552943101445148,36.59230140071161,33.47,2.0,headache,S021
3.17,2.29,54.581368463333845,-12.75337404621925,33.513719235725,33.47,2.0,headache,S021
40.3,2.41,54.08841736203392,-13.319089467427885,34.259995813111125,33.47,2.0,headache,S021
10.77,2.44,53.67332170169631,-13.245031589361181,34.305666351152304,33.45,2.0,headache,S021
26.76,2.44,49.46921085429173,-14.518414162059983,39.75390558330837,33.45,2.0,headache,S021
35.41,2.43,49.32716279751151,-15.445995058039065,40.80126650116212,33.45,2.0,headache,S021
-50.6,2.43,47.469950378420734,-15.78083194176078,41.317079472311285,33.45,2.0,headache,S021
-9.21,2.42,50.519590200656914,-15.800340542568861,38.69369545383292,33.45,2.0,headache,S021
-22.58,2.39,52.091239140560944,-14.382101790708704,35.76423223274664,33.45,2.0,headache,S021
-37.06,2.33,56.590033854801824,-13.286967188167178,29.376622610339886,33.45,2.0,headache,S021
4.61,2.3,59.21166272535031,-13.960594051516079,27.1621545431752,33.45,2.0,headache,S021
-34.64,2.27,54.2203115742851,-13.542527591984282,34.01609793971641,33.43,2.0,headache,S021
1.75,2.23,46.97770503952534,-11.768254217516256,44.606984749598595,33.43,2.0,headache,S021
7.79,2.17,37.11439200475638,-13.609994766214625,50.65429678658891,33.43,2.0,headache,S021
-3.2,2.15,38.58605577599127,-13.454950297667613,49.98538139644619,33.43,2.0,headache,S021
-2.8,2.13,37.853076068474856,-14.658390718901021,50.38494468737242,33.45,2.0,headache,S021
29.25,2.09,36.80233136752994,-14.850709006876514,51.145258327687564,33.45,2.0,headache,S021
40.19,2.11,34.701435033767694,-17.1408128959324,52.51102729041685,33.45,2.0,headache,S021
33.91,2.13,32.350597435332304,-17.48455295053482,53.892028070150026,33.45,2.0,headache,S021
-13.16,2.18,33.44184372202733,-17.81565083289472,52.59038380304208,33.45,2.0,headache,S021
-11.5,2.18,33.03755524744086,-18.230476627859012,52.6133111862425,33.45,2.0,headache,S021
-8.07,2.17,33.006053572708865,-18.389349885846606,52.54315454546042,33.45,2.0,headache,S021
-17.21,2.18,32.99541214812072,-18.64385847978417,52.73605363953971,33.45,2.0,headache,S021
-0.7,2.17,32.336321773792164,-20.17560344668475,53.01902906921614,33.45,2.0,headache,S021
12.65,2.18,32.87041422912686,-19.579934936689806,52.5518790399266,33.45,2.0,headache,S021
0.55,2.2,34.1867609644517,-20.563689508074148,51.632817328810816,33.45,2.0,headache,S021
10.53,2.23,31.484005055681347,-19.974045528841152,53.08407353211778,33.45,2.0,headache,S021
-8.2,2.26,31.4312971072983,-20.124372241072408,53.37872700653901,33.45,2.0,headache,S021
8.47,2.28,28.7928558235144,-18.97093041896698,53.678940335448075,33.45,2.0,headache,S021
-22.05,2.31,40.121077300650896,-18.180953619930797,47.772564102417654,33.45,2.0,headache,S021
-2.37,2.33,47.10010590830198,-17.52669144545366,42.55595175724398,33.45,2.0,headache,S021
-15.94,2.34,45.307598322838054,-17.19449261008208,42.51546336564286,33.45,2.0,headache,S021
1.95,2.35,45.531425569774285,-16.77540680671938,43.1907160996204,33.45,2.0,headache,S021
-47.45,2.35,47.26666066701811,-16.147311891208414,42.98134495479539,33.45,2.0,headache,S021
-64.81,2.36,41.04905481195168,-16.42347795676363,47.291967247095485,33.45,2.0,headache,S021
8.35,2.33,39.564648259211154,-17.06387706746538,48.46842658330856,33.43,2.0,headache,S021
40.53,2.33,38.943629056757196,-18.612943248376997,49.951492195414865,33.43,2.0,headache,S021
24.23,2.33,36.05668196752646,-17.669970876656926,50.379884101178426,33.43,2.0,headache,S021
26.35,2.35,36.26818659167934,-17.7375642404635,50.279554993213566,33.43,2.0,headache,S021
27.4,2.34,37.0404174714362,-19.16967120760619,50.28661419271065,33.45,2.0,headache,S021
-18.58,2.33,37.38673368003372,-18.170233611886687,49.34783123681177,33.45,2.0,headache,S021
-39.55,2.32,40.47358689904365,-18.97895646426716,47.2748689554751,33.45,2.0,headache,S021
55.71,2.31,40.479361351050365,-19.121504662672503,46.06555334023596,33.45,2.0,headache,S021
34.98,2.33,38.30872336987526,-19.870038494329503,47.61237151924647,33.45,2.0,headache,S021
14.3,2.37,36.80049600696259,-19.350502711187982,50.378875123310216,33.45,2.0,headache,S021
7.19,2.36,34.444195367858896,-20.265313862064655,50.95610163743014,33.45,2.0,headache,S021
-2.95,2.32,34.18726238080819,-20.563312305491937,51.706659381674,33.45,2.0,headache,S021
-26.42,2.32,34.072920329129396,-20.696322028709677,51.11947209124106,33.45,2.0,headache,S021
-47.03,2.32,34.46569395829941,-20.77018483102262,50.983608251559794,33.45,2.0,headache,S021
-64.67,2.32,33.77344532834955,-20.595621610922795,51.28154411406031,33.45,2.0,headache,S021
3.36,2.32,34.466375220959485,-20.249746652991945,51.091530692162976,33.45,2.0,headache,S021
18.94,2.33,34.11441801041984,-20.560030412950493,51.55823308472427,33.43,2.0,headache,S021
4.15,2.32,33.82192991613099,-20.55050218368719,51.44687700097849,33.43,2.0,headache,S021
30.35,2.31,34.68129274087349,-20.931976704375884,51.12749142865039,33.43,2.0,headache,S021
9.16,2.31,34.996138235220045,-20.84758768748638,50.92762181053459,33.43,2.0,headache,S021
-3.45,2.3,34.940155310004116,-21.114765557961963,50.65917425736667,33.45,2.0,headache,S021
18.88,2.3,34.949151313282776,-20.893941878266226,50.705519077096966,33.45,2.0,headache,S021
-7.01,2.29,35.57470346820893,-20.982686505398366,50.511666751310386,33.45,2.0,headache,S021
1.27,2.28,35.05006076557771,-20.735884820015873,50.45197825889978,33.45,2.0,headache,S021
-16.1,2.28,35.28679813085675,-20.836212881450223,50.26873000060594,33.43,2.0,headache,S021
-12.84,2.27,35.17742966974019,-20.982009696175155,50.45813067556582,33.43,2.0,headache,S021
8.14,2.27,35.1000840099079,-21.02201059300087,50.642667048487944,33.43,2.0,headache,S021
-26.74,2.26,35.44040739542632,-21.013268819364132,50.333892529826336,33.43,2.0,headache,S021
5.76,2.26,34.841868109423395,-21.039756253297494,50.77515230847363,33.45,2.0,headache,S021
0.38,2.26,34.38007880085965,-20.89001980257421,50.862782593552176,33.45,2.0,headache,S021
-7.14,2.25,34.88520362636162,-21.091089030589217,50.864095770428705,33.45,2.0,headache,S021
36.2,2.24,34.95133245013276,-20.914259726408392,50.74023267138391,33.45,2.0,headache,S021
-2.77,2.25,35.092535271516724,-21.084600185250594,50.23247869874231,33.45,2.0,headache,S021
-9.88,2.24,34.850850596939935,-20.913525894856797,50.79441250007651,33.45,2.0,headache,S021
36.24,2.23,35.30480064880349,-21.092968365133945,50.32969824804471,33.45,2.0,headache,S021
1.03,2.23,34.63315761702091,-20.884455940933318,50.89900847104,33.45,2.0,headache,S021
-27.96,2.23,34.35092253213615,-20.84646127847998,50.79970104860258,33.45,2.0,headache,S021
20.76,2.23,33.07383686509236,-20.831305033516045,52.28490417578071,33.45,2.0,headache,S021
20.35,2.22,30.999115237176845,-20.19354427464292,52.88213451911015,33.45,2.0,headache,S021
-18.19,2.21,31.62435827271013,-20.82010976688596,52.69399838520527,33.45,2.0,headache,S021
-11.76,2.2,33.52903667871557,-20.643867735071147,51.724111085680256,33.45,2.0,headache,S021
-17.69,2.2,33.53104301419388,-21.112102741036345,52.05942067831402,33.45,2.0,headache,S021
-25.76,2.19,34.639903030530476,-20.588593263592017,51.542068331033505,33.45,2.0,headache,S021
-12.84,2.19,31.80942254175231,-20.73042750833117,52.24315831049403,33.45,2.0,headache,S021
-1.05,2.19,37.02778565592441,-19.892149565780077,49.92741923901888,33.45,2.0,headache,S021
-28.35,2.19,40.237899970810965,-18.209918981332645,47.1071521927456,33.45,2.0,headache,S021
36.43,2.16,39.46828845634869,-19.174274395091498,49.06092098066184,33.45,2.0,headache,S021
55.29,2.11,36.762880007751484,-17.688184218602107,49.72893679055258,33.45,2.0,headache,S021
62.87,2.11,36.7512773008,-18.27578197697986,49.77842968161238,33.45,2.0,headache,S021
24.77,2.1,39.13330804127569,-18.33661478723912,49.191889017475184,33.45,2.0,headache,S021
-23.66,2.1,38.68937844426146,-17.173013745040578,48.34891614038295,33.45,2.0,headache,S021
-40.4,2.09,38.95974259193344,-17.7835945240773,49.27298195243777,33.45,2.0,headache,S021
1.9,2.09,36.98173454995015,-17.215914276627412,49.5711023058374,33.45,2.0,headache,S021
33.21,2.1,38.57182522154269,-17.803606093228037,49.63184064157239,33.45,2.0,headache,S021
-21.63,2.1,40.48498219112262,-17.10061996940138,47.49483406441379,33.45,2.0,headache,S021
-16.65,2.1,39.898735741444334,-17.712597180093315,48.43448970861693,33.45,2.0,headache,S021
-12.2,2.09,42.32257953461066,-15.962299945206492,46.07966742580787,33.47,2.0,headache,S021
-53.5,2.1,43.32481509128991,-16.611372810094085,46.24311466760758,33.47,2.0,headache,S021
-12.65,2.1,38.39087671927551,-17.47164704594138,48.844707404985535,33.47,2.0,headache,S021
19.81,2.1,36.63940181848602,-17.225286460333308,49.399603461384736,33.47,2.0,headache,S021
10.22,2.09,35.88782942988984,-18.00080484118646,51.3915619499677,33.45,2.0,headache,S021
38.24,2.08,34.49815417972735,-18.893946354402793,51.86237423148572,33.45,2.0,headache,S021
-28.77,2.07,35.32680034552742,-19.043569625070088,51.410061719780266,33.45,2.0,headache,S021
-11.87,2.07,34.692923287629625,-19.03234657681758,51.205572303696805,33.45,2.0,headache,S021
8.21,2.07,34.61415101172175,-19.69255382582499,51.439447624794646,33.45,2.0,headache,S021
11.1,2.07,34.64748779764633,-19.563046083632067,51.24695052339102,33.45,2.0,headache,S021
25.64,2.06,34.05144532703422,-19.729985415469734,51.9652189694421,33.45,2.0,headache,S021
13.58,2.06,34.113770936405835,-19.790087507767797,51.68850787144411,33.45,2.0,headache,S021
-15.38,2.06,34.42761903297444,-19.916371429742956,51.619783706785654,33.47,2.0,headache,S021
24.8,2.05,34.67813379716675,-19.925191734129914,50.96571603402279,33.47,2.0,headache,S021
-15.02,2.05,33.96450821175204,-21.16275555988404,51.74946856441969,33.47,2.0,headache,S021
-19.23,2.05,34.64042650997855,-20.730916623546698,50.9520670821756,33.47,2.0,headache,S021
12.97,2.05,33.941277286191855,-20.939389385608294,51.21040040052091,33.45,2.0,headache,S021
-15.0,2.04,33.913236526618455,-21.170869476289646,51.258174997376614,33.45,2.0,headache,S021
15.27,2.05,34.02907307445556,-21.129580393466586,51.38876112088714,33.45,2.0,headache,S021
2.3,2.05,33.70254892956046,-20.924905378407882,51.23156265967068,33.45,2.0,headache,S021
-30.79,2.05,34.114023993151484,-21.42986295800246,51.70205520982732,33.45,2.0,headache,S021
6.03,2.04,32.66459166037681,-20.19051119495776,52.147377532324136,33.45,2.0,headache,S021
6.64,2.05,32.24847700390113,-20.796243525038193,52.10533009190451,33.45,2.0,headache,S021
-17.97,2.05,33.20524498175978,-20.968692266732447,51.96501840190858,33.45,2.0,headache,S021
1.03,2.05,32.692162418492074,-20.944936606106427,51.95145725904178,33.45,2.0,headache,S021
0.22,2.04,33.25763468980868,-20.879810381557352,51.8875010517693,33.45,2.0,headache,S021
-7.88,2.04,32.89930234381514,-21.190646975787274,51.93966735583566,33.45,2.0,headache,S021
18.28,2.03,32.97182281363591,-20.91494050271481,51.91652980800533,33.45,2.0,headache,S021
-5.18,2.04,32.83677877771247,-21.132974304912448,51.91437464909798,33.45,2.0,headache,S021
-6.32,2.03,33.03143783229395,-21.01974931668297,52.057025200142576,33.45,2.0,headache,S021
21.21,2.03,33.04065421947406,-21.115940965090452,51.73041095898628,33.45,2.0,headache,S021
-4.01,2.03,33.24342876764102,-20.88831100553653,51.83876705440219,33.45,2.0,headache,S021
-19.07,2.03,32.894882961504806,-21.12125249694908,51.94404527639541,33.45,2.0,headache,S021
24.0,2.02,32.953012035524736,-20.849116650283108,51.93737457581532,33.45,2.0,headache,S021
-3.95,2.03,33.16913486936882,-21.314039217564684,51.99968794541613,33.45,2.0,headache,S021
-16.11,2.03,33.183194468135234,-21.155835087709534,51.72285856115422,33.45,2.0,headache,S021
18.17,2.03,32.819573170122716,-21.015900215006422,52.07299979256437,33.45,2.0,headache,S021
-9.62,2.03,32.967517753354436,-21.30506298460301,51.85749529947601,33.45,2.0,headache,S021
-14.25,2.03,33.00102713961904,-21.346637901398573,51.839295340039286,33.45,2.0,headache,S021
26.53,2.02,32.936446213077495,-21.0513731332092,51.76478966251805,33.45,2.0,headache,S021
7.87,2.02,33.04922558990042,-21.4030658724726,52.012150504395386,33.45,2.0,headache,S021
12.32,2.02,33.19114144103459,-21.162645373659306,51.77112935865067,33.45,2.0,headache,S021
6.76,2.02,32.929532304765885,-21.275252074240314,51.929292265283365,33.45,2.0,headache,S021
-28.58,2.01,33.255377106464344,-21.30521247096015,51.786099299645045,33.45,2.0,headache,S021
-3.53,2.01,32.952277272163805,-21.26909473643094,52.00964703697693,33.45,2.0,headache,S021
-8.62,2.0,33.12726392675077,-21.366497996606743,51.86615453895392,33.45,2.0,headache,S021
-14.29,2.0,32.60412219258271,-21.43503790629668,51.92567453612117,33.45,2.0,headache,S021
26.08,2.0,32.91974581392242,-21.25616538142646,51.95024643872086,33.45,2.0,headache,S021
-19.85,1.99,32.62668128992417,-21.740362679835908,51.95676072781187,33.43,2.0,headache,S021
0.21,1.99,33.56539569390949,-21.577869502259635,51.602641998882774,33.43,2.0,headache,S021
15.99,2.0,32.85739247278616,-21.712464631471438,51.913957931913714,33.43,2.0,headache,S021
-19.36,2.0,33.66094299536852,-21.236489623056045,51.08683461342633,33.43,2.0,headache,S021
1.92,1.99,33.37402059028,-21.352028133483564,51.66367194141323,33.43,2.0,headache,S021
32.9,1.99,33.382251593033,-21.53215764157767,51.45806977899236,33.43,2.0,headache,S021
-7.34,1.99,33.88686866837076,-21.547718586533925,51.17924643172037,33.43,2.0,headache,S021
6.81,1.98,33.77725042358018,-21.55664172754517,51.09891944818208,33.43,2.0,headache,S021
10.31,1.98,33.94585633597532,-21.78792329605956,51.13242656217198,33.43,2.0,headache,S021
-23.48,1.97,34.02967568615415,-21.654638948929307,50.948792257355215,33.43,2.0,headache,S021
-4.14,1.97,34.016791602981584,-21.793448705121985,51.043244558269166,33.43,2.0,headache,S021
9.27,1.97,34.12753176500966,-21.726751561965187,50.9610147695933,33.43,2.0,headache,S021
-22.23,1.97,34.00402060509754,-21.91391488387703,51.020773422295036,33.43,2.0,headache,S021
8.81,1.96,34.28728645448917,-21.864749356177363,50.66032131618717,33.43,2.0,headache,S021
12.82,1.96,33.897426822927244,-22.000436058631095,50.608422993315365,33.43,2.0,headache,S021
-12.43,1.96,34.63164165843585,-21.997138238459243,50.31414487065859,33.43,2.0,headache,S021
13.19,1.95,34.62183612148464,-21.96968689336531,50.27887032481364,33.45,2.0,headache,S021
6.27,1.98,34.21155877502796,-21.870507513681808,50.70766121678538,33.45,2.0,headache,S021
-20.1,1.97,34.51103823600541,-22.06178173373675,50.72972157403333,33.45,2.0,headache,S021
14.09,1.97,34.68873853264701,-21.947519304105416,50.297369959103854,33.45,2.0,headache,S021
-0.69,1.96,34.65687467741295,-22.050070164375093,50.19674162084429,33.45,2.0,headache,S021
-10.55,1.97,34.85582487871476,-21.949437688252814,50.11835700335394,33.45,2.0,headache,S021
14.47,1.96,34.81326293286793,-22.054556696365378,50.34119494040768,33.45,2.0,headache,S021
-10.18,1.96,34.600565992760856,-21.926098939181305,50.28724697971409,33.45,2.0,headache,S021
-10.19,1.95,34.71079565924856,-21.91406628844001,50.42493632090102,33.45,2.0,headache,S021
18.87,1.95,35.06862773569156,-22.06699262437943,49.929710581789294,33.45,2.0,headache,S021
-18.56,1.96,34.94958663550997,-22.1058573353533,50.054370243938955,33.45,2.0,headache,S021
4.33,1.94,34.88559871138895,-21.911135540136375,49.95742960856975,33.45,2.0,headache,S021
6.82,1.95,35.10036892998101,-22.18137203331412,50.02859663431465,33.43,2.0,headache,S021
-8.75,1.94,35.03380021293019,-21.95542444137145,50.08944164597051,33.43,2.0,headache,S021
21.58,1.94,35.11970199758845,-22.118910612193883,50.05044313366926,33.43,2.0,headache,S021
2.77,1.94,34.818895655230136,-22.189871774413756,50.33798154913032,33.43,2.0,headache,S021
-4.29,1.94,34.18134648632429,-21.972337159768365,50.57567515813464,33.43,2.0,headache,S021
7.14,1.93,34.24794015993194,-21.901576452234377,50.25592279978505,33.43,2.0,headache,S021
-27.02,1.93,34.80577204625042,-22.196805162000746,50.315836708937,33.43,2.0,headache,S021
2.87,1.93,34.04931087344447,-22.065336165697317,50.62793310104383,33.43,2.0,headache,S021
-8.48,1.93,33.5718257628404,-21.952170532867967,51.04186163645004,33.43,2.0,headache,S021
-23.09,1.93,34.1328217698713,-22.019276980709467,50.596114900270415,33.43,2.0,headache,S021
24.43,1.92,34.03529813744282,-21.990749635767312,50.75385711499461,33.43,2.0,headache,S021
4.59,1.95,34.22550466481194,-22.004760438342597,50.87141111945984,33.43,2.0,headache,S021
9.19,1.92,34.01842066687847,-21.99713927516353,50.893125289776584,33.45,2.0,headache,S021
15.01,1.92,34.396547141473924,-22.00152806310623,50.86360388319613,33.45,2.0,headache,S021
-24.14,1.91,33.846981278735875,-22.030463069181415,50.83430322154894,33.45,2.0,headache,S021
-6.05,1.91,34.724953445266564,-22.104932063903792,50.435183264684,33.45,2.0,headache,S021
14.55,1.91,33.99892257502195,-21.960046552996264,50.278851589085846,33.45,2.0,headache,S021
-19.91,1.91,34.61854611999966,-22.198920876273444,50.62733907595031,33.45,2.0,headache,S021
-4.77,1.9,34.63874638161346,-22.48183685393809,50.452426010860506,33.45,2.0,headache,S021
0.18,1.9,34.302043459518984,-21.93042619250577,50.307678397436874,33.45,2.0,headache,S021
-9.29,1.9,34.595696617447665,-22.447035770718024,50.267136232401505,33.43,2.0,headache,S021
-12.83,1.9,34.739189028087885,-22.048004917879204,50.02664157019095,33.43,2.0,headache,S021
15.95,1.9,34.40575717836633,-22.302775508070326,50.30386526564428,33.43,2.0,headache,S021
24.93,1.89,34.24470198217421,-22.302279627935636,50.86905006762451,33.43,2.0,headache,S021
21.4,1.9,34.39969072010675,-22.4050446495525,50.55248791526275,33.47,2.0,headache,S021
-8.79,1.89,34.49112892843838,-22.442132013758275,50.290807026158625,33.47,2.0,headache,S021
-4.4,1.9,33.973472720414776,-22.2125803417851,50.51428025857801,33.47,2.0,headache,S021
29.33,1.89,34.04021423586664,-22.346437425962897,50.41794434006843,33.47,2.0,headache,S021
-32.46,1.9,34.30773587166637,-22.162143733419143,50.434411798391864,33.43,2.0,headache,S021
-13.98,1.89,34.51210795312419,-22.331475681371845,50.298652257000946,33.43,2.0,headache,S021
-3.73,1.88,34.840615064159906,-22.15609132979181,50.0053132615371,33.43,2.0,headache,S021
4.98,1.89,35.566252607814974,-22.07709553788837,49.5835133726367,33.43,2.0,headache,S021
15.11,1.88,36.919127099860596,-22.23800157874073,48.85360066771351,33.43,2.0,headache,S021
-28.41,1.87,36.96007955149914,-22.411515835797864,48.231549063634155,33.43,2.0,headache,S021
16.26,1.86,36.499453461581325,-22.4103056864765,48.819899479164775,33.43,2.0,headache,S021
45.4,1.86,36.528917723779934,-22.535097615863112,48.02204167953468,33.43,2.0,headache,S021
-9.4,1.87,37.398183942691055,-22.557062590479827,48.50377977862527,33.45,2.0,headache,S021
-10.61,1.86,36.60768514150371,-22.294269674573357,48.88098295978301,33.45,2.0,headache,S021
-7.34,1.86,35.06898325206053,-21.741798793553773,50.686871429974914,33.45,2.0,headache,S021
-28.55,1.85,31.878579802854997,-21.856697953880268,52.16869247825901,33.45,2.0,headache,S021
-39.4,1.84,26.988324339348452,-20.97000252510743,54.76247249557491,33.41,2.0,headache,S021
1.81,1.84,31.48205900048197,-21.38196590990516,52.39611611974925,33.41,2.0,headache,S021
-2.31,1.83,34.54826423873928,-21.51986823429139,50.83962657215649,33.41,2.0,headache,S021
31.74,1.83,35.304367341211915,-19.57186819279563,50.74692315043244,33.41,2.0,headache,S021
10.98,1.83,36.431603974975175,-19.21637453180934,50.423823161340756,33.43,2.0,headache,S021
76.95,1.81,36.798083647955,-20.065430918489277,50.36116556296325,33.43,2.0,headache,S021
-22.85,1.81,33.05459996546649,-20.69422922792256,51.321286054178636,33.43,2.0,headache,S021
-112.93,1.81,34.08979028884062,-20.070922648600018,51.986446648661406,33.43,2.0,headache,S021
87.0,1.82,32.58322556351247,-19.879218834006952,52.55999629990485,33.43,2.0,headache,S021
28.39,1.82,32.04029833450799,-19.778676703291246,53.122359091408974,33.43,2.0,headache,S021
32.71,1.82,31.828394388994333,-19.846340444435697,52.51804849865181,33.43,2.0,headache,S021
-32.87,1.81,32.44498361161732,-20.140370126805518,52.748624294066246,33.43,2.0,headache,S021
-59.88,1.81,31.682753101015667,-19.93831256991404,52.799813579117625,33.45,2.0,headache,S021
-0.83,1.81,31.954534020732563,-20.09237242364956,52.387191354310254,33.45,2.0,headache,S021
-0.19,1.82,33.59782907801978,-20.138692407402267,52.32057497217777,33.45,2.0,headache,S021
-1.95,1.82,33.2357387960039,-20.11895694922182,51.87762229765501,33.45,2.0,headache,S021
30.27,1.82,33.24897413709342,-20.065310139488943,52.185065221870715,33.43,2.0,headache,S021
-2.44,1.82,33.25482719632668,-19.998707320793923,51.863354498367755,33.43,2.0,headache,S021
-18.81,1.82,33.6662928343536,-19.95815894561139,52.10331195837507,33.43,2.0,headache,S021
8.17,1.82,32.70406635666863,-20.70344397634772,52.084189720031816,33.43,2.0,headache,S021
15.03,1.82,32.9709299834096,-20.446736499321577,52.121935360762116,33.41,2.0,headache,S021
2.28,1.83,33.74526002955283,-20.35208313118313,51.73244414904608,33.41,2.0,headache,S021
13.29,1.82,34.176388469416466,-20.431925082547362,51.40674650667902,33.41,2.0,headache,S021
-23.65,1.82,34.37934512175143,-20.611228512131937,51.190566342805795,33.41,2.0,headache,S021
6.96,1.82,35.233043483809936,-20.113155522121204,50.96720271815832,33.39,2.0,headache,S021
-7.44,1.82,35.21395255776647,-20.088803757661676,50.34614745871307,33.39,2.0,headache,S021
-14.39,1.81,35.35949611851667,-20.201960776844086,50.6972211545412,33.39,2.0,headache,S021
12.72,1.81,35.536812386800264,-20.092202435335167,50.23646488589508,33.39,2.0,headache,S021
-6.29,1.81,35.934490838630545,-20.1543056256159,50.26302315494779,33.41,2.0,headache,S021
-0.2,1.8,35.93448859120678,-19.966137375113803,50.112679511169425,33.41,2.0,headache,S021
7.63,1.8,35.38304336279598,-20.334778992958917,50.21462238708039,33.41,2.0,headache,S021
-19.11,1.79,37.37883645762957,-19.971693519422303,49.742252920952524,33.41,2.0,headache,S021
7.92,1.79,37.49574666915541,-20.193863539038944,49.653514310453396,33.41,2.0,headache,S021
5.59,1.8,36.47137062264894,-19.94083291116944,49.755589657182696,33.41,2.0,headache,S021
-15.47,1.8,37.099756693466794,-20.33908766443976,49.77068318183017,33.41,2.0,headache,S021
6.49,1.79,36.13670077912747,-20.40781431325969,49.87084047533174,33.41,2.0,headache,S021
7.85,1.8,35.739354745754376,-20.60407385636225,50.2005773690959,33.39,2.0,headache,S021
-0.05,1.8,35.649442195592286,-20.657532914185563,49.94830898000115,33.39,2.0,headache,S021
7.81,1.8,36.3048047227291,-20.613552621601134,49.969207075003084,33.39,2.0,headache,S021
-5.99,1.8,36.30847437632948,-20.420280035640626,49.870725293370164,33.39,2.0,headache,S021
-4.69,1.8,36.09907398043251,-20.594877867328623,50.134278289359536,33.37,2.0,headache,S021
25.46,1.79,36.550066238980094,-20.61238503420319,49.717409266487635,33.37,2.0,headache,S021
18.91,1.79,36.828352623933235,-20.630768604469658,49.65366460046488,33.37,2.0,headache,S021
-1.85,1.78,37.482384234195294,-20.02170921298929,49.454180921413375,33.37,2.0,headache,S021
14.57,1.78,36.8624211832601,-20.048264922479657,49.45454822271982,33.39,2.0,headache,S021
-23.8,1.77,38.06009871222258,-20.05621724526068,48.887121484537424,33.39,2.0,headache,S021
-2.33,1.76,37.86381735615814,-20.083670922658715,48.88659229925352,33.39,2.0,headache,S021
-24.18,1.77,37.98941122956786,-20.016426898198866,48.77907269328726,33.39,2.0,headache,S021
-70.01,1.77,37.90868998876747,-20.330512170606006,48.98750603976856,33.37,2.0,headache,S021
3.82,1.76,38.07081937733836,-20.17983454031003,48.705707197811535,33.37,2.0,headache,S021
18.4,1.76,37.91500310543999,-20.23627115858579,48.86354737107851,33.37,2.0,headache,S021
-3.51,1.76,38.067288115282736,-20.342500095402244,48.64893841148647,33.37,2.0,headache,S021
7.31,1.76,37.19987575310035,-20.3228667852988,48.82609402765008,33.39,2.0,headache,S021
34.5,1.75,37.985735704106524,-20.67741409053281,48.51434805623601,33.39,2.0,headache,S021
-3.05,1.75,37.72429806782552,-20.598910453755686,48.85505201045634,33.39,2.0,headache,S021
-1.3,1.76,37.85375874327406,-20.662204549030513,48.52803331267684,33.39,2.0,headache,S021
24.99,1.75,37.94166518444931,-20.764946796255508,48.740626890839756,33.39,2.0,headache,S021
-6.9,1.75,37.68053405513576,-20.750040467532276,48.58500728706519,33.39,2.0,headache,S021
-18.7,1.75,38.21024901382677,-20.620385800234047,48.24325409166463,33.39,2.0,headache,S021
30.15,1.75,38.65499196904417,-20.78187705577733,48.061891797870885,33.39,2.0,headache,S021
-7.36,1.74,38.61089058557411,-20.263382910375075,47.84435871723931,33.34,2.0,headache,S021
-5.14,1.74,38.97876304698249,-20.467925531506285,47.73678976136054,33.34,2.0,headache,S021
21.84,1.74,39.300950965401945,-20.307033568742742,47.40388112487302,33.34,2.0,headache,S021
-27.44,1.74,39.16910026571749,-20.381517831881247,47.4111736855365,33.34,2.0,headache,S021
-3.06,1.73,38.75961283002399,-20.35688629520278,47.86688832386792,33.39,2.0,headache,S021
17.07,1.73,38.48245641176604,-20.76389341316655,47.93290440776169,33.39,2.0,headache,S021
-21.64,1.73,38.18232763131459,-20.92989798250368,48.2002687657174,33.39,2.0,headache,S021
-1.65,1.73,38.422744113957144,-20.727378276285595,47.910362150309076,33.39,2.0,headache,S021
23.73,1.72,37.98729609579622,-20.957469323242996,48.12349902096853,33.37,2.0,headache,S021
-5.96,1.72,38.14220263586757,-20.940612377179093,48.06811606746359,33.37,2.0,headache,S021
1.4,1.72,37.96865579839413,-20.895366174234923,48.16776469455775,33.37,2.0,headache,S021
-10.3,1.72,38.49290247149029,-21.05888384862733,48.085934764246794,33.37,2.0,headache,S021
1.25,1.71,38.244290036097105,-20.772170305424222,48.1408453110853,33.37,2.0,headache,S021
20.58,1.71,38.60506642276961,-20.952068157780808,47.81772844168041,33.37,2.0,headache,S021
-16.84,1.71,37.808111616665656,-20.654200838092052,48.04273354411758,33.37,2.0,headache,S021
3.06,1.71,38.88225158534952,-20.786610314241816,47.95034053525833,33.37,2.0,headache,S021
-5.76,1.7,38.486152474647945,-21.075800048884947,48.05286159231107,33.34,2.0,headache,S021
-13.67,1.7,38.77709417538616,-20.812161507226712,47.94380568117034,33.34,2.0,headache,S021
16.56,1.7,38.50272366116664,-21.03901084494078,47.92715737758712,33.34,2.0,headache,S021
-16.56,1.7,38.64895446007407,-20.805118813330218,47.9556010873158,33.34,2.0,headache,S021
-11.36,1.69,38.24695749601193,-21.014163968647452,47.93463009487481,33.34,2.0,headache,S021
29.09,1.69,38.627995024710415,-20.78022105224206,47.92804122516403,33.34,2.0,headache,S021
-10.91,1.69,38.33857855183951,-20.9012962858779,48.06639711218871,33.34,2.0,headache,S021
3.58,1.68,38.83131931052175,-20.97530196133406,47.93508950495629,33.34,2.0,headache,S021
16.38,1.68,38.22701692974901,-20.901170611049928,48.06395042067826,33.34,2.0,headache,S021
-18.76,1.68,38.677780539549765,-20.98804784790371,47.93746272894825,33.34,2.0,headache,S021
-2.85,1.67,38.69428361563643,-21.02329118811917,48.05906044835827,33.34,2.0,headache,S021
21.96,1.67,38.77228374531243,-20.97163675495456,47.814030878363305,33.34,2.0,headache,S021
-13.98,1.66,38.53215104465685,-21.031403696822533,47.92158814858927,33.34,2.0,headache,S021
-7.03,1.66,38.16416489342119,-20.966466061809673,47.82464927315318,33.34,2.0,headache,S021
18.46,1.66,38.531966342284996,-21.035203931402467,47.98307444508781,33.34,2.0,headache,S021
-7.5,1.65,39.204823410752894,-20.963361172914556,47.76143812597711,33.34,2.0,headache,S021
-7.88,1.68,38.566726104193954,-21.037972565529248,47.84244034997758,33.33,2.0,headache,S021
13.42,1.65,38.76989168583608,-20.960698943390057,47.91286848756104,33.33,2.0,headache,S021
-21.83,1.65,38.63961066003665,-21.04071012743097,47.90673698367826,33.33,2.0,headache,S021
-8.45,1.64,38.86770404540824,-20.957702413897135,47.816693851292705,33.33,2.0,headache,S021
28.79,1.65,38.50183658244613,-21.044202155418684,48.12195592657535,33.33,2.0,headache,S021
-3.08,1.64,38.71181980183871,-20.95333983805426,47.80775971265652,33.33,2.0,headache,S021
-3.02,1.64,38.698305599387055,-21.050151888458753,47.92960686786524,33.33,2.0,headache,S021
13.62,1.64,38.60406825884813,-20.94409668879237,47.774256530704385,33.33,2.0,headache,S021
-9.68,1.63,38.631210651983544,-21.06864474550103,48.01213443953166,33.33,2.0,headache,S021
1.65,1.64,38.53400949384603,-20.829048342085425,47.85602635510993,33.33,2.0,headache,S021
10.29,1.63,38.53725751599512,-21.049067859186724,48.09776321224137,33.33,2.0,headache,S021
-14.66,1.63,39.167892590464724,-21.07778816866545,47.60825174311665,33.33,2.0,headache,S021
5.23,1.63,38.928321575085555,-21.110385248164015,47.62628215509113,33.33,2.0,headache,S021
5.86,1.62,39.46472384606621,-21.052339934098466,47.41336205542424,33.33,2.0,headache,S021
-12.54,1.61,39.23378280866292,-21.095756175331477,47.16318689888255,33.33,2.0,headache,S021
4.7,1.61,38.68105340615577,-21.10863784587165,47.75190583539212,33.33,2.0,headache,S021
-11.66,1.61,37.957408738948814,-21.023495549750802,48.65249372404266,33.33,2.0,headache,S021
-3.33,1.61,37.32516804866624,-20.980138575246887,48.67043257428568,33.33,2.0,headache,S021
12.12,1.6,37.22911390427479,-21.032046546629473,48.60390162500182,33.33,2.0,headache,S021
-15.89,1.59,37.6536355916656,-20.85615282501271,48.202136352074895,33.33,2.0,headache,S021
10.67,1.59,38.646762800054134,-20.069846875404153,47.945962309132796,33.34,2.0,headache,S021
-15.03,1.59,37.60420182371737,-20.20038220062793,48.88743531877647,33.34,2.0,headache,S021
24.87,1.56,37.17403269357569,-19.80468108187081,48.89770496965992,33.34,2.0,headache,S021
18.92,1.55,38.54121770113333,-20.194215159229145,48.64903472515611,33.34,2.0,headache,S021
-20.08,1.49,36.3030923580177,-20.361619489078784,49.554452246760135,33.37,2.0,headache,S021
-7.11,1.52,37.9705743385594,-19.798431261791873,48.76862857731504,33.37,2.0,headache,S021
-8.54,1.51,37.18240410195147,-20.287908220831948,48.84175973067696,33.37,2.0,headache,S021
-28.56,1.44,37.699686584648276,-19.981201781105,48.59541701932427,33.37,2.0,headache,S021
30.12,1.42,38.788445302497,-20.300644113908984,48.4514330793445,33.39,2.0,headache,S021
52.37,1.44,38.55818934506827,-20.285218648383125,48.1776083851211,33.39,2.0,headache,S021
-11.82,1.42,37.73235896551809,-20.345844654523404,48.19593301263327,33.39,2.0,headache,S021
3.5,1.41,39.073012645860246,-19.87233175623967,48.08329220772313,33.39,2.0,headache,S021
5.11,1.39,38.3313598779024,-20.57427735626474,48.06872188721253,33.43,2.0,headache,S021
-39.19,1.39,38.31985780551053,-20.35446462995041,48.168884734058594,33.43,2.0,headache,S021
-2.97,1.4,38.99106240307667,-20.716294870924386,48.16085441658994,33.43,2.0,headache,S021
17.48,1.41,35.52878194236331,-21.227161542161166,49.711920485604644,33.43,2.0,headache,S021
-30.51,1.48,37.50437768718103,-20.50116796968866,49.03680159719315,33.41,2.0,headache,S021
5.34,1.52,39.21544195077919,-20.79938979007364,47.43517081772304,33.41,2.0,headache,S021
11.29,1.52,37.40920080112756,-20.95617974316249,48.77286434409364,33.41,2.0,headache,S021
-37.25,1.52,38.20642490032031,-21.183994581919922,47.93143247346222,33.41,2.0,headache,S021
32.52,1.52,37.09589275821087,-21.40278538300193,48.532634955353174,33.43,2.0,headache,S021
19.01,1.52,38.83618071534424,-21.337786649489814,47.89688054649385,33.43,2.0,headache,S021
-15.88,1.51,39.27647603962522,-21.355942875672778,46.231185918921,33.43,2.0,headache,S021
-23.4,1.52,41.604318874786735,-21.27486422337452,45.41700125041297,33.43,2.0,headache,S021
15.27,1.52,36.88133881548662,-22.312022074970546,47.64090470173345,33.43,2.0,headache,S021
-10.33,1.52,49.759393028752626,-19.08735706083037,35.95445763941385,33.43,2.0,headache,S021
54.1,1.52,61.266682206030964,-16.206838361490604,22.58694590032182,33.43,2.0,headache,S021
7.76,1.5,54.846056444137815,-18.653656065954785,30.338380433964694,33.43,2.0,headache,S021
-79.62,1.48,49.07080028902863,-20.69268116779483,37.02031645562052,33.43,2.0,headache,S021
-49.58,1.45,39.50854135229757,-21.492778836830777,45.994820432833414,33.43,2.0,headache,S021
4.96,1.43,43.01062974303485,-21.48715285013007,43.7722022982596,33.43,2.0,headache,S021
45.73,1.47,50.373740678893064,-19.005484813512233,37.533273513248304,33.43,2.0,headache,S021
63.69,1.47,49.6886117726048,-19.57660807129504,38.50496056367823,33.43,2.0,headache,S021
-5.53,1.44,45.142785262313666,-21.389110831666954,41.96079857846309,33.43,2.0,headache,S021
-80.21,1.4,39.967432927217516,-22.30012801400919,45.00270927509551,33.43,2.0,headache,S021
-14.78,1.45,44.61377945264549,-21.8238271654641,41.351764699288054,33.43,2.0,headache,S021
37.42,1.48,52.37619882083183,-20.95796472668219,35.53525023404927,33.43,2.0,headache,S021
63.14,1.46,47.28436347896578,-21.23023769322719,38.47819480634932,33.43,2.0,headache,S021
3.0,1.45,48.76163375511019,-21.466366552823768,37.828985020610055,33.43,2.0,headache,S021
-38.38,1.45,46.50663373316514,-22.506449886860782,39.51700749119889,33.43,2.0,headache,S021
-27.08,1.44,47.19341707226374,-22.044397284546825,39.08334494985905,33.45,2.0,headache,S021
1.71,1.45,47.1750102355534,-21.775463496420247,39.31017289501872,33.45,2.0,headache,S021
11.76,1.45,47.445566275995105,-22.052395499192507,38.73281310135022,33.45,2.0,headache,S021
9.38,1.44,47.52078397258163,-21.986637640648695,39.0133220709234,33.45,2.0,headache,S021
-2.64,1.44,47.849785996549606,-21.85265351423998,38.47986919790711,33.43,2.0,headache,S021
12.93,1.44,47.419355609208736,-21.509484179206684,39.09964435759297,33.43,2.0,headache,S021
-1.14,1.43,47.212804042138984,-21.97755110406677,39.2527825400885,33.43,2.0,headache,S021
-15.47,1.44,47.66668222151415,-21.77685634926743,38.978316544334966,33.43,2.0,headache,S021
14.79,1.44,47.07932590838324,-22.287565159012075,39.420029283608,33.41,2.0,headache,S021
-12.01,1.44,45.84923295695772,-21.804117807412915,40.02487007166523,33.41,2.0,headache,S021
-27.41,1.44,47.01841441353088,-21.865134592729056,39.73298825306314,33.41,2.0,headache,S021
53.31,1.43,46.97811847815201,-21.69782315279409,39.46081833568716,33.41,2.0,headache,S021
-0.61,1.43,47.36520845980285,-21.6758560422785,39.107193364446786,33.41,2.0,headache,S021
-0.27,1.43,46.77906976255913,-22.17219297252138,39.631809817168765,33.41,2.0,headache,S021
5.95,1.42,46.93059151659058,-22.169396127235593,39.75441982159227,33.41,2.0,headache,S021
-30.02,1.42,46.82989058974822,-22.21659917756718,39.96384547724773,33.41,2.0,headache,S021
22.25,1.42,46.393680208998184,-22.190225630544585,39.486265998761944,33.41,2.0,headache,S021
-4.31,1.42,47.32098306572954,-22.273442731493084,39.02691657365743,33.41,2.0,headache,S021
-9.37,1.41,46.989351783176105,-22.068263528210725,39.17958218495139,33.41,2.0,headache,S021
29.09,1.4,46.36400484934253,-22.60052770885451,39.62937462899,33.41,2.0,headache,S021
10.08,1.41,46.283803638297435,-22.035984255478272,40.35769014093,33.41,2.0,headache,S021
-12.05,1.4,47.395536469082785,-21.421565818263787,39.1442002910245,33.41,2.0,headache,S021
-6.14,1.41,47.62454427592844,-21.07264812708565,39.48353903293702,33.41,2.0,headache,S021
-6.04,1.4,46.552944035213365,-20.60874390555877,39.75852368162332,33.41,2.0,headache,S021
-19.62,1.4,46.74977174961727,-19.81809352769497,40.46183674556654,33.39,2.0,headache,S021
-12.8,1.4,46.19639554811564,-19.668564869418873,41.267741930693894,33.39,2.0,headache,S021
9.48,1.4,45.412133646263186,-19.94251464444237,42.041063592687465,33.39,2.0,headache,S021
9.12,1.41,46.78740159665451,-19.636589744486866,40.927565852253785,33.39,2.0,headache,S021
-4.58,1.42,47.06539470794705,-19.381599043744615,40.69809091318451,33.43,2.0,headache,S021
-20.32,1.41,47.32168828581957,-18.917290114247447,40.6461375153836,33.43,2.0,headache,S021
14.81,1.4,46.93778446093477,-19.30321804803966,40.75104769513985,33.43,2.0,headache,S021
23.07,1.4,48.13780712739254,-18.590838345412074,39.85734548263696,33.43,2.0,headache,S021
-7.05,1.4,46.69352833177909,-19.103538668126074,40.64704828417547,33.39,2.0,headache,S021
6.7,1.39,48.03996023603845,-18.58689943171046,39.79867670135081,33.39,2.0,headache,S021
6.51,1.38,47.65843973140135,-19.298073594153283,40.259382295333104,33.39,2.0,headache,S021
-1.34,1.38,46.09706982210456,-18.92841648399885,41.382565231425694,33.39,2.0,headache,S021
6.34,1.38,46.491811582603546,-19.631090423532694,41.67782428112785,33.39,2.0,headache,S021
-14.46,1.38,45.606629963268894,-20.16080572479429,41.730526353167235,33.39,2.0,headache,S021
22.64,1.39,47.344754990119,-19.885813579292474,40.059100330368764,33.39,2.0,headache,S021
-19.06,1.39,46.58500415614971,-20.263249482740044,40.754004244911876,33.39,2.0,headache,S021
-15.69,1.38,47.25488370317334,-20.51779252761351,40.77326040407185,33.37,2.0,headache,S021
29.26,1.37,43.32985525311169,-21.053088649879125,43.14210785595967,33.37,2.0,headache,S021
17.75,1.36,40.977889662484856,-21.29647614968595,45.25851675219448,33.37,2.0,headache,S021
-25.2,1.36,42.06688255616793,-21.399706255102693,45.680915342870136,33.37,2.0,headache,S021
55.28,1.37,41.590367596859046,-21.522340453318563,46.075073681154144,33.37,2.0,headache,S021
29.23,1.37,39.443020422506876,-21.624601972355492,46.51818174466312,33.37,2.0,headache,S021
-42.33,1.38,39.72443929480783,-21.364766832385445,46.95165024774639,33.37,2.0,headache,S021
-22.34,1.38,39.10213147940094,-21.307380497098762,46.84512783131867,33.37,2.0,headache,S021
-11.63,1.39,40.666985670477814,-20.86328096912698,46.39898493538331,33.39,2.0,headache,S021
-42.2,1.38,39.85159616049052,-21.275495640063465,46.0274441764014,33.39,2.0,headache,S021
-51.71,1.38,39.791660645266006,-21.83069650256789,46.646699119329064,33.39,2.0,headache,S021
7.22,1.38,39.85679950843506,-21.691964936425126,46.38875174040534,33.39,2.0,headache,S021
37.9,1.38,40.212067548388966,-21.476079338166468,46.334192287335384,33.39,2.0,headache,S021
-6.26,1.38,40.20275265970014,-21.31003597116153,46.47436236958033,33.39,2.0,headache,S021
14.16,1.38,39.18585903141781,-21.583611502438778,46.89110167587097,33.39,2.0,headache,S021
3.24,1.38,41.1022423348945,-20.206071865150104,44.41269711065895,33.39,2.0,headache,S021
-28.66,1.38,46.499217038725824,-19.948910884688765,42.82424195919992,33.34,2.0,headache,S021
1.92,1.38,43.75845614814409,-19.539165583411297,43.98085075295555,33.34,2.0,headache,S021
-10.48,1.38,43.27397129402078,-18.788104307633308,44.40448115324857,33.34,2.0,headache,S021
-20.68,1.37,44.559731713965135,-17.638232742594834,44.15248158512907,33.34,2.0,headache,S021
42.96,1.37,44.022639685751656,-17.307354907322456,44.87991252230354,33.34,2.0,headache,S021
-3.76,1.35,41.007580842128796,-19.075173548074698,46.01931027038242,33.34,2.0,headache,S021
18.99,1.34,41.827837772444475,-18.58716584836178,46.57769801139529,33.34,2.0,headache,S021
3.48,1.35,41.5234527974574,-18.504687249266514,46.13125114418588,33.34,2.0,headache,S021
37.5,1.34,41.188564218478106,-18.411325812709048,46.44692655960001,33.34,2.0,headache,S021
0.27,1.33,43.326115500513914,-18.2999008135742,45.26108094393222,33.34,2.0,headache,S021
3.75,1.34,42.73720267317509,-18.161127498073725,45.361568888434434,33.34,2.0,headache,S021
-23.93,1.34,42.47006326435315,-18.97758668765788,45.20776984515108,33.34,2.0,headache,S021
25.58,1.33,42.5126519629662,-18.643865570862793,45.57344983382338,33.37,2.0,headache,S021
-7.04,1.32,43.03832684334848,-18.666022399142445,45.341336558942146,33.37,2.0,headache,S021
-21.72,1.33,42.60066918145918,-18.135261916675404,45.67239391676001,33.37,2.0,headache,S021
-2.29,1.32,42.154935144489485,-17.946707069994368,45.35631413318695,33.37,2.0,headache,S021
-3.73,1.31,39.73150775122155,-19.865229485362672,47.35591128447299,33.41,2.0,headache,S021
28.94,1.31,39.749132836744124,-19.894492305584812,47.5321751686529,33.41,2.0,headache,S021
-41.47,1.33,39.04766290291217,-19.370343369548475,47.71588160549529,33.41,2.0,headache,S021
-12.34,1.33,46.98293676860419,-18.40336030505405,44.46349438473071,33.41,2.0,headache,S021
28.0,1.32,47.55767028486992,-16.815943989781193,40.9142203905941,33.37,2.0,headache,S021
-28.73,1.29,46.27752270704138,-16.884869227246764,42.09923745436519,33.37,2.0,headache,S021
19.08,1.27,46.534728155677705,-16.889096326749826,42.46594396116176,33.37,2.0,headache,S021
-8.14,1.27,46.39408789832289,-17.19649933683904,42.7060673388258,33.37,2.0,headache,S021
15.35,1.26,45.83318319732515,-17.452731497258945,42.63647610715733,33.37,2.0,headache,S021
49.14,1.26,47.50838562970789,-18.387861908740312,41.857465455170356,33.37,2.0,headache,S021
-24.42,1.27,44.847281252916005,-17.630755863132602,43.65466326087427,33.37,2.0,headache,S021
-32.6,1.27,43.83358222934851,-16.372503319119385,44.668606722370136,33.37,2.0,headache,S021
15.76,1.26,42.78691516805108,-16.57048075163305,45.69943654960121,33.41,2.0,headache,S021
11.09,1.26,46.39007735643181,-16.09548870890609,43.548099282136725,33.41,2.0,headache,S021
-33.84,1.26,39.19674672826686,-17.799360101467634,46.332326520277405,33.41,2.0,headache,S021
32.74,1.26,37.12430134074541,-18.78835046880939,49.48004113875797,33.41,2.0,headache,S021
13.18,1.25,37.40846942964255,-18.491745149977135,49.18217815599451,33.43,2.0,headache,S021
-12.97,1.25,46.69184885510464,-17.301806766685342,43.039660759575234,33.43,2.0,headache,S021
14.38,1.24,48.55176330181471,-17.134580674227553,40.45356457125651,33.43,2.0,headache,S021
-5.85,1.23,46.25193311145175,-17.71470289910604,42.27735831902158,33.43,2.0,headache,S021
3.56,1.22,47.10046099868627,-18.26706890203975,41.653755433505935,33.43,2.0,headache,S021
-16.67,1.04,43.878242335144634,-19.040668653777345,43.631355535099146,33.43,2.0,headache,S021
-4.22,1.04,46.8201101531716,-18.0231897984803,41.970633464075426,33.43,2.0,headache,S021
11.06,1.04,43.024850452227625,-18.881297567752455,45.1884514965849,33.43,2.0,headache,S021
10.72,1.07,43.9219407935519,-18.22858854705628,44.26416941621888,33.43,2.0,headache,S021
-36.46,1.24,44.070966996669256,-18.12004630918745,44.20174877424067,33.43,2.0,headache,S021
3.93,1.24,46.78810404543338,-17.537208654940127,42.64029599612148,33.43,2.0,headache,S021
-29.44,1.24,45.57685850055097,-17.383951474813973,43.057897637217614,33.43,2.0,headache,S021
-26.64,1.24,43.99973911625228,-16.96588718380276,44.59814222934767,33.45,2.0,headache,S021
10.36,1.23,40.523502562430316,-17.486982516642616,47.16887601912417,33.45,2.0,headache,S021
-0.35,1.23,40.340466798224824,-17.128818951104723,47.40821599813981,33.45,2.0,headache,S021
-1.53,1.24,40.28487743345834,-18.088308695535176,47.698486180764384,33.45,2.0,headache,S021
28.6,1.25,40.06128647100464,-18.26719963224645,47.763197178302164,33.43,2.0,headache,S021
-6.53,1.26,39.98305762089217,-18.365402556723527,47.851802906443496,33.43,2.0,headache,S021
3.72,1.26,39.32282603400412,-18.91170755502736,48.224635418095815,33.43,2.0,headache,S021
7.81,1.26,38.827270230593754,-18.632241108471476,48.63241023018676,33.43,2.0,headache,S021
-25.56,1.26,39.43966847239,-19.07133018797276,48.298995532106176,33.39,2.0,headache,S021
22.05,1.25,38.680846483703874,-19.380124385824626,47.95967472013225,33.39,2.0,headache,S021
8.87,1.25,39.872059663735165,-19.527689232752845,47.790681988797644,33.39,2.0,headache,S021
-34.33,1.26,38.73638050311486,-20.05493166773681,47.42910281519218,33.39,2.0,headache,S021
48.28,1.26,41.25416813869394,-20.093439261143473,45.61950567313816,33.34,2.0,headache,S021
24.63,1.26,42.40960775868009,-19.662181322176746,45.492047261694395,33.34,2.0,headache,S021
-37.4,1.26,43.128856776738445,-19.400799349698058,44.699675504741954,33.34,2.0,headache,S021
10.38,1.25,43.373770569490446,-18.622417818478166,44.60943434649389,33.34,2.0,headache,S021
-30.58,1.24,42.94152833416132,-19.2057509654577,45.23396047638906,33.31,2.0,headache,S021
-27.44,1.24,41.91806180045443,-18.198828744047912,45.75569680732176,33.31,2.0,headache,S021
55.7,1.24,43.10445380294453,-17.923184289038026,44.78738661010386,33.31,2.0,headache,S021
2.44,1.22,43.460914424733325,-17.23144480186682,44.91958990752354,33.31,2.0,headache,S021
-16.94,1.21,43.83942623006109,-17.475279052089242,45.303274960162746,33.27,2.0,headache,S021
-14.55,1.21,41.52496520840057,-17.13997799031181,46.383039481315386,33.27,2.0,headache,S021
66.72,1.21,42.0362485380177,-17.62661748202136,46.53222836994039,33.27,2.0,headache,S021
-16.48,1.21,42.25260900970886,-18.292513462928177,45.69830748000753,33.27,2.0,headache,S021
15.71,1.2,42.45918171093925,-18.207090572891804,45.47607609551392,33.31,2.0,headache,S021
-35.52,1.19,42.261539607861984,-18.14749736319436,45.94827539652164,33.31,2.0,headache,S021
22.04,1.19,41.65607535764126,-18.201619178139055,46.34746778417591,33.31,2.0,headache,S021
11.9,1.18,41.98517863069014,-18.06137191898467,46.645618317189275,33.31,2.0,headache,S021
3.64,1.16,41.013836072919176,-17.809169674300662,47.26763232699778,33.29,2.0,headache,S021
10.48,1.16,40.18972197593828,-18.1467765609785,47.51451554354272,33.29,2.0,headache,S021
-19.77,1.17,41.56887439335033,-17.80982280060707,46.97843536217835,33.29,2.0,headache,S021
-32.91,1.17,41.15523730272271,-17.953421864291272,47.00360343323761,33.29,2.0,headache,S021
15.04,1.17,41.24330168519003,-17.769058958357864,46.81264973280995,33.33,2.0,headache,S021
-7.65,1.17,40.53339089078926,-18.007510237169043,47.14766112111954,33.33,2.0,headache,S021
3.88,1.17,41.735883166673645,-17.611369306450325,46.75381484873372,33.33,2.0,headache,S021
-20.19,1.17,41.03332867758825,-17.467391104175558,47.09411650822743,33.33,2.0,headache,S021
-6.07,1.17,40.913346279550325,-17.142648502045066,46.974522765145714,33.37,2.0,headache,S021
6.92,1.17,40.95797035301612,-17.65804460067509,47.16861088441655,33.37,2.0,headache,S021
13.34,1.17,41.37126882113656,-17.998763819531806,46.788365794249465,33.37,2.0,headache,S021
-9.34,1.16,40.13952108785124,-18.56475105030848,47.61092453758647,33.37,2.0,headache,S021
7.67,1.16,40.76126179517872,-18.29138710544428,47.051154653907446,33.34,2.0,headache,S021
-7.25,1.16,40.33987612657356,-18.043534083217136,47.26913065222043,33.34,2.0,headache,S021
22.8,1.16,39.82318872665239,-18.175725511883392,47.831093643584346,33.34,2.0,headache,S021
-11.93,1.15,38.96597369587002,-18.657432606166665,48.21862358166759,33.34,2.0,headache,S021
13.98,1.15,40.76158724443361,-18.00982409735861,47.538121088570975,33.37,2.0,headache,S021
-3.96,1.15,38.18121315144767,-18.114813395258505,48.997540435346195,33.37,2.0,headache,S021
-26.82,1.14,38.046167260063996,-17.712867350883094,49.467395791860746,33.37,2.0,headache,S021
-11.81,1.14,38.40889126538272,-17.61026930021055,49.430017295444486,33.37,2.0,headache,S021
39.01,1.14,39.449023872328326,-16.92292954291155,48.17400869029766,33.33,2.0,headache,S021
-21.32,1.13,39.83862990704839,-17.616643265913567,49.23915436372589,33.33,2.0,headache,S021
15.06,1.13,39.17416845470572,-17.256872151862943,47.95968137527575,33.33,2.0,headache,S021
15.72,1.13,41.59620759868008,-16.99730495801579,44.76482487212231,33.33,2.0,headache,S021
-22.08,1.12,44.852639883777215,-23.93492161533849,44.92171887502734,33.34,2.0,headache,S021
-28.0,1.12,38.236581986252304,-24.871721545453298,45.47629614385743,33.34,2.0,headache,S021
56.08,1.14,33.153332529019025,-24.303659364979076,49.72295015026123,33.34,2.0,headache,S021
125.0,1.15,36.08791762550455,-25.08471131942004,48.02597367354026,33.34,2.0,headache,S021
219.87,1.15,34.206650932002354,-25.897389211755833,48.827171738694645,33.37,2.0,headache,S021
50.94,1.15,35.83219651552682,-25.601914869728116,47.700172719428686,33.37,2.0,headache,S021
-62.44,1.14,34.00252649808939,-26.987890400479223,48.62994217556938,33.37,2.0,headache,S021
-115.68,1.14,34.313574641069785,-26.894132169938093,48.4916175262463,33.37,2.0,headache,S021
7.69,1.14,34.126000068898975,-26.601669606477728,48.38596880676382,33.31,2.0,headache,S021
-211.18,1.14,35.07609096337561,-26.5078198933057,47.839723756119014,33.31,2.0,headache,S021
108.8,1.13,34.11320676657922,-27.224895019187674,48.200385719280135,33.31,2.0,headache,S021
79.97,1.13,36.0837254162939,-26.46610531070591,47.42682328114612,33.31,2.0,headache,S021
-413.28,1.13,32.65943312359848,-28.092236027046226,48.729268302145314,33.25,2.0,headache,S021
-208.99,1.13,30.577418874279534,-27.60802773845249,50.0802048515867,33.25,2.0,headache,S021
70.61,1.12,32.04290855335187,-27.35601009139553,49.660170143932255,33.25,2.0,headache,S021
-55.15,1.12,31.345726311528235,-27.444520075070884,49.823741039557795,33.25,2.0,headache,S021
-328.38,1.12,31.547078853566404,-27.56572342237962,49.759375351609904,33.23,2.0,headache,S021
-25.42,1.12,31.066730921846414,-27.519712277131575,49.81172795584502,33.23,2.0,headache,S021
103.4,1.12,31.190718600905715,-27.585179622644358,49.98633865369626,33.23,2.0,headache,S021
453.06,1.12,31.16916288849563,-27.60742090021819,49.99116640547117,33.23,2.0,headache,S021
241.34,1.12,31.38116387120356,-27.668998736161697,49.80720873920814,33.18,2.0,headache,S021
-29.11,1.12,31.26380804289168,-27.740545401388303,49.84908116621888,33.18,2.0,headache,S021
13.09,1.11,31.198000390577963,-27.973145551304235,49.90257655547029,33.18,2.0,headache,S021
-22.73,1.12,31.35593879055056,-27.872065183140023,49.76772036041663,33.18,2.0,headache,S021
0.83,1.12,30.826287134938774,-27.90999553089481,49.77433275109097,33.18,2.0,headache,S021
-33.33,1.12,30.448287331408366,-28.137758674925912,49.88788154782552,33.18,2.0,headache,S021
-16.06,1.13,29.65327539196771,-29.077054937669285,49.986938301985006,33.18,2.0,headache,S021
-3.02,1.13,28.269384816319914,-29.440296170771713,50.72781266742785,33.18,2.0,headache,S021
-107.25,1.12,28.956558319731798,-29.064835051406202,50.63042272601027,33.13,2.0,headache,S021
-23.59,1.11,29.43156954907697,-28.444223446280958,50.244940245679956,33.13,2.0,headache,S021
11.74,1.11,30.122001745559608,-27.581864366830175,50.64211556448122,33.13,2.0,headache,S021
56.78,1.12,30.170201448090246,-28.131786372904674,50.13534133755683,33.13,2.0,headache,S021
117.24,1.12,29.741937443827712,-27.908541309278622,50.206340067295514,33.13,2.0,headache,S021
48.12,1.1,29.950186015963588,-28.070390996384745,50.23013716718322,33.13,2.0,headache,S021
12.21,1.1,30.004494951337634,-27.94370222828223,49.96411436913597,33.13,2.0,headache,S021
-27.8,1.1,30.05936887170794,-28.04507490693263,49.99530519215792,33.13,2.0,headache,S021
9.98,1.1,30.259190512242753,-27.966367686672505,50.0814903172965,33.13,2.0,headache,S021
-0.49,1.09,30.274482512174664,-28.01184896389061,50.06975302927736,33.13,2.0,headache,S021
-7.13,1.09,30.218651465570943,-27.84593972094113,49.976969714916024,33.13,2.0,headache,S021
-13.45,1.09,30.19675559252855,-28.053694123650644,50.01105052290064,33.13,2.0,headache,S021
2.6,1.08,30.05806035867872,-27.95796062115214,49.99154298741862,33.13,2.0,headache,S021
-27.19,1.08,30.79817719606579,-28.03658229745627,49.86769511002991,33.13,2.0,headache,S021
25.08,1.08,30.669367203357528,-27.96661154416773,50.024280426008225,33.13,2.0,headache,S021
-19.42,1.06,30.84586253161967,-28.03171574970783,49.97109066013962,33.13,2.0,headache,S021
-20.99,1.06,30.890797754615107,-27.969037294486448,50.04492446924398,33.11,2.0,headache,S021
-7.2,1.05,30.557254676329382,-28.193308114555776,49.87879221476469,33.11,2.0,headache,S021
18.74,1.06,31.57752870351524,-28.078421644207477,49.473986398779495,33.11,2.0,headache,S021
-2.79,1.06,31.323090353106316,-27.993202907105104,49.608186902675875,33.11,2.0,headache,S021
-3.39,1.04,31.062107340478708,-27.999284005486064,49.785336999238545,33.09,2.0,headache,S021
-27.37,1.04,31.264086384564656,-28.00241373173159,49.78113369607124,33.09,2.0,headache,S021
9.07,1.04,30.933447198632404,-27.997591440982237,49.8385434719128,33.09,2.0,headache,S021
42.15,1.04,31.191995103221288,-28.00165231375825,49.848515565252875,33.09,2.0,headache,S021
-18.59,1.03,31.20313047726929,-27.999549443620037,49.74526363427082,33.09,2.0,headache,S021
-3.66,1.03,31.19719714478026,-27.99889596049823,49.69332709741948,33.09,2.0,headache,S021
-24.1,1.03,31.200028553959307,-28.003025194580484,49.63775627231475,33.09,2.0,headache,S021
8.33,1.03,31.150961035634285,-27.994581841876556,49.62231530940457,33.09,2.0,headache,S021
22.04,1.02,31.17187040322127,-28.008523474059196,49.686729029700565,33.11,2.0,headache,S021
-15.73,1.02,31.045439834008004,-27.98712989917704,49.697050254192014,33.11,2.0,headache,S021
21.93,1.02,30.997098260683668,-28.019808345188743,49.703611754716775,33.11,2.0,headache,S021
9.62,1.02,30.98158035710351,-27.965802521718274,49.81185449062281,33.11,2.0,headache,S021
-1.42,1.02,31.39094067264119,-28.10418866263776,49.42135208503295,33.11,2.0,headache,S021
6.72,1.02,30.8744810200922,-28.04317204679739,49.57022924625115,33.11,2.0,headache,S021
-30.22,1.01,30.979992176283737,-28.046426399878786,49.56640134522596,33.11,2.0,headache,S021
-16.7,1.01,31.11577559801986,-28.102293359787936,49.81983847888244,33.11,2.0,headache,S021
-23.43,1.0,31.138115262800948,-27.961740784517552,49.591797859689166,33.07,2.0,headache,S021
29.4,1.01,31.02493163689188,-28.024186564595592,49.74333285248592,33.07,2.0,headache,S021
-7.6,1.01,31.083579705548132,-27.982679744788285,49.450764167684746,33.07,2.0,headache,S021
7.6,1.0,31.22864744024351,-28.012990003772313,49.64449403749508,33.07,2.0,headache,S021
2.91,1.0,31.1768917613287,-27.990130793177322,49.72720441085809,33.07,2.0,headache,S021
-24.42,1.0,31.163153621377102,-28.007424587795285,49.39522184640475,33.07,2.0,headache,S021
21.64,1.0,30.938591912162682,-27.994603166597678,49.90945543247134,33.07,2.0,headache,S021
-15.99,0.99,31.13214588342957,-28.003643443725128,49.60216770950441,33.07,2.0,headache,S021
-1.52,0.99,31.152069658167804,-27.997920911535193,49.74289949513781,33.07,2.0,headache,S021
14.67,1.0,31.300679393655603,-28.000649324196324,49.97603776574778,33.07,2.0,headache,S021
-3.99,0.99,30.949113781421058,-28.000682276997544,49.85507775435394,33.07,2.0,headache,S021
-5.75,0.99,31.225025322651938,-27.998059072651436,49.51543458547518,33.07,2.0,headache,S021
9.87,0.99,30.965866689602795,-28.00314439546651,49.55261687192857,33.07,2.0,headache,S021
-6.8,0.99,31.22808054644469,-27.99569488096756,49.62094585897024,33.07,2.0,headache,S021
-0.46,0.98,31.07320732237479,-28.005431286762676,49.859706075578956,33.07,2.0,headache,S021
1.35,0.98,30.9964957430336,-27.993472870833898,49.810926386869816,33.07,2.0,headache,S021
-9.88,0.98,31.14253352412966,-28.007592364834792,49.22643281734541,33.07,2.0,headache,S021
5.45,0.98,31.709323799188525,-27.991379638842158,49.31779306459542,33.07,2.0,headache,S021
-3.18,0.97,31.22263047078589,-28.00959375123025,49.628389677839294,33.07,2.0,headache,S021
-12.16,0.97,31.437212255996197,-27.989525968769733,49.28063666360054,33.07,2.0,headache,S021
15.78,0.98,30.941218762925782,-28.011174442266213,49.62943031990368,33.07,2.0,headache,S021
4.12,0.97,31.1213815945147,-27.988523594070326,49.297999919498956,33.07,2.0,headache,S021
17.81,0.97,31.011828110743018,-28.010689400642896,49.48144482981818,33.07,2.0,headache,S021
-3.56,0.97,31.22191865190866,-27.99479246765749,49.58058085795005,33.07,2.0,headache,S021
-13.6,0.97,31.386247341334936,-28.13810551385871,49.485872048295136,33.07,2.0,headache,S021
6.44,0.97,31.362854153536475,-28.066426851922134,49.31357795466354,33.07,2.0,headache,S021
-5.01,0.96,30.926365412065515,-28.13763073225038,49.44196012208925,33.07,2.0,headache,S021
-2.55,0.96,31.026079072091214,-28.035384466244157,49.54259986631402,33.07,2.0,headache,S021
0.58,0.96,30.975182692636988,-27.997927624420754,49.68758016296041,33.03,2.0,headache,S021
-18.3,0.95,31.247565956167836,-28.01072787057265,49.08870214439148,33.03,2.0,headache,S021
-1.5,0.96,31.314675686796168,-28.14113917848923,49.29463034906044,33.03,2.0,headache,S021
20.12,0.95,31.359196315731456,-27.950968495423112,49.12835911237749,33.03,2.0,headache,S021
-10.51,0.95,30.903809135295806,-28.042850058595995,49.634898553378896,33.05,2.0,headache,S021
-8.0,0.95,31.479854259696957,-27.957758472446866,49.21490935119423,33.05,2.0,headache,S021
-45.9,0.95,31.165404285567192,-28.043275349164016,49.551486839840344,33.05,2.0,headache,S021
-5.05,0.96,31.472210852660062,-27.954913532017827,49.099736645424365,33.05,2.0,headache,S021
72.37,0.96,31.140815762993004,-28.04739466080178,49.33090611151385,33.03,2.0,headache,S021
3.85,0.96,31.167998273002805,-27.949903744386223,49.379627694118774,33.03,2.0,headache,S021
-0.7,0.95,31.260447522404466,-28.05315739078309,49.11815927187911,33.03,2.0,headache,S021
9.07,0.96,31.835594756306197,-27.943421567894152,49.30972701862741,33.03,2.0,headache,S021
-2.98,0.96,31.32462614028791,-28.06038043648404,49.35468136961117,33.03,2.0,headache,S021
-15.99,0.95,31.88651595055783,-27.935400132483018,49.09592429696187,33.03,2.0,headache,S021
18.82,0.95,31.41741956801499,-28.06928689412471,49.133606008490396,33.03,2.0,headache,S021
-21.14,0.95,31.927134473646806,-27.925494608282982,49.16749397698436,33.03,2.0,headache,S021
14.49,0.95,31.274604943335287,-28.08033357085147,49.11644308515065,33.05,2.0,headache,S021
-3.36,0.98,31.755361217650357,-27.913136067072614,49.204341438997076,33.05,2.0,headache,S021
-6.9,0.98,31.500421059932904,-28.094199562243716,49.19455158945681,33.05,2.0,headache,S021
8.15,0.98,31.637348537570038,-27.897562125967916,49.07349533511888,33.05,2.0,headache,S021
0.13,0.97,30.86132303819979,-28.11161097736899,49.343638178312304,33.03,2.0,headache,S021
-10.04,0.97,32.09253066019488,-27.878549717765196,48.89162997948557,33.03,2.0,headache,S021
22.81,0.97,30.917780642191126,-28.130155658503266,49.31572398343475,33.03,2.0,headache,S021
-20.93,0.97,32.32382234389649,-27.87941498485564,48.83170355102243,33.03,2.0,headache,S021
14.62,0.97,31.36790269941227,-28.32177522954632,49.32041006322989,33.03,2.0,headache,S021
11.69,0.96,32.283708255671044,-27.9184401530815,48.861252499701074,33.03,2.0,headache,S021
-9.66,0.97,30.627665084781395,-28.47645952135423,49.334845363180634,33.03,2.0,headache,S021
-10.87,0.96,32.580683739005565,-27.662262330071343,48.62453902453581,33.03,2.0,headache,S021
21.79,0.96,30.296797917455518,-28.56343423710944,49.58075779204128,33.03,2.0,headache,S021
-27.58,0.95,34.03912671994819,-27.424076854866065,48.67588753378227,33.03,2.0,headache,S021
9.61,0.95,27.824791198607002,-31.17482751638674,53.74336352277644,33.03,2.0,headache,S021
6.81,0.95,24.05631964990302,-22.001892904175435,50.86570108744486,33.03,2.0,headache,S021
-6.78,0.96,27.696845775642167,-21.792986013629108,55.446038293736244,33.0,2.0,headache,S021
6.5,0.96,27.04476545795982,-20.408580883137443,53.634049138838,33.0,2.0,headache,S021
4.52,0.96,29.760340851149348,-20.12479531504411,54.2123077761059,33.0,2.0,headache,S021
-102.68,0.96,40.08413128470953,-19.088090864505762,46.08043644893256,33.0,2.0,headache,S021
36.45,0.96,54.541433667579454,-15.726497664593985,35.06390963881639,33.0,2.0,headache,S021
-27.92,0.96,54.899418946652446,-16.2364363868765,31.336523763307056,33.0,2.0,headache,S021
159.95,0.95,55.83270424108639,-15.654784191222472,31.91627545521718,33.0,2.0,headache,S021
-62.34,0.95,52.75233465675296,-17.213808311992192,34.53482474242839,33.0,2.0,headache,S021
-53.12,0.95,52.52778818720184,-16.959025998851484,35.96660824325304,33.25,2.0,headache,S021
71.05,0.95,50.438178595564274,-17.07032212035786,36.411866693419775,33.25,2.0,headache,S021
148.74,0.96,51.92913995538618,-16.857263466162294,38.27092146135966,33.25,2.0,headache,S021
14.33,0.97,43.20728208951969,-19.23612638626946,44.15922351698711,33.25,2.0,headache,S021
-60.99,0.98,37.92670412735561,-20.01059881165154,47.40632909674464,33.37,2.0,headache,S021
-241.64,0.95,40.96568729376741,-20.65041891333646,46.45979716121939,33.37,2.0,headache,S021
-97.73,0.95,39.817198201018726,-20.685644442299303,46.47006456931608,33.37,2.0,headache,S021
78.2,0.96,42.44754216635821,-21.335630166703368,45.33364133935775,33.37,2.0,headache,S021
108.5,0.97,41.48760868783262,-20.646087241891195,44.74760719641866,33.34,2.0,headache,S021
45.0,0.98,45.029630588837506,-20.789313476125777,43.29953944682458,33.34,2.0,headache,S021
54.44,1.0,41.75398708887379,-20.832759754116395,45.33224025669652,33.34,2.0,headache,S021
4.35,1.02,38.239907761750764,-20.746150836099538,47.36660197990051,33.34,2.0,headache,S021
23.18,1.03,41.607152889518076,-19.089438115783942,46.472818172064414,33.33,2.0,headache,S021
29.69,1.03,41.05743466734584,-19.715952166508256,46.245243756775146,33.33,2.0,headache,S021
-316.06,1.04,41.76295415007993,-19.229907234731773,45.70080595528247,33.33,2.0,headache,S021
-322.67,1.06,43.026631861739666,-19.117841121685693,45.18343166832739,33.33,2.0,headache,S021
199.97,1.1,44.21820330131266,-19.13440643257499,42.60545718260614,33.27,2.0,headache,S021
202.7,1.11,56.09041746414794,-16.014275005278957,28.790261425133906,33.27,2.0,headache,S021
53.23,1.1,59.59221933750153,-16.24806135110441,25.170179737857737,33.27,2.0,headache,S021
-43.63,1.08,57.32645401741794,-15.500350384533707,25.511680971863598,33.27,2.0,headache,S021
-39.54,1.06,59.34645880945092,-14.857004552681609,24.427432571705687,33.23,2.0,headache,S021
-5.24,1.04,58.44407495957195,-15.333411394005926,24.02774663216563,33.23,2.0,headache,S021
114.3,1.02,59.498577311152864,-14.841033409901163,24.00227901643906,33.23,2.0,headache,S021
88.09,1.03,58.39498657074347,-15.602812423864913,24.764000806136618,33.23,2.0,headache,S021
10.69,1.04,58.70740887441536,-15.714321886127955,24.2712931293805,33.23,2.0,headache,S021
16.48,1.04,58.2761469844958,-15.9532051396835,25.30450001357491,33.23,2.0,headache,S021
33.61,1.04,58.61402206679299,-16.070680849656608,24.92805951414591,33.23,2.0,headache,S021
-26.86,1.05,57.82937502922126,-16.191232617404165,25.49208360219465,33.23,2.0,headache,S021
-65.11,1.05,58.39893070346358,-16.283181586113336,25.207495874930707,33.37,2.0,headache,S021
10.84,1.05,57.88795589151629,-16.36733100864312,25.817239292257998,33.37,2.0,headache,S021
-45.17,1.05,57.68378240577216,-16.509754035134012,25.807701769221456,33.37,2.0,headache,S021
-11.43,1.05,57.729711147707505,-16.85594098684527,26.249193774668175,33.37,2.0,headache,S021
0.32,1.04,57.75788110258405,-16.81619840525899,26.0514189751531,33.39,2.0,headache,S021
-5.95,1.05,57.4173078846709,-17.077246213515497,26.476403731286915,33.39,2.0,headache,S021
-12.47,1.05,57.52189802672223,-16.81351956109028,26.416937355183883,33.39,2.0,headache,S021
1.96,1.05,57.31561474915919,-17.045776634537283,26.639351270788563,33.39,2.0,headache,S021
-10.18,1.05,57.50109032542442,-16.94012251482566,26.552469573498396,33.41,2.0,headache,S021
25.1,1.05,57.20847423597168,-17.050562094100705,26.33934341986239,33.41,2.0,headache,S021
-0.78,1.05,57.358232214840044,-17.223713090429527,25.90024729703147,33.41,2.0,headache,S021
-7.92,1.05,57.32526251608999,-17.424541413240437,26.090169307699732,33.41,2.0,headache,S021
9.8,1.04,58.00036093815482,-17.36309998936638,25.362313338916543,33.39,2.0,headache,S021
18.63,1.04,57.308570112481505,-17.487270910249013,25.69412673583444,33.39,2.0,headache,S021
-19.25,1.05,58.31127115966088,-17.687487867243743,25.278101925432278,33.39,2.0,headache,S021
12.07,1.04,57.67967265763864,-18.148468964596468,25.364198579300574,33.39,2.0,headache,S021
2.31,1.04,57.520494944970814,-17.881919058118655,25.26057549089591,33.37,2.0,headache,S021
-1.64,1.04,57.692629411890955,-18.098227185316375,25.26106368001019,33.37,2.0,headache,S021
17.29,1.04,57.72364740109412,-17.935578828505665,25.55101544803881,33.37,2.0,headache,S021
-9.81,1.03,57.82102585081197,-17.763247807556276,25.47267073046138,33.37,2.0,headache,S021
-22.4,1.03,57.60652369713129,-17.111651292267904,25.62775046399732,33.34,2.0,headache,S021
25.85,1.03,57.97634040776263,-17.818293933490413,24.793168403010323,33.34,2.0,headache,S021
10.65,1.03,57.88714021189822,-17.13520675062336,24.964161232148207,33.34,2.0,headache,S021
13.69,1.02,57.89505893511778,-17.387361244173462,25.522016636404704,33.34,2.0,headache,S021
44.4,1.04,57.806812698218614,-18.385858927854116,26.15805360017519,33.31,2.0,headache,S021
-11.2,1.01,57.44671283163735,-17.787742251193137,26.541186637973063,33.31,2.0,headache,S021
-59.67,1.02,55.69723273107172,-18.34646925443877,28.30800124601185,33.31,2.0,headache,S021
32.66,1.02,55.16272064564731,-18.748739022640002,28.649599748139046,33.31,2.0,headache,S021
-58.48,1.03,54.39523651825865,-19.419734193912895,29.134931335838054,33.27,2.0,headache,S021
-48.74,1.02,54.127194127347835,-20.09014838804068,30.32171597468681,33.27,2.0,headache,S021
33.53,1.01,54.476414797553055,-20.04484072042562,29.845058002451637,33.27,2.0,headache,S021
24.87,1.0,54.24633119655877,-19.912670946501677,29.215252878730404,33.27,2.0,headache,S021
129.36,1.01,54.96139815040114,-20.013070739058097,28.89790614284835,33.21,2.0,headache,S021
-81.25,1.02,54.60317815886958,-20.145800872558205,29.06798152061308,33.21,2.0,headache,S021
-60.18,1.02,55.48850242940977,-20.4655539449848,28.509097230061005,33.21,2.0,headache,S021
-87.19,1.02,54.7346524124644,-20.366158200585254,29.342213138062068,33.21,2.0,headache,S021
39.34,1.03,55.514122367202496,-20.420804429498904,27.928886316537927,33.18,2.0,headache,S021
48.68,1.03,55.50216386327673,-20.724927541907178,27.979618440345458,33.18,2.0,headache,S021
54.2,1.02,55.59097757003362,-20.660281075127834,27.205116644806655,33.18,2.0,headache,S021
-59.71,1.03,55.76769024512098,-21.055970852450734,27.609591226093922,33.18,2.0,headache,S021
-5.65,1.03,54.64060476879711,-20.672402716630028,28.33446519308913,33.16,2.0,headache,S021
16.09,1.03,55.95597388974262,-21.356990711952072,28.83018411739938,33.16,2.0,headache,S021
-48.59,1.04,54.796701199446645,-21.698155026008457,30.628171376335633,33.16,2.0,headache,S021
70.36,1.04,51.98834127661222,-19.917830573392877,32.64210690307345,33.16,2.0,headache,S021
-0.92,1.04,52.671739525786194,-19.957220902382037,34.309599226644345,33.18,2.0,headache,S021
-32.81,1.03,52.06762348795429,-18.646655251906875,33.56799011466373,33.18,2.0,headache,S021
42.7,1.03,58.15678679350129,-16.398132400370518,27.31244867625453,33.18,2.0,headache,S021
-160.43,1.03,57.59345849572351,-16.700022263567153,25.578550596114138,33.18,2.0,headache,S021
29.07,1.01,58.22534967155605,-15.532073621589163,25.527014779779087,33.16,2.0,headache,S021
-181.17,0.98,58.28508022075799,-16.521170456500823,25.385194243426184,33.16,2.0,headache,S021
5.68,0.99,58.692568268527936,-16.430707282675826,24.138655478516558,33.16,2.0,headache,S021
293.61,0.98,58.257404670636824,-16.712884764464263,24.647511344438236,33.16,2.0,headache,S021
155.97,0.97,58.26743276229025,-16.60531173953075,24.34126282604499,33.16,2.0,headache,S021
-4.45,1.0,57.583307647698994,-17.610836509364642,25.355850210345682,33.16,2.0,headache,S021
-76.85,1.02,56.90455663962285,-18.21236797601976,26.54695652974972,33.16,2.0,headache,S021
-40.57,1.05,57.34797487542993,-18.156017875135007,25.11522581787288,33.16,2.0,headache,S021
-22.97,1.09,58.1219172845687,-17.492324382298424,24.868018910068574,33.34,2.0,headache,S021
44.55,1.08,58.55074542450818,-18.06228368065223,23.855812778908998,33.34,2.0,headache,S021
-27.93,1.09,58.12266529005155,-18.02881907310779,23.959774248415552,33.34,2.0,headache,S021
-86.43,1.11,57.81166111709134,-18.024612552363955,24.622223331388216,33.34,2.0,headache,S021
-13.56,1.11,58.008343254768626,-18.04986718957694,24.754946365630868,33.41,2.0,headache,S021
28.71,1.1,57.55899735700152,-18.13298723700828,25.11858635088596,33.41,2.0,headache,S021
57.31,1.1,57.67118808254895,-18.048792737893045,25.05108673522536,33.41,2.0,headache,S021
-9.35,1.11,57.84751409846884,-18.38997025564766,25.138260043098715,33.41,2.0,headache,S021
-20.01,1.12,57.730906940222006,-18.56658040162025,24.936855355610998,33.39,2.0,headache,S021
10.9,1.12,58.1011191419669,-18.706770620800615,24.90026700896513,33.39,2.0,headache,S021
-5.14,1.12,57.59344592091287,-18.451199812698007,24.810415853635334,33.39,2.0,headache,S021
33.2,1.13,57.34665926232078,-18.732695415502725,25.101651775036164,33.39,2.0,headache,S021
2.75,1.14,57.9899669012799,-18.02741939566904,24.567331306206075,33.37,2.0,headache,S021
11.86,1.15,57.9137915794978,-18.60034185407391,24.73922572610401,33.37,2.0,headache,S021
-86.26,1.18,58.145419888670155,-18.31116844464797,24.084846939592108,33.37,2.0,headache,S021
-30.18,1.21,58.284120160169294,-18.3968601494049,24.019928070075217,33.37,2.0,headache,S021
-7.92,1.25,57.85869564202236,-18.37070668889155,24.509998155314882,33.31,2.0,headache,S021
-2.43,1.28,58.297597621815,-19.097354526389545,24.443166113780123,33.31,2.0,headache,S021
-66.81,1.31,57.74172872589774,-18.657789435693164,24.610524727976607,33.31,2.0,headache,S021
115.24,1.29,57.54504378033628,-19.038274515849753,24.513891761281098,33.31,2.0,headache,S021
134.91,1.28,57.75121244078727,-18.77804334341229,24.487398913052893,33.25,2.0,headache,S021
-61.24,1.33,57.30775037484432,-18.76298441347187,24.764930974137595,33.25,2.0,headache,S021
-10.72,1.3,57.53052571601442,-18.233982614693684,24.953503844669992,33.25,2.0,headache,S021
-35.23,1.27,57.56703872032741,-18.300904504440915,25.2796137662279,33.25,2.0,headache,S021
-12.02,1.24,56.96405714651413,-18.207579590793827,26.311813790862065,33.21,2.0,headache,S021
27.53,1.23,56.85788493418898,-18.94662940726984,26.57347202177041,33.21,2.0,headache,S021
35.38,1.22,56.22270426095286,-19.385036005168793,26.683469888531313,33.21,2.0,headache,S021
-70.82,1.22,56.386654406706455,-19.77133811122074,27.073873033022043,33.21,2.0,headache,S021
17.9,1.23,56.270302998096284,-19.570139802046967,26.77575729504186,33.18,2.0,headache,S021
77.0,1.25,56.28046474806459,-19.79915489039788,27.004426524762305,33.18,2.0,headache,S021
-196.58,1.25,56.23200361950948,-19.85270054178204,26.7971528315602,33.18,2.0,headache,S021
0.12,1.26,56.37236808607679,-20.04464803320492,27.019813584695918,33.18,2.0,headache,S021
72.2,1.27,56.39243146204845,-19.604186359731447,26.348412560097962,33.16,2.0,headache,S021
75.16,1.28,56.578945410485474,-19.601695584119053,26.151086546164954,33.16,2.0,headache,S021
-44.13,1.29,56.46364108172035,-19.87860368890953,25.852502903374095,33.16,2.0,headache,S021
12.8,1.3,55.83781062286236,-20.724462590019726,27.630838808625057,33.16,2.0,headache,S021
6.96,1.3,53.84941972302378,-20.403097840113052,30.60915520238656,33.16,2.0,headache,S021
83.77,1.31,54.999177721311426,-19.09142358523044,28.53954091665995,33.16,2.0,headache,S021
2.36,1.34,55.75335187155379,-18.852621059089028,28.21947647332063,33.16,2.0,headache,S021
-2.58,1.37,55.755987042671265,-18.689344860390914,28.273854692177366,33.16,2.0,headache,S021
68.9,1.41,54.296197163947234,-18.676226602765237,30.36350879939292,33.16,2.0,headache,S021
-257.65,1.42,55.20265939734522,-18.840371868236133,29.794715472199307,33.16,2.0,headache,S021
-24.18,1.43,55.12263042103841,-18.5330381666073,30.04495250024817,33.16,2.0,headache,S021
96.77,1.5,55.04005540773839,-18.457516677425602,29.913793620206476,33.16,2.0,headache,S021
62.39,1.52,54.848960824651165,-18.23855352142216,30.032655466759127,33.16,2.0,headache,S021
14.71,1.56,55.766231695686294,-18.498071541121544,28.701157473234904,33.16,2.0,headache,S021
13.65,1.6,56.3376178615433,-18.137464801328377,27.825753443382755,33.16,2.0,headache,S021
-6.33,1.6,55.84605162879978,-18.11844098884861,27.46581256832624,33.16,2.0,headache,S021
-30.51,1.6,61.49857176991633,-15.754339822169625,18.799109361035164,33.11,2.0,headache,S021
-50.18,1.62,62.39141288767735,-16.200546595010206,15.631039332750476,33.11,2.0,headache,S021
-50.73,1.69,62.72061383203465,-15.724581235583846,15.779051723543466,33.11,2.0,headache,S021
-86.72,1.7,61.28353420975596,-16.131430098381973,17.02681703925887,33.11,2.0,headache,S021
-208.44,1.65,60.81071565751846,-16.506292106143515,18.98078627821607,33.09,2.0,headache,S021
243.38,1.63,60.29854055959833,-17.100581155897714,19.52354972095489,33.09,2.0,headache,S021
273.75,1.63,60.70548718434014,-16.86962103114556,18.620974869498166,33.09,2.0,headache,S021
-36.24,1.62,60.0691957501451,-17.22252920919393,19.890835673757426,33.09,2.0,headache,S021
-53.2,1.59,59.88815568385293,-16.644191219452193,20.194775519567443,33.29,2.0,headache,S021
-87.55,1.59,59.88648151191764,-17.378867436110166,20.94202613844247,33.29,2.0,headache,S021
-29.53,1.6,60.28293958054219,-16.650998205287365,20.469067354074095,33.29,2.0,headache,S021
55.36,1.63,59.57411871715791,-17.742959888937463,20.541499802154586,33.29,2.0,headache,S021
3.87,1.66,59.25058881725695,-17.633816050146187,21.428667796819347,33.39,2.0,headache,S021
-19.7,1.68,59.29297212115503,-18.133948098419093,21.594531849054334,33.39,2.0,headache,S021
26.43,1.68,59.136080946350816,-16.89454618552861,22.102797847819428,33.39,2.0,headache,S021
29.02,1.65,59.56693805464126,-17.844826761369042,23.07548139256835,33.39,2.0,headache,S021
99.49,1.64,58.05534722384396,-15.84283923737716,24.08392888807655,33.41,2.0,headache,S021
-42.01,1.67,58.77640710283825,-17.867939930063915,25.554764016090004,33.41,2.0,headache,S021
-12.42,1.7,57.68799710695477,-15.26779987406167,23.896598155053727,33.41,2.0,headache,S021
-121.18,1.74,61.45645711551901,-21.646335691235034,31.03847935599602,33.41,2.0,headache,S021
-79.17,1.77,64.19572427266108,-7.190288335452797,28.219397879682823,33.39,2.0,headache,S021
131.49,1.81,52.366744767628354,32.63408876891952,10.613539157792186,33.39,2.0,headache,S021
46.62,1.8,37.49131337744441,40.53956903170116,18.549526085898968,33.39,2.0,headache,S021
-217.79,1.81,30.86790289470122,47.390989635053124,22.417020366105763,33.39,2.0,headache,S021
-36.37,1.85,30.166843085153108,48.38309504905154,25.439700267685527,33.31,2.0,headache,S021
222.69,1.86,32.47807163814202,36.16564849315596,35.166347887095775,33.31,2.0,headache,S021
80.91,1.85,32.927931080084186,14.982962131889966,51.0220364661965,33.31,2.0,headache,S021
93.96,1.89,28.931685760081894,-1.5483685220616252,63.51844721123166,33.31,2.0,headache,S021
-16.93,1.94,26.275268475639585,-11.859143041217838,59.11723802939196,33.34,2.0,headache,S021
-9.64,2.05,29.353414991958875,-9.040576276645396,58.16231181628587,33.34,2.0,headache,S021
-54.25,2.14,27.52520778526913,-9.932971981441655,57.269869833132425,33.34,2.0,headache,S021
-44.8,2.19,27.60413349314165,-10.054745837184674,58.01691978365365,33.34,2.0,headache,S021
-17.07,2.24,27.076309985042663,-11.344650950025581,57.816587657129325,33.37,2.0,headache,S021
-36.32,2.27,27.60630732503184,-10.720330510478526,58.10332633097979,33.37,2.0,headache,S021
-40.12,2.3,27.374710632336555,-10.120922820554574,57.44691974518214,33.37,2.0,headache,S021
-6.7,2.35,29.309743321959797,-10.126593282546606,56.552164122560626,33.37,2.0,headache,S021
-29.96,2.37,31.2432189812147,-13.182466890730867,54.79554870330385,33.43,2.0,headache,S021
3.67,2.39,33.518987557776896,-14.491788769189057,52.50511467505871,33.43,2.0,headache,S021
-13.54,2.44,38.012250045947226,-19.029484057828398,51.37803696039602,33.43,2.0,headache,S021
-15.76,2.51,39.30044682867475,-16.906831883018576,48.51423632065621,33.43,2.0,headache,S021
2.11,2.53,37.28322609809191,-19.058637189032048,48.968558123677475,33.43,2.0,headache,S021
-7.24,2.59,52.04622545990476,-16.212440237099923,36.1468925393965,33.43,2.0,headache,S021
16.87,2.67,60.36569989957808,-13.083293838936749,22.774645724641076,33.43,2.0,headache,S021
-3.37,2.69,59.702333934078084,-13.597603362950853,22.596649103331927,33.43,2.0,headache,S021
-23.78,2.49,55.65308313006177,-16.684878052534437,32.162649902145624,33.45,2.0,headache,S021
-80.58,2.3,49.964034363142694,-16.431404102360904,36.40652799736719,33.45,2.0,headache,S021
38.98,2.41,50.408745394013984,-17.953548230182637,38.3179816633941,33.45,2.0,headache,S021
151.78,2.39,48.263052437756954,-18.10531482885476,39.26798339810082,33.45,2.0,headache,S021
109.97,2.37,49.82992064479662,-17.68489671021842,38.404051277071986,33.43,2.0,headache,S021
-112.63,2.37,49.51266759450084,-17.695403020655984,38.52687367601499,33.43,2.0,headache,S021
-46.8,2.39,49.29708057133851,-18.443362633249393,38.55273314216854,33.43,2.0,headache,S021
-15.44,2.52,49.14081477024281,-18.14662900152232,38.73759441020688,33.43,2.0,headache,S021
-30.25,2.74,49.8498885389955,-18.1102873314359,38.491521642278094,33.43,2.0,headache,S021
3.58,2.9,49.34937673737494,-18.143800277369543,38.10192390061577,33.43,2.0,headache,S021
-27.41,3.03,50.86797159399291,-17.960249219838076,36.459084033152365,33.43,2.0,headache,S021
36.46,3.1,53.385964730770795,-17.149189585729726,34.087030421892834,33.43,2.0,headache,S021
-6.98,3.12,53.028877482592996,-16.884077671271324,34.39204312407605,33.43,2.0,headache,S021
25.3,2.93,52.5482670464022,-16.850220233434875,35.33587279910253,33.43,2.0,headache,S021
16.06,2.86,50.28906493206588,-16.45779758231907,37.41004155139556,33.43,2.0,headache,S021
15.07,2.8,51.4865880692624,-16.26543741374067,37.073948281514696,33.43,2.0,headache,S021
13.56,2.72,51.08340572631407,-16.186093758387706,36.85992587663921,33.41,2.0,headache,S021
3.99,2.69,51.02109008455644,-15.920152183608042,36.958544633430364,33.41,2.0,headache,S021
-25.3,2.68,52.23077569955041,-16.624845723796316,35.706547291363286,33.41,2.0,headache,S021
16.63,2.65,52.496087963675734,-15.842401498043222,35.107449857908314,33.41,2.0,headache,S021
24.32,2.61,52.59444087802366,-16.060934773241964,35.80719055026051,33.43,2.0,headache,S021
-11.81,2.56,52.65237746670843,-17.216729797979415,35.2518769314374,33.43,2.0,headache,S021
-4.57,2.53,52.8039595403664,-17.85320919162225,34.46456404809223,33.43,2.0,headache,S021
27.17,2.49,52.57888925398229,-17.681221423115286,35.02865534781123,33.43,2.0,headache,S021
-25.67,2.49,51.62024418290369,-18.049125542210497,35.82665872604155,33.41,2.0,headache,S021
-8.76,2.51,51.44737250470328,-17.50629225278339,36.06811058108174,33.41,2.0,headache,S021
53.3,2.54,51.150626228461284,-17.818270945165807,36.03648343163091,33.41,2.0,headache,S021
2.7,2.53,52.207176697839074,-16.80124082077483,34.93667624762561,33.41,2.0,headache,S021
-10.8,2.46,52.381521954549946,-17.01141587905858,35.58130073638339,33.43,2.0,headache,S021
15.98,2.43,52.91985891920655,-16.082772254419723,34.6543285649814,33.43,2.0,headache,S021
-67.59,2.39,54.50682282046866,-16.3522585386011,32.728362645412155,33.43,2.0,headache,S021
-5.98,2.35,55.44560403534209,-15.838708716406682,30.39973565610013,33.43,2.0,headache,S021
46.28,2.35,53.45826228243814,-17.05883901574296,32.79871575474445,33.45,2.0,headache,S021
48.56,2.39,54.00049417971211,-16.477034293401395,34.21242651751325,33.45,2.0,headache,S021
19.4,2.44,51.68578390298652,-19.581477749633542,37.93711089537328,33.45,2.0,headache,S021
8.6,2.44,38.51342873410264,-18.190992005084627,45.783627092753875,33.45,2.0,headache,S021
-10.59,2.46,40.85869674402796,-16.59660876020386,48.57210308061399,33.45,2.0,headache,S021
-27.09,2.62,37.919935837105655,-16.943004491175586,48.65782694287274,33.45,2.0,headache,S021
-22.62,2.77,40.17492453835819,-16.184220867129337,48.70856636458932,33.45,2.0,headache,S021
-6.23,2.85,41.54085287283161,-17.267355383676325,47.011586890443425,33.45,2.0,headache,S021
91.96,2.9,41.39501785288988,-16.674101997400577,46.897589340683105,33.47,2.0,headache,S021
7.62,2.94,42.539812195978435,-17.47740684848656,45.71005392963053,33.47,2.0,headache,S021
-34.05,2.95,42.2594949012345,-17.841987659768844,46.66440724585576,33.47,2.0,headache,S021
-35.23,2.94,44.70405895426079,-17.326431124553732,43.892019485775194,33.47,2.0,headache,S021
-66.78,2.92,46.134078643671245,-17.413757245401577,42.77502955902835,33.43,2.0,headache,S021
7.18,2.92,43.534524791360035,-17.024160411208133,44.85067802992883,33.43,2.0,headache,S021
-13.62,2.93,44.7818933449925,-16.49238180882588,44.1889696600254,33.43,2.0,headache,S021
-54.47,2.9,46.06447650523869,-16.776457276124667,43.03019293458456,33.43,2.0,headache,S021
57.04,2.87,46.60888021889618,-16.486083060099222,42.30755140618469,33.43,2.0,headache,S021
-28.38,2.86,47.61691488632497,-16.970640214827146,41.2326925972405,33.43,2.0,headache,S021
-40.38,2.84,48.062496808278866,-17.177786505133252,40.81751793018132,33.43,2.0,headache,S021
-7.23,2.73,46.98113052006697,-17.46506714137968,41.427508191961174,33.43,2.0,headache,S021
-26.41,2.67,46.43629230881217,-17.300407084351793,42.09643798821359,33.45,2.0,headache,S021
-1.52,2.58,46.919751229265195,-17.75618536316237,41.2515704369708,33.45,2.0,headache,S021
27.51,2.71,46.610044591294766,-18.587844237355725,40.82811445469979,33.45,2.0,headache,S021
-22.6,2.82,46.82579126441819,-18.70547050341432,40.240617257791754,33.45,2.0,headache,S021
5.52,2.82,46.79082130979289,-18.122363837742476,41.11124246206863,33.45,2.0,headache,S021
61.26,2.8,46.736912523147794,-18.282221156456504,41.79686963555669,33.45,2.0,headache,S021
-10.11,2.8,47.29308290279947,-17.542828442146444,41.20438011158213,33.45,2.0,headache,S021
6.17,2.8,46.77148115167904,-17.73834310750926,41.63121043359888,33.45,2.0,headache,S021
23.81,2.8,47.20517253320551,-17.482392240093,40.867397678048754,33.45,2.0,headache,S021
-18.0,2.8,47.89443671671214,-18.05871458405489,40.356455738886346,33.45,2.0,headache,S021
18.09,2.79,48.23090641865932,-18.273661890559186,40.4420706525002,33.45,2.0,headache,S021
6.53,2.82,46.86341884184163,-18.139593663083915,41.42098300702916,33.45,2.0,headache,S021
-3.37,2.77,47.03075898476919,-18.18811415643969,40.5066665972596,33.43,2.0,headache,S021
33.69,2.75,47.93033734245627,-17.644836064810065,40.69073685044053,33.43,2.0,headache,S021
18.81,2.74,46.59835940361678,-18.004797678025515,41.45737932905742,33.43,2.0,headache,S021
-4.88,2.73,47.4009146817,-17.978096217745808,41.651111529363625,33.43,2.0,headache,S021
35.09,2.73,46.885193141674954,-17.79795945835219,41.09220739384605,33.41,2.0,headache,S021
-10.5,2.75,46.727236493691976,-18.092398806007708,41.96927708932573,33.41,2.0,headache,S021
-7.7,2.74,46.80117084569685,-17.905096680797193,41.628141010282455,33.41,2.0,headache,S021
11.34,2.73,46.83765981966308,-18.106059561625457,42.112061926934246,33.41,2.0,headache,S021
-34.7,2.73,46.72716921987584,-17.904969205693696,41.75474098043469,33.45,2.0,headache,S021
-35.52,2.72,45.76820240302703,-18.381832911108678,42.34614055854799,33.45,2.0,headache,S021
-1.56,2.71,49.28162151624999,-18.376055560357607,39.82607263465506,33.45,2.0,headache,S021
-8.98,2.7,47.10506626555583,-17.819826320273766,40.43299921769468,33.45,2.0,headache,S021
14.07,2.67,46.40538670090613,-17.935828730632434,41.83468196950764,33.39,2.0,headache,S021
13.81,2.64,47.03081214634846,-18.024791593880636,41.544469959256915,33.39,2.0,headache,S021
-25.76,2.64,46.45470637508496,-17.648293299117785,42.22820587688136,33.39,2.0,headache,S021
-3.72,2.64,45.81028246801188,-17.67276496583458,42.15462981233154,33.39,2.0,headache,S021
5.76,2.68,47.330093363282025,-17.96379000831414,41.19311339088605,33.43,2.0,headache,S021
-21.6,2.79,47.869690836182315,-18.08879768224448,40.89414673346457,33.43,2.0,headache,S021
6.68,3.02,46.992394312098206,-17.977523224112513,40.99484147004763,33.43,2.0,headache,S021
5.74,3.36,46.393106352685244,-18.525952785328723,41.60126906451068,33.43,2.0,headache,S021
-20.87,3.59,46.58592195274633,-18.82781324086606,41.778854642259056,33.43,2.0,headache,S021
23.47,3.74,47.08840167383193,-17.805580806347933,40.78287163835094,33.43,2.0,headache,S021
47.28,3.74,47.72444118500337,-17.47586653608286,40.87261110262289,33.43,2.0,headache,S021
4.91,3.72,47.75569663848911,-17.678109424848408,41.28865835994408,33.43,2.0,headache,S021
19.72,3.69,46.534740155855914,-17.71815022440373,41.08803807311677,33.41,2.0,headache,S021
14.63,3.6,47.74879982029098,-18.296881987992265,40.96441206811893,33.41,2.0,headache,S021
-34.6,3.52,46.92618848586136,-17.448603422416713,41.5965139252409,33.41,2.0,headache,S021
32.65,3.48,46.98136790952915,-18.197615357927877,41.58522761727104,33.41,2.0,headache,S021
-2.25,3.64,45.505724040019984,-19.261093526254335,41.68072528078089,33.41,2.0,headache,S021
-20.37,3.98,46.02045777424094,-19.11549576363846,43.001893213141166,33.41,2.0,headache,S021
-31.08,4.26,44.5709789486608,-18.780762465030456,43.167567216792435,33.41,2.0,headache,S021
-46.51,4.33,45.97282137291528,-18.43732900783587,42.272486537360685,33.41,2.0,headache,S021
-28.49,4.34,48.84548082422935,-18.378950620626462,39.81134750462425,33.41,2.0,headache,S021
3.45,4.22,47.875194176039656,-18.845408276670693,39.79675058834877,33.41,2.0,headache,S021
1.31,4.11,47.98721719756995,-18.301927255415965,40.04964151161003,33.41,2.0,headache,S021
54.04,4.02,48.724300436079744,-19.232061969747313,39.97097462435092,33.41,2.0,headache,S021
-19.82,3.86,46.01263647536385,-17.68568206186597,42.318302402117205,33.45,2.0,headache,S021
0.34,3.77,43.08906724431902,-16.65465892894384,45.15161382348215,33.45,2.0,headache,S021
10.98,3.65,41.64769942096202,-16.853491399024144,46.51533931562461,33.45,2.0,headache,S021
-28.26,3.31,42.4872856165556,-17.14852879214034,45.87092970753291,33.45,2.0,headache,S021
-24.58,3.28,42.55632663869989,-17.229688917730964,46.002817251070724,33.41,2.0,headache,S021
-30.19,3.19,43.49482343664823,-17.05366501283351,44.919197142812756,33.41,2.0,headache,S021
-19.82,3.04,44.087558914407836,-17.783876174040664,44.33974907296023,33.41,2.0,headache,S021
69.46,2.84,46.38945964768362,-18.166857713923275,42.13448649310074,33.41,2.0,headache,S021
87.34,2.76,42.95662154881588,-19.298524057477113,45.24350515699913,33.45,2.0,headache,S021
-3.46,2.74,40.63439158096509,-18.878372208371562,46.732217671390835,33.45,2.0,headache,S021
-19.1,2.92,42.525659816433,-18.968699122604303,45.81540996110439,33.45,2.0,headache,S021
-19.48,3.0,40.93393782858617,-19.731179460938396,45.98914093120005,33.45,2.0,headache,S021
-22.42,2.97,42.929569298137096,-18.923682086833384,45.27095602967135,33.47,2.0,headache,S021
4.31,2.95,44.94997135267415,-17.194467703946334,44.65980460149069,33.47,2.0,headache,S021
-12.76,2.93,42.23408004036947,-18.40726692560893,45.697745626438255,33.47,2.0,headache,S021
45.36,2.95,51.067548548021854,-14.582420312892637,37.2034418116821,33.47,2.0,headache,S021
9.76,2.83,52.7304576313822,-14.757802698385104,36.29061965786381,33.49,2.0,headache,S021
-43.1,2.71,49.70908298597345,-15.744909291524515,39.19082126382061,33.49,2.0,headache,S021
28.82,2.71,49.8867360942264,-15.399562105370904,38.99294225602001,33.49,2.0,headache,S021
-5.89,2.71,49.59790273867105,-15.983774122427798,39.22319185802992,33.49,2.0,headache,S021
9.82,2.68,50.213108317128444,-15.316635779622786,39.08954711403136,33.47,2.0,headache,S021
14.23,2.64,50.108311036844064,-14.453821723186921,39.00002403098132,33.47,2.0,headache,S021
-10.4,2.51,50.085920410872525,-14.640046618459808,38.89638944599657,33.47,2.0,headache,S021
49.17,2.45,50.25276076583832,-14.287644250819632,39.00850244836981,33.47,2.0,headache,S021
26.11,2.46,49.85560088444264,-14.443647369909888,39.31629650504065,33.49,2.0,headache,S021
0.05,2.45,49.08588147772764,-14.923468074092309,40.063000589784906,33.49,2.0,headache,S021
-35.99,2.38,48.72928717906891,-14.775139438061137,40.773532749430316,33.49,2.0,headache,S021
-42.49,2.34,48.720649996261436,-14.777861345818936,40.69556598488146,33.49,2.0,headache,S021
17.81,2.33,48.34605539124868,-14.425684083046042,40.331117803617616,33.53,2.0,headache,S021
-10.34,2.36,48.66033179313155,-15.177483431723958,41.51165592715404,33.53,2.0,headache,S021
-4.54,2.36,48.23449097794754,-15.599721518674526,40.90762150869676,33.53,2.0,headache,S021
4.88,2.5,48.14620433618753,-15.55570099853739,40.94094999336264,33.53,2.0,headache,S021
-15.56,2.48,47.51223522394997,-15.975577462721628,41.27915744015057,33.5,2.0,headache,S021
10.4,2.39,47.586240015721515,-16.071223110498106,41.89003541987651,33.5,2.0,headache,S021
-16.09,2.41,48.013636014719275,-16.10393481514175,41.072613016597046,33.5,2.0,headache,S021
-3.71,2.39,47.42198227806778,-16.507863556146262,41.240436046414025,33.5,2.0,headache,S021
19.04,2.36,47.423700953334986,-15.882611251604136,41.330497912405555,33.49,2.0,headache,S021
-13.17,2.36,47.33624313679638,-16.58295760532092,41.570915691093184,33.49,2.0,headache,S021
7.63,2.33,47.18650353187899,-16.176056545428352,41.60416638382303,33.49,2.0,headache,S021
-2.43,2.31,46.493598464132084,-16.54322817904037,42.463913543292335,33.49,2.0,headache,S021
-17.23,2.39,47.823583532133895,-16.579288242272366,41.210680191231724,33.53,2.0,headache,S021
13.37,2.42,46.95142323529159,-16.624716725087595,41.92289760495231,33.53,2.0,headache,S021
20.1,2.38,47.13495570201472,-16.15761431249508,41.767763809494625,33.53,2.0,headache,S021
-26.58,2.39,47.725067295763424,-16.17659535979761,41.2530422248533,33.53,2.0,headache,S021
21.58,2.38,48.25260854894609,-16.211333715578398,40.31085605849718,33.53,2.0,headache,S021
46.09,2.37,48.56994866677449,-16.216705873896874,40.53065386937512,33.53,2.0,headache,S021
-32.3,2.36,48.44907057543467,-16.384531915449227,40.34444873968359,33.53,2.0,headache,S021
-15.76,2.35,47.828392801441275,-16.381060054400496,40.80407433046701,33.53,2.0,headache,S021
-18.02,2.33,47.33653620734228,-16.799449397643965,41.23665864447808,33.53,2.0,headache,S021
-27.29,2.33,47.509206328828924,-16.709304358916135,40.978732583623575,33.53,2.0,headache,S021
5.32,2.36,47.39540401466063,-16.595081933885435,41.52226289060158,33.53,2.0,headache,S021
28.76,2.38,47.86153198524885,-16.932865658144326,40.68042645797884,33.53,2.0,headache,S021
-9.96,2.38,46.37071100156527,-17.09974957825733,41.26222223538861,33.53,2.0,headache,S021
7.16,2.37,47.031866142237355,-18.11294541511426,41.44433913854587,33.53,2.0,headache,S021
12.97,2.43,49.981275569031745,-17.058280765809908,38.8565110594247,33.53,2.0,headache,S021
-24.32,2.45,48.890149827560606,-16.674799858376108,39.03996955301728,33.53,2.0,headache,S021
33.4,2.44,52.2624228713186,-15.438724515062518,36.796582601855754,33.5,2.0,headache,S021
77.97,2.44,49.34908662836611,-16.327140147089217,38.60756946567012,33.5,2.0,headache,S021
-48.4,2.44,49.43275673991065,-15.744572939503492,38.88914909597898,33.5,2.0,headache,S021
-101.63,2.43,49.158512399630034,-16.37355196179986,39.73998203051824,33.5,2.0,headache,S021
-16.06,2.35,49.45933361061631,-16.794308938787015,39.12353809489238,33.49,2.0,headache,S021
12.47,2.31,49.79205627837051,-16.820840451862228,39.03214655584506,33.49,2.0,headache,S021
27.32,2.29,49.43270533788244,-16.93001991779143,38.5605970688895,33.49,2.0,headache,S021
53.78,2.27,49.76481049628187,-16.53861867545574,38.6015332422768,33.49,2.0,headache,S021
-37.0,2.27,50.4584981753542,-16.605248861442696,37.67342661176775,33.47,2.0,headache,S021
-6.03,2.26,50.26291196710898,-16.791949206120186,38.03890328878102,33.47,2.0,headache,S021
15.03,2.26,50.256391216816475,-16.835037066925434,38.338948419128805,33.47,2.0,headache,S021
-13.81,2.27,50.25250166266994,-16.474415682062062,38.16188713328022,33.47,2.0,headache,S021
14.16,2.25,50.77973680080371,-16.261677795193172,37.49736144799434,33.49,2.0,headache,S021
28.52,2.14,50.916734838239755,-16.046662458036437,37.893774206375866,33.49,2.0,headache,S021
-53.2,2.18,49.112408028558555,-15.471030617685413,38.866742141932875,33.49,2.0,headache,S021
2.13,2.18,48.18825089399446,-15.948147523721056,40.93898737084577,33.49,2.0,headache,S021
31.5,2.18,48.72336624043725,-15.498437842407826,40.70579439662288,33.49,2.0,headache,S021
-63.22,2.19,47.0873097236856,-15.078429021622638,42.420765699198974,33.49,2.0,headache,S021
13.98,2.21,47.007725332963304,-15.268929413394499,42.5726596100877,33.49,2.0,headache,S021
38.86,2.19,45.8047480789089,-15.602281260067816,43.29836050493743,33.49,2.0,headache,S021
-24.46,2.19,43.05565711337439,-15.758738226445855,45.14084809699026,33.5,2.0,headache,S021
9.52,2.18,43.79713063206574,-15.800976332647227,45.55470252312898,33.5,2.0,headache,S021
-8.13,2.18,44.019556662053645,-15.794575440189025,45.589993402356285,33.5,2.0,headache,S021
6.6,2.21,43.27514754408387,-15.905138362072577,45.909730297407854,33.5,2.0,headache,S021
19.62,2.24,42.81039919017461,-16.078107374174433,46.034091192451996,33.53,2.0,headache,S021
19.41,2.27,44.18566976151698,-15.579496837724056,44.868398732333105,33.53,2.0,headache,S021
-30.1,2.31,43.50050806975724,-15.614967495874678,45.31446877252659,33.53,2.0,headache,S021
4.21,2.34,42.71211945008043,-15.674687478370402,46.18703706929462,33.53,2.0,headache,S021
-30.76,2.38,43.2030418927695,-15.685265584909082,45.37481536049539,33.49,2.0,headache,S021
12.45,2.38,43.82828910059112,-15.711811822387647,45.63439015301199,33.49,2.0,headache,S021
34.19,2.38,42.62105890307637,-15.764476464514091,45.60628918565186,33.49,2.0,headache,S021
-44.44,2.35,43.75634463573693,-16.018658607918358,45.46435197016375,33.49,2.0,headache,S021
42.74,2.28,43.82495569613669,-16.016804835313714,45.258444824836964,33.53,2.0,headache,S021
32.61,2.34,43.37470684863507,-15.744572739414275,45.83598923625966,33.53,2.0,headache,S021
-35.57,2.34,43.73537677427088,-15.73400651193461,45.54712573298213,33.53,2.0,headache,S021
1.79,2.32,42.95857927988248,-15.739267783796587,46.13473391254773,33.53,2.0,headache,S021
-9.92,2.3,44.13625255649353,-15.381273396117164,45.206290092896765,33.53,2.0,headache,S021
-40.26,2.28,42.839660597603164,-15.588403958955704,46.440972425060465,33.53,2.0,headache,S021
27.22,2.14,42.27614751103677,-15.999965117911875,46.46465742806078,33.53,2.0,headache,S021
12.49,2.12,42.48785208058133,-15.583485766981722,46.55896108841116,33.53,2.0,headache,S021
-34.81,2.16,42.88707588010492,-15.864279018581268,46.40849693418625,33.53,2.0,headache,S021
37.67,2.19,41.96202607644145,-15.846098500553365,47.108482521249385,33.53,2.0,headache,S021
20.39,2.25,41.97596001942762,-15.81792589375258,46.71839651954099,33.53,2.0,headache,S021
-11.83,2.21,41.522352068356824,-16.22071556686134,47.33958746544308,33.53,2.0,headache,S021
12.51,2.16,41.95945215322776,-16.065656496164426,46.94362488284228,33.53,2.0,headache,S021
-7.82,2.17,41.97881599042182,-16.11724985465026,47.023920753076766,33.53,2.0,headache,S021
14.09,2.18,42.38894192854844,-15.887452494399403,46.615555774762676,33.53,2.0,headache,S021
14.25,2.17,40.77351973325362,-15.64676139079031,46.91511111395058,33.53,2.0,headache,S021
-41.08,2.2,43.143648144336794,-16.65258350145916,45.49124512141477,33.5,2.0,headache,S021
-17.32,2.24,44.47586667140731,-16.883605452109716,43.935118047554724,33.5,2.0,headache,S021
17.56,2.37,48.85990581540301,-16.97375486499507,40.2802022562174,33.5,2.0,headache,S021
-16.7,2.38,49.16834508264717,-17.097760483243924,39.1356974318995,33.5,2.0,headache,S021
-0.22,2.37,49.18981041132294,-16.869012770070224,39.18318174738893,33.53,2.0,headache,S021
10.09,2.36,49.29388092221116,-17.042846933742037,39.04698541120349,33.53,2.0,headache,S021
11.11,2.37,49.83611552649774,-16.98551030195731,38.811135199289026,33.53,2.0,headache,S021
-0.32,2.37,48.928823289119244,-16.987646449767574,39.09120496915709,33.53,2.0,headache,S021
8.66,2.36,49.801742818311176,-17.068940980289252,38.6895359174734,33.5,2.0,headache,S021
-33.72,2.35,48.48116671331914,-16.938989596447836,39.97708536321577,33.5,2.0,headache,S021
7.78,2.36,48.83457728569345,-16.450382937634224,40.24310537337186,33.5,2.0,headache,S021
-6.77,2.37,48.59466457107492,-17.192967180906145,39.69188598401065,33.5,2.0,headache,S021
-6.22,2.36,49.1205185159372,-16.944416643850094,39.90499042658782,33.47,2.0,headache,S021
1.1,2.35,48.60209383891491,-17.26094936721388,40.25939088323552,33.47,2.0,headache,S021
11.97,2.35,48.217255857033805,-17.415102270898107,40.44661366257247,33.47,2.0,headache,S021
-9.5,2.34,47.85154755876329,-17.641809588939918,40.22830397804319,33.47,2.0,headache,S021
1.97,2.34,49.24375815249534,-17.805487469586755,39.367733368119964,33.47,2.0,headache,S021
3.23,2.33,43.25938495482541,-17.796019943007195,44.24983975357375,33.47,2.0,headache,S021
-22.4,2.32,35.0815112945424,-17.936402087422735,51.10512922877857,33.47,2.0,headache,S021
-12.56,2.32,33.36734972620678,-19.470652663910858,52.33838730805471,33.47,2.0,headache,S021
108.62,2.26,35.964152649535166,-16.761224007126604,51.78698370085394,33.43,2.0,headache,S021
21.88,2.32,34.726417346977215,-18.669439884838066,51.43377161412891,33.43,2.0,headache,S021
-38.38,2.28,38.33342863758769,-19.200415534040495,48.41354304359328,33.43,2.0,headache,S021
18.73,2.27,39.68682243232069,-19.19760239200198,48.22021215233694,33.43,2.0,headache,S021
-137.83,2.21,39.101181742064966,-18.680804850232757,47.6443114221729,33.41,2.0,headache,S021
-37.66,2.17,39.07530425784784,-19.540273160434435,48.253638491469516,33.41,2.0,headache,S021
72.21,2.16,40.73652256503609,-19.304315912848843,46.876043037266136,33.41,2.0,headache,S021
98.97,2.21,41.4438551201612,-18.773461189051545,46.31542561868577,33.41,2.0,headache,S021
-8.57,2.23,41.50861732447333,-19.027276068451947,46.31678423054975,33.47,2.0,headache,S021
67.77,2.25,39.98306216839388,-19.28011327962322,47.293225319129064,33.47,2.0,headache,S021
-45.54,2.26,41.67277320762533,-20.092964793567813,45.7890227335876,33.47,2.0,headache,S021
-57.14,2.26,40.35018090067705,-20.32910229323098,46.43611269033193,33.47,2.0,headache,S021
-55.99,2.25,42.36591466957327,-19.802943268465107,44.89683249047169,33.49,2.0,headache,S021
43.57,2.25,43.66822278746194,-18.63353044308977,43.895642457250496,33.49,2.0,headache,S021
33.66,2.25,44.55410454673142,-18.41859540641916,43.05322978504909,33.49,2.0,headache,S021
-35.1,2.26,43.79782327426592,-18.228174662859214,44.50163238007484,33.49,2.0,headache,S021
-49.52,2.27,49.189573754310466,-16.539739752054217,38.70890010397223,33.45,2.0,headache,S021
-69.81,2.27,57.6588379474623,-13.655241042126258,30.75379089533557,33.45,2.0,headache,S021
-36.58,2.26,57.66146811068788,-11.339665695289158,26.101131268463753,33.45,2.0,headache,S021
-8.2,2.25,63.7655052002099,-9.80980744984795,17.815293447524972,33.45,2.0,headache,S021
-5.42,2.32,63.20108046745728,-10.006535925006025,17.866502287881815,33.41,2.0,headache,S021
49.09,2.28,61.38285566388326,-10.562519865059597,19.421092661684913,33.41,2.0,headache,S021
98.2,2.29,61.27905656255783,-11.714101623693573,22.365666711185725,33.41,2.0,headache,S021
137.05,2.31,59.34876508359858,-12.229080053712078,24.659139483540127,33.41,2.0,headache,S021
45.33,2.31,58.99711593052143,-12.346654072030027,26.108833025782964,33.47,2.0,headache,S021
-73.67,2.31,58.995429930614314,-12.282979386945025,25.756355367882634,33.47,2.0,headache,S021
-74.24,2.27,58.161491102728206,-12.115374986270798,26.499185974829345,33.47,2.0,headache,S021
-10.47,2.17,58.765287365971986,-11.966639877167037,26.70455042507124,33.47,2.0,headache,S021
-24.03,2.14,58.05797324644266,-12.46088095462165,27.455547705715862,33.5,2.0,headache,S021
1.37,2.11,58.48538881226163,-12.056398472503522,27.67654292034406,33.5,2.0,headache,S021
-24.08,2.12,56.008415856099866,-13.989494602043242,29.682237128981534,33.5,2.0,headache,S021
5.23,2.16,54.339701499454385,-15.665888643180093,31.54017710719594,33.5,2.0,headache,S021
34.86,2.14,54.87324392337438,-16.161504369170267,31.69893915927296,33.55,2.0,headache,S021
24.87,2.13,54.81089593907044,-16.63448588539306,31.64725118015463,33.55,2.0,headache,S021
12.94,2.13,54.55794661928835,-16.993130037743565,31.88855632238354,33.55,2.0,headache,S021
6.2,2.13,54.84650497749535,-16.99863810560392,31.861090547880433,33.55,2.0,headache,S021
-36.94,2.13,54.22905110784756,-17.098170683949654,32.52726208108468,33.55,2.0,headache,S021
-13.54,2.14,53.74327593912174,-17.04726838125458,32.56946167499197,33.55,2.0,headache,S021
5.06,2.16,54.38680045846452,-17.213540492501355,32.28803772521011,33.55,2.0,headache,S021
-13.56,2.19,53.83799338107629,-17.04182204063009,32.30582796413773,33.55,2.0,headache,S021
-8.91,2.21,54.208357760491104,-17.133874991773325,32.077816293206595,33.53,2.0,headache,S021
24.48,2.21,54.24612139091961,-17.1166586504344,31.96932162129229,33.53,2.0,headache,S021
-0.64,2.22,55.06308947035209,-16.969148199628158,31.176050923377943,33.53,2.0,headache,S021
-9.15,2.22,54.61342730360949,-16.90265695835029,30.751549884582737,33.53,2.0,headache,S021
13.26,2.22,55.12837054676362,-16.655208401634262,31.17958327557893,33.5,2.0,headache,S021
-2.4,2.22,54.235867988963975,-17.407151114872235,31.925964938625235,33.5,2.0,headache,S021
52.71,2.23,54.61616360187437,-17.22643685723084,31.707942953361353,33.5,2.0,headache,S021
23.6,2.22,54.4547288528242,-17.440122622629488,31.27296693642543,33.5,2.0,headache,S021
-25.5,2.23,55.38483367590668,-17.438340764444657,30.230172565195094,33.49,2.0,headache,S021
-12.96,2.23,54.3929338742337,-16.927141228237957,32.233114465522256,33.49,2.0,headache,S021
7.73,2.22,51.40294282973971,-16.96256326064626,35.000009099577944,33.49,2.0,headache,S021
-14.22,2.23,52.35402441660493,-17.336948251205104,34.76300475971539,33.49,2.0,headache,S021
6.71,2.28,52.52701634083466,-17.204646682477577,34.9557312269176,33.49,2.0,headache,S021
13.71,2.29,52.42877319756731,-16.881830523365828,34.820791410056486,33.49,2.0,headache,S021
64.58,2.28,52.74764768245806,-16.700788289115653,34.23816095703294,33.49,2.0,headache,S021
2.94,2.27,52.419772583735075,-17.047952812305322,34.69828590385424,33.49,2.0,headache,S021
-95.88,2.27,52.05436684642494,-16.714040877918972,35.32436476436419,33.53,2.0,headache,S021
-29.87,2.25,51.69787497522023,-16.94662897616631,35.60136325715848,33.53,2.0,headache,S021
-46.8,2.24,52.40333072340993,-16.46867803723513,35.65355790151061,33.53,2.0,headache,S021
-13.83,2.23,52.09106033988547,-16.46332869903892,35.822173901521246,33.53,2.0,headache,S021
4.96,2.23,51.78684624242858,-16.640317335075093,35.50752455622754,33.5,2.0,headache,S021
18.21,2.22,52.272811211158775,-16.522128245175534,35.62795923209429,33.5,2.0,headache,S021
-7.38,2.22,51.80286227484053,-16.64023521028803,35.70905201924885,33.5,2.0,headache,S021
17.51,2.22,52.040255970333405,-16.378950602248494,35.78614535244156,33.5,2.0,headache,S021
-13.24,2.23,51.57674070356363,-16.50102658225363,36.10801405320154,33.5,2.0,headache,S021
14.34,2.22,52.9484245916288,-16.781209990036555,34.439590827701146,33.5,2.0,headache,S021
5.4,2.24,53.06976487938932,-18.004909899759493,34.24533711054256,33.5,2.0,headache,S021
-8.33,2.25,51.616351713998576,-18.475455652019406,35.574217358575964,33.5,2.0,headache,S021
5.91,2.24,50.2545355852089,-18.177877870455408,37.523370913275926,33.49,2.0,headache,S021
12.15,2.19,48.60623911789052,-18.287791783504122,39.92214289499826,33.49,2.0,headache,S021
-24.64,2.18,48.36153935971173,-18.105928128115906,39.610260789881956,33.49,2.0,headache,S021
13.09,2.17,48.844081805164556,-17.933505443097374,39.334434381787545,33.49,2.0,headache,S021
14.08,2.17,50.25414050701607,-17.458008213454598,38.701574575801736,33.49,2.0,headache,S021
30.32,2.17,49.49785308283142,-17.023741258231794,38.499058723783975,33.49,2.0,headache,S021
27.83,2.22,50.55817325261405,-17.434238321436073,37.34539524214997,33.49,2.0,headache,S021
-7.6,2.19,50.37692424535945,-17.620134638831214,37.529242705925085,33.49,2.0,headache,S021
-51.41,2.15,49.8728501963212,-17.870371916630326,37.95379120056151,33.49,2.0,headache,S021
0.55,2.11,49.16776293342595,-18.219013253417415,38.29436450439459,33.49,2.0,headache,S021
21.08,2.09,49.792021674526026,-17.924099359985416,37.56635496531487,33.49,2.0,headache,S021
23.22,2.06,49.92040229795583,-18.219325470902945,38.150666698899954,33.49,2.0,headache,S021
10.81,2.05,50.809761843838395,-17.891990981694345,36.63070459368134,33.47,2.0,headache,S021
-13.55,2.05,50.147960338871975,-18.087437876393356,37.4642442606677,33.47,2.0,headache,S021
22.17,2.04,50.75464981410908,-17.532775144103834,37.74196442066243,33.47,2.0,headache,S021
39.71,2.07,49.27186853979826,-18.63700803367882,38.241130554504466,33.47,2.0,headache,S021
-19.27,2.08,51.63824719618448,-17.635735171220343,36.877165395106765,33.49,2.0,headache,S021
-6.02,2.06,49.36717062064926,-16.66611368142911,37.05375482900039,33.49,2.0,headache,S021
-55.86,2.06,50.98614467871473,-15.361792850674016,34.66072045574081,33.49,2.0,headache,S021
-20.07,2.06,63.62823974486169,-9.391283062991779,16.425046024601148,33.49,2.0,headache,S021
30.81,2.09,62.071376862346085,-11.671449305465083,19.300005684385262,33.55,2.0,headache,S021
-46.38,2.17,60.23872141255854,-12.216828153953585,22.323969014744232,33.55,2.0,headache,S021
-53.47,2.22,59.34291797534399,-13.523764495427255,25.01109556263312,33.55,2.0,headache,S021
1.85,2.23,57.65276673424068,-14.339451124673943,28.144021485700797,33.55,2.0,headache,S021
37.39,2.26,57.66402201056451,-13.691789271544748,28.577768985007893,33.53,2.0,headache,S021
8.31,2.3,55.62734285718087,-13.369508632731202,31.14170577174905,33.53,2.0,headache,S021
5.72,2.4,52.53818629427751,-12.61619001435873,34.63167651532836,33.53,2.0,headache,S021
-13.28,2.52,54.20383187822748,-13.178666915370568,35.42689754190584,33.53,2.0,headache,S021
14.94,2.67,53.43636215091324,-11.548707012246364,34.185524128632295,33.55,2.0,headache,S021
10.18,2.76,54.34791536074673,-12.44579153247567,36.46579322651969,33.55,2.0,headache,S021
4.77,2.83,49.578184720914315,-13.224550386354087,39.29944346843131,33.55,2.0,headache,S021
19.93,2.86,56.37327022842145,-11.752628353005516,31.73713621370246,33.55,2.0,headache,S021
-12.04,2.87,57.02213174581305,-13.070573845353092,29.471396150491948,33.53,2.0,headache,S021
-3.23,2.91,57.74722157972014,-11.786747376467586,28.472685343595156,33.53,2.0,headache,S021
74.53,2.88,60.42893514011681,-11.088940695966212,20.190939051661676,33.53,2.0,headache,S021
39.45,2.83,67.30974883986359,-8.185642323768572,1.3837152614315757,33.53,2.0,headache,S021
-88.6,2.76,65.18895455076581,-9.395771338792153,4.058926745461878,33.57,2.0,headache,S021
-20.02,2.7,64.98118259691375,-9.46295652241658,7.727571488350481,33.57,2.0,headache,S021
-29.91,2.24,63.68844141348217,-10.454193375168138,10.884991325981757,33.57,2.0,headache,S021
75.62,2.33,64.5689751151832,-9.97540897498132,10.211702989419086,33.57,2.0,headache,S021
119.98,2.52,63.90234642453328,-10.42827266137253,11.329343938470021,33.57,2.0,headache,S021
-74.75,2.69,64.04461106413481,-10.005038643821802,11.13649229145488,33.57,2.0,headache,S021
-70.6,2.72,63.524793581875194,-10.378881706185666,12.034648877349849,33.57,2.0,headache,S021
-35.57,2.73,63.93693604466779,-10.64759411551099,12.552999943224302,33.57,2.0,headache,S021
-16.49,2.71,62.8362435780279,-11.335529787703118,14.668679762577275,33.55,2.0,headache,S021
8.94,2.7,63.489905480983836,-10.995261498214902,14.337499625101842,33.55,2.0,headache,S021
-3.67,2.68,62.81971944965279,-11.377779858801373,15.377123457862334,33.55,2.0,headache,S021
0.26,2.67,62.933499080478285,-11.234851477269016,15.129725746348633,33.55,2.0,headache,S021
14.72,2.65,62.638574863067696,-11.481550283170991,16.123111525262487,33.57,2.0,headache,S021
-5.23,2.65,62.85806582982538,-11.94172367572895,16.628269202886305,33.57,2.0,headache,S021
-5.31,2.64,61.9217188801888,-11.270610938313814,16.635990465366287,33.57,2.0,headache,S021
17.17,2.62,62.54297381156721,-10.43332607499479,16.886499073959346,33.57,2.0,headache,S021
5.74,2.55,62.41464787383442,-12.424476478059098,20.456930769224122,33.57,2.0,headache,S021
-0.34,2.5,57.134958944795095,-13.417717302918094,28.863085041164243,33.57,2.0,headache,S021
13.2,2.47,53.5518664928632,-14.055128417542155,34.366382616913285,33.57,2.0,headache,S021
-21.8,2.45,54.14609288466518,-13.120862915449361,33.67469287009226,33.57,2.0,headache,S021
41.36,2.42,53.86548502360168,-13.78657939371619,33.73849459707872,33.57,2.0,headache,S021
59.15,2.41,53.33040965508724,-15.1577265479992,34.88718280834675,33.57,2.0,headache,S021
-11.07,2.42,53.31582941995236,-15.470894838559557,34.4755261765022,33.57,2.0,headache,S021
-18.86,2.41,54.56020166053105,-14.1807913498889,33.672970225261544,33.57,2.0,headache,S021
-11.28,2.4,53.51046593976882,-13.200595099855574,34.74411735381841,33.57,2.0,headache,S021
-57.66,2.4,54.03810860702231,-12.727881260474545,34.706079544277856,33.57,2.0,headache,S021
-36.59,2.38,50.21573032547396,-13.74301962691145,38.468653752481636,33.57,2.0,headache,S021
-2.12,2.37,45.8179949492699,-14.90044490064778,43.567329153607574,33.57,2.0,headache,S021
-18.89,2.37,45.06829153831434,-15.156536228448504,44.809935094717815,33.57,2.0,headache,S021
36.75,2.35,41.120585949005935,-16.276275798259352,47.389703669570586,33.57,2.0,headache,S021
31.86,2.34,42.34030838082231,-16.291733519465044,47.007536312407964,33.57,2.0,headache,S021
3.19,2.3,44.04516293881769,-15.329235725483139,45.25132493411337,33.57,2.0,headache,S021
5.11,2.29,43.66540491871013,-15.543874646797688,45.72777036597071,33.57,2.0,headache,S021
-10.94,2.25,44.00211515989638,-15.509008758604432,44.99553843703883,33.57,2.0,headache,S021
-17.11,2.25,45.86535938612252,-15.966806680248832,44.08670696629718,33.57,2.0,headache,S021
19.07,2.24,46.20047534385145,-15.54898208638161,43.2526277509086,33.57,2.0,headache,S021
-12.18,2.23,44.917386657135424,-15.79396003360801,43.50687704905167,33.59,2.0,headache,S021
24.73,2.22,45.58708824334874,-16.73681013116136,43.28208573762116,33.59,2.0,headache,S021
40.52,2.19,44.95233291155181,-16.852707676841987,44.56897393650109,33.59,2.0,headache,S021
2.56,2.19,43.83745493557588,-16.92614413145206,44.694728186219024,33.59,2.0,headache,S021
8.66,2.19,43.24934247148747,-17.142613467914483,45.25411393846591,33.59,2.0,headache,S021
14.0,2.25,42.49547939646484,-17.43484890210486,46.22378934482475,33.59,2.0,headache,S021
-33.78,2.25,41.42248881944484,-17.688611098453812,46.985212674953665,33.59,2.0,headache,S021
-23.63,2.28,40.45378925867586,-17.47884332897881,47.57312701372644,33.59,2.0,headache,S021
-43.6,2.29,41.02768487642262,-17.752746422530716,46.892831700890426,33.59,2.0,headache,S021
-15.63,2.31,40.82632128926971,-17.477460656901773,47.35573321680578,33.59,2.0,headache,S021
19.39,2.33,41.85360243538189,-17.6231063755755,46.742655926880516,33.59,2.0,headache,S021
-1.32,2.32,43.124479075494975,-17.993813540073667,45.38501040640107,33.59,2.0,headache,S021
27.9,2.3,42.74718798087395,-18.062058362379968,45.65737812473021,33.59,2.0,headache,S021
29.62,2.29,39.85815788937619,-18.014340151642,47.910068901356176,33.59,2.0,headache,S021
-31.93,2.29,38.269398747922644,-18.574260232355247,49.327571125871756,33.59,2.0,headache,S021
-9.61,2.29,35.24690962645277,-18.813501196709918,51.12876505364437,33.59,2.0,headache,S021
-6.69,2.28,32.81195068702597,-18.788229092321753,52.62085548257966,33.59,2.0,headache,S021
-42.72,2.31,30.46759129873704,-19.050741522699976,54.05863946943746,33.59,2.0,headache,S021
6.71,2.34,27.73874585644635,-18.992974270605476,55.19817639315623,33.59,2.0,headache,S021
36.0,2.39,32.11293860854364,-18.979303091488678,53.16499697737584,33.59,2.0,headache,S021
5.94,2.42,32.91848144302434,-18.474598370212522,52.74982405481412,33.59,2.0,headache,S021
25.22,2.42,33.26095496710958,-18.127064572566677,52.8030575036326,33.59,2.0,headache,S021
-13.74,2.42,36.38191643164763,-18.264209387146813,50.68227660707777,33.59,2.0,headache,S021
-12.95,2.43,40.68496458758188,-18.240721597329863,47.64878305117185,33.59,2.0,headache,S021
7.96,2.43,40.445370490342114,-17.964753410025896,47.05471415258446,33.59,2.0,headache,S021
-27.44,2.43,40.875049186963494,-18.400147332658875,47.11343806353638,33.59,2.0,headache,S021
23.04,2.44,38.171180822881524,-18.296278929591193,48.97691139645025,33.59,2.0,headache,S021
39.88,2.44,36.19716546239146,-18.806220610725628,50.73340959435183,33.59,2.0,headache,S021
-0.26,2.43,35.725686512962085,-18.066241436365917,50.58718451578448,33.57,2.0,headache,S021
9.61,2.42,35.59879311396987,-18.13645783906955,50.838225016419415,33.57,2.0,headache,S021
-43.0,2.38,38.37421866669911,-18.24617745376821,49.172870792746245,33.57,2.0,headache,S021
-54.21,2.37,40.12527373807712,-17.682008532074565,47.60319169318794,33.57,2.0,headache,S021
-6.55,2.34,38.52339896213295,-17.959315381905757,48.76441998055492,33.59,2.0,headache,S021
-33.04,2.29,50.71233970748177,-15.848418062400977,38.665140960405694,33.59,2.0,headache,S021
39.4,2.3,57.92297920347475,-12.052529334400834,27.139315276922503,33.59,2.0,headache,S021
15.88,2.27,64.14607232020235,-8.539036805078181,14.195148550811979,33.59,2.0,headache,S021
-32.06,2.28,63.644180235642416,-9.182361002443022,13.672387870289883,33.59,2.0,headache,S021
-30.96,2.32,62.712945361049165,-9.910187607873059,17.25216685031562,33.59,2.0,headache,S021
7.75,2.37,62.17722069128372,-10.241737043806527,17.931385733533915,33.59,2.0,headache,S021
2.95,2.44,61.86286243562456,-9.635163481775216,18.979100207830076,33.59,2.0,headache,S021
97.94,2.45,62.891581194702475,-10.692240104186862,19.31725411766761,33.61,2.0,headache,S021
27.69,2.49,56.284363858105245,-14.785288158863418,30.559412535172136,33.61,2.0,headache,S021
-48.26,2.54,46.281353941321505,-15.613548537493925,42.8719990654148,33.61,2.0,headache,S021
-7.92,2.54,43.015529634811415,-14.23830454036866,45.56731442613811,33.61,2.0,headache,S021
-6.73,2.5,42.03165536801713,-16.34001802493386,46.200574892814785,33.59,2.0,headache,S021
55.34,2.51,42.72319400447054,-17.383271700429745,46.24228819122291,33.59,2.0,headache,S021
-24.58,2.53,41.195994015008296,-17.830046051820872,47.78632823052117,33.59,2.0,headache,S021
-17.52,2.54,41.60943399489525,-16.760109515103593,46.574040505094594,33.59,2.0,headache,S021
63.36,2.56,41.40750983848387,-17.580826097003204,47.472884956783,33.61,2.0,headache,S021
7.01,2.56,41.04274891308669,-17.405355520961216,46.531129362046464,33.61,2.0,headache,S021
-18.84,2.55,41.12447868683093,-17.537364197157753,46.91947768855644,33.61,2.0,headache,S021
-19.43,2.53,41.913287935733244,-18.347797246031075,46.701975010679085,33.61,2.0,headache,S021
-24.01,2.51,41.51331058169612,-18.28540048223428,46.407992966397885,33.61,2.0,headache,S021
18.56,2.49,41.36151980058346,-18.238412033085375,45.794913744547415,33.61,2.0,headache,S021
4.16,2.46,41.53224203020851,-18.04874120134044,46.05334736738103,33.61,2.0,headache,S021
4.37,2.45,43.64151731089769,-17.34799934840108,45.54422512898963,33.61,2.0,headache,S021
12.77,2.44,43.97693593091089,-16.67083701017132,44.77530891738915,33.61,2.0,headache,S021
-46.73,2.43,45.37134288846831,-16.119806549815614,43.62888894483408,33.61,2.0,headache,S021
-26.06,2.43,44.76255249955265,-16.22764558754437,43.84498706511945,33.61,2.0,headache,S021
5.57,2.43,46.34316910408833,-16.756947920370937,43.48927383591628,33.61,2.0,headache,S021
9.29,2.43,44.84394847419782,-15.843468157133008,43.32294584725108,33.63,2.0,headache,S021
25.2,2.42,45.55608460095405,-16.651946048829394,43.31269660926433,33.63,2.0,headache,S021
-15.15,2.42,45.435558203326956,-17.07340958794129,42.62487819194611,33.63,2.0,headache,S021
20.23,2.42,41.874200396249435,-17.54746781861722,45.89622613308138,33.63,2.0,headache,S021
-3.68,2.39,40.54939956328145,-19.00298070155349,47.259159128138826,33.65,2.0,headache,S021
9.68,2.38,40.623963650223644,-18.723708398608352,46.82928509627598,33.65,2.0,headache,S021
66.69,2.38,39.0012164102354,-19.38282043069963,48.30585212027493,33.65,2.0,headache,S021
19.04,2.37,39.7550195318135,-18.868379242728835,47.328032973063934,33.65,2.0,headache,S021
-47.63,2.37,39.07799409695299,-19.741910678259867,48.268888317539044,33.63,2.0,headache,S021
-28.8,2.35,38.321283147760575,-18.581295918939862,48.57050894538987,33.63,2.0,headache,S021
-39.27,2.35,38.18050398657372,-20.289865628477497,49.143073213065975,33.63,2.0,headache,S021
-0.27,2.35,38.30031316533545,-18.79013281352336,48.751585128755686,33.63,2.0,headache,S021
-24.33,2.35,37.58581639167685,-18.86624424183143,49.03642798063529,33.63,2.0,headache,S021
52.12,2.37,41.549922152881,-17.36848019698404,46.89558799718938,33.63,2.0,headache,S021
9.97,2.39,47.506234348577024,-16.090002253290223,41.564711742525404,33.63,2.0,headache,S021
-19.16,2.47,59.02862223282327,-12.919913000149194,24.848460857959047,33.63,2.0,headache,S021
16.56,2.57,64.97690734435321,-11.029714123549939,10.665668987270367,33.61,2.0,headache,S021
-28.03,2.66,64.89740771154662,-9.590858884500111,6.12408967733898,33.61,2.0,headache,S021
-34.03,2.89,65.06162538342379,-9.866412193230701,6.6994785613738115,33.61,2.0,headache,S021
-21.01,2.75,63.16105593203149,-11.849769154720166,15.768237838504579,33.61,2.0,headache,S021
28.15,2.41,60.08483391786284,-12.940643529837594,21.05957680907726,33.63,2.0,headache,S021
69.13,3.02,60.324237477664134,-13.22408449422875,22.946447207505802,33.63,2.0,headache,S021
75.27,3.06,58.962454820587126,-13.320762905125514,24.718956092629824,33.63,2.0,headache,S021
11.17,3.04,59.74469412746182,-13.280167282338834,24.73600786001478,33.63,2.0,headache,S021
-72.92,2.97,58.32788577694204,-14.138058641158683,25.592923026598985,33.63,2.0,headache,S021
-41.64,2.91,60.25937129406363,-13.630234445047012,23.64309132698803,33.63,2.0,headache,S021
-17.44,2.88,58.90739656590921,-14.46199144565246,24.403947690617837,33.63,2.0,headache,S021
9.38,2.85,59.8557218224768,-13.752736728732335,23.687063768654003,33.63,2.0,headache,S021
-7.38,2.84,58.42401989251075,-14.23932795216027,24.773400557133346,33.63,2.0,headache,S021
-16.33,2.8,59.96558132160175,-13.88758845444399,24.118576861598424,33.63,2.0,headache,S021
-0.53,2.78,58.60529259883642,-13.385993515527417,25.303426099947828,33.63,2.0,headache,S021
2.54,2.76,58.02770711212933,-12.777034373849498,27.68807468482127,33.63,2.0,headache,S021
0.94,2.72,57.21247224704918,-12.700711394417198,27.842543366548934,33.61,2.0,headache,S021
-3.0,2.7,59.00194782402423,-12.76467887385916,27.45466240093746,33.61,2.0,headache,S021
-18.83,2.65,57.57860245268867,-12.236079379111892,27.027835829501093,33.61,2.0,headache,S021
-4.8,2.61,59.1909813028693,-13.780227797028324,29.639779629453958,33.61,2.0,headache,S021
-12.53,2.57,45.02996806780565,-14.557540565012902,41.795238029741306,33.63,2.0,headache,S021
24.22,2.51,39.964575351644825,-17.115650154508096,48.66598006243701,33.63,2.0,headache,S021
16.61,2.53,42.35366409538269,-17.575457543049563,46.07354845521512,33.63,2.0,headache,S021
29.34,2.54,43.922562710328975,-17.962544014629973,44.72235760898149,33.63,2.0,headache,S021
53.49,2.57,43.24591855572753,-18.64677638889943,44.69198990715274,33.63,2.0,headache,S021
25.15,2.74,44.71533015173314,-18.438697637610975,43.85695454621072,33.63,2.0,headache,S021
-3.25,2.79,43.51413772813312,-19.02732714018015,44.16657561711227,33.63,2.0,headache,S021
27.45,2.81,46.09891365549435,-18.35818931249893,42.01681953338749,33.63,2.0,headache,S021
-36.12,2.82,45.15873945060817,-19.258555640973515,43.17671287349034,33.65,2.0,headache,S021
-24.88,2.82,45.95065386182074,-19.18371297752434,42.39934070870661,33.65,2.0,headache,S021
-28.05,2.82,43.1344610479563,-18.327155298785893,44.58217899289109,33.65,2.0,headache,S021
-42.33,2.81,42.749117994606216,-17.132525873253137,45.391509517126075,33.65,2.0,headache,S021
-9.13,2.81,43.448218663432634,-17.60139738530086,45.47512244611569,33.61,2.0,headache,S021
-33.2,2.78,43.83384872896838,-16.86207398659194,44.559051643379846,33.61,2.0,headache,S021
-27.92,2.74,43.5624102481997,-18.963052693819474,44.826259148424924,33.61,2.0,headache,S021
-23.97,2.72,46.6810763957827,-18.25720136118025,42.25788236728785,33.61,2.0,headache,S021
11.49,2.77,42.88627414009667,-21.508537378720142,51.90300757225908,33.63,2.0,headache,S021
66.81,2.77,35.098513157500776,-10.11639499678073,56.2302486396185,33.63,2.0,headache,S021
28.4,2.74,25.03177458624744,-0.9322441892673321,53.805237172720304,33.63,2.0,headache,S021
26.3,2.62,31.514906732656527,-3.3609600668653457,56.005066940000596,33.63,2.0,headache,S021
45.58,2.61,26.90826521301276,-2.9952314863258356,54.06239758353482,33.63,2.0,headache,S021
-9.35,2.64,27.683160061221283,-0.5220798379292083,58.38863724832871,33.63,2.0,headache,S021
-35.52,2.63,33.12864328164391,-10.096666615272543,57.504973851286124,33.63,2.0,headache,S021
59.93,2.61,32.937925513320685,-12.390433781588705,53.71909507705262,33.63,2.0,headache,S021
-43.19,2.59,30.76257112788099,-20.739620916026933,56.735853021049145,33.61,2.0,headache,S021
-40.04,2.56,29.377999878839464,-20.636841099221616,53.22450090412205,33.61,2.0,headache,S021
-20.71,2.61,29.776398770035403,-20.54285324373434,54.77606759568779,33.61,2.0,headache,S021
-41.51,2.71,29.964013795766842,-19.176898912056192,52.57194408454041,33.61,2.0,headache,S021
53.19,2.8,27.590473017125102,-22.547748207477653,57.69381449879859,33.65,2.0,headache,S021
53.94,2.91,44.03043974089992,-10.913970680684937,42.954210474468994,33.65,2.0,headache,S021
-25.36,2.96,42.84460226378026,-9.92525446366451,46.900426404937726,33.65,2.0,headache,S021
-7.57,2.84,32.96360050165791,-20.007385288308903,53.86975983080723,33.65,2.0,headache,S021
-25.4,2.86,30.7344166861867,-20.212868911944256,53.36625176339707,33.63,2.0,headache,S021
-72.99,3.15,32.67708361193159,-19.5347940301198,52.14586903117108,33.63,2.0,headache,S021
41.37,3.15,28.70515825941893,-21.7413292832779,55.957531878401866,33.63,2.0,headache,S021
52.76,3.14,41.4867092244371,-21.071211377180596,49.75117450215574,33.63,2.0,headache,S021
28.35,3.12,46.14011864884797,1.2214678167718986,37.995095330568994,33.65,2.0,headache,S021
-7.79,3.11,45.28654282069223,1.1570457988909058,44.49169638428802,33.65,2.0,headache,S021
-41.33,2.81,46.88790075013076,-2.0848869839825994,46.18476043112198,33.65,2.0,headache,S021
-36.04,2.77,43.1243906148183,-5.024565634278402,47.96516261170472,33.65,2.0,headache,S021
-56.88,2.31,48.9067008322381,-7.491065019475917,43.60512386613306,33.65,2.0,headache,S021
33.51,2.32,45.50759037723484,-14.990666535814903,43.83100698235248,33.65,2.0,headache,S021
43.27,2.53,38.370018613935535,-19.157148137171188,50.68503003780234,33.65,2.0,headache,S021
26.05,3.03,35.872050110596554,-11.691091319925782,49.824632623505416,33.65,2.0,headache,S021
20.78,3.16,39.72929229196834,-13.883412970552827,51.37563680499723,33.65,2.0,headache,S021
93.32,3.06,37.60080699289089,-12.224113572578622,49.866719545709955,33.65,2.0,headache,S021
-12.1,2.95,41.148413404018605,-15.86330144402306,50.05309680318898,33.65,2.0,headache,S021
-30.87,3.01,41.78856409282527,-13.697690035009943,46.11569402644473,33.65,2.0,headache,S021
-52.7,3.02,47.57405276232561,-14.010070097561854,43.305576388075224,33.65,2.0,headache,S021
-23.32,3.02,45.68092428073157,-13.369909030454151,43.82013447025134,33.65,2.0,headache,S021
47.82,3.04,46.22157596771415,-13.908575059654165,44.29514848399954,33.65,2.0,headache,S021
27.34,3.03,44.1854612951899,-14.445692653181654,45.973636339374835,33.65,2.0,headache,S021
-30.09,2.97,40.28493223401278,-14.758163692638105,48.24460571769488,33.63,2.0,headache,S021
2.34,2.9,37.54855406838255,-15.611071880232867,50.56197925655165,33.63,2.0,headache,S021
-52.14,2.88,38.23812806981892,-15.895231890726325,50.277112356271424,33.63,2.0,headache,S021
-33.68,2.87,37.15236111862843,-15.78849640174486,50.72316181887312,33.63,2.0,headache,S021
-5.88,2.86,38.25216786540912,-15.010448676516297,49.68901209408436,33.63,2.0,headache,S021
-8.06,2.86,37.36945153733174,-15.957240580123285,50.8428460053952,33.63,2.0,headache,S021
27.09,2.84,38.060979542097364,-15.554198192530995,49.83200184686773,33.63,2.0,headache,S021
3.81,2.84,37.347598635263644,-16.251725484923078,50.78161550380764,33.63,2.0,headache,S021
-12.08,2.84,39.13471368069246,-16.04764899215509,49.17855881473231,33.68,2.0,headache,S021
15.35,2.82,39.545824557323606,-15.369719519596629,49.54217021088965,33.68,2.0,headache,S021
-3.25,2.79,37.204395956712716,-13.992522371992708,51.46795375381146,33.68,2.0,headache,S021
12.56,2.77,36.6949507783601,-12.955634082574758,51.343997184948186,33.68,2.0,headache,S021
22.16,2.72,38.01351161607267,-12.935573924526174,51.02363392251068,33.66,2.0,headache,S021
-41.76,2.69,38.8256349369836,-14.44673960866139,50.149509834474955,33.66,2.0,headache,S021
-31.73,2.68,38.71435137635515,-17.784423716745607,49.30085168193187,33.66,2.0,headache,S021
-2.81,2.66,36.819623495485935,-18.663103750024945,49.715707166768674,33.66,2.0,headache,S021
-2.05,2.74,37.988428822169794,-18.54963273677556,48.96175758971963,33.65,2.0,headache,S021
91.48,2.74,34.160643389740905,-20.189843019103204,52.370409220809904,33.65,2.0,headache,S021
44.89,2.71,33.530747490407535,-18.59618856359781,51.56027033892113,33.65,2.0,headache,S021
-11.64,2.7,33.530246153680196,-18.988413433719273,52.31978608993266,33.65,2.0,headache,S021
-12.17,2.69,38.05242983644181,-18.219955284024024,50.128760339480934,33.66,2.0,headache,S021
-39.38,2.67,35.04188128461397,-18.335595554385332,50.81311354512448,33.66,2.0,headache,S021
-18.55,2.66,36.3262710785192,-17.868221425995387,51.05521948448511,33.66,2.0,headache,S021
3.39,2.64,34.46542528247394,-18.44126745892238,52.17731629993482,33.66,2.0,headache,S021
-15.49,2.64,34.74567051375202,-18.620951508114015,52.5353666058314,33.66,2.0,headache,S021
32.09,2.63,35.558438570221895,-16.058648389933307,50.09353652888957,33.66,2.0,headache,S021
15.29,2.64,36.12002618664033,-17.287771075507163,51.55969192081054,33.66,2.0,headache,S021
9.48,2.72,35.43438825138706,-17.075312122934335,51.35759611867469,33.66,2.0,headache,S021
20.77,2.73,36.40509107472285,-17.321316490914676,51.12396074834209,33.65,2.0,headache,S021
34.44,2.73,36.60794579138065,-17.84226212675073,50.72516334546023,33.65,2.0,headache,S021
-6.03,2.73,37.38949447989014,-18.201956665541164,49.98430988569905,33.65,2.0,headache,S021
-28.74,2.74,38.9584109320017,-18.528894265898032,48.54804849731679,33.65,2.0,headache,S021
-5.52,2.74,40.76706651377118,-19.12697148857458,47.244256144797994,33.66,2.0,headache,S021
3.07,2.72,39.706083198207715,-19.27323422238924,47.76924524245498,33.66,2.0,headache,S021
-5.48,2.7,39.255163604048946,-19.012428601235992,47.952663683317695,33.66,2.0,headache,S021
-49.65,2.69,39.01119843603446,-19.600377245045664,48.125728358373394,33.66,2.0,headache,S021
-9.99,2.69,39.25548166261118,-19.802495870227276,47.761750774344186,33.68,2.0,headache,S021
21.6,2.69,39.66841615368381,-19.29668830586549,46.980503041206546,33.68,2.0,headache,S021
-9.28,2.69,40.72562324112048,-19.80736601133415,47.224763321942035,33.68,2.0,headache,S021
-3.81,2.71,37.14540304290347,-19.1984738258278,49.001002479566324,33.68,2.0,headache,S021
19.66,2.71,37.60139503924872,-19.240778826992592,49.460938826816374,33.68,2.0,headache,S021
5.74,2.7,35.46510571378017,-18.989770380742485,51.30973462737144,33.68,2.0,headache,S021
-1.47,2.69,36.550948039984746,-18.05615473497395,49.97875619123998,33.68,2.0,headache,S021
4.32,2.66,35.59537877496683,-18.439083150959572,52.00107188610848,33.68,2.0,headache,S021
-29.85,2.65,33.79216111284466,-17.414976642547476,51.93887120761274,33.68,2.0,headache,S021
-13.21,2.65,33.212032345382134,-16.91932271715286,53.426310506595804,33.68,2.0,headache,S021
38.81,2.6,33.722203278286074,-15.800907784285664,53.38778710607183,33.68,2.0,headache,S021
-6.36,2.58,35.25866413474861,-15.21521212241216,52.503974962867055,33.68,2.0,headache,S021
-63.58,2.56,35.04854793629888,-15.343219936610886,52.54495949020291,33.66,2.0,headache,S021
-23.75,2.54,35.34591908960762,-15.325915537970799,52.435955188832835,33.66,2.0,headache,S021
-21.77,2.53,35.05516901775239,-16.019091453868235,51.96025221470081,33.66,2.0,headache,S021
37.15,2.53,31.512588133321177,-15.71306900486527,54.401709864895004,33.66,2.0,headache,S021
54.72,2.54,32.53795513944511,-15.719853285141784,53.50401158144849,33.66,2.0,headache,S021
13.37,2.53,33.24552044393413,-16.22401368682103,53.69697921364227,33.66,2.0,headache,S021
0.6,2.53,33.620915042766846,-16.34339597577883,52.768368404093486,33.66,2.0,headache,S021
23.75,2.52,33.85141786847673,-16.695902991820347,53.329438574324065,33.66,2.0,headache,S021
-9.95,2.52,34.0350912737103,-16.726093220564646,52.4294669991247,33.68,2.0,headache,S021
-3.82,2.52,34.228778942212024,-16.954567942014023,52.97969594897093,33.68,2.0,headache,S021
5.64,2.51,33.91527463092928,-16.81432436658411,52.47090069911672,33.68,2.0,headache,S021
-20.03,2.51,32.84416274921381,-16.808163877464455,53.46079897242922,33.68,2.0,headache,S021
10.32,2.5,33.87923856191684,-16.7874741369384,52.785430891156985,33.68,2.0,headache,S021
23.09,2.5,33.61200724738428,-16.936320297782768,53.275253909499945,33.68,2.0,headache,S021
-17.88,2.49,34.1135392981307,-16.98447346647407,52.20377113234327,33.68,2.0,headache,S021
25.59,2.49,33.6964231126964,-17.073767019450376,53.133419564069825,33.68,2.0,headache,S021
7.18,2.48,34.46899477282637,-17.135493249799104,52.09529437790044,33.66,2.0,headache,S021
-30.87,2.48,33.66802533434592,-17.351856383937708,53.36566173409495,33.66,2.0,headache,S021
1.91,2.47,30.625281595358523,-14.778265904822682,54.06676774430402,33.66,2.0,headache,S021
9.72,2.47,32.863889587365634,-15.886039567843454,54.63931420447042,33.66,2.0,headache,S021
-32.5,2.44,34.36641135192986,-14.805155063373663,52.15303462023672,33.71,2.0,headache,S021
-2.14,2.45,37.00874258953809,-15.92068424251598,51.896964548036514,33.71,2.0,headache,S021
-61.13,2.44,38.92504433510522,-15.708673889357927,48.07736473402208,33.71,2.0,headache,S021
18.94,2.45,40.30652749333496,-17.654547776044875,49.74153078029497,33.71,2.0,headache,S021
88.49,2.47,38.18350689695567,-17.30239337422878,48.555068405572875,33.66,2.0,headache,S021
37.78,2.47,37.090436458757935,-17.81072429584487,49.081520927688736,33.66,2.0,headache,S021
22.23,2.49,42.99743966810447,-16.648501251390528,54.43262852527539,33.66,2.0,headache,S021
31.68,2.49,48.6636449841881,6.379492085803525,53.91636636063806,33.66,2.0,headache,S021
-26.24,2.47,37.72644766281604,28.846484391777906,34.27655758880122,33.71,2.0,headache,S021
-19.24,2.4,24.43426562312967,34.5495989438301,37.06810463570567,33.71,2.0,headache,S021
-74.06,2.33,21.1844923862444,43.691727040963784,38.856036266382695,33.71,2.0,headache,S021
-135.6,2.34,21.33672775480887,44.278343345304975,40.33573738115487,33.71,2.0,headache,S021
9.75,2.32,21.538190810609812,47.10438607483021,36.42598487549089,33.68,2.0,headache,S021
81.41,2.31,19.064503936210272,45.02725885868718,41.79886940795464,33.68,2.0,headache,S021
87.73,2.3,17.830053569106834,38.02015246792238,29.615158822294397,33.68,2.0,headache,S021
8.62,2.3,26.454838514052597,21.82807156252531,46.704377838756045,33.68,2.0,headache,S021
-34.31,2.3,26.792542317198002,-3.0537526183652597,75.3728080402489,33.68,2.0,headache,S021
41.42,2.32,24.38086708495141,-13.65222444047424,56.549540650176425,33.68,2.0,headache,S021
-31.24,2.33,28.286985992409964,-19.650406804932885,59.50239889643026,33.68,2.0,headache,S021
46.92,2.36,27.364320694725087,-17.60474768104792,54.218328762355206,33.68,2.0,headache,S021
46.16,2.39,29.04567185360718,-19.451725723012245,56.472569817663356,33.68,2.0,headache,S021
-121.15,2.43,28.923833015741057,-18.063592331194283,53.4958449447874,33.68,2.0,headache,S021
-28.28,2.45,29.911925376247403,-19.930561393249203,55.46686542381911,33.68,2.0,headache,S021
12.3,2.46,29.220517660487943,-19.040496897608016,53.44501638257881,33.68,2.0,headache,S021
-29.73,2.46,30.551828453440667,-19.157755380351503,54.63864545416401,33.68,2.0,headache,S021
32.06,2.46,30.832177892025808,-19.0552836278129,53.10027287988864,33.68,2.0,headache,S021
1.24,2.46,29.911469525275855,-19.678580499755494,55.07956665563616,33.68,2.0,headache,S021
-6.25,2.47,26.637479547594417,-18.77183612546492,55.35307859496107,33.68,2.0,headache,S021
17.62,2.47,30.693398181668417,-17.962726914266614,54.47493841494056,33.71,2.0,headache,S021
-15.56,2.5,31.4326722158746,-18.157833855431925,53.41985018836663,33.71,2.0,headache,S021
-3.88,2.5,31.169618007025072,-18.853465188342618,54.53394284241561,33.71,2.0,headache,S021
-12.08,2.5,29.92888291106447,-18.49147252328907,53.58228191195492,33.71,2.0,headache,S021
-17.81,2.5,31.355425448951483,-18.542566723078032,54.088659718237054,33.71,2.0,headache,S021
34.25,2.5,31.189481138658902,-18.73024277734652,53.00976296557909,33.71,2.0,headache,S021
-8.09,2.49,31.4394833133593,-19.139306339566733,53.827912165063324,33.71,2.0,headache,S021
16.17,2.49,30.33498504392943,-18.656494654699443,53.41304672905437,33.71,2.0,headache,S021
5.81,2.49,30.550140427852398,-18.61803820763466,54.47693865449718,33.68,2.0,headache,S021
-3.08,2.48,31.415133790811932,-18.64846114571709,53.607993959600414,33.68,2.0,headache,S021
15.23,2.48,33.031604459593154,-18.687530123163775,52.8823958819252,33.68,2.0,headache,S021
-38.61,2.48,31.188166935611488,-17.612855681670325,53.734660671507044,33.68,2.0,headache,S021
-12.04,2.48,28.981856824764638,-17.305302033900198,54.78840714612901,33.66,2.0,headache,S021
4.91,2.47,28.540817027026907,-18.45222841859597,54.802340922244895,33.66,2.0,headache,S021
-17.53,2.45,27.64905798740506,-19.157801159556268,55.173553174763306,33.66,2.0,headache,S021
13.98,2.46,28.136250685513033,-19.51526252575257,54.905218501055295,33.66,2.0,headache,S021
0.44,2.46,27.713481577054793,-19.355456104031227,55.88588883649128,33.68,2.0,headache,S021
-1.03,2.45,28.15612748897678,-18.601889997445333,54.8674929051651,33.68,2.0,headache,S021
17.85,2.45,27.94410851567967,-18.953518709965888,55.64424938374867,33.68,2.0,headache,S021
-22.93,2.45,27.900976570308096,-18.947467763708907,55.11903574966364,33.68,2.0,headache,S021
-20.98,2.44,28.15543925822495,-19.10880023947943,55.06417485721083,33.68,2.0,headache,S021
7.84,2.43,27.9222157350211,-19.030598390839838,55.06995900228224,33.68,2.0,headache,S021
-15.16,2.43,28.20398780249715,-19.063846297393756,55.31285305365859,33.68,2.0,headache,S021
31.47,2.43,28.037698664637347,-18.886188363314808,55.03456561025357,33.68,2.0,headache,S021
10.32,2.43,28.55950363737754,-19.429287063948404,55.09473498823037,33.66,2.0,headache,S021
-17.82,2.42,28.223682971196084,-18.937979461295882,54.61293386888781,33.66,2.0,headache,S021
21.2,2.42,29.2025337790688,-19.114513301669056,55.087555808059065,33.66,2.0,headache,S021
8.41,2.42,29.74687557273266,-19.35655670420086,54.196281657523826,33.66,2.0,headache,S021
-8.42,2.42,29.277978005741545,-19.166206871394042,54.62344646390329,33.68,2.0,headache,S021
29.57,2.41,29.050066468805017,-19.571354352065928,54.89005998872187,33.68,2.0,headache,S021
-23.73,2.42,29.308722771888757,-19.685634302187776,54.300244435304506,33.68,2.0,headache,S021
15.59,2.41,28.667150795517948,-19.81533794441102,54.389322642906144,33.68,2.0,headache,S021
4.46,2.41,29.33464767928081,-19.62917875757545,54.49956134276121,33.66,2.0,headache,S021
-28.57,2.41,28.70622804077635,-19.701490123276066,54.683203147385306,33.66,2.0,headache,S021
36.63,2.41,29.078084661960066,-19.834504609091095,54.48316152427358,33.66,2.0,headache,S021
12.17,2.41,29.047072928671305,-19.573894071477653,54.28340156422829,33.66,2.0,headache,S021
-18.0,2.4,29.17834519279018,-19.797596410146085,54.51016687751602,33.68,2.0,headache,S021
-6.09,2.4,29.020878430099177,-19.426514015808447,54.43804292335994,33.68,2.0,headache,S021
-9.57,2.4,28.330613335423827,-19.104242452765224,54.98305421633431,33.68,2.0,headache,S021
33.18,2.4,29.528854864925368,-18.511308184426973,54.78753719206204,33.68,2.0,headache,S021
10.14,2.39,28.993135749827186,-17.434800807073145,55.544025061994965,33.68,2.0,headache,S021
-22.49,2.38,29.205343260056644,-16.61218685899773,55.46970029843019,33.68,2.0,headache,S021
-4.85,2.38,29.014190523088537,-16.479380775809442,55.98158551140205,33.68,2.0,headache,S021
-41.83,2.36,28.43476236100421,-16.496361739433052,55.49666792566817,33.68,2.0,headache,S021
-13.08,2.35,29.384608496671927,-17.049648826883363,55.7000954067775,33.66,2.0,headache,S021
45.9,2.34,30.267251032814674,-18.328698350385395,54.25445456897145,33.66,2.0,headache,S021
-11.07,2.34,30.974640124624123,-17.482414022537995,54.31587747503198,33.66,2.0,headache,S021
17.29,2.35,31.564055973824335,-17.24561658982265,53.749184958322004,33.66,2.0,headache,S021
47.64,2.34,33.467789928348424,-16.579359496958176,53.130364931602074,33.68,2.0,headache,S021
37.45,2.32,31.97112067477533,-16.866105023122618,53.863945208041116,33.68,2.0,headache,S021
-24.32,2.32,31.78877110154145,-16.676825152051634,54.17500570335653,33.68,2.0,headache,S021
0.94,2.32,31.6856643347462,-16.013534527357166,53.96800115444462,33.68,2.0,headache,S021
-21.69,2.3,33.07928350210131,-16.22342345586397,53.464971415933974,33.66,2.0,headache,S021
19.55,2.3,32.08948842705841,-16.340091579319182,53.698303133701785,33.66,2.0,headache,S021
17.88,2.31,32.49439205242982,-15.793383878885848,53.767442644956766,33.66,2.0,headache,S021
-34.09,2.31,32.39742527095572,-15.719386954089435,53.90804055310013,33.66,2.0,headache,S021
-11.65,2.3,29.921083318904643,-16.288772770436257,54.99368102279506,33.68,2.0,headache,S021
12.41,2.31,26.60650511773965,-18.333647039533894,56.669553086813785,33.68,2.0,headache,S021
3.04,2.31,28.15833439775672,-17.054440907023043,56.02558988115698,33.68,2.0,headache,S021
7.15,2.32,27.68397740535276,-16.98283972608096,56.103293722624755,33.68,2.0,headache,S021
-7.05,2.3,27.895874446044637,-18.464756059774455,55.833273622827846,33.66,2.0,headache,S021
-26.16,2.29,27.36918682587089,-18.15919507095803,55.91459483343411,33.66,2.0,headache,S021
-38.83,2.3,28.051231190130903,-18.01169575596354,55.54246803653179,33.66,2.0,headache,S021
-16.45,2.3,26.964399088229957,-18.2385278373582,56.144211851761035,33.66,2.0,headache,S021
5.93,2.3,32.02876651827894,-16.04507931044887,53.107612144607785,33.68,2.0,headache,S021
32.52,2.29,33.65052151803525,-14.394987746294595,52.62261175270184,33.68,2.0,headache,S021
-8.47,2.29,33.7427574181331,-15.30355737505329,52.905416410841106,33.68,2.0,headache,S021
11.03,2.28,32.48553051383099,-15.969590963022066,53.503543025016356,33.68,2.0,headache,S021
7.64,2.27,34.13297898377543,-16.306054196916083,53.38078465993428,33.68,2.0,headache,S021
-42.46,2.26,35.66927579827673,-16.132340132265412,54.22746794196234,33.68,2.0,headache,S021
34.28,2.26,25.995948839875442,-19.294523688901318,54.129111750259966,33.68,2.0,headache,S021
11.19,2.26,26.50180084109933,-19.246996470917466,54.579702842020744,33.68,2.0,headache,S021
-46.98,2.31,31.845499028405442,-18.21176924617723,56.020385452897756,33.68,2.0,headache,S021
3.49,2.33,27.78989909194451,-16.445912477688513,55.043968216920675,33.68,2.0,headache,S021
58.59,2.34,36.40545463000076,-16.32966328998905,50.400137811133646,33.68,2.0,headache,S021
51.41,2.34,40.80194336791962,-18.226240730547936,48.38647549519621,33.68,2.0,headache,S021
-3.59,2.34,39.22673569836487,-21.457794431010978,47.751895137900384,33.71,2.0,headache,S021
24.18,2.37,41.61697469198925,-15.739393676913089,54.331810220625094,33.71,2.0,headache,S021
-49.52,2.39,14.84727092655297,2.134479160242693,61.65753677751946,33.71,2.0,headache,S021
-2.91,2.31,9.073923383271419,-7.887901814755088,58.47400492575556,33.71,2.0,headache,S021
-90.49,2.13,-6.525785494569389,-0.40564889739733867,67.5936417561475,33.71,2.0,headache,S021
-82.43,2.22,-1.40197397444402,-10.936082485604699,59.57730646902346,33.71,2.0,headache,S021
76.2,2.19,-0.19097895851358865,-16.838362589881292,69.28551195430094,33.71,2.0,headache,S021
123.81,2.1,-7.72671974288775,-4.352009148976287,59.9578912290493,33.71,2.0,headache,S021
22.88,2.1,-9.101851128767546,-12.28824080453647,65.48731227773871,33.75,2.0,headache,S021
-66.32,2.23,8.034197868157666,-11.253567413701543,59.541274946077785,33.75,2.0,headache,S021
-40.75,2.31,25.671205364136423,-17.670423647358103,62.190251053786476,33.75,2.0,headache,S021
37.45,2.32,34.5024190061621,-0.8822613308250634,46.85428114564395,33.75,2.0,headache,S021
76.76,2.22,50.608214222414176,11.505530331869274,40.9474508041379,33.73,2.0,headache,S021
-55.72,1.88,59.78978663658676,0.5182383356108041,32.32380644010503,33.73,2.0,headache,S021
-55.2,1.68,49.23605690608553,1.0618986778805595,40.483877677391696,33.73,2.0,headache,S021
-53.53,1.9,33.631324934251516,-12.04279197203595,56.678540863138714,33.73,2.0,headache,S021
-16.57,2.0,24.710361888175772,-17.45386226469584,56.537374727595214,33.77,2.0,headache,S021
-14.21,2.01,24.3620892102933,-18.159633939805467,57.53992094124055,33.77,2.0,headache,S021
-58.93,2.13,23.623466189598535,-18.036092470855223,57.04958821253726,33.77,2.0,headache,S021
88.58,2.17,22.02403960723984,-19.218274485066292,59.03450821038045,33.77,2.0,headache,S021
109.58,2.18,20.865402097108337,-15.853797257550138,59.046789347578674,33.75,2.0,headache,S021
-61.46,2.18,22.640878917351916,-8.862333079801397,59.756405506522476,33.75,2.0,headache,S021
-2.53,2.16,23.394208521353743,-7.074423234566436,59.795821030112336,33.75,2.0,headache,S021
-44.64,1.99,24.97355193261688,-5.279877511227959,59.949269910660725,33.75,2.0,headache,S021
-39.34,1.92,26.26983069548806,-5.094601032583985,58.186523159953715,33.71,2.0,headache,S021
-53.13,1.89,28.99591521836633,-4.531364563787252,57.958105607831364,33.71,2.0,headache,S021
18.09,1.88,29.15774075364422,-5.1674102428563495,57.632551385632055,33.71,2.0,headache,S021
53.76,1.87,30.687430432002113,-4.691184012485872,57.00254050453029,33.71,2.0,headache,S021
43.24,1.86,29.180128146566645,-4.691261469733808,57.389256564787914,33.73,2.0,headache,S021
-7.6,1.85,29.318706496842328,-4.375636692643043,57.5970410517608,33.73,2.0,headache,S021
13.79,1.84,28.395467842230218,-4.436281868962628,57.7032109292961,33.73,2.0,headache,S021
-2.23,1.83,29.851396498914166,-4.347406493643787,57.35991539481913,33.73,2.0,headache,S021
-0.94,1.82,28.601490092324628,-4.0269086046513065,57.43318817970672,33.71,2.0,headache,S021
16.15,1.8,28.76453630507104,-3.7564758092789887,58.02321902033713,33.71,2.0,headache,S021
-6.54,1.79,28.864113350539387,-2.9820277133383204,57.54655542887169,33.71,2.0,headache,S021
0.23,1.77,28.556898263247113,-1.814876894928652,57.39280279347056,33.71,2.0,headache,S021
11.4,1.76,29.528489791789806,-1.9028314234281387,57.47894454529989,33.75,2.0,headache,S021
-10.72,1.75,30.424564036203872,-1.8015288389500868,57.10429369485005,33.75,2.0,headache,S021
13.98,1.74,30.230039454473367,-1.3255398730410395,57.1562810678193,33.75,2.0,headache,S021
-0.19,1.73,30.53500094063835,-1.6480001919372584,57.095893534005214,33.75,2.0,headache,S021
-4.87,1.72,29.851656011153906,-1.334451878535892,57.23247120253936,33.73,2.0,headache,S021
8.99,1.71,29.686639924803202,-1.1972963147427687,57.09046043018464,33.73,2.0,headache,S021
-11.21,1.71,30.12712159654559,-1.2765421400535528,57.32023778756428,33.73,2.0,headache,S021
4.75,1.7,29.9713403662401,-1.029522032818257,56.98131111140403,33.73,2.0,headache,S021
10.88,1.69,29.972869103259843,-1.352088582811769,57.34353979246678,33.73,2.0,headache,S021
-14.63,1.69,29.78436780444298,-0.9101337590945192,57.26670751046246,33.73,2.0,headache,S021
16.18,1.69,29.939624431237558,-1.2237656437062718,57.7986203950472,33.73,2.0,headache,S021
-7.1,1.68,29.353818803221394,-0.8913971847419834,56.943529126046336,33.73,2.0,headache,S021
4.58,1.67,29.336700969013048,-1.190438863841646,57.97602517182849,33.75,2.0,headache,S021
17.88,1.6,28.722564616313374,-0.4772348086301407,57.5169023400512,33.75,2.0,headache,S021
-9.98,1.65,28.404971924204897,-1.2022632538741576,58.18295675778359,33.75,2.0,headache,S021
4.84,1.65,28.968336354461652,0.2356947778162449,57.660067717321034,33.75,2.0,headache,S021
23.19,1.64,28.70526152682917,0.26005883697428905,57.20770663603129,33.73,2.0,headache,S021
-17.77,1.63,29.279258619848274,-3.5022704389646497,58.73947310024806,33.73,2.0,headache,S021
5.88,1.64,28.57658576674891,-2.1886593899373303,57.31383967383417,33.73,2.0,headache,S021
9.27,1.63,29.541076880801103,-3.030730591114613,57.662201663905584,33.73,2.0,headache,S021
-10.44,1.63,28.761761567462035,-3.2956784985065424,57.602771704406194,33.73,2.0,headache,S021
11.67,1.63,29.269121226876454,-2.9933379558499142,57.592251821350125,33.73,2.0,headache,S021
-9.61,1.62,28.816440751980128,-2.99235871770873,57.96867037642208,33.73,2.0,headache,S021
-21.57,1.61,28.41011935251148,-3.7728198899329466,57.94921245433931,33.73,2.0,headache,S021
2.22,1.61,27.827917402527785,-3.812694086719015,57.83525919092132,33.71,2.0,headache,S021
14.13,1.61,28.602013049881325,-4.087569102468908,58.31370548268575,33.71,2.0,headache,S021
-10.81,1.61,27.845463716415153,-2.817285508859784,57.9496455880754,33.71,2.0,headache,S021
17.48,1.61,28.386336395707822,-3.1568514148525004,58.08026120579463,33.71,2.0,headache,S021
11.9,1.61,28.30840978089678,-2.7951233627129013,57.90774524768324,33.73,2.0,headache,S021
-25.02,1.61,27.446759926314133,-3.636713940754949,58.50464061315007,33.73,2.0,headache,S021
1.66,1.61,31.31545744651447,-2.7081164317176656,55.657530132926524,33.73,2.0,headache,S021
17.58,1.61,33.24853887731143,-2.983814173274922,55.77190450152359,33.73,2.0,headache,S021
-12.54,1.62,31.845292869340387,-3.4318139333096602,55.778948267366694,33.71,2.0,headache,S021
-1.56,1.6,32.99820402832192,-2.9583679493695345,55.34200479998635,33.71,2.0,headache,S021
-17.73,1.57,32.11006422158704,-3.7347267874871504,55.97089104669894,33.71,2.0,headache,S021
-16.84,1.56,32.26441893913992,-3.478693997874382,56.121749613725186,33.71,2.0,headache,S021
7.28,1.58,31.350566733790636,-3.2989047623790726,56.606510914654,33.71,2.0,headache,S021
-7.66,1.54,32.488655777585954,-2.224746992314176,55.598062959227775,33.71,2.0,headache,S021
3.8,1.54,32.140513011976914,-2.00835335402381,55.868296302251466,33.71,2.0,headache,S021
6.3,1.53,32.68293456926023,-1.7510717525664774,55.91712780319534,33.71,2.0,headache,S021
-14.74,1.52,32.14356231246986,-1.7926595552313165,56.05454788383049,33.73,2.0,headache,S021
-0.36,1.51,32.42618747209852,-2.0795148072327594,55.96504144818835,33.73,2.0,headache,S021
-2.57,1.51,31.662299609301183,-1.7884994716264038,56.010585983267646,33.73,2.0,headache,S021
2.45,1.5,32.10381469913285,-2.1216605939256103,56.04656521724063,33.73,2.0,headache,S021
21.7,1.5,31.928914641705102,-1.8778877434590142,56.07513938146566,33.73,2.0,headache,S021
4.98,1.5,32.4014539228656,-2.1456811904141064,56.16354087122671,33.73,2.0,headache,S021
-13.67,1.49,31.82530330019881,-1.7792872506169275,56.207720137020495,33.73,2.0,headache,S021
12.03,1.48,32.29775030854483,-2.850672324562849,56.18137564709824,33.73,2.0,headache,S021
-5.86,1.48,32.372561784396346,-2.6613957309375174,56.445902845123825,33.71,2.0,headache,S021
-12.94,1.48,31.732123424510124,-1.6092136681525304,56.27718983956541,33.71,2.0,headache,S021
15.14,1.48,30.330401243436402,-1.2628980877433686,56.29367291521776,33.71,2.0,headache,S021
-9.4,1.46,31.84255389566233,-3.1682943424438865,56.10204587839715,33.71,2.0,headache,S021
-3.5,1.46,31.00782841659937,-4.800622488290437,56.75457065334616,33.73,2.0,headache,S021
15.74,1.46,32.116048102943246,-4.953545253838463,56.15235891659594,33.73,2.0,headache,S021
-6.32,1.46,31.527454841810915,-4.117878444630776,56.09304035775842,33.73,2.0,headache,S021
9.94,1.45,31.92784453797742,-4.638531639682444,56.114596297228395,33.73,2.0,headache,S021
-5.89,1.45,31.402473263827922,-4.5201987907408885,55.91707088988522,33.71,2.0,headache,S021
-19.91,1.45,31.528108349228358,-4.525754212988118,56.63439316823952,33.71,2.0,headache,S021
11.09,1.44,35.62215424960246,-2.350151006831203,53.954843484963554,33.71,2.0,headache,S021
3.63,1.43,38.41576021876536,-0.6769452504201536,52.11328047664715,33.71,2.0,headache,S021
-18.87,1.47,33.482949970925546,-1.0726438822088267,54.61262041712895,33.71,2.0,headache,S021
19.64,1.5,37.473054243083986,-1.275726818650773,53.250120137832525,33.71,2.0,headache,S021
-11.64,1.5,35.92894243499033,-0.7693216121947655,53.51525513772656,33.71,2.0,headache,S021
33.38,1.5,40.48074859131984,-0.25568617841464303,51.03325765666633,33.71,2.0,headache,S021
38.75,1.5,41.00987007338974,-1.8692732117751238,49.78256389141618,33.71,2.0,headache,S021
-13.99,1.51,42.668743516272684,-2.236526657201671,49.20710499638499,33.71,2.0,headache,S021
-14.12,1.52,41.04576272214991,-3.0441064442306893,48.60170810946845,33.71,2.0,headache,S021
13.28,1.18,58.19763210449349,-4.063663625695461,33.58517961492681,33.71,2.0,headache,S021
10.68,1.17,58.68548322040843,-5.487579607331001,24.360505874049558,33.73,2.0,headache,S021
39.97,1.54,66.9156382252565,-5.5917982953406975,13.353690804359653,33.73,2.0,headache,S021
19.76,1.5,61.14420271063691,-2.770584461361587,16.437507508685556,33.73,2.0,headache,S021
5.35,1.47,63.06819154299655,-2.7487216750470105,18.245222939371835,33.73,2.0,headache,S021
-98.09,1.54,63.49053136801596,-6.398966383914994,4.1447769771019365,33.73,2.0,headache,S021
-117.59,1.45,70.26628765106129,-2.256253024899288,-28.47572813561264,33.73,2.0,headache,S021
-49.76,1.42,51.150911694736436,-3.14301321456419,19.956572911566514,33.73,2.0,headache,S021
27.78,1.68,25.969167231365965,-12.369846039157252,60.92414582880121,33.73,2.0,headache,S021
21.35,1.73,32.325358165139264,-10.492276949082507,54.42128622419383,33.71,2.0,headache,S021
-5.7,1.9,30.69057390422691,-8.153940182394505,55.22256749694655,33.71,2.0,headache,S021
118.78,1.95,31.371400066046235,-11.136635559340686,55.498003136127444,33.71,2.0,headache,S021
116.84,1.97,29.484304033450794,-10.628395821025778,56.06512734832532,33.71,2.0,headache,S021
-30.96,1.98,29.310964025471616,-12.092758668556467,57.35504340356256,33.71,2.0,headache,S021
-7.93,1.97,26.887414308305054,-11.974004411156457,57.28993381584438,33.71,2.0,headache,S021
-8.41,1.95,27.408891907417416,-12.435782382037047,57.8480332470023,33.71,2.0,headache,S021
-51.07,1.95,25.888925180670515,-12.378842155152814,57.702053752019026,33.71,2.0,headache,S021
-34.4,1.94,26.573731342193362,-12.95674768522824,58.10446285247738,33.71,2.0,headache,S021
-62.87,1.94,25.800753485941993,-11.43708644928862,57.43518737813756,33.71,2.0,headache,S021
-4.33,1.93,27.889581447197997,-12.017299463766708,58.297620116172006,33.71,2.0,headache,S021
-4.65,1.93,29.58959582557173,-10.715415417243912,56.74612624879109,33.71,2.0,headache,S021
-33.46,1.93,31.627986705908672,-12.229662641092297,55.56696128693781,33.73,2.0,headache,S021
5.83,1.92,30.94393714553675,-11.982078921390425,55.46933132000818,33.73,2.0,headache,S021
-3.77,1.92,31.696312675548775,-13.975090098558699,55.53091715356953,33.73,2.0,headache,S021
-20.28,1.92,34.19345810024822,-12.018416265538574,53.553680317930514,33.73,2.0,headache,S021
85.33,1.93,34.24764605097418,-16.16637793530181,54.556523634345815,33.73,2.0,headache,S021
55.63,1.94,27.463912275134266,-15.135646572762045,54.90910209250244,33.73,2.0,headache,S021
-15.2,1.94,27.73796608175796,-15.05681024675188,55.95536284677323,33.73,2.0,headache,S021
18.34,1.92,30.331419792060153,-15.475271515785842,55.81763915138933,33.73,2.0,headache,S021
-9.89,1.92,33.29208381355464,-13.01465260775685,54.52222384521273,33.71,2.0,headache,S021
-104.15,1.93,33.09981913689625,-16.120298637881422,53.03709054274011,33.71,2.0,headache,S021
36.21,1.94,34.95584183184495,-16.748154271786696,52.65686061811347,33.71,2.0,headache,S021
26.25,1.95,38.39841908730543,-16.144352331633524,50.05386495715395,33.71,2.0,headache,S021
5.14,1.97,36.52328618472044,-14.982195904902444,50.7279776213849,33.75,2.0,headache,S021
64.88,1.96,37.72497708342404,-16.981612640264647,51.44324371242093,33.75,2.0,headache,S021
2.34,1.97,38.68179143359397,-15.870972177251813,48.897862188951066,33.75,2.0,headache,S021
-15.18,1.97,40.48618387090966,-16.772804403826456,48.235471421931194,33.75,2.0,headache,S021
3.91,1.97,41.027903937485554,-17.734242525793256,47.86060888640198,33.71,2.0,headache,S021
-25.86,1.97,38.89941755741767,-17.982316915264565,48.394378804562606,33.71,2.0,headache,S021
19.65,1.95,39.45754499594409,-17.964960135612028,48.20768477050451,33.71,2.0,headache,S021
-17.77,1.93,38.833854728084965,-19.185207301250866,48.01476352089374,33.71,2.0,headache,S021
-11.88,1.94,39.30913536657359,-18.72950662084654,48.356514298374066,33.73,2.0,headache,S021
-11.63,1.95,38.833906107223854,-19.705248568617478,47.4451929199345,33.73,2.0,headache,S021
-64.97,1.95,40.378245357073666,-19.714506130087088,47.95853030938589,33.73,2.0,headache,S021
-3.99,1.95,40.159671365410674,-19.133886468995573,47.74649233462321,33.73,2.0,headache,S021
50.38,1.95,39.60350712376082,-17.090850398127586,47.366134167723196,33.77,2.0,headache,S021
-18.68,1.95,39.49415110435199,-19.556648466448337,48.04525601271705,33.77,2.0,headache,S021
-8.15,1.95,41.361542116241665,-18.48032901840473,46.29370396018523,33.77,2.0,headache,S021
50.8,1.94,45.01036620098852,-17.94030147780581,44.78173724358731,33.77,2.0,headache,S021
23.42,1.95,40.94326549632944,-15.488392871245079,47.34603723208545,33.75,2.0,headache,S021
-3.89,1.93,42.5688553990919,-16.288287955758598,48.029794282754516,33.75,2.0,headache,S021
-28.56,1.91,39.23349022745266,-15.928073615842214,47.796967759849515,33.75,2.0,headache,S021
-80.54,1.91,41.61629101336123,-16.44477728651936,47.64054909835157,33.75,2.0,headache,S021
48.01,1.91,40.5206092252323,-16.502205240784257,47.630658365900366,33.75,2.0,headache,S021
87.01,1.91,40.85368813217469,-17.428188819329005,47.918652386695456,33.75,2.0,headache,S021
38.92,1.9,40.84678952425326,-17.314051632250553,47.036604820792384,33.75,2.0,headache,S021
-7.38,1.9,36.91174490434833,-17.64201655018681,48.09924076421643,33.75,2.0,headache,S021
-50.88,1.93,39.19556287822757,-18.014168415770456,48.83135447925147,33.77,2.0,headache,S021
11.6,1.91,39.44755571658457,-17.007471737175006,49.09370067766695,33.77,2.0,headache,S021
45.12,1.9,39.30378865909575,-17.18720751985559,48.81712857023912,33.77,2.0,headache,S021
-14.63,1.88,39.29201710137546,-17.131632528898795,48.89923054637375,33.77,2.0,headache,S021
-26.96,1.87,39.370893030987126,-18.235414681921178,47.80013542764274,33.79,2.0,headache,S021
-34.73,1.88,39.87893742169762,-18.347680924613513,47.50566955294824,33.79,2.0,headache,S021
-55.8,1.88,42.12283872161465,-18.19189600281704,46.56568645153337,33.79,2.0,headache,S021
52.28,1.89,39.930220223213524,-19.252287043950925,46.956477327224405,33.79,2.0,headache,S021
51.47,1.88,41.20215325503661,-18.53133902737061,46.294315059441175,33.75,2.0,headache,S021
-33.47,1.88,41.29372938764249,-18.83633770061765,46.655049567270495,33.75,2.0,headache,S021
-7.83,1.87,40.75095249978773,-19.067606995185905,46.272654475782296,33.75,2.0,headache,S021
23.25,1.86,40.17234683144125,-18.974897956264662,46.862885993892974,33.75,2.0,headache,S021
-49.12,1.86,41.547896502368914,-18.006720358386026,46.572277975865646,33.77,2.0,headache,S021
-12.99,1.86,39.865551450456195,-18.035411909512984,47.577916407466766,33.77,2.0,headache,S021
25.47,1.82,38.606407501095376,-18.900096483471422,48.27975876151162,33.77,2.0,headache,S021
-42.97,1.8,40.83003131263707,-19.006993365351025,47.31972755761842,33.77,2.0,headache,S021
-19.58,1.82,38.07303871748762,-18.496385500443665,48.49192003898904,33.77,2.0,headache,S021
38.93,1.82,38.696515772290205,-17.619980764444197,48.475182313388,33.77,2.0,headache,S021
22.08,1.82,39.5191517003801,-17.395916602802913,48.56660078484276,33.77,2.0,headache,S021
45.79,1.82,40.637500531744486,-17.533226831146692,47.33851950640294,33.77,2.0,headache,S021
-71.83,1.81,43.30320354140779,-15.43016878454963,45.7660182718717,33.77,2.0,headache,S021
-35.85,1.8,43.353104659501525,-14.923994929435038,45.87638073478214,33.77,2.0,headache,S021
38.93,1.76,43.339062206239326,-14.58550931220103,45.58404212761837,33.77,2.0,headache,S021
18.91,1.73,43.58768352573858,-15.080208043175315,46.279191540798905,33.77,2.0,headache,S021
-33.21,1.72,41.97504039385082,-14.847312838806523,46.73613272832076,33.77,2.0,headache,S021
-15.46,1.75,43.38486084247825,-15.140743251824265,46.50209954962003,33.77,2.0,headache,S021
15.59,1.76,44.64143878793349,-14.716270521105999,44.941562217947265,33.77,2.0,headache,S021
60.97,1.76,43.064248886386274,-15.5370615596638,46.44243647387673,33.77,2.0,headache,S021
64.26,1.75,44.86158722074223,-14.64517537229016,44.326196031749326,33.79,2.0,headache,S021
-28.22,1.75,41.854644766487525,-14.95699752340262,46.60261575476413,33.79,2.0,headache,S021
-0.15,1.75,44.615157780502265,-15.147403608745895,45.61493667607495,33.79,2.0,headache,S021
8.26,1.74,45.429166611646686,-14.231482902135255,43.439770167718734,33.79,2.0,headache,S021
-16.41,1.75,45.227121255590625,-14.902438483739264,44.1790553101641,33.79,2.0,headache,S021
-0.2,1.72,45.515155220770566,-14.868730062837686,44.04283951925998,33.79,2.0,headache,S021
-47.93,1.72,45.239300109578366,-15.33195693840345,44.30032630299146,33.79,2.0,headache,S021
-1.8,1.73,45.16072558872123,-14.906270216051457,43.39384793022575,33.79,2.0,headache,S021
38.31,1.73,47.12610673761821,-14.879297036031469,43.10132603398988,33.79,2.0,headache,S021
-41.24,1.73,45.29531900340181,-13.504787748926681,44.81989365683081,33.79,2.0,headache,S021
-2.08,1.74,40.730414791011476,-13.17905032837611,48.12057120278213,33.79,2.0,headache,S021
27.32,1.76,40.81358047648295,-12.8944424095975,48.32747990347077,33.79,2.0,headache,S021
-26.96,1.76,39.329693231109914,-14.333398332527553,49.56774592529356,33.77,2.0,headache,S021
-16.86,1.76,38.96715537038379,-14.203677984425337,50.119663454845366,33.77,2.0,headache,S021
34.67,1.79,39.170342150264176,-13.722912067467975,49.80399786342055,33.77,2.0,headache,S021
30.95,1.81,39.48892887655055,-14.023542150951723,49.65495044801785,33.77,2.0,headache,S021
16.96,1.8,38.78264875945355,-13.716632462883542,49.915376439066485,33.79,2.0,headache,S021
-1.02,1.73,40.97332103263382,-13.994400950217562,48.54549185432883,33.79,2.0,headache,S021
6.59,1.8,40.843709318614835,-14.647760035343971,48.50629699267254,33.79,2.0,headache,S021
14.48,1.78,40.38172978289983,-14.395669585919856,47.948385179893634,33.79,2.0,headache,S021
-31.04,1.79,39.71691604448127,-15.040699856482133,49.87073464870456,33.79,2.0,headache,S021
-24.98,1.74,36.83719449155407,-15.112757239997999,51.00259997590659,33.79,2.0,headache,S021
26.8,1.74,38.09852385410108,-14.695248692245096,50.89636301496269,33.79,2.0,headache,S021
19.2,1.72,38.73876459192467,-15.01761421336674,50.17992792742377,33.79,2.0,headache,S021
-16.78,1.72,38.76606596462425,-14.361927358208467,50.11872604779624,33.79,2.0,headache,S021
-34.27,1.73,38.84934041490707,-14.030063167604782,49.98225775612187,33.79,2.0,headache,S021
-28.9,1.75,39.02187502642598,-14.103224977044277,49.702479203409325,33.79,2.0,headache,S021
-7.89,1.76,40.67585035223141,-14.762718318257619,48.44108480505076,33.79,2.0,headache,S021
23.04,1.76,39.366403206455765,-15.367964433245424,49.10604496591444,33.79,2.0,headache,S021
-8.2,1.79,38.198980140460534,-15.101697579346071,50.337183007512316,33.79,2.0,headache,S021
3.34,1.78,38.019026970864346,-14.752821071158898,50.22736414546979,33.79,2.0,headache,S021
34.69,1.77,38.33204905524002,-14.317144480350878,50.18741497472148,33.79,2.0,headache,S021
-25.07,1.77,39.76278596164798,-14.980352982986032,49.42379763273,33.81,2.0,headache,S021
-23.39,1.77,38.68997484241241,-15.600228197649223,49.77025867234116,33.81,2.0,headache,S021
27.72,1.74,37.296079026055,-14.189191917055634,52.35308563856642,33.81,2.0,headache,S021
25.3,1.74,35.67735789969879,-13.372022192708089,52.666611951626194,33.81,2.0,headache,S021
-15.91,1.74,37.34094942356339,-14.979235908461957,51.357950875298364,33.79,2.0,headache,S021
-18.28,1.74,35.61032556897075,-16.62844605046971,51.794916740567274,33.79,2.0,headache,S021
-22.28,1.77,37.2934222968547,-16.680199781516936,50.45576704103531,33.79,2.0,headache,S021
89.99,1.74,37.73142323893828,-17.812262485796353,50.742651360467036,33.79,2.0,headache,S021
43.81,1.74,35.77190812226595,-17.35526523128481,50.68419250210929,33.81,2.0,headache,S021
-38.58,1.74,37.49589077655553,-18.14033905489333,50.38762820198277,33.81,2.0,headache,S021
-0.45,1.71,35.85288278643209,-18.482131194272146,50.785199253416884,33.81,2.0,headache,S021
-20.39,1.72,37.71827468630707,-17.51133376828233,50.131914429354715,33.81,2.0,headache,S021
-7.44,1.72,37.0909291451523,-17.34770744448775,50.150176459074046,33.79,2.0,headache,S021
-43.1,1.72,36.87387623361805,-18.251520877730698,49.96372003051265,33.79,2.0,headache,S021
-12.04,1.72,36.656276391463756,-18.61851572453436,50.54262387640192,33.79,2.0,headache,S021
-18.33,1.72,36.236604916938795,-18.740236116157867,50.63783313142488,33.79,2.0,headache,S021
-23.51,1.73,36.138955460438964,-18.192059287352777,50.49541046809693,33.81,2.0,headache,S021
24.68,1.73,36.24573263007175,-18.208519932773147,50.74982518110251,33.81,2.0,headache,S021
-11.34,1.72,36.55850334393678,-18.424025349888108,50.51050168636288,33.81,2.0,headache,S021
11.16,1.72,36.50218301690478,-18.454489579158516,50.69150622457391,33.81,2.0,headache,S021
37.62,1.71,38.14621928892591,-18.193709082839476,49.10839181584788,33.81,2.0,headache,S021
-10.13,1.71,41.09793403476344,-18.17744477156592,47.282410387124266,33.81,2.0,headache,S021
-6.14,1.7,41.55058964739464,-18.24311091936554,46.3726933771516,33.81,2.0,headache,S021
23.2,1.69,41.85919880385584,-19.067089757211818,46.04804733356093,33.81,2.0,headache,S021
-14.78,1.69,42.87639755953409,-19.041078435885296,44.82854887234442,33.79,2.0,headache,S021
-4.83,1.69,44.38033923299468,-18.913118793341745,43.97234080308233,33.79,2.0,headache,S021
20.89,1.68,43.764716248219095,-18.944352661378705,44.05520295807551,33.79,2.0,headache,S021
13.27,1.68,43.4170381393722,-19.13626570650483,44.31957288925351,33.79,2.0,headache,S021
-3.28,1.68,43.76507272344446,-19.012979231530252,44.19978117157693,33.79,2.0,headache,S021
-3.2,1.67,43.97840701446512,-19.033127366106164,44.13404624374506,33.79,2.0,headache,S021
-22.45,1.66,43.71386498721947,-19.09865848400936,44.24149885995308,33.79,2.0,headache,S021
-19.35,1.66,43.601574472166796,-19.254828797241867,44.32904373905839,33.79,2.0,headache,S021
-0.42,1.66,43.20041373733458,-18.80917422871644,44.28454541655745,33.81,2.0,headache,S021
1.44,1.66,43.65243213865943,-18.65372258889309,44.142351404126025,33.81,2.0,headache,S021
2.91,1.65,45.11458266359499,-18.240700021418146,43.68522022868226,33.81,2.0,headache,S021
-15.45,1.66,44.245989606022576,-18.159215753041902,44.43325137127337,33.81,2.0,headache,S021
-5.08,1.66,43.71342172117719,-18.139762329099106,44.46576108902302,33.77,2.0,headache,S021
-9.19,1.65,41.825514784582374,-18.454740730212283,46.37658689196413,33.77,2.0,headache,S021
-15.63,1.65,40.782653293970974,-17.422193942101373,46.87015891985353,33.77,2.0,headache,S021
13.73,1.65,39.07977020206505,-18.43175189297678,48.486852568150375,33.77,2.0,headache,S021
28.39,1.64,39.42049415476925,-17.313439346932977,48.525954262472645,33.81,2.0,headache,S021
-18.97,1.64,37.824703433541735,-17.584193561818903,50.12924952900875,33.81,2.0,headache,S021
-17.16,1.63,38.56154165069361,-16.59453920061132,49.38528002979063,33.81,2.0,headache,S021
2.95,1.64,39.215602123257206,-16.84706289612429,49.649479645434006,33.81,2.0,headache,S021
-18.42,1.64,37.62234431538046,-16.913225909445718,50.27602086692497,33.79,2.0,headache,S021
23.33,1.64,39.45951362314939,-16.55459261886184,49.370141427841276,33.79,2.0,headache,S021
22.56,1.65,39.60124532619942,-16.528411970366395,48.715533597056094,33.79,2.0,headache,S021
0.55,1.68,39.508711021958284,-16.393546039226802,48.99522212314578,33.79,2.0,headache,S021
19.03,1.7,38.294274079540656,-16.24235598757563,49.712848036492524,33.81,2.0,headache,S021
3.21,1.73,37.57107988082735,-15.029255555013197,50.75101331096667,33.81,2.0,headache,S021
4.59,1.77,37.163567110000216,-15.196087247549798,50.76780867508856,33.81,2.0,headache,S021
16.94,1.81,36.17790479894521,-15.8797994694045,51.99219219523008,33.81,2.0,headache,S021
-13.83,1.87,36.9731252474431,-15.745812379721851,50.891023673332924,33.81,2.0,headache,S021
8.42,1.96,38.25169541921487,-15.328349268236567,49.96252512563182,33.81,2.0,headache,S021
51.2,2.02,38.51168669470586,-15.152714230687776,50.43234780569667,33.81,2.0,headache,S021
-10.8,2.07,36.79309099578759,-15.315432611929628,50.86138144493889,33.81,2.0,headache,S021
11.71,2.09,36.528629971035336,-15.364539524819406,51.537450855375766,33.81,2.0,headache,S021
33.48,2.08,35.035572539089046,-15.89680493224198,52.274783099415906,33.81,2.0,headache,S021
-9.79,2.08,36.2448994595654,-15.051914397222497,51.53113888797484,33.81,2.0,headache,S021
-40.03,2.07,35.85073497058387,-15.83604009231326,52.28769402276664,33.81,2.0,headache,S021
-28.86,2.05,34.24185337975676,-16.284581266917524,52.152362302568974,33.83,2.0,headache,S021
-20.11,2.04,34.99303895966732,-16.020329123512205,52.13028747445246,33.83,2.0,headache,S021
-24.58,2.01,38.582491409277935,-14.562688549556203,50.180233675849294,33.83,2.0,headache,S021
8.51,1.98,40.61868094593202,-13.710333625590847,48.63612717407603,33.83,2.0,headache,S021
-15.05,1.97,42.315594153942484,-13.989930626045284,47.918869307855594,33.81,2.0,headache,S021
-23.52,1.84,41.78579813512124,-14.477999146585644,47.80814318724429,33.81,2.0,headache,S021
21.13,1.93,41.9943778863159,-14.24961377879823,47.56751582376163,33.81,2.0,headache,S021
25.76,1.93,41.47061320031801,-14.794203135776327,48.170838768258875,33.81,2.0,headache,S021
-14.11,1.93,40.83056379479533,-15.035603876201238,47.69539280599362,33.81,2.0,headache,S021
16.14,1.92,41.02582320125128,-14.850367032627608,48.131189216038784,33.81,2.0,headache,S021
10.71,1.91,40.7951113003822,-15.020984908507332,48.06511521958896,33.81,2.0,headache,S021
-31.93,1.89,40.78823493389921,-14.541993341487323,48.49424919072858,33.81,2.0,headache,S021
17.55,1.88,40.54572265585912,-15.04084770073016,48.39090427882808,33.81,2.0,headache,S021
11.5,1.88,40.94965892886005,-14.79916494168323,48.41189881563133,33.81,2.0,headache,S021
-22.35,1.87,40.46371698502993,-14.611935859160036,48.21146948914096,33.81,2.0,headache,S021
-9.95,1.87,40.98545527156213,-14.887328261201116,48.0124783141521,33.81,2.0,headache,S021
1.21,1.85,40.215227445398355,-15.030917428717348,48.3888241786125,33.81,2.0,headache,S021
31.25,1.84,40.85942243681018,-14.952898926417717,48.46483680966747,33.81,2.0,headache,S021
26.07,1.83,39.92244075447855,-15.38390329620887,48.579393816024954,33.81,2.0,headache,S021
-11.97,1.81,40.207829813144606,-15.087495787825237,48.4949492630442,33.81,2.0,headache,S021
-12.32,1.81,40.08969221496358,-15.134443634756082,48.65426463475918,33.81,2.0,headache,S021
23.54,1.81,41.033672245002926,-15.533949795395628,47.918692685052285,33.81,2.0,headache,S021
-18.69,1.82,40.110613926901344,-15.719191766599376,48.49390954834637,33.81,2.0,headache,S021
8.07,1.82,41.19454212629303,-15.655902884328556,47.76914554616243,33.81,2.0,headache,S021
-34.92,1.82,42.39583903635818,-15.793230808239619,46.556819316003626,33.81,2.0,headache,S021
-6.09,1.8,40.34699152666601,-15.887241557170412,48.40596826565925,33.81,2.0,headache,S021
35.85,1.77,41.03240912360201,-16.070863596988676,47.37072692058863,33.81,2.0,headache,S021
0.37,1.78,41.924737668311884,-16.344648332299105,46.813627123703846,33.81,2.0,headache,S021
0.48,1.79,42.70161563372517,-16.992738759012514,45.98386745913913,33.79,2.0,headache,S021
41.96,1.79,42.12242817533361,-17.772087630142288,45.599856279340266,33.79,2.0,headache,S021
-66.21,1.81,44.34473212802427,-17.56234300329924,44.79762095609607,33.79,2.0,headache,S021
-40.81,1.82,44.881588288602416,-17.58790429970804,44.20775786280036,33.79,2.0,headache,S021
66.22,1.83,44.73272537212792,-16.857842749653436,43.917882754519646,33.81,2.0,headache,S021
47.33,1.84,45.3417543092345,-17.24886688092442,43.32480299877956,33.81,2.0,headache,S021
20.22,1.84,45.87110667987104,-17.506379877484612,43.10795918475177,33.81,2.0,headache,S021
-44.94,1.85,45.897052445720476,-18.0514517184223,42.635916697292984,33.81,2.0,headache,S021
-46.59,1.88,45.12121723441749,-17.413460570908743,43.667081563722384,33.79,2.0,headache,S021
-5.84,1.88,44.85377411799234,-16.750943459559373,43.499765787561216,33.79,2.0,headache,S021
-3.66,1.87,44.77273407661764,-17.025424427597674,44.425447337853036,33.79,2.0,headache,S021
-26.97,1.87,44.532334315542194,-17.44807599203386,43.81228107866268,33.79,2.0,headache,S021
-31.77,1.87,44.22692799845414,-17.56853522474125,44.202438498799985,33.81,2.0,headache,S021
41.25,1.87,42.945657471891224,-18.14239195847685,45.74038709891058,33.81,2.0,headache,S021
18.12,1.85,40.150304943474644,-17.27504986082821,47.68254094073729,33.81,2.0,headache,S021
-9.91,1.85,38.5680972210807,-17.692881128539476,49.066423398992974,33.81,2.0,headache,S021
12.25,1.85,39.9532201330981,-17.20656485622133,48.45469117201122,33.81,2.0,headache,S021
-17.51,1.85,39.035106947692725,-17.54765954937055,49.01012268574498,33.81,2.0,headache,S021
6.26,1.84,38.95089041705664,-17.062520917122857,49.08419195373297,33.81,2.0,headache,S021
-25.44,1.82,38.79008638629152,-17.804749233835857,49.07749448825895,33.81,2.0,headache,S021
24.01,1.82,39.39943692550723,-17.650480246269037,48.59999431123855,33.83,2.0,headache,S021
70.94,1.82,38.74998386848374,-18.044314379965822,48.65863413533461,33.83,2.0,headache,S021
-4.87,1.82,39.08888080503887,-17.731664680546032,48.23945137220934,33.83,2.0,headache,S021
-22.15,1.83,38.41992295775372,-17.94538333170228,49.06928651800568,33.83,2.0,headache,S021
10.76,1.84,39.59357362849054,-17.880677186523606,48.66305299295577,33.79,2.0,headache,S021
2.64,1.84,37.52253065460165,-18.424223343941105,49.1259659709495,33.79,2.0,headache,S021
12.31,1.84,46.171444488699336,-15.982241018306764,43.06885431660674,33.79,2.0,headache,S021
-30.81,1.84,51.07652530057047,-14.699970731465442,39.72058128405458,33.79,2.0,headache,S021
-14.71,1.84,40.31275245468508,-17.461153356290463,46.18841570290031,33.79,2.0,headache,S021
1.22,1.82,40.36595477217157,-17.330074709513443,48.00717456560992,33.79,2.0,headache,S021
-67.61,1.82,39.99509184829912,-17.64613619543423,47.98980878812925,33.79,2.0,headache,S021
14.78,1.83,38.48673285056683,-17.408216573042832,48.95552581678667,33.79,2.0,headache,S021
61.74,1.83,38.89681518530477,-17.926296499473565,48.894839466556036,33.79,2.0,headache,S021
-17.46,1.82,39.25671400588966,-17.69072340978273,48.406472097487516,33.79,2.0,headache,S021
35.38,1.83,40.25637748022381,-17.306832398325355,47.80521064246357,33.79,2.0,headache,S021
13.76,1.83,40.306931068093675,-17.26343215989359,47.851911480628544,33.79,2.0,headache,S021
-33.28,1.83,39.716265694610975,-17.11723495430372,48.360672377409266,33.77,2.0,headache,S021
3.34,1.82,39.21513806033771,-17.66213887577511,48.61398165705752,33.77,2.0,headache,S021
9.24,1.82,38.467627498124344,-17.670129762520613,49.62880421250656,33.77,2.0,headache,S021
-25.31,1.8,37.49902564155987,-18.136036220183204,49.62997030194693,33.77,2.0,headache,S021
-11.13,1.8,38.197563870374886,-17.528968575661608,49.107229737206914,33.75,2.0,headache,S021
10.35,1.8,38.84303258059937,-17.592183262898573,49.032159638626744,33.75,2.0,headache,S021
-45.54,1.78,38.51772124803905,-17.636845767209813,49.00531299073618,33.75,2.0,headache,S021
27.65,1.77,38.52685442679204,-17.672372222249056,49.2577237526976,33.75,2.0,headache,S021
78.57,1.78,38.47031772049356,-17.888112059650584,48.975349318624524,33.77,2.0,headache,S021
-6.08,1.78,38.26734640838582,-18.091390210371134,49.05444013725091,33.77,2.0,headache,S021
-28.88,1.77,38.972789384682805,-17.5946613578917,49.01894431910416,33.77,2.0,headache,S021
12.3,1.76,37.8111330076164,-17.29253582265591,49.76398567909796,33.77,2.0,headache,S021
4.37,1.77,36.710063039315536,-17.88305282411668,50.48084906573854,33.75,2.0,headache,S021
-15.67,1.76,37.651654106412956,-16.890942614151403,50.43084897310285,33.75,2.0,headache,S021
-5.31,1.76,37.653197805961504,-17.061282690132682,50.05551268472846,33.75,2.0,headache,S021
-13.8,1.75,39.21516249281183,-17.864498463823512,48.915531296136166,33.75,2.0,headache,S021
2.97,1.75,41.09617427411267,-16.248904298936154,47.19142848296145,33.73,2.0,headache,S021
15.24,1.75,41.02114265127802,-17.014456263318205,48.1083796561359,33.73,2.0,headache,S021
-28.13,1.74,41.65338815914565,-16.793266660419178,47.05590878721485,33.73,2.0,headache,S021
29.32,1.74,42.289640417141044,-16.723369381545265,46.711721836489744,33.73,2.0,headache,S021
-51.71,1.74,41.79963700823846,-16.57189617772041,46.49292431430236,33.73,2.0,headache,S021
-56.93,1.74,41.026432042131866,-16.78193615429274,46.993716502984,33.73,2.0,headache,S021
70.34,1.74,42.19884058933603,-16.49392237425165,46.60765937262698,33.73,2.0,headache,S021
28.75,1.76,41.18887600053341,-16.816720276372727,47.04263688210837,33.73,2.0,headache,S021
50.42,1.75,42.20699068369122,-17.085589481509228,47.570040354365304,33.73,2.0,headache,S021
30.87,1.75,40.49301419079786,-17.348728999909486,47.27279149057794,33.73,2.0,headache,S021
-52.3,1.78,41.665249387082646,-16.7772020275233,47.19361274620054,33.73,2.0,headache,S021
-49.73,1.77,39.77380192081823,-16.802498528014517,48.66303510600435,33.73,2.0,headache,S021
53.51,1.77,38.93128250675135,-15.765886549730665,49.23767280826291,33.75,2.0,headache,S021
-7.24,1.76,38.789304151971955,-15.897736862893602,48.82886339486342,33.75,2.0,headache,S021
25.52,1.75,42.202357068483515,-16.172168717833973,47.294612488266715,33.75,2.0,headache,S021
-29.99,1.74,37.24153192135481,-17.117514234119575,50.34552437336303,33.75,2.0,headache,S021
-63.25,1.75,37.08341581701666,-16.99557912606281,50.14554688090135,33.79,2.0,headache,S021
5.59,1.74,39.14043495967996,-19.343826149707688,49.79666623991416,33.79,2.0,headache,S021
-18.78,1.75,37.357990361213794,-14.167486355041767,48.841130915653096,33.79,2.0,headache,S021
-19.24,1.77,41.93752472937077,-12.194517594804221,50.394661260531294,33.79,2.0,headache,S021
29.96,1.75,31.31055178205794,-12.1791203349196,53.83294036121984,33.79,2.0,headache,S021
11.37,1.74,31.05802305684531,-13.016927246234925,56.10106176539495,33.79,2.0,headache,S021
-35.86,1.84,28.701843982139547,-13.588779327040779,55.72130275450688,33.79,2.0,headache,S021
22.56,1.9,30.97297459551988,-13.281204368642584,55.6728062307566,33.79,2.0,headache,S021
-1.83,1.95,31.447444035108386,-12.769484791264803,55.116591774002956,33.79,2.0,headache,S021
-8.41,1.97,32.50350599486393,-15.127020918424822,54.91723561208271,33.79,2.0,headache,S021
28.95,1.96,31.096881029078393,-15.68904511226342,54.556088389656246,33.79,2.0,headache,S021
-10.35,2.0,31.414838930343297,-14.86259449830684,54.37484723166719,33.79,2.0,headache,S021
11.13,2.02,31.08822772450776,-16.027330772955693,54.520522917804065,33.81,2.0,headache,S021
2.57,2.03,31.158583655590256,-16.54580832511852,54.26005175859882,33.81,2.0,headache,S021
20.97,2.04,29.22935996981036,-17.052483000019336,54.246085714321424,33.81,2.0,headache,S021
13.16,2.05,32.25407290591247,-16.74560615335687,54.74302495803563,33.81,2.0,headache,S021
11.36,2.05,50.96618641571811,-7.732322659146119,38.19475348040795,33.81,2.0,headache,S021
-1.75,2.07,54.210463895248,-7.14159136800886,35.32301548408081,33.81,2.0,headache,S021
-46.9,2.02,56.3371873943034,-10.22493731044874,31.464697816047735,33.81,2.0,headache,S021
-42.54,1.97,62.05744399741262,-7.96320423645857,23.863022214073055,33.81,2.0,headache,S021
-107.29,1.95,57.89150986898409,-8.161726060478657,26.960254585388505,33.81,2.0,headache,S021
71.1,1.94,61.64310386322529,-6.356217987905477,24.725473379048445,33.81,2.0,headache,S021
84.51,1.9,57.397477616042195,-8.098132410607768,27.847396523499167,33.81,2.0,headache,S021
7.52,1.86,64.42446796326199,-3.910863873396785,24.358763017167895,33.81,2.0,headache,S021
-2.1,1.86,47.342065973463946,-7.747901531108153,40.814490840729704,33.83,2.0,headache,S021
30.46,1.86,30.673005782845777,-7.416420883058796,59.051448191021805,33.83,2.0,headache,S021
-24.66,1.98,24.759272369218454,-8.873383137877516,55.97416288856562,33.83,2.0,headache,S021
-1.33,1.99,23.094246515075923,-12.914962576487884,59.61537628267829,33.83,2.0,headache,S021
72.99,2.0,28.256235971531577,-2.878683351981895,58.155622137395696,33.79,2.0,headache,S021
18.96,2.02,29.102485533058353,-4.7156839034954885,61.848137954673284,33.79,2.0,headache,S021
-33.66,2.04,35.45225165641947,-0.5255189001582571,49.51440996041548,33.79,2.0,headache,S021
-46.9,2.05,42.82719695398314,-8.558903590508502,37.71001031134046,33.79,2.0,headache,S021
-8.27,1.98,68.71747706114385,-7.83468363407712,27.544829770519065,33.81,2.0,headache,S021
72.42,1.89,61.34991351985564,-8.574298668959827,9.472083206968215,33.81,2.0,headache,S021
72.0,1.88,70.36982263242207,-8.762072336139711,-4.489621306919868,33.81,2.0,headache,S021
-26.83,1.86,61.802025192514094,-11.730303635552838,18.554147223332574,33.81,2.0,headache,S021
-84.35,1.98,40.47168164278793,-5.569885461880912,46.701781218852204,33.83,2.0,headache,S021
-31.59,1.95,27.37660917599451,-11.859205966158859,57.41673480590795,33.83,2.0,headache,S021
-11.29,1.85,44.46031847975723,-11.276181100108037,46.80171896666859,33.83,2.0,headache,S021
-28.78,1.95,51.353684599765295,-9.99239770546773,39.524685198960796,33.83,2.0,headache,S021
71.25,1.98,60.07436877027599,-8.787571080444728,27.945797011551036,33.81,2.0,headache,S021
50.43,2.0,58.63157021281183,-7.800329292041651,25.213929971002816,33.81,2.0,headache,S021
-133.21,1.84,53.687780640749644,-9.854422534084307,35.62246492904529,33.81,2.0,headache,S021
-26.59,1.62,49.64527079376237,-10.578240877339372,39.880543632302064,33.81,2.0,headache,S021
24.3,1.85,51.301820606779,-10.751533152483647,39.77478109770723,33.83,2.0,headache,S021
74.33,1.77,48.89052351413167,-11.23846014145397,40.69294253346224,33.83,2.0,headache,S021
61.44,1.78,49.616620311637725,-11.626416896275385,40.864634041011875,33.83,2.0,headache,S021
-97.38,1.8,48.70969814977974,-11.563702363040582,41.379735196839896,33.83,2.0,headache,S021
-34.23,1.87,49.631461403148926,-11.183550726563142,41.13150842368851,33.83,2.0,headache,S021
-9.37,1.92,48.71119049610046,-11.44849020883843,41.640951177459065,33.83,2.0,headache,S021
-2.07,2.03,48.32232160662639,-11.408401808792407,42.431990921727646,33.83,2.0,headache,S021
49.13,2.18,47.15806735982025,-11.199004815052007,42.74857917618623,33.83,2.0,headache,S021
-6.37,2.4,50.18660915205322,-11.057379648292354,40.441357432177895,33.83,2.0,headache,S021
-7.68,2.5,50.968757464411375,-9.877877208359028,39.00997021324052,33.83,2.0,headache,S021
20.15,2.57,51.42330128962458,-10.229079258008825,39.65420832456592,33.83,2.0,headache,S021
-15.38,2.59,49.661330760212905,-10.687077455954263,39.535017610304195,33.83,2.0,headache,S021
-5.51,2.59,51.137541368278185,-11.599660520959972,41.339860572348364,33.83,2.0,headache,S021
25.13,2.69,42.22981593767306,-12.511888422857904,46.151469145003,33.83,2.0,headache,S021
-4.99,2.83,42.01961404497344,-13.14678985636961,47.352566849641704,33.83,2.0,headache,S021
47.04,2.95,40.37551952958424,-14.276150284858643,49.37667116470302,33.83,2.0,headache,S021
33.86,3.01,39.331750783940485,-14.17152366631093,49.33472151811478,33.83,2.0,headache,S021
17.97,3.09,40.20359792823104,-13.811921919720687,48.56488467693566,33.83,2.0,headache,S021
28.91,3.2,42.75088860917917,-13.241891163512365,47.57781831606897,33.83,2.0,headache,S021
-28.9,3.28,43.071753145050074,-12.904763140408306,46.615234585268695,33.83,2.0,headache,S021
-80.93,3.24,44.13559780811027,-12.818210942589884,46.42398487792684,33.84,2.0,headache,S021
-24.3,3.17,42.589857110818976,-12.756496427297018,47.11840808438563,33.84,2.0,headache,S021
15.82,3.11,42.955495786470806,-12.39379765316129,47.36355736532631,33.84,2.0,headache,S021
20.28,3.05,41.08764048652507,-13.063526977509241,48.20338787370375,33.84,2.0,headache,S021
26.81,2.98,42.75880937541499,-12.673313079673026,47.056368125609275,33.84,2.0,headache,S021
-23.29,3.0,41.75072096999368,-12.59666199397442,48.154454074507726,33.84,2.0,headache,S021
15.58,3.23,42.62098691571679,-13.269680009045043,47.4074936477101,33.84,2.0,headache,S021
-19.75,3.57,40.95851404867955,-12.970111168844822,48.890272699996586,33.84,2.0,headache,S021
-36.33,3.72,42.87667769409479,-12.376870749392117,47.446087252867876,33.87,2.0,headache,S021
19.46,3.77,38.184816481656576,-14.645834975177412,51.525461191342806,33.87,2.0,headache,S021
-7.42,3.78,39.70807838170404,-7.597699578647419,48.104818505237304,33.87,2.0,headache,S021
-11.49,3.74,38.93189843858387,-10.047509978760914,51.363997915322095,33.87,2.0,headache,S021
-5.18,3.59,31.827052357680856,-12.112415994813292,55.48320887065259,33.84,2.0,headache,S021
-77.16,3.42,33.00295537101048,-13.475263044113014,53.71936981557878,33.84,2.0,headache,S021
-25.09,3.33,33.30034213306956,-15.275653922029639,54.55240515922982,33.84,2.0,headache,S021
82.89,3.29,34.21181556837039,-14.800538619480172,53.120008330062745,33.84,2.0,headache,S021
15.05,3.25,34.272095211770335,-12.624954598713238,51.803388349614316,33.87,2.0,headache,S021
17.03,3.22,29.351676053953582,-16.03330493630192,54.23194102982815,33.87,2.0,headache,S021
-41.29,3.2,33.47115628102554,-14.150106755138117,52.8028359823426,33.87,2.0,headache,S021
10.63,3.42,41.570868593709605,-12.56178340172757,48.07135130939387,33.87,2.0,headache,S021
-0.78,3.29,53.353073958682856,-11.207682173894876,37.07790331779665,33.87,2.0,headache,S021
-9.32,3.2,51.72183807356941,-12.328554371609227,37.77113996901184,33.87,2.0,headache,S021
47.42,3.01,49.670030034890424,-12.047264120851313,41.04818442914813,33.87,2.0,headache,S021
14.92,2.8,48.317037114771395,-12.952466037746913,41.20077161352501,33.87,2.0,headache,S021
22.88,2.76,50.57705216567293,-13.097013230309425,40.01744279097751,33.83,2.0,headache,S021
86.78,2.66,45.79284163705942,-13.909735139283304,43.8136216314001,33.83,2.0,headache,S021
-6.44,2.67,44.876858768508434,-13.668863404554983,44.857197576203234,33.83,2.0,headache,S021
-152.29,3.0,45.00327509465156,-14.394664252699636,45.37864601892809,33.83,2.0,headache,S021
-48.94,3.36,45.088907557716794,-14.168759470514209,45.131370520195034,33.84,2.0,headache,S021
24.85,3.4,42.12920259538832,-15.57944659168787,46.77705922434287,33.84,2.0,headache,S021
29.32,3.4,41.52939981061965,-14.388796211235965,47.110449912872255,33.84,2.0,headache,S021
22.46,3.58,41.4330210905998,-14.958966609668888,47.6701580061499,33.84,2.0,headache,S021
75.3,3.58,41.660248801905674,-14.393173044952414,47.68457596000881,33.84,2.0,headache,S021
38.69,3.54,39.68043930286283,-14.725308542304688,48.960387290652776,33.84,2.0,headache,S021
-19.86,3.47,39.16664909460255,-14.71348494609446,49.724407366486574,33.84,2.0,headache,S021
-25.15,3.39,39.13108936814567,-14.703002826409328,49.54390315971362,33.84,2.0,headache,S021
-22.15,3.31,38.741594178070656,-14.490370164685276,50.2456107986588,33.87,2.0,headache,S021
-30.02,3.29,37.74314685174537,-14.043798632282352,50.47039742836051,33.87,2.0,headache,S021
13.9,3.27,41.310845622136824,-13.846299857628468,48.547394622935926,33.87,2.0,headache,S021
-33.86,3.24,41.89648864396086,-13.89688075649367,47.80801343655203,33.87,2.0,headache,S021
-62.02,3.18,40.3237976990309,-13.869991621842228,48.877440917889935,33.89,2.0,headache,S021
20.21,3.12,38.90140946777708,-14.15372451826983,49.826770588146026,33.89,2.0,headache,S021
18.03,3.08,39.38375171575492,-14.803296663576674,49.73215956807549,33.89,2.0,headache,S021
17.26,3.03,37.62443788454431,-15.266306635709094,50.59788575207829,33.89,2.0,headache,S021
25.79,2.89,39.8585003651055,-15.021748067216723,49.10855836627694,33.84,2.0,headache,S021
-13.41,2.83,38.975460528541554,-15.033003127404024,49.68480738350384,33.84,2.0,headache,S021
-2.6,2.82,40.101222524632576,-14.381222840983579,49.6447202400557,33.84,2.0,headache,S021
-15.05,2.84,34.2848407887493,-15.349106696241131,52.98654812326249,33.84,2.0,headache,S021
-39.43,2.91,35.509639748704,-13.15326824693609,51.837362467225034,33.87,2.0,headache,S021
12.58,2.94,34.701866456008496,-14.022109774295684,53.57341719944826,33.87,2.0,headache,S021
-22.53,2.94,34.732391279913976,-13.608092777421998,52.4597993431667,33.87,2.0,headache,S021
9.46,2.9,32.300814997266684,-15.526853747990712,54.8024851670949,33.87,2.0,headache,S021
-28.92,2.9,30.759190631248554,-14.363838727753564,54.958282976269416,33.87,2.0,headache,S021
-13.93,2.9,26.523868745086716,-16.051155068675488,57.488772976956355,33.87,2.0,headache,S021
77.93,2.76,27.41740597908576,-15.360639525445984,56.906843251973335,33.87,2.0,headache,S021
-26.15,2.85,28.101326033096043,-14.62897940994714,56.621930988993036,33.87,2.0,headache,S021
-86.21,2.96,29.25091993626057,-14.925162979897067,54.78728675678366,33.87,2.0,headache,S021
85.83,3.11,27.814687218919705,-15.807350019143325,56.69087292054267,33.87,2.0,headache,S021
54.03,3.33,28.29553680943142,-15.30808384066758,55.655772605314375,33.87,2.0,headache,S021
13.88,3.54,24.222910690070872,-15.75442785985919,58.737339096872674,33.87,2.0,headache,S021
76.43,3.64,29.798552805104922,-14.779590023895237,54.685829353561566,33.87,2.0,headache,S021
-39.13,3.66,25.643936625007235,-15.96725516389842,58.40255410115642,33.87,2.0,headache,S021
3.4,3.66,30.84601210508218,-14.630988448722226,53.701906299649856,33.87,2.0,headache,S021
-37.17,3.6,25.75421682518141,-15.825716024048809,60.0920911751896,33.87,2.0,headache,S021
-44.14,3.52,49.49524129810358,-8.18982435817344,30.350177546922794,33.87,2.0,headache,S021
1.82,3.43,70.84674950217564,1.4663985750813702,4.730247344898705,33.87,2.0,headache,S021
-60.63,3.31,45.57782633573065,-8.945348783496497,43.79220785370144,33.87,2.0,headache,S021
8.47,3.03,42.071195516325645,-10.879546354191053,47.33972620640831,33.87,2.0,headache,S021
-37.16,3.02,39.033288613454815,-11.741975032036267,50.975780344102894,33.89,2.0,headache,S021
41.06,3.08,40.84800989639015,-11.159308052094376,48.42385266775369,33.89,2.0,headache,S021
173.52,3.07,39.297297251226915,-11.615004811609731,50.59939941325089,33.89,2.0,headache,S021
40.83,3.04,39.70970247760136,-11.621211417053454,49.46768000721156,33.89,2.0,headache,S021
-50.77,3.06,37.81029188120458,-12.065577336303754,51.54690876112471,33.87,2.0,headache,S021
-38.57,3.01,38.749597693420064,-11.639745400130789,50.532839801782146,33.87,2.0,headache,S021
-33.6,2.99,35.64099098861748,-12.81403413248578,52.974817687952125,33.87,2.0,headache,S021
-39.5,2.97,37.58503608110785,-12.266921661813106,51.169595492568185,33.87,2.0,headache,S021
40.14,2.95,37.56065168833975,-12.082254147394778,51.502415240276875,33.87,2.0,headache,S021
11.14,2.93,38.21936733683172,-12.355992373285344,50.61048973164383,33.87,2.0,headache,S021
-8.55,2.91,37.833559667435985,-12.295616230376309,51.69916779462805,33.87,2.0,headache,S021
16.95,2.89,39.51910562933562,-11.618081044294689,49.84839082220787,33.87,2.0,headache,S021
7.81,2.88,39.162015318998705,-11.589770578026041,50.431779901061354,33.87,2.0,headache,S021
-28.48,2.86,39.72211332150927,-11.465674724263126,49.76369593994152,33.87,2.0,headache,S021
5.9,2.81,40.21599320252269,-10.948304256744994,49.73029888712573,33.87,2.0,headache,S021
-15.78,2.76,39.65783689302783,-11.239038817480962,50.270851289170004,33.87,2.0,headache,S021
-17.9,2.75,39.347627182772555,-11.173724113375982,50.362343803698096,33.87,2.0,headache,S021
11.62,2.79,38.91331153792486,-11.582248569984037,50.47930341823764,33.87,2.0,headache,S021
-2.09,2.79,38.3318790817959,-12.325194493791644,51.06862962441752,33.87,2.0,headache,S021
-16.03,2.83,39.1772924116295,-12.35349653410552,50.04924739723513,33.87,2.0,headache,S021
14.69,2.84,38.61852839206667,-12.757538725233562,50.44425182336467,33.89,2.0,headache,S021
-15.81,2.84,39.78508485604946,-12.308244374690355,49.79302794879148,33.89,2.0,headache,S021
12.92,2.81,38.69218576497033,-12.448822584077641,50.29438130146906,33.89,2.0,headache,S021
14.07,2.8,38.87849485074006,-12.862635166065457,50.263953391429915,33.89,2.0,headache,S021
-23.92,2.78,38.68394698785645,-12.950190477992578,50.412430816933956,33.87,2.0,headache,S021
-7.55,2.76,39.09320196595073,-12.869241704364272,50.299386666891834,33.87,2.0,headache,S021
14.55,2.73,38.20941806388869,-12.975976317121463,50.640175352336996,33.87,2.0,headache,S021
-26.57,2.72,39.1276943809587,-12.97601057938324,49.81953651320137,33.87,2.0,headache,S021
40.43,2.7,38.801650664381725,-12.580813309422686,50.349065792845856,33.89,2.0,headache,S021
5.64,2.68,39.75209020455583,-12.822027432915835,49.456256945964974,33.89,2.0,headache,S021
-14.32,2.67,41.39934131306634,-11.992303333928609,47.83718299437848,33.89,2.0,headache,S021
20.09,2.66,50.2455088757066,-11.568168800143486,40.14097943972183,33.89,2.0,headache,S021
-10.14,2.64,53.09658485430264,-10.244292223371755,36.60302558837371,33.87,2.0,headache,S021
-26.97,2.57,51.378078061523134,-11.344656428568424,39.04807842519483,33.87,2.0,headache,S021
-13.14,2.45,44.485866750413535,-11.520178881383373,45.115560102556,33.87,2.0,headache,S021
-55.88,2.58,40.64972827921185,-12.396214280258656,48.35691110145634,33.87,2.0,headache,S021
32.77,2.81,41.872051266745906,-12.752692911236855,47.820925878531135,33.87,2.0,headache,S021
44.79,3.05,40.78819036692141,-12.334267199591764,49.125009085522024,33.87,2.0,headache,S021
23.89,3.22,40.92425225896251,-12.317518673582828,48.60308779235659,33.87,2.0,headache,S021
32.98,3.3,42.28427544111125,-10.923309608256385,47.37694853114601,33.87,2.0,headache,S021
-16.94,3.32,42.4964242799476,-11.394002168337455,47.99210229569815,33.89,2.0,headache,S021
-32.02,3.26,43.743947079254546,-10.589229790373112,46.607894254306274,33.89,2.0,headache,S021
52.26,3.14,44.16863420028713,-10.942246541795013,46.36309186855079,33.89,2.0,headache,S021
-41.63,3.01,44.59941111885368,-10.618168722298114,46.125789406233714,33.89,2.0,headache,S021
-43.55,2.92,45.140198178494366,-10.721530482521331,45.967635618080834,33.89,2.0,headache,S021
24.27,2.85,44.910112773521135,-10.239119217923315,45.565776284709436,33.89,2.0,headache,S021
4.32,2.79,44.46233212985926,-10.742095195782525,46.99765223087851,33.89,2.0,headache,S021
9.18,2.75,41.141246284970094,-11.727870304576044,49.303410578543584,33.89,2.0,headache,S021
21.63,2.78,34.593558358541,-12.376296097887833,53.54554431056668,33.89,2.0,headache,S021
-12.99,2.89,33.99977169096051,-12.474431890593365,53.473793932165286,33.89,2.0,headache,S021
41.12,2.93,34.51858239782474,-12.076153527606865,53.589012108447946,33.89,2.0,headache,S021
1.44,2.86,36.02230972286343,-12.303566150734884,52.705111039314254,33.89,2.0,headache,S021
-24.39,2.62,34.50517121991811,-12.301025298531838,53.25377417956635,33.87,2.0,headache,S021
-9.59,2.65,35.830819560849896,-11.552980083434361,52.545208366147634,33.87,2.0,headache,S021
-25.65,2.59,36.975950367562675,-12.041552810676473,52.594147270494304,33.87,2.0,headache,S021
3.76,2.5,39.27706118404331,-12.096815055540015,50.12759130350656,33.87,2.0,headache,S021
36.9,2.38,41.989620749147065,-12.128979684006726,48.164742864220365,33.87,2.0,headache,S021
-5.65,2.36,41.70055785993215,-12.267994303811257,47.939963929986554,33.87,2.0,headache,S021
-9.58,2.34,42.22494828633777,-12.24488144428242,47.56807210451359,33.87,2.0,headache,S021
-11.52,2.31,42.22654449176533,-12.207204284968268,47.96110506132251,33.87,2.0,headache,S021
2.04,2.29,40.86241006077213,-12.137723770970906,48.76941270638606,33.89,2.0,headache,S021
13.66,2.32,41.87457290692553,-12.297104155768398,48.38972990483654,33.89,2.0,headache,S021
0.05,2.28,40.26844574542441,-12.064169474159094,49.05596446533782,33.89,2.0,headache,S021
12.07,2.28,39.77472415910157,-12.109722100219109,49.95992285153954,33.89,2.0,headache,S021
-2.17,2.25,37.426348188279604,-12.25691445470442,51.00466013930235,33.87,2.0,headache,S021
-34.74,2.22,39.608081239694435,-11.885726563627253,50.00524909687958,33.87,2.0,headache,S021
17.22,2.19,39.38329959066581,-12.061147354878981,49.869082205158946,33.87,2.0,headache,S021
-8.3,2.16,40.22303965399512,-12.695889829983457,50.100957316201885,33.87,2.0,headache,S021
-9.22,2.17,40.125762733777734,-12.021157885587423,49.1409777301134,33.84,2.0,headache,S021
1.46,2.16,45.179015772041204,-10.581968511646217,44.80502240144488,33.84,2.0,headache,S021
-39.77,2.17,43.673336033826565,-12.170944192309905,46.75193451648553,33.84,2.0,headache,S021
1.99,2.21,43.069384870132794,-11.728375236277778,46.827239958591555,33.84,2.0,headache,S021
4.99,2.23,41.80835535807791,-11.634533571230172,48.03986154413532,33.87,2.0,headache,S021
7.97,2.23,42.283215733977,-12.144921014452674,48.17386451648845,33.87,2.0,headache,S021
29.27,2.21,39.39411936603493,-12.109925428263542,49.576567783684666,33.87,2.0,headache,S021
-8.04,2.19,40.24480426806275,-12.19312464030557,49.95445300315865,33.87,2.0,headache,S021
-1.56,2.16,37.88668790699805,-11.9537376750328,50.82772736525181,33.87,2.0,headache,S021
6.16,2.19,36.10175195900594,-11.629962776554784,52.30575361724884,33.87,2.0,headache,S021
-34.93,2.27,36.50464042269665,-11.89687205729395,52.98262757293383,33.87,2.0,headache,S021
-31.39,2.36,33.875019037442165,-11.898601104707293,53.380464645059305,33.87,2.0,headache,S021
24.93,2.42,34.1798951617545,-12.668324554300195,54.00418243756833,33.87,2.0,headache,S021
16.7,2.51,33.5699601562042,-12.190172211930895,53.573821257587696,33.87,2.0,headache,S021
13.09,2.58,35.0369219872008,-13.03855112847811,54.06261007162252,33.87,2.0,headache,S021
19.59,2.61,33.8098239315046,-12.356485507751572,53.459628193655114,33.87,2.0,headache,S021
-44.43,2.61,34.55497107096917,-12.491517255722012,53.38669813222788,33.89,2.0,headache,S021
-7.68,2.58,36.27749995340957,-12.83723923551029,52.332762343117494,33.89,2.0,headache,S021
21.51,2.52,39.20930472416409,-12.11579157285747,49.8654931417645,33.89,2.0,headache,S021
-11.33,2.48,39.215556582489704,-14.934454730377595,50.49641089515602,33.89,2.0,headache,S021
-4.81,2.48,37.921988280885074,-14.149372158267825,50.455762930836435,33.89,2.0,headache,S021
-10.67,2.63,38.05676765627081,-14.466451967981948,50.567391732435425,33.89,2.0,headache,S021
5.66,2.67,38.77031731942528,-14.27729621380715,50.35467702506982,33.89,2.0,headache,S021
54.62,2.67,38.7232819407202,-14.3231232612564,50.18208066541832,33.89,2.0,headache,S021
23.13,2.68,38.58455099157888,-13.916742640220356,50.37155649901208,33.89,2.0,headache,S021
-31.31,2.65,39.4459193542545,-14.585913462562653,49.70168558882712,33.89,2.0,headache,S021
6.23,2.63,36.16082076851516,-13.851977098038272,52.19733204927012,33.89,2.0,headache,S021
-3.35,2.62,33.179131222636634,-14.42538906765604,54.18858862299512,33.89,2.0,headache,S021
-14.35,2.59,32.08147558231767,-13.937694187653555,55.03536956072111,33.89,2.0,headache,S021
20.16,2.52,30.450487374568166,-12.593125425872735,55.56079471840692,33.89,2.0,headache,S021
-36.33,2.43,32.52798583102143,-13.979359109126737,54.75714450912564,33.89,2.0,headache,S021
-30.08,2.39,33.572927961598516,-13.914897851174914,53.153937438552724,33.89,2.0,headache,S021
8.37,2.26,33.097291553154314,-13.74562994460026,53.97515572298735,33.89,2.0,headache,S021
16.33,2.17,31.723653081947553,-12.349812855026011,54.626150972052045,33.89,2.0,headache,S021
53.49,2.18,33.47007199126183,-13.113232571262591,54.45185504550367,33.89,2.0,headache,S021
15.75,2.23,33.69944540648761,-12.574788968353948,53.72322457777322,33.89,2.0,headache,S021
-10.09,2.12,33.773655325646494,-12.937728018179035,53.32221291850672,33.89,2.0,headache,S021
-4.8,2.15,37.415227952205335,-13.79684181150516,52.177539455435415,33.89,2.0,headache,S021
-1.71,2.13,36.43276189377178,-13.496212571017281,52.27284290128843,33.89,2.0,headache,S021
-27.85,2.16,35.16416087570987,-12.387643154330549,54.30665769307972,33.89,2.0,headache,S021
5.82,2.19,31.297399714367636,-12.8308439083736,54.56027785650839,33.91,2.0,headache,S021
-25.99,2.22,32.545332925191445,-12.7953986294489,54.56031825802722,33.91,2.0,headache,S021
32.82,2.18,36.50600739904077,-12.656186090336245,51.88442006500873,33.91,2.0,headache,S021
13.63,2.27,37.668031071124155,-13.00022784432551,51.71023631597214,33.91,2.0,headache,S021
-16.35,2.14,35.0372119911432,-12.64420461849701,54.080595711741516,33.87,2.0,headache,S021
-17.49,2.09,32.6457035651722,-13.353325109859762,55.456548976184344,33.87,2.0,headache,S021
-26.92,2.21,27.0282987924826,-13.115542786960672,57.22908735973903,33.87,2.0,headache,S021
48.14,2.22,33.18541571901302,-13.84886757236104,55.00503501115788,33.87,2.0,headache,S021
50.55,2.27,28.58393748057599,-13.149688083157256,55.535677185558725,33.91,2.0,headache,S021
-45.95,2.24,31.125953042970103,-11.776319515917539,56.13287745121857,33.91,2.0,headache,S021
11.52,2.19,33.947650875682996,-11.66212618432336,53.91423164470413,33.91,2.0,headache,S021
-21.76,2.34,30.41114956091891,-13.536728819373527,55.29457491841585,33.91,2.0,headache,S021
-18.17,2.29,34.890954874697655,-12.482792085886073,52.48244135521708,33.87,2.0,headache,S021
-48.24,2.29,33.07029732303373,-12.900509114202281,54.59307212021698,33.87,2.0,headache,S021
-14.67,2.21,33.72534837253934,-12.155456268645574,53.0816092323178,33.87,2.0,headache,S021
87.78,2.28,30.235256654677023,-14.200108756507193,56.28835259548921,33.87,2.0,headache,S021
47.71,2.29,31.770969928550915,-13.334439125764305,54.56255081545264,33.89,2.0,headache,S021
40.79,2.34,27.315040343767887,-18.10728440090577,58.70005516434642,33.89,2.0,headache,S021
-13.82,2.39,22.733426962982872,-16.528352164384188,53.87380670428397,33.89,2.0,headache,S021
-24.21,2.43,36.76731002927928,-14.864069456555189,49.774704814706006,33.89,2.0,headache,S021
-55.51,2.52,40.28964805526646,-17.160504109542398,49.93943167406437,33.89,2.0,headache,S021
-29.98,2.52,42.94455801990763,-13.744380850907794,45.199599602504094,33.89,2.0,headache,S021
22.59,2.54,50.85123267735078,-17.10326983797686,39.732691183927,33.89,2.0,headache,S021
33.59,2.54,50.27199674680376,-15.875250038636047,38.07221544614439,33.89,2.0,headache,S021
53.56,2.47,47.91917062657409,-16.873731988176754,40.37520188323307,33.89,2.0,headache,S021
-8.16,2.47,46.82832602999719,-16.915108931640123,41.498043955486324,33.89,2.0,headache,S021
-85.76,2.48,47.226254996132894,-17.593228602773085,42.092035495487686,33.89,2.0,headache,S021
27.83,2.58,47.54855336950163,-16.73464069388739,41.32595551748385,33.89,2.0,headache,S021
56.9,2.61,47.75152895728365,-15.8494017544514,40.43483581455676,33.89,2.0,headache,S021
74.57,2.68,49.70498804820255,-14.525211140585725,39.314212386723625,33.89,2.0,headache,S021
44.99,2.61,49.26758480512606,-14.612018554241715,38.54774383174219,33.89,2.0,headache,S021
-135.72,2.64,50.276848560934084,-15.521576361443257,37.70252665509131,33.89,2.0,headache,S021
-157.33,2.68,50.07112618518251,-16.147849808465743,38.87271246216318,33.89,2.0,headache,S021
-65.13,2.66,47.15688707521569,-14.168902420871069,41.78867058629245,33.89,2.0,headache,S021
24.8,2.71,49.767690672627445,-14.110016775671527,40.29920234622852,33.89,2.0,headache,S021
141.93,2.67,49.665986556639865,-13.210547456508309,40.556063070488484,33.89,2.0,headache,S021
38.25,2.67,49.944915024609465,-13.027094300459078,39.56560301668971,33.89,2.0,headache,S021
-115.19,2.71,51.28398342970127,-12.821241349512071,37.76032477616326,33.89,2.0,headache,S021
-76.07,2.83,52.653944292100654,-13.342531560948238,36.97558705826667,33.89,2.0,headache,S021
-25.16,2.83,50.84983763705267,-12.102118279622436,38.43361115942857,33.89,2.0,headache,S021
66.25,2.75,50.508926367598264,-12.889268215164506,39.57405162289794,33.91,2.0,headache,S021
43.56,2.89,51.79036590907,-11.840849836174195,37.49293311943769,33.91,2.0,headache,S021
-31.49,3.0,52.391909400739436,-11.86309924896256,38.18218500570047,33.91,2.0,headache,S021
10.18,3.04,49.49146705457734,-13.032036607709376,40.200562805971536,33.91,2.0,headache,S021
-16.18,3.03,50.0090369342043,-13.175850285737269,40.08299071420712,33.93,2.0,headache,S021
-40.05,3.03,51.10150303148831,-13.892979545324952,40.09915005493749,33.93,2.0,headache,S021
50.25,3.05,50.40570549908042,-12.290303414462945,38.86987928758901,33.93,2.0,headache,S021
39.67,2.96,49.41317122556067,-13.067434514535897,39.84250959018529,33.93,2.0,headache,S021
44.7,2.99,49.364863907375884,-12.689949816953105,40.382468981957906,33.91,2.0,headache,S021
-27.64,3.11,48.99219054661206,-11.974820843636637,40.298759471897874,33.91,2.0,headache,S021
2.0,3.26,49.995329193336225,-13.375752198958567,39.77900971097811,33.91,2.0,headache,S021
21.99,3.23,49.45770919339871,-14.081040944514559,38.444926500165124,33.91,2.0,headache,S021
-9.0,3.28,51.16347282330412,-12.889675522744156,37.75337280620046,33.91,2.0,headache,S021
32.38,3.38,50.01426472884686,-13.376451335675227,37.787508992598546,33.91,2.0,headache,S021
24.0,3.26,52.85629226828328,-14.651733480562758,37.43126994961574,33.91,2.0,headache,S021
-30.69,2.84,50.53581165760728,-14.243536622887197,38.10454922402254,33.91,2.0,headache,S021
12.19,2.58,48.23581160393235,-15.228719357507615,40.43056077602793,33.91,2.0,headache,S021
20.77,2.61,50.8937472597223,-14.890314219731675,39.00207415980361,33.91,2.0,headache,S021
4.06,2.72,50.07309847154511,-15.148217250688255,39.44304210076774,33.91,2.0,headache,S021
41.59,2.63,48.87939031579388,-14.937976848803178,38.99329501966461,33.91,2.0,headache,S021
-13.85,2.57,50.17298732289304,-16.181302165185354,38.753485936047745,33.89,2.0,headache,S021
-27.22,2.57,50.852295180866676,-16.236780403387606,37.931883943077594,33.89,2.0,headache,S021
64.58,2.53,49.53732242830379,-16.629526652268144,39.08159872356818,33.89,2.0,headache,S021
26.3,2.46,49.59803551682037,-16.85887942720213,39.427353340014825,33.89,2.0,headache,S021
-68.33,2.43,48.85618746915513,-16.70888768467936,40.10188079230306,33.89,2.0,headache,S021
-41.43,2.4,47.711681014897586,-15.934971746408392,40.52260011445827,33.89,2.0,headache,S021
33.61,2.33,47.65448331836102,-16.45416212329383,41.04171867144999,33.89,2.0,headache,S021
15.9,2.31,46.919093705005025,-16.815755817828936,40.80518510474659,33.89,2.0,headache,S021
-41.69,2.31,47.87052945260393,-16.818285299865938,40.67657281236315,33.91,2.0,headache,S021
31.97,2.33,48.23262336008682,-17.043174859120906,40.799848293922864,33.91,2.0,headache,S021
-29.54,2.31,49.64906955652786,-16.776629683844778,39.01907356517005,33.91,2.0,headache,S021
-133.15,2.26,48.58891745805226,-17.059185868426912,39.23764491561219,33.91,2.0,headache,S021
-24.48,2.23,48.43966359163524,-18.008198280720073,40.0710273441959,33.91,2.0,headache,S021
22.55,2.22,49.242006681595456,-18.111727333646737,38.96074040825936,33.91,2.0,headache,S021
47.23,2.22,49.0849104145947,-18.52842525966217,39.350042530103245,33.91,2.0,headache,S021
42.91,2.15,45.65945884514996,-18.64404306478633,43.02145410799234,33.91,2.0,headache,S021
113.19,2.11,39.71237709434631,-17.345837314052716,47.238507197402875,33.93,2.0,headache,S021
49.19,2.24,39.364597374037814,-17.35498849306793,49.70339556549984,33.93,2.0,headache,S021
-93.93,2.17,39.77967246111361,-15.860395709224997,48.933432688193356,33.93,2.0,headache,S021
-176.97,2.18,39.890204650721905,-15.977993422680894,49.014493727232676,33.93,2.0,headache,S021
13.01,2.1,40.62556699407525,-15.544054782039462,48.21798577026545,33.91,2.0,headache,S021
78.3,2.12,40.51227000424922,-15.909880804665463,47.74987925772685,33.91,2.0,headache,S021
-38.2,2.12,41.19062132011287,-15.970081123972335,47.60350117465206,33.91,2.0,headache,S021
-0.74,2.13,40.35315146388904,-16.82740984533418,46.52162528993182,33.91,2.0,headache,S021
-24.06,2.13,42.32666640274697,-15.249568142197187,47.209023444354344,33.93,2.0,headache,S021
-16.16,2.13,46.06306136054903,-13.219562596529245,43.58522932265874,33.93,2.0,headache,S021
24.17,2.22,54.707291237990525,-11.061514619655505,35.99535700764485,33.93,2.0,headache,S021
-13.43,2.25,52.90899066337899,-10.846052174092344,34.985082878433296,33.93,2.0,headache,S021
0.79,2.22,53.83918830740883,-11.462448751546196,33.16997896637218,33.93,2.0,headache,S021
9.9,2.22,54.33124732920187,-13.265111136903238,35.6316865782968,33.93,2.0,headache,S021
30.22,1.99,51.071914084630755,-11.599598451267445,38.52835880630417,33.93,2.0,headache,S021
52.9,1.87,44.77350190315709,-11.799283427191362,45.64801873369041,33.93,2.0,headache,S021
42.13,2.14,41.05277795091173,-13.712462915539572,48.1682904174144,33.91,2.0,headache,S021
-6.89,2.15,39.734698329220244,-10.35100849712252,49.488277325205495,33.91,2.0,headache,S021
66.2,2.11,38.516115005948045,-13.90775863345997,52.08555854943696,33.91,2.0,headache,S021
81.56,2.02,39.674792775675556,-9.678073685415267,47.145335669419936,33.91,2.0,headache,S021
-73.92,1.51,41.06527285978389,-12.418238465662768,49.0811579324972,33.95,2.0,headache,S021
-52.22,1.89,42.376878557127185,-10.906201323006295,48.18510420467582,33.95,2.0,headache,S021
-28.11,1.93,40.39349486843367,-9.784365081362779,50.45330348385229,33.95,2.0,headache,S021
-36.96,1.9,36.49047080707782,-10.301651555260646,51.06562348572283,33.95,2.0,headache,S021
-11.69,1.41,33.63953866146078,-13.353343978910873,54.26038404621598,33.93,2.0,headache,S021
-0.71,1.8,34.10421244180998,-13.727583284144853,53.75866496408276,33.93,2.0,headache,S021
-21.68,1.96,29.102876430996027,-13.52541873996092,56.14097058613865,33.93,2.0,headache,S021
20.91,2.0,28.149421524331338,-13.47897963935247,55.47760931251556,33.93,2.0,headache,S021
2.73,2.09,30.48799123851981,-13.65038921549925,55.14945599085689,33.91,2.0,headache,S021
38.98,2.21,30.293250876240506,-12.947201980931478,56.00925325588231,33.91,2.0,headache,S021
101.41,2.11,31.24014201956421,-12.452569342412014,56.02975640546054,33.91,2.0,headache,S021
49.58,2.08,29.696818227547002,-12.329732798176881,56.66686853923004,33.91,2.0,headache,S021
-102.39,2.13,29.769697064719658,-10.834055690224064,55.93724608573775,33.91,2.0,headache,S021
-137.29,2.13,32.90459243247561,-9.681894852192183,54.89330655349117,33.91,2.0,headache,S021
100.64,2.15,32.167513788705755,-10.449091019112618,56.32841810808103,33.91,2.0,headache,S021
126.32,2.05,31.469996456888587,-11.494814779610447,54.90742761433907,33.91,2.0,headache,S021
-6.05,1.97,34.01952050258561,-12.601550365370532,54.368169447170224,33.91,2.0,headache,S021
-112.83,1.97,36.114874392541736,-13.066237441100196,52.09746823382587,33.91,2.0,headache,S021
-29.11,1.98,36.02183772580486,-13.501820996186575,52.93409764038056,33.91,2.0,headache,S021
-29.33,1.99,35.12023799399362,-13.819567497885254,52.83046245639937,33.91,2.0,headache,S021
-54.64,2.01,35.52294469804241,-13.622006871047112,52.68791466202295,33.93,2.0,headache,S021
29.69,2.02,35.731961695419635,-13.190024416311406,51.58284420898282,33.93,2.0,headache,S021
-12.51,2.01,39.59802406211043,-14.389066193802146,49.914428084697576,33.93,2.0,headache,S021
6.61,2.02,41.744109950558396,-13.816242691876106,47.61952297721459,33.93,2.0,headache,S021
10.53,2.04,43.55525690978472,-13.808236767003928,46.25806441781142,33.91,2.0,headache,S021
-23.24,2.06,43.279197954709346,-13.666019005766413,46.53088180176307,33.91,2.0,headache,S021
-29.72,2.03,41.415405045299345,-14.149899779382702,48.08793041476323,33.91,2.0,headache,S021
13.11,2.04,39.9993641308609,-14.461476710290265,49.326727447179145,33.91,2.0,headache,S021
0.43,2.05,39.13561887971749,-14.049683831259165,49.80841585152378,33.91,2.0,headache,S021
44.38,2.02,37.14851346024621,-14.047243409250495,51.02487591066969,33.91,2.0,headache,S021
15.7,2.02,36.39151588854696,-13.640771540489567,51.87246813832061,33.91,2.0,headache,S021
23.0,2.02,35.75517334115934,-13.606305145387589,52.56082993666777,33.91,2.0,headache,S021
30.82,2.02,35.42980835664779,-13.926948910654051,52.38318035668544,33.93,2.0,headache,S021
2.9,2.01,35.509335529127746,-13.909425208689653,52.58449176871838,33.93,2.0,headache,S021
8.86,2.02,34.88995382646127,-14.011942619236258,52.99431328177252,33.93,2.0,headache,S021
-17.44,2.02,34.95649236191949,-14.23684978605419,52.73668734839397,33.93,2.0,headache,S021
-20.21,2.01,34.745961794989555,-14.682066164959238,52.71864804754829,33.91,2.0,headache,S021
33.6,2.02,35.31084713832039,-14.828391692764194,52.32965207706214,33.91,2.0,headache,S021
-5.62,2.02,36.511719428530384,-14.762175288912223,51.73583121481375,33.91,2.0,headache,S021
-29.84,2.02,36.61324269220441,-14.57080287475815,51.25853001775941,33.91,2.0,headache,S021
9.27,2.02,36.613491643556536,-14.2760384082747,51.82676714273734,33.91,2.0,headache,S021
-18.6,2.02,36.35697073192308,-14.009491676803814,52.09749619971989,33.91,2.0,headache,S021
-19.31,2.04,35.5393475420173,-14.339743380182162,52.378346391078246,33.91,2.0,headache,S021
7.74,2.04,35.057520025227404,-14.498601170043065,52.4031766664552,33.91,2.0,headache,S021
-70.24,2.05,34.9785017376974,-14.775270314658917,52.49924845145191,33.91,2.0,headache,S021
-28.56,2.06,36.57671691475471,-13.529219929213465,52.211254058641586,33.91,2.0,headache,S021
105.24,2.06,36.83088154521368,-14.251260544880536,51.80089322861166,33.91,2.0,headache,S021
25.7,2.06,36.588874022838525,-14.477778292126455,51.13022075182262,33.91,2.0,headache,S021
3.08,2.06,37.137346269336156,-14.89798364351623,51.43602430527849,33.91,2.0,headache,S021
16.48,2.07,36.82681145377509,-14.492947700754884,51.46729149719921,33.91,2.0,headache,S021
-23.36,2.07,35.91167961686988,-15.171341664395843,51.80444839269061,33.91,2.0,headache,S021
11.97,2.08,34.98363484585524,-15.233335234329424,52.97424979458328,33.91,2.0,headache,S021
14.91,2.09,34.39071506505586,-15.241224280978019,53.08603816726928,33.91,2.0,headache,S021
-28.66,2.07,34.87274163981951,-15.382023371685547,52.58783511659208,33.91,2.0,headache,S021
7.67,2.07,36.52735929199754,-15.04987305052475,51.73568384414418,33.91,2.0,headache,S021
-0.53,2.07,40.39198756423899,-14.18152743303538,49.51154013661343,33.91,2.0,headache,S021
-37.46,2.14,39.78080760677845,-13.925140464382645,49.683195354677956,33.91,2.0,headache,S021
28.61,2.14,37.42196107192292,-13.694161684307186,50.62274208523773,33.91,2.0,headache,S021
-4.74,2.12,38.633255687570205,-13.410412468217269,50.52114795504087,33.91,2.0,headache,S021
-15.51,2.11,37.90292985659484,-13.26392248647988,50.75521155696228,33.91,2.0,headache,S021
24.92,2.1,38.224610162646385,-13.239152955924931,51.261093070383545,33.91,2.0,headache,S021
4.92,2.1,37.10058107222006,-12.969139602540539,51.453303966181394,33.91,2.0,headache,S021
-12.9,2.1,36.1639195908642,-13.192958016120041,52.11503703947984,33.91,2.0,headache,S021
4.26,2.11,36.243503499587696,-13.208322781463314,51.919327154248776,33.91,2.0,headache,S021
-10.57,2.11,36.55459928629574,-13.46627138073773,51.86900950220591,33.93,2.0,headache,S021
-10.32,2.11,37.624643729647865,-13.755984413519553,51.38551996144453,33.93,2.0,headache,S021
12.22,2.11,37.95102462685005,-14.046196362991207,50.98227140547876,33.93,2.0,headache,S021
-14.97,2.13,38.87993961210777,-14.058161984922826,50.265553295755396,33.93,2.0,headache,S021
-4.39,2.11,39.185090315340375,-13.955667084414833,49.802551007013996,33.91,2.0,headache,S021
43.3,2.09,39.69743881094248,-14.20950358318498,49.78862322883949,33.91,2.0,headache,S021
21.89,2.07,39.409866553340564,-14.290739020092651,49.7793621975355,33.91,2.0,headache,S021
20.41,2.06,40.039408153468706,-14.1643314124296,49.05114001380453,33.91,2.0,headache,S021
4.76,2.04,40.55342451929393,-14.131140781768005,48.25026244159065,33.91,2.0,headache,S021
-49.53,1.99,41.72634169281884,-14.20458357061115,47.5942434284655,33.91,2.0,headache,S021
-16.81,1.97,42.96020569566424,-13.81315473871243,46.530194374840946,33.91,2.0,headache,S021
26.06,1.98,44.018531863159524,-14.119057754252939,45.85441282798557,33.91,2.0,headache,S021
9.45,2.0,43.70316741318139,-14.126069905637134,45.77908962653555,33.91,2.0,headache,S021
5.76,2.0,41.4149700691734,-14.933470026821002,48.10312537330587,33.91,2.0,headache,S021
-6.11,2.0,41.3646062774252,-14.938510959978123,47.9478514772765,33.91,2.0,headache,S021
-39.26,2.01,41.21370005161432,-14.844806222310309,47.8946421996147,33.91,2.0,headache,S021
6.55,2.0,39.886417370705544,-14.716466324847291,49.78918425107656,33.91,2.0,headache,S021
-10.3,2.0,36.86389523403218,-14.465317979129424,50.979746223847265,33.91,2.0,headache,S021
-57.47,2.02,38.63908585104682,-15.081823867359079,50.34622061651317,33.91,2.0,headache,S021
26.99,2.04,41.806519161315215,-14.315243323298851,47.45216274584572,33.91,2.0,headache,S021
-19.39,2.06,40.86840462881108,-14.700786540156294,48.59194642789317,33.91,2.0,headache,S021
-51.78,2.07,40.33595164656782,-15.604354028583424,48.724029435207804,33.91,2.0,headache,S021
38.05,2.08,40.198458804098216,-15.674783820530035,48.336292078167084,33.91,2.0,headache,S021
23.3,2.09,41.79783162193657,-16.020171285500652,48.05793655721438,33.91,2.0,headache,S021
-5.82,2.09,39.78169824339876,-16.09785288879017,48.55670342398926,33.89,2.0,headache,S021
9.68,2.09,38.37930886807317,-16.366648949641487,49.65568410801121,33.89,2.0,headache,S021
-6.12,2.08,38.86173959943158,-16.69463834905423,49.70509384593027,33.89,2.0,headache,S021
0.53,2.08,37.02967968332462,-16.370182169830557,50.35374122883728,33.89,2.0,headache,S021
17.79,2.09,37.78894538302567,-16.771896546658493,50.49855300998465,33.91,2.0,headache,S021
-39.79,2.09,39.335253086496536,-17.26080179041574,48.63104810969666,33.91,2.0,headache,S021
17.11,2.11,40.513019752126176,-17.22626025139603,47.407633809186784,33.91,2.0,headache,S021
61.52,2.15,41.65604199948249,-17.237732093195934,46.80827523467268,33.91,2.0,headache,S021
2.89,2.2,40.60816301140865,-17.0746499763439,47.76179819523332,33.89,2.0,headache,S021
12.42,2.24,41.267574140296865,-17.179238472751248,47.441975558814036,33.89,2.0,headache,S021
-16.46,2.26,40.975582921477624,-17.21603014561917,47.28894393875507,33.89,2.0,headache,S021
-60.21,2.27,41.3080186932602,-17.378076490680193,46.54886878935544,33.89,2.0,headache,S021
-6.32,2.27,41.78876067060367,-17.715109188167123,46.440653559630704,33.91,2.0,headache,S021
34.6,2.27,41.747980019207,-17.543252325103214,46.50798806568611,33.91,2.0,headache,S021
-8.78,2.27,41.411746204551264,-17.57479122427248,46.76759383923591,33.91,2.0,headache,S021
34.94,2.27,41.35793259040694,-17.510868733168408,46.973258957270346,33.91,2.0,headache,S021
30.9,2.28,40.977119676445305,-17.530268594063,47.37584676007096,33.89,2.0,headache,S021
-33.08,2.28,40.81856450145557,-17.47005164267651,47.268265419183315,33.89,2.0,headache,S021
6.8,2.28,40.48789889597221,-17.51063436071609,47.58690803290853,33.89,2.0,headache,S021
-4.19,2.27,40.266396287811965,-17.22857430456426,47.550231370881484,33.89,2.0,headache,S021
-2.9,2.27,40.516582517939135,-17.342438585074213,47.743137977451255,33.89,2.0,headache,S021
11.22,2.27,40.46134314207905,-17.412620211302137,47.12661302597257,33.89,2.0,headache,S021
-25.24,2.27,40.94724405825521,-17.680720561720403,47.27761487488321,33.89,2.0,headache,S021
8.82,2.27,41.49421080067317,-17.697102439738305,47.073999091622774,33.89,2.0,headache,S021
8.47,2.27,40.39341064417113,-17.441669840095077,47.07553029369782,33.91,2.0,headache,S021
-21.4,2.26,40.866394502531456,-17.313781866924963,46.94964899122405,33.91,2.0,headache,S021
15.01,2.26,41.743551455610906,-17.482611577180613,47.118358236809236,33.91,2.0,headache,S021
6.77,2.26,41.5726516230519,-17.23191431835505,46.997826428170896,33.91,2.0,headache,S021
-22.93,2.25,41.452018905086824,-17.30304956278828,47.268781962732454,33.89,2.0,headache,S021
22.36,2.25,40.95470184425024,-17.443949163971606,47.38297205847475,33.89,2.0,headache,S021
-5.69,2.25,41.15952033955257,-17.38536990722904,47.18307014710248,33.89,2.0,headache,S021
-8.4,2.25,41.448233679341875,-17.76446067717939,46.898758902863285,33.89,2.0,headache,S021
17.28,2.25,41.109505089520376,-17.468416704369673,47.211868635741794,33.91,2.0,headache,S021
-7.96,2.25,41.65724981124089,-17.78998150913933,46.968692829615875,33.91,2.0,headache,S021
-8.34,2.24,41.619230280618915,-17.377763904445438,47.15759457062241,33.91,2.0,headache,S021
34.3,2.24,40.716100900792064,-17.81691884467429,47.45973567432559,33.91,2.0,headache,S021
-11.06,2.24,39.452927879442804,-17.235602173591282,47.92197087832546,33.89,2.0,headache,S021
-35.6,2.23,38.8992298505539,-17.55321844654634,48.74404980348543,33.89,2.0,headache,S021
36.19,2.24,39.74595256134243,-17.36682623270999,48.56630968968813,33.89,2.0,headache,S021
2.18,2.25,38.03350272494159,-18.09150141856439,48.82110794761135,33.89,2.0,headache,S021
3.18,2.24,38.78951315780089,-17.76886089653701,49.552553150270455,33.89,2.0,headache,S021
13.57,2.23,37.88547715076703,-16.969827966183992,49.864834060821174,33.89,2.0,headache,S021
-51.17,2.23,38.2170079192029,-17.229281985924896,49.95952758430693,33.89,2.0,headache,S021
-37.45,2.21,38.393903548136805,-16.89447058576444,49.39733558692659,33.89,2.0,headache,S021
31.55,2.2,38.10756253869131,-17.085238834057613,49.924069962256965,33.91,2.0,headache,S021
-1.98,2.19,39.05685783562764,-16.67760096408214,49.046740094598846,33.91,2.0,headache,S021
30.74,2.19,39.08820250755509,-16.651592145843413,49.550857060869845,33.91,2.0,headache,S021
42.66,2.19,39.55247400810408,-16.370242701537766,48.77535673847891,33.91,2.0,headache,S021
-33.83,2.19,38.331427099865664,-16.696083256144792,50.11958633583906,33.89,2.0,headache,S021
-33.62,2.18,42.10173347727514,-15.32889569234843,46.19734145664533,33.89,2.0,headache,S021
-30.18,2.18,49.470371787025776,-12.997968168074262,39.92133780329304,33.89,2.0,headache,S021
-57.09,2.16,46.633436322296745,-14.361472298280175,42.85247909881371,33.89,2.0,headache,S021
0.55,2.07,47.33998160264008,-13.884303755180081,42.72627632953045,33.93,2.0,headache,S021
-5.05,2.02,47.470091521926456,-12.520540476140788,42.27893423867688,33.93,2.0,headache,S021
-52.93,1.99,48.46099187510367,-13.53156204805946,42.757538295068485,33.93,2.0,headache,S021
80.08,1.97,46.759508750847274,-12.48244644685054,42.53472612528683,33.93,2.0,headache,S021
63.74,1.95,47.9264650941558,-13.244829991309178,42.76335664533247,33.91,2.0,headache,S021
4.69,1.95,46.709182184886735,-13.294560600325006,43.09328435011001,33.91,2.0,headache,S021
52.17,1.95,44.06458856939208,-14.395585689795784,45.31183898743186,33.91,2.0,headache,S021
28.9,1.96,41.979759822495694,-14.550005883200939,47.338020335737546,33.91,2.0,headache,S021
-20.4,2.01,39.98841955966079,-15.138932588404522,48.64072754555993,33.93,2.0,headache,S021
2.28,2.01,40.235565545495334,-15.315431792347326,48.03818833723541,33.93,2.0,headache,S021
-33.56,2.01,41.45405993252116,-15.619864197500002,48.213931551707965,33.93,2.0,headache,S021
-23.03,2.1,41.25633359012452,-15.213313546252774,47.24375720914829,33.93,2.0,headache,S021
42.73,2.09,41.01094174720205,-15.13449664743689,47.71573339868629,33.93,2.0,headache,S021
-35.89,2.05,41.11819518211009,-15.062872728013966,47.43422242608988,33.93,2.0,headache,S021
13.24,2.01,41.5230523817498,-15.331554468595419,47.66602088276637,33.93,2.0,headache,S021
41.73,2.01,40.90245222279163,-15.043325673916861,47.36842247044727,33.93,2.0,headache,S021
-12.18,2.05,41.45388690425188,-15.042496011223417,47.862161582539656,33.95,2.0,headache,S021
-16.49,2.04,41.96905192550584,-15.185944853616393,47.33685104012134,33.95,2.0,headache,S021
-12.07,1.98,41.12693241989111,-14.908827400795353,47.30084512239313,33.95,2.0,headache,S021
-20.85,1.97,41.79158838240517,-15.223976981466537,46.83579273860548,33.95,2.0,headache,S021
20.02,1.97,41.203809776025714,-15.218347162004752,47.87056778968303,33.93,2.0,headache,S021
-6.05,1.97,41.02923770009947,-15.939886029187095,47.56555497806482,33.93,2.0,headache,S021
-4.73,1.98,40.897907506472876,-16.50839069609738,46.94755835032206,33.93,2.0,headache,S021
15.34,1.99,41.601614649797966,-16.73344411888662,47.046831621647975,33.93,2.0,headache,S021
16.47,1.96,43.37382388896674,-15.848873640528227,45.42904926932878,33.93,2.0,headache,S021
-14.5,1.91,43.39943557664335,-15.237520979341262,45.97343852948124,33.93,2.0,headache,S021
15.85,1.91,43.86846583148141,-14.81003172081018,45.45154091858778,33.93,2.0,headache,S021
-40.06,1.91,44.03671861190663,-14.210347271311681,45.75218277906494,33.93,2.0,headache,S021
-7.12,1.91,44.5842884384189,-14.661251441879685,44.808136638176805,33.91,2.0,headache,S021
-4.53,1.91,44.348220761860134,-14.58026522694125,45.77892876362975,33.91,2.0,headache,S021
-24.29,1.91,43.57057993581037,-14.794546849145165,45.577438384769,33.91,2.0,headache,S021
33.05,1.91,43.70707166104442,-14.81367435485743,46.1163251568425,33.91,2.0,headache,S021
10.91,1.91,43.59508649316846,-15.165435803622435,45.725609414354714,33.89,2.0,headache,S021
-19.36,1.91,42.84178385172865,-15.750843982669066,46.35305748912365,33.89,2.0,headache,S021
22.1,1.9,43.35597798603773,-15.45755808900954,45.762507585772596,33.89,2.0,headache,S021
4.43,1.9,42.810121167907184,-15.679916876891259,46.417728073242685,33.89,2.0,headache,S021
-9.21,1.89,42.06646143940803,-15.965321098944914,47.01481777814472,33.89,2.0,headache,S021
36.24,1.89,41.48178757412413,-16.077676810601176,47.1593690627533,33.89,2.0,headache,S021
11.37,1.89,40.85395324296312,-15.947759315955283,47.72818406408335,33.89,2.0,headache,S021
-19.01,1.89,40.73311524014969,-16.01408857633217,47.57782629274847,33.89,2.0,headache,S021
9.35,1.88,40.80943470244011,-15.972621191714618,47.98253058789101,33.89,2.0,headache,S021
-23.54,1.89,40.46894126565061,-16.047124238697393,47.418269903533734,33.89,2.0,headache,S021
-6.83,1.89,41.315766294826155,-16.29803641071567,47.40189593499103,33.89,2.0,headache,S021
-42.78,1.88,41.13838554653086,-16.032430152599698,47.43253990461632,33.89,2.0,headache,S021
-22.12,1.9,41.25443252389692,-16.281739567673867,47.510653333483326,33.93,2.0,headache,S021
42.6,1.9,40.44099530958895,-16.352402572945625,47.85168897044022,33.93,2.0,headache,S021
46.63,1.92,40.27473914476285,-16.683801031995,48.04817621822492,33.93,2.0,headache,S021
6.66,1.91,39.86203695344954,-16.62420387273985,48.099268176886014,33.93,2.0,headache,S021
0.48,1.92,40.36236684149318,-16.84498843032769,48.12270328371792,33.93,2.0,headache,S021
0.74,1.92,39.80212487362748,-17.15166826564701,47.79821165614199,33.93,2.0,headache,S021
-22.51,1.92,39.85289204694931,-17.075854205772625,48.13758062637268,33.93,2.0,headache,S021
13.88,1.92,39.63728372767005,-16.89718147344016,48.52393629587273,33.93,2.0,headache,S021
-11.35,1.92,39.01506935900175,-17.242407747784146,48.87042770247887,33.91,2.0,headache,S021
-24.27,1.93,39.30757451361494,-17.342300250483802,48.702862537844005,33.91,2.0,headache,S021
-1.73,1.94,39.10222395976919,-17.04681078699875,48.79942583321395,33.91,2.0,headache,S021
-19.12,1.93,39.01669588223599,-17.226556707323056,48.5989644868586,33.91,2.0,headache,S021
-2.09,1.93,38.95952947780533,-17.252369952923228,48.97213393664994,33.87,2.0,headache,S021
23.87,1.93,39.29175559488877,-17.687685067593133,48.85072728764082,33.87,2.0,headache,S021
5.27,1.93,38.54008594998052,-17.250570499983013,49.4354869139794,33.87,2.0,headache,S021
-18.85,1.93,38.4593687712786,-16.652488844605497,49.54252061580393,33.87,2.0,headache,S021
11.32,1.93,37.819596289501845,-17.361214832316474,49.71245920754287,33.84,2.0,headache,S021
-7.98,1.93,38.12232932228019,-17.17682142606375,49.87549331957244,33.84,2.0,headache,S021
-28.62,1.93,38.44049442217905,-17.31959424314045,49.483984258467814,33.84,2.0,headache,S021
-2.58,1.93,39.419234094646775,-17.24198793726289,48.362347590616274,33.84,2.0,headache,S021
56.02,1.93,39.94872850089568,-17.260219984023674,48.29511118268377,33.87,2.0,headache,S021
26.0,1.9,41.58996224189873,-16.845287793373,46.167077482969276,33.87,2.0,headache,S021
-14.47,1.9,42.75420931512202,-17.109103016148136,45.856590606630135,33.87,2.0,headache,S021
-18.81,1.91,43.52794781186594,-17.130236314679628,45.271322913845,33.87,2.0,headache,S021
-6.74,1.9,43.47765060291416,-17.02358520074163,45.23410613172932,33.89,2.0,headache,S021
33.25,1.88,43.685217157276035,-17.688083251232452,45.003965747952776,33.89,2.0,headache,S021
-27.53,1.88,43.970759444633735,-17.13917503745243,45.49553498644314,33.89,2.0,headache,S021
-0.96,1.88,43.86779898585983,-17.500098155123222,43.95433738162203,33.89,2.0,headache,S021
18.33,1.87,43.790795125017404,-17.524692786162174,45.3665623026873,33.87,2.0,headache,S021
-14.97,1.88,44.44148680453026,-17.439241198014802,44.20555007000338,33.87,2.0,headache,S021
-42.94,1.88,45.19068890189583,-17.350963985068244,43.85614830790699,33.87,2.0,headache,S021
31.95,1.88,41.42162674616645,-17.51960590969872,46.68547503935456,33.87,2.0,headache,S021
1.52,1.87,41.34363473356631,-17.580219025627898,46.87227643947429,33.87,2.0,headache,S021
-25.09,1.87,40.866795390105885,-17.508031499484588,47.20227021584813,33.87,2.0,headache,S021
19.09,1.87,41.13194508627179,-17.7004449644993,46.95529260584588,33.87,2.0,headache,S021
-58.68,1.87,41.53072867666153,-17.62307261552755,46.708562455535755,33.87,2.0,headache,S021
-11.0,1.87,40.70570826478815,-17.673354205219116,46.935170156431,33.91,2.0,headache,S021
12.18,1.87,41.395278738035024,-17.876563094017666,46.508845009214085,33.91,2.0,headache,S021
10.41,1.87,42.333046767077015,-18.170731282137936,46.1407048233841,33.91,2.0,headache,S021
31.27,1.87,42.18188349659902,-17.77560451775981,46.03917555185977,33.91,2.0,headache,S021
3.98,1.86,42.50410294068872,-18.04683263070063,45.82861444921122,33.89,2.0,headache,S021
5.4,1.86,42.845526114024345,-17.866199260071994,45.18136843040109,33.89,2.0,headache,S021
15.57,1.86,42.82317570585883,-17.825755168264173,45.709998444970715,33.89,2.0,headache,S021
-26.66,1.86,42.18760269900753,-17.509935962269726,45.837344408598405,33.89,2.0,headache,S021
26.88,1.86,42.364238315430065,-17.823793133236524,46.602416115737434,33.89,2.0,headache,S021
17.81,1.86,41.67967733153764,-18.80057305214437,46.48612025243701,33.89,2.0,headache,S021
1.04,1.86,40.632177248293466,-18.317865785981578,46.721278513815086,33.89,2.0,headache,S021
-2.31,1.86,39.003854834018576,-17.941985819389295,48.529583447053035,33.89,2.0,headache,S021
-12.55,1.86,38.43529512447328,-18.270803254141125,49.234308229889756,33.89,2.0,headache,S021
13.54,1.86,38.06815387261693,-17.615389935403346,49.500454213093604,33.89,2.0,headache,S021
-19.34,1.86,38.48900394295145,-17.305629549758436,49.468379331886595,33.89,2.0,headache,S021
-42.12,1.86,39.262095383306125,-17.724547630161705,48.158897441862514,33.89,2.0,headache,S021
-13.87,1.85,39.57391651467507,-18.032626070323943,47.961958818127805,33.87,2.0,headache,S021
23.64,1.85,39.84097357344767,-17.767823777929866,48.00690632681791,33.87,2.0,headache,S021
51.76,1.85,40.35530261577475,-18.3497517636587,47.62137023994385,33.87,2.0,headache,S021
-26.54,1.85,39.70181557204012,-18.164020445903873,47.91150189519219,33.87,2.0,headache,S021
-37.45,1.85,40.34369694051544,-18.092570194022194,47.59947172414361,33.84,2.0,headache,S021
51.35,1.84,39.908422510505076,-18.154974634691065,48.2112531781301,33.84,2.0,headache,S021
68.8,1.84,40.618914664700924,-18.150186127516776,47.70245673901518,33.84,2.0,headache,S021
-22.98,1.84,40.48388544992378,-18.11039666112115,47.69026650085293,33.84,2.0,headache,S021
-33.46,1.84,40.090655845994995,-18.184031455698637,47.53691793814867,33.87,2.0,headache,S021
-28.92,1.83,40.06347818314738,-18.19123477833074,47.72110598616301,33.87,2.0,headache,S021
-10.82,1.83,40.33072590389154,-18.209512089002263,47.26994676238454,33.87,2.0,headache,S021
50.47,1.83,40.24599613346161,-18.467305268712828,47.372511335022494,33.87,2.0,headache,S021
23.89,1.83,40.241155924196136,-18.21978292344128,47.500844969710606,33.87,2.0,headache,S021
-19.48,1.82,40.01747140634808,-18.071165849141607,47.538122378904355,33.87,2.0,headache,S021
-19.04,1.82,40.75242974046547,-18.71532705760941,47.81761089605911,33.87,2.0,headache,S021
-3.72,1.82,39.863818133464996,-18.32413639682341,47.5635977106948,33.87,2.0,headache,S021
-7.92,1.82,40.19367854418782,-18.528387066258865,47.28245140682267,33.84,2.0,headache,S021
-21.3,1.81,39.84115747319354,-18.10231608213088,47.566142492249355,33.84,2.0,headache,S021
6.57,1.81,39.918933716793454,-18.294774574310534,47.8080952608888,33.84,2.0,headache,S021
-0.23,1.81,39.60542219974506,-18.265809112465963,47.7113134354811,33.84,2.0,headache,S021
-19.57,1.81,39.92727293189016,-18.064818083365513,47.656056286166006,33.84,2.0,headache,S021
-6.59,1.81,40.39770878231521,-17.91749053968194,47.566109186496774,33.84,2.0,headache,S021
-5.77,1.8,39.94406037566742,-18.241043250849664,48.064802095368364,33.84,2.0,headache,S021
-18.85,1.8,40.08469356350199,-18.10992956699091,47.78595913142133,33.84,2.0,headache,S021
14.53,1.81,40.70622388849499,-18.85602506025187,47.416727015968156,33.84,2.0,headache,S021
22.95,1.81,39.27978374232385,-18.166120386046256,48.1518980582957,33.84,2.0,headache,S021
-13.84,1.82,39.398568389371796,-18.188105979383963,48.69375446589087,33.84,2.0,headache,S021
14.11,1.84,38.9389268981849,-17.77558692678781,48.75508855884548,33.84,2.0,headache,S021
-5.55,1.85,39.58793228598237,-18.244341170033827,48.18552510841249,33.84,2.0,headache,S021
-37.5,1.87,40.27741197964804,-17.993871480766124,48.517009700651684,33.84,2.0,headache,S021
-7.01,1.88,39.620002278950324,-18.162087317290815,48.29948173670194,33.84,2.0,headache,S021
17.86,1.88,39.869111603478686,-18.195917289431783,48.09992067812288,33.84,2.0,headache,S021
35.52,1.89,39.60177848057627,-18.596688061229084,47.62817981788058,33.84,2.0,headache,S021
42.67,1.89,39.838461101135756,-18.459600851064373,47.83774422742135,33.84,2.0,headache,S021
-8.86,1.88,39.885219692004604,-18.177594836190607,48.214707480670384,33.84,2.0,headache,S021
-7.42,1.87,40.039212775942794,-18.09222114859116,47.999736463943634,33.84,2.0,headache,S021
14.72,1.87,39.13067880725872,-17.788317725795388,48.128711540606986,33.84,2.0,headache,S021
-26.46,1.87,38.263393102629735,-18.16177516866408,49.165530884145184,33.84,2.0,headache,S021
6.3,1.87,37.99712657560962,-17.99356674194607,49.5974609601707,33.84,2.0,headache,S021
5.24,1.86,38.93049703714261,-17.94669800768614,48.832342548530754,33.84,2.0,headache,S021
37.33,1.85,38.16571384079813,-18.43515512882481,49.34856705630577,33.87,2.0,headache,S021
0.8,1.85,37.71972395791358,-17.93694776027216,49.15792554876779,33.87,2.0,headache,S021
-48.55,1.85,40.61050846170511,-18.36981646086008,48.84723714315083,33.87,2.0,headache,S021
-25.18,1.85,39.15629620454745,-18.174380018013466,48.113388451897514,33.87,2.0,headache,S021
53.97,1.85,39.55795855910566,-17.518953764669124,49.131835021989005,33.84,2.0,headache,S021
2.33,1.84,38.52979578389385,-17.925899827765477,47.498033472497276,33.84,2.0,headache,S021
-42.7,1.84,39.57768665506721,-17.289071279896355,49.08039679377793,33.84,2.0,headache,S021
35.81,1.83,40.31450559955592,-17.920213158037438,48.675206379820274,33.84,2.0,headache,S021
-7.96,1.85,38.60607301475659,-18.066341595191226,48.41230801690411,33.84,2.0,headache,S021
2.84,1.82,39.60718070011077,-17.36843322932856,48.20546919107191,33.84,2.0,headache,S021
-2.68,1.81,39.297787597459745,-17.957386755129622,48.64309842187864,33.84,2.0,headache,S021
-19.58,1.8,39.087518723583074,-18.514012041396562,48.51809089563514,33.84,2.0,headache,S021
62.14,1.8,39.38165299793903,-17.486380672516276,48.929115903541465,33.87,2.0,headache,S021
-24.89,1.79,39.19305659385617,-18.082508213008794,48.47780306851886,33.87,2.0,headache,S021
-12.19,1.8,39.427932116901324,-18.1745778016103,48.3674032611819,33.87,2.0,headache,S021
-0.13,1.79,39.923187099978044,-17.612692490099995,48.901082788160515,33.87,2.0,headache,S021
-39.45,1.79,36.90277730438039,-18.414790212690143,49.59143605307647,33.89,2.0,headache,S021
20.71,1.79,39.00925122147733,-17.845528813095658,49.24469986777937,33.89,2.0,headache,S021
-13.89,1.79,38.69271931417152,-18.195076178419303,48.64377054433653,33.89,2.0,headache,S021
21.42,1.79,38.983593445846495,-18.205800314810762,48.64473981877265,33.89,2.0,headache,S021
32.72,1.79,39.268618176714845,-18.115366635755482,48.98197281890715,33.89,2.0,headache,S021
-52.3,1.78,38.31959552444766,-18.604526700339903,49.15073463500399,33.89,2.0,headache,S021
27.02,1.79,39.13502793384122,-18.272732547810616,48.86984216839153,33.89,2.0,headache,S021
8.66,1.78,37.92699886302368,-18.16041931898302,49.73065244376984,33.89,2.0,headache,S021
-65.34,1.77,37.61634241871143,-17.962757110380398,49.237478639797175,33.89,2.0,headache,S021
46.15,1.78,38.55011606071652,-18.52139957054812,48.70204415394878,33.89,2.0,headache,S021
-3.94,1.78,38.75635682757555,-18.6267205082589,48.89332828545128,33.89,2.0,headache,S021
-46.36,1.77,38.692563787199916,-18.127463940473355,48.94661261877425,33.89,2.0,headache,S021
96.29,1.77,38.44689533472926,-17.820512691389194,49.299619367123356,33.91,2.0,headache,S021
69.98,1.78,38.20388132162411,-18.144710293419262,49.44099931872809,33.91,2.0,headache,S021
-76.96,1.77,37.687539867024675,-18.370346858184543,49.478677518417655,33.91,2.0,headache,S021
-12.25,1.77,36.25044241598197,-18.19498958492899,50.80642670430456,33.91,2.0,headache,S021
-40.13,1.77,36.851500730068615,-18.244882917251772,51.01626310996841,33.91,2.0,headache,S021
-35.36,1.77,37.908487585468144,-18.75687598756041,49.57528342724775,33.91,2.0,headache,S021
25.18,1.77,37.514541665047005,-18.66384367089027,49.44580940575213,33.91,2.0,headache,S021
-1.02,1.78,38.24641511582107,-18.656368278879153,48.9812086897195,33.91,2.0,headache,S021
-43.42,1.77,38.12095933255039,-19.15047851720714,49.16112189626592,33.89,2.0,headache,S021
47.62,1.77,37.57576994083767,-18.79875063210337,49.630597554558534,33.89,2.0,headache,S021
50.24,1.77,37.213396102115055,-18.699789926166787,49.88051903757167,33.89,2.0,headache,S021
29.63,1.76,37.8668148330321,-18.684873345462258,49.51917055489579,33.89,2.0,headache,S021
-9.3,1.77,37.96433499218624,-18.54716558191006,49.34506464632013,33.89,2.0,headache,S021
-31.44,1.76,38.02007444773969,-18.422742560540534,48.95155938019741,33.89,2.0,headache,S021
20.15,1.76,38.14442278670036,-18.834505566055416,49.2694319190625,33.89,2.0,headache,S021
-22.2,1.76,37.73733442247241,-18.928177685805082,49.36795797756075,33.89,2.0,headache,S021
-60.18,1.77,37.496504973797016,-18.9469535139182,49.29379279517819,33.89,2.0,headache,S021
-1.71,1.77,37.518142606571736,-18.827240196789383,49.94770302050248,33.89,2.0,headache,S021
-3.62,1.77,37.62040230511459,-19.004388980734365,49.44477374529422,33.89,2.0,headache,S021
20.74,1.76,37.77640173616816,-18.891982003693226,49.25559255674671,33.89,2.0,headache,S021
25.05,1.76,38.425485195946486,-19.1716728210321,48.79354462003442,33.87,2.0,headache,S021
-27.2,1.75,38.25595527018524,-18.344697208900104,48.95693592745197,33.87,2.0,headache,S021
10.13,1.76,38.424248574932065,-18.477485975015693,48.83817970006207,33.87,2.0,headache,S021
44.42,1.76,37.91516184111654,-18.820111297107424,49.101001653026835,33.87,2.0,headache,S021
-12.4,1.75,38.49952399091237,-18.967913584695165,48.7661962435168,33.87,2.0,headache,S021
7.28,1.75,38.33048651585737,-18.579486685795718,49.137692804138524,33.87,2.0,headache,S021
5.59,1.76,37.44745061275201,-18.88327212618379,49.67049276880387,33.87,2.0,headache,S021
-49.21,1.76,37.693352664779596,-18.14338235822913,49.90058190094123,33.87,2.0,headache,S021
6.72,1.75,37.81972151466235,-19.036679842842428,49.30249017488378,33.89,2.0,headache,S021
-15.57,1.75,38.31193823903048,-18.470422576759532,48.79082954629794,33.89,2.0,headache,S021
-7.71,1.75,39.819498366684115,-19.29807107129287,47.7107664044752,33.89,2.0,headache,S021
40.25,1.75,39.927225491567015,-18.87402740807307,48.53965964722479,33.89,2.0,headache,S021
-20.34,1.74,37.09036917550586,-18.420717216337007,49.08687944397393,33.89,2.0,headache,S021
-8.59,1.74,39.744539235042176,-19.126344342332594,48.55457646448663,33.89,2.0,headache,S021
14.54,1.74,38.92187290717424,-19.40271872321642,48.260244756665436,33.89,2.0,headache,S021
-24.5,1.73,39.89871123356437,-20.03368950715974,47.07443027639476,33.89,2.0,headache,S021
36.11,1.73,41.67938990647466,-19.069016630280267,46.23086973632992,33.89,2.0,headache,S021
-12.73,1.72,40.109848023530574,-19.2939573143633,47.61561205432536,33.89,2.0,headache,S021
-67.85,1.72,38.18604675908867,-18.978430054020365,48.488818509796914,33.89,2.0,headache,S021
38.02,1.73,39.13029885927929,-18.62300551885131,48.31099200403859,33.89,2.0,headache,S021
17.98,1.73,40.12126453482969,-18.296828054886117,47.76858294015289,33.89,2.0,headache,S021
-22.95,1.72,40.911786454699,-17.771997920183004,46.80253944071838,33.89,2.0,headache,S021
29.22,1.73,40.189193806064914,-18.907937042299984,47.49659763676994,33.89,2.0,headache,S021
24.07,1.73,41.51803223087103,-18.670119113959345,43.872135487932844,33.89,2.0,headache,S021
14.85,1.73,59.076804444831424,-18.486082727869068,27.41853128595907,33.87,2.0,headache,S021
26.84,1.72,55.09908094098034,-20.237518104956298,30.267534450872933,33.87,2.0,headache,S021
-8.42,1.7,44.77465712860549,-18.500369748512473,40.05461784396667,33.87,2.0,headache,S021
-1.81,1.69,46.34965732281194,-21.049164611702743,39.179371600482376,33.87,2.0,headache,S021
-26.79,1.69,50.84462596481993,-21.853168453331694,36.40671953484959,33.87,2.0,headache,S021
-15.4,1.68,52.40222877124137,-24.158002225699697,31.54194772507096,33.87,2.0,headache,S021
60.97,1.68,52.82635851119938,-23.17560409833683,30.90132571261491,33.87,2.0,headache,S021
-52.96,1.69,51.634816416872056,-25.307262714419085,29.864527074239223,33.87,2.0,headache,S021
-40.94,1.69,54.50080072150708,-25.894227175924765,26.734465590272325,33.87,2.0,headache,S021
2.67,1.69,53.85089145843094,-25.551096091027315,27.106981761250978,33.87,2.0,headache,S021
-14.65,1.69,53.181839307981996,-24.922768731821694,27.87702355917496,33.87,2.0,headache,S021
43.64,1.69,53.02863113987243,-26.39247713338332,27.142432420746218,33.87,2.0,headache,S021
-13.34,1.68,53.632320635446014,-26.767163400656724,27.124394724277035,33.93,2.0,headache,S021
16.93,1.68,52.704505902395304,-26.333256729526333,27.257789147979565,33.93,2.0,headache,S021
9.32,1.69,54.07847270474869,-26.407677980483665,26.700414922977735,33.93,2.0,headache,S021
-48.33,1.7,53.60345408848117,-26.38115284616614,26.125781111898842,33.93,2.0,headache,S021
-5.01,1.7,53.33181967902165,-25.639192464366346,27.247171682227727,33.93,2.0,headache,S021
46.59,1.69,53.094455673205935,-26.06178880727524,27.239500916324875,33.93,2.0,headache,S021
12.47,1.69,53.920062576828975,-25.765647253056486,26.78217126487445,33.93,2.0,headache,S021
10.67,1.69,54.7306813212573,-25.526508653490453,26.8584847644291,33.93,2.0,headache,S021
-9.83,1.68,54.30864394361302,-24.80149097944206,26.640935766697503,33.89,2.0,headache,S021
23.98,1.69,54.04114639249223,-24.754546621657816,26.611409580341103,33.89,2.0,headache,S021
23.14,1.67,54.176603206137656,-24.7589779761619,26.815593343462314,33.89,2.0,headache,S021
-16.7,1.66,54.43629277135512,-24.801135117023257,26.628597611205542,33.89,2.0,headache,S021
-22.7,1.66,54.173467389172274,-24.734304907161945,27.051184390265057,33.89,2.0,headache,S021
69.38,1.66,53.69432724655809,-25.027412156188042,26.758050648118807,33.89,2.0,headache,S021
-11.92,1.66,54.28178644441597,-24.890953320845306,26.79364426278888,33.89,2.0,headache,S021
-30.02,1.65,53.772593603426216,-25.102456508177415,26.74247860648983,33.89,2.0,headache,S021
-11.22,1.65,54.18608744644001,-24.973242545487825,26.740774107599428,33.87,2.0,headache,S021
-28.22,1.66,53.903723309545796,-25.18889578469118,26.607762572576174,33.87,2.0,headache,S021
-2.28,1.66,54.23514371283345,-24.821164617388433,26.805672181008127,33.87,2.0,headache,S021
3.47,1.65,53.862790327470854,-25.306374682793443,26.766014773528518,33.87,2.0,headache,S021
-13.35,1.66,54.1018538480114,-25.115624127630042,26.376013299076874,33.84,2.0,headache,S021
35.72,1.66,54.32213591429799,-25.180474511071704,26.735687999863817,33.84,2.0,headache,S021
15.96,1.65,54.33338074994941,-24.946469754461788,26.79377776042486,33.84,2.0,headache,S021
-31.41,1.65,53.96080676339636,-25.16775057291145,26.84868611124798,33.84,2.0,headache,S021
15.13,1.65,54.171815414066664,-24.97823889820194,26.577410012174905,33.84,2.0,headache,S021
-16.95,1.65,53.8319352415649,-25.053633905152832,26.983752143717766,33.84,2.0,headache,S021
-42.56,1.65,54.16933562055206,-25.368976548349742,26.361536778803167,33.84,2.0,headache,S021
14.28,1.65,53.827211600560155,-25.296745780211122,26.32276010476957,33.84,2.0,headache,S021
14.65,1.66,54.177799814251834,-25.03529817587832,26.11121000049606,33.87,2.0,headache,S021
12.67,1.66,53.81583405108544,-25.69498099921344,26.024115217264256,33.87,2.0,headache,S021
14.26,1.65,54.191723512109,-25.342093037746807,26.362230047988007,33.87,2.0,headache,S021
-32.5,1.65,53.800038472876054,-25.87811137001576,26.302589824006358,33.87,2.0,headache,S021
-6.32,1.65,54.20666361381415,-25.230550497266634,26.528868776105757,33.89,2.0,headache,S021
15.97,1.65,53.54747290719365,-26.043981540087128,26.141515449184322,33.89,2.0,headache,S021
-22.46,1.63,54.14637462729391,-25.908278871002572,26.264803485586473,33.89,2.0,headache,S021
6.4,1.64,54.19996973979122,-25.89865414791124,26.806902585446316,33.89,2.0,headache,S021
16.68,1.63,56.53341299808521,-23.64823338669334,27.758621895287938,33.91,2.0,headache,S021
-28.82,1.64,50.01821256180002,-22.431249357976125,34.943608026361396,33.91,2.0,headache,S021
15.32,1.63,40.379275015575494,-20.410756317856283,45.50832043731338,33.91,2.0,headache,S021
8.72,1.63,35.15195171434277,-21.080765903810757,50.60001774315515,33.91,2.0,headache,S021
45.76,1.63,30.093192139057535,-17.334569827403335,54.90962069454102,33.91,2.0,headache,S021
131.8,1.63,18.97581321189346,-21.378387851735297,56.41445531030486,33.91,2.0,headache,S021
-95.86,1.6,18.430155901783724,-21.80802868035559,60.2794064620573,33.91,2.0,headache,S021
-87.9,1.6,21.3677858377446,-14.49313654684039,58.732501191302774,33.91,2.0,headache,S021
19.61,1.6,27.011995162448045,-12.5813345388399,55.7502960469757,33.91,2.0,headache,S021
-21.04,1.6,31.99854161276966,-12.38053238617451,55.404126976020144,33.91,2.0,headache,S021
11.5,1.63,32.98374602253683,-14.797532592524552,54.09184056835622,33.91,2.0,headache,S021
20.14,1.65,35.16536781293189,-14.848158576090409,52.85656100151032,33.91,2.0,headache,S021
20.52,1.66,30.085089906944088,-15.845981658442488,55.11588102351422,33.91,2.0,headache,S021
-16.38,1.67,28.605929345554216,-15.592051025446812,56.08728485487172,33.91,2.0,headache,S021
-35.21,1.67,29.81894808302862,-16.088162002439812,55.04611052191737,33.91,2.0,headache,S021
49.88,1.68,31.608293369976916,-16.191417563339943,54.90104611385195,33.91,2.0,headache,S021
-3.39,1.69,29.806850186144036,-16.13706918245902,54.9262329102404,33.93,2.0,headache,S021
-105.7,1.69,30.13326548365774,-16.4250722143947,54.90529765436327,33.93,2.0,headache,S021
8.66,1.69,30.516289526595205,-16.54512225217124,54.896000071522586,33.93,2.0,headache,S021
55.41,1.69,29.774942218882387,-16.378111316909713,54.920300385449934,33.93,2.0,headache,S021
-42.53,1.69,30.170405763546928,-16.790410809062816,54.983786175066086,33.93,2.0,headache,S021
5.55,1.69,30.253255795532795,-16.054841840121917,54.87951754640206,33.93,2.0,headache,S021
-17.29,1.68,29.23675679253679,-16.43934456975687,55.36123276233209,33.93,2.0,headache,S021
-30.16,1.68,29.941958462366536,-16.696174758555482,54.70211107501621,33.93,2.0,headache,S021
25.92,1.68,31.48761566559998,-17.222013791748804,54.473734182207906,33.91,2.0,headache,S021
-23.18,1.68,30.793385159084245,-17.248152385313702,54.45678236704713,33.91,2.0,headache,S021
12.37,1.67,30.808252087825515,-16.918088742086333,54.19579995449199,33.91,2.0,headache,S021
14.65,1.66,30.421692373034855,-16.73643476829221,54.190450555303116,33.91,2.0,headache,S021
-38.53,1.67,30.992779008593203,-17.007588980876697,54.1447395044184,33.91,2.0,headache,S021
29.66,1.67,34.20921246914941,-17.39592823447657,52.80192914148748,33.91,2.0,headache,S021
13.73,1.66,32.79059033051273,-17.344461091265238,53.36214778595649,33.91,2.0,headache,S021
9.59,1.65,32.35758568061829,-17.61384076698133,53.39538981845561,33.91,2.0,headache,S021
47.02,1.65,35.09860670591034,-17.330148452226634,51.60814566515383,33.89,2.0,headache,S021
-28.5,1.65,35.67130207065551,-16.62578156662622,51.59309123179412,33.89,2.0,headache,S021
9.03,1.65,36.73112276019283,-16.961440045886405,50.89376580848705,33.89,2.0,headache,S021
-7.22,1.64,36.14494182800898,-17.025427209487642,51.37487684916092,33.89,2.0,headache,S021
13.8,1.63,36.803637472684805,-16.459286921995876,50.758790969306816,33.89,2.0,headache,S021
59.37,1.64,36.60839982933255,-16.685644730369958,51.01639511897758,33.89,2.0,headache,S021
-55.36,1.64,36.933682612854554,-17.349605617154236,50.75431620137917,33.89,2.0,headache,S021
3.32,1.63,35.226223287157715,-17.076041456280947,51.652586372015385,33.89,2.0,headache,S021
41.56,1.63,37.26691043701412,-17.076749577813498,50.47952190822059,33.93,2.0,headache,S021
-19.58,1.63,36.68510475554571,-17.089257592616026,50.41930244633907,33.93,2.0,headache,S021
-3.69,1.63,35.576000211657444,-18.02775172138833,52.248685016337035,33.93,2.0,headache,S021
-30.85,1.62,36.57081176548389,-17.078665675126885,50.04369012174626,33.93,2.0,headache,S021
-15.6,1.62,37.061709405771715,-16.95410053402422,50.31699798181977,33.93,2.0,headache,S021
-13.22,1.62,35.999162503677724,-17.487246192599446,51.19104866755879,33.93,2.0,headache,S021
-55.11,1.62,35.09696711559772,-17.650373010376985,51.93801428598185,33.93,2.0,headache,S021
77.65,1.61,35.455429204217495,-17.485087170883453,51.4135378571838,33.93,2.0,headache,S021
25.69,1.61,36.68190396064917,-17.458365229922606,50.47052031785358,33.93,2.0,headache,S021
-34.9,1.61,35.66566248714455,-17.70932647927619,51.79428969094142,33.93,2.0,headache,S021
13.05,1.61,34.93114357161845,-17.70833032430611,52.010249106852285,33.93,2.0,headache,S021
-14.86,1.6,35.40336161347791,-17.230421558337625,51.70043415560959,33.93,2.0,headache,S021
36.0,1.6,34.970030186103095,-17.395777276588998,52.140168460976916,33.91,2.0,headache,S021
-17.77,1.6,35.00136548548435,-17.454342051100827,51.65883951202474,33.91,2.0,headache,S021
-43.38,1.6,35.1348284902201,-17.783322725896703,52.018029305281836,33.91,2.0,headache,S021
70.02,1.59,35.060370125206106,-17.69820365643337,51.697921285669885,33.91,2.0,headache,S021
13.15,1.58,34.712421021120676,-18.04035474147622,52.115414113835264,33.93,2.0,headache,S021
19.66,1.59,35.08122150614921,-17.92739154010963,51.85155298724876,33.93,2.0,headache,S021
10.93,1.58,34.86856109642082,-18.098630345020872,52.20716072332592,33.93,2.0,headache,S021
-49.4,1.58,34.7548601299175,-17.88494043180305,51.350522210047515,33.93,2.0,headache,S021
22.24,1.58,35.34518334902518,-19.065557088351692,51.56007879378289,33.93,2.0,headache,S021
0.56,1.57,38.419879629919876,-18.56303356668121,47.24995066740769,33.93,2.0,headache,S021
-24.73,1.57,43.649210905689046,-20.965920008898497,44.0811302203147,33.93,2.0,headache,S021
21.57,1.57,48.26988308538192,-22.94809386912537,38.57665618699814,33.93,2.0,headache,S021
-28.3,1.56,48.59814647799207,-26.38097888770219,35.435400171467776,33.93,2.0,headache,S021
-12.26,1.56,48.15741825677211,-29.087727991253484,33.26695530522529,33.93,2.0,headache,S021
24.58,1.54,50.15022790084955,-31.003228905132776,30.152769854979987,33.93,2.0,headache,S021
-8.41,1.53,49.518726343766545,-30.416034438558807,29.985581078388083,33.93,2.0,headache,S021
88.44,1.52,49.30440066326484,-29.984060382142403,29.851038539098738,33.93,2.0,headache,S021
48.6,1.52,49.89133483803683,-29.97515640909966,30.119521273697003,33.93,2.0,headache,S021
-26.08,1.52,50.13398284922331,-29.83284163006955,29.868754428323662,33.93,2.0,headache,S021
-26.78,1.52,52.140688828413055,-26.434138830294653,30.116852691938973,33.93,2.0,headache,S021
-74.02,1.52,51.762152791437046,-23.55076693570677,34.30652883379573,33.93,2.0,headache,S021
-68.78,1.51,42.16554701770347,-23.04010506626558,42.26351568590976,33.93,2.0,headache,S021
15.85,1.52,36.375981032187596,-21.03130960636845,48.96708578223248,33.93,2.0,headache,S021
-31.09,1.53,33.48719843513893,-21.385444518813134,51.23073802496953,33.93,2.0,headache,S021
-73.42,1.52,31.744421007024222,-20.637389544972308,51.84124204036082,33.97,2.0,headache,S021
2.96,1.48,33.73069987375219,-20.27370525807928,51.232340089724865,33.97,2.0,headache,S021
-33.32,1.49,34.764891600910076,-20.280726093939897,51.17722491756582,33.97,2.0,headache,S021
39.46,1.49,33.36541191345526,-20.161813648679754,51.991498918741016,33.97,2.0,headache,S021
87.55,1.5,33.642719927137115,-19.95967078844352,51.53666403537704,33.99,2.0,headache,S021
1.93,1.5,33.87501952852251,-19.93452928346483,51.906451022904044,33.99,2.0,headache,S021
66.97,1.5,34.680572442542655,-20.141618319935677,51.156528176857385,33.99,2.0,headache,S021
-10.39,1.52,35.36455899626617,-19.39847701537544,50.651125566442325,33.99,2.0,headache,S021
-24.44,1.53,35.272636952032805,-20.067630662641477,51.46137586112551,33.99,2.0,headache,S021
48.64,1.52,35.963485411739384,-19.25200662910742,49.713377935427516,33.99,2.0,headache,S021
-26.97,1.54,35.73787400957573,-19.753175842543737,50.813185927830354,33.99,2.0,headache,S021
-21.39,1.58,35.46866175829932,-20.222655992930555,50.80583882117508,33.99,2.0,headache,S021
45.29,1.59,35.793198563006825,-20.600327920834125,51.01397409669896,33.99,2.0,headache,S021
-5.01,1.57,33.511236315854376,-18.899743131713816,51.81433951220811,33.99,2.0,headache,S021
14.38,1.56,34.716945961872014,-19.46976823456808,51.587504713793315,33.99,2.0,headache,S021
-1.06,1.56,35.24919716427861,-19.19171439410161,51.08501437939347,33.99,2.0,headache,S021
-30.75,1.55,36.84562506683252,-19.30830715860391,49.69746687734187,33.99,2.0,headache,S021
-17.53,1.55,38.42590201308677,-19.085115617683606,48.73739160697528,33.99,2.0,headache,S021
20.98,1.56,38.31645433935186,-18.505575300251238,50.36867481587946,33.99,2.0,headache,S021
-34.9,1.56,36.77053269097614,-18.03416732608677,49.21898430811713,33.99,2.0,headache,S021
0.47,1.53,42.22893630842524,-17.85685056622,46.2687864730019,33.97,2.0,headache,S021
-12.26,1.53,52.709440924073554,-15.186695764597415,35.96961372316135,33.97,2.0,headache,S021
-12.42,1.5,58.768753327018345,-12.089174337905815,28.57885092264381,33.97,2.0,headache,S021
57.99,1.51,60.23431761781732,-9.266354248527492,22.529948992774898,33.97,2.0,headache,S021
-24.34,1.54,62.23678390753694,-8.694641668388867,19.272799594202553,33.95,2.0,headache,S021
-37.63,1.51,62.50770225478557,-8.548049455114654,18.53716631066807,33.95,2.0,headache,S021
9.4,1.5,63.52294318197368,-8.233525658754198,16.996279840272717,33.95,2.0,headache,S021
31.26,1.4,60.97191583080275,-10.444934832411684,22.03631132320472,33.95,2.0,headache,S021
117.65,1.42,61.15531225293746,-9.473623940586327,23.298024514661357,33.97,2.0,headache,S021
38.62,1.53,58.2261576712579,-9.852974755575282,27.7777715148589,33.97,2.0,headache,S021
-46.24,1.56,57.155594377980975,-10.725280663225934,29.512851388608738,33.97,2.0,headache,S021
-29.11,1.56,58.87278769587248,-10.237166507223723,28.125968811675204,33.97,2.0,headache,S021
-62.52,1.57,58.561778523822106,-11.732863794802334,29.347909970065178,33.99,2.0,headache,S021
-34.02,1.57,52.58063005200908,-13.921953753598183,34.93025078706638,33.99,2.0,headache,S021
-6.17,1.54,48.179990526060045,-13.643329074370165,41.03074205858797,33.99,2.0,headache,S021
-3.36,1.54,47.87836203946268,-14.049271660122479,40.37028549984656,33.99,2.0,headache,S021
86.93,1.55,47.344251291575326,-15.872072587538842,42.42986900834681,33.97,2.0,headache,S021
65.36,1.56,46.71509984943366,-15.960160435302177,41.783128297015175,33.97,2.0,headache,S021
-40.66,1.58,46.27632901814908,-17.047484838855198,42.60164662981872,33.97,2.0,headache,S021
3.57,1.57,46.70643643003569,-16.970407838540083,42.21785719839286,33.97,2.0,headache,S021
-0.56,1.57,46.74878914232184,-16.416719611971022,41.56374252357374,33.99,2.0,headache,S021
-44.11,1.57,46.715583420621606,-17.607140980661757,42.62987514708665,33.99,2.0,headache,S021
-30.78,1.59,46.708298049126434,-16.822457789712104,42.163086084188286,33.99,2.0,headache,S021
-44.92,1.6,45.67357577260899,-16.367593343246337,42.61389564788214,33.99,2.0,headache,S021
0.15,1.58,44.9382064382939,-16.737300451129656,43.61281111766229,34.0,2.0,headache,S021
30.53,1.58,45.00032404695099,-16.955064178234206,43.41925501902104,34.0,2.0,headache,S021
-10.88,1.58,44.88420551773205,-16.86256021296157,43.97555820906116,34.0,2.0,headache,S021
5.03,1.59,44.167387042930805,-16.7600429550123,44.041090869154615,34.0,2.0,headache,S021
39.66,1.59,44.540905975490126,-18.086179475135676,44.100128498702375,33.97,2.0,headache,S021
0.96,1.58,43.82971585922819,-18.09238924752272,44.81945279874373,33.97,2.0,headache,S021
-51.01,1.57,43.22714255403134,-18.18980234270296,45.08838846848399,33.97,2.0,headache,S021
8.99,1.57,43.39262502643294,-18.247784006128818,45.10594982652683,33.97,2.0,headache,S021
24.64,1.59,42.707775134508516,-18.19812882014355,45.42165643543104,33.99,2.0,headache,S021
-27.47,1.59,41.818727036163345,-18.059923217289906,45.94031692424109,33.99,2.0,headache,S021
17.63,1.59,42.58753054168596,-18.116554912740146,46.22976776500501,33.99,2.0,headache,S021
1.7,1.59,41.88539919376655,-18.234288151637443,46.16984452256103,33.99,2.0,headache,S021
-15.67,1.59,42.387021560376155,-18.070800714223274,45.85169227963044,33.99,2.0,headache,S021
42.09,1.59,42.24638231962378,-18.79093906477834,45.8431986358918,33.99,2.0,headache,S021
-24.37,1.58,40.37851620846625,-19.005627648075965,46.7572570160273,33.99,2.0,headache,S021
-19.09,1.58,41.25031567767634,-19.820559232277184,46.868554253487616,33.99,2.0,headache,S021
4.49,1.58,40.54970465526954,-19.54724253376004,47.06758967488863,33.99,2.0,headache,S021
-38.34,1.58,39.15804943262512,-19.778873408275743,47.502807493228424,33.99,2.0,headache,S021
32.91,1.57,39.73767916959984,-19.656659374452122,47.68100213276258,33.99,2.0,headache,S021
-9.22,1.57,38.51961325431241,-19.67757411756014,48.39674001301671,33.99,2.0,headache,S021
-42.26,1.57,38.18832944148919,-19.201257574292377,48.54558326448557,33.99,2.0,headache,S021
43.9,1.57,37.84559207195669,-19.18716926717353,49.23645866503161,33.99,2.0,headache,S021
-0.89,1.57,37.87462953541032,-19.029381919011385,49.01661128768429,33.99,2.0,headache,S021
-9.41,1.56,38.24551672485372,-19.211707588066744,48.70378684819052,33.99,2.0,headache,S021
32.3,1.56,38.92131914520236,-18.945512682936968,48.36440013272591,33.99,2.0,headache,S021
-15.69,1.56,38.64113883373319,-19.195713456589907,48.51453634717294,33.99,2.0,headache,S021
7.82,1.56,39.00591946251512,-18.84574386687929,48.19872141662759,33.99,2.0,headache,S021
47.02,1.56,38.603146247948814,-19.164658236261058,48.57381305310883,33.99,2.0,headache,S021
-29.66,1.55,38.858632503342264,-18.982039441551706,48.46347017668239,33.97,2.0,headache,S021
-6.82,1.56,38.58205836859626,-19.223996663264852,48.41598529337238,33.97,2.0,headache,S021
0.48,1.55,38.80952737353538,-18.89607573765087,48.272108583883664,33.97,2.0,headache,S021
-29.42,1.55,38.79708278276488,-19.188950934882346,48.49280063230469,33.97,2.0,headache,S021
53.46,1.55,38.994275018363105,-18.9587237954107,48.31130877246486,33.97,2.0,headache,S021
-4.4,1.54,38.802265698591654,-19.09274864805268,48.18262072359552,33.97,2.0,headache,S021
-33.88,1.54,39.223500097660654,-18.994225035841968,48.06092016046159,33.97,2.0,headache,S021
22.75,1.53,38.73092205661803,-19.286601997189567,48.13370581695389,33.97,2.0,headache,S021
18.0,1.53,39.72130120248423,-19.07647453360814,47.80990312734226,33.97,2.0,headache,S021
-21.29,1.53,38.877016813486996,-19.179432995949078,48.153795211157004,33.97,2.0,headache,S021
22.01,1.53,39.93604227120683,-18.97980459005397,47.46169552626218,33.97,2.0,headache,S021
-5.9,1.52,39.01723893310161,-18.49423692490564,48.51034845334801,33.97,2.0,headache,S021
-26.62,1.52,40.550227930260654,-17.72589476009218,47.444784269605044,33.95,2.0,headache,S021
-1.38,1.52,40.42736142578857,-18.12486933839808,47.454750962063784,33.95,2.0,headache,S021
-31.45,1.55,39.35122133963788,-17.800427778440486,47.6518429586892,33.95,2.0,headache,S021
-58.36,1.54,39.783426811812696,-17.615011420958663,47.51121284127103,33.95,2.0,headache,S021
14.08,1.54,39.86983336696515,-17.860551820032743,48.03737287104999,33.97,2.0,headache,S021
6.57,1.54,40.357490836112305,-18.139708561925122,47.48976101539486,33.97,2.0,headache,S021
55.47,1.54,40.79168113867434,-18.486664264673706,47.717405817077875,33.97,2.0,headache,S021
87.04,1.53,39.15368691071553,-18.4524227792134,48.46759297906694,33.97,2.0,headache,S021
2.41,1.52,40.48536291879027,-18.295802568316926,47.01532723597843,33.97,2.0,headache,S021
24.84,1.51,40.617910828421415,-18.216731269691348,47.40816235257069,33.97,2.0,headache,S021
-12.23,1.51,39.94826422086976,-17.984766317693264,47.51210517630681,33.97,2.0,headache,S021
-43.23,1.51,40.042746011533296,-18.663368643468466,47.552888144553904,33.97,2.0,headache,S021
12.35,1.5,40.04825722573301,-18.254274399058602,47.225911294985295,33.97,2.0,headache,S021
-9.63,1.5,40.217764574311076,-18.27303974360349,47.57687208262143,33.97,2.0,headache,S021
-65.45,1.5,41.003912624191585,-18.263153892836332,46.86503811135144,33.97,2.0,headache,S021
38.5,1.51,40.302520684370336,-18.22217490236293,47.874090113831365,33.97,2.0,headache,S021
14.16,1.5,40.94810512496728,-18.405216171393302,47.29175359828455,33.95,2.0,headache,S021
-45.62,1.49,39.94024549896853,-18.7965195630946,47.69570765904559,33.95,2.0,headache,S021
21.96,1.5,39.9088926614226,-18.73323193924905,47.43822239637657,33.95,2.0,headache,S021
12.68,1.5,39.26186403728328,-18.993223508394163,47.946549808584265,33.95,2.0,headache,S021
-38.06,1.49,40.51070357590094,-18.696035810205984,47.43100016503604,33.97,2.0,headache,S021
-3.65,1.49,39.35057302515322,-19.27488272990031,48.37143454478718,33.97,2.0,headache,S021
3.65,1.5,40.87865810825648,-18.299317492271697,47.19840248479107,33.97,2.0,headache,S021
-5.85,1.5,39.65010688263773,-19.114826512048257,47.76003376363078,33.97,2.0,headache,S021
-21.87,1.49,44.99987339101153,-16.887246640541537,43.409617443955106,33.97,2.0,headache,S021
32.9,1.49,54.05848305477806,-13.915253317325728,34.39615133089096,33.97,2.0,headache,S021
-29.31,1.49,59.00953651544247,-8.275969158037617,25.915632925905186,33.97,2.0,headache,S021
-21.57,1.47,62.322898188110536,-4.043327855477177,19.36003827168351,33.97,2.0,headache,S021
-15.2,1.45,66.04905744637625,-2.977449464680146,-3.8309380749358093,33.95,2.0,headache,S021
-45.07,1.39,64.30425109685955,-1.5763867421516344,-16.088442472837684,33.95,2.0,headache,S021
50.11,1.45,63.6678581735382,-2.5380528291530453,-15.787695907454685,33.95,2.0,headache,S021
24.27,1.46,62.40593265969259,-2.673785451046319,-19.22243851433678,33.95,2.0,headache,S021
18.94,1.46,58.77382614555319,-1.424727721274277,-28.122181711626123,33.97,2.0,headache,S021
29.94,1.47,57.298583056042624,-0.996070800195515,-32.25331058897274,33.97,2.0,headache,S021
8.95,1.48,57.576708045818016,-0.6365344962799546,-29.129997473551576,33.97,2.0,headache,S021
-49.77,1.46,59.468134351928015,-1.5766949489841133,-28.232886679948397,33.97,2.0,headache,S021
35.03,1.39,60.540110384246674,-2.491748572086424,-25.706726144538212,33.97,2.0,headache,S021
79.67,1.33,64.08741574532388,-4.134554411850804,-16.107655839585473,33.97,2.0,headache,S021
16.27,1.34,64.67579719737942,-7.209272365397514,-3.684923151614842,33.97,2.0,headache,S021
-13.25,1.44,65.44061162393616,-8.312655681157633,0.026551815575979833,33.97,2.0,headache,S021
-52.83,1.46,64.55970723219714,-7.613989409485043,-0.48676058023266794,33.99,2.0,headache,S021
-58.2,1.46,66.01986076401771,-7.8623799282074796,-2.7063853256426524,33.99,2.0,headache,S021
1.9,1.46,64.759897876468,-6.092707668309392,-10.381022208141585,33.99,2.0,headache,S021
24.13,1.48,64.34996004030472,-5.620450097587865,-11.530424843788364,33.99,2.0,headache,S021
-16.49,1.5,64.88902143758048,-6.354774500051063,-10.804057937725707,33.99,2.0,headache,S021
-3.89,1.51,64.0910103571007,-6.517513269298543,-10.565732842891972,33.99,2.0,headache,S021
21.69,1.54,65.47279685476597,-7.111643107555382,-9.020509439889052,33.99,2.0,headache,S021
-11.23,1.56,64.45123432981568,-6.55258430927994,-8.714698780781504,33.99,2.0,headache,S021
7.9,1.58,65.6289962813699,-7.245442428719713,-6.716859808556209,33.97,2.0,headache,S021
34.0,1.57,64.90342325534792,-7.306109601839359,-3.2583450581869684,33.97,2.0,headache,S021
-11.5,1.56,65.88421246067652,-8.258882680691444,-3.069102676535657,33.97,2.0,headache,S021
-0.5,1.54,65.0762910059037,-8.737626333401018,-1.6687596328384726,33.97,2.0,headache,S021
5.15,1.54,65.53084383677754,-8.414404265016232,-3.212503451639673,33.97,2.0,headache,S021
-18.88,1.52,65.55179794463403,-8.344738504488518,-2.1816921561438067,33.97,2.0,headache,S021
21.37,1.49,65.81484212536158,-6.7087455910721685,-3.5110348739579424,33.97,2.0,headache,S021
16.62,1.46,64.44990874625944,-7.312618714820775,-0.8912674826469695,33.97,2.0,headache,S021
-0.8,1.44,66.712193252755,-7.606750390557948,-1.7890999783495038,33.95,2.0,headache,S021
26.16,1.42,64.88371082317529,-9.232617300435484,6.2036402656127985,33.95,2.0,headache,S021
8.53,1.41,60.04656057639112,-13.37716953868101,22.178194806952344,33.95,2.0,headache,S021
-15.34,1.4,57.796695600920174,-13.094755819375255,26.252950924455504,33.95,2.0,headache,S021
-1.59,1.4,57.517747077858424,-14.266515798762514,28.143078430859227,33.95,2.0,headache,S021
-11.65,1.39,56.91327275058592,-13.71731981654072,26.913040006290657,33.95,2.0,headache,S021
41.44,1.38,59.12219431040276,-13.455313070925706,25.41294233793014,33.95,2.0,headache,S021
21.18,1.35,59.52064764264877,-13.486683318368817,24.38818078813148,33.95,2.0,headache,S021
-57.85,1.3,60.33214216477115,-14.108852026450243,24.376961138940313,33.91,2.0,headache,S021
-32.65,1.29,56.417657654610224,-15.01961507408874,28.280768383994786,33.91,2.0,headache,S021
9.95,1.26,52.10748358856887,-15.161046049480134,36.648841463256495,33.91,2.0,headache,S021
-12.15,1.31,50.40767722302132,-14.860559634869198,37.05058359805075,33.91,2.0,headache,S021
30.3,1.43,49.326791252114305,-15.977421543688198,36.96648173609448,33.95,2.0,headache,S021
20.46,1.47,61.991945114772584,-9.279491636614397,-7.083140421872388,33.95,2.0,headache,S021
-0.14,1.51,65.37333611915908,-7.366607426137708,-32.52755307882292,33.95,2.0,headache,S021
30.19,1.49,56.96906392680348,-10.28464414303937,-1.5093542842940042,33.95,2.0,headache,S021
-58.08,1.53,38.25585446797792,-17.18124674110297,48.864701053729135,33.93,2.0,headache,S021
-77.74,1.59,45.16535836107809,-16.69427457558166,43.94313119822197,33.93,2.0,headache,S021
-0.09,1.67,42.06531221451924,-16.51176783547954,46.38667156525284,33.93,2.0,headache,S021
10.28,1.74,45.703150082645514,-16.396889709475285,43.17444081271193,33.93,2.0,headache,S021
127.18,1.75,45.349106812964784,-17.41949402305721,43.579593331380366,33.93,2.0,headache,S021
-24.0,1.76,46.28059623249343,-17.803973150144092,42.9569193227736,33.93,2.0,headache,S021
-39.24,1.77,43.92736727253448,-17.39558376033189,44.087705797631386,33.93,2.0,headache,S021
-21.3,1.82,44.55333697134682,-17.74579227084819,43.43812500885074,33.93,2.0,headache,S021
-24.11,1.81,47.715375400969194,-17.05552918428583,41.34305810080797,33.95,2.0,headache,S021
4.75,1.85,45.535289282157756,-17.293847316877272,43.20541059852742,33.95,2.0,headache,S021
62.47,1.87,45.2429127574477,-17.33422500652866,43.05552168220576,33.95,2.0,headache,S021
-95.06,1.88,44.76778012269315,-17.65209925201128,44.2099701036663,33.95,2.0,headache,S021
20.87,1.9,45.54429508850655,-17.910571635047397,43.27580823041877,33.95,2.0,headache,S021
32.51,1.93,45.4333274180751,-17.76420225772626,42.9651657129665,33.95,2.0,headache,S021
7.36,1.97,44.70396891094336,-17.71212547404065,43.65070514809957,33.95,2.0,headache,S021
-43.85,1.95,44.190309163716016,-17.746595589825723,44.300724527352855,33.95,2.0,headache,S021
-56.98,1.94,44.60755696131081,-17.83094204996936,44.18022254741247,33.97,2.0,headache,S021
15.21,1.91,44.88269628965136,-18.329522498281555,43.834116770210954,33.97,2.0,headache,S021
26.83,1.9,44.070948277997445,-18.007143263020637,44.356800603848626,33.97,2.0,headache,S021
-13.16,1.89,43.199472214023615,-17.8729713687959,44.59731021795171,33.97,2.0,headache,S021
11.78,1.87,42.29677259665963,-18.76739129932495,45.532762858333015,33.95,2.0,headache,S021
53.37,1.85,41.60528884717277,-18.91615512393299,46.59753947296725,33.95,2.0,headache,S021
-13.86,1.84,39.795790798150186,-19.310356991040372,47.364087774832115,33.95,2.0,headache,S021
-47.42,1.83,39.92798812340317,-18.734084518176342,47.121350087032916,33.95,2.0,headache,S021
42.0,1.81,41.19911197665699,-18.649320329465702,46.419173346328456,33.95,2.0,headache,S021
37.13,1.79,42.35772000287238,-19.11060722913224,46.014010077002375,33.95,2.0,headache,S021
-35.43,1.79,41.26991137635158,-18.560535014948805,46.47941993999639,33.95,2.0,headache,S021
33.21,1.79,41.40217416695159,-17.27039513701694,47.08503795034138,33.95,2.0,headache,S021
-69.49,1.79,40.7308479130463,-17.12111068579743,47.579694794315515,33.95,2.0,headache,S021
-47.1,1.74,40.535690428756126,-17.21277789743345,47.30538766854612,33.95,2.0,headache,S021
26.47,1.73,40.88090371052713,-16.802178948210827,47.377680720320896,33.95,2.0,headache,S021
27.66,1.73,41.17703536907209,-17.14059877264933,47.01385258926637,33.95,2.0,headache,S021
15.66,1.73,41.313873015494956,-17.02370236477683,47.12448405901863,33.91,2.0,headache,S021
6.59,1.71,41.190783228229606,-17.113783017685474,46.96734987583759,33.91,2.0,headache,S021
-16.59,1.72,40.701545675214675,-17.001043253210543,47.36623836494529,33.91,2.0,headache,S021
-8.97,1.73,41.32062208334547,-17.2444691929573,47.2660503699185,33.91,2.0,headache,S021
21.75,1.72,40.844207920576046,-16.929334415753114,46.98909764615108,33.89,2.0,headache,S021
-17.38,1.72,42.498035814342,-17.533575823452438,46.22473105944562,33.89,2.0,headache,S021
6.68,1.72,43.85588341910427,-16.93538088415975,44.69343860553425,33.89,2.0,headache,S021
11.78,1.72,44.108021132089355,-16.922530840822617,44.734813084926614,33.89,2.0,headache,S021
-20.73,1.71,44.071491425041636,-17.091964608115056,44.20553948048838,33.87,2.0,headache,S021
19.95,1.71,44.38165454540422,-16.965257667563858,44.46553713489179,33.87,2.0,headache,S021
56.33,1.7,43.90645041296298,-17.14438381121233,44.21778806748623,33.87,2.0,headache,S021
0.28,1.71,44.347092192367924,-17.339382891657046,44.51479680779334,33.87,2.0,headache,S021
-12.16,1.7,44.66222498624565,-17.19147188293509,44.15274831315312,33.84,2.0,headache,S021
37.81,1.69,44.78406913368389,-17.250260789794986,43.67297741774391,33.84,2.0,headache,S021
-42.59,1.69,41.93541065232399,-17.634414236191265,46.344257528847876,33.84,2.0,headache,S021
-15.52,1.69,41.69825772542156,-18.328824792606486,46.55518699580278,33.84,2.0,headache,S021
-3.7,1.7,42.421792502125086,-18.20889787625144,46.010475044531525,33.91,2.0,headache,S021
-23.33,1.72,41.84407861131722,-17.95739132468275,45.9215497389055,33.91,2.0,headache,S021
-15.01,1.73,42.06905837464187,-17.786182520526914,46.04500447195722,33.91,2.0,headache,S021
-2.6,1.73,41.5497773523774,-18.05037845473674,46.58314434250284,33.91,2.0,headache,S021
29.83,1.73,41.37955242204323,-17.77486336278592,46.740557740980755,33.91,2.0,headache,S021
31.94,1.72,40.95127894669553,-18.025837823503608,47.06762728691903,33.91,2.0,headache,S021
-16.16,1.72,41.25934313892571,-18.34274806319463,46.94405663149496,33.91,2.0,headache,S021
-12.43,1.73,40.97377488528317,-18.0431390358901,47.0531740646892,33.91,2.0,headache,S021
9.58,1.73,41.88425261093202,-17.665202590687212,46.14628696608888,33.91,2.0,headache,S021
-4.63,1.73,42.054805740424854,-17.904778770167717,46.33624769779447,33.91,2.0,headache,S021
11.94,1.73,41.69391068015263,-17.735912285088034,46.423852470006686,33.91,2.0,headache,S021
-1.07,1.74,41.72435791766525,-17.839971355837577,46.79424881838686,33.91,2.0,headache,S021
-0.5,1.74,41.344781793913164,-17.535577816156138,46.63251724972994,33.89,2.0,headache,S021
1.13,1.74,41.792692041331435,-17.74644301149436,46.60931283435088,33.89,2.0,headache,S021
-19.13,1.74,41.923855437868355,-17.68940075260276,46.75947083039099,33.89,2.0,headache,S021
24.25,1.76,41.37977287118542,-17.56318257190569,46.662315778098176,33.89,2.0,headache,S021
12.45,1.78,41.375657068277384,-18.026959915759843,46.791574063663255,33.87,2.0,headache,S021
-20.65,1.79,41.45319362833502,-17.96680391469408,46.6194116160855,33.87,2.0,headache,S021
10.25,1.8,41.307514662874155,-18.034927589673288,46.72080210623333,33.87,2.0,headache,S021
-12.88,1.81,41.498302845909286,-17.905559144999177,46.80235128803761,33.87,2.0,headache,S021
-14.29,1.81,41.10153093356226,-17.7112099031355,47.05716017870586,33.89,2.0,headache,S021
33.17,1.8,41.52118702928808,-17.87058517920511,46.48128233368641,33.89,2.0,headache,S021
-5.6,1.81,41.477170106455674,-18.029205532820317,46.73129053402897,33.89,2.0,headache,S021
-12.2,1.8,41.41938505795946,-17.583852528600644,46.736411433122335,33.89,2.0,headache,S021
26.33,1.79,41.426255556122086,-17.746635633097544,46.78779149419996,33.84,2.0,headache,S021
-14.15,1.79,41.37081583453692,-17.99401157197082,46.93658464195354,33.84,2.0,headache,S021
-17.38,1.78,41.006877591556844,-18.03762498921239,47.0833275127723,33.84,2.0,headache,S021
13.27,1.79,41.44242437233189,-17.700846318142066,46.87416216364176,33.84,2.0,headache,S021
-12.32,1.78,40.83362294596788,-17.675271341552456,46.7872338710276,33.84,2.0,headache,S021
-1.82,1.77,40.92889517945894,-17.971460503500616,46.96233039537757,33.84,2.0,headache,S021
23.3,1.77,40.62918228786229,-18.001816578054736,47.149062463282526,33.84,2.0,headache,S021
-29.67,1.76,40.89687995403172,-18.108526678906134,46.95942198481818,33.84,2.0,headache,S021
6.1,1.76,40.851277799864,-18.03052786977493,47.23316416585666,33.83,2.0,headache,S021
16.34,1.76,40.60764925864836,-17.980285566148968,47.59358731547378,33.83,2.0,headache,S021
-24.73,1.76,40.00354485106344,-18.016124745038386,47.7774040133199,33.83,2.0,headache,S021
28.42,1.76,40.18785753701548,-17.988001458583074,47.42013449036806,33.83,2.0,headache,S021
-6.72,1.76,40.16079215471868,-17.914854655817077,47.534784235705125,33.81,2.0,headache,S021
-18.9,1.76,41.090073933624254,-17.878192608315192,47.15074113511005,33.81,2.0,headache,S021
28.35,1.75,39.82220774909106,-17.939381106185387,47.29322459065721,33.81,2.0,headache,S021
3.46,1.76,40.98724227439215,-17.864170663610444,47.28923617746355,33.81,2.0,headache,S021
-4.56,1.75,40.16699922166627,-18.124704349321348,47.49028710404639,33.81,2.0,headache,S021
-18.49,1.75,40.349787270385924,-17.953430418984546,47.54030529883402,33.81,2.0,headache,S021
-23.53,1.75,40.12295142912232,-18.242895802321303,47.63788408486339,33.81,2.0,headache,S021
14.97,1.75,39.809826619437665,-18.03346218515768,47.62458173366569,33.81,2.0,headache,S021
-16.98,1.76,39.49401839216716,-18.14946856799402,47.748309868101416,33.81,2.0,headache,S021
-1.04,1.8,39.43517153222857,-18.00555532239744,47.85764160895283,33.81,2.0,headache,S021
12.07,1.84,39.604774584442225,-17.977462240826146,47.95524711918048,33.81,2.0,headache,S021
-16.53,1.88,40.55265654833424,-16.59695908684829,48.139526090505484,33.81,2.0,headache,S021
20.82,1.91,38.875771705577876,-15.502072907562233,49.015745719158545,33.81,2.0,headache,S021
-7.24,1.92,38.327808848094634,-17.073638208307003,49.56817372434105,33.81,2.0,headache,S021
-5.73,1.92,39.54553746526306,-16.17374345071991,48.928102027391155,33.81,2.0,headache,S021
25.56,1.92,38.006179143631705,-17.35092873815955,49.62462916437513,33.81,2.0,headache,S021
-23.63,1.93,37.489916084075446,-18.011727865222262,49.694275519558914,33.81,2.0,headache,S021
17.92,1.94,37.36235805234773,-17.095454412976423,50.897743955293954,33.81,2.0,headache,S021
21.19,1.94,35.55882689476095,-17.913885933679637,51.20917920570129,33.81,2.0,headache,S021
-11.86,1.96,36.84630712753902,-17.76736381722629,50.764711283981825,33.81,2.0,headache,S021
7.09,2.01,37.83628703803743,-18.060655578168852,49.934174292535204,33.77,2.0,headache,S021
23.76,2.11,36.75991113269821,-17.928410779008583,50.5925439966315,33.77,2.0,headache,S021
-11.42,2.2,38.49022157564194,-17.871849014297865,48.85325800939971,33.77,2.0,headache,S021
19.84,2.23,40.26753871705247,-17.868239853805516,47.96531011546423,33.77,2.0,headache,S021
-18.53,2.26,39.787009176282176,-18.45214218217886,47.610444241488324,33.79,2.0,headache,S021
-29.93,2.26,39.45816787854795,-19.07551452495989,47.74735692067456,33.79,2.0,headache,S021
62.2,2.24,38.84391029388615,-18.92957806041883,48.00524499766164,33.79,2.0,headache,S021
49.83,2.2,39.10037722660403,-19.09623009184243,48.24972673652196,33.79,2.0,headache,S021
-18.65,2.16,39.365864989308726,-18.96148607653818,47.7016220001564,33.84,2.0,headache,S021
-44.3,2.15,39.20594403396419,-19.231938673233156,48.080922174759756,33.84,2.0,headache,S021
-17.66,2.1,38.67583767163537,-19.19390064965631,47.94687975397958,33.84,2.0,headache,S021
-7.11,2.08,38.680078266351316,-19.696277449865494,49.100925863376865,33.84,2.0,headache,S021
-17.15,2.07,36.388002272583186,-19.27516601153097,50.724904887815875,33.84,2.0,headache,S021
-20.18,2.06,32.24441246833451,-22.19178136638908,52.65197415895476,33.84,2.0,headache,S021
-38.35,2.06,28.159925424008826,-20.707919095044947,52.36794561335418,33.84,2.0,headache,S021
2.19,2.07,27.649704421111853,-19.489379259696253,54.196364382168234,33.84,2.0,headache,S021
6.16,2.06,32.829328647852826,-20.427513198535284,54.365836141801566,33.89,2.0,headache,S021
-33.46,2.06,30.81696523757225,-17.948021463930672,53.92568951313416,33.89,2.0,headache,S021
-36.74,2.05,28.779246137731615,-18.944541936628163,54.88858432735257,33.89,2.0,headache,S021
-25.6,2.06,31.054740127574732,-19.271210979925772,53.422760279631866,33.89,2.0,headache,S021
34.58,2.06,32.732486705988485,-19.791495245281283,52.88961340699239,33.89,2.0,headache,S021
67.74,2.07,33.37479744363261,-19.391638012048524,51.736022653519484,33.89,2.0,headache,S021
34.49,2.06,34.77303620717696,-20.478592549400723,51.44838451344879,33.89,2.0,headache,S021
46.67,2.06,34.45836025889881,-19.612304921282114,51.204743673057045,33.89,2.0,headache,S021
-43.28,2.06,35.87811363913964,-20.289887142709944,50.6054826987231,33.93,2.0,headache,S021
-52.74,2.04,35.69043829382299,-19.728509267204554,49.930874451653295,33.93,2.0,headache,S021
36.6,2.06,36.10428149903459,-20.404193868772115,50.04450718468506,33.93,2.0,headache,S021
2.48,2.06,35.88513458970078,-20.02556997369979,49.97609065349516,33.93,2.0,headache,S021
-26.74,2.06,36.28279872626666,-20.38566246351722,49.98935527818056,33.91,2.0,headache,S021
16.85,2.07,36.52465920236897,-19.991839435508954,49.7867109298614,33.91,2.0,headache,S021
-9.21,2.07,37.09144973211307,-20.590902375218633,49.470722847043795,33.91,2.0,headache,S021
-4.06,2.06,36.96256980534925,-20.401392908127566,48.92251595798638,33.91,2.0,headache,S021
37.6,2.06,37.60417678146312,-20.451310381018104,49.03852682391221,33.93,2.0,headache,S021
-22.01,2.07,37.304186488145604,-20.367998330001054,48.99251082403344,33.93,2.0,headache,S021
-10.03,2.07,37.680398732315375,-20.486858572055368,48.81560691604781,33.93,2.0,headache,S021
23.5,2.07,37.17951467825693,-20.34008353911354,48.84519562641032,33.93,2.0,headache,S021
-12.39,2.07,37.566065800820965,-20.893420298504854,48.773333970168316,33.93,2.0,headache,S021
-10.01,2.06,37.94299370815222,-20.785261469540135,48.48108450258384,33.93,2.0,headache,S021
27.04,2.06,37.62899759834992,-20.705806816978043,48.43806066377506,33.93,2.0,headache,S021
-24.81,2.06,37.792019688382354,-20.430605811897053,48.43386870738102,33.93,2.0,headache,S021
