bvp,eda,x,y,z,temperature,pain_scale,pain_type,person_id
-25.97,4.0,-32.57523550600092,-8.491558488943967,44.06243490203773,4.0,1.0,headache,S024
13.13,0.0,-55.81650115533799,-34.79307097038233,11.142065329398289,35.43,1.0,headache,S024
-4.81,0.22,-57.43003066410561,-30.204885673145753,-10.371846208393828,35.43,1.0,headache,S024
28.45,0.25,-51.4149675419495,-31.883309027547476,-22.091542613409757,35.43,1.0,headache,S024
86.37,0.27,-41.96627060613412,-28.41531109660325,-41.47511695607915,35.43,1.0,headache,S024
156.38,0.25,-39.13520393168288,-29.47129594648557,-40.42425919140046,35.43,1.0,headache,S024
-459.25,0.24,-38.82255858924969,-28.321907394223828,-41.928186858667424,35.43,1.0,headache,S024
-28.53,0.24,-38.69849176770382,-28.84188398411824,-41.30042236873552,35.43,1.0,headache,S024
181.25,0.24,-38.26844998421159,-27.726371209777536,-42.41478598124874,35.43,1.0,headache,S024
24.78,0.24,-38.288750100304114,-28.666720014632503,-41.672907974488474,35.41,1.0,headache,S024
13.62,0.24,-38.304549819813154,-27.910772234640696,-42.16150298385683,35.41,1.0,headache,S024
-6.39,0.24,-38.557201749055956,-28.437210388935327,-41.730308646372514,35.41,1.0,headache,S024
5.33,0.24,-37.73490776852915,-27.80694940236357,-42.304801528258544,35.41,1.0,headache,S024
1.23,0.24,-38.48934133945912,-28.785763655841595,-42.01980737383287,35.43,1.0,headache,S024
19.32,0.24,-38.474290750621016,-28.066322337782662,-42.126596398931945,35.43,1.0,headache,S024
7.43,0.24,-38.569826300340424,-28.478118685760336,-41.86593780521201,35.43,1.0,headache,S024
-24.47,0.24,-38.290200486649915,-28.221093005274078,-42.12438217537249,35.43,1.0,headache,S024
10.07,0.24,-38.45555556214408,-28.63317375657892,-41.94738960319692,35.41,1.0,headache,S024
-39.13,0.24,-37.988145237609935,-27.91600899943533,-42.209269561736946,35.41,1.0,headache,S024
-16.61,0.24,-38.6954733522666,-28.436482524862843,-41.825858742405615,35.41,1.0,headache,S024
-49.39,0.24,-38.945811232701715,-27.950021384162113,-42.16821192412733,35.41,1.0,headache,S024
-65.58,0.24,-39.016962787904504,-28.112131920447734,-41.83011498412701,35.43,1.0,headache,S024
190.11,0.24,-38.49812933631162,-28.216442691825456,-42.179159246554924,35.43,1.0,headache,S024
5.05,0.24,-38.47059175190045,-28.177849139241353,-41.78364069084196,35.43,1.0,headache,S024
-56.26,0.24,-38.368907753413076,-28.069101160161686,-42.03048925870395,35.43,1.0,headache,S024
59.07,0.24,-38.69462572907123,-28.126285640217887,-41.58695407000718,35.43,1.0,headache,S024
-4.38,0.24,-38.07986510067999,-28.08381561362749,-42.12786602158237,35.43,1.0,headache,S024
-53.9,0.23,-38.571547200690375,-28.041611321113045,-41.64248211827738,35.43,1.0,headache,S024
69.86,0.24,-37.873795840448146,-27.84039430302962,-42.37294187150688,35.43,1.0,headache,S024
-18.24,0.24,-38.06760728948466,-27.817664734220408,-43.02006379262206,35.39,1.0,headache,S024
-64.96,0.23,-38.6044078152517,-27.37962475302696,-42.54334453420044,35.39,1.0,headache,S024
58.05,0.23,-38.99396693776636,-27.5951698847749,-42.45256245778217,35.39,1.0,headache,S024
20.98,0.23,-38.51514172763507,-27.52195294840615,-42.498277622710674,35.39,1.0,headache,S024
-78.74,0.23,-38.454891987292854,-27.973538645889356,-42.47347596577882,35.37,1.0,headache,S024
41.09,0.23,-39.465626427474135,-27.41498461507038,-41.982139350132755,35.37,1.0,headache,S024
18.22,0.23,-38.86988132035457,-27.57907801521144,-42.03422685036944,35.37,1.0,headache,S024
-56.94,0.23,-38.35176451255776,-27.36644336402489,-42.35804532881075,35.37,1.0,headache,S024
52.93,0.23,-38.5243668728872,-27.750773319922335,-42.434023964114544,35.39,1.0,headache,S024
-6.96,0.23,-38.48047871230875,-27.107886690453974,-42.57603478301271,35.39,1.0,headache,S024
-54.59,0.23,-37.880778574038395,-27.746041160200477,-42.74244011074313,35.39,1.0,headache,S024
67.65,0.23,-37.991232407191134,-27.36198970719947,-42.994524387905074,35.39,1.0,headache,S024
-26.68,0.23,-37.66745088564569,-27.86137438526689,-42.88719857141505,35.34,1.0,headache,S024
-28.12,0.23,-38.204289238051466,-27.3876649056713,-42.90798403680299,35.34,1.0,headache,S024
51.14,0.23,-37.43460386540393,-27.89146777107302,-42.79845513785507,35.34,1.0,headache,S024
-53.78,0.23,-38.59687115432108,-27.305675811831087,-42.44465657645518,35.34,1.0,headache,S024
10.16,0.23,-39.43075987713378,-27.221725166072265,-42.08701358544492,35.34,1.0,headache,S024
36.86,0.23,-39.47339780290889,-27.043873187244774,-41.82697125260112,35.34,1.0,headache,S024
-73.76,0.23,-39.77427050007896,-26.949765730156855,-41.51591037496101,35.34,1.0,headache,S024
38.77,0.23,-39.52981607089194,-27.1053243206912,-41.83687523774624,35.34,1.0,headache,S024
21.89,0.23,-39.56371684002952,-27.094449755137347,-42.03726370021395,35.34,1.0,headache,S024
-58.2,0.23,-40.250957838016774,-26.904115345844176,-41.07936116154315,35.34,1.0,headache,S024
59.6,0.22,-40.769953637919635,-26.821131796666084,-41.20931663124072,35.34,1.0,headache,S024
-20.25,0.22,-40.649926314550676,-26.630327603995834,-41.17240903553221,35.34,1.0,headache,S024
-19.23,0.22,-40.67023016107643,-26.781316778194498,-40.91639413148051,35.34,1.0,headache,S024
59.13,0.22,-41.00970601043878,-26.60021478864472,-40.951369418315345,35.34,1.0,headache,S024
-57.8,0.22,-40.97835250841787,-26.491570547801928,-41.0328573346152,35.34,1.0,headache,S024
8.84,0.22,-41.023308709621226,-26.514355532733383,-40.95194403573976,35.34,1.0,headache,S024
67.06,0.22,-40.97319928497337,-26.44688558122433,-41.17127008931035,35.31,1.0,headache,S024
-64.82,0.22,-41.035394131717155,-26.747676035868093,-41.14432222070357,35.31,1.0,headache,S024
-0.02,0.22,-40.801903821100694,-26.668469390631863,-40.9469271410251,35.31,1.0,headache,S024
66.67,0.22,-40.91747844285661,-26.696171560175436,-41.024060585442825,35.31,1.0,headache,S024
-58.83,0.22,-41.01085315302357,-26.717427098447416,-41.05438410664155,35.33,1.0,headache,S024
-1.05,0.22,-41.002007604630855,-26.891585131289514,-41.10200316726319,35.33,1.0,headache,S024
66.48,0.22,-40.99105192625839,-26.758220201631033,-40.91203577378889,35.33,1.0,headache,S024
-58.42,0.22,-41.0150763053895,-26.883066499039156,-41.1818399622335,35.33,1.0,headache,S024
-34.04,0.22,-40.97686585107022,-26.60856234074785,-40.9918838203006,35.31,1.0,headache,S024
83.22,0.22,-41.04000192344862,-26.402281343162837,-40.99172937787909,35.31,1.0,headache,S024
-15.25,0.22,-40.983462314068625,-26.6132573538734,-41.21056219378415,35.31,1.0,headache,S024
-71.93,0.22,-40.95547220559543,-26.55649983143451,-41.07091821376591,35.31,1.0,headache,S024
58.13,0.22,-40.75614739262893,-26.886538265659436,-41.01622730557948,35.31,1.0,headache,S024
24.58,0.22,-40.768866902038184,-26.717672588563854,-41.28239443268909,35.31,1.0,headache,S024
-71.64,0.22,-40.753191242646096,-26.8731468656518,-41.23252789808965,35.31,1.0,headache,S024
30.52,0.22,-41.015516118971284,-26.687715682330154,-41.07941475859067,35.31,1.0,headache,S024
44.75,0.22,-40.97917150345672,-26.500177367153615,-41.06061365540034,35.27,1.0,headache,S024
-71.74,0.22,-41.03516095295078,-26.689212620914127,-41.34749478212635,35.27,1.0,headache,S024
5.95,0.22,-40.81429064771887,-26.929169680148387,-41.06593038315311,35.27,1.0,headache,S024
66.19,0.22,-40.6158129256157,-26.44124780601219,-41.27135708075881,35.27,1.0,headache,S024
-52.87,0.22,-40.200652038023506,-27.036750574072137,-41.73588648949429,35.27,1.0,headache,S024
-33.24,0.22,-39.62320069305507,-26.946239731706815,-41.982109896799855,35.27,1.0,headache,S024
66.15,0.22,-39.88745082142211,-27.06630066665518,-41.8057031875791,35.27,1.0,headache,S024
-28.65,0.22,-40.00612105101667,-26.860549508603984,-41.75222025769997,35.27,1.0,headache,S024
-38.03,0.21,-39.865175081114124,-26.987489026610856,-41.76954539316756,35.27,1.0,headache,S024
62.88,0.22,-39.95306742639236,-26.869786435185866,-41.988921074731074,35.27,1.0,headache,S024
-18.16,0.22,-39.905107766314785,-26.997324029728794,-41.64336142003809,35.27,1.0,headache,S024
-62.52,0.21,-40.07566077744494,-26.99656037463915,-41.738370438010676,35.27,1.0,headache,S024
58.58,0.22,-39.9214695637533,-26.899056196346685,-41.77843230014716,35.25,1.0,headache,S024
15.61,0.22,-40.1000202802854,-26.95954402395964,-41.77890287652041,35.25,1.0,headache,S024
-76.55,0.21,-39.54401479987013,-27.03381148133576,-41.782364658718215,35.25,1.0,headache,S024
39.24,0.22,-39.75184045180399,-26.966732385465722,-42.11426798559174,35.25,1.0,headache,S024
44.59,0.22,-40.02667640187681,-27.034699273228718,-41.648625587411686,35.25,1.0,headache,S024
-70.82,0.21,-39.944257754561725,-26.96155512600034,-41.92651973760542,35.25,1.0,headache,S024
15.45,0.21,-39.68235920725046,-27.04883229979085,-41.80996535828024,35.25,1.0,headache,S024
57.6,0.22,-39.631949800279706,-26.985588208936544,-41.89260703735298,35.25,1.0,headache,S024
-59.56,0.21,-39.91651495798712,-26.98976992781868,-41.75261339746858,35.25,1.0,headache,S024
-11.41,0.21,-39.45296333524363,-26.98782994707219,-41.90156027837443,35.25,1.0,headache,S024
76.96,0.21,-39.71313161348173,-27.020114513247293,-41.8350387473529,35.25,1.0,headache,S024
-28.66,0.21,-39.91605090968288,-26.97331518445525,-41.916782594951215,35.25,1.0,headache,S024
-63.82,0.21,-39.564097153803694,-27.036455452063368,-41.77290239955818,35.25,1.0,headache,S024
67.82,0.21,-39.59505262984399,-26.935060298091297,-41.98951410242431,35.25,1.0,headache,S024
30.99,0.21,-39.68627639841653,-26.936292293620937,-41.9999756479435,35.25,1.0,headache,S024
-76.07,0.21,-39.56486880497665,-26.999515511530436,-42.08130317248587,35.25,1.0,headache,S024
25.99,0.21,-39.369448650726085,-26.974874441328335,-41.95397426949501,35.23,1.0,headache,S024
46.66,0.21,-39.64710763385827,-26.886014337050536,-41.81624774064986,35.23,1.0,headache,S024
-63.59,0.21,-39.392956141749536,-26.995089579229518,-41.76690626486963,35.23,1.0,headache,S024
10.92,0.21,-39.334063938989786,-27.00360445860913,-42.008474667474125,35.23,1.0,headache,S024
60.55,0.21,-39.416572754154856,-26.956244706241026,-42.00258943457174,35.25,1.0,headache,S024
-57.41,0.21,-39.1171732612008,-27.071530058326395,-42.26709262128402,35.25,1.0,headache,S024
-30.82,0.21,-38.70794349701788,-27.125862322301177,-42.087519593042195,35.25,1.0,headache,S024
77.5,0.21,-38.85701576008558,-27.27045261307022,-42.35604502909228,35.25,1.0,headache,S024
-19.61,0.21,-39.20977409938495,-27.091469172327752,-42.30039627454102,35.23,1.0,headache,S024
-60.83,0.21,-39.26897302055111,-26.988752859607224,-42.00334350198882,35.23,1.0,headache,S024
66.3,0.21,-38.9415955697256,-27.249600756172747,-42.318231297143186,35.23,1.0,headache,S024
5.83,0.21,-38.91033711585482,-27.153029694386145,-42.354146508383394,35.23,1.0,headache,S024
-59.92,0.21,-38.33738458799896,-27.134410446313233,-42.40352256308859,35.23,1.0,headache,S024
53.27,0.21,-38.71394515717838,-27.13634233117405,-42.687629001850546,35.23,1.0,headache,S024
8.34,0.21,-38.03617975241057,-27.42004594288559,-42.62237951772562,35.23,1.0,headache,S024
-61.43,0.21,-38.23683496928321,-27.629632664553306,-42.72480068824262,35.23,1.0,headache,S024
51.04,0.21,-36.97527915878629,-27.67410419485114,-43.42151699037331,35.21,1.0,headache,S024
-0.53,0.21,-38.17215700195278,-27.403381266725628,-41.99621138594005,35.21,1.0,headache,S024
-65.21,0.21,-35.192789586982265,-27.402017937640238,-45.92956067813618,35.21,1.0,headache,S024
54.62,0.2,-30.4443566438791,-27.899486641112034,-47.26704749631101,35.21,1.0,headache,S024
19.48,0.21,-31.302642747539696,-28.638247726406867,-46.68133338790302,35.23,1.0,headache,S024
-76.69,0.21,-31.09774726108016,-28.057642349658224,-47.78195714669565,35.23,1.0,headache,S024
57.9,0.2,-31.13384096619323,-28.573737073318306,-47.254731276731285,35.23,1.0,headache,S024
-27.75,0.2,-30.833276949745706,-28.779713297009827,-46.7286503681281,35.23,1.0,headache,S024
-65.39,0.21,-31.271230449044328,-29.1128021911154,-46.873259035795144,35.21,1.0,headache,S024
98.48,0.21,-30.648506579146,-28.905740640826476,-46.750469890644915,35.21,1.0,headache,S024
3.09,0.2,-30.401651498167528,-28.20211355014343,-48.126932002829584,35.21,1.0,headache,S024
-31.27,0.21,-31.26147447649147,-28.343601938212338,-46.852933723756735,35.21,1.0,headache,S024
44.76,0.21,-31.652461186065597,-28.268091899285206,-47.2291072281329,35.21,1.0,headache,S024
-34.51,0.21,-31.412007944397686,-28.2169499340522,-46.91387404510139,35.21,1.0,headache,S024
26.03,0.22,-31.803591362907067,-28.2657083060465,-46.846826577502135,35.21,1.0,headache,S024
10.39,0.22,-31.250671320697634,-28.127967785168746,-46.88734592073932,35.21,1.0,headache,S024
-49.42,0.22,-31.035661894229946,-28.363397714395557,-47.11863126860868,35.21,1.0,headache,S024
53.5,0.22,-31.384151528762246,-28.41986645319435,-46.781794211753756,35.21,1.0,headache,S024
-49.82,0.23,-30.811010255700264,-28.687304692933594,-47.117802018393895,35.21,1.0,headache,S024
17.18,0.24,-31.01104125852589,-28.920076359097937,-47.067728746964946,35.21,1.0,headache,S024
18.52,0.24,-30.95266780790276,-29.026252798399913,-47.15593842425821,35.23,1.0,headache,S024
-52.23,0.24,-30.871941092074437,-28.694675107447743,-46.97327362057042,35.23,1.0,headache,S024
56.5,0.24,-29.856082793361903,-29.157716661774117,-47.28515441004582,35.23,1.0,headache,S024
-45.93,0.24,-30.205380154379576,-28.989301149747316,-47.29292160018049,35.23,1.0,headache,S024
9.06,0.24,-29.57320454564631,-28.927056160079758,-48.063687151083606,35.18,1.0,headache,S024
31.79,0.24,-30.24887311697597,-28.945790475915096,-47.07700928548334,35.18,1.0,headache,S024
-55.22,0.24,-28.816327434257765,-29.101551447766006,-48.651301618524855,35.18,1.0,headache,S024
56.03,0.24,-30.759012831571024,-29.497851407086863,-46.74009190914725,35.18,1.0,headache,S024
-4.51,0.24,-28.17899302918987,-30.27358645090397,-47.16818717931283,35.16,1.0,headache,S024
-56.27,0.24,-29.482971141285994,-29.713492618268695,-47.62238618126285,35.16,1.0,headache,S024
57.6,0.24,-24.20978238649771,-31.556033011597094,-47.34425826845923,35.16,1.0,headache,S024
-82.22,0.24,-26.999072796409106,-30.49281395906436,-48.754472681297436,35.16,1.0,headache,S024
-105.86,0.24,-29.25761547265183,-31.3243598282144,-45.36573011382943,35.18,1.0,headache,S024
155.76,0.23,-28.884199685476617,-31.084063221068703,-47.679484506060184,35.18,1.0,headache,S024
4.07,0.23,-32.103749342179135,-29.739410800460412,-44.747561969352894,35.18,1.0,headache,S024
4.3,0.23,-34.67673257594452,-27.481768134410657,-46.537797400879775,35.18,1.0,headache,S024
64.35,0.24,-41.12084031828749,-26.30847864981005,-40.29447723281636,35.16,1.0,headache,S024
-25.17,0.23,-41.68314875313959,-26.388339017390376,-41.218119975731824,35.16,1.0,headache,S024
24.99,0.24,-43.91852200766065,-26.496975948702147,-38.48438131888677,35.16,1.0,headache,S024
6.27,0.24,-44.28139910649576,-27.343125131477926,-35.4233493391517,35.16,1.0,headache,S024
-59.74,0.24,-45.4896165091485,-25.87732666843324,-38.981600318248915,35.16,1.0,headache,S024
45.18,0.24,-38.41115490735381,-28.237417728321724,-40.99860333326121,35.16,1.0,headache,S024
-54.04,0.24,-39.36618089534877,-27.50867409014686,-42.41851088519603,35.16,1.0,headache,S024
8.62,0.24,-37.75713083569013,-27.400436677126827,-42.78241396699044,35.16,1.0,headache,S024
31.89,0.24,-39.25089239110058,-26.822974274836376,-42.43553520268837,35.16,1.0,headache,S024
-30.03,0.24,-36.84908768684694,-27.238645072052865,-43.31723788742512,35.16,1.0,headache,S024
46.72,0.25,-38.415961722586445,-26.566334525512097,-43.354865159153064,35.16,1.0,headache,S024
-36.69,0.24,-37.48435431768669,-27.068624421029,-42.87548338979042,35.16,1.0,headache,S024
-8.52,0.24,-39.105288339539555,-26.492841077725473,-43.62704835804386,35.15,1.0,headache,S024
45.13,0.24,-34.33733794951193,-27.546311202404276,-45.25097974207074,35.15,1.0,headache,S024
-62.65,0.24,-35.504417932250895,-28.48183114378066,-44.90013676899686,35.15,1.0,headache,S024
35.6,0.24,-34.30544732222971,-29.409199466566527,-43.17065909541922,35.15,1.0,headache,S024
-8.55,0.24,-35.925850420161446,-28.722212195902152,-44.8923120990278,35.15,1.0,headache,S024
-60.59,0.24,-34.93662569689539,-28.96764896031562,-44.06204175097567,35.15,1.0,headache,S024
45.23,0.24,-39.02247736889434,-27.356043899898193,-43.05515352101998,35.15,1.0,headache,S024
-24.85,0.24,-38.87961137159427,-27.314450325849204,-41.28371693317217,35.15,1.0,headache,S024
37.19,0.24,-40.17405833641231,-28.049569798575625,-40.18242711934605,35.15,1.0,headache,S024
24.12,0.24,-42.88010887720088,-26.724126395800074,-38.49644522289513,35.15,1.0,headache,S024
-29.12,0.24,-44.686104834012234,-25.63328310389718,-39.86027521241122,35.15,1.0,headache,S024
47.9,0.25,-45.58540573118337,-28.126638073038507,-35.35866554131731,35.15,1.0,headache,S024
-49.87,0.25,-43.01427094720245,-31.51054641375773,-33.00061221877243,35.15,1.0,headache,S024
10.12,0.25,-43.347811948321805,-31.425049690373893,-35.063673446877914,35.15,1.0,headache,S024
-9.52,0.26,-44.29970713179093,-30.700705240432807,-35.54043953846792,35.15,1.0,headache,S024
-31.33,0.26,-45.128981718550165,-29.924517919613418,-34.80796099877301,35.15,1.0,headache,S024
52.5,0.26,-45.63903148977481,-30.00632813581979,-33.62776485032666,35.13,1.0,headache,S024
-49.3,0.26,-45.5347753180263,-29.646655386827334,-35.04938396859408,35.13,1.0,headache,S024
39.39,0.26,-45.230566071887445,-29.836475150642734,-34.23670256658376,35.13,1.0,headache,S024
-19.07,0.26,-46.21691056752968,-28.93361022538536,-34.37433044659377,35.13,1.0,headache,S024
-9.19,0.26,-46.32362880346362,-28.515602996184267,-34.59133388007626,35.13,1.0,headache,S024
29.05,0.26,-44.49375297648453,-29.194225917246765,-35.80579702539609,35.13,1.0,headache,S024
-61.7,0.26,-44.573305931090616,-29.17712394928376,-36.13699819237577,35.13,1.0,headache,S024
39.42,0.25,-44.94966447867687,-29.271346559230484,-35.60621138175009,35.13,1.0,headache,S024
-24.0,0.26,-45.203583149610196,-29.31742188604981,-34.67354758359037,35.13,1.0,headache,S024
-10.2,0.25,-45.73714376973558,-29.090573100448395,-34.96671600253485,35.13,1.0,headache,S024
34.76,0.25,-44.25231851447655,-29.32678684983248,-35.17127028993732,35.13,1.0,headache,S024
-43.07,0.25,-45.293165854349574,-28.899403125071476,-35.21366014756698,35.13,1.0,headache,S024
53.5,0.26,-45.27517769343548,-29.031384622391478,-34.86362078210756,35.13,1.0,headache,S024
-13.39,0.25,-44.93377337088961,-29.17394370790424,-35.41370280503343,35.13,1.0,headache,S024
-26.39,0.26,-45.1431184400962,-28.913539117084586,-35.033092100263914,35.13,1.0,headache,S024
58.39,0.26,-45.77480659747505,-28.996118513478745,-34.80789001422095,35.13,1.0,headache,S024
-37.72,0.25,-44.904998610646416,-28.963776219173663,-34.96052188750844,35.13,1.0,headache,S024
-9.03,0.25,-44.14173425655069,-29.562486518774417,-35.45929571885496,35.13,1.0,headache,S024
58.34,0.26,-44.70512419056855,-29.29570827602732,-35.269452555466216,35.13,1.0,headache,S024
-48.19,0.25,-45.170202374553455,-28.949847748599353,-35.211921265139985,35.13,1.0,headache,S024
-18.0,0.25,-44.900585630966155,-29.418028731544858,-35.30907910598141,35.13,1.0,headache,S024
66.66,0.26,-44.000223907488966,-29.923640745318668,-35.59323012779705,35.13,1.0,headache,S024
-37.0,0.25,-45.202901802316475,-28.980703523793405,-35.40375074459685,35.13,1.0,headache,S024
-24.58,0.25,-43.733049976815,-29.868315814793213,-35.37690235539532,35.13,1.0,headache,S024
67.17,0.25,-44.24409936270952,-27.9822350851382,-35.73972250139689,35.15,1.0,headache,S024
-29.46,0.26,-44.677487215855535,-26.26671788611508,-39.67912611612645,35.15,1.0,headache,S024
-43.11,0.25,-42.211674834110504,-27.766055117591304,-37.07209954262781,35.15,1.0,headache,S024
66.24,0.25,-43.8429641396226,-27.52012749601215,-39.53205566444201,35.15,1.0,headache,S024
-14.04,0.26,-43.59407021530155,-27.07636344521864,-37.19302799067068,35.13,1.0,headache,S024
-43.47,0.25,-44.13883821729228,-27.061980373345083,-38.617195529865725,35.13,1.0,headache,S024
51.05,0.25,-43.8318386700987,-26.85416936837614,-37.46273418713015,35.13,1.0,headache,S024
-8.13,0.26,-44.275271320818064,-27.061472629651202,-38.095828200516145,35.13,1.0,headache,S024
-47.87,0.25,-43.98574183202384,-26.468908699186617,-37.37365523297097,35.13,1.0,headache,S024
53.62,0.25,-44.32661058488747,-27.22076849781705,-38.181075848963665,35.13,1.0,headache,S024
5.98,0.26,-43.866293203161995,-26.25943797173622,-36.988142883449875,35.13,1.0,headache,S024
-57.29,0.26,-43.7439849995871,-28.130178509447287,-39.139089833098424,35.13,1.0,headache,S024
37.42,0.25,-42.162450738792046,-26.587787921917474,-39.81697893875826,35.11,1.0,headache,S024
23.65,0.25,-41.26471349099613,-29.55596856990079,-34.90932240945363,35.11,1.0,headache,S024
-61.13,0.26,-42.477023280841976,-28.11024640918218,-41.728946085865964,35.11,1.0,headache,S024
15.96,0.25,-38.542046948139294,-29.25531446506404,-39.66813612049723,35.11,1.0,headache,S024
36.16,0.25,-39.95152994976751,-30.299432126235274,-39.47203189495766,35.11,1.0,headache,S024
-18.99,0.26,-41.40502121599805,-27.931054824924765,-40.502045221363126,35.11,1.0,headache,S024
3.95,0.26,-39.89120774783854,-29.04429864262325,-40.38125186132921,35.11,1.0,headache,S024
38.42,0.26,-39.63310001653607,-28.731173317288107,-41.018663963353355,35.11,1.0,headache,S024
-46.0,0.26,-39.30303523035195,-29.110872672927243,-40.955753007707976,35.13,1.0,headache,S024
-12.87,0.26,-39.30604376701763,-28.833949427168534,-41.017101792121494,35.13,1.0,headache,S024
40.1,0.26,-39.17772103963852,-29.161173033681884,-41.085972490405226,35.13,1.0,headache,S024
-55.17,0.26,-38.93318955064044,-28.854821590902873,-41.49149110775813,35.13,1.0,headache,S024
-13.62,0.26,-38.619857982855635,-29.068299612086513,-41.36161457907945,35.13,1.0,headache,S024
41.44,0.26,-39.028729345923196,-28.771943464734875,-41.6611662330411,35.13,1.0,headache,S024
-47.22,0.26,-38.32172939770439,-29.257846659024594,-41.46513167592505,35.13,1.0,headache,S024
-8.7,0.27,-38.475288287943165,-28.986610110909275,-41.58794889170144,35.13,1.0,headache,S024
49.94,0.27,-37.76419283845853,-29.309632167732435,-41.62938914111937,35.09,1.0,headache,S024
-47.49,0.26,-38.920976852259734,-29.041375888068764,-41.52227741001387,35.09,1.0,headache,S024
-9.66,0.26,-38.61612938017778,-28.918867769453815,-41.599093358629055,35.09,1.0,headache,S024
49.08,0.26,-39.411200613514964,-28.699072310249683,-41.21778506566939,35.09,1.0,headache,S024
-45.35,0.26,-39.214447540545216,-28.879849931993878,-40.92191692402904,35.11,1.0,headache,S024
-10.02,0.26,-38.88549621015635,-28.684356476363412,-41.707667978271914,35.11,1.0,headache,S024
61.47,0.26,-38.70189724638403,-29.018148973133265,-41.32320809445961,35.11,1.0,headache,S024
-43.21,0.26,-39.147225347222395,-28.672393061529963,-41.27144277709788,35.11,1.0,headache,S024
3.24,0.26,-38.795318882700265,-29.042805659569115,-41.44846914191183,35.09,1.0,headache,S024
60.16,0.26,-38.94559067699194,-28.801463140721047,-41.43111249602026,35.09,1.0,headache,S024
-45.22,0.26,-38.7357693686195,-29.050070159494982,-41.45575602281792,35.09,1.0,headache,S024
-9.65,0.26,-38.80435651046579,-28.592586140846628,-41.60869884125368,35.09,1.0,headache,S024
62.8,0.26,-38.51524313770506,-28.73665656965555,-41.68084398356024,35.07,1.0,headache,S024
-36.41,0.26,-37.946278929308214,-28.75154727487508,-41.541321978625994,35.07,1.0,headache,S024
-23.83,0.26,-40.54267995053698,-28.009575390747134,-41.22174281213464,35.07,1.0,headache,S024
57.42,0.26,-40.323452919855015,-29.278852379431527,-39.52970017913573,35.07,1.0,headache,S024
-29.55,0.26,-42.846617002321025,-29.25114856010507,-37.63947178622097,35.07,1.0,headache,S024
-23.16,0.26,-42.45720476948267,-28.8770601648038,-38.67750659793655,35.07,1.0,headache,S024
63.64,0.26,-41.96634158196893,-29.04700953627728,-38.36435663590993,35.07,1.0,headache,S024
-40.76,0.26,-40.979205971278134,-29.28296910162123,-39.28623993006836,35.07,1.0,headache,S024
-16.45,0.26,-41.0258356030638,-29.26175144643756,-38.9114326093286,35.07,1.0,headache,S024
61.29,0.26,-41.41633907173247,-29.017295756862428,-39.364632693522225,35.07,1.0,headache,S024
-37.96,0.26,-41.18470015413336,-29.228152431861897,-39.03942559374738,35.07,1.0,headache,S024
-10.9,0.26,-40.94209419454212,-29.091087174543432,-39.61027935937462,35.07,1.0,headache,S024
46.5,0.28,-39.86029353652931,-29.842795916782105,-39.77354801824196,35.07,1.0,headache,S024
-53.75,0.26,-40.009183784690585,-29.886675734426102,-39.684387785716815,35.07,1.0,headache,S024
9.59,0.26,-39.293442886552945,-30.067250881151864,-40.32409490683046,35.07,1.0,headache,S024
43.26,0.26,-38.7421814923805,-30.006640801304993,-40.57291116088486,35.07,1.0,headache,S024
-54.4,0.26,-39.420201303070854,-30.17019976268171,-40.39885116503143,35.09,1.0,headache,S024
17.59,0.26,-38.630237840918,-30.016544753831692,-40.726870177926685,35.09,1.0,headache,S024
26.91,0.26,-39.106932271744235,-30.06170576826041,-40.279833230652926,35.09,1.0,headache,S024
-58.87,0.26,-38.92642713859095,-29.932208158709333,-40.49048604455609,35.09,1.0,headache,S024
34.39,0.26,-39.05942872445953,-30.069511314567237,-40.60715701160989,35.05,1.0,headache,S024
10.0,0.25,-39.23987325840267,-29.929562405227095,-40.62697262178346,35.05,1.0,headache,S024
-48.93,0.25,-39.0089749161209,-30.071326721582626,-40.26790013818937,35.05,1.0,headache,S024
51.99,0.26,-38.99874024888191,-29.927531538767845,-40.781753089932394,35.05,1.0,headache,S024
-22.05,0.26,-38.664853868867134,-30.074064719563296,-40.85969513068693,35.07,1.0,headache,S024
-26.92,0.25,-38.432055987022636,-29.92365022416132,-41.059678202029005,35.07,1.0,headache,S024
46.25,0.26,-38.66016190696028,-30.079686342982935,-40.550262340951285,35.07,1.0,headache,S024
-50.47,0.26,-38.205288569753264,-29.915261963769105,-41.21415546246812,35.07,1.0,headache,S024
21.46,0.25,-38.24541481778562,-30.092924340557943,-40.66032350137855,35.05,1.0,headache,S024
27.99,0.25,-37.87890500519248,-29.891979755421385,-41.055703924461575,35.05,1.0,headache,S024
-64.36,0.25,-38.38073518539322,-30.14486044706285,-40.643044215501895,35.05,1.0,headache,S024
51.11,0.25,-37.262606859159504,-29.569009291512213,-42.34486423706395,35.05,1.0,headache,S024
7.21,0.25,-37.429300094146505,-29.090003893463688,-42.76414117036031,35.07,1.0,headache,S024
-47.61,0.25,-37.64053030597783,-29.09724350128358,-42.45443703993986,35.07,1.0,headache,S024
70.11,0.25,-37.95647585236934,-29.507525031106447,-41.62564672616237,35.07,1.0,headache,S024
-17.57,0.25,-37.89693533020805,-29.358945580498567,-41.652802577576324,35.07,1.0,headache,S024
-31.95,0.25,-37.95456952805495,-29.151572158354025,-41.60594851694421,35.07,1.0,headache,S024
61.27,0.25,-38.24751801932967,-29.06196783454733,-41.677771805383394,35.07,1.0,headache,S024
-40.56,0.25,-38.88334206958721,-28.70555087735066,-41.42656320467632,35.07,1.0,headache,S024
-21.59,0.25,-38.73454448614478,-28.424824727345502,-41.69291142418405,35.07,1.0,headache,S024
71.73,0.25,-38.53064313620732,-28.63436860455048,-41.42595271956343,35.05,1.0,headache,S024
-42.23,0.25,-38.782093126350745,-28.86268508271417,-41.679899205958,35.05,1.0,headache,S024
-6.68,0.25,-38.72963516571145,-28.897872454703762,-41.140383843749596,35.05,1.0,headache,S024
53.14,0.25,-38.66872331890637,-28.91855837044493,-41.51698551591284,35.05,1.0,headache,S024
-47.72,0.25,-38.661111431867575,-29.00256838554477,-41.55455085822022,35.05,1.0,headache,S024
5.35,0.25,-38.31257175350267,-29.063820456621933,-41.935905106671754,35.05,1.0,headache,S024
36.62,0.25,-37.984750950210746,-28.98516187153317,-41.63458491470927,35.05,1.0,headache,S024
-63.6,0.25,-38.218166868767426,-28.990684953738697,-42.059644035041124,35.05,1.0,headache,S024
27.51,0.25,-38.18925370380138,-29.093716921147173,-41.8127557055405,35.07,1.0,headache,S024
37.27,0.25,-37.94709622732773,-29.312722777304923,-41.92625086442129,35.07,1.0,headache,S024
-60.4,0.25,-38.04141861998434,-28.963600960722022,-41.825794612958845,35.07,1.0,headache,S024
27.56,0.25,-38.03783196829263,-29.030319033160364,-42.216880804020676,35.07,1.0,headache,S024
30.04,0.25,-38.302545182246995,-28.97034903411909,-41.713805358354755,35.07,1.0,headache,S024
-64.13,0.25,-37.772881264602596,-29.032799035332157,-42.10080856157582,35.07,1.0,headache,S024
33.29,0.25,-38.46707819693647,-28.959789056547883,-41.832770302089905,35.07,1.0,headache,S024
22.75,0.25,-37.91483698158973,-29.054457276604133,-41.927904084103524,35.07,1.0,headache,S024
-56.36,0.25,-38.347818523708874,-28.938723535109094,-41.67450696661342,35.05,1.0,headache,S024
42.85,0.25,-37.47026720117218,-29.426082299208296,-42.47201568962316,35.05,1.0,headache,S024
9.3,0.25,-36.01037632711299,-29.92151128515184,-42.94295656740868,35.05,1.0,headache,S024
-56.34,0.25,-36.01833019030018,-29.78522505124866,-43.1012152007084,35.05,1.0,headache,S024
43.65,0.25,-36.01267303470067,-29.2598176482927,-42.84830655375524,35.05,1.0,headache,S024
-17.37,0.25,-35.789712103940566,-28.77972462905973,-44.27269961756818,35.05,1.0,headache,S024
-30.96,0.25,-34.866344525157274,-29.364046550354395,-43.65733165340323,35.05,1.0,headache,S024
47.77,0.25,-35.31852430894125,-29.21212566521344,-44.13338878849234,35.05,1.0,headache,S024
-49.45,0.25,-35.389201041129695,-29.20536201512558,-43.91605676043109,35.05,1.0,headache,S024
-1.4,0.25,-35.336930286499246,-29.022747970071034,-44.161680221124534,35.05,1.0,headache,S024
44.07,0.25,-35.722070587871826,-29.169894624890087,-43.495513612628486,35.05,1.0,headache,S024
-55.6,0.25,-35.82297584168923,-29.20596838917867,-44.031057913201884,35.05,1.0,headache,S024
35.5,0.25,-39.423528975900574,-28.370905571903123,-41.335922305114615,35.03,1.0,headache,S024
17.61,0.25,-44.43420607819735,-27.212481949115126,-37.46669220591881,35.03,1.0,headache,S024
-58.97,0.25,-44.92489502520244,-27.14142290062379,-36.3582836687015,35.03,1.0,headache,S024
47.84,0.25,-46.77326955031434,-26.124826714679646,-36.14345124297376,35.03,1.0,headache,S024
-4.67,0.25,-45.5587875006461,-26.64821923607731,-35.278121571195676,35.05,1.0,headache,S024
-53.21,0.25,-44.539980448994896,-24.874222661890514,-37.45464403047867,35.05,1.0,headache,S024
71.62,0.25,-40.44654135600444,-23.84060068540962,-43.28193125695411,35.05,1.0,headache,S024
-14.41,0.25,-41.863114945029054,-21.195938293280296,-42.10939636974545,35.05,1.0,headache,S024
-13.55,0.25,-40.20662336410012,-20.506515029916287,-46.874235689207985,35.03,1.0,headache,S024
18.34,0.25,-36.57632043750892,-23.857392659658064,-44.58515171331283,35.03,1.0,headache,S024
-63.78,0.25,-37.478044848975344,-24.06306210237676,-45.38928628285097,35.03,1.0,headache,S024
0.31,0.25,-37.891806336118094,-23.4456894995418,-45.1323570189838,35.03,1.0,headache,S024
58.65,0.25,-34.49337238460494,-24.46900886442714,-47.48850560504059,35.05,1.0,headache,S024
-6.59,0.25,-35.35751053325484,-24.63042046299136,-45.46032453369561,35.05,1.0,headache,S024
52.09,0.25,-35.651668985508444,-23.38674328570932,-48.461444248666844,35.05,1.0,headache,S024
22.18,0.25,-37.53332191350434,-25.080083464286066,-43.090855351630026,35.05,1.0,headache,S024
4.1,0.25,-38.188573442628,-27.20217467255741,-44.573219238023675,35.03,1.0,headache,S024
9.0,0.26,-41.90666095748145,-28.997573725272254,-38.22105133259888,35.03,1.0,headache,S024
-69.33,0.26,-46.758980517118296,-31.475969538804257,-27.95605421066064,35.03,1.0,headache,S024
-23.21,0.26,-51.45212307688612,-29.06412154333431,-29.715375559661613,35.03,1.0,headache,S024
3.17,0.27,-48.74019144110626,-28.730187633352966,-29.717954224668915,35.03,1.0,headache,S024
32.64,0.27,-50.63368149884191,-27.39366986812078,-30.03178954895223,35.03,1.0,headache,S024
157.76,0.26,-49.53637413411717,-28.583850430771687,-29.24571338913532,35.03,1.0,headache,S024
-32.65,0.26,-46.75393017522384,-29.451184188107128,-33.641849279061056,35.03,1.0,headache,S024
-48.56,0.27,-45.64599642168479,-29.52286535315046,-33.40970054487308,35.05,1.0,headache,S024
-52.08,0.27,-45.10395462158807,-30.237649463489408,-34.68031019362569,35.05,1.0,headache,S024
-32.92,0.27,-45.702608787029405,-29.848662947623033,-33.978464827145615,35.05,1.0,headache,S024
22.66,0.28,-44.51512011187559,-30.783807466854707,-34.09813104695643,35.05,1.0,headache,S024
-51.51,0.29,-44.41897554944786,-29.97298337645101,-34.26983311615604,35.03,1.0,headache,S024
10.11,0.29,-45.42944732550834,-29.09707357169096,-35.80343976589841,35.03,1.0,headache,S024
-39.63,0.31,-44.361452766245144,-29.64953600587491,-34.38975452755875,35.03,1.0,headache,S024
17.77,0.35,-45.37268718212294,-29.187459420191143,-35.51590404457113,35.03,1.0,headache,S024
-9.03,0.35,-44.367581789053844,-29.439060323998888,-34.91916275853577,35.03,1.0,headache,S024
-29.48,0.38,-45.039788835250036,-29.37006165113605,-35.73911830941816,35.03,1.0,headache,S024
26.32,0.39,-44.12851033868147,-29.732098006395656,-35.15317769824388,35.03,1.0,headache,S024
-46.09,0.38,-45.108955871683186,-29.450549813237387,-35.53574501591781,35.03,1.0,headache,S024
33.45,0.37,-43.975307712126394,-29.858899605914182,-35.23496406719364,35.0,1.0,headache,S024
-2.24,0.37,-45.13241584989156,-29.108413292985613,-35.124355813127224,35.0,1.0,headache,S024
-33.21,0.37,-42.84255342956017,-29.217974087520666,-36.73102908590832,35.0,1.0,headache,S024
56.09,0.36,-45.95175355948451,-27.262916263732606,-37.19584073747836,35.0,1.0,headache,S024
-45.68,0.35,-43.71874858776208,-28.31316965831646,-36.42676247622876,35.03,1.0,headache,S024
-22.97,0.35,-44.53838571489743,-28.031281834924634,-37.21638911132422,35.03,1.0,headache,S024
18.82,0.34,-44.08075968262719,-27.957624732222445,-34.86799007905955,35.03,1.0,headache,S024
-82.85,0.34,-47.2908631901986,-25.616124641616953,-38.36262957949373,35.03,1.0,headache,S024
61.35,0.34,-45.28731598072737,-27.524255007165365,-34.41888283451313,35.03,1.0,headache,S024
119.7,0.34,-45.16598400949104,-29.096560423820282,-36.26004982947085,35.03,1.0,headache,S024
4.0,0.35,-42.878833715557434,-30.642800465673133,-35.13301810454751,35.03,1.0,headache,S024
39.91,0.35,-42.83844555036576,-30.4618887265067,-36.6637736661194,35.03,1.0,headache,S024
29.92,0.36,-42.15463092065228,-30.87609748305162,-36.427759895956214,35.03,1.0,headache,S024
-59.94,0.37,-42.62270824125755,-30.46560070320069,-37.46430444092647,35.03,1.0,headache,S024
34.13,0.37,-42.2880552295009,-30.56321592856872,-35.76253256077876,35.03,1.0,headache,S024
-24.16,0.37,-43.646170366530974,-29.089534109571368,-37.60887935443863,35.03,1.0,headache,S024
-64.65,0.37,-44.01742579322255,-28.593629046446228,-36.172882392479174,35.03,1.0,headache,S024
64.77,0.36,-45.29556332374424,-28.85581435750124,-35.87054323933717,35.03,1.0,headache,S024
-15.38,0.36,-44.40713803415918,-29.134464507818997,-35.12357719308799,35.03,1.0,headache,S024
-30.41,0.35,-45.41757684994738,-29.04863532113601,-35.7001157191538,35.03,1.0,headache,S024
60.48,0.35,-45.41901462007984,-29.071376894146855,-34.20434797114381,35.0,1.0,headache,S024
-44.41,0.34,-46.045477196682036,-28.7458062545867,-35.25703658726656,35.0,1.0,headache,S024
-33.15,0.34,-44.28442251217887,-29.43372423615442,-34.983852816929655,35.0,1.0,headache,S024
60.1,0.33,-43.97990421104948,-29.494165311019138,-36.668090152071926,35.0,1.0,headache,S024
-37.22,0.33,-43.06373222391793,-29.65119490449965,-36.83948393767761,35.0,1.0,headache,S024
-1.46,0.33,-43.546453954670554,-29.356042542404385,-36.921375145171716,35.0,1.0,headache,S024
46.85,0.32,-41.41791600686302,-29.912939321833214,-36.79460290088772,35.0,1.0,headache,S024
-64.33,0.33,-44.29144084058148,-28.710876157943023,-37.83179285999566,35.0,1.0,headache,S024
5.64,0.32,-42.270108938635474,-28.95609391108309,-37.27024808763018,35.0,1.0,headache,S024
33.69,0.32,-44.05742910574997,-28.868040314724613,-37.36676669160036,35.0,1.0,headache,S024
-78.07,0.32,-43.13452902189795,-29.080624918443085,-36.70456119935648,35.0,1.0,headache,S024
2.49,0.32,-45.53583570544701,-28.75801736756388,-36.10367240268035,35.0,1.0,headache,S024
60.76,0.32,-42.645319046601934,-29.763255388401824,-37.06064650883578,35.03,1.0,headache,S024
-46.68,0.31,-43.92114102823633,-30.067631001800933,-37.02331010893007,35.03,1.0,headache,S024
35.89,0.31,-41.79073849329335,-31.40662962650573,-35.68465151494454,35.03,1.0,headache,S024
-5.97,0.32,-41.31968655937009,-30.27122590609703,-38.77227792121295,35.03,1.0,headache,S024
-43.46,0.32,-38.87041565983727,-30.57302061136342,-38.23204246384757,35.03,1.0,headache,S024
48.8,0.31,-42.08874917492156,-30.46927503417398,-39.4248666770283,35.03,1.0,headache,S024
-28.55,0.32,-39.93077622763106,-30.967872114862573,-35.36369876140774,35.03,1.0,headache,S024
18.83,0.32,-43.221274645402566,-31.129333578142962,-39.84572161509419,35.03,1.0,headache,S024
34.14,0.32,-34.651224257357384,-32.71061952875148,-38.99904120420084,35.03,1.0,headache,S024
-28.3,0.34,-37.73404998373003,-31.714479823806375,-40.776734379652694,35.03,1.0,headache,S024
61.9,0.38,-38.494127983171104,-29.946801000954782,-39.99377253673416,35.03,1.0,headache,S024
-16.24,0.39,-38.41164500407524,-29.711928266349876,-41.87068294124729,35.03,1.0,headache,S024
20.28,0.4,-38.434706669034505,-30.090775049042445,-40.558133779643825,35.03,1.0,headache,S024
-57.07,0.41,-37.92642224681314,-29.275307967477065,-43.47199627392517,35.03,1.0,headache,S024
-54.7,0.43,-37.084066869790334,-28.873412167360172,-41.12709442876299,35.03,1.0,headache,S024
67.16,0.44,-39.77694360008287,-27.97577535444074,-42.87885132891873,35.03,1.0,headache,S024
-32.5,0.44,-37.2214476876277,-27.62867540904011,-41.72567220005495,35.0,1.0,headache,S024
43.44,0.44,-37.616485297510884,-28.45437575823623,-45.09881962781779,35.0,1.0,headache,S024
-26.84,0.45,-34.47303000504421,-29.108584837643292,-43.65877586422,35.0,1.0,headache,S024
34.94,0.45,-36.37366267595046,-27.923637848534835,-44.02960812842157,35.0,1.0,headache,S024
-12.98,0.45,-35.39334154655181,-27.926560072249483,-43.52052684268065,35.05,1.0,headache,S024
-60.31,0.45,-40.082783989157626,-29.845348774570923,-45.629090122510554,35.05,1.0,headache,S024
9.48,0.45,-44.62925847322351,-46.299732799767234,-45.12284162005762,35.05,1.0,headache,S024
-38.28,0.45,-22.78891096540364,-45.08562764515029,-17.881968093441863,35.05,1.0,headache,S024
78.18,0.47,-17.72395347154764,-36.80254032180319,5.80254815100951,35.03,1.0,headache,S024
-43.01,0.47,-38.09987239047395,-58.91423417863054,-3.7409553087367122,35.03,1.0,headache,S024
158.46,0.47,-53.41317999147536,-44.25604146400991,-21.663073444137762,35.03,1.0,headache,S024
164.44,0.47,-46.17818182713306,-30.424747156816476,-36.827607965805775,35.03,1.0,headache,S024
70.98,0.48,-35.189324711828625,-34.25276860562439,-42.1561136198667,35.03,1.0,headache,S024
-127.48,0.5,-34.755939070260766,-33.85873221799173,-39.88790124034543,35.03,1.0,headache,S024
-126.1,0.49,-33.45181318076184,-33.859700402194406,-42.671216354003114,35.03,1.0,headache,S024
-91.84,0.49,-31.587617529017972,-34.14048316547503,-43.11034124478197,35.03,1.0,headache,S024
-117.9,0.49,-32.20093986022001,-34.69058721158394,-42.367388893838765,35.0,1.0,headache,S024
-14.16,0.49,-31.716228913972053,-35.82849713527037,-41.37551442679081,35.0,1.0,headache,S024
-78.61,0.5,-29.286499847909624,-36.42307438487711,-42.19207595723092,35.0,1.0,headache,S024
58.72,0.5,-29.43635484931844,-36.562704326992225,-41.95266313778366,35.0,1.0,headache,S024
-46.0,0.5,-28.745569160803583,-36.59682974810302,-42.91034745023046,35.0,1.0,headache,S024
38.36,0.49,-28.1123434556445,-36.57278464765703,-42.3468609517223,35.0,1.0,headache,S024
-2.72,0.48,-27.42853205113685,-34.731723699628944,-45.893529825679146,35.0,1.0,headache,S024
13.4,0.48,-28.365073119727988,-34.802730668771744,-43.53377702282791,35.0,1.0,headache,S024
51.28,0.47,-26.042500813854534,-33.43606782841077,-48.2300616080963,35.0,1.0,headache,S024
-41.22,0.47,-23.91383734914406,-34.347216058530336,-44.88448781320395,35.0,1.0,headache,S024
85.52,0.46,-10.701537487149864,-31.95278121612372,-52.658273529486294,35.0,1.0,headache,S024
-48.56,0.46,0.4025979769739429,-32.67538551252579,-55.08222463437348,35.0,1.0,headache,S024
27.4,0.45,-1.6469375418915415,-33.130817571262924,-52.41056679473063,35.0,1.0,headache,S024
19.22,0.45,-1.7489145618685793,-33.97846253333949,-52.979988478628826,35.0,1.0,headache,S024
-88.28,0.45,0.39376794738550214,-33.43946461706246,-52.346482884112035,35.0,1.0,headache,S024
185.18,0.45,-0.5056465282566351,-33.662887866668285,-53.62778981451502,35.0,1.0,headache,S024
200.62,0.44,-1.2958452902556419,-33.80705690188415,-51.51554183860103,35.0,1.0,headache,S024
-2.91,0.44,-3.7131186689594835,-33.258348665571816,-54.24421704466967,35.0,1.0,headache,S024
-128.14,0.44,-4.314936834376343,-32.50399900458897,-52.46606616612989,35.0,1.0,headache,S024
-61.78,0.44,-3.5302649331272122,-33.0054845288956,-54.15672520743022,35.0,1.0,headache,S024
15.73,0.44,-2.1199747640810127,-32.31183505098896,-52.93240445486077,34.99,1.0,headache,S024
-39.71,0.43,-3.1180007139648103,-33.81458155499351,-53.598249509300054,34.99,1.0,headache,S024
10.87,0.43,-1.7671381552850622,-32.916478956147884,-52.311893626814346,34.99,1.0,headache,S024
5.43,0.43,-3.1564737512377454,-33.575735305478865,-54.45141220322028,34.99,1.0,headache,S024
-24.93,0.43,-1.8298321420452628,-32.05029572767802,-51.972157180912774,35.05,1.0,headache,S024
6.86,0.42,-3.1515309323272724,-33.39945859941745,-55.06652156416414,35.05,1.0,headache,S024
-23.93,0.42,-1.1513046412004846,-32.13607119671736,-50.41042537232967,35.05,1.0,headache,S024
-11.62,0.42,-3.1241779025762266,-36.062199634918336,-60.50807246978621,35.05,1.0,headache,S024
17.01,0.42,-27.13485650773346,-36.999751993705836,-37.06856212092132,34.99,1.0,headache,S024
-36.24,0.41,-44.82997386663894,-37.60293820665486,2.690163575280395,34.99,1.0,headache,S024
19.19,0.42,-58.205826981749446,-35.64875970066368,10.416820973302592,34.99,1.0,headache,S024
9.45,0.42,-42.27019720475628,-32.45584836948168,39.02829077243913,34.99,1.0,headache,S024
45.3,0.42,-53.73555218092174,-32.76522802698334,25.82606542220419,35.0,1.0,headache,S024
142.28,0.43,-47.64601177327829,-32.83720096489758,30.740595461736916,35.0,1.0,headache,S024
-98.52,0.44,-50.76496668518796,-32.933700143930885,28.045475704501634,35.0,1.0,headache,S024
-70.74,0.44,-48.3771046172297,-32.43632780308378,31.59424824873862,35.0,1.0,headache,S024
50.06,0.44,-50.445254744856136,-32.74680679343562,28.102557859269435,34.99,1.0,headache,S024
-100.59,0.44,-48.68848908999355,-32.70085962495224,31.149274389226623,34.99,1.0,headache,S024
-31.01,0.45,-50.140285448303686,-33.13538575699833,28.402865567972633,34.99,1.0,headache,S024
-4.78,0.45,-48.61313233197312,-32.89485392562174,30.710976522395985,34.99,1.0,headache,S024
-51.52,0.44,-50.173576173753624,-32.89199583386921,29.102558433467465,34.95,1.0,headache,S024
51.27,0.44,-48.64787518665197,-32.83711188335342,30.581160412655322,34.95,1.0,headache,S024
-5.93,0.44,-50.05352613908189,-32.98651649702298,28.740312380656754,34.95,1.0,headache,S024
-34.55,0.44,-48.67637479011802,-32.83333389246999,30.574266762159,34.95,1.0,headache,S024
61.17,0.44,-50.31519423039113,-32.99797345387519,28.619255251468893,34.93,1.0,headache,S024
-37.97,0.44,-49.12979147022292,-32.793452904562535,30.160470915181982,34.93,1.0,headache,S024
8.95,0.44,-50.35796586867907,-32.71236937331307,28.31784202552737,34.93,1.0,headache,S024
44.06,0.44,-49.428550945712175,-32.670482462945266,29.50737381175145,34.93,1.0,headache,S024
-56.41,0.43,-52.800451354151754,-32.50756947536792,24.413178959400884,34.91,1.0,headache,S024
38.71,0.43,-52.41310875470215,-32.216753928591444,25.311942721479024,34.91,1.0,headache,S024
32.53,0.43,-53.1028547003519,-32.072462017187135,24.82655151883988,34.91,1.0,headache,S024
-64.89,0.43,-52.49756595014168,-32.12459986986222,25.53224076769549,34.91,1.0,headache,S024
27.67,0.43,-53.23235324913894,-32.19662894862141,24.49423006961982,34.91,1.0,headache,S024
49.64,0.43,-52.04218131912773,-32.062941177996514,25.73703493405971,34.91,1.0,headache,S024
-61.29,0.43,-52.700674992853095,-31.807154127365894,25.209860384626896,34.91,1.0,headache,S024
-5.93,0.42,-51.87161150372335,-31.979316908562584,25.902787938564206,34.91,1.0,headache,S024
69.61,0.42,-52.991738058458594,-32.11735083484339,25.201854639535618,34.91,1.0,headache,S024
-34.91,0.42,-52.17985357840286,-32.028827909083915,26.311929429086643,34.91,1.0,headache,S024
-47.25,0.42,-52.60580625895216,-31.995112097338772,25.425572144074074,34.91,1.0,headache,S024
71.55,0.41,-52.123211858593685,-31.977797702684686,26.039859127415948,34.91,1.0,headache,S024
2.64,0.42,-52.81012965455405,-32.28029153694985,25.529579304073074,34.93,1.0,headache,S024
-58.54,0.41,-51.573468132022874,-32.57408348937875,26.111073947509162,34.93,1.0,headache,S024
50.32,0.41,-52.46423293515242,-32.451424145763816,25.374872342219952,34.93,1.0,headache,S024
29.82,0.41,-51.39629749143319,-32.849306528746226,26.50088311520305,34.93,1.0,headache,S024
-68.05,0.43,-52.19393303406298,-32.38462666312113,26.36106059264012,34.93,1.0,headache,S024
14.14,0.41,-51.693017244493326,-33.98042581043779,23.747173889626787,34.93,1.0,headache,S024
55.1,0.41,-51.46878423305173,-34.799360429798064,24.74778567747949,34.93,1.0,headache,S024
-52.98,0.41,-49.50241191703792,-34.73252277487761,25.40779272183343,34.93,1.0,headache,S024
22.5,0.41,-51.53528088535221,-34.0774237985506,26.302039420972857,34.91,1.0,headache,S024
38.69,0.41,-50.03455419353428,-34.797088689834645,26.542648301863068,34.91,1.0,headache,S024
-60.4,0.4,-51.368434824484666,-34.68842007761145,24.082230588045125,34.91,1.0,headache,S024
14.88,0.4,-51.61609445987977,-35.880604437572465,22.477869595992328,34.91,1.0,headache,S024
0.97,0.4,-51.2651163620832,-36.758985829456336,19.397636214228925,34.91,1.0,headache,S024
-63.06,0.4,-51.71171985675542,-35.21440118021723,23.746853732563725,34.91,1.0,headache,S024
57.66,0.4,-51.49243539770501,-36.33585358049873,19.774428403106256,34.91,1.0,headache,S024
-18.6,0.41,-50.91684377790202,-34.813927876224206,24.925355313562694,34.91,1.0,headache,S024
38.39,0.4,-49.606815993179445,-34.42662711050415,26.623864346235873,34.91,1.0,headache,S024
33.46,0.41,-51.03607546226995,-33.70158018990663,26.28005530027807,34.91,1.0,headache,S024
-45.99,0.42,-51.15084565925765,-33.5610584601516,25.839589772506084,34.91,1.0,headache,S024
49.09,0.42,-50.72130185907657,-33.66044339390541,26.35806903347485,34.91,1.0,headache,S024
-40.97,0.41,-51.16789658124325,-33.981545951738234,25.967125186769728,34.99,1.0,headache,S024
-51.86,0.41,-50.86275331263237,-33.89726065970882,26.4263970205539,34.99,1.0,headache,S024
49.95,0.42,-50.974334766617886,-33.87393036817627,25.74331310574019,34.99,1.0,headache,S024
-39.89,0.41,-50.88358606767301,-34.00836859759198,26.536614060857268,34.99,1.0,headache,S024
5.11,0.41,-51.11180978491597,-33.69915331826099,25.588565763380483,34.99,1.0,headache,S024
34.91,0.41,-50.67290612052164,-33.583207791588514,26.53100638207814,34.99,1.0,headache,S024
-52.14,0.41,-51.5716369199645,-34.293956112124086,24.691624060097737,34.99,1.0,headache,S024
50.93,0.41,-51.42731747963692,-35.21696842500474,23.7250616118456,34.99,1.0,headache,S024
4.6,0.41,-50.93697129893571,-35.995268648294555,22.22079258203844,34.97,1.0,headache,S024
-60.81,0.4,-50.87016581650076,-36.11100290622743,22.169375214322763,34.97,1.0,headache,S024
55.42,0.4,-50.857700505962384,-36.307106743951266,21.795937782830432,34.97,1.0,headache,S024
32.36,0.39,-50.83857658962766,-35.9907156003429,22.222693396992746,34.97,1.0,headache,S024
118.52,0.39,-51.080917675761924,-36.46951550915745,21.756492079419928,34.95,1.0,headache,S024
51.49,0.39,-50.82345073650448,-36.15474750042318,22.323574547314756,34.95,1.0,headache,S024
-83.03,0.39,-51.188052316211305,-36.146554625697,22.224313248713354,34.95,1.0,headache,S024
-115.99,0.39,-50.87558307063272,-36.113752761155546,22.623223009300517,34.95,1.0,headache,S024
-9.11,0.39,-51.48208183099438,-36.70407453272858,20.62397003249189,34.97,1.0,headache,S024
53.01,0.39,-51.255200232436884,-36.61928104621754,20.75493988334385,34.97,1.0,headache,S024
-44.71,0.39,-51.23875341534899,-36.79827745564661,20.67365898640066,34.97,1.0,headache,S024
-43.65,0.39,-50.90421457739969,-36.49170354321721,21.168187264575177,34.97,1.0,headache,S024
47.18,0.39,-51.11604737531987,-36.61484999985715,20.366315564970755,34.95,1.0,headache,S024
11.76,0.39,-51.184579426617354,-36.802989696628316,20.987404833510762,34.95,1.0,headache,S024
-66.85,0.38,-51.23423368825974,-36.929505470338775,20.381561084213793,34.95,1.0,headache,S024
18.54,0.38,-51.09415966166738,-36.86722781625941,21.239903784750204,34.95,1.0,headache,S024
49.87,0.38,-51.83699557308623,-37.02729548955671,18.666014986518956,34.97,1.0,headache,S024
-43.88,0.39,-52.56085530777151,-36.83011181428012,15.915164345668712,34.97,1.0,headache,S024
-28.97,0.38,-52.91230786390991,-37.00006551311567,14.768471637610338,34.97,1.0,headache,S024
52.48,0.38,-53.97701424972714,-37.10151884433052,13.111823358760157,34.97,1.0,headache,S024
-26.25,0.38,-53.86615307137351,-37.07447675099835,11.391038712090065,34.93,1.0,headache,S024
-58.33,0.38,-53.53079870919138,-36.731549380602154,12.925328449464518,34.93,1.0,headache,S024
49.63,0.38,-54.62872562242927,-36.141049495281855,12.113438751719134,34.93,1.0,headache,S024
6.25,0.38,-54.068747908924514,-36.561594702289945,12.849800956357313,34.93,1.0,headache,S024
-31.8,0.38,-52.62102900572413,-37.29063558305621,14.867952975896564,34.95,1.0,headache,S024
54.64,0.38,-52.720760546920005,-37.26198169002642,14.650577409007838,34.95,1.0,headache,S024
16.29,0.38,-52.87780779080364,-37.166510502231816,13.884721015765779,34.95,1.0,headache,S024
18.31,0.39,-53.394512646030485,-37.05931802297076,12.350968791486425,34.95,1.0,headache,S024
88.47,0.39,-53.34108099382084,-36.97314312723026,13.538580382922145,34.95,1.0,headache,S024
-78.9,0.39,-53.672601633757765,-37.16755176334235,10.244484293201326,34.95,1.0,headache,S024
-220.36,0.39,-51.86721357309752,-36.15241791660526,20.25504539548367,34.95,1.0,headache,S024
-150.04,0.4,-53.17580548748222,-36.35328686424733,15.617631939781635,34.95,1.0,headache,S024
-42.31,0.39,-54.33762383598393,-36.23673675019054,12.531070993301427,34.93,1.0,headache,S024
19.52,0.39,-54.00759057435563,-36.17724870097676,13.903814510296051,34.93,1.0,headache,S024
9.08,0.39,-54.24214728510092,-35.77952135871429,13.919239045039212,34.93,1.0,headache,S024
-7.15,0.38,-53.98821302855717,-36.0110014595637,13.840315229128397,34.93,1.0,headache,S024
206.76,0.38,-54.151757444797305,-35.78577869701755,14.479503391177257,34.95,1.0,headache,S024
242.84,0.38,-53.84320868448487,-35.85669062585919,15.250637909632761,34.95,1.0,headache,S024
1.43,0.38,-54.113767542124066,-36.03914802491187,15.006717244925818,34.95,1.0,headache,S024
-2.91,0.38,-53.80723970535639,-35.77206308850082,15.321796431150776,34.95,1.0,headache,S024
-85.2,0.38,-54.088925200287925,-35.87375683978467,15.376922344582011,34.95,1.0,headache,S024
19.64,0.38,-53.695489514850976,-35.7899801759035,15.56270994607923,34.95,1.0,headache,S024
54.2,0.38,-53.74447768330137,-35.84375043456468,15.388235293085701,34.95,1.0,headache,S024
-61.29,0.38,-53.78940518875709,-35.96048456119792,15.225203356333045,34.95,1.0,headache,S024
35.6,0.38,-53.91163692510398,-35.90956941496719,15.878474468417085,34.95,1.0,headache,S024
40.78,0.38,-53.88026818662681,-35.83101944107475,14.792068539826333,34.95,1.0,headache,S024
-63.83,0.38,-54.096822280928436,-35.99937110165952,14.554990477058261,34.95,1.0,headache,S024
56.61,0.38,-53.94595172443599,-35.95181445181461,14.513961357793436,34.95,1.0,headache,S024
24.35,0.38,-54.01411690778807,-35.750646904990944,14.946928945882636,34.95,1.0,headache,S024
-55.27,0.38,-54.17437923094958,-35.913302733429774,13.345924179376132,34.95,1.0,headache,S024
53.92,0.38,-54.355366240888145,-35.69803736967706,14.292831725500244,34.95,1.0,headache,S024
20.81,0.38,-54.12946744838124,-35.6577966125664,13.554964833295752,34.95,1.0,headache,S024
-60.43,0.38,-54.24424849726717,-35.547943223720665,14.95060662163757,34.97,1.0,headache,S024
45.46,0.38,-53.930832023014254,-35.478169614408095,15.202627199414344,34.97,1.0,headache,S024
-1.02,0.37,-53.37513772889839,-34.39701342038634,19.930191989959912,34.97,1.0,headache,S024
-51.02,0.37,-51.51080414623381,-33.58285893566207,24.88713996285453,34.97,1.0,headache,S024
60.76,0.38,-51.72744810815859,-32.56754323449687,27.16747078932556,34.93,1.0,headache,S024
-2.15,0.38,-51.29038204751956,-32.17074363245223,27.67975304834562,34.93,1.0,headache,S024
-57.69,0.37,-50.8518900758348,-32.23736619222025,27.983654706732214,34.93,1.0,headache,S024
60.8,0.37,-49.63181759834396,-32.13959391532885,29.516274175503344,34.93,1.0,headache,S024
15.12,0.38,-50.3352255076921,-32.02099953967889,28.757683293312212,34.95,1.0,headache,S024
-19.38,0.37,-50.30299405925141,-31.986182333380796,29.00000622723213,34.95,1.0,headache,S024
16.68,0.37,-50.45200870113519,-32.16145140911104,28.897911900343455,34.95,1.0,headache,S024
-12.75,0.37,-50.03605024755692,-31.91715564241451,29.31911824852042,34.95,1.0,headache,S024
-41.19,0.37,-50.80075249847677,-31.568394669248047,29.465231133053695,34.95,1.0,headache,S024
17.95,0.37,-50.88477678464356,-30.66246974894122,30.607891641316897,34.95,1.0,headache,S024
-21.32,0.37,-50.674869638415124,-31.323889664323225,29.39446012603175,34.95,1.0,headache,S024
-31.78,0.37,-49.81935438895927,-31.09011705605966,30.611408430785932,34.95,1.0,headache,S024
17.71,0.37,-50.70989033932996,-31.41723108432979,29.44982164444681,34.95,1.0,headache,S024
-15.4,0.37,-51.460384960243644,-31.844100400461823,28.142443866505314,34.95,1.0,headache,S024
-27.59,0.37,-51.95937319037221,-31.508778057304905,27.5290415214351,34.95,1.0,headache,S024
29.8,0.37,-51.388510188610354,-31.685813729877776,28.034349128676485,34.95,1.0,headache,S024
-11.78,0.37,-52.08852502214837,-31.759189686225813,27.19968718441166,34.93,1.0,headache,S024
-26.74,0.37,-50.975046930092475,-31.760814437652847,28.467467184508607,34.93,1.0,headache,S024
21.92,0.37,-50.735408380859276,-31.80937730889961,28.659874368695057,34.93,1.0,headache,S024
-6.09,0.37,-49.76332923775219,-31.70173257280888,30.11957633015413,34.93,1.0,headache,S024
-29.13,0.37,-50.11672750584037,-31.503835370199457,30.21974341527618,34.93,1.0,headache,S024
21.6,0.37,-49.899400130509726,-31.829707197410123,30.222283652230065,34.93,1.0,headache,S024
-12.82,0.37,-50.288284935763194,-31.895472802772588,29.961526506376202,34.93,1.0,headache,S024
-15.33,0.36,-50.55099100247356,-32.00896838886272,28.27208406695962,34.93,1.0,headache,S024
24.53,0.37,-51.274346033619395,-32.229633596025366,27.082963804322016,34.95,1.0,headache,S024
-21.79,0.37,-51.637063169936724,-31.908799794814694,27.774621477775558,34.95,1.0,headache,S024
2.13,0.36,-51.98390623057773,-31.995078925593944,26.554565908148454,34.95,1.0,headache,S024
19.08,0.36,-51.99129999110003,-31.570160878266694,27.22417180276164,34.95,1.0,headache,S024
-29.69,0.36,-53.12683580371179,-31.570524173757583,25.50075677147422,34.97,1.0,headache,S024
16.56,0.36,-52.09685744707413,-31.81356229692913,26.543041573773763,34.97,1.0,headache,S024
-0.55,0.36,-52.17642698317744,-31.513933051225067,27.099625071040762,34.97,1.0,headache,S024
-15.48,0.36,-51.92953437299662,-31.68208452424608,26.979093137281627,34.97,1.0,headache,S024
21.74,0.36,-52.55831520597855,-32.0211552913082,26.279222500013873,34.93,1.0,headache,S024
-24.4,0.36,-52.11540818711876,-32.0131063908824,26.4638192414034,34.93,1.0,headache,S024
2.45,0.36,-52.16497134339817,-31.900684799882725,26.26295526236766,34.93,1.0,headache,S024
22.73,0.36,-51.80222268673288,-31.95419700971662,26.873175816009187,34.93,1.0,headache,S024
-33.18,0.36,-52.27245365474177,-31.723795314676256,26.279025244979586,34.93,1.0,headache,S024
17.34,0.36,-52.41746343474443,-31.653118548034282,26.240567617130807,34.93,1.0,headache,S024
16.59,0.36,-51.77402295794529,-32.05854143327477,26.674997522396904,34.93,1.0,headache,S024
-31.49,0.36,-51.14775266356014,-32.17052896027842,27.979653634814067,34.93,1.0,headache,S024
19.39,0.36,-51.42189927536805,-32.01972102190186,27.805717649291573,34.93,1.0,headache,S024
17.22,0.36,-50.70090294678154,-31.82221930633041,28.09402369349858,34.93,1.0,headache,S024
-33.35,0.36,-51.83318061698006,-31.748899230628457,27.40017966605758,34.93,1.0,headache,S024
20.3,0.36,-51.792978771990136,-31.589169618503153,27.62934070184264,34.93,1.0,headache,S024
15.26,0.36,-51.539969697726015,-30.85963118591518,28.49477335046473,34.93,1.0,headache,S024
-29.4,0.36,-51.23464387003669,-30.08302499447804,30.351742133866,34.93,1.0,headache,S024
18.27,0.36,-51.349463002735504,-29.639377671338394,30.242384118626564,34.93,1.0,headache,S024
16.32,0.36,-51.08758932556723,-29.380166374532468,30.5737021270927,34.93,1.0,headache,S024
-23.46,0.36,-51.158058413667675,-29.92894787479528,30.523509501141586,34.95,1.0,headache,S024
-10.9,0.36,-50.78919363728523,-29.84406164273809,30.374327685750792,34.95,1.0,headache,S024
-73.17,0.36,-51.03459203220498,-30.05440670100412,30.508676322993985,34.95,1.0,headache,S024
-59.6,0.36,-50.9022800163685,-29.95510456970131,30.347219109262866,34.95,1.0,headache,S024
73.29,0.36,-51.11059583397206,-30.041369761630232,30.334602509618534,34.89,1.0,headache,S024
16.42,0.36,-50.88075338536556,-29.958544164565687,30.449128797970584,34.89,1.0,headache,S024
-36.74,0.37,-51.12987504670813,-30.048008179256236,30.319335789282597,34.89,1.0,headache,S024
75.2,0.36,-50.987481261270304,-29.899766556774427,30.595026794406866,34.89,1.0,headache,S024
16.62,0.36,-51.187486847160656,-29.917969807884273,30.252092167186234,34.89,1.0,headache,S024
-47.49,0.36,-51.06553135249767,-29.869783053193352,30.20134785436659,34.89,1.0,headache,S024
60.74,0.36,-51.42343438951045,-29.91275496334057,30.337640250765833,34.89,1.0,headache,S024
32.44,0.36,-50.971529283597526,-29.99128628057653,30.260103856356746,34.89,1.0,headache,S024
-55.65,0.37,-51.14870448277696,-30.01493081028447,30.05320586230551,34.89,1.0,headache,S024
33.39,0.36,-51.033804893658,-29.982458267907052,30.140177815789215,34.89,1.0,headache,S024
36.34,0.36,-51.18321244922543,-30.019447268330723,30.209593964761705,34.89,1.0,headache,S024
-54.36,0.36,-50.85873671788446,-29.9787042712268,30.182466678448563,34.89,1.0,headache,S024
21.88,0.36,-51.16659754064588,-30.023378337492726,30.000193944889435,34.89,1.0,headache,S024
45.16,0.36,-50.98052175231056,-29.97407408890118,30.012870315591538,34.89,1.0,headache,S024
-57.7,0.36,-51.1196649728418,-30.02921387038796,29.931055113305497,34.89,1.0,headache,S024
1.84,0.36,-51.007620431714244,-29.96634192529328,30.067214797900032,34.89,1.0,headache,S024
57.11,0.36,-51.11227890238246,-30.03998887243027,29.8007729499472,34.91,1.0,headache,S024
-38.13,0.36,-51.02569597520867,-29.95030951978904,30.077091476796838,34.91,1.0,headache,S024
-33.39,0.36,-51.174245284844005,-30.06646380942938,30.06290826846304,34.91,1.0,headache,S024
54.34,0.36,-51.073377884642426,-29.896089748550384,30.254737046885754,34.91,1.0,headache,S024
-17.17,0.37,-51.14202129579771,-30.419266718897653,29.84005107466199,34.89,1.0,headache,S024
-42.87,0.36,-51.08884039407074,-29.9087311177278,29.496732087711763,34.89,1.0,headache,S024
46.5,0.36,-51.33367366003547,-30.021110215862404,29.837915952042078,34.89,1.0,headache,S024
0.61,0.36,-51.26098486627459,-30.376556155555765,29.69642419802052,34.89,1.0,headache,S024
-56.92,0.36,-51.48628143109268,-30.059823993482784,29.657207553689364,34.89,1.0,headache,S024
34.26,0.36,-51.25981230004958,-30.53806773586943,29.594003553392444,34.89,1.0,headache,S024
26.71,0.36,-51.42956134775749,-30.198415181243337,29.44068481677792,34.89,1.0,headache,S024
-55.51,0.36,-51.11231211594271,-30.14644329764041,29.443467540379707,34.89,1.0,headache,S024
12.04,0.36,-51.28322167689293,-30.332990219353942,29.76285760743765,34.91,1.0,headache,S024
32.07,0.35,-50.9574609340514,-30.241422682424574,29.883872014196868,34.91,1.0,headache,S024
-46.96,0.36,-51.30864331213225,-29.94797266611769,29.81022444788365,34.91,1.0,headache,S024
6.77,0.36,-51.191065537968754,-30.296056088205745,30.11782312686861,34.91,1.0,headache,S024
40.75,0.35,-51.22479108891781,-30.059010060396936,29.85425402951194,34.91,1.0,headache,S024
-43.37,0.36,-51.17417981712945,-30.093061487313847,30.015965663813216,34.91,1.0,headache,S024
-12.66,0.36,-51.55376840653042,-30.124468561481642,29.715991923185587,34.91,1.0,headache,S024
51.87,0.35,-51.28120967960218,-30.401366193896326,29.880375054418664,34.91,1.0,headache,S024
-30.52,0.35,-51.17057225804909,-30.15250161674508,29.639241978399173,34.91,1.0,headache,S024
-24.53,0.35,-51.05495611280655,-30.000147437048028,29.75206605178047,34.91,1.0,headache,S024
47.31,0.36,-51.26045501509306,-30.12130327108841,29.718454618885414,34.91,1.0,headache,S024
-24.18,0.35,-51.11854711308862,-30.33781364855995,29.759385551208048,34.91,1.0,headache,S024
-29.08,0.35,-51.15306660766984,-30.022347776369095,29.71377853536822,34.91,1.0,headache,S024
54.32,0.35,-50.973044143736075,-30.112123728861807,29.63212875753745,34.91,1.0,headache,S024
-12.12,0.35,-51.29015601654142,-30.023768614718215,29.706399710359005,34.91,1.0,headache,S024
-49.08,0.35,-50.874186891464646,-30.281088277942366,29.96221559053519,34.91,1.0,headache,S024
48.07,0.35,-51.417277149450314,-30.28962736679468,29.57506502747295,34.89,1.0,headache,S024
19.6,0.35,-50.98540748625019,-30.237352507929497,29.88289455206243,34.89,1.0,headache,S024
-56.6,0.35,-51.422816202647866,-30.138560550675674,29.59718326475065,34.89,1.0,headache,S024
24.36,0.35,-51.07708712365994,-30.600165932708553,30.135539207604296,34.89,1.0,headache,S024
33.92,0.35,-50.75509616910433,-31.561176816130835,27.460889978215008,34.89,1.0,headache,S024
-51.87,0.35,-51.6133279716797,-30.603814938428663,29.284836335865805,34.89,1.0,headache,S024
11.83,0.35,-51.72832244410031,-30.44041490232162,28.795612424724748,34.89,1.0,headache,S024
40.04,0.35,-51.05042551130919,-30.21692569146822,30.059152463254023,34.89,1.0,headache,S024
-44.59,0.35,-51.00878088010954,-30.165821700572565,29.77832570935559,34.91,1.0,headache,S024
16.31,0.35,-51.231429524734494,-30.45838191470998,29.737009681946596,34.91,1.0,headache,S024
17.99,0.35,-50.69941874282041,-30.565235501005166,30.50132768742618,34.91,1.0,headache,S024
-41.66,0.35,-50.927713297507836,-30.540245672849185,30.00200276100153,34.91,1.0,headache,S024
25.94,0.35,-51.01618120358546,-30.352016479822872,29.941214432058494,34.91,1.0,headache,S024
6.26,0.34,-51.00134518814745,-30.51368516665754,30.01129352294348,34.91,1.0,headache,S024
-49.02,0.34,-50.777826369090235,-30.161758582812112,30.070830716994507,34.91,1.0,headache,S024
40.88,0.35,-50.8273996295408,-30.48926398403564,29.844260068320377,34.91,1.0,headache,S024
3.45,0.35,-51.05172959674776,-30.72052898482475,30.011969375954028,34.91,1.0,headache,S024
-45.16,0.34,-50.92053710972027,-30.695224014269428,29.857690023877844,34.91,1.0,headache,S024
45.48,0.35,-51.09021834168986,-30.774120428240952,29.841799525753864,34.91,1.0,headache,S024
-2.97,0.35,-50.86584518633833,-30.43972885175667,29.90676986222289,34.91,1.0,headache,S024
-47.4,0.34,-50.981199068808934,-30.72049684195343,30.349860824590277,34.89,1.0,headache,S024
49.38,0.34,-50.910862787176356,-30.68998238634397,30.241957750805017,34.89,1.0,headache,S024
-6.36,0.34,-50.84759072316675,-30.71083957359692,30.12533649705506,34.89,1.0,headache,S024
-38.44,0.34,-50.751440234328165,-30.560427454180992,30.12375363459184,34.89,1.0,headache,S024
45.56,0.34,-50.826384876056395,-30.3288769490651,30.467745679218023,34.91,1.0,headache,S024
-14.75,0.34,-50.81364487727705,-29.9857464971002,30.572740449565185,34.91,1.0,headache,S024
-27.34,0.34,-51.21217925430929,-30.082486560839214,30.203524930596622,34.91,1.0,headache,S024
54.83,0.34,-50.61313562587015,-30.050492309182218,30.238561853529024,34.91,1.0,headache,S024
-23.92,0.34,-51.00133038418908,-30.32837396300973,30.237460365037077,34.91,1.0,headache,S024
-20.53,0.34,-50.862841182130566,-30.77939938352581,29.919998423368998,34.91,1.0,headache,S024
37.0,0.34,-51.17174947971028,-30.080811866265115,30.27166479081757,34.91,1.0,headache,S024
-35.9,0.34,-51.0644660408625,-30.037852703789373,30.485967725445573,34.91,1.0,headache,S024
10.9,0.34,-50.79428862546136,-30.48714183153588,29.92901097457037,34.91,1.0,headache,S024
20.91,0.34,-51.30638420316834,-30.129655242589042,30.2158333523839,34.91,1.0,headache,S024
-51.11,0.34,-51.324111265986204,-30.031664972644172,29.84735363888046,34.91,1.0,headache,S024
41.16,0.34,-51.00811168384631,-30.16346413205323,29.940024494148584,34.91,1.0,headache,S024
5.38,0.34,-51.05538838150946,-30.325262100170516,30.323832328201448,34.91,1.0,headache,S024
-44.21,0.34,-51.50865996205262,-30.308484554046192,29.08090950727397,34.91,1.0,headache,S024
49.37,0.34,-51.54688551466982,-30.072439200565867,29.466085022249466,34.91,1.0,headache,S024
-7.06,0.34,-50.84862658899771,-30.041419709509242,30.070189292707273,34.91,1.0,headache,S024
-35.69,0.34,-51.27056113456031,-29.917467113835478,30.333253087671544,34.91,1.0,headache,S024
57.65,0.34,-50.280614122866204,-30.139553600782293,30.977607794720353,34.91,1.0,headache,S024
-7.36,0.34,-50.81760801156933,-29.633044838898478,31.76081077963954,34.91,1.0,headache,S024
-44.05,0.34,-50.080557971177186,-29.44233999904034,30.843960222421956,34.91,1.0,headache,S024
48.21,0.34,-52.209880557162535,-27.761135907499657,30.719808589712983,34.93,1.0,headache,S024
-2.43,0.34,-53.50069550543937,-25.116230734736604,32.542327529876324,34.93,1.0,headache,S024
-39.56,0.34,-52.63329475438235,-25.54546659510516,32.47748437426327,34.93,1.0,headache,S024
45.28,0.34,-52.002941888996055,-25.63466958086947,33.113282928913726,34.93,1.0,headache,S024
7.41,0.34,-51.551072182346665,-25.936570087861337,33.3521283401267,34.91,1.0,headache,S024
-46.11,0.34,-51.025008566106926,-25.533029742614787,34.63563810314339,34.91,1.0,headache,S024
29.94,0.33,-50.398071242627765,-25.545340438016435,35.16135125774932,34.91,1.0,headache,S024
41.68,0.34,-49.90663976899261,-26.211660103780048,35.18440317386054,34.91,1.0,headache,S024
-48.09,0.34,-49.62598185292019,-26.164330988326476,35.745676394667015,34.91,1.0,headache,S024
-11.97,0.34,-48.58082659751301,-26.11818080999272,37.0842883474409,34.91,1.0,headache,S024
46.24,0.33,-48.65457628871281,-26.667480544094055,36.40393127127689,34.91,1.0,headache,S024
-20.39,0.35,-46.56684170070378,-26.144935051704326,39.0295087765334,34.91,1.0,headache,S024
-47.0,0.33,-48.166627484542786,-26.249986723427558,37.82690961435155,34.91,1.0,headache,S024
40.26,0.33,-47.65215756137431,-26.48333739007573,37.90137352885287,34.91,1.0,headache,S024
6.97,0.33,-47.075687658282,-26.12968551623667,39.30900868354634,34.91,1.0,headache,S024
-54.16,0.33,-46.68353048609606,-27.018787504604052,38.15619361653824,34.91,1.0,headache,S024
26.36,0.34,-46.71362242219996,-26.671137366960004,39.26633413303558,34.89,1.0,headache,S024
30.42,0.33,-46.19450143890329,-27.09653536318651,39.228895834895205,34.89,1.0,headache,S024
-54.52,0.34,-46.719176204474195,-26.965783226880827,38.93452562819235,34.89,1.0,headache,S024
2.82,0.33,-46.92049684601628,-27.03753180281863,38.603526625365916,34.89,1.0,headache,S024
49.71,0.33,-46.82437321809974,-26.94197599509102,38.7229743110629,34.89,1.0,headache,S024
-41.05,0.33,-46.57956450234065,-27.195575366156103,38.78113140785406,34.89,1.0,headache,S024
-19.57,0.34,-47.6259230612273,-27.671729153001422,37.908191053969404,34.89,1.0,headache,S024
50.22,0.33,-47.154795177090136,-27.32224796748251,37.82794773197213,34.89,1.0,headache,S024
-33.79,0.33,-47.43695387119147,-27.124685673632726,38.29836531283783,34.91,1.0,headache,S024
-17.82,0.33,-46.92058775504119,-26.967604104931347,38.52240895169927,34.91,1.0,headache,S024
53.86,0.34,-47.21849431035194,-26.911836711621476,38.42351203796379,34.91,1.0,headache,S024
-32.54,0.34,-46.79502839644158,-26.95529125934899,38.587163226923536,34.91,1.0,headache,S024
-33.17,0.33,-47.21475205312677,-27.013449369213788,38.08524517897671,34.89,1.0,headache,S024
57.44,0.33,-46.88679685613837,-27.037239156387358,38.50395352259303,34.89,1.0,headache,S024
-16.4,0.34,-47.29057520460638,-27.116351396062697,38.06251998991332,34.89,1.0,headache,S024
-42.26,0.34,-46.979337409522074,-26.950834215161315,38.22309167664683,34.89,1.0,headache,S024
49.88,0.33,-47.107830173061316,-27.035883948956943,38.12567156551337,34.91,1.0,headache,S024
-12.55,0.34,-47.326206308053685,-26.97004467744948,38.01098330107312,34.91,1.0,headache,S024
-37.26,0.34,-47.26394840496765,-27.027167571896417,38.07187969197372,34.91,1.0,headache,S024
59.05,0.33,-46.92887914929029,-26.97181466173694,38.47178937331781,34.91,1.0,headache,S024
-13.51,0.33,-47.20219618979476,-27.140279136824358,38.081559466957636,34.91,1.0,headache,S024
-37.1,0.33,-46.99630965769359,-26.99831955128823,38.41112146592047,34.91,1.0,headache,S024
55.33,0.33,-47.44306421261895,-27.137091629729685,38.2434367879917,34.91,1.0,headache,S024
-2.05,0.33,-47.06750402713367,-26.980213455444552,37.962397709259946,34.91,1.0,headache,S024
-42.77,0.33,-47.32188169025542,-27.018106071810216,37.89126886144397,34.91,1.0,headache,S024
47.26,0.33,-47.08492911539651,-26.981100120797763,37.99200654011548,34.91,1.0,headache,S024
-6.72,0.33,-47.09948562368035,-27.021897564422947,38.246132263443954,34.91,1.0,headache,S024
-40.67,0.33,-46.888913638674424,-26.969098115543872,38.244783930459405,34.91,1.0,headache,S024
49.23,0.33,-47.226963324302325,-27.128883938889825,38.36264450014877,34.89,1.0,headache,S024
-2.06,0.33,-47.02023775691897,-27.016019237178934,38.52865371810012,34.89,1.0,headache,S024
-47.63,0.33,-47.1158950405054,-27.00262814363163,38.004559126885034,34.89,1.0,headache,S024
48.05,0.33,-47.156256297798535,-26.988556529824248,38.34014310872768,34.89,1.0,headache,S024
6.4,0.33,-47.253563764689225,-27.021658664524836,38.031756272221415,34.91,1.0,headache,S024
-47.45,0.33,-46.82459327485081,-26.95747444512349,38.12826734888859,34.91,1.0,headache,S024
34.07,0.33,-47.28123641042024,-27.18594212365791,38.261383812291704,34.91,1.0,headache,S024
2.47,0.33,-46.85665334300547,-27.1124443373244,38.16001871072436,34.91,1.0,headache,S024
-39.38,0.33,-47.14118206747811,-26.98550698538263,37.998946884400475,34.89,1.0,headache,S024
40.63,0.33,-46.952253776787025,-27.132099696641742,38.22174518096919,34.89,1.0,headache,S024
-0.88,0.33,-47.1974101011126,-27.054129861052804,38.52344167900997,34.89,1.0,headache,S024
-46.67,0.33,-46.81574818158114,-27.089092540034546,38.83332561698425,34.89,1.0,headache,S024
40.69,0.33,-47.18177333248835,-26.945711992936186,38.694000377690294,34.89,1.0,headache,S024
16.52,0.33,-46.82086128712065,-27.044466056400108,38.122351282854126,34.89,1.0,headache,S024
-49.94,0.33,-47.16749654044892,-26.958514008262906,38.1467709203599,34.89,1.0,headache,S024
29.99,0.33,-46.97566928096733,-27.05451692722677,38.41425141036839,34.89,1.0,headache,S024
14.35,0.33,-47.431946197213904,-27.15827162855384,38.13945269806836,34.91,1.0,headache,S024
-38.88,0.33,-46.87727094463311,-27.140516197018194,38.00392212505307,34.91,1.0,headache,S024
32.37,0.32,-47.3902288101988,-27.15271309587371,38.28106882838143,34.91,1.0,headache,S024
12.77,0.32,-46.643747087592615,-27.18872488786907,38.29499657068873,34.91,1.0,headache,S024
-50.22,0.33,-47.22517161100298,-26.914909745639335,38.61034778038388,34.89,1.0,headache,S024
26.37,0.33,-46.87768217049569,-27.071408603403544,38.22871701363962,34.89,1.0,headache,S024
29.14,0.34,-47.27237295593227,-27.135788617208377,37.95556139835558,34.89,1.0,headache,S024
-45.24,0.32,-46.92278887782445,-27.321051846696484,38.14341512746021,34.89,1.0,headache,S024
9.57,0.33,-47.34581640872606,-27.053239042170667,38.014723644396895,34.91,1.0,headache,S024
29.68,0.33,-46.992234644841346,-27.531606342552017,37.98343629813573,34.91,1.0,headache,S024
-40.33,0.32,-47.6208362020545,-27.19599398515552,38.02347292736974,34.91,1.0,headache,S024
13.97,0.33,-46.890360111143245,-27.228944190948724,37.67141880567902,34.91,1.0,headache,S024
23.79,0.32,-47.708463759686616,-27.282498652905055,38.027586291248866,34.89,1.0,headache,S024
-44.81,0.32,-46.975210664552904,-27.164520957039255,38.006768679405646,34.89,1.0,headache,S024
12.61,0.32,-47.48466598400641,-27.236816529730476,38.02061735909361,34.89,1.0,headache,S024
30.56,0.32,-46.95734099257463,-27.545877583486277,38.15931628803904,34.89,1.0,headache,S024
-43.07,0.32,-47.68307126691758,-26.970726371648066,37.924809595497806,34.91,1.0,headache,S024
13.32,0.32,-46.7098157091282,-27.385525472370848,37.824081785317425,34.91,1.0,headache,S024
21.44,0.32,-47.80330156841047,-27.51571588273612,37.69475720850447,34.91,1.0,headache,S024
-46.59,0.32,-46.74636961656748,-27.609574668458,37.77018868517726,34.91,1.0,headache,S024
28.23,0.33,-47.92830032771893,-27.81922023866264,37.34553158306791,34.91,1.0,headache,S024
4.58,0.32,-45.62778649154159,-27.436599803181327,38.4695804815708,34.91,1.0,headache,S024
-50.69,0.32,-49.24870895067582,-26.310435493934854,37.552164462140915,34.91,1.0,headache,S024
46.65,0.32,-49.34281641635566,-28.007010288267573,33.84376087514359,34.91,1.0,headache,S024
-10.64,0.32,-48.19796732489093,-27.73476771336372,36.62013244311427,34.93,1.0,headache,S024
-40.33,0.32,-48.7436742645135,-28.159501356421732,35.148970138121726,34.93,1.0,headache,S024
59.22,0.32,-49.428828603522206,-27.963406088246437,35.13285437182246,34.93,1.0,headache,S024
-10.43,0.32,-49.12402212072154,-28.834052552493965,33.96337874738779,34.93,1.0,headache,S024
-25.36,0.32,-49.547271375572635,-28.765381480429827,34.57488379915911,34.89,1.0,headache,S024
55.34,0.32,-48.63698619795312,-29.012433978064056,34.719852588058004,34.89,1.0,headache,S024
-33.53,0.32,-49.196872812627,-28.715622151199774,35.201250583993435,34.89,1.0,headache,S024
5.79,0.32,-47.55380274189453,-29.103144168745178,35.35642907434204,34.89,1.0,headache,S024
45.68,0.33,-48.67754822924903,-28.650553751875737,36.18548840106505,34.87,1.0,headache,S024
-45.37,0.34,-47.428639195898754,-29.277993146990873,35.587864989485595,34.87,1.0,headache,S024
2.32,0.35,-48.554096959939976,-28.495419422761216,36.08731383731448,34.87,1.0,headache,S024
48.12,0.35,-47.08505272634615,-29.508035829251902,35.60861948821541,34.87,1.0,headache,S024
-45.36,0.35,-49.09542056189674,-28.38051582281675,36.46402494301546,34.87,1.0,headache,S024
8.61,0.35,-46.42955337095798,-30.84414153610175,33.984394512413694,34.87,1.0,headache,S024
36.96,0.36,-50.89737849093668,-29.298533670538447,33.718072886303744,34.87,1.0,headache,S024
-45.7,0.36,-45.946905529939635,-31.467205254751388,33.52488286026441,34.87,1.0,headache,S024
4.65,0.36,-59.01928992260735,-27.737369168387296,29.62812400353571,34.89,1.0,headache,S024
29.9,0.36,-46.10156265165183,-33.30163176412966,22.685760377754804,34.89,1.0,headache,S024
-42.8,0.36,-13.934424139264394,-34.23132819047009,53.44019120928238,34.89,1.0,headache,S024
22.86,0.36,-15.143788853760356,-19.0133691801301,64.74774086556684,34.89,1.0,headache,S024
26.2,0.35,-9.25892872026555,-21.79847188039252,59.79526513310459,34.87,1.0,headache,S024
-12.08,0.39,-9.712585123092113,-17.854380424512218,62.87044345704157,34.87,1.0,headache,S024
-14.63,0.39,-8.588327921286574,-19.918432912922576,61.40404424725843,34.87,1.0,headache,S024
-8.05,0.39,-7.347802414183409,-19.43093335682152,63.077377941963164,34.87,1.0,headache,S024
-57.24,0.39,-14.738775549404004,-24.192434559864463,59.28586838634485,34.84,1.0,headache,S024
87.03,0.38,-42.13501402222912,-31.637265592088294,37.29023858025696,34.84,1.0,headache,S024
4.9,0.35,-53.08307420029633,-36.479826824337614,14.829601079950105,34.84,1.0,headache,S024
-11.78,0.35,-57.768028993356126,-33.731228915282244,14.307754522871162,34.84,1.0,headache,S024
56.72,0.34,-52.129031656271934,-36.16215913919934,15.281036620915382,34.79,1.0,headache,S024
-146.41,0.35,-53.67869225253558,-36.33188938987543,14.60960299830452,34.79,1.0,headache,S024
-61.67,0.34,-54.058671133949325,-35.426229467319814,13.115939747624456,34.79,1.0,headache,S024
30.79,0.34,-55.82012199898776,-35.232492680606114,10.457288762813914,34.79,1.0,headache,S024
32.98,0.34,-53.3515994632322,-36.21433251023605,9.103561877432307,34.73,1.0,headache,S024
57.67,0.34,-56.5019678507063,-34.241054080437934,10.807532971926882,34.73,1.0,headache,S024
-32.63,0.34,-56.34549245409017,-33.04964554199034,11.896887030695538,34.73,1.0,headache,S024
40.73,0.34,-55.43045391423099,-35.01449629267032,9.94707370826696,34.73,1.0,headache,S024
-35.9,0.34,-53.99436396816022,-34.31463811477983,12.814262198417486,34.75,1.0,headache,S024
34.29,0.34,-56.65361878210842,-31.603304116781274,16.00226907119312,34.75,1.0,headache,S024
7.24,0.34,-57.269385196069486,-32.364133321603056,3.784558765883167,34.75,1.0,headache,S024
-10.9,0.33,-57.560735801729365,-31.00856007335736,8.305005986254871,34.75,1.0,headache,S024
43.45,0.33,-58.736229113227246,-29.439917473580724,9.048351569390066,34.79,1.0,headache,S024
5.18,0.33,-59.06051582195121,-29.906461939607787,9.126180697374553,34.79,1.0,headache,S024
40.58,0.34,-57.64907627397605,-30.155749515825384,8.972750793669816,34.79,1.0,headache,S024
-81.91,0.33,-58.63003786301259,-30.21826927349493,8.454957215675046,34.79,1.0,headache,S024
-5.08,0.33,-57.215933924401504,-26.18508704223867,19.42839241180644,34.81,1.0,headache,S024
-1.68,0.33,-56.1560473412324,-20.310124089444447,31.971498276797067,34.81,1.0,headache,S024
-32.2,0.32,-51.627565094649555,-19.34182537517022,37.9237180626041,34.81,1.0,headache,S024
42.79,0.33,-49.99071609372057,-19.543506576409317,38.671464845032745,34.81,1.0,headache,S024
-45.15,0.33,-51.64830498786131,-18.854482171682825,38.05460090182564,34.87,1.0,headache,S024
22.75,0.33,-50.97401025107564,-19.118908076815707,37.83398170251113,34.87,1.0,headache,S024
37.33,0.33,-51.469483630358965,-18.86208232398229,37.91000863905291,34.87,1.0,headache,S024
-78.83,0.33,-51.312408371079805,-19.200326080927415,37.43199448667162,34.87,1.0,headache,S024
54.89,0.33,-52.57509352895152,-18.635543652015492,38.00818682716038,34.97,1.0,headache,S024
-16.46,0.33,-51.93978204004191,-21.717955579275035,35.52555959208306,34.97,1.0,headache,S024
-47.06,0.32,-52.788571539701664,-24.48017020311657,30.785569930231997,34.97,1.0,headache,S024
73.65,0.32,-55.55934738123125,-23.90222937749031,30.092240691931153,34.97,1.0,headache,S024
5.27,0.32,-53.8106786139991,-25.79377754218605,28.080470284003773,34.99,1.0,headache,S024
-41.25,0.32,-54.54017012790866,-24.777220220705043,29.966554442797115,34.99,1.0,headache,S024
55.5,0.32,-53.96456631489851,-24.74666405573655,29.978489864074945,34.99,1.0,headache,S024
-14.43,0.32,-53.66851741995359,-24.41669952836212,31.643174161384255,34.99,1.0,headache,S024
-77.93,0.32,-53.111353440736174,-24.41216416481699,31.91788925734997,35.0,1.0,headache,S024
47.62,0.32,-54.819586531955764,-24.80213061012178,28.621431077288744,35.0,1.0,headache,S024
34.2,0.32,-54.19091324716905,-23.954025554336127,30.080780742625148,35.0,1.0,headache,S024
-79.03,0.32,-54.39104111769582,-23.985181983114988,30.04131098533588,35.0,1.0,headache,S024
27.13,0.32,-53.52386131662008,-23.955191806713128,31.187667125971576,35.03,1.0,headache,S024
67.61,0.32,-53.234275186992946,-23.481781681097118,33.9976288968813,35.03,1.0,headache,S024
-60.53,0.32,-52.78180381330693,-24.50836686229578,32.12834234770969,35.03,1.0,headache,S024
-14.28,0.32,-53.330772988273345,-25.044384596038153,30.986848955983845,35.03,1.0,headache,S024
84.02,0.32,-52.7607633063233,-24.5203994478399,32.711952618954285,35.0,1.0,headache,S024
-33.49,0.32,-53.42605211528256,-24.58925175506512,32.32653863405985,35.0,1.0,headache,S024
-49.07,0.32,-53.3690687002604,-25.29695394872657,30.436150641373715,35.0,1.0,headache,S024
75.29,0.32,-53.029309420015956,-26.062714324675813,30.940853614735083,35.0,1.0,headache,S024
-3.72,0.32,-50.10850219609704,-26.608665775196467,34.360831694745066,35.03,1.0,headache,S024
-61.79,0.32,-51.67282898389419,-26.807082277050043,32.35935079266777,35.03,1.0,headache,S024
65.49,0.32,-50.30528044620263,-26.484132646667064,34.31346060307815,35.03,1.0,headache,S024
8.96,0.32,-51.33328550422272,-25.67706432146077,35.16302840081633,35.03,1.0,headache,S024
-65.25,0.32,-49.945945922834305,-26.566805077045274,33.600158351024625,35.0,1.0,headache,S024
51.25,0.32,-51.377140819507304,-24.135073042636066,35.76848618031721,35.0,1.0,headache,S024
12.97,0.32,-50.389878091776986,-24.150045312712958,35.84641825224622,35.0,1.0,headache,S024
-63.45,0.32,-49.468618659493686,-24.20834563534034,37.98877919957827,35.0,1.0,headache,S024
49.28,0.32,-49.861844059668705,-24.310673080953848,36.706207031458405,35.0,1.0,headache,S024
7.82,0.32,-49.78595558198933,-24.89750193695122,36.81839329012322,35.0,1.0,headache,S024
-54.14,0.32,-49.979901266705404,-24.748354420045825,36.318873813390745,35.0,1.0,headache,S024
53.24,0.32,-49.42801391694532,-24.886830236843313,37.028511429139435,35.0,1.0,headache,S024
-18.3,0.32,-49.09270357644106,-24.926285227745417,36.90596438368104,35.0,1.0,headache,S024
-44.7,0.32,-49.80222792546323,-24.95313397615934,36.399061356344035,35.0,1.0,headache,S024
62.55,0.32,-49.42365950206979,-25.000940353088755,36.76204557572743,35.0,1.0,headache,S024
-12.7,0.32,-49.922178668757375,-24.83529899040242,36.322617037269175,35.0,1.0,headache,S024
-17.66,0.32,-50.87659167851285,-25.13039262081046,35.27346710977882,34.99,1.0,headache,S024
40.29,0.32,-51.61572765830757,-25.310171223880474,33.53519485628531,34.99,1.0,headache,S024
-66.52,0.32,-51.249346382374945,-25.54081373135612,33.93026976040099,34.99,1.0,headache,S024
-1.74,0.32,-52.12050723450924,-25.27295706031195,33.70363272869974,34.99,1.0,headache,S024
41.49,0.32,-51.94998883401395,-25.748738650406885,33.427300328070174,35.0,1.0,headache,S024
-49.04,0.32,-52.38273178178848,-25.32536318708959,32.74517380884302,35.0,1.0,headache,S024
29.69,0.32,-51.90673920351192,-25.628939614898098,32.84877430103886,35.0,1.0,headache,S024
22.61,0.32,-52.372159094052215,-25.674035046645656,32.59655705346594,35.0,1.0,headache,S024
-65.15,0.32,-52.29737244116111,-25.419507883508015,32.6808397975118,35.0,1.0,headache,S024
36.61,0.32,-52.30582307722003,-25.86733954823248,32.789468313512415,35.0,1.0,headache,S024
17.76,0.32,-51.87736344477826,-26.46931271569818,32.590031474213134,35.0,1.0,headache,S024
-53.09,0.32,-52.19638422133634,-26.71656380991729,31.577067687230432,35.0,1.0,headache,S024
50.05,0.32,-53.118122862865924,-25.61045219558142,31.597715469932503,35.0,1.0,headache,S024
10.96,0.32,-52.81021368726039,-26.00755365132191,31.27532930249428,35.0,1.0,headache,S024
-57.26,0.32,-52.93955967477915,-25.8240133756148,31.061324224183664,35.0,1.0,headache,S024
94.41,0.32,-53.358183301897284,-25.85521835722897,30.936200448347957,35.0,1.0,headache,S024
19.74,0.32,-53.28968813710252,-26.033582653382783,30.3044718894634,34.97,1.0,headache,S024
-67.6,0.32,-53.60169343604149,-26.0161605952245,30.128110597032222,34.97,1.0,headache,S024
20.8,0.32,-53.3110337683268,-26.120675554691413,29.988065075194992,34.97,1.0,headache,S024
5.15,0.32,-53.49795663581526,-26.017869568538394,30.275497657687925,34.97,1.0,headache,S024
0.61,0.31,-53.106675399426265,-26.353645170684526,30.298407480887967,34.99,1.0,headache,S024
19.08,0.32,-53.56518276498258,-26.304471181594934,30.052827823923806,34.99,1.0,headache,S024
-26.27,0.32,-52.92634305016371,-26.61141073227067,30.2274515618521,34.99,1.0,headache,S024
-22.2,0.31,-53.53729660472474,-26.590962436508153,29.799241694045556,34.99,1.0,headache,S024
16.07,0.31,-53.31130397614265,-26.693495677495957,30.190323951858606,34.99,1.0,headache,S024
-38.22,0.32,-53.36804622690114,-26.856910802510175,29.882794645926786,34.99,1.0,headache,S024
-18.37,0.32,-53.24146979487876,-27.073916908600033,29.741238691672173,34.99,1.0,headache,S024
33.95,0.31,-53.467787515691256,-26.563913656320217,29.82927608860413,34.99,1.0,headache,S024
-23.65,0.31,-53.2222344866339,-26.924089869238863,29.790769233908925,34.99,1.0,headache,S024
-25.75,0.31,-53.584196998501305,-27.257515861480496,29.400541001259484,34.99,1.0,headache,S024
51.22,0.32,-53.59647612863874,-27.097713516904424,28.60080139226734,34.99,1.0,headache,S024
-17.18,0.31,-53.41215803419616,-26.99957522996726,28.761353040358266,34.99,1.0,headache,S024
-32.6,0.31,-53.60389770110039,-27.196475607212914,29.05096836509973,34.97,1.0,headache,S024
45.05,0.31,-53.76179624597258,-27.10802846683209,28.076183288992155,34.97,1.0,headache,S024
-7.58,0.31,-53.58386304722671,-27.397502053474746,28.415883090502437,34.97,1.0,headache,S024
-50.45,0.31,-53.8717994777836,-26.87771077526149,28.627518410553417,34.97,1.0,headache,S024
43.91,0.31,-53.618994508388845,-27.098357496034794,28.806698935753175,35.0,1.0,headache,S024
8.84,0.32,-53.66392830473645,-26.913826358826228,28.81731379591871,35.0,1.0,headache,S024
-58.52,0.31,-53.665756623808846,-27.072524407047887,29.079685156572356,35.0,1.0,headache,S024
42.83,0.31,-53.90256100218473,-27.03071127548919,28.490256221810277,35.0,1.0,headache,S024
39.48,0.32,-53.62478115003093,-27.103411956213584,28.05147059142727,34.99,1.0,headache,S024
-52.86,0.32,-53.91496388069174,-26.754151229871276,28.960053522569723,34.99,1.0,headache,S024
16.81,0.31,-53.770920152202635,-27.064012707012868,28.555847497016494,34.99,1.0,headache,S024
35.88,0.31,-54.137257084332155,-27.102702862718903,27.994630592856595,34.99,1.0,headache,S024
-56.71,0.32,-53.8611583228745,-27.465772409578975,28.00863172890248,34.97,1.0,headache,S024
12.3,0.32,-54.13538252812073,-27.20746377383628,28.662739501919813,34.97,1.0,headache,S024
40.97,0.33,-53.422195091748215,-27.09853859498928,29.153195489143677,34.97,1.0,headache,S024
-60.32,0.34,-53.75811298409975,-26.760194353690476,29.17645256067299,34.97,1.0,headache,S024
19.04,0.34,-53.97791478757465,-27.04371572883018,28.597527370273042,34.97,1.0,headache,S024
34.5,0.34,-53.762436179633724,-26.853998390117653,28.901930705683814,34.97,1.0,headache,S024
-59.19,0.34,-53.616469059106784,-26.825171542171763,29.01228322346984,34.97,1.0,headache,S024
28.61,0.34,-53.76982698791742,-27.155988657624466,29.0327061297109,34.97,1.0,headache,S024
31.02,0.34,-53.45138932874674,-27.005707741543713,29.069147947497477,34.97,1.0,headache,S024
-55.41,0.34,-53.98747281218944,-26.995034061399416,29.003104403462142,34.97,1.0,headache,S024
35.9,0.34,-53.62925841165519,-26.991701049788336,28.877274327608202,34.97,1.0,headache,S024
17.5,0.34,-53.681929325779954,-27.138128075858372,28.629756749747187,34.97,1.0,headache,S024
-56.32,0.34,-53.736055964254035,-27.489639379657834,28.186433237576324,34.95,1.0,headache,S024
56.36,0.34,-53.96453669455163,-27.645429207979397,28.173699021340372,34.95,1.0,headache,S024
4.61,0.34,-53.59719766108728,-27.30763795518578,28.468295843051163,34.95,1.0,headache,S024
-16.65,0.34,-54.17191552398859,-26.989207559091508,28.373375248837537,34.95,1.0,headache,S024
71.3,0.34,-53.766617857584485,-27.15126722596355,28.411085768040028,34.95,1.0,headache,S024
-32.17,0.34,-53.855729119211766,-27.297537956773603,28.058284790527498,34.95,1.0,headache,S024
-62.12,0.34,-53.62592466646385,-27.545161719701067,28.14714079349594,34.95,1.0,headache,S024
37.07,0.34,-53.99932156782529,-27.37900770840754,27.97055830863253,34.95,1.0,headache,S024
11.47,0.34,-53.774593249578345,-27.634680147641124,27.95149231670934,34.97,1.0,headache,S024
-52.73,0.34,-54.106496112140384,-27.2864585896936,27.605137074959643,34.97,1.0,headache,S024
37.37,0.34,-53.83094366221821,-27.507242816807796,27.75775605304781,34.97,1.0,headache,S024
29.92,0.34,-54.21211199897551,-27.41065424960632,27.66828516498081,34.97,1.0,headache,S024
-62.76,0.34,-53.76673845204956,-27.50784627710684,27.575158115878914,34.95,1.0,headache,S024
9.24,0.34,-54.37484757638852,-27.268525304886484,27.41302233549204,34.95,1.0,headache,S024
64.59,0.34,-53.684635176703836,-27.406515365027566,27.928999763080498,34.95,1.0,headache,S024
-48.51,0.34,-54.35075958119178,-27.09936755773751,27.3085955135998,34.95,1.0,headache,S024
-30.13,0.34,-53.54971092122023,-27.21418969006225,28.378076244362926,34.95,1.0,headache,S024
60.6,0.34,-56.02887891520929,-28.0026886225817,23.77330176024698,34.95,1.0,headache,S024
3.4,0.34,-56.503405645013025,-28.734546541727205,20.510754216390026,34.95,1.0,headache,S024
-64.38,0.34,-56.22974358686439,-28.733108829820512,22.11263375662554,34.95,1.0,headache,S024
31.41,0.34,-55.38768630181662,-28.731702961656154,22.727400689452065,34.97,1.0,headache,S024
30.24,0.34,-55.644406376663035,-27.93633900551775,24.695144306116898,34.97,1.0,headache,S024
-53.51,0.34,-54.351002632747125,-28.535919814891294,26.139689344643003,34.97,1.0,headache,S024
12.56,0.34,-54.552890089646525,-29.713375023590842,24.411557167252006,34.97,1.0,headache,S024
41.88,0.34,-53.721679199595314,-30.37558399870262,24.598098381207155,34.93,1.0,headache,S024
-49.28,0.34,-55.18072866005122,-28.22171499729568,25.401989457849915,34.93,1.0,headache,S024
-11.98,0.34,-55.215459065369124,-27.788084026043663,25.347998978545714,34.93,1.0,headache,S024
31.54,0.34,-55.15934005428152,-27.814948028116028,25.69576667671605,34.93,1.0,headache,S024
-17.47,0.34,-54.61681987120005,-28.04804308992001,25.9891164029334,34.95,1.0,headache,S024
13.68,0.34,-54.9958597685365,-27.92800691210745,25.62077464145989,34.95,1.0,headache,S024
35.39,0.34,-54.720312393163866,-28.097021222189035,25.97097461957471,34.95,1.0,headache,S024
-60.65,0.34,-55.149824665106856,-28.082701441938724,25.612478548401064,34.95,1.0,headache,S024
-9.77,0.34,-54.199152674260255,-28.56665590545265,25.952851805554868,34.95,1.0,headache,S024
73.66,0.34,-54.68045004296888,-28.001711835684667,26.114557476524244,34.95,1.0,headache,S024
-55.26,0.34,-54.19125146254643,-28.107883094977723,27.059966545988416,34.95,1.0,headache,S024
-12.57,0.34,-54.81391788567474,-27.850229532066077,25.974585206059462,34.95,1.0,headache,S024
73.94,0.34,-54.109304470863194,-28.237572193612987,26.596858320953054,34.93,1.0,headache,S024
-44.56,0.34,-55.15004219986708,-27.891635193951174,25.37290843433187,34.93,1.0,headache,S024
-36.3,0.34,-54.66388470255858,-28.192219683665716,24.99013546299836,34.93,1.0,headache,S024
74.49,0.34,-55.791217636791984,-27.736446978461956,24.531346641798624,34.93,1.0,headache,S024
-22.03,0.34,-54.041375186710894,-28.383016159620045,25.62347680033996,34.95,1.0,headache,S024
-43.3,0.34,-56.89218857514235,-27.290596811291174,23.803283226210727,34.95,1.0,headache,S024
58.65,0.34,-53.312363159017565,-29.8835821262533,25.46410289764003,34.95,1.0,headache,S024
-8.51,0.33,-52.60486362880062,-33.378001576593796,23.751226382054845,34.95,1.0,headache,S024
-45.62,0.34,-48.06489077614734,-33.96765809015038,29.24606877867598,34.95,1.0,headache,S024
61.34,0.34,-38.49914670878354,-34.782405423089976,40.924378759563574,34.95,1.0,headache,S024
8.4,0.34,-43.4101923085005,-33.70656711758537,37.18903523935658,34.95,1.0,headache,S024
17.58,0.34,-42.23545913247967,-34.07392883018084,37.704466862047894,34.95,1.0,headache,S024
32.02,0.35,-44.302603332319634,-34.17923549809593,36.110288594175614,34.93,1.0,headache,S024
36.58,0.35,-44.096045422443765,-34.411230639824204,35.5140925335964,34.93,1.0,headache,S024
-30.38,0.34,-48.391087901052295,-34.24391400985536,29.565847298968535,34.93,1.0,headache,S024
-59.61,0.34,-49.93439127307169,-33.43553279126822,29.486015985416444,34.93,1.0,headache,S024
-18.95,0.34,-48.66177967068577,-35.18195611157615,27.548569547600195,34.89,1.0,headache,S024
-45.84,0.35,-49.455598606166404,-33.82590086400841,29.782582159528516,34.89,1.0,headache,S024
-20.82,0.34,-48.00811413789809,-33.47109284411685,31.367922400930603,34.89,1.0,headache,S024
-6.37,0.34,-47.842245862137545,-33.266808646844225,31.889189315067338,34.89,1.0,headache,S024
-29.04,0.35,-49.21532123812169,-32.88077910182306,30.3662455443096,34.93,1.0,headache,S024
35.97,0.34,-52.368809479784865,-32.42175927871745,25.58514340195736,34.93,1.0,headache,S024
-24.23,0.34,-53.414302978776185,-32.277597516990895,23.188933898442404,34.93,1.0,headache,S024
-59.1,0.34,-52.04533389850906,-31.58840821467821,25.973548024917985,34.93,1.0,headache,S024
78.5,0.34,-54.02826856946715,-29.838636654443132,25.902505571439637,34.89,1.0,headache,S024
31.1,0.34,-54.04298425418802,-29.195744317196592,26.603220372745646,34.89,1.0,headache,S024
-21.97,0.34,-54.06045142951091,-29.510924074108285,25.926454356651654,34.89,1.0,headache,S024
47.81,0.34,-53.019176734671504,-29.80829336294202,27.103941503644954,34.89,1.0,headache,S024
-3.36,0.34,-53.65507296185611,-29.88308025884107,26.053230148446787,34.91,1.0,headache,S024
-40.21,0.34,-53.29064515832816,-30.19351296214923,26.444240939406974,34.91,1.0,headache,S024
33.35,0.34,-53.72536276488507,-29.912141335935384,26.27511425429284,34.91,1.0,headache,S024
10.4,0.34,-53.456328760798826,-30.009605450556684,26.376830949739716,34.91,1.0,headache,S024
-30.72,0.34,-53.818718959490425,-29.558961959806325,25.855334035965758,34.91,1.0,headache,S024
19.23,0.34,-53.329155080154166,-29.975670763299068,26.481201519958482,34.91,1.0,headache,S024
4.01,0.34,-53.675738921588085,-29.980810576241762,25.845013267703457,34.91,1.0,headache,S024
-23.43,0.34,-53.21799958003075,-30.01215294091954,26.550270323084284,34.91,1.0,headache,S024
17.14,0.34,-53.82463381958858,-30.029513358885055,25.749441854826756,34.91,1.0,headache,S024
-16.77,0.34,-53.60682559928266,-29.91281263752197,26.567882787691794,34.91,1.0,headache,S024
-11.62,0.34,-53.43255624203245,-29.865867147090988,26.798259899545258,34.91,1.0,headache,S024
40.11,0.34,-52.94391491063054,-30.17333180466767,26.67517488183983,34.91,1.0,headache,S024
-59.29,0.34,-53.375218521180834,-30.08355157600731,26.57200197949241,34.91,1.0,headache,S024
14.62,0.34,-52.937631254690736,-30.43493152319418,26.27952123315978,34.91,1.0,headache,S024
39.91,0.34,-53.352792889871466,-30.27789276454711,26.433162881063385,34.91,1.0,headache,S024
-56.65,0.34,-52.962610802365255,-30.269635315331595,26.55020223142593,34.91,1.0,headache,S024
42.46,0.34,-53.03011476873253,-30.36487909385535,25.996943439665497,34.93,1.0,headache,S024
6.85,0.34,-52.7753139585767,-30.083758693973444,26.959723561946983,34.93,1.0,headache,S024
-39.41,0.34,-53.00348582695081,-30.005455423633325,27.086276062294875,34.93,1.0,headache,S024
59.76,0.34,-52.81559611505887,-29.991848971329805,28.016360559322464,34.93,1.0,headache,S024
-23.84,0.34,-53.062168727535315,-30.007973161929154,26.96440057729812,34.91,1.0,headache,S024
-15.1,0.33,-52.932329770192986,-29.99233651144648,27.375789397752236,34.91,1.0,headache,S024
59.25,0.34,-53.06664865109832,-30.00754283291363,27.540743193768918,34.91,1.0,headache,S024
-45.23,0.34,-52.93999193644987,-29.99237528721906,27.55697598877629,34.91,1.0,headache,S024
1.91,0.33,-53.03105693084038,-30.007878394342907,27.463008949024193,34.91,1.0,headache,S024
48.08,0.33,-52.81468577362663,-29.99172540110578,27.504689863117772,34.91,1.0,headache,S024
-52.07,0.34,-53.10558957131418,-30.00879324008102,27.070569091685808,34.91,1.0,headache,S024
20.77,0.34,-52.904688185003295,-29.99057621899003,27.343810618421543,34.91,1.0,headache,S024
30.52,0.34,-53.092650750980724,-30.010164651755222,27.222477840403737,34.89,1.0,headache,S024
-66.23,0.34,-52.905800484623036,-29.988976715762785,27.429564841120232,34.89,1.0,headache,S024
37.78,0.34,-53.10273636107511,-30.01201733184933,27.304201369890254,34.89,1.0,headache,S024
32.79,0.34,-52.851755713617905,-29.98682232868893,27.71587551302113,34.89,1.0,headache,S024
-66.69,0.33,-52.993368003632234,-30.014554334327865,27.294915690390688,34.89,1.0,headache,S024
36.19,0.34,-52.92708953621581,-29.98377217151145,27.288105151849983,34.89,1.0,headache,S024
42.08,0.34,-52.803550265061084,-30.018331434393325,27.190058184409978,34.89,1.0,headache,S024
-69.41,0.33,-52.97882628700029,-29.97890170860504,27.473816216457397,34.89,1.0,headache,S024
21.09,0.33,-53.034830884220874,-30.024971760533465,26.956452856370927,34.89,1.0,headache,S024
44.14,0.34,-52.95995432076967,-29.96909419910974,27.065725211434014,34.89,1.0,headache,S024
-61.12,0.34,-53.04466056262642,-30.041388988823492,26.82610548673555,34.89,1.0,headache,S024
5.68,0.33,-53.09431992125314,-29.934413460400034,27.23389527910972,34.89,1.0,headache,S024
60.19,0.33,-53.01398444840066,-30.1876040987644,26.92749010889586,34.89,1.0,headache,S024
-52.42,0.33,-52.73754906650086,-30.137979797319463,27.428931435239594,34.89,1.0,headache,S024
-18.49,0.34,-52.901264847973565,-29.948322754498093,27.438211831737252,34.89,1.0,headache,S024
64.96,0.33,-52.90194905399606,-30.028467361683845,27.65427327782391,34.89,1.0,headache,S024
-29.77,0.33,-52.93861656532596,-29.98170249044695,27.59215896663756,34.89,1.0,headache,S024
-38.5,0.33,-53.02925172234357,-30.012570539703972,27.79068596775598,34.89,1.0,headache,S024
60.37,0.33,-52.919901752056454,-29.991106523030375,27.38475828279768,34.89,1.0,headache,S024
-9.42,0.33,-52.52201335359899,-30.0063432409036,27.637720629896968,34.89,1.0,headache,S024
-45.3,0.33,-52.655675097680195,-29.995506794541853,27.76963892614044,34.91,1.0,headache,S024
46.86,0.33,-52.76876686358761,-30.003124944057063,27.62171421201146,34.91,1.0,headache,S024
-6.21,0.33,-52.89830777585999,-29.997876831559598,27.82433792536517,34.91,1.0,headache,S024
-49.63,0.33,-52.810588573589236,-30.001433539392607,27.662387187412982,34.91,1.0,headache,S024
49.79,0.33,-53.02337620323414,-29.99895195966144,27.677550949588085,34.87,1.0,headache,S024
3.89,0.33,-52.736290489233085,-30.00100886095933,27.75427574559551,34.87,1.0,headache,S024
-55.5,0.33,-53.048743842061775,-29.998562856575607,27.46857795333052,34.87,1.0,headache,S024
39.81,0.33,-52.95503119428691,-30.002621695552946,27.420225202891967,34.87,1.0,headache,S024
15.92,0.33,-53.037652722278374,-29.994683820095034,27.345883941910824,34.87,1.0,headache,S024
-53.74,0.33,-52.970956881238536,-30.012106646810693,27.336864216751007,34.87,1.0,headache,S024
37.71,0.33,-53.07326697461367,-29.959144799729565,27.592242088667735,34.87,1.0,headache,S024
18.98,0.33,-52.63546538909336,-29.88588619364824,27.755322729439992,34.87,1.0,headache,S024
-49.42,0.33,-53.024793924822994,-30.03513486723992,27.143549715271448,34.87,1.0,headache,S024
25.31,0.33,-52.81988629942267,-29.97526787755901,27.849468362637214,34.87,1.0,headache,S024
5.49,0.33,-52.86321520757496,-30.020924479965462,27.259300405765543,34.87,1.0,headache,S024
-53.87,0.33,-52.95713451478921,-29.980872750849137,27.656801277330164,34.87,1.0,headache,S024
43.3,0.33,-52.98792930738772,-30.01820565168884,27.506156002883213,34.87,1.0,headache,S024
9.57,0.33,-52.71517846550524,-29.982254779580238,27.785291292573056,34.87,1.0,headache,S024
-59.43,0.33,-53.105497834012034,-30.017559721486524,27.752701036442474,34.87,1.0,headache,S024
40.07,0.33,-52.915011781763766,-29.98244598852168,27.47341371628193,34.87,1.0,headache,S024
33.88,0.33,-53.07725129902843,-30.017675239240575,27.46154233175075,34.87,1.0,headache,S024
-65.27,0.33,-52.92609504926364,-29.98210753062709,27.626419178621358,34.87,1.0,headache,S024
18.45,0.33,-53.07395725775149,-30.018187157186546,27.283022598451787,34.87,1.0,headache,S024
51.39,0.34,-52.862768118522844,-29.981451681955278,27.600912310261794,34.87,1.0,headache,S024
-48.02,0.33,-53.19628285564801,-30.018969936329754,27.120869638936,34.87,1.0,headache,S024
-5.43,0.33,-53.009215486321594,-29.98055046392771,27.117505349654028,34.87,1.0,headache,S024
53.4,0.33,-53.04509754366345,-30.01998740531279,27.007763448308825,34.87,1.0,headache,S024
-48.53,0.33,-52.94549264893665,-29.979413774993407,27.101882960513482,34.87,1.0,headache,S024
-29.21,0.33,-53.05941204509987,-30.021250982176483,26.702822441558613,34.87,1.0,headache,S024
65.38,0.33,-52.936437431619375,-29.978010880414097,27.057530572651352,34.87,1.0,headache,S024
-19.62,0.33,-53.068086617170266,-30.022810923849683,26.893952789999084,34.87,1.0,headache,S024
-53.48,0.33,-52.926295275880285,-29.976269801202466,27.10776786745259,34.87,1.0,headache,S024
57.84,0.33,-53.08125380851797,-30.02476532466234,26.929019983339753,34.84,1.0,headache,S024
-5.55,0.32,-52.90793888566636,-29.974059119127627,27.23576139438587,34.84,1.0,headache,S024
-45.35,0.32,-53.10813882340367,-30.02729012917314,27.160709543009666,34.84,1.0,headache,S024
60.78,0.33,-52.90192321098373,-29.971141171090395,27.79349398691234,34.84,1.0,headache,S024
2.44,0.33,-53.01235421266209,-30.03071103021561,27.470224193898634,34.87,1.0,headache,S024
-59.81,0.32,-52.2014912882243,-29.967062902946793,29.084903906502923,34.87,1.0,headache,S024
43.88,0.33,-51.790024885673965,-30.03565916238231,29.420588047043612,34.87,1.0,headache,S024
36.47,0.33,-51.566824825543875,-29.96101464954953,29.391612398244195,34.87,1.0,headache,S024
-62.82,0.33,-51.51280335995826,-30.04231636966838,29.55305388236522,34.87,1.0,headache,S024
16.93,0.32,-51.94780031926586,-30.06501952797634,29.104774869799805,34.87,1.0,headache,S024
44.55,0.32,-51.62748758661158,-30.092882767065618,29.119473768188584,34.87,1.0,headache,S024
-64.85,0.33,-51.59409248124111,-30.032634507207487,29.22180948393614,34.87,1.0,headache,S024
6.99,0.32,-51.77118944945182,-30.212098583233903,29.478753939832412,34.87,1.0,headache,S024
58.78,0.32,-51.806884994112394,-30.088369587141973,29.176538444739734,34.87,1.0,headache,S024
-57.07,0.32,-51.38078044698357,-29.98925751915929,29.483731133325783,34.87,1.0,headache,S024
-18.58,0.33,-52.3830188484245,-29.98677209467084,28.28113180763022,34.87,1.0,headache,S024
73.91,0.32,-52.59137190329658,-30.030238854621036,27.516573310519657,34.84,1.0,headache,S024
-26.99,0.32,-52.47186869561806,-30.17524909476997,27.53438019374057,34.84,1.0,headache,S024
-47.35,0.33,-52.15735741875812,-30.1842552629425,28.37993724519467,34.84,1.0,headache,S024
65.41,0.32,-52.26563418090722,-30.231302857526828,28.394383442916055,34.84,1.0,headache,S024
-12.69,0.32,-52.32021415237452,-30.364445101798534,27.985354960193856,34.83,1.0,headache,S024
-45.82,0.32,-52.39105786527954,-30.273764908627054,27.903871598375158,34.83,1.0,headache,S024
62.73,0.32,-52.28117922340157,-30.128901806193056,27.82327765909692,34.83,1.0,headache,S024
-4.95,0.32,-52.26253561747553,-30.205688777034457,27.92102181745105,34.83,1.0,headache,S024
-50.63,0.32,-53.05104442131618,-30.204870611682207,27.389494702210307,34.81,1.0,headache,S024
50.25,0.32,-52.906801971501274,-30.29005102763117,26.911544108589602,34.81,1.0,headache,S024
-14.48,0.32,-52.968889798278276,-30.16447348636847,27.09663831328606,34.81,1.0,headache,S024
-34.08,0.32,-52.93076961450167,-30.413754591514177,26.966318652407246,34.81,1.0,headache,S024
58.77,0.32,-52.84185968384728,-30.14776097307186,27.329268610068144,34.83,1.0,headache,S024
-36.03,0.32,-52.75948765195599,-30.346730864576795,26.84587595548159,34.83,1.0,headache,S024
-21.7,0.32,-52.71406823821919,-29.95364819367053,27.459932007662555,34.83,1.0,headache,S024
42.14,0.32,-52.47617516869931,-30.054121782273544,27.83438808904224,34.83,1.0,headache,S024
-56.12,0.32,-52.38368686416305,-30.229460690499103,27.90808539708437,34.83,1.0,headache,S024
26.04,0.32,-52.89334584621898,-30.02618294151928,27.320262737273083,34.83,1.0,headache,S024
14.3,0.32,-52.68449661629326,-30.173611917533186,27.257976151057175,34.83,1.0,headache,S024
-56.35,0.32,-52.48302741948041,-29.93502442462732,28.489258998221192,34.83,1.0,headache,S024
59.06,0.32,-52.11143328347679,-29.673859276336458,28.699627378862772,34.84,1.0,headache,S024
-12.7,0.32,-52.2638849654928,-30.08287973545613,28.446305248625812,34.84,1.0,headache,S024
-33.24,0.32,-52.322295941484725,-29.949681940282773,28.425204462291994,34.84,1.0,headache,S024
71.67,0.32,-52.48668386996723,-30.037173280535974,28.149556124343142,34.84,1.0,headache,S024
-43.09,0.32,-52.95716987200494,-29.971394911031016,27.92677798255605,34.83,1.0,headache,S024
-9.45,0.32,-52.769974531450345,-29.907912147664682,27.931987993238774,34.83,1.0,headache,S024
59.07,0.32,-52.722494761172065,-29.960718833146014,27.96770946964648,34.83,1.0,headache,S024
-51.4,0.32,-52.64961188244067,-30.038777435226137,28.007438444120602,34.83,1.0,headache,S024
32.18,0.32,-52.82192121506532,-29.955690372235903,27.7315131575299,34.83,1.0,headache,S024
35.35,0.32,-52.71831705699584,-29.94950560385969,27.957609776171793,34.83,1.0,headache,S024
-65.97,0.32,-52.66674654892767,-29.81684202560936,27.941724360678275,34.83,1.0,headache,S024
33.33,0.32,-52.70119291865051,-30.054201709877812,27.86381488211547,34.83,1.0,headache,S024
26.0,0.32,-52.64566052200565,-30.01660747885829,27.559974105474478,34.83,1.0,headache,S024
-69.19,0.32,-52.69992697527722,-30.046211798002513,28.43081323547755,34.83,1.0,headache,S024
34.92,0.32,-51.89065577458117,-30.036432593252048,28.405008564821017,34.83,1.0,headache,S024
49.08,0.32,-52.01594783946995,-30.097431151956556,28.520992258759097,34.83,1.0,headache,S024
-75.73,0.32,-51.7560926256354,-30.01663723765216,28.90517409529365,34.83,1.0,headache,S024
-23.13,0.32,-52.13751842324891,-29.979614236077612,28.64693901931772,34.83,1.0,headache,S024
83.0,0.32,-52.324487150482874,-30.02244242203644,28.409997565926112,34.83,1.0,headache,S024
-17.42,0.31,-52.69445272895794,-29.97494904924453,28.352444173196076,34.83,1.0,headache,S024
-41.06,0.32,-52.83583254272489,-30.029389794641936,27.99258158943827,34.81,1.0,headache,S024
58.72,0.32,-52.87671144651139,-29.962033362203748,27.775278286900328,34.81,1.0,headache,S024
5.56,0.32,-52.81432848258193,-30.034363780975546,27.809554789739376,34.81,1.0,headache,S024
-58.01,0.32,-52.80881990990342,-29.88738230725042,27.637163717990447,34.81,1.0,headache,S024
43.95,0.32,-53.17055649421159,-29.20006095524304,27.53001129182243,34.83,1.0,headache,S024
21.61,0.32,-52.99205609854238,-28.91420225004418,27.76277629845341,34.83,1.0,headache,S024
-25.75,0.31,-53.01610626219253,-28.956130341762062,27.987374680441654,34.83,1.0,headache,S024
74.39,0.32,-53.2326947720661,-29.078827144805125,27.91578415234123,34.83,1.0,headache,S024
17.24,0.32,-52.99063348175503,-29.290061407907068,27.981613171961104,34.83,1.0,headache,S024
-42.17,0.31,-53.03953579542894,-29.208579943127997,27.95600705829733,34.83,1.0,headache,S024
-27.26,0.31,-53.07734184085489,-29.61213750799054,27.573608412901557,34.83,1.0,headache,S024
-27.51,0.32,-53.08583816834431,-29.426668787816467,27.717931268950856,34.83,1.0,headache,S024
-44.15,0.32,-53.090630494996674,-29.741059269710952,27.382598100032325,34.81,1.0,headache,S024
-12.5,0.31,-52.98310234380343,-29.347064449577587,27.448247365560245,34.81,1.0,headache,S024
18.44,0.31,-53.23141708439582,-29.65163865852508,27.233485747111256,34.81,1.0,headache,S024
-28.3,0.32,-53.53075714914307,-29.589202289998667,27.468609917889516,34.81,1.0,headache,S024
-3.35,0.32,-52.974317960045695,-29.95811267808316,27.105702920389582,34.79,1.0,headache,S024
13.53,0.31,-53.005083875006434,-29.99545568882057,27.422954665849208,34.79,1.0,headache,S024
-25.3,0.32,-53.00077156437292,-30.02032507021225,27.17749073581625,34.79,1.0,headache,S024
9.17,0.32,-52.99451420785848,-29.954605323163527,27.223441755346634,34.79,1.0,headache,S024
17.36,0.32,-52.75426854774235,-29.912000428294547,27.372504877948195,34.81,1.0,headache,S024
-54.09,0.32,-52.99791425941081,-29.952434342318476,27.714672144895385,34.81,1.0,headache,S024
3.33,0.32,-53.00736600288424,-29.920901661591323,27.621423794159515,34.81,1.0,headache,S024
53.11,0.32,-52.87013567191802,-29.89038157484347,27.76579069097303,34.81,1.0,headache,S024
-51.23,0.32,-53.008645664688295,-29.799209731399777,27.65520491885415,34.81,1.0,headache,S024
-9.88,0.31,-52.941344321006746,-30.100375019378326,27.160645146241915,34.81,1.0,headache,S024
69.3,0.32,-52.79156320071005,-29.50019552497194,27.347201117138937,34.81,1.0,headache,S024
-29.69,0.32,-53.31390151808984,-29.91804972977377,26.944005459739294,34.81,1.0,headache,S024
-17.49,0.31,-53.42032406487561,-29.79520916323863,25.93661845218463,34.81,1.0,headache,S024
59.56,0.32,-53.62143852695805,-30.094681848619498,25.421790214338653,34.81,1.0,headache,S024
-30.4,0.32,-54.05598904559336,-30.17177144355638,25.552604582447636,34.81,1.0,headache,S024
-26.15,0.31,-53.884231938302584,-29.95876809478866,26.01620656778495,34.81,1.0,headache,S024
64.66,0.32,-53.653680692924524,-30.03445103456154,25.972431732620556,34.81,1.0,headache,S024
-18.38,0.32,-53.54226512447963,-29.964523382956767,26.035181907384047,34.81,1.0,headache,S024
-42.57,0.32,-53.398685556988504,-30.042812019184517,25.954977674214476,34.81,1.0,headache,S024
68.62,0.32,-53.75107600034163,-29.935553540617512,26.06757381112478,34.81,1.0,headache,S024
2.23,0.31,-53.34737660863138,-30.21210010321979,26.07032056322193,34.79,1.0,headache,S024
-58.4,0.32,-53.76598601839357,-30.098314074770006,26.04164568708539,34.79,1.0,headache,S024
51.33,0.32,-53.557880255183804,-29.970148901413072,25.873916463909385,34.79,1.0,headache,S024
22.68,0.31,-53.68767348805757,-30.043660929747098,26.26098679290171,34.79,1.0,headache,S024
-60.1,0.31,-53.236908762736576,-30.288311876234424,25.83734062915267,34.81,1.0,headache,S024
28.52,0.32,-52.353316793975566,-29.669074105875126,28.83671496739091,34.81,1.0,headache,S024
36.24,0.31,-52.00297655710277,-29.573513495109932,28.952016440769246,34.81,1.0,headache,S024
-55.1,0.31,-53.0481390559347,-29.935778767925537,27.563372533903518,34.81,1.0,headache,S024
16.91,0.31,-52.542266993862526,-29.683228932667763,27.68526300067619,34.77,1.0,headache,S024
41.61,0.32,-52.15892136920046,-29.288411444051228,29.434743830110644,34.77,1.0,headache,S024
-49.57,0.31,-52.35503494679138,-29.422473545380445,28.08897154114397,34.77,1.0,headache,S024
13.52,0.31,-52.511450245370604,-29.263870118106286,28.56274782713408,34.77,1.0,headache,S024
28.08,0.31,-52.703620937508504,-29.085797733783977,29.096173250264332,34.81,1.0,headache,S024
-53.42,0.31,-52.68076217256026,-29.199973056973032,28.370526129381435,34.81,1.0,headache,S024
19.32,0.31,-53.12374881750893,-28.427789623282088,28.62770201824379,34.81,1.0,headache,S024
24.92,0.31,-53.012923623442134,-28.179504397609175,28.56086453194868,34.81,1.0,headache,S024
-61.87,0.31,-53.726499548269295,-28.736426513512576,27.809647602721654,34.81,1.0,headache,S024
34.77,0.31,-53.24524840242667,-29.208422482969738,27.25708246707729,34.81,1.0,headache,S024
10.72,0.31,-53.56034142276041,-29.467073041903166,26.532599223760148,34.81,1.0,headache,S024
-47.66,0.31,-54.113806540659105,-29.63885829538141,25.643376518931838,34.81,1.0,headache,S024
48.56,0.31,-53.718783475103876,-29.45650185389272,26.261850316445116,34.81,1.0,headache,S024
-16.25,0.31,-54.114466458889254,-29.427213991131136,25.63360226366502,34.81,1.0,headache,S024
-23.08,0.31,-53.81164810763046,-29.380439252943365,25.82800900160402,34.81,1.0,headache,S024
51.02,0.31,-53.87252063540039,-28.953846404275097,26.5890428851435,34.81,1.0,headache,S024
-46.19,0.31,-53.85743859439305,-29.371046328200997,26.91633712660258,34.81,1.0,headache,S024
-1.45,0.31,-53.165623365372106,-29.875776773904327,26.906006590474988,34.81,1.0,headache,S024
56.79,0.31,-50.87904324915318,-28.424802686558017,32.122640114564675,34.81,1.0,headache,S024
-55.55,0.31,-49.87101378307602,-28.267663013114014,34.580971989617034,34.81,1.0,headache,S024
2.72,0.31,-48.67818613255197,-28.612612787272898,35.41457293114277,34.79,1.0,headache,S024
59.91,0.31,-48.720132543765644,-29.012457681879393,34.83541089049711,34.79,1.0,headache,S024
-38.78,0.31,-48.81759146931486,-28.976619091111075,34.51596369884184,34.79,1.0,headache,S024
35.91,0.31,-48.79259070930999,-28.233099803822586,35.24581088182347,34.79,1.0,headache,S024
37.31,0.31,-49.211011624259406,-28.004566930780637,34.84987683298699,34.79,1.0,headache,S024
-87.64,0.31,-49.13162752500929,-27.986774844872766,34.97090274030489,34.79,1.0,headache,S024
3.44,0.31,-49.25440508990939,-28.01249319067047,34.571805274680386,34.79,1.0,headache,S024
43.27,0.31,-49.317688509125176,-27.990273215191138,34.80288577613826,34.79,1.0,headache,S024
-59.53,0.31,-49.35685014257242,-28.00574530338708,34.5958437816247,34.79,1.0,headache,S024
9.08,0.31,-49.468757869945534,-28.000351535746088,34.70500404995215,34.79,1.0,headache,S024
45.89,0.31,-49.55641528571849,-27.9870161418903,34.359790901293266,34.79,1.0,headache,S024
-48.89,0.31,-49.86800040180329,-28.079034646255774,34.142201144245035,34.79,1.0,headache,S024
38.91,0.31,-49.74949033740911,-28.077598428113127,34.50280362838996,34.79,1.0,headache,S024
14.53,0.31,-49.279517917413436,-27.96630870789535,34.180537972035665,34.79,1.0,headache,S024
-46.88,0.31,-49.65762267793598,-28.02176807317389,34.03347401542422,34.79,1.0,headache,S024
44.57,0.31,-49.702945071527395,-27.986297372484383,34.54409906575282,34.79,1.0,headache,S024
-13.51,0.31,-49.79987828373154,-28.003333732345254,34.255743504649985,34.75,1.0,headache,S024
-32.59,0.31,-49.49165732874195,-28.029098373435808,34.296120747448974,34.75,1.0,headache,S024
55.47,0.31,-49.52392639861309,-28.124537389120228,34.22817055427387,34.75,1.0,headache,S024
-35.46,0.3,-49.67871346145346,-27.95437655400623,34.41820861437417,34.75,1.0,headache,S024
-26.19,0.31,-49.78475259072712,-28.033853023138214,34.40479664611309,34.77,1.0,headache,S024
58.58,0.31,-49.41460231306302,-27.97110814942961,34.39656253331635,34.77,1.0,headache,S024
-30.68,0.3,-49.64966174128213,-28.026108469921635,34.1233681457358,34.77,1.0,headache,S024
-23.76,0.31,-49.94336695733299,-27.975662826181267,34.072733291188925,34.77,1.0,headache,S024
54.54,0.31,-49.548170589561416,-28.023148401999308,34.321961728234086,34.75,1.0,headache,S024
-22.99,0.3,-49.42189202599624,-27.977647009153507,34.1608561964229,34.75,1.0,headache,S024
-30.56,0.3,-49.728625761779846,-28.021865065795307,33.883543262146965,34.75,1.0,headache,S024
51.25,0.31,-49.58654934489566,-27.97834308087136,34.19202667777627,34.75,1.0,headache,S024
-21.59,0.31,-49.73423266226115,-28.02174790321115,34.22784795044122,34.77,1.0,headache,S024
-36.09,0.3,-49.724330560655716,-27.977784110126176,34.03277124967006,34.77,1.0,headache,S024
53.86,0.3,-49.89344928714776,-28.02324302809632,33.964221749108646,34.77,1.0,headache,S024
-0.76,0.3,-49.43297287653832,-27.97474648290068,34.31472437851414,34.77,1.0,headache,S024
-57.43,0.3,-49.73989992621641,-28.029401837524315,34.27837119979853,34.77,1.0,headache,S024
34.56,0.3,-50.02354564524083,-27.95986560526427,34.071547184951044,34.77,1.0,headache,S024
38.56,0.3,-49.648049584681814,-28.10449319106437,34.16577463509627,34.77,1.0,headache,S024
-54.59,0.3,-49.730458094103824,-28.054137161585896,34.16640298011959,34.77,1.0,headache,S024
-3.7,0.3,-49.817103223017135,-27.987240275052585,34.0112036795331,34.77,1.0,headache,S024
45.42,0.3,-49.53947734354096,-28.003821171373627,34.13467415891976,34.77,1.0,headache,S024
-34.42,0.3,-49.81767834899614,-27.999830959910526,34.09351853174472,34.77,1.0,headache,S024
-18.64,0.3,-49.67743163244182,-27.99836604066611,34.05976448295577,34.77,1.0,headache,S024
50.86,0.3,-49.67228164035176,-28.002552757831737,34.282896101701226,34.75,1.0,headache,S024
-21.82,0.3,-49.410096482891824,-27.99704400054543,34.84105326730096,34.75,1.0,headache,S024
-42.04,0.3,-49.89254759895958,-28.003006399575916,34.087487446437486,34.75,1.0,headache,S024
44.5,0.3,-49.643175642150354,-27.99722316564916,34.02067144968228,34.75,1.0,headache,S024
7.42,0.3,-49.79869714917354,-28.002291832852283,34.075048692182584,34.73,1.0,headache,S024
-50.62,0.3,-49.755527228904754,-27.998457261533925,34.06533312958068,34.73,1.0,headache,S024
32.05,0.3,-49.55571057832418,-28.000490786385836,33.965192881843734,34.73,1.0,headache,S024
16.44,0.3,-49.61637023861438,-28.00093757788795,34.173306629277384,34.73,1.0,headache,S024
-46.17,0.3,-49.621734331430346,-27.99713869511706,33.960852084445044,34.75,1.0,headache,S024
30.8,0.3,-49.784880732110786,-28.005450905751836,34.2303441221636,34.75,1.0,headache,S024
23.3,0.3,-49.60854757961237,-27.991163343541093,34.451459657741516,34.75,1.0,headache,S024
-57.42,0.3,-49.340264925547956,-28.011896533732635,34.60973221257401,34.75,1.0,headache,S024
16.94,0.3,-49.47621254250495,-28.02028871590681,34.09017026357159,34.73,1.0,headache,S024
41.27,0.3,-49.42490441107774,-28.323578195256935,34.44485254708082,34.73,1.0,headache,S024
-43.94,0.3,-49.52559744262414,-28.16868233101406,34.3643388365386,34.73,1.0,headache,S024
-3.79,0.3,-49.65728662596028,-28.074058551752465,34.292476130586735,34.73,1.0,headache,S024
43.82,0.3,-49.56848588484527,-28.312951914961676,34.47591184307106,34.73,1.0,headache,S024
-40.92,0.3,-49.606808397941826,-27.943366478107755,34.21828730819557,34.73,1.0,headache,S024
-2.91,0.29,-49.75542211229755,-28.04680331087956,34.06631723729582,34.73,1.0,headache,S024
50.97,0.29,-49.5761124199323,-27.960015769076417,34.314737470364655,34.73,1.0,headache,S024
-38.35,0.3,-49.54475989867736,-28.035547524448752,34.43706461625044,34.75,1.0,headache,S024
-27.88,0.29,-49.588842452973324,-27.967482294158415,34.25290119387501,34.75,1.0,headache,S024
65.67,0.29,-49.69859586908413,-28.03053538232403,33.99786112711821,34.75,1.0,headache,S024
-9.39,0.29,-49.43956931994938,-27.96988909232677,34.002579317003665,34.75,1.0,headache,S024
-50.52,0.29,-49.600088270150685,-28.038055003003702,34.04867758205541,34.75,1.0,headache,S024
49.43,0.29,-49.5527999316177,-28.14093894382865,34.19591714971365,34.75,1.0,headache,S024
4.96,0.29,-49.60175464999237,-28.109708398446998,33.99615369075059,34.75,1.0,headache,S024
-48.7,0.3,-49.609797442122186,-27.95733310926719,34.316679529521245,34.75,1.0,headache,S024
47.28,0.29,-49.57897535895738,-28.066154389381563,34.32845322075547,34.75,1.0,headache,S024
15.79,0.29,-49.63371337925612,-27.944567568313403,33.94202831924056,34.75,1.0,headache,S024
-57.69,0.29,-49.668347196330785,-28.006538130298516,34.26980590520846,34.75,1.0,headache,S024
22.82,0.29,-49.68667510538096,-28.061820436565952,34.25845575603693,34.75,1.0,headache,S024
45.01,0.29,-49.7271841576545,-28.094157779043798,33.71913532869054,34.75,1.0,headache,S024
-51.98,0.29,-49.82551737805591,-27.950799665100067,34.057188749828434,34.75,1.0,headache,S024
-8.36,0.29,-49.53983999803023,-28.030379141601525,34.22415939436806,34.75,1.0,headache,S024
50.68,0.29,-49.58108570448246,-28.055962727437674,34.61286308869097,34.75,1.0,headache,S024
-45.6,0.29,-49.42324331314977,-28.096822984461795,34.35113490213841,34.73,1.0,headache,S024
-3.99,0.29,-49.39694859958447,-27.9272192651743,34.866246700509315,34.73,1.0,headache,S024
55.0,0.29,-49.710529886753065,-28.0703345795359,34.06029366963844,34.73,1.0,headache,S024
-45.43,0.29,-49.40003442729437,-27.923273324045642,34.483068667422174,34.73,1.0,headache,S024
-13.69,0.29,-49.87870122283692,-28.109102400978898,34.29698823251565,34.75,1.0,headache,S024
56.43,0.29,-49.46199632391132,-28.04178357907091,34.31525839357207,34.75,1.0,headache,S024
-36.72,0.29,-49.92211681849386,-28.047085303030677,34.329207794177954,34.75,1.0,headache,S024
-20.38,0.29,-49.59844196166584,-27.856143952646374,34.1398935738385,34.75,1.0,headache,S024
50.38,0.29,-49.65111618721975,-27.99821797681668,34.30937271602896,34.73,1.0,headache,S024
-46.77,0.29,-49.52577832676233,-27.969600918530183,34.18300378374231,34.73,1.0,headache,S024
-16.2,0.29,-49.89332643146356,-28.044474052672506,34.3241620972417,34.73,1.0,headache,S024
63.78,0.29,-49.531723013946696,-27.942022982409636,34.330842371535184,34.73,1.0,headache,S024
-45.15,0.29,-49.32618312427641,-28.07906789360187,34.193164499799074,34.73,1.0,headache,S024
-19.36,0.29,-49.39982030458464,-27.82178995455864,34.486692227590886,34.73,1.0,headache,S024
72.05,0.29,-49.3891340896313,-28.054626859067618,34.31142042472465,34.73,1.0,headache,S024
-39.04,0.3,-49.37870845575235,-27.811775612481387,35.128605777362495,34.73,1.0,headache,S024
-18.27,0.29,-48.92988557410036,-27.606336868073978,35.37721686369252,34.75,1.0,headache,S024
65.42,0.29,-49.04590996109388,-27.868792600206877,35.20569347319737,34.75,1.0,headache,S024
-36.32,0.29,-49.159512076247985,-27.927086501320908,34.65000441523095,34.75,1.0,headache,S024
-18.33,0.29,-49.49858777367636,-28.029150621834365,34.65164057756844,34.75,1.0,headache,S024
50.7,0.28,-49.66739844814355,-27.902393124627995,34.4008243240568,34.73,1.0,headache,S024
-46.08,0.29,-49.5722099132014,-27.749497949178046,34.844046241386096,34.73,1.0,headache,S024
6.93,0.29,-49.5383449502086,-27.87711298080531,34.561379982947244,34.73,1.0,headache,S024
28.06,0.28,-49.188876094449185,-28.07826022417929,34.74391061912878,34.73,1.0,headache,S024
-64.03,0.29,-49.25610653600482,-27.965319299902074,35.11313884719704,34.71,1.0,headache,S024
28.26,0.29,-48.89287082189451,-28.014586491395377,34.8645520532701,34.71,1.0,headache,S024
33.05,0.29,-49.13821790147532,-28.004974554369387,35.16530921567443,34.71,1.0,headache,S024
-67.16,0.28,-49.031853877674884,-27.948136789860865,35.181449062601686,34.71,1.0,headache,S024
38.29,0.29,-49.265019936108835,-27.596005384317696,35.318472001279645,34.71,1.0,headache,S024
7.54,0.29,-49.312273933286505,-27.390398053579347,35.23258569601547,34.71,1.0,headache,S024
-49.72,0.28,-49.113380462940306,-27.205442222850245,35.145812319871546,34.71,1.0,headache,S024
58.64,0.28,-49.32485393521273,-27.4129011940641,34.83319488209223,34.71,1.0,headache,S024
-13.96,0.29,-49.44607678246579,-27.26050985217737,35.18470106128165,34.68,1.0,headache,S024
-56.03,0.29,-49.266670295565504,-27.108994273188387,35.44789168948899,34.68,1.0,headache,S024
68.4,0.28,-49.26844898615088,-27.306500987223988,35.374695478633974,34.68,1.0,headache,S024
-1.58,0.29,-49.8666056367514,-27.540430348155574,34.00248120933039,34.68,1.0,headache,S024
-58.63,0.29,-49.92099474228805,-27.44006568489559,34.56512070194066,34.68,1.0,headache,S024
63.49,0.28,-47.79462969630163,-27.019348234419642,37.52307757011312,34.68,1.0,headache,S024
9.86,0.28,-47.9505703097434,-26.9722020966642,37.247491882760926,34.68,1.0,headache,S024
-65.82,0.29,-48.08163724142879,-27.132371576758885,36.77623892988063,34.68,1.0,headache,S024
68.2,0.29,-48.59938691412444,-27.008353832941165,36.528385863512874,34.71,1.0,headache,S024
17.83,0.28,-48.318741454778504,-27.00824487061117,36.857639738958184,34.71,1.0,headache,S024
-79.66,0.28,-48.54707758059182,-26.97797011173595,36.65833498447321,34.71,1.0,headache,S024
60.64,0.29,-48.64499153026878,-27.087447074517385,36.786646510332346,34.71,1.0,headache,S024
37.08,0.28,-48.66689427885365,-27.073686344589024,36.575312394012,34.71,1.0,headache,S024
-84.65,0.28,-48.877257396002705,-26.956413992851363,36.531409272549304,34.71,1.0,headache,S024
15.32,0.29,-48.651801900455105,-27.217036246225717,36.2295191892662,34.71,1.0,headache,S024
42.76,0.28,-48.47618589454984,-27.079765164771526,36.28734113508881,34.71,1.0,headache,S024
-55.0,0.28,-49.013491419845806,-26.934635703273205,36.45757590123943,34.73,1.0,headache,S024
13.01,0.28,-48.5810437347251,-26.562229978111937,36.999814704955895,34.73,1.0,headache,S024
48.32,0.28,-48.864293824660685,-26.00528775007777,36.8122901110738,34.73,1.0,headache,S024
-59.08,0.28,-47.955558018112825,-26.216920350390563,37.45887482264159,34.73,1.0,headache,S024
2.68,0.28,-54.3906153647762,-27.100724074359064,29.937293282777162,34.71,1.0,headache,S024
47.42,0.28,-49.36166293103181,-25.57543455002637,36.17394172659066,34.71,1.0,headache,S024
-49.1,0.28,-50.81034216775329,-25.580733593168056,34.8700499793983,34.71,1.0,headache,S024
-2.42,0.28,-50.0556927844962,-25.588688595515535,35.58129520714087,34.71,1.0,headache,S024
-10.54,0.28,-48.84401571717541,-25.004459629501316,37.1867269944585,34.71,1.0,headache,S024
-34.1,0.28,-49.6328936037377,-24.952223801477423,36.34966206733889,34.71,1.0,headache,S024
69.83,0.28,-49.07718334339995,-25.593455131437864,36.55004529026727,34.71,1.0,headache,S024
-10.09,0.28,-49.25316664226429,-25.58715772780272,36.56993207829738,34.71,1.0,headache,S024
-31.49,0.28,-49.33666229789585,-25.471320580373053,36.809226012949736,34.68,1.0,headache,S024
47.73,0.28,-49.544673835971906,-25.580597215871993,36.61449616579609,34.68,1.0,headache,S024
22.2,0.28,-49.19546534155166,-25.691360638492803,36.89682333046567,34.68,1.0,headache,S024
-68.32,0.28,-49.12131594230249,-25.484514034099018,37.11439891531055,34.68,1.0,headache,S024
19.1,0.28,-48.89023158302818,-25.545950075870426,37.28338279287689,34.73,1.0,headache,S024
61.4,0.28,-49.12653779268141,-25.562051614161405,37.35409364357067,34.73,1.0,headache,S024
-55.49,0.28,-49.14264596948749,-26.027542959027258,36.40907224351257,34.73,1.0,headache,S024
-19.28,0.28,-48.632831617480974,-25.68616152422161,37.57858883919586,34.73,1.0,headache,S024
66.55,0.28,-49.04358930341055,-25.939507517376555,36.64428364549853,34.73,1.0,headache,S024
-22.27,0.28,-49.0903026965282,-26.01167437174484,36.43759175034206,34.73,1.0,headache,S024
-45.92,0.28,-49.605996672400615,-25.9921514637078,36.35281680583695,34.73,1.0,headache,S024
53.76,0.28,-49.45217869098909,-25.841332252158285,36.18578266912334,34.73,1.0,headache,S024
3.31,0.28,-49.24312478473146,-26.09055850395355,36.41259584397293,34.73,1.0,headache,S024
-54.86,0.28,-49.557945662420146,-25.847454845699005,36.042848568989584,34.73,1.0,headache,S024
41.38,0.28,-49.42350101847393,-25.89650816750066,36.43570351878546,34.73,1.0,headache,S024
12.86,0.28,-49.34252719519558,-25.817819589935155,36.365945752962794,34.73,1.0,headache,S024
-51.68,0.28,-49.136075208360786,-25.752710881860647,36.21318937292768,34.71,1.0,headache,S024
37.49,0.28,-49.176128413960235,-26.028438457458144,36.38682266538547,34.71,1.0,headache,S024
16.5,0.28,-48.95496418162234,-25.886064523057918,36.78560585468321,34.71,1.0,headache,S024
-44.49,0.28,-48.900797951944206,-25.970685478215582,36.82846677525733,34.71,1.0,headache,S024
26.04,0.28,-49.118541221178724,-25.998191707793445,36.9376698281883,34.68,1.0,headache,S024
-1.23,0.28,-48.98656940587607,-26.001868373009017,36.685786735426646,34.68,1.0,headache,S024
-38.24,0.28,-48.742691504435136,-26.003216139661546,37.210931507845025,34.68,1.0,headache,S024
40.86,0.28,-48.74064903461337,-25.987576541207908,37.0926345129968,34.68,1.0,headache,S024
-23.58,0.28,-49.02109580681519,-26.033055589216627,37.38589210472134,34.68,1.0,headache,S024
-35.6,0.28,-48.85331259674004,-25.696656955723324,37.39245741315758,34.68,1.0,headache,S024
52.75,0.28,-48.68040768551478,-25.852713945198698,37.560063185195155,34.68,1.0,headache,S024
-36.83,0.28,-48.783080507875006,-25.868900264845813,36.9859493784668,34.68,1.0,headache,S024
-0.41,0.28,-49.1015006572489,-25.913592717492577,37.11146506700805,34.68,1.0,headache,S024
45.93,0.28,-48.878707474720805,-26.028677972522342,37.0715909809758,34.68,1.0,headache,S024
-50.54,0.28,-48.97111751443952,-25.99092227905202,37.13072990004801,34.68,1.0,headache,S024
26.62,0.27,-48.86866363444811,-25.898021643879378,37.04004221956291,34.68,1.0,headache,S024
30.14,0.28,-48.99200541786186,-25.971063760755502,37.21553070775524,34.68,1.0,headache,S024
-54.14,0.28,-48.972854840914685,-25.947047852069012,37.187764024289564,34.68,1.0,headache,S024
44.25,0.28,-48.69796412907934,-25.33883757543121,37.73646800253193,34.68,1.0,headache,S024
-2.27,0.27,-48.824826470447924,-25.644189818771792,36.949740254267795,34.68,1.0,headache,S024
-37.49,0.28,-48.776736921751755,-25.41273626259456,37.19879193274176,34.71,1.0,headache,S024
53.82,0.28,-48.95001272429133,-25.681170938658884,36.6575325072553,34.71,1.0,headache,S024
-23.01,0.28,-49.29405718182182,-25.520775000252623,37.08264002697127,34.71,1.0,headache,S024
-27.22,0.28,-49.37312589047737,-25.877697320398788,36.388723825122526,34.71,1.0,headache,S024
46.4,0.28,-49.186913932061124,-25.68427956361808,36.55263119022821,34.68,1.0,headache,S024
-45.75,0.28,-49.041881423266084,-25.41024502923723,37.10277519586311,34.68,1.0,headache,S024
11.97,0.27,-49.080470285145424,-25.37545621430352,36.59229461627633,34.68,1.0,headache,S024
37.52,0.28,-49.06102123346799,-25.62516848958899,36.64478308935802,34.68,1.0,headache,S024
-56.57,0.28,-48.969761627358764,-25.98452039752897,36.642282636681934,34.68,1.0,headache,S024
36.6,0.27,-49.02001374209914,-25.797695911386736,36.93559215686189,34.68,1.0,headache,S024
25.78,0.27,-48.98562083225509,-25.836192605101427,36.58213153145,34.68,1.0,headache,S024
-54.22,0.28,-49.01064512578746,-25.62915237512161,37.03063624239329,34.68,1.0,headache,S024
45.38,0.28,-48.992080589963976,-25.851831483434605,37.14763465663258,34.68,1.0,headache,S024
7.62,0.27,-49.005807219905854,-25.40017796832404,37.046287236836015,34.68,1.0,headache,S024
-52.28,0.27,-48.99589710681109,-25.479227506963735,36.92151718772428,34.68,1.0,headache,S024
43.58,0.28,-49.00268759141608,-25.768806422913975,36.913766083919114,34.68,1.0,headache,S024
-5.54,0.27,-48.99851227248309,-25.874910470995392,37.03279959436005,34.68,1.0,headache,S024
-38.53,0.27,-49.00045553079992,-25.785495618788012,36.973423381415074,34.68,1.0,headache,S024
51.25,0.27,-49.000441198491444,-25.69973286824989,37.02844685481958,34.68,1.0,headache,S024
-31.27,0.27,-48.99877450087396,-25.90715556170491,36.96118835102103,34.68,1.0,headache,S024
-15.33,0.27,-49.001917080469134,-25.599944050287952,37.12467850599916,34.68,1.0,headache,S024
46.17,0.27,-48.997458029073776,-25.570600623676384,37.026436079223295,34.68,1.0,headache,S024
-48.09,0.27,-49.00315820788121,-25.322400004535496,36.99869032458539,34.68,1.0,headache,S024
23.77,0.27,-48.99605343047304,-25.697492132067346,37.116324813077014,34.68,1.0,headache,S024
16.86,0.27,-49.00563611090379,-25.440085291829416,37.15992570502672,34.71,1.0,headache,S024
-49.91,0.27,-48.98717013001869,-25.472385015359595,36.94121125247924,34.71,1.0,headache,S024
48.53,0.27,-48.80001234273748,-25.040806317106416,37.23489618473983,34.71,1.0,headache,S024
-17.13,0.27,-49.29762701597388,-25.669237703591975,36.54952290510984,34.71,1.0,headache,S024
-26.29,0.27,-49.50156443044547,-25.87075567788424,36.18210077642252,34.68,1.0,headache,S024
44.38,0.27,-49.19635282054387,-25.548032294987834,36.797636396336635,34.68,1.0,headache,S024
-47.99,0.27,-49.091732186582355,-25.20915847612158,37.049170728034795,34.68,1.0,headache,S024
7.62,0.27,-49.01359360691978,-25.20904001088967,36.78314342164215,34.68,1.0,headache,S024
43.5,0.27,-49.22746957355944,-25.211110118951456,37.23686741648873,34.66,1.0,headache,S024
-61.18,0.27,-49.0225618602051,-25.550144739290477,36.926948651378865,34.66,1.0,headache,S024
34.66,0.27,-50.57908648114875,-26.290517151683517,33.75538378583335,34.66,1.0,headache,S024
21.94,0.27,-50.63156422764,-25.57571678360803,35.45025162792201,34.66,1.0,headache,S024
-50.55,0.27,-50.432749777416106,-25.955330277260217,34.80398055480284,34.66,1.0,headache,S024
51.44,0.27,-50.30994691216577,-25.9568588639689,34.62669124979424,34.66,1.0,headache,S024
15.04,0.27,-50.32848540526053,-26.21110123304671,34.9805453199559,34.66,1.0,headache,S024
-63.4,0.27,-49.83301050744816,-26.1917790429969,35.12328733653373,34.66,1.0,headache,S024
39.0,0.29,-49.880428330139054,-26.006647235286643,35.58350998370439,34.66,1.0,headache,S024
-9.6,0.27,-49.65859041711272,-25.993737293276336,35.75448636899337,34.66,1.0,headache,S024
-40.54,0.27,-49.27296823967174,-26.024016271320317,36.22515876978776,34.66,1.0,headache,S024
54.93,0.27,-49.42944035116601,-25.9197386981306,36.21071666335069,34.66,1.0,headache,S024
-17.98,0.27,-49.55700871735986,-25.78923906671488,36.15101759421401,34.68,1.0,headache,S024
-26.45,0.27,-49.59317443239137,-25.914859039000163,36.09742334598109,34.68,1.0,headache,S024
69.82,0.27,-49.765278269471274,-25.628906258077663,35.99507369554575,34.68,1.0,headache,S024
-16.42,0.27,-49.40262703648823,-25.697488964880588,36.27671195821676,34.68,1.0,headache,S024
6.85,0.27,-49.48971234282438,-25.434734301339663,36.739171280017906,34.66,1.0,headache,S024
46.1,0.27,-49.17193287122865,-25.832840620441996,36.690659104944004,34.66,1.0,headache,S024
-86.0,0.27,-49.392025628298256,-25.651766620670333,36.48244099174319,34.66,1.0,headache,S024
-17.13,0.27,-49.10377297202076,-25.75489556566151,36.334123290878395,34.66,1.0,headache,S024
19.82,0.27,-49.70286063486602,-25.96348738288263,36.40551148700313,34.68,1.0,headache,S024
-46.99,0.27,-49.36973187047127,-25.98333958264666,35.814546970180764,34.68,1.0,headache,S024
40.19,0.27,-51.23187119452342,-25.11879230344556,36.707638758351344,34.68,1.0,headache,S024
9.95,0.27,-50.96810349729672,-29.422853011545712,28.99077432623745,34.68,1.0,headache,S024
-42.8,0.27,-51.000937656809064,-32.597366069290345,26.328276981315906,34.66,1.0,headache,S024
46.27,0.27,-52.34475817847455,-31.845707448745383,27.415854064141662,34.66,1.0,headache,S024
-25.03,0.27,-50.329135152872155,-31.750767801927605,29.002507917236496,34.66,1.0,headache,S024
-30.05,0.27,-49.62442853500725,-31.70650925656787,31.288702176604314,34.66,1.0,headache,S024
28.44,0.27,-48.94463794259685,-30.720680036828107,32.89610211275862,34.65,1.0,headache,S024
-48.64,0.27,-50.08299629809289,-33.03031193738382,29.009692269901898,34.65,1.0,headache,S024
27.72,0.27,-50.46214399080965,-35.000188029767,24.5588559553002,34.65,1.0,headache,S024
18.93,0.27,-50.717810580420604,-35.16513114400624,24.88115314908207,34.65,1.0,headache,S024
-51.59,0.26,-50.57464341535858,-36.23811352638464,21.997655976889884,34.61,1.0,headache,S024
75.25,0.27,-50.96076612741425,-35.83097583932154,23.25253707856362,34.61,1.0,headache,S024
2.12,0.27,-51.5006369741177,-36.67896054977906,19.981476102830698,34.61,1.0,headache,S024
-16.04,0.27,-52.37656015796287,-37.51129173355589,15.922640009170427,34.61,1.0,headache,S024
66.48,0.26,-52.41930044838873,-37.15946939886775,17.135724166618814,34.61,1.0,headache,S024
-54.39,0.27,-52.223174623857766,-36.77293390592373,17.622744564977502,34.61,1.0,headache,S024
12.85,0.27,-51.8649080913577,-36.37300594401604,19.389254138387045,34.61,1.0,headache,S024
21.35,0.26,-51.91606671487962,-36.34938186606089,19.372480486805163,34.61,1.0,headache,S024
-43.22,0.27,-51.84140721861214,-35.92572528098913,19.975677435262018,34.59,1.0,headache,S024
62.96,0.27,-51.775456514056465,-36.1202767212606,19.996569128838825,34.59,1.0,headache,S024
1.72,0.26,-51.7369897387592,-36.30824457791723,19.994342133038373,34.59,1.0,headache,S024
-49.06,0.26,-51.70373407441618,-35.958102936687084,20.070128597715136,34.59,1.0,headache,S024
50.29,0.27,-51.60524090027353,-36.11608016195375,20.857644233753064,34.57,1.0,headache,S024
-26.45,0.27,-51.35505508619653,-36.046121987577706,21.07442923296876,34.57,1.0,headache,S024
-23.15,0.26,-51.265127157281746,-36.11306919125497,21.272634848622086,34.57,1.0,headache,S024
55.24,0.27,-51.0874991702131,-35.993675994674064,22.001460590773178,34.57,1.0,headache,S024
-35.86,0.27,-50.96664465918962,-36.00379619482197,22.56604288717268,34.59,1.0,headache,S024
-13.35,0.26,-50.921051699704485,-35.99546406938375,22.2525123608068,34.59,1.0,headache,S024
42.96,0.26,-50.941427183612795,-36.12517869693479,22.83106101700982,34.59,1.0,headache,S024
-42.05,0.27,-51.04176335276798,-36.00394821446989,22.914715047808023,34.59,1.0,headache,S024
5.4,0.27,-50.97167615564223,-35.99751880848891,23.029520608810305,34.57,1.0,headache,S024
35.64,0.26,-50.97866862819193,-36.00153528252736,22.971725239055083,34.57,1.0,headache,S024
-46.55,0.26,-50.861353121149484,-36.00255915127613,23.026479585967568,34.57,1.0,headache,S024
4.99,0.27,-51.084156848210235,-35.96116143009853,23.14088197509109,34.57,1.0,headache,S024
31.97,0.27,-50.921317109947914,-35.76667792884418,23.697449061451742,34.61,1.0,headache,S024
-49.5,0.26,-51.08619584707328,-36.05220647416345,23.095696298783242,34.61,1.0,headache,S024
5.15,0.26,-50.87290919841958,-35.520921803579334,23.489062422166437,34.61,1.0,headache,S024
26.73,0.26,-51.03027818304323,-35.54244675095305,23.185169391953234,34.61,1.0,headache,S024
-45.15,0.26,-50.596518203313444,-34.99049434621506,23.85852055253631,34.57,1.0,headache,S024
18.77,0.26,-49.023339041950145,-34.25800552803057,29.17515857621718,34.57,1.0,headache,S024
21.22,0.27,-48.996653437937525,-34.01863143255947,29.114417875880445,34.57,1.0,headache,S024
-50.46,0.26,-49.58582149590484,-33.352632288560436,29.50389120255224,34.57,1.0,headache,S024
26.12,0.26,-49.46083713666856,-33.581122097283945,28.723101635372505,34.59,1.0,headache,S024
25.06,0.26,-49.82407851214983,-33.00110969305122,29.171741719460293,34.59,1.0,headache,S024
-28.56,0.26,-49.56557076324192,-33.17627356787487,28.789410209426013,34.59,1.0,headache,S024
36.58,0.26,-49.513987201603115,-33.075519308048804,28.90445434312226,34.59,1.0,headache,S024
-18.82,0.26,-49.57641782473432,-33.45725522215868,28.893092409375818,34.57,1.0,headache,S024
-33.49,0.26,-49.934843439230725,-33.40050762312616,28.48303024885752,34.57,1.0,headache,S024
41.93,0.26,-49.73927800319729,-33.25827525708664,28.771079912812496,34.57,1.0,headache,S024
-23.34,0.26,-49.99533067852487,-33.24279006797538,28.39625779508347,34.57,1.0,headache,S024
-21.21,0.26,-49.9055585282383,-33.38841789557652,28.1709254069411,34.59,1.0,headache,S024
44.55,0.26,-49.978481964278565,-33.68413029217261,27.768457792559676,34.59,1.0,headache,S024
-36.43,0.26,-51.05620264648501,-33.87325973621668,26.104378825699655,34.59,1.0,headache,S024
-11.51,0.26,-50.845346571369674,-34.007813778948524,25.87454233292019,34.59,1.0,headache,S024
48.07,0.26,-51.373166990556356,-34.36896470999355,24.460781434291707,34.57,1.0,headache,S024
-30.93,0.26,-51.185498435155644,-34.60606666538938,24.599916807257557,34.57,1.0,headache,S024
-6.96,0.26,-51.007308177099155,-34.69135400060229,24.45412867095257,34.57,1.0,headache,S024
46.22,0.26,-51.16593362228557,-34.46044658533015,24.85478735050896,34.57,1.0,headache,S024
-42.01,0.26,-51.13830804597892,-34.72368555877145,24.67560105325734,34.57,1.0,headache,S024
-2.28,0.26,-50.923503141155535,-34.643303877166794,24.484756398721,34.57,1.0,headache,S024
36.31,0.26,-50.99901390814613,-34.432904646011096,24.696863123943047,34.57,1.0,headache,S024
-43.08,0.26,-50.98714699930228,-34.25920668083502,24.89019293838623,34.57,1.0,headache,S024
10.46,0.26,-51.05693005458649,-34.24029380588517,24.856447617921,34.59,1.0,headache,S024
34.97,0.26,-51.002400014357264,-34.02808413683119,25.290340541853972,34.59,1.0,headache,S024
-48.8,0.26,-51.13887834085275,-33.993723493771355,24.814237380601465,34.59,1.0,headache,S024
11.92,0.26,-50.95867726638864,-34.27753113052391,24.675816985153688,34.59,1.0,headache,S024
41.74,0.26,-51.14355861929485,-33.93376578220583,24.991520279838422,34.57,1.0,headache,S024
-46.11,0.26,-51.08127482445686,-34.14973098454109,24.90530914942316,34.57,1.0,headache,S024
2.49,0.26,-51.3762668912724,-34.41744765321994,24.5568648499232,34.57,1.0,headache,S024
32.83,0.26,-51.24916713747466,-34.3587005257803,25.098111624687615,34.57,1.0,headache,S024
-43.44,0.26,-51.21884272882268,-33.958831649572396,25.21798078438567,34.57,1.0,headache,S024
13.78,0.26,-51.14890543872602,-34.0780093353558,24.926989848557223,34.57,1.0,headache,S024
35.04,0.26,-51.226187874948586,-34.07522769033181,25.307334814642452,34.57,1.0,headache,S024
-52.83,0.26,-51.15765837177495,-34.004710701106525,24.967365140517664,34.57,1.0,headache,S024
8.32,0.26,-51.24754272718683,-33.97381799901484,25.051794843983288,34.57,1.0,headache,S024
52.76,0.26,-51.052337305383546,-34.067890336732816,25.08868062292997,34.57,1.0,headache,S024
-39.62,0.26,-51.01066685706195,-34.07542144130127,25.023695430735756,34.57,1.0,headache,S024
-5.08,0.26,-51.42018908510007,-34.1107530654259,24.884583213400212,34.57,1.0,headache,S024
40.26,0.26,-51.320572601209996,-34.00839349573808,24.997911604116666,34.57,1.0,headache,S024
-32.57,0.26,-51.21938303741982,-34.04583908132985,24.73589667219426,34.57,1.0,headache,S024
-1.99,0.26,-51.31714918978997,-34.09283393509359,24.521978949993112,34.57,1.0,headache,S024
36.62,0.26,-51.07640211110567,-34.036937436270364,24.82465596840533,34.57,1.0,headache,S024
-48.37,0.26,-51.72152746524373,-34.10181197071668,24.087063210210513,34.57,1.0,headache,S024
1.88,0.26,-51.895857754635955,-34.1406496403134,23.86486862750172,34.57,1.0,headache,S024
43.28,0.26,-51.51345508188856,-34.617074583988355,23.76001282221621,34.57,1.0,headache,S024
-41.68,0.28,-51.609388164091015,-34.15999161360548,24.19006014790161,34.57,1.0,headache,S024
11.58,0.26,-51.77364307296999,-34.359012591309636,23.87924250823286,34.57,1.0,headache,S024
34.42,0.26,-51.68875745424859,-34.51535261833723,24.09271676300524,34.57,1.0,headache,S024
-42.94,0.26,-51.407203080422924,-34.04523137398876,24.11109895889039,34.57,1.0,headache,S024
11.12,0.26,-51.59482534328933,-34.20815837079761,24.093680946873953,34.57,1.0,headache,S024
28.75,0.26,-51.32186884235587,-34.32858238348248,24.431661774011754,34.57,1.0,headache,S024
-42.83,0.26,-51.24531956635061,-34.033886513844855,24.80855876908392,34.57,1.0,headache,S024
16.64,0.25,-50.68479910957114,-33.70950697259812,26.668741273479807,34.57,1.0,headache,S024
24.35,0.26,-49.950579632860915,-32.85874048225559,29.011931611341986,34.57,1.0,headache,S024
-43.39,0.26,-49.35624994440261,-32.831180514296676,30.00301503709096,34.55,1.0,headache,S024
17.19,0.25,-49.59627102424688,-33.184816425286776,29.39685408530783,34.55,1.0,headache,S024
29.67,0.25,-49.407761717063444,-33.540831110864346,28.463745459189667,34.55,1.0,headache,S024
-36.3,0.26,-49.407387206658704,-33.16723938943581,29.52255521681134,34.55,1.0,headache,S024
19.54,0.26,-49.577890647872934,-32.9956273317052,29.532044766396332,34.55,1.0,headache,S024
13.99,0.25,-49.81798378249892,-32.969556260397724,29.540394212335546,34.55,1.0,headache,S024
-40.95,0.25,-49.39306481811605,-32.88790431009635,29.236500348803826,34.55,1.0,headache,S024
35.26,0.26,-49.67227823457593,-33.01482147681352,28.922758730788896,34.55,1.0,headache,S024
-2.79,0.25,-49.78351193269121,-33.00007957485598,29.083524693645128,34.55,1.0,headache,S024
-35.77,0.25,-49.868643216820495,-32.965993051373204,29.128304793377986,34.55,1.0,headache,S024
31.98,0.26,-49.92350413894785,-33.02385440071917,28.86653469082812,34.55,1.0,headache,S024
-29.83,0.26,-49.832033256646426,-33.01446392006715,28.775608429388143,34.55,1.0,headache,S024
-4.37,0.25,-49.84725542485112,-32.983092910163805,28.78537703246089,34.55,1.0,headache,S024
28.51,0.25,-49.77332357744644,-33.02687510715941,28.74854471684311,34.55,1.0,headache,S024
-43.11,0.26,-49.68230294679547,-32.908718887598944,28.914972829832553,34.55,1.0,headache,S024
21.66,0.25,-49.522127374646665,-32.37337656309122,29.94903572233451,34.55,1.0,headache,S024
11.5,0.26,-49.65527533369596,-32.45521987736237,29.58345158027014,34.55,1.0,headache,S024
-33.74,0.25,-49.35089202897943,-32.873724786516625,29.95928127211341,34.55,1.0,headache,S024
44.03,0.25,-49.29416366252952,-32.72112354805157,30.028938197736633,34.55,1.0,headache,S024
-20.24,0.25,-49.6167660894793,-32.47194298419553,29.70244146255763,34.55,1.0,headache,S024
-8.32,0.25,-49.50623729737326,-33.10825242646938,29.698705505074823,34.55,1.0,headache,S024
37.5,0.25,-49.87104725502433,-32.82735321385583,29.660984789059466,34.55,1.0,headache,S024
-35.47,0.25,-49.11152983521039,-32.84410637823063,30.08833673691807,34.55,1.0,headache,S024
23.73,0.25,-49.04568898926947,-32.887201478239916,29.977959790247397,34.55,1.0,headache,S024
11.85,0.25,-48.95721656411246,-33.03635932722146,30.05704321472241,34.55,1.0,headache,S024
-32.39,0.25,-49.21882094507678,-32.808733829707656,30.110103537537416,34.55,1.0,headache,S024
35.26,0.25,-49.08724671256329,-32.89052372815641,29.93970492533272,34.55,1.0,headache,S024
-19.22,0.25,-49.297490676073586,-33.042956612906806,30.056888255899743,34.55,1.0,headache,S024
-6.45,0.25,-49.14796462647433,-32.9693583545371,29.934062916744427,34.55,1.0,headache,S024
28.64,0.25,-49.56156850516317,-33.027329647232065,29.815861590049117,34.55,1.0,headache,S024
-40.51,0.25,-49.7049800297099,-32.97173719231931,29.239995078518785,34.55,1.0,headache,S024
26.24,0.25,-49.333440614013895,-33.03319986161125,29.560052422261677,34.55,1.0,headache,S024
3.56,0.25,-49.3481472452874,-32.95497574045138,29.723517791777134,34.53,1.0,headache,S024
-38.55,0.25,-49.65089619576143,-33.07775595883147,29.593455164543077,34.53,1.0,headache,S024
45.76,0.25,-49.368745676564494,-32.53122366489287,29.94266888592659,34.53,1.0,headache,S024
-16.36,0.25,-49.71591529691416,-32.0297199191942,30.233370519421104,34.53,1.0,headache,S024
-24.78,0.25,-49.87353269663785,-32.13691574067076,29.876533309573837,34.55,1.0,headache,S024
50.37,0.25,-49.71945186161334,-32.254969135132285,30.094935704422955,34.55,1.0,headache,S024
-24.82,0.25,-49.553577400732046,-32.1086726970784,29.917068272879817,34.55,1.0,headache,S024
-18.59,0.25,-49.63461199846997,-32.03699216862964,30.077807521856244,34.55,1.0,headache,S024
44.87,0.25,-49.5477493629346,-32.576737584627786,29.920138462280615,34.5,1.0,headache,S024
-29.4,0.25,-49.40963744113726,-32.350742298203194,30.300037498666498,34.5,1.0,headache,S024
-13.85,0.25,-49.45558069656389,-32.36165052489718,29.979418734403705,34.5,1.0,headache,S024
42.89,0.25,-49.62494765209408,-32.82509139191203,29.671246759543482,34.5,1.0,headache,S024
-33.4,0.25,-50.32663956680735,-32.97138187778414,28.45071858907302,34.55,1.0,headache,S024
-15.41,0.25,-50.21686152821369,-33.04630665936425,28.20848805538489,34.55,1.0,headache,S024
49.73,0.25,-50.4024928829576,-32.76801166058187,28.198940817809262,34.55,1.0,headache,S024
-26.49,0.25,-50.05040192676445,-32.35692411817003,29.103889349123328,34.55,1.0,headache,S024
-19.09,0.25,-50.10781326463767,-32.8521764950584,28.596807715200057,34.53,1.0,headache,S024
45.99,0.25,-49.88506107381093,-32.69341257045561,28.949355353519536,34.53,1.0,headache,S024
-16.34,0.25,-50.27342351127489,-32.67220013399688,28.715571046708355,34.53,1.0,headache,S024
-33.97,0.25,-49.92792261885449,-32.540319954211476,29.05400714134902,34.53,1.0,headache,S024
43.15,0.25,-49.8147138248396,-32.2244344923531,29.893944918891663,34.55,1.0,headache,S024
-11.81,0.25,-50.245456140810674,-32.544370014651584,28.85068006864421,34.55,1.0,headache,S024
-33.66,0.25,-49.913303885618205,-33.01440372923356,28.854553144257984,34.55,1.0,headache,S024
40.0,0.25,-49.547984551732625,-32.90126019692179,29.356528574070392,34.55,1.0,headache,S024
-8.74,0.25,-49.00843048548836,-31.849063126498905,31.395216551244246,34.53,1.0,headache,S024
-39.27,0.25,-50.07323091381125,-32.75532134476889,29.246686750952858,34.53,1.0,headache,S024
47.08,0.25,-48.55435523158404,-33.00689979585634,28.989062736852304,34.53,1.0,headache,S024
-6.42,0.25,-48.70130907586636,-33.12674551127874,30.70988734337754,34.53,1.0,headache,S024
-39.7,0.25,-48.964521663827945,-33.06763211639909,30.633053850466517,34.55,1.0,headache,S024
45.79,0.25,-49.00823414509447,-32.919089661538784,30.41642149365329,34.55,1.0,headache,S024
-14.77,0.25,-48.97270295516682,-32.91659461210708,30.745046656074724,34.55,1.0,headache,S024
-22.37,0.25,-49.09379655858541,-33.01632877801215,30.203162546818106,34.55,1.0,headache,S024
48.73,0.25,-49.14485250151691,-32.98576346235339,30.150564842536816,34.53,1.0,headache,S024
-23.31,0.25,-48.738421496240775,-33.01813378619615,30.608837409138907,34.53,1.0,headache,S024
-20.27,0.25,-47.90485858148984,-32.374177079319374,32.602686944458355,34.53,1.0,headache,S024
32.19,0.25,-48.26390843080332,-31.919004798173326,33.14509201454302,34.53,1.0,headache,S024
-39.6,0.25,-47.92077675147758,-32.051993133518486,32.84008361329549,34.53,1.0,headache,S024
6.09,0.25,-48.29139006484802,-31.958524952858742,32.837652007927375,34.53,1.0,headache,S024
35.46,0.25,-47.9729651190947,-32.03621775309915,32.89937705081093,34.53,1.0,headache,S024
-42.27,0.25,-48.04828132779383,-31.96685246052749,32.97319262409901,34.53,1.0,headache,S024
25.95,0.25,-48.59135481624073,-32.031195474559006,32.37322725677881,34.53,1.0,headache,S024
13.81,0.25,-48.66878721911936,-31.970101253934498,32.229020600931655,34.53,1.0,headache,S024
-41.85,0.25,-49.036235471067144,-32.02902713365066,32.01956408947206,34.53,1.0,headache,S024
35.2,0.25,-48.683416834816626,-31.971544996714645,31.913758162270287,34.53,1.0,headache,S024
-2.79,0.25,-48.66584319038838,-32.02810959049459,32.00286359996439,34.5,1.0,headache,S024
-25.9,0.25,-48.63826924551034,-31.972052468420067,32.035690894219094,34.5,1.0,headache,S024
42.0,0.25,-48.86551638445094,-32.02794330405573,32.063309018074314,34.5,1.0,headache,S024
-31.53,0.25,-48.708605934407416,-31.971916754347518,32.433074028755584,34.5,1.0,headache,S024
-6.13,0.25,-48.74200431387279,-32.02836245732458,32.46042594114647,34.55,1.0,headache,S024
48.29,0.25,-48.719197475429105,-31.97121662038647,32.36288507490952,34.55,1.0,headache,S024
-40.45,0.25,-48.77664820163366,-32.029355513978025,32.176123916562126,34.55,1.0,headache,S024
-4.29,0.25,-48.922943782872196,-31.969903864810234,32.20748700060874,34.55,1.0,headache,S024
38.92,0.25,-48.601427378458325,-32.03103212423365,32.149683134729884,34.53,1.0,headache,S024
-38.12,0.25,-48.73966648991091,-31.9677966154233,32.00461053163362,34.53,1.0,headache,S024
7.19,0.25,-48.90670874361295,-32.033668866666204,31.965450194752567,34.53,1.0,headache,S024
34.83,0.25,-48.99376745716692,-31.96448260793125,32.13234450448848,34.53,1.0,headache,S024
-44.22,0.25,-48.41257724793982,-32.03788825419817,32.01076766221088,34.53,1.0,headache,S024
-2.12,0.25,-48.71144718459545,-31.958985776413353,32.01809542162311,34.53,1.0,headache,S024
50.85,0.25,-48.91628599604817,-32.04532472333505,32.03388015898676,34.53,1.0,headache,S024
-40.05,0.25,-48.60238464600173,-31.948246049422007,32.29230763239622,34.53,1.0,headache,S024
-18.65,0.25,-48.86991564839148,-32.063093858371204,32.120997065520946,34.5,1.0,headache,S024
52.79,0.25,-48.603765912536666,-31.901611860099102,32.48303587626163,34.5,1.0,headache,S024
-4.26,0.25,-48.6245754890075,-31.905592060888782,32.51120428428321,34.5,1.0,headache,S024
-52.63,0.25,-48.303241310704756,-31.238219203746088,33.10111142002124,34.5,1.0,headache,S024
31.08,0.25,-47.754408820743514,-31.034628242153747,34.75794282527489,34.5,1.0,headache,S024
25.48,0.25,-47.83136011820816,-30.84342459839282,34.73757257211334,34.5,1.0,headache,S024
-45.46,0.25,-47.929242037138465,-30.608782543751502,34.51166664537041,34.5,1.0,headache,S024
7.32,0.25,-47.841864067258705,-30.74500942187703,34.668509377520344,34.5,1.0,headache,S024
48.04,0.25,-47.73576728547399,-30.66641658439716,35.05435268772486,34.5,1.0,headache,S024
-29.69,0.25,-47.8832128098476,-30.957045927707444,34.73564670994177,34.5,1.0,headache,S024
-25.1,0.25,-47.94426776234809,-30.744386096633047,34.6542757469352,34.5,1.0,headache,S024
49.0,0.25,-47.84676655876919,-30.652174286418713,34.65356391985476,34.5,1.0,headache,S024
-10.2,0.25,-47.854312820575124,-30.384607670053633,35.08858023280859,34.5,1.0,headache,S024
-45.5,0.25,-48.081453158927,-30.596120777834678,34.94241796531568,34.5,1.0,headache,S024
37.18,0.25,-48.01281177280062,-30.581242867846647,34.919636225583936,34.5,1.0,headache,S024
-1.26,0.25,-47.95106812424825,-30.289800733791264,34.968969131356246,34.5,1.0,headache,S024
-40.9,0.24,-47.99782373227602,-30.67294736120254,34.96052535863402,34.53,1.0,headache,S024
39.63,0.24,-47.820199495089724,-30.70937334182174,34.76118142620686,34.53,1.0,headache,S024
-1.44,0.24,-47.90835790828484,-30.80988614063063,34.97599335946259,34.53,1.0,headache,S024
-51.69,0.25,-48.044755606174064,-30.762433421194498,34.606588654287165,34.53,1.0,headache,S024
40.8,0.25,-47.972319018225,-30.373116262810278,34.80545046828156,34.5,1.0,headache,S024
10.12,0.24,-47.889874521316365,-30.028401955521176,35.30811103562667,34.5,1.0,headache,S024
-47.58,0.25,-48.02550586539177,-30.1114490205784,35.2510478019815,34.5,1.0,headache,S024
39.85,0.25,-47.74422469622667,-30.112678234778212,35.20987832913181,34.5,1.0,headache,S024
22.46,0.25,-48.031149894227134,-30.04034151834575,35.03704395581079,34.5,1.0,headache,S024
-49.38,0.24,-48.40642095370857,-30.06485272499849,34.432870899915706,34.5,1.0,headache,S024
19.7,0.25,-48.350840068284874,-30.42780896708607,34.04285871163545,34.5,1.0,headache,S024
19.76,0.25,-48.46795660842735,-30.760194099026698,33.56548858772445,34.5,1.0,headache,S024
-48.13,0.24,-48.325491176580194,-30.71439479471386,33.52722661932903,34.5,1.0,headache,S024
33.24,0.24,-48.01256685222677,-30.69129885147799,34.394008106807554,34.5,1.0,headache,S024
14.52,0.25,-48.23440447383547,-30.714177482784606,34.15943806097553,34.5,1.0,headache,S024
-47.98,0.25,-48.30170501340918,-30.778307625624045,34.47353450927075,34.5,1.0,headache,S024
41.72,0.24,-48.077356972941104,-30.50097576785058,34.55872489301235,34.5,1.0,headache,S024
20.16,0.24,-48.082653957871315,-31.020599773154537,34.48847617968979,34.5,1.0,headache,S024
-50.14,0.25,-48.06348785326572,-30.880337394730983,34.42943687408489,34.5,1.0,headache,S024
34.85,0.25,-48.11768302658675,-30.482626802624115,34.44455156860747,34.5,1.0,headache,S024
11.72,0.24,-47.99793704420411,-30.494845485415695,34.83218770747704,34.5,1.0,headache,S024
-45.13,0.25,-48.00754255247316,-30.080084441872994,34.54413195323887,34.5,1.0,headache,S024
38.14,0.24,-47.98973489936238,-30.324353728613897,34.85883250075053,34.5,1.0,headache,S024
11.51,0.24,-48.01269784404644,-30.172946645442856,34.55328490424041,34.5,1.0,headache,S024
-42.63,0.24,-47.982009446033764,-30.304100761336038,34.323569331946175,34.5,1.0,headache,S024
32.81,0.25,-48.04668386750056,-30.66608427993885,34.403562195903525,34.5,1.0,headache,S024
-1.54,0.25,-48.2403911277393,-30.39611060689379,34.404306549031986,34.5,1.0,headache,S024
-39.98,0.24,-47.94386937419422,-30.305237542684676,34.3538797011752,34.5,1.0,headache,S024
37.72,0.24,-48.14368541723347,-30.334598669543144,34.54847884740932,34.53,1.0,headache,S024
-15.88,0.24,-48.11025568047142,-30.120160410574943,34.897693037082156,34.53,1.0,headache,S024
-29.62,0.24,-48.16173197314893,-30.144106716535116,34.45694897163714,34.53,1.0,headache,S024
47.15,0.24,-48.14142040230581,-30.244816541839096,34.768068803470875,34.53,1.0,headache,S024
-27.54,0.25,-47.98591825456425,-30.190580015195028,34.58283433198168,34.5,1.0,headache,S024
-13.96,0.25,-48.13216575890259,-30.15026048089615,34.44122557178704,34.5,1.0,headache,S024
47.76,0.24,-48.604684211323104,-29.751586555720767,34.28459636491573,34.5,1.0,headache,S024
-37.41,0.24,-48.78690551723974,-30.26435821675658,33.52943659702807,34.5,1.0,headache,S024
-5.21,0.24,-48.633869653959295,-30.42926974481804,33.327366565750005,34.49,1.0,headache,S024
42.42,0.24,-48.63006578250765,-30.582483518071914,33.76237025534401,34.49,1.0,headache,S024
-45.26,0.24,-48.20814964496749,-30.32301789098652,34.43884957296095,34.49,1.0,headache,S024
-10.01,0.24,-48.18659892197239,-30.3750309560045,34.286998313056614,34.49,1.0,headache,S024
50.23,0.24,-48.181737288620354,-30.473119167254282,34.41856547554266,34.5,1.0,headache,S024
-33.39,0.24,-48.719953676608235,-30.43640305999916,33.678992936824116,34.5,1.0,headache,S024
-1.02,0.24,-48.45471653111261,-30.629715381862983,33.66310296549638,34.5,1.0,headache,S024
52.11,0.24,-48.19172415804734,-30.002383846820347,34.519103726924726,34.5,1.0,headache,S024
-35.29,0.24,-48.18322939186516,-30.190001210644716,34.55779556691809,34.49,1.0,headache,S024
2.88,0.24,-47.46030730513759,-29.85026971607792,35.86316820422491,34.49,1.0,headache,S024
40.15,0.24,-47.22677792656761,-30.371620202309558,35.178300737793826,34.49,1.0,headache,S024
-39.18,0.24,-47.76106409369309,-30.984293280428428,34.3505094511662,34.49,1.0,headache,S024
-2.79,0.24,-47.97569401013959,-30.89279323383996,33.88837909747294,34.47,1.0,headache,S024
29.72,0.24,-48.18713321782551,-31.00460188037521,33.469419024485184,34.47,1.0,headache,S024
-41.76,0.24,-48.47211489492268,-31.01122483846736,33.26384404949734,34.47,1.0,headache,S024
16.07,0.25,-48.477684711030946,-30.98020610451596,33.174069427446874,34.47,1.0,headache,S024
19.75,0.24,-48.72127145658437,-31.02679329121489,32.9831309192501,34.49,1.0,headache,S024
-45.43,0.24,-48.97212853890134,-30.96601960452034,32.983190297392085,34.49,1.0,headache,S024
33.61,0.24,-48.72902047024699,-31.265346372968157,32.955972125358585,34.49,1.0,headache,S024
11.02,0.24,-48.713639991384134,-30.98854682678301,33.0808265421196,34.49,1.0,headache,S024
-40.95,0.24,-48.92458254903907,-31.040193732256412,32.96560298144488,34.49,1.0,headache,S024
34.57,0.24,-48.79581488459118,-30.92686150552068,33.20620657253362,34.49,1.0,headache,S024
-9.17,0.24,-48.77346160458371,-30.940786548154396,32.75188219810256,34.49,1.0,headache,S024
-30.33,0.24,-49.07198860097041,-30.933252637492306,33.11365749446562,34.49,1.0,headache,S024
42.31,0.24,-48.33638522180457,-31.31956106716263,32.796822901764536,34.49,1.0,headache,S024
-24.2,0.24,-48.55818112991663,-30.864219131414693,33.53767856103062,34.49,1.0,headache,S024
-18.62,0.24,-47.636594149103516,-30.705565937309025,34.97774703183646,34.49,1.0,headache,S024
41.79,0.24,-47.810967356782875,-30.55207116802061,34.929229814784655,34.49,1.0,headache,S024
-32.55,0.24,-47.59351257989588,-30.6356616019273,35.24936337841143,34.47,1.0,headache,S024
-7.47,0.24,-47.86864931529417,-30.837953780627615,34.916478521524056,34.47,1.0,headache,S024
48.89,0.24,-47.77139223209208,-30.541149596907356,35.36997047910458,34.47,1.0,headache,S024
-36.85,0.24,-47.67733541254523,-30.695269216051773,34.769506011672156,34.47,1.0,headache,S024
5.73,0.24,-47.60220100458398,-30.406165312377027,35.33240591545788,34.49,1.0,headache,S024
29.13,0.24,-48.23341966163357,-30.77582858630399,34.02112908133856,34.49,1.0,headache,S024
-41.85,0.24,-46.78204004702257,-30.961904336634603,35.65454821229865,34.49,1.0,headache,S024
11.22,0.24,-47.04277719458806,-31.161123398365472,35.30307670154437,34.49,1.0,headache,S024
26.34,0.24,-46.66615339249467,-30.32185683411462,36.358081190196216,34.49,1.0,headache,S024
-54.17,0.24,-46.96229778918175,-29.961514686226742,36.66023771113051,34.49,1.0,headache,S024
64.19,0.24,-46.70440967536323,-30.01101433065315,36.564511750956854,34.49,1.0,headache,S024
64.37,0.24,-46.75421133545764,-30.001796699082945,36.97042639059615,34.49,1.0,headache,S024
-171.85,0.24,-47.010177465095786,-29.983721698946052,36.44700035621429,34.5,1.0,headache,S024
3.09,0.24,-47.003227239860294,-30.106883365194907,36.42300700874182,34.5,1.0,headache,S024
43.5,0.24,-46.81534438718463,-30.042517672932544,36.35453891412981,34.5,1.0,headache,S024
-29.28,0.24,-46.92519619101502,-29.98124616652004,36.44093687575241,34.5,1.0,headache,S024
54.06,0.24,-47.000112017979404,-30.01188375885143,36.273821949316435,34.47,1.0,headache,S024
-2.7,0.24,-47.02239672237195,-29.99156955503049,36.121975936317604,34.47,1.0,headache,S024
-26.27,0.24,-46.90239330963664,-30.006218272862046,36.122563943424844,34.47,1.0,headache,S024
51.18,0.24,-46.94751173304916,-29.995477869881743,36.12939997020885,34.47,1.0,headache,S024
-16.3,0.24,-46.95977898344677,-30.002952808597804,36.17403428710334,34.47,1.0,headache,S024
-22.97,0.24,-46.804234190732934,-29.99887389132623,36.836157456537116,34.47,1.0,headache,S024
49.77,0.24,-46.84464262304353,-29.998265492555742,36.67113761688071,34.47,1.0,headache,S024
-29.66,0.24,-47.04476302007567,-30.008827721911288,36.951973486083354,34.47,1.0,headache,S024
-4.1,0.25,-46.90707490839573,-29.88431635318903,36.88538168310385,34.43,1.0,headache,S024
39.81,0.25,-46.89777794619596,-29.975490249626613,36.94929995520265,34.43,1.0,headache,S024
-38.08,0.25,-46.89377480538909,-30.014110990239377,36.721771363597625,34.43,1.0,headache,S024
21.89,0.25,-46.68719700190297,-29.989112791406036,36.54034002683163,34.43,1.0,headache,S024
9.47,0.25,-46.96115337225799,-30.009211687675307,36.53141924056216,34.45,1.0,headache,S024
-32.56,0.24,-47.00240149229993,-29.992042722165706,36.435071747476414,34.45,1.0,headache,S024
32.33,0.24,-46.874339045746666,-30.00633909097522,36.456582142982654,34.45,1.0,headache,S024
-21.53,0.25,-46.90286252914715,-29.998353797591705,36.61909573213431,34.45,1.0,headache,S024
-14.35,0.25,-46.97170772312949,-29.900067832323643,36.4883757479458,34.45,1.0,headache,S024
40.54,0.24,-46.990884842780424,-29.93977630210655,36.9423770805539,34.45,1.0,headache,S024
-37.41,0.24,-46.874409913484655,-29.900294607841182,36.32518412763852,34.45,1.0,headache,S024
8.22,0.25,-46.98067801822069,-30.011686418880622,36.49733694944526,34.45,1.0,headache,S024
28.72,0.24,-46.870541609805386,-29.995907598740096,36.22502267809374,34.45,1.0,headache,S024
-38.76,0.24,-47.07151291261208,-30.002270255829934,36.088225358393814,34.45,1.0,headache,S024
17.44,0.25,-46.93971022500087,-29.997405682257973,36.53493029624931,34.45,1.0,headache,S024
13.52,0.25,-47.05803416228579,-30.005041205324964,36.17371334964952,34.45,1.0,headache,S024
-35.99,0.24,-46.935883700927185,-29.98771027349284,36.21502088980965,34.41,1.0,headache,S024
32.66,0.24,-47.11220913358404,-30.04604146625341,36.05381692074572,34.41,1.0,headache,S024
-8.53,0.24,-47.05037048933545,-30.111618246676816,35.99880869290609,34.41,1.0,headache,S024
-30.0,0.24,-47.00051750356971,-29.959813566019445,36.09832737169354,34.41,1.0,headache,S024
38.61,0.24,-47.196806329666664,-30.03061410828145,36.02870092112456,34.45,1.0,headache,S024
-12.92,0.24,-47.07555386848137,-29.971863004706233,36.103273378471805,34.45,1.0,headache,S024
-33.16,0.24,-46.95048480982992,-30.02840485090972,35.87395205452437,34.45,1.0,headache,S024
45.81,0.24,-47.05384314162805,-29.969314505903906,36.378448201037074,34.45,1.0,headache,S024
-15.7,0.24,-46.880379688721504,-30.035459036770202,36.209688591207964,34.43,1.0,headache,S024
-24.48,0.24,-46.95835521551467,-29.955120120770292,36.649472105593446,34.43,1.0,headache,S024
43.45,0.24,-47.011214419987475,-30.06754222688831,36.309397151711146,34.43,1.0,headache,S024
-15.8,0.24,-46.9001986349833,-29.809138737367203,36.61393677077751,34.43,1.0,headache,S024
-20.4,0.24,-47.543349488125386,-29.877943714848847,35.88786788734151,34.43,1.0,headache,S024
34.82,0.24,-47.30258179799958,-30.022817273521163,35.79669151183899,34.43,1.0,headache,S024
-18.99,0.24,-47.51244525346472,-30.021925497349987,35.851286658292466,34.43,1.0,headache,S024
-17.65,0.24,-47.14144019544824,-29.976852809908518,36.327593342131856,34.43,1.0,headache,S024
32.88,0.24,-47.02842610211465,-29.839811748692266,36.65956620831027,34.39,1.0,headache,S024
-30.98,0.24,-47.332992898190284,-30.065107466034725,35.690832019010315,34.39,1.0,headache,S024
-6.57,0.24,-46.99612362101041,-29.899803695634766,36.45469355805955,34.39,1.0,headache,S024
38.51,0.24,-47.26331702280097,-29.935068520637916,36.025186848959,34.39,1.0,headache,S024
-34.97,0.24,-48.1539956350446,-30.299251694431337,34.149137543330816,34.45,1.0,headache,S024
-5.31,0.24,-48.23359602654456,-30.090290009417515,34.38919667680706,34.45,1.0,headache,S024
35.35,0.24,-47.85247073569167,-30.001630819257365,35.420685877726555,34.45,1.0,headache,S024
-32.21,0.24,-47.837525751504096,-29.943602866236446,35.35300169194366,34.45,1.0,headache,S024
3.8,0.24,-47.494788590653584,-29.889820006694695,35.56350467543855,34.43,1.0,headache,S024
29.96,0.24,-47.385367689959935,-30.10561077783139,35.85964501228019,34.43,1.0,headache,S024
-34.61,0.24,-47.374677911906886,-30.066110739109043,35.96745215833582,34.43,1.0,headache,S024
8.07,0.24,-47.215064330269456,-29.981606584536813,35.871274239723625,34.43,1.0,headache,S024
23.58,0.24,-47.05017253969114,-30.012583950949058,36.313926984785695,34.43,1.0,headache,S024
-37.6,0.24,-47.005195775786845,-29.98727019410284,35.91248864312616,34.43,1.0,headache,S024
22.28,0.24,-46.99355074024698,-30.01590481060012,36.33074541064703,34.43,1.0,headache,S024
11.43,0.24,-46.9975472903688,-29.97685963237026,36.21962637932149,34.43,1.0,headache,S024
-33.04,0.24,-47.05410200860467,-30.042043015862895,36.249447862929046,34.43,1.0,headache,S024
34.46,0.24,-46.98143793723735,-29.75777651900681,36.802175065171724,34.43,1.0,headache,S024
-5.66,0.24,-46.946494761132776,-29.962519634835022,36.87108254867085,34.43,1.0,headache,S024
-19.72,0.24,-47.04274560711877,-29.93543559847921,36.77484854180247,34.43,1.0,headache,S024
36.85,0.24,-46.96059998952901,-29.91622661109463,36.931966473742456,34.43,1.0,headache,S024
-24.91,0.24,-47.043509058719515,-29.91958020173538,36.74318913377474,34.43,1.0,headache,S024
-7.38,0.24,-47.099658390542714,-29.963162663228424,36.58149294802153,34.43,1.0,headache,S024
21.76,0.24,-47.00234023909615,-30.037238395487098,36.422218451112684,34.43,1.0,headache,S024
-35.34,0.24,-47.01375120065764,-29.9351137729813,36.40767104051548,34.41,1.0,headache,S024
27.58,0.24,-47.13642474777581,-29.768830920541923,36.8851840733614,34.41,1.0,headache,S024
0.63,0.24,-46.95515876485421,-29.817193614277926,36.832408220223556,34.41,1.0,headache,S024
-34.77,0.24,-47.03399603718048,-29.63225696693539,36.73704893176998,34.41,1.0,headache,S024
43.16,0.24,-46.97123961722133,-29.94722429577913,36.91646478202281,34.41,1.0,headache,S024
-8.81,0.24,-47.024782020421185,-29.767695223202114,36.837794020704315,34.41,1.0,headache,S024
-23.05,0.24,-46.9791517104349,-29.737123654073837,36.54742197895831,34.41,1.0,headache,S024
44.44,0.24,-47.01615456138537,-29.88221443933555,36.51312487698956,34.41,1.0,headache,S024
-20.16,0.24,-46.99057533029681,-29.98960126784647,36.892131687878226,34.43,1.0,headache,S024
-17.45,0.24,-46.996360376403516,-29.93283920597101,36.560724612179555,34.43,1.0,headache,S024
42.68,0.24,-47.124689958301644,-29.721699667526934,36.25355641400982,34.43,1.0,headache,S024
-20.9,0.24,-47.14607473503631,-29.977995974001715,36.763709242780415,34.43,1.0,headache,S024
-30.07,0.24,-46.986382587908125,-29.94861026567841,36.52795941137732,34.39,1.0,headache,S024
46.97,0.24,-46.97367205995438,-29.74495598430257,36.804071036965865,34.39,1.0,headache,S024
3.0,0.24,-47.275295583487306,-29.76204979120534,36.4001219674311,34.39,1.0,headache,S024
-44.44,0.24,-47.0266248072124,-29.135373115111086,37.12089151939273,34.39,1.0,headache,S024
23.42,0.24,-46.819819168171485,-28.960584308069873,37.49257379498243,34.39,1.0,headache,S024
32.87,0.24,-46.91638673667751,-29.24434837546512,37.249034042437124,34.39,1.0,headache,S024
-38.84,0.24,-46.50886502392938,-29.971025657828225,36.97542854177424,34.39,1.0,headache,S024
-12.42,0.23,-46.66838281841816,-29.491923240746104,37.39503278239231,34.39,1.0,headache,S024
33.82,0.24,-46.881833267864444,-28.890251716116268,37.48012512997048,34.41,1.0,headache,S024
-19.45,0.24,-46.91090102302281,-29.0642851935798,37.442890198933775,34.41,1.0,headache,S024
-22.59,0.23,-46.70915734195384,-29.024391821764752,37.92645777631667,34.41,1.0,headache,S024
44.78,0.24,-47.199160655474046,-29.468941042059484,36.546639145001954,34.41,1.0,headache,S024
-5.04,0.24,-46.92086574652939,-29.523556301005115,36.896475203078595,34.39,1.0,headache,S024
-38.21,0.24,-47.29456958760565,-29.943267023055625,35.88280605506378,34.39,1.0,headache,S024
27.82,0.23,-47.984116644227136,-30.148179494808787,34.82990112674694,34.39,1.0,headache,S024
4.5,0.24,-47.14944912799194,-30.345239621154306,35.92057886828765,34.39,1.0,headache,S024
-41.51,0.24,-46.88428474843834,-30.1471986932966,36.10879300894809,34.43,1.0,headache,S024
32.24,0.23,-47.82259417617968,-30.560395547293435,34.97606605785703,34.43,1.0,headache,S024
12.45,0.24,-47.195268100480895,-29.943514822232427,36.025299139041664,34.43,1.0,headache,S024
-43.04,0.24,-47.37243913386502,-29.29057941811613,36.191010730200844,34.43,1.0,headache,S024
21.56,0.24,-47.39600743661218,-29.359597004196203,35.883614040012546,34.39,1.0,headache,S024
14.11,0.23,-47.9719975735352,-29.334499424175927,36.02625660772774,34.39,1.0,headache,S024
-56.77,0.23,-47.224121536097414,-29.81286269337229,36.14256618329255,34.39,1.0,headache,S024
22.0,0.24,-46.650900510743526,-30.156937337783237,36.63091696136823,34.39,1.0,headache,S024
17.42,0.24,-47.285394731515005,-30.98219194677283,34.8038324102831,34.39,1.0,headache,S024
-10.23,0.23,-47.211410335197584,-31.186082761502878,34.609626241348934,34.39,1.0,headache,S024
45.25,0.24,-46.76233802761605,-30.10603029542391,36.711399660111326,34.39,1.0,headache,S024
3.37,0.24,-47.62994703116604,-30.544893912509714,34.97925375526521,34.39,1.0,headache,S024
-17.52,0.23,-46.61811005598541,-30.570051840336326,35.962180646628056,34.39,1.0,headache,S024
14.01,0.23,-46.35696276337198,-30.019519588043718,36.97385041319869,34.39,1.0,headache,S024
-30.11,0.24,-45.79202267589736,-30.416143730503347,37.348573292294475,34.39,1.0,headache,S024
14.06,0.24,-46.10590226418044,-29.883931556433858,37.7093945754319,34.39,1.0,headache,S024
-0.41,0.23,-46.15554810071803,-30.016884408481616,37.47300626043502,34.41,1.0,headache,S024
-34.71,0.23,-45.77270368132077,-29.831583986100892,37.8892644908451,34.41,1.0,headache,S024
35.62,0.24,-45.84231361102375,-30.07131990521185,37.870959620848375,34.41,1.0,headache,S024
-27.87,0.24,-45.980986166728655,-29.944176051338548,37.874382481350715,34.41,1.0,headache,S024
10.62,0.23,-45.8791301248742,-30.047481091669564,37.84007098898456,34.39,1.0,headache,S024
12.5,0.23,-46.040452389940036,-29.958232900829287,38.03480503566333,34.39,1.0,headache,S024
-23.45,0.24,-45.98223632610184,-30.037458837821312,37.83192543258789,34.39,1.0,headache,S024
26.26,0.23,-45.95281277296413,-29.9659610579392,37.97221389576482,34.39,1.0,headache,S024
-19.58,0.23,-45.9143421907677,-30.03123421031481,37.93558200934545,34.39,1.0,headache,S024
4.08,0.23,-45.86110694882993,-29.97111926646018,37.9169794130065,34.39,1.0,headache,S024
14.29,0.23,-45.96079183107737,-30.02687191496212,37.79916217559522,34.39,1.0,headache,S024
-28.88,0.23,-46.14646125284042,-29.974865431284883,37.97366890656636,34.39,1.0,headache,S024
32.93,0.23,-45.68164949754356,-30.02361653463534,37.67760145931817,34.39,1.0,headache,S024
-17.63,0.23,-46.043458824257755,-29.97772029403997,37.76221991173727,34.39,1.0,headache,S024
-4.07,0.23,-45.91163061863981,-30.02109588000352,37.73271927897518,34.39,1.0,headache,S024
26.07,0.23,-46.097769391160995,-29.97995578367611,37.76698525295289,34.39,1.0,headache,S024
-35.33,0.24,-45.890841326532026,-30.019109694906504,37.85631052623324,34.39,1.0,headache,S024
9.48,0.24,-46.19864925474704,-29.981717730549445,37.92479540549139,34.39,1.0,headache,S024
31.63,0.23,-45.952777333155474,-30.017556586541026,37.825369398925616,34.39,1.0,headache,S024
-39.16,0.24,-46.06518058667097,-29.98306772682771,37.71576927003936,34.39,1.0,headache,S024
-11.18,0.23,-45.947464138430504,-30.016414937269108,37.51356333896186,34.39,1.0,headache,S024
43.49,0.23,-46.20856861471826,-29.98398175854123,37.75898893027111,34.39,1.0,headache,S024
-10.42,0.23,-45.87516950453092,-30.0157678157846,37.68202610363987,34.39,1.0,headache,S024
-42.19,0.23,-46.1248101072508,-29.98429135788199,37.673281092869225,34.39,1.0,headache,S024
24.17,0.23,-45.85788095827251,-30.01591959563147,37.495188163482396,34.39,1.0,headache,S024
32.62,0.23,-46.44718696443446,-29.983455761096035,37.57002104108922,34.39,1.0,headache,S024
-29.5,0.23,-45.97087048923703,-30.017863242199795,37.34233719077434,34.39,1.0,headache,S024
-23.24,0.23,-46.08199201389244,-29.97950775324377,37.205549528246316,34.39,1.0,headache,S024
37.66,0.23,-45.89392307335866,-30.026059794701517,37.33393936665112,34.34,1.0,headache,S024
11.97,0.23,-46.15124937199488,-29.959373116020192,37.1164853614509,34.34,1.0,headache,S024
-42.3,0.23,-46.041601326846305,-30.118260323378376,36.99669105138036,34.34,1.0,headache,S024
-0.72,0.23,-47.212964451524044,-30.448741330490723,35.73739462608742,34.34,1.0,headache,S024
40.52,0.23,-47.76458672956345,-30.28342513323509,35.08406386088485,34.39,1.0,headache,S024
-13.2,0.23,-47.797512607153955,-30.215251081312232,35.519753098936015,34.39,1.0,headache,S024
-37.55,0.23,-47.54858682775143,-29.927517990535122,35.39347747037288,34.39,1.0,headache,S024
28.97,0.23,-48.162722791175966,-30.464404681777097,34.54007453615695,34.39,1.0,headache,S024
31.93,0.23,-48.50331784568086,-30.285798380455457,34.19576926946212,34.37,1.0,headache,S024
-35.5,0.23,-48.795449834361584,-30.417146939762237,33.69334825242913,34.37,1.0,headache,S024
-14.89,0.23,-47.04783957970271,-30.147687459303842,36.49526647924707,34.37,1.0,headache,S024
40.41,0.23,-47.78303585372708,-30.841230634761107,34.76868946773857,34.37,1.0,headache,S024
-2.19,0.23,-48.28209749375604,-30.669475882570005,34.410715234858976,34.39,1.0,headache,S024
-40.71,0.23,-47.99081128169486,-30.64527966389301,35.352146941398054,34.39,1.0,headache,S024
19.77,0.23,-47.89290830184574,-30.916532019365526,34.183552875762466,34.39,1.0,headache,S024
33.59,0.23,-47.614447579291166,-30.428825304042274,35.374305842673785,34.39,1.0,headache,S024
-29.43,0.23,-47.52741902610022,-30.856737393383447,34.82562690914366,34.37,1.0,headache,S024
4.57,0.23,-47.515663567897214,-31.2045321060371,34.33811774621456,34.37,1.0,headache,S024
14.85,0.23,-47.140318170728804,-31.832628361410663,34.05886355941585,34.37,1.0,headache,S024
-33.13,0.23,-47.16317445873158,-30.786938914471506,35.650920669587606,34.37,1.0,headache,S024
8.73,0.23,-46.91398555004137,-30.04766523349869,36.666973836740546,34.39,1.0,headache,S024
14.69,0.23,-46.50291967276119,-29.97533978701125,37.41749242967922,34.39,1.0,headache,S024
-33.37,0.23,-46.817974059925824,-30.022705629974404,36.36773789022233,34.39,1.0,headache,S024
31.19,0.23,-46.85813417811077,-29.978066105722622,36.73668108557547,34.39,1.0,headache,S024
19.82,0.23,-46.69696618811051,-30.02127019455255,36.55268520596036,34.37,1.0,headache,S024
-30.11,0.23,-46.77339076610123,-29.97937223162472,36.675493703888364,34.37,1.0,headache,S024
10.52,0.23,-46.837236125442935,-30.019982782819355,36.48489681984455,34.37,1.0,headache,S024
-16.71,0.23,-47.059106822018215,-30.105388345616312,36.56252146764564,34.37,1.0,headache,S024
-11.3,0.23,-46.94803358944498,-30.01929238521458,36.352667204601936,34.37,1.0,headache,S024
30.78,0.23,-47.0442637935994,-29.981143832485447,36.55822284403996,34.37,1.0,headache,S024
-37.63,0.23,-46.969654503831826,-30.018577336845908,36.13686503025342,34.37,1.0,headache,S024
22.74,0.23,-46.9952695718392,-29.98150784680871,36.5417454540466,34.37,1.0,headache,S024
11.56,0.23,-46.87402739245571,-30.018811363472498,36.18272135886378,34.34,1.0,headache,S024
-34.7,0.23,-46.93041089433259,-29.97954917406558,36.85837726943422,34.34,1.0,headache,S024
35.31,0.23,-46.318319135614566,-30.03147541837409,37.04395002922746,34.34,1.0,headache,S024
11.82,0.23,-46.77466800548013,-30.20881666070486,37.090182940462064,34.34,1.0,headache,S024
-43.48,0.23,-46.20461639715464,-30.030968679406815,36.9158322959274,34.39,1.0,headache,S024
24.21,0.23,-46.52085825766484,-29.981098770604792,37.154902001973035,34.39,1.0,headache,S024
29.87,0.23,-46.73384390629201,-30.015954839680695,36.800901025266235,34.39,1.0,headache,S024
-40.54,0.23,-46.598226967107166,-29.986672919821228,36.849584558372875,34.39,1.0,headache,S024
5.45,0.23,-46.5820893522637,-30.00713586193878,36.88718898112884,34.39,1.0,headache,S024
43.62,0.23,-46.97114975443903,-30.100600428541266,36.62917996241221,34.39,1.0,headache,S024
-26.04,0.23,-46.52641983043353,-30.039434359217683,36.8381667890364,34.39,1.0,headache,S024
-24.25,0.23,-46.81797625851782,-29.968690302493222,37.010461559980854,34.39,1.0,headache,S024
42.76,0.23,-46.65937626943155,-30.03013104127558,36.71072185355824,34.37,1.0,headache,S024
2.14,0.23,-46.7743408473354,-29.968879857040626,36.89411775045663,34.37,1.0,headache,S024
-42.08,0.23,-46.5647645304889,-30.033812182769605,36.875652710260354,34.37,1.0,headache,S024
17.99,0.23,-46.62849342919352,-29.96117011282145,36.64646136032796,34.37,1.0,headache,S024
32.29,0.22,-46.62451904472835,-30.04832058324417,36.50292756311265,34.39,1.0,headache,S024
-35.5,0.23,-46.999168772784394,-29.930010961740248,36.84920595913895,34.39,1.0,headache,S024
-17.17,0.23,-46.883873058854235,-30.16486079114705,36.34269716202157,34.39,1.0,headache,S024
40.77,0.23,-47.089577110238686,-30.135682395784144,36.578954535172834,34.39,1.0,headache,S024
-2.96,0.23,-46.436067256115926,-30.083637630690205,36.30603936632083,34.37,1.0,headache,S024
-39.46,0.23,-46.955720527373,-30.353726223065085,36.750591728033,34.37,1.0,headache,S024
17.9,0.23,-46.34189524366236,-29.982586413297483,37.009717359862236,34.37,1.0,headache,S024
26.07,0.23,-47.201006071801814,-30.36336062626023,36.06349930573745,34.37,1.0,headache,S024
-33.3,0.22,-46.41728797609958,-30.670001807742143,35.85407936123095,34.34,1.0,headache,S024
-12.24,0.23,-47.11533517860151,-30.52035070545768,36.21526561293211,34.34,1.0,headache,S024
31.99,0.23,-46.40714495967483,-30.45221087055893,36.40700430318691,34.34,1.0,headache,S024
-7.04,0.22,-46.53597332274191,-30.55198485182465,36.724273781939196,34.34,1.0,headache,S024
-36.86,0.22,-46.31067197682904,-30.37226310018953,36.728218655316255,34.34,1.0,headache,S024
29.33,0.23,-46.20921075532401,-30.168252862956056,37.060405915222354,34.34,1.0,headache,S024
15.02,0.23,-46.41742200098877,-29.933009896617072,37.3582242916817,34.34,1.0,headache,S024
-36.95,0.24,-46.668140366136214,-30.03769482364696,37.33883718639593,34.34,1.0,headache,S024
11.11,0.23,-46.21695200480864,-30.0126312585184,37.1565921755963,34.37,1.0,headache,S024
28.94,0.23,-46.254147977251215,-29.875590669850503,37.48404421947452,34.37,1.0,headache,S024
-34.19,0.23,-45.777736309253186,-29.987295087030738,37.54439988244608,34.37,1.0,headache,S024
-6.78,0.22,-46.49133266513319,-30.001927828624904,37.34060085580104,34.37,1.0,headache,S024
42.86,0.23,-45.90113669783211,-30.002448651356346,37.7996567216178,34.34,1.0,headache,S024
-19.34,0.23,-46.19664472390296,-29.994455290514622,37.482154762668046,34.34,1.0,headache,S024
-22.74,0.22,-45.79776122516739,-30.008453003418914,37.078151197771724,34.34,1.0,headache,S024
39.96,0.22,-46.40782972895662,-29.988239822369703,37.3940015571309,34.34,1.0,headache,S024
-12.28,0.23,-46.020503590634945,-30.016120862785918,37.272876439986675,34.37,1.0,headache,S024
-29.9,0.22,-46.94318416888575,-29.97740506722193,37.22785982987049,34.37,1.0,headache,S024
39.14,0.22,-46.0125250548425,-30.03029620241451,37.11655042735926,34.37,1.0,headache,S024
-2.63,0.22,-46.20879653286253,-29.567889230234805,38.23679804658825,34.37,1.0,headache,S024
-29.76,0.23,-45.74610879668504,-29.385033977206046,37.91192476815885,34.34,1.0,headache,S024
31.38,0.22,-46.282133151499046,-29.26150294762074,38.04906069583604,34.34,1.0,headache,S024
-7.99,0.22,-45.69345141249089,-28.936969005934408,38.055004350316594,34.34,1.0,headache,S024
-24.59,0.22,-46.33043642068623,-29.366790797087276,38.10586263766564,34.34,1.0,headache,S024
33.94,0.23,-45.6454371874651,-29.13992149051058,38.118360838647895,34.37,1.0,headache,S024
-17.15,0.22,-46.37639681365388,-29.02671656274106,38.24107074975384,34.37,1.0,headache,S024
-23.43,0.22,-45.63895071334304,-28.95875276919895,38.00397179420895,34.37,1.0,headache,S024
35.52,0.23,-46.56664764071242,-29.15869622697837,38.5296268006724,34.37,1.0,headache,S024
-26.64,0.23,-45.42537676923938,-29.094623475848135,38.15779879857658,34.33,1.0,headache,S024
3.13,0.22,-46.660512930183536,-29.360632704650648,38.39527382481675,34.33,1.0,headache,S024
29.89,0.22,-45.40824598316007,-29.374802764597828,38.17812565816433,34.33,1.0,headache,S024
-35.6,0.23,-46.00619642851112,-29.563296024138726,38.619469794241425,34.33,1.0,headache,S024
11.13,0.22,-46.52090449631033,-30.049665081057015,35.81367078834647,34.34,1.0,headache,S024
41.86,0.22,-48.29691005911891,-28.879974072109313,37.761429565598554,34.34,1.0,headache,S024
-28.04,0.23,-46.9309310179886,-29.618387213758982,34.08158001519234,34.34,1.0,headache,S024
-9.56,0.22,-48.8390062031095,-28.692316627265537,39.425968792930036,34.34,1.0,headache,S024
54.08,0.22,-46.311639043797705,-34.52982663390275,33.2520262398341,34.37,1.0,headache,S024
-3.76,0.22,-50.32067455354254,-30.319354405730696,26.80591528136256,34.37,1.0,headache,S024
-37.27,0.22,-48.714079147960796,-31.913671054334102,37.75466039698436,34.37,1.0,headache,S024
11.79,0.22,-38.48212668447565,-35.26052630358529,36.462352098906784,34.37,1.0,headache,S024
-53.08,0.22,-41.94498760271899,-33.998875758487216,40.51541306811513,34.34,1.0,headache,S024
-41.93,0.22,-34.576731878835844,-33.749255330104425,44.195536039024496,34.34,1.0,headache,S024
80.13,0.22,-35.84889981384803,-32.9477208826846,44.794409016154475,34.34,1.0,headache,S024
43.45,0.22,-34.17151601905503,-32.35099873106988,46.510237955112586,34.34,1.0,headache,S024
-27.23,0.22,-36.50918640579362,-31.70436613521876,45.74633553368711,34.34,1.0,headache,S024
-1.57,0.22,-35.28984306115141,-31.412197575834554,45.81691665944633,34.34,1.0,headache,S024
5.12,0.23,-36.22566804604484,-31.491700021344524,45.84517703048789,34.34,1.0,headache,S024
-15.73,0.22,-35.471758637416,-31.71855377777922,45.63923311708076,34.34,1.0,headache,S024
75.79,0.22,-36.407526378816996,-31.50136937088672,45.70467037861317,34.33,1.0,headache,S024
-19.58,0.22,-35.69298301973277,-31.227413186889393,45.44999942383849,34.33,1.0,headache,S024
-35.91,0.22,-36.585428050272654,-30.96245572972569,45.72245883685439,34.33,1.0,headache,S024
-11.22,0.22,-36.00387470914185,-31.047746126591807,45.71535388347989,34.33,1.0,headache,S024
8.96,0.22,-36.695704874308404,-30.95515293808383,45.98622720461058,34.37,1.0,headache,S024
-21.99,0.22,-35.75248137723903,-31.03486306838406,46.00115254366365,34.37,1.0,headache,S024
-31.61,0.22,-36.474275732719434,-30.994322434610787,45.704745667726975,34.37,1.0,headache,S024
28.67,0.22,-35.7975701297005,-30.618079840746777,46.21186860876002,34.37,1.0,headache,S024
-14.37,0.22,-37.12464072712752,-29.876250096538428,46.60267313431089,34.39,1.0,headache,S024
-27.59,0.22,-36.33680671797981,-30.10456484584093,46.216051597966356,34.39,1.0,headache,S024
22.94,0.22,-36.612403521231165,-29.906233452500032,46.132904608937345,34.39,1.0,headache,S024
-3.26,0.22,-36.123574110842384,-30.083738923147475,46.075942470654596,34.39,1.0,headache,S024
-30.62,0.22,-36.787141280686576,-29.93690423661838,46.503563880656756,34.37,1.0,headache,S024
29.74,0.23,-36.0195575448163,-29.92731457730147,46.41947664356206,34.37,1.0,headache,S024
-8.97,0.22,-37.03330565843412,-29.552285523006866,46.08632278668094,34.37,1.0,headache,S024
-28.4,0.23,-36.486562826880935,-29.435400841537014,46.62784232532975,34.37,1.0,headache,S024
26.09,0.23,-37.029284104400844,-29.35406642102105,46.53279567791719,34.37,1.0,headache,S024
-3.91,0.23,-36.838623424613154,-29.456858252695632,45.93083768068997,34.37,1.0,headache,S024
-21.45,0.23,-37.47628604421784,-29.579543855508906,45.786156495199464,34.37,1.0,headache,S024
25.08,0.23,-37.19917604598607,-30.141830150085017,45.617951550466515,34.37,1.0,headache,S024
-10.13,0.23,-37.05779672076009,-29.98123122207756,45.84412586786509,34.34,1.0,headache,S024
0.69,0.23,-36.77185155677344,-30.197704169821574,46.087596962412114,34.34,1.0,headache,S024
28.86,0.23,-37.236574255006495,-29.771625377205957,46.02099359428385,34.34,1.0,headache,S024
-11.94,0.23,-36.947880926895344,-30.092581906693127,45.9381793590672,34.34,1.0,headache,S024
19.68,0.23,-37.120656400491846,-29.803016838923764,46.10544342422666,34.39,1.0,headache,S024
10.68,0.23,-36.91657709070872,-30.14217224311483,45.92232724044072,34.39,1.0,headache,S024
-26.96,0.23,-37.01732406256724,-29.246144208815778,46.18482681014345,34.39,1.0,headache,S024
24.25,0.23,-36.316206493841726,-29.286905280928536,47.42832199723745,34.39,1.0,headache,S024
-19.59,0.23,-35.945099712452794,-28.747849711426973,47.313194839951805,34.34,1.0,headache,S024
3.44,0.23,-35.57557658177268,-29.671409011163725,47.16960186050416,34.34,1.0,headache,S024
12.38,0.23,-35.90574289479943,-28.227847923638276,47.447772043119,34.34,1.0,headache,S024
-20.25,0.24,-35.44386783898728,-31.54462318123326,46.80998691423504,34.34,1.0,headache,S024
30.9,0.24,-35.0426211947654,-27.044345516336968,49.48242111776505,34.34,1.0,headache,S024
-4.76,0.23,-29.42795745473734,-24.736245352092322,53.736860976619795,34.34,1.0,headache,S024
-25.05,0.23,-28.18282680731848,-23.811923118056743,53.490413508649475,34.34,1.0,headache,S024
23.36,0.23,-25.48926416981912,-24.766949641918757,55.09828318346301,34.34,1.0,headache,S024
-64.54,0.24,-26.746821756531073,-21.21747448439631,56.84294218197701,34.34,1.0,headache,S024
16.73,0.23,-30.323254941565583,-33.00015490836278,46.728259525210106,34.34,1.0,headache,S024
52.72,0.24,-30.53507639874542,-34.69506112504254,46.522947486382606,34.34,1.0,headache,S024
-25.63,0.24,-29.5928829804786,-28.56901255482175,53.13509450546754,34.34,1.0,headache,S024
-15.46,0.22,-32.667963855097405,-28.886701522527524,49.885381962045955,34.31,1.0,headache,S024
-16.85,0.22,-33.6811390813632,-28.61182274888686,48.74158887255791,34.31,1.0,headache,S024
105.16,0.22,-32.641441232565654,-29.33110319304819,49.47284397896967,34.31,1.0,headache,S024
7.61,0.22,-33.357022104979315,-28.557266650792997,49.12641068154098,34.31,1.0,headache,S024
-17.16,0.22,-33.27597987030833,-29.227191684735633,49.47802561971517,34.29,1.0,headache,S024
4.52,0.22,-33.61575737259676,-28.51901850565585,49.1059935330031,34.29,1.0,headache,S024
-29.52,0.22,-33.58761210707788,-29.259631554767434,49.08824310338445,34.29,1.0,headache,S024
-0.26,0.22,-33.2433431665532,-28.18169050282358,49.573972839378136,34.29,1.0,headache,S024
-1.64,0.22,-33.125395419693085,-28.81812265840395,49.201598054775644,34.29,1.0,headache,S024
-16.0,0.22,-33.02049856745334,-28.03537667257624,50.15151201851245,34.29,1.0,headache,S024
0.53,0.22,-32.758428116117365,-28.642096250650535,49.37834014319335,34.29,1.0,headache,S024
11.2,0.22,-32.95154369000111,-27.83318905012279,50.32334328670256,34.29,1.0,headache,S024
-15.4,0.22,-32.96548233034874,-28.7478452449777,49.066223521158705,34.27,1.0,headache,S024
2.6,0.22,-32.72412101343676,-28.076975029272717,50.261717208894034,34.27,1.0,headache,S024
4.77,0.22,-32.999899996548606,-28.114072342464098,49.86327036355673,34.27,1.0,headache,S024
-11.84,0.22,-32.344680867869954,-27.438306838023053,50.77077265930883,34.27,1.0,headache,S024
5.73,0.22,-32.83507710810398,-28.11225618394706,50.065335970445055,34.29,1.0,headache,S024
5.93,0.22,-33.30286088787523,-28.13196136427505,49.179747367768066,34.29,1.0,headache,S024
-11.98,0.22,-33.329021955407974,-28.14167241870328,49.95895658915719,34.29,1.0,headache,S024
3.77,0.22,-33.245641443966434,-27.775380634998953,49.735763352444216,34.29,1.0,headache,S024
6.75,0.22,-33.139445531390166,-28.290288700962208,49.54113908137859,34.27,1.0,headache,S024
-10.96,0.22,-32.926395767953984,-27.625298702062416,50.2961095691178,34.27,1.0,headache,S024
2.3,0.22,-31.99591441876476,-27.546816588382626,50.36159997509535,34.27,1.0,headache,S024
3.99,0.22,-32.127062873676884,-26.772090812877355,51.50796443201949,34.27,1.0,headache,S024
-16.65,0.22,-31.615298394776637,-27.39689373402129,50.686931083615754,34.29,1.0,headache,S024
8.41,0.22,-32.339008947398504,-26.336992877369394,51.09273434692728,34.29,1.0,headache,S024
3.76,0.22,-33.874153068422906,-25.90248464896505,50.58534858729344,34.29,1.0,headache,S024
-8.05,0.22,-33.78234042334674,-27.65438364252372,49.4875892131039,34.29,1.0,headache,S024
11.31,0.22,-33.77803690962826,-27.634366757310943,50.05772298035284,34.29,1.0,headache,S024
-0.66,0.24,-34.770068517614725,-27.9261331776567,48.26607756393595,34.29,1.0,headache,S024
-10.65,0.22,-33.771715713406344,-27.21390441295357,50.06809599476435,34.29,1.0,headache,S024
14.55,0.22,-33.65580697379007,-26.578652511244556,50.463457045226356,34.29,1.0,headache,S024
-6.55,0.22,-33.18249474623626,-26.645639946280983,50.59663659363679,34.29,1.0,headache,S024
-5.65,0.22,-33.0117952252964,-26.774745734842263,50.26746129284047,34.29,1.0,headache,S024
7.93,0.22,-33.20561690451981,-26.844171862919318,50.59957108808017,34.29,1.0,headache,S024
-15.36,0.22,-33.509453847117385,-26.432819374475898,50.30064744287908,34.29,1.0,headache,S024
3.84,0.22,-33.10620556968628,-26.82569811367954,50.39447250535643,34.27,1.0,headache,S024
11.8,0.22,-33.142009712939405,-27.238163589466183,50.39852210509052,34.27,1.0,headache,S024
-13.19,0.22,-35.204364792014886,-27.95707936541981,48.70223891416785,34.27,1.0,headache,S024
3.39,0.22,-35.161965443211656,-26.907768141922038,49.05043901727224,34.27,1.0,headache,S024
-0.23,0.22,-33.80031012460663,-26.721495408803527,50.7636249335176,34.27,1.0,headache,S024
-14.14,0.22,-34.63075027040276,-26.980073616329612,50.505574345324284,34.27,1.0,headache,S024
11.85,0.22,-32.50211638809418,-29.912381955792238,47.48487717734461,34.27,1.0,headache,S024
-2.87,0.22,-36.53506439847257,-29.79334599036039,46.537292209081265,34.27,1.0,headache,S024
-3.93,0.22,-37.133256093054754,-29.074831036312016,46.27018377458347,34.27,1.0,headache,S024
21.89,0.22,-34.23476127101237,-28.4354551411299,49.04237211177191,34.27,1.0,headache,S024
9.61,0.22,-34.714605265967705,-29.147131250118058,47.96524800172863,34.27,1.0,headache,S024
2.0,0.22,-33.03918090590213,-28.41290519474076,49.696362597280746,34.27,1.0,headache,S024
-9.37,0.22,-34.21344899524878,-28.63729191137955,49.12092177896018,34.25,1.0,headache,S024
-8.48,0.22,-33.368837140300904,-29.153371362788803,48.846921194941544,34.25,1.0,headache,S024
0.62,0.22,-35.86243919222942,-29.131556447625027,46.69417432150243,34.25,1.0,headache,S024
-15.42,0.22,-36.092613904667424,-26.175047227756462,50.448930209131085,34.25,1.0,headache,S024
16.25,0.22,-34.05003054259424,-26.72158553600552,49.15462297344693,34.25,1.0,headache,S024
-2.56,0.22,-34.77734649742228,-26.295956320206912,48.66676950083666,34.25,1.0,headache,S024
-2.39,0.22,-36.82198349188537,-23.914825044403873,50.83559850669758,34.25,1.0,headache,S024
9.76,0.22,-34.743810437281255,-25.271089966026526,50.105246936436984,34.25,1.0,headache,S024
0.09,0.22,-35.07598446641059,-25.873797047887308,50.37708784583462,34.25,1.0,headache,S024
3.46,0.22,-32.93910824837488,-30.56733800083842,46.27356352900763,34.25,1.0,headache,S024
-7.28,0.22,-36.08332862303126,-29.18819340818527,47.576419632209955,34.25,1.0,headache,S024
0.25,0.22,-37.19901962461767,-27.929114643080805,47.310474735363854,34.25,1.0,headache,S024
-3.41,0.22,-37.64251149076263,-27.778476273812633,47.187656577198794,34.27,1.0,headache,S024
-18.51,0.22,-37.15030184486665,-28.152301214901524,46.53855470459135,34.27,1.0,headache,S024
8.85,0.22,-37.315293420893646,-27.84472231412761,47.038103946056424,34.27,1.0,headache,S024
-4.57,0.22,-37.13696754787999,-28.160357613257258,46.55001839402782,34.27,1.0,headache,S024
14.25,0.22,-37.28398014397668,-27.828840665988924,47.24630703766901,34.21,1.0,headache,S024
-4.45,0.22,-37.15390304071929,-28.19563236726617,46.49187119177044,34.21,1.0,headache,S024
6.08,0.22,-37.5480610625739,-27.72645913834155,47.31893020430826,34.21,1.0,headache,S024
1.12,0.22,-38.347348162003186,-28.433461833674734,45.738415755825514,34.21,1.0,headache,S024
-7.97,0.22,-38.31245121816055,-28.34058788268115,45.94997001432642,34.25,1.0,headache,S024
12.31,0.22,-38.03207049008144,-28.42176829295589,45.63827034581073,34.25,1.0,headache,S024
-14.45,0.22,-36.32715890590188,-28.157840758019695,47.552189456691856,34.25,1.0,headache,S024
14.55,0.22,-36.67748202197392,-27.232398902539394,47.707032126689946,34.25,1.0,headache,S024
-3.93,0.22,-36.87778159246283,-27.254841282528567,47.51792794861426,34.21,1.0,headache,S024
-11.26,0.22,-36.238921464664074,-27.154241962268284,47.82309210797308,34.21,1.0,headache,S024
15.96,0.22,-36.96964128877126,-26.33986580300683,48.846876363532985,34.21,1.0,headache,S024
-16.41,0.22,-36.939603697470766,-28.52233972671485,47.747451412655494,34.21,1.0,headache,S024
5.89,0.22,-36.387655170233636,-27.06590397914795,48.11829110934149,34.23,1.0,headache,S024
21.36,0.22,-36.838421802249535,-27.35493864783513,47.525424916610525,34.23,1.0,headache,S024
-13.6,0.22,-36.862248497152386,-27.68571769439018,47.14803617196346,34.23,1.0,headache,S024
-1.37,0.22,-36.927486064522725,-27.29236740384389,47.53885151642176,34.23,1.0,headache,S024
19.84,0.22,-36.207807556608245,-27.381655645308257,47.685963694855765,34.21,1.0,headache,S024
-4.78,0.22,-36.463119266207606,-26.925857961891467,48.23429171272366,34.21,1.0,headache,S024
-9.9,0.22,-35.95633127970409,-27.06732037603027,48.39839906796372,34.21,1.0,headache,S024
15.11,0.22,-36.15909841272897,-27.92618417311917,47.60597615529633,34.21,1.0,headache,S024
-1.54,0.22,-37.75441544038912,-28.953358793164494,45.501581564973826,34.23,1.0,headache,S024
-13.2,0.22,-38.13045348920411,-28.967242484358902,45.34249308918131,34.23,1.0,headache,S024
9.91,0.22,-38.3041391670492,-29.01602268942286,45.73116612891453,34.23,1.0,headache,S024
4.02,0.21,-38.300188095614786,-29.1495854773642,45.34463406906695,34.23,1.0,headache,S024
-10.45,0.22,-38.63010568429451,-29.44136966051141,45.098481157758556,34.23,1.0,headache,S024
-0.57,0.22,-38.765588066879985,-29.112162820671056,45.0380707325667,34.23,1.0,headache,S024
4.95,0.22,-38.20930851922827,-29.087654677138513,45.418543360723625,34.23,1.0,headache,S024
-10.75,0.22,-38.66241864595816,-29.060977757712745,45.077490869975364,34.23,1.0,headache,S024
2.38,0.22,-38.38094212566222,-29.13000265971992,45.32104219923287,34.18,1.0,headache,S024
3.23,0.22,-38.38682058250046,-29.042315462723778,45.18585636362612,34.18,1.0,headache,S024
-9.21,0.21,-38.46817655831699,-29.40629434871388,45.28994314820659,34.18,1.0,headache,S024
3.83,0.21,-38.39439501620678,-29.91737355207742,44.74615117068715,34.18,1.0,headache,S024
3.4,0.22,-38.835492228329855,-29.428585353450483,44.95383578625255,34.21,1.0,headache,S024
-8.77,0.22,-38.8532174067149,-29.400692684021283,45.015362116032485,34.21,1.0,headache,S024
0.23,0.21,-38.48168558073052,-29.13881769181535,45.09408934124295,34.21,1.0,headache,S024
5.83,0.21,-38.58443884253831,-29.090192458186813,45.12624409461817,34.21,1.0,headache,S024
-8.91,0.22,-38.376082271061,-28.919559038373205,45.262227802749884,34.18,1.0,headache,S024
-0.27,0.22,-38.58728652564317,-28.94936101325354,45.23765184916582,34.18,1.0,headache,S024
3.1,0.21,-38.380029221818845,-29.136884481719303,45.50120778945166,34.18,1.0,headache,S024
-3.94,0.22,-38.38441621303761,-29.12643052479111,45.22468384238816,34.18,1.0,headache,S024
-1.02,0.22,-38.40854613641725,-29.13496848445862,45.218482509460415,34.21,1.0,headache,S024
5.58,0.21,-38.919909683328875,-29.417040360252756,44.3965187106581,34.21,1.0,headache,S024
-5.36,0.21,-39.00861304155577,-29.229368658682745,44.67072869428112,34.21,1.0,headache,S024
-3.3,0.21,-39.08331247852983,-29.421365455613408,44.50297460221945,34.21,1.0,headache,S024
4.96,0.22,-39.25617446770485,-29.56865495304599,44.38685110075016,34.18,1.0,headache,S024
-3.35,0.21,-38.88126273171067,-29.70133810778861,44.59351800895942,34.18,1.0,headache,S024
-1.77,0.21,-39.41359027105747,-29.459482326767283,44.32920547790813,34.18,1.0,headache,S024
7.25,0.22,-39.20842856759123,-29.58026169155095,44.38732692317612,34.18,1.0,headache,S024
-4.29,0.22,-39.638897752790406,-29.739986565983035,44.10786171442146,34.21,1.0,headache,S024
-0.34,0.21,-40.03939006939715,-29.736134184031457,43.44467771511076,34.21,1.0,headache,S024
5.74,0.21,-41.08917263253965,-29.939991294250692,42.562947937293885,34.21,1.0,headache,S024
-6.95,0.22,-41.81497871123222,-29.777600538896856,42.29764888218633,34.21,1.0,headache,S024
-0.6,0.22,-41.12220706049344,-29.778087430692224,42.512830854135714,34.16,1.0,headache,S024
5.04,0.21,-41.01231357444771,-29.3858572758831,42.95537748693247,34.16,1.0,headache,S024
-7.38,0.22,-40.97296148546013,-29.357720089380145,43.02972030153972,34.16,1.0,headache,S024
-4.92,0.22,-41.041893108074824,-29.19185194762141,43.00670183749914,34.16,1.0,headache,S024
2.67,0.21,-40.907547401944164,-29.00182657796844,43.15807754003995,34.16,1.0,headache,S024
-4.63,0.21,-40.80668710519699,-29.078311425509085,43.053587122981746,34.16,1.0,headache,S024
-8.45,0.22,-41.029331460938266,-29.21343958062979,43.440792428444354,34.16,1.0,headache,S024
4.91,0.22,-40.95408042479383,-28.997995151186693,42.939765334702756,34.16,1.0,headache,S024
-5.09,0.21,-41.074076955452746,-29.196935567930446,43.49216735581603,34.18,1.0,headache,S024
-2.81,0.21,-40.737814412204685,-28.822643613633275,43.21196943615914,34.18,1.0,headache,S024
11.94,0.22,-40.80901214827366,-29.03271661418291,43.60550390947889,34.18,1.0,headache,S024
-12.29,0.21,-40.97670630376628,-28.748957868970212,43.57272292021511,34.18,1.0,headache,S024
-1.55,0.21,-40.754808780060955,-28.757794961537268,43.684961052747404,34.16,1.0,headache,S024
18.22,0.21,-40.98304210782148,-29.421907061655396,43.33751161970632,34.16,1.0,headache,S024
-8.17,0.21,-39.29486994715867,-29.472259923067007,44.42487149366232,34.16,1.0,headache,S024
-3.66,0.21,-38.51479308218795,-28.474104598747356,45.879123185585925,34.16,1.0,headache,S024
19.79,0.21,-38.337902941963506,-28.427268740359814,45.866520396166976,34.16,1.0,headache,S024
-17.74,0.22,-38.050577466258446,-27.88207620041183,46.396404158787426,34.16,1.0,headache,S024
-0.86,0.21,-38.05464519441607,-28.120199288664807,46.16811991290665,34.16,1.0,headache,S024
26.75,0.21,-38.086099065459386,-27.867224947808005,45.96358392295704,34.16,1.0,headache,S024
-4.71,0.21,-38.372924621279964,-28.16926549675702,45.792916492906336,34.16,1.0,headache,S024
-2.0,0.21,-38.562586027982505,-27.388847614266627,46.306310584852206,34.16,1.0,headache,S024
19.81,0.21,-38.63373486413332,-27.51500578887398,46.35499250140516,34.16,1.0,headache,S024
-5.31,0.21,-38.91715982224359,-28.241263942417746,45.07562442645273,34.16,1.0,headache,S024
-2.77,0.22,-39.18169051903811,-28.16666748223474,45.02290017423046,34.16,1.0,headache,S024
13.17,0.22,-38.29149193099701,-27.412728859355234,46.876567019831214,34.16,1.0,headache,S024
-6.88,0.21,-38.44345391307712,-27.137507429582502,46.41344476049719,34.16,1.0,headache,S024
-2.67,0.21,-38.51362666219328,-26.90601736113443,46.53540547012022,34.16,1.0,headache,S024
14.0,0.22,-38.1728510139476,-27.17975330013164,46.687575734913466,34.15,1.0,headache,S024
-8.96,0.21,-38.99400099616703,-27.477468284905765,46.077366160748156,34.15,1.0,headache,S024
-2.62,0.21,-38.60657178504973,-26.983721093230898,46.63333414132171,34.15,1.0,headache,S024
16.74,0.22,-37.6966750511467,-26.799005023544463,46.98049042146152,34.15,1.0,headache,S024
-11.95,0.21,-37.6622037305517,-26.71219517853242,47.275824048140464,34.15,1.0,headache,S024
-5.79,0.21,-38.13832152758241,-27.03778524227826,47.083022706478346,34.15,1.0,headache,S024
9.15,0.21,-37.61341429222685,-26.862017534376264,47.2432686817735,34.15,1.0,headache,S024
-9.65,0.21,-37.90956460369316,-26.99754579666301,47.37185616347667,34.15,1.0,headache,S024
-3.51,0.21,-37.73146700498752,-27.02621316219668,47.57426910687682,34.15,1.0,headache,S024
15.88,0.21,-37.66155791121837,-26.84551328193365,47.1939912597061,34.15,1.0,headache,S024
-15.47,0.21,-37.6200931978058,-26.787760831907548,47.25906434571357,34.15,1.0,headache,S024
-1.11,0.21,-37.911443308278976,-26.834716846495976,47.17055325340599,34.15,1.0,headache,S024
13.87,0.21,-37.41618877436283,-26.720981918302343,47.56751757007304,34.15,1.0,headache,S024
-13.06,0.21,-38.49853159773356,-26.922553042940585,46.24694125483264,34.15,1.0,headache,S024
-1.8,0.21,-38.727994880564815,-26.557670309079764,46.78169928162367,34.15,1.0,headache,S024
13.15,0.21,-38.374167238346025,-26.545999958616594,47.104380206908566,34.15,1.0,headache,S024
-14.62,0.21,-38.41086117278857,-26.05524630524617,47.06585143401112,34.15,1.0,headache,S024
4.69,0.21,-38.30954741859847,-26.120939134207028,46.9498539715159,34.15,1.0,headache,S024
11.57,0.21,-38.37653327731389,-26.295408875985753,46.961748745264075,34.15,1.0,headache,S024
-14.72,0.21,-38.24912570131391,-26.094089548367666,47.13825640993245,34.15,1.0,headache,S024
0.15,0.21,-38.44426606116924,-26.43168945843721,46.76368801033462,34.13,1.0,headache,S024
16.98,0.21,-38.27211278178416,-26.03113494647692,47.22499100438705,34.13,1.0,headache,S024
-16.43,0.21,-38.1573251334058,-26.29003301706297,46.91173457780501,34.13,1.0,headache,S024
2.05,0.21,-38.59467041435787,-26.43703305922432,47.06249217448494,34.13,1.0,headache,S024
11.62,0.21,-38.69000868749171,-27.025372045275063,46.459689192044266,34.13,1.0,headache,S024
-12.45,0.21,-38.61340958263759,-26.965150309176497,46.685512420354016,34.13,1.0,headache,S024
5.55,0.21,-38.30400572273078,-26.909638892283827,46.91097634104052,34.13,1.0,headache,S024
10.3,0.21,-38.340564768814765,-26.753267156860385,46.95227994832289,34.13,1.0,headache,S024
-13.91,0.21,-38.479997699576465,-26.956084109995064,46.9955359387376,34.13,1.0,headache,S024
-1.91,0.21,-38.427812179952824,-26.585573198125395,46.87649136504366,34.13,1.0,headache,S024
16.67,0.21,-38.14384677677885,-26.13662964587533,47.009455481546816,34.13,1.0,headache,S024
-8.38,0.21,-38.308973325158725,-26.318783697782546,47.007153557889204,34.13,1.0,headache,S024
-4.55,0.21,-38.442717612630815,-26.529031200045395,46.96436146725904,34.13,1.0,headache,S024
13.33,0.21,-38.41934566811693,-26.318736493716823,46.88833418148855,34.13,1.0,headache,S024
-5.17,0.21,-38.4486796731555,-26.42059438804872,47.01870823456457,34.13,1.0,headache,S024
-9.28,0.21,-38.41880469010636,-26.61591383439678,47.01075141795633,34.13,1.0,headache,S024
9.46,0.21,-38.39879201256804,-26.19168016417027,47.19236007741547,34.13,1.0,headache,S024
1.69,0.21,-37.91066369592704,-26.34797689210529,47.156525413127746,34.13,1.0,headache,S024
-12.64,0.21,-38.19108034504214,-26.3544737878936,47.171878862102176,34.13,1.0,headache,S024
6.33,0.21,-37.985466250592815,-26.596299412787126,47.140417737776595,34.13,1.0,headache,S024
5.81,0.21,-37.953415237363295,-26.539294685522343,47.44535545731384,34.13,1.0,headache,S024
-15.68,0.21,-38.09958979069365,-26.234630148785268,47.205436294818355,34.13,1.0,headache,S024
6.69,0.21,-37.79414806420432,-26.2961799363218,47.319304578075645,34.13,1.0,headache,S024
7.51,0.21,-38.76831172908538,-26.598433118459994,46.462789141184864,34.13,1.0,headache,S024
-13.28,0.21,-40.78640487319621,-24.856467910155228,45.87408209205918,34.15,1.0,headache,S024
3.87,0.21,-40.66429717057635,-24.48612006681115,47.149306334423684,34.15,1.0,headache,S024
12.04,0.21,-39.72122979378907,-26.452815640326563,44.85831857204559,34.15,1.0,headache,S024
-1.93,0.21,-41.17807189950087,-25.73220725042464,45.96638723998031,34.15,1.0,headache,S024
-0.65,0.21,-39.249707347744945,-26.448002360581437,46.4140514238126,34.13,1.0,headache,S024
5.02,0.21,-39.329401644190696,-27.457752688896203,45.821940930724274,34.13,1.0,headache,S024
-15.09,0.21,-37.876890594720074,-28.144911118567357,46.22871032255384,34.13,1.0,headache,S024
-0.95,0.21,-38.00218265295726,-27.858089586287917,46.69346414477522,34.13,1.0,headache,S024
5.56,0.21,-36.79474380633924,-28.499843454365653,46.70773434530298,34.13,1.0,headache,S024
-3.6,0.21,-36.51982489008076,-27.98497628975214,47.60940130734653,34.13,1.0,headache,S024
0.21,0.22,-36.72430337905913,-28.21956121501035,47.165706833023954,34.13,1.0,headache,S024
0.26,0.22,-36.051396159905046,-28.769417631834358,47.46998164757803,34.13,1.0,headache,S024
-11.92,0.22,-35.161441763303856,-29.126513169264907,47.61801242878168,34.13,1.0,headache,S024
6.88,0.22,-35.04380635573868,-28.895114782505384,47.91305207174551,34.13,1.0,headache,S024
-2.7,0.23,-34.19620310182853,-28.654631263395608,48.83529563074711,34.13,1.0,headache,S024
-5.95,0.22,-34.03763132912328,-28.247211649845845,49.4318478623239,34.13,1.0,headache,S024
4.88,0.22,-33.93061606787273,-28.261149781076515,48.80390702839794,34.13,1.0,headache,S024
-3.09,0.22,-34.071583482806595,-27.92350051159163,49.41768328262278,34.13,1.0,headache,S024
-8.0,0.23,-34.06482371719004,-28.43017577404335,48.67067254307124,34.13,1.0,headache,S024
8.84,0.22,-34.39000358034682,-28.65085377350266,49.21762849864008,34.13,1.0,headache,S024
-4.98,0.22,-34.3595408005702,-28.982339553341447,48.097821805023926,34.11,1.0,headache,S024
0.86,0.22,-33.96574567609789,-28.797044959120537,48.88287013046307,34.11,1.0,headache,S024
3.05,0.22,-34.09144853638414,-28.694605431577724,48.55191695503111,34.11,1.0,headache,S024
-3.99,0.22,-34.19757765393146,-28.87593497799746,49.042665563995904,34.11,1.0,headache,S024
-0.21,0.22,-34.500955716760465,-29.88032959860206,47.32075153565877,34.13,1.0,headache,S024
3.61,0.23,-34.64106796059374,-30.76142301169619,49.70165145094807,34.13,1.0,headache,S024
-9.1,0.22,-36.2647183943,-37.27091924639985,41.88800129112414,34.13,1.0,headache,S024
2.27,0.22,-39.89202157406846,-37.37281337103408,39.21758774081159,34.13,1.0,headache,S024
0.38,0.22,-34.56273350913833,-38.68331758005356,40.92035879061364,34.11,1.0,headache,S024
-17.4,0.22,-29.773310817472346,-42.99785716893981,31.604935843180098,34.11,1.0,headache,S024
-13.06,0.22,-26.472503851688987,-53.54607113240922,22.717304142346674,34.11,1.0,headache,S024
40.7,0.22,-29.75028674000613,-55.18542588076062,19.56739175415936,34.11,1.0,headache,S024
37.43,0.22,-30.937630471231756,-54.88042979135549,17.785006817525428,34.11,1.0,headache,S024
-36.19,0.22,-29.21925782771183,-54.477418739842655,21.461862269522026,34.11,1.0,headache,S024
-52.37,0.22,-29.533581457681837,-53.901965133017406,22.290087233083646,34.11,1.0,headache,S024
8.88,0.23,-27.94968263247466,-54.312490018948935,23.548490949300618,34.11,1.0,headache,S024
26.32,0.23,-28.50496903964912,-54.91624115900327,20.734344737711595,34.09,1.0,headache,S024
6.37,0.23,-28.929517825922094,-55.29757330550688,19.602040560995825,34.09,1.0,headache,S024
-0.09,0.23,-28.710735259381725,-54.991119102562,19.880631896775295,34.09,1.0,headache,S024
1.56,0.23,-28.82981183040626,-55.12925571104178,19.920225701777113,34.09,1.0,headache,S024
-13.79,0.23,-28.956832969656624,-55.53057028876192,18.40437438244439,34.09,1.0,headache,S024
6.51,0.23,-29.164710419430445,-55.29202387534485,19.436552892128905,34.09,1.0,headache,S024
1.15,0.23,-29.416462466975883,-54.971616525807256,18.691074898159442,34.09,1.0,headache,S024
-4.11,0.23,-29.67745442939334,-55.13049903102702,19.473058073969007,34.09,1.0,headache,S024
9.11,0.23,-28.964784283707264,-55.258291407845945,18.875691029095147,34.09,1.0,headache,S024
-8.92,0.23,-30.139503218183656,-55.1000815040756,18.360742294515543,34.09,1.0,headache,S024
2.8,0.23,-29.24915063345717,-55.33785893351133,19.127380718465677,34.09,1.0,headache,S024
3.11,0.23,-29.953566510626843,-55.25772854266209,17.546989810091393,34.09,1.0,headache,S024
-6.33,0.23,-29.71112622659275,-55.05300174004138,18.553884107733808,34.11,1.0,headache,S024
7.14,0.23,-29.61069403948356,-55.1361996799312,17.736053298934156,34.11,1.0,headache,S024
-0.65,0.25,-29.61921283984059,-55.07521890292845,18.251365542667273,34.11,1.0,headache,S024
-7.7,0.23,-29.624898552854535,-55.15316867710729,17.897344806319975,34.11,1.0,headache,S024
18.34,0.23,-29.18155785971978,-54.88594074622633,20.121672924430424,34.11,1.0,headache,S024
-15.97,0.23,-29.575896827309506,-55.07438110274899,19.660898582188302,34.11,1.0,headache,S024
-4.29,0.23,-29.618315531011618,-54.82319050768498,19.55254509760471,34.11,1.0,headache,S024
25.15,0.23,-29.96663005571899,-54.84378020139809,19.021514281438048,34.11,1.0,headache,S024
-1.36,0.23,-29.724636393575846,-54.87335971776467,19.641056144993513,34.09,1.0,headache,S024
-1.92,0.22,-29.590368133991312,-55.1026423367154,18.986304549112848,34.09,1.0,headache,S024
1.12,0.23,-29.70295491997981,-54.90466586472117,19.30397379671723,34.09,1.0,headache,S024
-14.0,0.23,-29.76540122793922,-55.50753206681339,18.271382976770422,34.09,1.0,headache,S024
8.48,0.22,-29.849823533893954,-54.830174541722116,18.75553054359195,34.11,1.0,headache,S024
7.08,0.22,-29.67757963215659,-55.17610093772218,17.78906332563738,34.11,1.0,headache,S024
-19.31,0.23,-29.830448555457938,-54.870978377718245,18.88846836210291,34.11,1.0,headache,S024
8.26,0.23,-29.66583122007111,-55.09295882014136,17.624768668102227,34.11,1.0,headache,S024
13.97,0.22,-30.202915381306234,-54.848035366465616,18.671199927168736,34.09,1.0,headache,S024
-19.53,0.23,-29.7758359590823,-55.23591922700645,17.57878735746024,34.09,1.0,headache,S024
6.24,0.23,-30.301129683838926,-55.13360907923967,18.3628874746085,34.09,1.0,headache,S024
11.34,0.22,-29.04643864191074,-56.61740497790689,13.512354540709934,34.09,1.0,headache,S024
-13.35,0.22,-33.29201666144081,-52.06183303688112,17.657718687755434,34.11,1.0,headache,S024
8.25,0.23,-41.18428459799797,-52.84938931370068,6.922136051074569,34.11,1.0,headache,S024
14.36,0.22,-37.76323564173976,-51.576485610461546,-4.937976289414118,34.11,1.0,headache,S024
-5.64,0.22,-42.33710607920863,-48.48010702286685,-2.633165137443622,34.11,1.0,headache,S024
21.37,0.22,-41.08739520282934,-50.71831482043723,-5.08195486640492,34.11,1.0,headache,S024
-177.52,0.22,-39.86205637620387,-51.62439110032493,-6.782362439621785,34.11,1.0,headache,S024
-169.95,0.22,-36.370925834206254,-53.955721134197596,-0.2465240004868255,34.11,1.0,headache,S024
73.69,0.22,-22.438143310188707,-58.30742554977835,-5.019109630919855,34.11,1.0,headache,S024
-24.91,0.22,-15.860343862153458,-61.494737547354525,-13.155062872570886,34.13,1.0,headache,S024
-105.76,0.22,-16.93817375770429,-60.343353065037334,-11.67771727773292,34.13,1.0,headache,S024
-7.58,0.22,-15.429683755997313,-60.88888362984957,-13.015254462344108,34.13,1.0,headache,S024
228.44,0.22,-15.509066171624402,-60.62219308261179,-13.707572210296439,34.13,1.0,headache,S024
149.44,0.22,-14.221385528845643,-60.74322475711813,-14.333186114203958,34.07,1.0,headache,S024
43.06,0.22,-14.767148779112024,-59.91486900780019,-14.004161216642217,34.07,1.0,headache,S024
48.79,0.21,-14.412791735429987,-60.40458430187602,-14.412949432622653,34.07,1.0,headache,S024
-50.95,0.21,-14.562854842232888,-60.14283243459645,-14.281442338227844,34.07,1.0,headache,S024
50.79,0.22,-13.887048030353242,-60.69598954331145,-14.759907959188192,34.07,1.0,headache,S024
5.54,0.22,-14.7974226569787,-60.06805986165513,-14.317452665132931,34.07,1.0,headache,S024
-52.74,0.22,-13.76520702864611,-60.417345774821335,-15.409540843004851,34.07,1.0,headache,S024
63.02,0.21,-13.956313691183494,-60.09420959078403,-14.894567244299594,34.07,1.0,headache,S024
0.12,0.22,-15.303830770843687,-59.49078296733034,-15.494896491626795,34.09,1.0,headache,S024
-44.08,0.22,-21.07708739399477,-57.903456827491134,-19.83022818561309,34.09,1.0,headache,S024
57.97,0.21,-17.63212552270228,-58.1380794246956,-18.30818411983679,34.09,1.0,headache,S024
-13.45,0.22,-19.483631963685003,-57.88839739215143,-18.453329084088303,34.09,1.0,headache,S024
-31.36,0.22,-16.822903478962466,-57.604380005041754,-17.531143783644453,34.05,1.0,headache,S024
54.17,0.21,-28.44142533749116,-53.19237413262913,-21.73088850489501,34.05,1.0,headache,S024
-43.5,0.22,-34.643961450492164,-49.14547767223086,-20.80386393884225,34.05,1.0,headache,S024
-8.36,0.22,-41.9315198608166,-42.948943257577056,-22.68035407604555,34.05,1.0,headache,S024
53.82,0.22,-48.94558069079057,-36.886542970400406,-25.126409632445117,34.07,1.0,headache,S024
-27.91,0.22,-51.44383107399182,-33.430592373328516,-22.88531109099574,34.07,1.0,headache,S024
38.09,0.22,-51.705675852333556,-32.36296072354331,-24.356389762264346,34.07,1.0,headache,S024
81.8,0.22,-50.18497621013276,-32.51826453826563,-23.527157636132042,34.07,1.0,headache,S024
-113.63,0.22,-51.25701561273849,-31.93103905048829,-24.108107096849796,34.07,1.0,headache,S024
-56.41,0.22,-51.05538376049814,-31.857931814538468,-24.021591978223086,34.07,1.0,headache,S024
48.16,0.22,-49.25571140740693,-32.08432687712854,-25.69534018876518,34.07,1.0,headache,S024
-70.97,0.22,-50.944442349452856,-29.956011064933634,-25.649999033554526,34.07,1.0,headache,S024
28.3,0.22,-56.92153452952535,-25.615428907936533,-21.16048076390523,34.07,1.0,headache,S024
10.2,0.22,-58.554125183823224,-24.24377994029716,-20.13498400483284,34.07,1.0,headache,S024
-65.98,0.22,-56.917398927839656,-24.651724219142356,-18.2165742769829,34.07,1.0,headache,S024
38.54,0.22,-59.39892573678756,-24.976164771441592,-20.498442899454428,34.07,1.0,headache,S024
-2.79,0.22,-52.38252511746248,-29.301471225797545,-22.155564609408163,34.13,1.0,headache,S024
-1.56,0.22,-47.37060385902132,-32.79602987546677,-27.40411044759692,34.13,1.0,headache,S024
93.2,0.22,-48.30640721812302,-32.56844236772623,-27.457919022046262,34.13,1.0,headache,S024
-36.58,0.22,-48.56673137308676,-32.08891820327152,-27.891985649161867,34.13,1.0,headache,S024
-32.53,0.22,-48.180240877264886,-32.26417637469966,-28.402129134669583,34.11,1.0,headache,S024
17.66,0.22,-48.76694474969614,-31.76918494996209,-27.983097239263984,34.11,1.0,headache,S024
-76.36,0.22,-48.76689973897823,-31.780265792973893,-28.038268312549498,34.11,1.0,headache,S024
11.31,0.22,-49.28655510299,-31.216853588276578,-27.624979488202722,34.11,1.0,headache,S024
52.0,0.22,-48.639570990967144,-31.181422287654758,-28.783081865292754,34.07,1.0,headache,S024
-63.96,0.22,-49.70713003007994,-30.612003703058868,-28.74116232917803,34.07,1.0,headache,S024
45.2,0.22,-48.89393140910246,-30.950715881781754,-27.868238219362627,34.07,1.0,headache,S024
26.22,0.22,-49.476798452924946,-30.89136764415403,-28.179029616818013,34.07,1.0,headache,S024
-50.8,0.22,-49.21087305447689,-30.487711692160175,-27.772761389416207,34.09,1.0,headache,S024
54.73,0.22,-49.83349649897135,-30.04364272630193,-28.730535354127266,34.09,1.0,headache,S024
-12.77,0.22,-48.6044733375479,-30.341047409586327,-28.347912885975006,34.09,1.0,headache,S024
-27.99,0.22,-49.62815158774465,-30.532542027626107,-29.03732884186008,34.09,1.0,headache,S024
49.12,0.22,-48.484289810540105,-30.76414382177375,-28.2203356062949,34.05,1.0,headache,S024
-57.51,0.22,-50.47716244167568,-30.268925756178334,-29.316457804407854,34.05,1.0,headache,S024
20.57,0.22,-55.181827079077124,-27.459895214247954,-16.111079037730686,34.05,1.0,headache,S024
21.98,0.21,-66.42930818878821,-21.58771940172053,-1.1998035457304208,34.05,1.0,headache,S024
-69.33,0.22,-59.801788223379816,-27.353509421132426,-2.0468510229042254,34.07,1.0,headache,S024
79.17,0.22,-51.1669161580792,-33.848928520902824,-1.983348563894944,34.07,1.0,headache,S024
116.38,0.22,-62.32066107642429,-29.492671525017776,-2.862515022712268,34.07,1.0,headache,S024
31.69,0.22,-57.37643769919364,-30.16475805873619,-1.679584446507221,34.07,1.0,headache,S024
-55.08,0.22,-59.28516555436314,-29.758416661589123,-2.4498302362584097,34.05,1.0,headache,S024
-26.78,0.22,-59.49905027650292,-29.084245790827662,-1.610032228723167,34.05,1.0,headache,S024
-64.41,0.22,-59.57648559436554,-28.799432279289547,-2.451507728070666,34.05,1.0,headache,S024
-11.02,0.22,-59.724330946280446,-28.452429045949906,-1.734542351177584,34.05,1.0,headache,S024
-59.4,0.22,-59.194429603755935,-28.877384687834503,-3.1901489925012005,33.99,1.0,headache,S024
-41.98,0.22,-60.513420959102554,-27.323011960868577,-1.7602915832398223,33.99,1.0,headache,S024
61.39,0.22,-61.26753311523665,-27.27111730507353,0.20897008188201482,33.99,1.0,headache,S024
-53.5,0.22,-57.68452455633244,-29.944345803811053,-4.877178100659822,33.99,1.0,headache,S024
-4.63,0.22,-60.507058312388295,-28.419852648829405,-1.7529450918200713,33.99,1.0,headache,S024
66.07,0.22,-58.1173020787435,-29.377376813450876,-2.100928182784948,33.99,1.0,headache,S024
-55.19,0.22,-60.22800613851686,-28.79763363860947,-2.3187823782645007,33.99,1.0,headache,S024
23.03,0.22,-58.52679737027958,-29.15030122154212,-2.447071125115714,33.99,1.0,headache,S024
11.41,0.22,-59.94858611600776,-28.88511595855377,-2.2588292492200965,34.0,1.0,headache,S024
-86.54,0.22,-59.030235978917204,-28.639679716862812,-2.057106298518789,34.0,1.0,headache,S024
63.36,0.22,-60.399588792933834,-27.891643617052047,-2.0955862765912783,34.0,1.0,headache,S024
11.31,0.22,-59.161720408517475,-28.096157412130044,-1.9662743449126512,34.0,1.0,headache,S024
-51.89,0.22,-60.19945803375199,-27.919468554497474,-2.073870353430334,33.97,1.0,headache,S024
65.53,0.21,-59.858342875537936,-28.067741397243555,-1.4319594440487922,33.97,1.0,headache,S024
-8.38,0.22,-60.20837669559948,-27.942023630596807,-2.0426515774899388,33.97,1.0,headache,S024
-47.85,0.22,-59.47031650317275,-28.0511358233625,-1.8431235199397877,33.97,1.0,headache,S024
58.65,0.22,-60.86696878535316,-26.87649059784812,0.5881464755050237,33.97,1.0,headache,S024
-41.65,0.22,-61.215725573787225,-25.452334816888136,3.929112922520253,33.97,1.0,headache,S024
-14.7,0.22,-61.61394948898937,-25.24407591472507,4.019165546152214,33.97,1.0,headache,S024
61.55,0.22,-60.56144238482108,-25.78094900705828,4.001831400938084,33.97,1.0,headache,S024
-54.07,0.22,-61.27632693342055,-25.27853787242556,3.8362319172442434,33.95,1.0,headache,S024
1.24,0.22,-61.187107657140906,-25.222940397163374,4.102928300795497,33.95,1.0,headache,S024
52.26,0.22,-61.20731468786693,-25.523723084151783,3.3340604490180272,33.95,1.0,headache,S024
-57.66,0.22,-60.62399673085026,-25.63535922861209,3.644876034146082,33.95,1.0,headache,S024
13.53,0.24,-61.19808959410277,-25.97878108054721,3.215569420680037,33.95,1.0,headache,S024
60.29,0.22,-60.16320119561367,-26.086196566444727,3.3359030895616972,33.95,1.0,headache,S024
-61.55,0.22,-61.44436112062311,-25.936216476588086,3.0652288976578266,33.95,1.0,headache,S024
6.11,0.22,-60.66279221216768,-26.04320294113061,3.075680532414245,33.95,1.0,headache,S024
46.61,0.22,-61.273356038306076,-25.983495914368003,3.10231091037054,33.97,1.0,headache,S024
-61.95,0.22,-60.76069023561011,-25.860846395848174,3.099166892024421,33.97,1.0,headache,S024
19.01,0.22,-61.20349027923748,-25.88200027991546,3.2678342706693715,33.97,1.0,headache,S024
34.71,0.22,-60.93034201109912,-25.58365902923802,3.27877288452587,33.97,1.0,headache,S024
-57.4,0.22,-61.456548255448375,-25.307047145339844,2.890757616368684,33.97,1.0,headache,S024
30.91,0.22,-61.0133079539141,-25.319561607894922,3.2844760513081934,33.97,1.0,headache,S024
14.43,0.22,-61.222894073169975,-24.94084057523235,3.139370998539906,33.97,1.0,headache,S024
-47.79,0.22,-61.15227296727046,-25.19677593125902,2.9909129819942324,33.97,1.0,headache,S024
51.58,0.22,-61.34791177194351,-25.164226427110503,3.0692541048032136,33.95,1.0,headache,S024
-23.86,0.22,-60.983454570362326,-25.560054863092493,3.070659891366363,33.95,1.0,headache,S024
-16.13,0.22,-61.243982965710636,-25.281686806094072,3.1479572280633623,33.95,1.0,headache,S024
33.22,0.22,-60.96564690738113,-25.732929335126848,3.284310648408251,33.95,1.0,headache,S024
-46.03,0.22,-61.287073098328094,-25.345875875253583,3.0362497117327756,33.97,1.0,headache,S024
36.17,0.22,-60.85602284882401,-25.398226750653922,3.0465636368546902,33.97,1.0,headache,S024
-3.28,0.22,-61.16884040299131,-25.40020375616211,2.9611698495467387,33.97,1.0,headache,S024
-47.47,0.22,-61.312537163576096,-25.30761279300103,3.0156754217939,33.97,1.0,headache,S024
57.75,0.22,-61.15659372814446,-25.573782061415763,2.7521331629008228,33.95,1.0,headache,S024
-22.71,0.22,-60.89672542621179,-25.845981233449006,3.0884455675636753,33.95,1.0,headache,S024
-6.36,0.22,-61.25469634380621,-25.75970328878439,2.7110924462619,33.95,1.0,headache,S024
44.59,0.22,-60.989050645856274,-26.086324064052206,2.3397181271102694,33.95,1.0,headache,S024
-48.41,0.22,-61.024641086264666,-25.74921989715282,1.98672644605586,33.97,1.0,headache,S024
26.74,0.22,-60.818568246113266,-25.95635834907041,2.205489750519919,33.97,1.0,headache,S024
4.71,0.22,-61.151262935608756,-25.74835850617322,2.3037018093773725,33.97,1.0,headache,S024
-54.2,0.22,-60.56871834448956,-26.005776455825067,2.0213539783228613,33.97,1.0,headache,S024
54.97,0.22,-61.037738476258745,-25.985206870322894,2.046952316714417,33.95,1.0,headache,S024
-27.13,0.22,-60.886676748863074,-26.018119427138757,2.111404387125888,33.95,1.0,headache,S024
-19.5,0.22,-61.121504879323105,-25.980424303850018,1.937333479491445,33.95,1.0,headache,S024
65.19,0.22,-60.78624202780345,-26.020078550931082,2.049192937882691,33.95,1.0,headache,S024
-33.03,0.22,-61.066042461661816,-25.980047720741588,1.9972971767874197,33.93,1.0,headache,S024
-16.26,0.22,-60.80902877210574,-26.0192927541902,2.224367658057165,33.93,1.0,headache,S024
60.0,0.22,-61.05283974697612,-25.981955083575876,1.9710980555072626,33.93,1.0,headache,S024
-38.77,0.22,-60.95032244605255,-26.01596789920295,2.0980972651777394,33.93,1.0,headache,S024
-5.23,0.22,-60.96025939631801,-25.987552097154467,1.462946828677752,33.93,1.0,headache,S024
49.36,0.22,-60.80387228698433,-26.0058280453509,1.854970033899781,33.93,1.0,headache,S024
-50.0,0.22,-61.025687926679396,-26.009794457446823,1.9339483248841511,33.93,1.0,headache,S024
-4.8,0.22,-61.09941456175269,-25.917376254196412,2.014156136981177,33.93,1.0,headache,S024
59.39,0.22,-60.58469366479035,-26.08467514894173,0.7403754061042638,33.91,1.0,headache,S024
-41.34,0.22,-60.61570739058561,-26.1968789621394,-0.33994630202444975,33.91,1.0,headache,S024
-23.29,0.22,-60.939894245486535,-25.919940261723866,0.8555612067246962,33.91,1.0,headache,S024
52.82,0.22,-60.59501712227364,-26.145758723093724,0.8997400515613323,33.91,1.0,headache,S024
-31.74,0.22,-61.20902832580585,-26.02586997736521,1.394783770915578,33.93,1.0,headache,S024
-13.01,0.22,-60.72595488492811,-26.203459979436005,2.7257196619707944,33.93,1.0,headache,S024
45.01,0.22,-61.089423123193875,-25.581619140718242,6.350791949077924,33.93,1.0,headache,S024
-37.8,0.22,-60.60966611934565,-26.063152477746264,4.657825997635856,33.93,1.0,headache,S024
-24.89,0.22,-61.25950091288603,-25.4866704226648,5.462616097996179,33.89,1.0,headache,S024
52.26,0.22,-60.440983412161806,-25.733025944393496,5.798838920571231,33.89,1.0,headache,S024
-29.91,0.22,-61.14314913889764,-25.83434689291794,5.446751315768804,33.89,1.0,headache,S024
-22.04,0.22,-60.81183057808417,-25.772193265948232,5.335580484375657,33.89,1.0,headache,S024
55.76,0.22,-61.07345883063143,-25.900130597929586,5.318568859604949,33.91,1.0,headache,S024
-26.01,0.22,-60.82390969688314,-26.010564302451797,5.1619429274806174,33.91,1.0,headache,S024
-27.71,0.22,-61.19829096374457,-25.92624006533188,5.300083871734837,33.91,1.0,headache,S024
49.92,0.22,-60.7494537958036,-25.915991068216062,5.2950569217845525,33.91,1.0,headache,S024
-23.61,0.22,-61.05485787116376,-26.041274930243887,5.113761987131468,33.91,1.0,headache,S024
-30.74,0.22,-60.80324664805398,-25.92177270911647,5.2479724641226,33.91,1.0,headache,S024
50.67,0.22,-60.98406397211184,-25.6951867874624,5.599070160037493,33.91,1.0,headache,S024
-22.36,0.22,-61.052079462336195,-25.842868514999616,5.198074104366597,33.91,1.0,headache,S024
-26.43,0.22,-60.78278189399813,-25.66984152820796,5.7345607485673336,33.91,1.0,headache,S024
41.51,0.22,-61.235730600442494,-25.58153168776456,4.139974896132673,33.91,1.0,headache,S024
-29.72,0.22,-61.19801848213808,-25.81737995967902,1.4725464496873901,33.91,1.0,headache,S024
-7.06,0.22,-60.52209673477792,-26.191597123495836,-0.1026821308623308,33.91,1.0,headache,S024
35.65,0.22,-60.32656265980596,-26.929210378222812,-1.0570970130893844,33.91,1.0,headache,S024
-52.03,0.22,-60.55239255722005,-27.019820781587395,-1.5505510353085294,33.91,1.0,headache,S024
14.96,0.22,-60.65281384850408,-26.72247553700619,-0.6473735402388163,33.91,1.0,headache,S024
32.91,0.22,-60.35950468211756,-26.873401064848252,-0.6555639381869359,33.91,1.0,headache,S024
-50.08,0.22,-60.632439994602294,-26.90060433899717,-1.2186614310361346,33.91,1.0,headache,S024
35.62,0.22,-60.17228174748588,-27.102193787183236,-1.2240483887062803,33.91,1.0,headache,S024
16.7,0.22,-59.8246329794004,-27.4393946460289,0.005881472047381107,33.91,1.0,headache,S024
-49.78,0.22,-60.252489816590966,-27.315725844744826,0.15218394387868028,33.91,1.0,headache,S024
44.54,0.22,-60.67458521151585,-27.464367362694876,-1.3647078243938378,33.89,1.0,headache,S024
-9.27,0.22,-59.59596379108587,-27.65289409122458,-0.686620604831997,33.89,1.0,headache,S024
-42.65,0.22,-60.260037623748374,-27.774742677523363,-1.1263218574627476,33.89,1.0,headache,S024
62.65,0.22,-59.91734330809327,-27.49590828085918,-0.34670223098563846,33.89,1.0,headache,S024
-7.35,0.22,-60.253710033995276,-27.70481959289161,-0.8021318158166992,33.89,1.0,headache,S024
-40.24,0.22,-59.86431765088337,-27.659360596902967,-0.4609550768735979,33.89,1.0,headache,S024
55.99,0.22,-60.09308673032216,-27.605821034115394,-1.3578946622219454,33.89,1.0,headache,S024
-15.5,0.22,-60.19501130963709,-27.387313017650495,-0.5440003862765556,33.89,1.0,headache,S024
-30.49,0.22,-60.47292573154749,-27.253167787361253,-1.1874815414421866,33.93,1.0,headache,S024
58.95,0.22,-59.93645281466672,-27.26483883771668,-0.49673810640554067,33.93,1.0,headache,S024
-34.63,0.21,-60.34349562411026,-27.185178177643742,-1.2261505885402142,33.93,1.0,headache,S024
-9.24,0.22,-59.91481362253425,-27.455002738775594,-0.6211043961374572,33.93,1.0,headache,S024
47.21,0.22,-60.35941565763198,-26.991556232493128,-1.0008796011125312,33.89,1.0,headache,S024
-42.83,0.22,-60.07187485151241,-27.372507380861617,-0.9403058721140642,33.89,1.0,headache,S024
4.62,0.21,-60.27535934294512,-27.254617153808972,-1.3320210838232986,33.89,1.0,headache,S024
35.37,0.22,-60.04656878985469,-27.410861296742503,-1.157000866875328,33.89,1.0,headache,S024
-49.63,0.22,-60.13420633624362,-26.959455709256197,-1.1667436276245127,33.91,1.0,headache,S024
8.26,0.22,-60.15487142614216,-27.370774714814612,-0.8974384145509686,33.91,1.0,headache,S024
42.42,0.21,-60.33668732722371,-27.028825074664454,-1.0620041454086975,33.91,1.0,headache,S024
-51.41,0.22,-59.89355890277194,-27.07558354952399,-0.8864578939859863,33.91,1.0,headache,S024
6.04,0.22,-60.26702700715607,-27.166510875461082,-1.1108599496559057,33.89,1.0,headache,S024
49.17,0.21,-60.05012143105012,-27.030820081552655,-1.091551231818667,33.89,1.0,headache,S024
-51.29,0.22,-60.05891940237671,-27.003277602943996,-0.996917876116358,33.89,1.0,headache,S024
-9.99,0.22,-60.13910986347886,-27.19929309025065,-0.991674761436018,33.89,1.0,headache,S024
49.59,0.22,-60.15910667352564,-27.020134545226586,-0.9346370717091759,33.87,1.0,headache,S024
-34.75,0.21,-60.08659537947696,-27.039845168625515,-1.1439319349853398,33.87,1.0,headache,S024
-26.05,0.22,-60.3391683761548,-26.946470845373867,-1.079477741277062,33.87,1.0,headache,S024
50.3,0.22,-60.09959802996249,-27.06691318524906,-0.9471743164552969,33.87,1.0,headache,S024
-26.38,0.22,-60.04571579249417,-26.90772466142907,-1.0437475089088943,33.89,1.0,headache,S024
-22.05,0.21,-59.9436534690722,-27.230453984087557,-0.9682331412718133,33.89,1.0,headache,S024
48.38,0.22,-60.21093250275063,-27.080436363244825,-0.9742471583131216,33.89,1.0,headache,S024
-27.03,0.22,-59.880024950650984,-27.00300222819302,-0.8637328351925114,33.89,1.0,headache,S024
-35.34,0.21,-60.202776736399485,-26.974154088644426,-1.0973780618741025,33.89,1.0,headache,S024
56.44,0.22,-60.23624204051697,-27.04047631488787,-0.8594738164663961,33.89,1.0,headache,S024
-12.87,0.22,-60.32592788846081,-26.944015910065694,-0.8940591910782272,33.89,1.0,headache,S024
-49.18,0.22,-60.09552626140376,-27.089886333421184,-0.5710612076973626,33.89,1.0,headache,S024
52.52,0.21,-60.43370978403025,-27.052694156203792,-0.8909502652050332,33.91,1.0,headache,S024
19.2,0.22,-60.019940706092356,-27.28321604808009,-1.0571712590977953,33.91,1.0,headache,S024
-61.32,0.22,-60.25765777271905,-26.951551436714105,-1.3368693309226096,33.91,1.0,headache,S024
25.2,0.21,-60.10446048475678,-27.069729822653667,-1.087148867626322,33.91,1.0,headache,S024
26.96,0.21,-60.548064298507576,-26.90849409945878,-0.692702445230059,33.91,1.0,headache,S024
-54.73,0.22,-59.822200768340714,-27.123142390161643,-1.0783095378326744,33.91,1.0,headache,S024
31.04,0.22,-60.5382703641485,-26.95180488938985,-0.6847043863182186,33.91,1.0,headache,S024
34.51,0.22,-60.066933312274,-27.446724366943556,-0.5870845523293494,33.91,1.0,headache,S024
-57.39,0.22,-60.520920767592955,-27.415674870147622,-0.8028247049191866,33.91,1.0,headache,S024
10.43,0.22,-59.534934813030446,-28.360577574617714,-1.8523403408434655,33.91,1.0,headache,S024
49.3,0.22,-60.01080310901907,-27.34631479962295,-0.43155137183821357,33.91,1.0,headache,S024
-52.23,0.21,-61.019007824642884,-26.607002971025064,-0.20026849230434404,33.91,1.0,headache,S024
4.99,0.22,-59.58585889460702,-28.195009649227895,-2.2415095438343986,33.93,1.0,headache,S024
52.97,0.22,-60.314777800672914,-27.27736176758127,-0.39084973417975016,33.93,1.0,headache,S024
-38.03,0.22,-60.03970425956622,-27.248830356132057,-1.3803103419483373,33.93,1.0,headache,S024
-20.28,0.22,-60.24246219650376,-26.98043923117822,-0.6648248228066683,33.93,1.0,headache,S024
62.27,0.22,-59.98583995330541,-27.168275597880157,-1.2342897848730343,33.91,1.0,headache,S024
-29.14,0.22,-60.063292006731146,-26.863025535497297,-0.7357854887147929,33.91,1.0,headache,S024
-18.41,0.22,-60.12060773018291,-27.197420200009503,-1.090980496524887,33.91,1.0,headache,S024
53.57,0.22,-60.14025557326808,-26.968156756986062,-0.8622894974033627,33.91,1.0,headache,S024
-33.27,0.22,-59.90924717073165,-27.055885533695914,-1.4476375336267626,33.89,1.0,headache,S024
-29.45,0.21,-60.140199110166996,-26.9426996711336,-1.206807368823769,33.89,1.0,headache,S024
59.48,0.21,-60.19116797012888,-27.18992744828576,-1.2374269123040453,33.89,1.0,headache,S024
-22.53,0.22,-60.09498741826366,-26.921533125099575,-0.8708848364845604,33.89,1.0,headache,S024
-34.91,0.22,-59.99653095190329,-27.132299803034748,-1.2071481565291549,33.89,1.0,headache,S024
52.58,0.21,-60.17795799485702,-27.02979764474556,-1.1960725924276912,33.89,1.0,headache,S024
-20.13,0.22,-60.120103480025804,-27.015303014508746,-1.044993276947902,33.89,1.0,headache,S024
-38.85,0.22,-60.11699759219297,-26.97590023080095,-1.0395932607188838,33.89,1.0,headache,S024
58.83,0.21,-60.10192272878269,-27.038384641605212,-1.2572666511591446,33.89,1.0,headache,S024
-11.43,0.21,-60.16625363037374,-27.17626275525571,-1.2018656614899832,33.89,1.0,headache,S024
-47.42,0.22,-60.24337076385216,-27.23253325452186,-0.9999501823461118,33.89,1.0,headache,S024
47.22,0.22,-60.21540106581991,-27.0452743722609,-0.7342344233272109,33.89,1.0,headache,S024
-1.4,0.21,-60.22429549209482,-27.123319796426273,-1.4259143467183555,33.93,1.0,headache,S024
-41.64,0.21,-60.50021294653684,-27.10229816680578,-0.9941479062194037,33.93,1.0,headache,S024
43.56,0.22,-60.13557595323057,-27.061798508210657,-1.5414111889646127,33.93,1.0,headache,S024
-17.98,0.24,-60.008423832696046,-27.058926239135456,-0.7743474645182424,33.93,1.0,headache,S024
-38.34,0.22,-59.95948444963728,-27.086826953525716,-1.574847542874204,33.91,1.0,headache,S024
54.47,0.22,-60.11544486392154,-27.058886460897085,-1.2922372261225692,33.91,1.0,headache,S024
-15.89,0.22,-60.41194230271314,-27.30124544347669,-1.0995596720827265,33.91,1.0,headache,S024
-35.92,0.21,-60.2980980243477,-26.951795178054624,-0.5505912368743953,33.91,1.0,headache,S024
53.13,0.21,-60.08996071939413,-27.285153873465205,-1.1212750913352973,33.89,1.0,headache,S024
-25.13,0.22,-60.10353878663634,-27.113111003019764,-1.4507264594177514,33.89,1.0,headache,S024
-26.39,0.22,-60.24059029465876,-27.018183371144143,-1.701085445321069,33.89,1.0,headache,S024
47.43,0.21,-60.10597384359406,-27.09272478741468,-1.6463925645070823,33.89,1.0,headache,S024
-34.65,0.21,-60.03457632935211,-27.057365423264233,-1.9608231799145963,33.91,1.0,headache,S024
-4.08,0.22,-60.40194310793954,-27.09103468479906,-1.6158328983721844,33.91,1.0,headache,S024
37.99,0.22,-60.302494021206435,-26.994610779980782,-2.160448033505646,33.91,1.0,headache,S024
-53.38,0.21,-60.15085611749689,-26.994322544383486,-1.0168099513520517,33.91,1.0,headache,S024
17.89,0.22,-60.305235903053514,-27.009201586586627,-1.6443224176311848,33.91,1.0,headache,S024
29.72,0.22,-60.10896234210601,-26.990987571932056,-1.513285422071249,33.91,1.0,headache,S024
-50.95,0.21,-60.16789030524788,-27.00305241042569,-1.7509542741942488,33.91,1.0,headache,S024
39.07,0.21,-60.21342683816277,-27.03470925576341,-1.9386471794263247,33.91,1.0,headache,S024
18.4,0.22,-60.11066238965088,-27.128520053868147,-1.9959882843124108,33.91,1.0,headache,S024
-52.6,0.22,-60.26042886004715,-26.926305031559217,-1.8218565400303333,33.91,1.0,headache,S024
42.7,0.21,-60.15499425330189,-27.11755906929755,-2.0540105675749807,33.91,1.0,headache,S024
-4.51,0.21,-59.89909824430291,-27.075217626129888,-1.9153188749889518,33.91,1.0,headache,S024
-37.74,0.22,-60.156446176902655,-27.20636072472801,-2.101122882736264,33.89,1.0,headache,S024
55.51,0.22,-60.1546987512214,-27.0040692139766,-1.8796397090087595,33.89,1.0,headache,S024
-23.65,0.21,-60.0378298927088,-27.020805106193794,-2.3286012574709813,33.89,1.0,headache,S024
-35.54,0.22,-60.16347575067812,-26.97223708049617,-2.0426511138698147,33.89,1.0,headache,S024
63.71,0.22,-59.940061709724475,-27.032818220194738,-2.1341690222751972,33.87,1.0,headache,S024
-21.69,0.21,-59.944367143209426,-26.960962391371638,-1.8682923841447867,33.87,1.0,headache,S024
-30.61,0.22,-60.21368988443362,-27.051549370187228,-2.1363505571856924,33.87,1.0,headache,S024
59.41,0.22,-60.57801955616037,-26.869694971601955,-1.3251071462826598,33.87,1.0,headache,S024
-31.16,0.21,-60.35771619737494,-26.97648400042905,-1.8406498127956694,33.91,1.0,headache,S024
-8.99,0.21,-60.14105431966042,-26.991184869768993,-1.3401942793593944,33.91,1.0,headache,S024
46.25,0.21,-60.10136826359252,-27.01792226397209,-1.9316916384713274,33.91,1.0,headache,S024
-44.14,0.22,-60.23467347191608,-26.977087618644486,-1.757345264805544,33.91,1.0,headache,S024
15.98,0.22,-60.341814539996186,-27.02655438471293,-1.9525396986058905,33.87,1.0,headache,S024
14.07,0.21,-60.112555021136956,-26.97029413015485,-1.8482983248474882,33.87,1.0,headache,S024
-49.31,0.22,-60.317176195137954,-27.032764070893084,-1.9608845950467138,33.87,1.0,headache,S024
41.5,0.22,-60.179998666973745,-26.96400379783397,-1.7410508354441807,33.87,1.0,headache,S024
-8.98,0.21,-60.06245466333291,-27.0396716883789,-2.123731573547415,33.89,1.0,headache,S024
-32.93,0.21,-60.24426352274245,-26.955811808558774,-1.7296957054248936,33.89,1.0,headache,S024
50.91,0.22,-60.258651441476914,-27.050366819970936,-2.1266475478560203,33.89,1.0,headache,S024
-35.51,0.22,-60.24963705440264,-26.939301528418454,-1.7583980252831972,33.89,1.0,headache,S024
-9.83,0.21,-60.32719108893067,-27.090994698881975,-2.183254401690061,33.89,1.0,headache,S024
46.25,0.21,-60.28331463537121,-27.056735385725496,-1.3631649176460003,33.89,1.0,headache,S024
-44.37,0.22,-60.182313003868444,-27.03340400236008,-2.3058539790681762,33.89,1.0,headache,S024
8.42,0.22,-60.09428817241097,-26.94745143524583,-1.4679055313789153,33.89,1.0,headache,S024
37.39,0.21,-60.16390725581262,-27.06851765276046,-2.166239059504324,33.91,1.0,headache,S024
-46.95,0.21,-60.130781127100406,-26.91158061064116,-1.317231599417452,33.91,1.0,headache,S024
26.44,0.22,-60.0574544708249,-27.11966297325792,-2.427389120551862,33.91,1.0,headache,S024
14.66,0.21,-60.12821541201401,-26.816174744417108,-1.1028259977262957,33.91,1.0,headache,S024
-41.53,0.21,-59.96177383465989,-27.453190132018403,-4.05257342958825,33.89,1.0,headache,S024
36.44,0.21,-60.94415636280962,-26.576784604928886,0.5630239840156744,33.89,1.0,headache,S024
-10.05,0.21,-60.77643766146476,-25.347468081749216,6.541859250466011,33.89,1.0,headache,S024
-40.76,0.21,-62.73293876712767,-24.632213692890872,8.67904030864959,33.89,1.0,headache,S024
50.97,0.21,-56.99810924991236,-29.223008715228573,-0.685704456435447,33.89,1.0,headache,S024
-32.92,0.21,-59.306402601433646,-30.306516981738937,-7.096968677794906,33.89,1.0,headache,S024
-24.49,0.21,-58.742265573192924,-28.98991417092722,-4.891277602733727,33.89,1.0,headache,S024
83.23,0.21,-58.75619962021973,-29.32491637582699,-6.637408648297638,33.89,1.0,headache,S024
-19.34,0.21,-58.61700460247989,-29.162550931965537,-4.796460218899331,33.91,1.0,headache,S024
-44.12,0.21,-59.24045549610654,-28.873230848432176,-5.9122354601511615,33.91,1.0,headache,S024
40.09,0.21,-58.97269193802043,-28.774497305504397,-5.207608143773268,33.91,1.0,headache,S024
-42.96,0.21,-58.98523436113651,-29.063915989799238,-5.8672384940663935,33.91,1.0,headache,S024
-18.0,0.21,-58.99777147905117,-28.945729635181074,-5.060289661248996,33.89,1.0,headache,S024
55.23,0.21,-58.95187950690674,-29.053501220485327,-5.328931887159273,33.89,1.0,headache,S024
-30.12,0.22,-59.080367467469166,-28.93549559813865,-4.823439237962806,33.89,1.0,headache,S024
-9.56,0.21,-59.11796474017514,-28.97140200852411,-5.423460427155918,33.89,1.0,headache,S024
43.16,0.21,-59.02843919178811,-29.05059909273257,-5.484204166175752,33.91,1.0,headache,S024
-40.43,0.21,-58.90168617381395,-28.94762059938354,-5.5701473406808395,33.91,1.0,headache,S024
18.96,0.22,-59.154781864516025,-29.056189584757252,-5.419247250375361,33.91,1.0,headache,S024
27.86,0.21,-59.21310465367499,-29.048466356360677,-4.39576355781939,33.91,1.0,headache,S024
-47.76,0.21,-59.19607524159739,-28.72249525039079,-5.1856920665279045,33.91,1.0,headache,S024
33.36,0.22,-59.13365869439138,-28.705640804142558,-4.855387643146176,33.91,1.0,headache,S024
-0.87,0.21,-59.06443950513835,-28.914582503682993,-5.136365862258721,33.91,1.0,headache,S024
-32.7,0.21,-59.21654974597051,-28.776144454262646,-4.934582922695651,33.91,1.0,headache,S024
44.96,0.21,-59.294180402589504,-28.978783067995654,-5.321918325741258,33.91,1.0,headache,S024
-31.88,0.21,-58.93583786735452,-28.969365789068647,-4.790402339021202,33.91,1.0,headache,S024
-20.36,0.21,-59.432582627174924,-28.83705992623535,-5.37445406826593,33.91,1.0,headache,S024
51.23,0.21,-58.64843914478516,-28.402972499002374,-4.431453649242095,33.91,1.0,headache,S024
-38.66,0.21,-60.38835122828829,-27.72850589931352,-5.442437013819067,33.89,1.0,headache,S024
-8.8,0.22,-59.35863938574475,-28.01159648963869,-5.8175126172004665,33.89,1.0,headache,S024
53.18,0.21,-58.65052506356625,-28.5029565053623,-6.485832373001254,33.89,1.0,headache,S024
-44.84,0.21,-58.336236791028654,-29.291267576137756,-10.32196355399102,33.89,1.0,headache,S024
-7.85,0.22,-57.45126885266381,-29.71298058674319,-10.688162958826313,33.93,1.0,headache,S024
51.86,0.21,-57.53457637608533,-29.991796039190202,-10.799333566050018,33.93,1.0,headache,S024
-39.76,0.21,-57.672313449565166,-29.883055783526473,-10.096441514044155,33.93,1.0,headache,S024
-16.56,0.22,-57.82858623782234,-30.013921833434907,-10.882003243387791,33.93,1.0,headache,S024
60.88,0.22,-57.660456828307176,-30.046725703277467,-10.336407258898948,33.93,1.0,headache,S024
-26.47,0.21,-57.39295347318668,-30.0951803999979,-10.432727059972168,33.93,1.0,headache,S024
-26.64,0.22,-57.63505977147639,-30.0308247058898,-9.692942926823205,33.93,1.0,headache,S024
52.02,0.22,-57.41804343859352,-30.116758229454177,-10.227403049202046,33.93,1.0,headache,S024
-19.47,0.22,-57.40112292900637,-30.17526413752299,-9.778256945197054,33.93,1.0,headache,S024
-36.31,0.22,-57.700228417123455,-30.07643070681163,-10.342684204151272,33.93,1.0,headache,S024
47.03,0.23,-57.341166599349194,-30.04471224861429,-10.059927812210814,33.93,1.0,headache,S024
-14.6,0.23,-57.069581445007465,-30.168312893898257,-10.278918900524058,33.93,1.0,headache,S024
-37.66,0.23,-57.22633834829141,-30.114704819313246,-9.874548085605426,33.95,1.0,headache,S024
47.43,0.23,-57.296070312395074,-30.07724070715616,-10.599565965464683,33.95,1.0,headache,S024
-9.12,0.23,-57.48033115179144,-30.196123715016373,-9.979160352827654,33.95,1.0,headache,S024
-39.34,0.23,-57.28762074893677,-30.040932586623,-10.576705199773434,33.95,1.0,headache,S024
44.0,0.23,-57.063906632437806,-30.25450197960121,-10.518977473058339,33.93,1.0,headache,S024
-11.06,0.23,-57.29526729885349,-30.02873032703278,-11.060318122221204,33.93,1.0,headache,S024
-37.07,0.23,-57.34938284519264,-30.06921958205983,-10.722078382409148,33.93,1.0,headache,S024
45.56,0.23,-57.90215346972544,-30.096212125496457,-10.4966154622724,33.93,1.0,headache,S024
-23.1,0.23,-57.71336031162301,-30.132054354684563,-6.861796141603088,33.93,1.0,headache,S024
-25.54,0.23,-58.547079686181974,-29.876375257324298,-3.136060942774633,33.93,1.0,headache,S024
47.42,0.23,-58.19783564541039,-30.368461399206677,-5.90374723891572,33.93,1.0,headache,S024
-37.68,0.23,-58.18236360329512,-30.56516260608343,-4.6313405911060075,33.93,1.0,headache,S024
-9.0,0.23,-58.13954253535598,-30.395302289887944,-4.807847964735825,33.91,1.0,headache,S024
59.2,0.23,-58.26918626758057,-30.74033078104907,-5.421356112062025,33.91,1.0,headache,S024
-43.71,0.23,-58.292921879629965,-30.718583038131065,-4.91938405893699,33.91,1.0,headache,S024
5.28,0.23,-57.42752847047198,-31.365460615796867,-5.162471351738889,33.91,1.0,headache,S024
47.29,0.23,-57.48673304967013,-31.789986154436036,-6.991796137173369,33.93,1.0,headache,S024
-50.93,0.22,-57.29654520314343,-31.406932964976544,-6.638869766653861,33.93,1.0,headache,S024
31.59,0.23,-57.529088737102015,-31.483945407454687,-5.695343649880893,33.93,1.0,headache,S024
16.59,0.23,-57.77963212301145,-31.01257931789071,-5.276703858238375,33.93,1.0,headache,S024
-46.54,0.22,-58.097593443870956,-31.00149911309311,-5.594596689869958,33.93,1.0,headache,S024
49.01,0.22,-57.84186236730241,-31.073652827839403,-4.93309712120085,33.93,1.0,headache,S024
-2.77,0.23,-57.961135960284,-30.93923606837062,-4.446811317397322,33.93,1.0,headache,S024
-33.2,0.23,-57.76294266200081,-31.407510996544925,-5.693676592222909,33.93,1.0,headache,S024
51.64,0.23,-57.76738569973044,-31.07148970157953,-5.3574938381632276,33.91,1.0,headache,S024
-33.52,0.23,-57.60177611320994,-31.072061251642214,-6.367526269700483,33.91,1.0,headache,S024
-10.2,0.23,-57.828582209943875,-31.01954195479672,-5.50237187716497,33.91,1.0,headache,S024
33.58,0.22,-57.84570861659276,-31.305158717470807,-6.104226803527613,33.91,1.0,headache,S024
-49.84,0.23,-56.99334450052442,-32.00529089401915,-7.241565324792278,33.93,1.0,headache,S024
27.87,0.23,-57.24696042233394,-31.528932903241454,-5.377349962631999,33.93,1.0,headache,S024
10.21,0.23,-57.22339707491169,-31.965866116091433,-9.121549021280762,33.93,1.0,headache,S024
-53.26,0.22,-57.09513044638773,-31.609053535990707,-8.002316717296006,33.93,1.0,headache,S024
56.05,0.22,-57.0437778323076,-32.02135038776872,-8.420823165946178,33.91,1.0,headache,S024
-17.72,0.23,-57.02801733370628,-31.91773292462412,-7.732403637789936,33.91,1.0,headache,S024
-16.05,0.23,-57.09532173286331,-31.95730818895694,-8.53099948657401,33.91,1.0,headache,S024
53.26,0.22,-57.01623023733105,-31.931125634578628,-7.706511646137483,33.91,1.0,headache,S024
-44.31,0.22,-57.01674156442131,-32.0131981832141,-8.84691243549534,33.91,1.0,headache,S024
10.16,0.23,-57.108891280032424,-31.656031745703945,-7.591913440870393,33.91,1.0,headache,S024
33.98,0.23,-57.13635128061614,-32.01875358628166,-8.803129038731438,33.91,1.0,headache,S024
-55.07,0.22,-57.044129644944505,-31.630394515585124,-7.213308703564346,33.91,1.0,headache,S024
37.88,0.22,-55.93836088535971,-31.99773092112994,-10.827291207504842,33.93,1.0,headache,S024
4.01,0.22,-60.22190311562081,-27.45440147592094,-1.04634983891547,33.93,1.0,headache,S024
-41.83,0.22,-61.466720911775305,-24.597278871209113,6.591672648321218,33.93,1.0,headache,S024
48.25,0.22,-62.370054596948506,-24.32481746193888,4.409205002786207,33.93,1.0,headache,S024
-27.4,0.22,-60.78606698900482,-24.173890978914958,5.750804033732399,33.93,1.0,headache,S024
-8.21,0.23,-66.06319639980359,-23.09097952972417,7.306073180799115,33.93,1.0,headache,S024
44.3,0.22,-55.28661245336753,-31.178070760777373,0.8365469788479795,33.93,1.0,headache,S024
-14.71,0.22,-52.319161345697516,-36.73820863909526,-10.156067631002283,33.93,1.0,headache,S024
14.39,0.23,-55.63430037064362,-35.10538153504748,-8.686249593077353,33.95,1.0,headache,S024
24.85,0.23,-54.02682121570189,-35.64829089439522,-8.685061735636264,33.95,1.0,headache,S024
-42.28,0.24,-54.99862125344984,-35.253558698532565,-8.408718055442593,33.95,1.0,headache,S024
-32.46,0.22,-54.42733914996426,-35.42167891432786,-8.900994157799552,33.95,1.0,headache,S024
8.02,0.22,-54.8012944311596,-34.88516336127633,-8.678887701626081,33.93,1.0,headache,S024
-46.48,0.23,-54.80186985414305,-35.11671476476201,-9.4313277554245,33.93,1.0,headache,S024
17.15,0.22,-55.05406232335363,-35.128026760537104,-9.06355429870343,33.93,1.0,headache,S024
34.61,0.22,-54.665139943235495,-35.09969812267604,-8.839039480562777,33.93,1.0,headache,S024
-42.66,0.22,-55.163327979879654,-34.92197214282064,-8.132509296653776,33.97,1.0,headache,S024
19.87,0.22,-55.362680162040725,-34.72501381699077,-8.048720453318497,33.97,1.0,headache,S024
21.59,0.22,-56.035396356150436,-34.37651267083663,-7.507956946617009,33.97,1.0,headache,S024
-38.01,0.22,-55.55679399286536,-34.599069597818286,-7.681826044250837,33.97,1.0,headache,S024
28.05,0.23,-55.57408694510415,-34.47090412260117,-7.810901279456711,33.95,1.0,headache,S024
18.59,0.22,-55.16072257143195,-34.51504867536395,-7.949162067428624,33.95,1.0,headache,S024
-46.36,0.22,-55.400092945713624,-34.540512403079035,-7.911880386098331,33.95,1.0,headache,S024
26.5,0.22,-56.06317788485682,-34.06168281253731,-8.213554418312436,33.95,1.0,headache,S024
10.57,0.23,-56.54314428672398,-33.03664048038532,-4.962509865291875,33.99,1.0,headache,S024
-38.32,0.22,-56.355899807177494,-33.513551079302204,-5.555374070807357,33.99,1.0,headache,S024
40.35,0.22,-56.125785638742926,-33.93753899568461,-6.052110731880483,33.99,1.0,headache,S024
1.0,0.22,-55.99663675504068,-34.049417324190244,-6.04976593353279,33.99,1.0,headache,S024
-31.2,0.22,-55.989864648679266,-33.95027446917584,-6.088693700839452,33.97,1.0,headache,S024
37.08,0.22,-55.97676359715966,-34.055986498406284,-6.53919957095908,33.97,1.0,headache,S024
-8.36,0.22,-56.17979958485499,-33.905859283179964,-6.00032215299529,33.97,1.0,headache,S024
-50.4,0.22,-55.95728263966744,-33.922340146452235,-6.709121180394032,33.97,1.0,headache,S024
43.87,0.22,-56.29337069700995,-33.867985294313065,-6.336965236711927,33.95,1.0,headache,S024
11.13,0.22,-56.062789964808196,-34.04711766057576,-6.431858615309041,33.95,1.0,headache,S024
-46.77,0.22,-56.116892402340554,-33.93960612706588,-6.8777695052531955,33.95,1.0,headache,S024
35.81,0.22,-56.150059349496985,-33.92429252852875,-6.727384386924474,33.95,1.0,headache,S024
21.21,0.22,-56.10665884275709,-33.93283559198899,-6.9328049922615405,33.97,1.0,headache,S024
-45.34,0.22,-56.04647498759642,-33.91631932136283,-7.024522497498909,33.97,1.0,headache,S024
21.29,0.22,-56.00265909840972,-34.01734621350007,-7.264705665293518,33.97,1.0,headache,S024
24.37,0.22,-55.98508809601931,-33.99510036255792,-7.225302887416553,33.97,1.0,headache,S024
-44.27,0.22,-56.02070043113156,-34.00039998572649,-7.534025269173369,33.93,1.0,headache,S024
22.82,0.22,-56.07959969980906,-33.8965767863792,-7.235554957892951,33.93,1.0,headache,S024
19.75,0.22,-56.137944383591986,-33.86823983220289,-7.12629137568502,33.93,1.0,headache,S024
-45.0,0.22,-56.01015484813571,-33.98910251057646,-7.295835552174062,33.93,1.0,headache,S024
21.99,0.22,-56.22746201396693,-33.899662857404365,-7.3494435953506,33.93,1.0,headache,S024
26.92,0.22,-56.0559389151248,-33.95659463664764,-7.904587847007878,33.93,1.0,headache,S024
-46.2,0.23,-55.88995306023607,-34.02781057749441,-7.686940669742238,33.93,1.0,headache,S024
10.99,0.22,-55.94683838131263,-33.97444066069423,-8.013370759377938,33.93,1.0,headache,S024
31.57,0.22,-56.02834753750167,-34.02796270900186,-7.942805338449332,33.95,1.0,headache,S024
-41.65,0.22,-55.97467730553636,-33.96453002014923,-8.069388041537378,33.95,1.0,headache,S024
11.02,0.22,-56.082697634355114,-34.05536716986233,-7.920349792653616,33.95,1.0,headache,S024
31.53,0.22,-55.898120726521576,-33.84159313107057,-8.099262493040444,33.95,1.0,headache,S024
-47.31,0.22,-56.069350828657704,-33.84119272732683,-7.818535706273979,33.93,1.0,headache,S024
5.84,0.22,-55.81376220023038,-34.04924529805154,-7.723016120530991,33.93,1.0,headache,S024
39.39,0.22,-55.892317624779494,-33.97206669362115,-8.033469511714916,33.93,1.0,headache,S024
-41.46,0.22,-55.87248775863508,-34.0186136017419,-7.992487999677576,33.93,1.0,headache,S024
3.24,0.22,-55.74027998381696,-33.98680794840572,-8.001786093103425,33.95,1.0,headache,S024
32.62,0.22,-56.01980383295234,-34.00948081958449,-7.992741548505572,33.95,1.0,headache,S024
-39.86,0.22,-56.01820741246772,-33.993361920523206,-8.049293918790907,33.95,1.0,headache,S024
11.84,0.22,-55.857275838583746,-34.00426501839288,-8.106082642720006,33.95,1.0,headache,S024
26.95,0.22,-55.945958606867826,-33.99785908274264,-8.072730453940883,33.95,1.0,headache,S024
-48.99,0.22,-55.97886733437229,-34.00012467824162,-8.049370256518843,33.95,1.0,headache,S024
21.4,0.22,-55.90078653393365,-34.0018891745345,-7.961180622035342,33.95,1.0,headache,S024
28.54,0.22,-56.02388406727373,-33.99600547965249,-8.033298433584834,33.95,1.0,headache,S024
-45.18,0.22,-55.68641324930713,-34.00629109072149,-7.971120281973863,33.95,1.0,headache,S024
23.0,0.22,-55.79147192078053,-33.99109721832358,-8.024274196743555,33.95,1.0,headache,S024
28.52,0.22,-55.86252168472592,-34.012004393599675,-7.9818749630211965,33.95,1.0,headache,S024
-44.03,0.22,-55.98393819718829,-33.984129681306996,-8.006155481893563,33.95,1.0,headache,S024
21.69,0.22,-55.62681867788608,-34.02097788843158,-8.09564403111052,33.95,1.0,headache,S024
19.55,0.22,-55.87425766374243,-33.97173912930153,-8.044801092531905,33.95,1.0,headache,S024
-46.35,0.22,-55.71541868675543,-34.03985199584899,-7.979938551911257,33.95,1.0,headache,S024
27.56,0.22,-56.232033039814986,-33.938111935869955,-7.997889286845907,33.95,1.0,headache,S024
24.49,0.22,-55.692764617562005,-34.12070695046257,-8.062687950970568,33.95,1.0,headache,S024
-48.68,0.22,-54.173883636081804,-33.47560669911974,-8.471813754074192,33.95,1.0,headache,S024
25.65,0.22,-59.75134265978602,-28.811246388456418,-4.182797097296635,33.95,1.0,headache,S024
24.17,0.22,-61.490532335623584,-25.99317241389014,-0.6977853617286369,33.95,1.0,headache,S024
-43.4,0.22,-62.222913360601154,-23.1195318822449,3.5112790595027947,33.95,1.0,headache,S024
22.57,0.22,-63.36710291856189,-22.27027584970348,4.563173318013546,33.95,1.0,headache,S024
23.71,0.22,-61.59971467948329,-24.48621778315818,4.276449477855794,33.95,1.0,headache,S024
-46.27,0.22,-60.1902313128239,-26.15198227474811,2.8331566175722522,33.95,1.0,headache,S024
24.18,0.22,-61.36862740980849,-25.830969282568276,2.6653884128931296,33.95,1.0,headache,S024
28.3,0.22,-60.65783136146162,-25.98896394841626,2.6304997525030167,33.95,1.0,headache,S024
-50.92,0.22,-61.12800260585644,-25.97726041750291,2.342498437293665,33.95,1.0,headache,S024
0.97,0.22,-60.9159167122748,-26.02508488360457,2.2665611056493025,33.95,1.0,headache,S024
51.93,0.22,-61.229934604470124,-25.975878141553014,1.956271545710722,33.97,1.0,headache,S024
-31.43,0.22,-60.84371405332412,-26.022583433231585,2.0438022634297583,33.97,1.0,headache,S024
-18.59,0.22,-61.13790444877291,-25.978997153813964,1.8902010232817439,33.97,1.0,headache,S024
42.98,0.22,-60.870222171580835,-26.01948469420694,2.028190904986496,33.97,1.0,headache,S024
-21.81,0.22,-61.130974230671725,-25.981990006163304,2.0808166988794614,33.95,1.0,headache,S024
-27.58,0.22,-60.818754399965975,-26.016492054495867,1.9603975621194671,33.95,1.0,headache,S024
38.48,0.22,-60.90072969670813,-25.985256716102445,2.0235232835220236,33.95,1.0,headache,S024
-18.19,0.22,-60.929113197481776,-26.012306699890583,1.9906733725190984,33.95,1.0,headache,S024
-27.85,0.22,-61.03701273897054,-25.992288547920083,1.988758492670626,33.95,1.0,headache,S024
43.22,0.22,-60.79109930847475,-25.992507372304043,2.057010833433311,33.95,1.0,headache,S024
-13.93,0.22,-61.17356871571964,-25.867711857760995,1.6541057902116647,33.95,1.0,headache,S024
-33.35,0.22,-60.703366621283145,-25.96610085629504,1.3745240953945712,33.95,1.0,headache,S024
41.86,0.22,-60.831016207863,-25.845302874294248,1.6590504805064656,33.97,1.0,headache,S024
-7.42,0.22,-60.62446736828443,-26.071392983732427,0.8037445585484732,33.97,1.0,headache,S024
-34.16,0.22,-60.79533194880763,-26.24287429698625,1.378897302479981,33.97,1.0,headache,S024
40.04,0.22,-60.89283048171775,-26.004319113225677,1.406438552589709,33.97,1.0,headache,S024
-4.95,0.22,-60.87294876380966,-26.116322325647882,1.0023054671830876,33.97,1.0,headache,S024
-42.92,0.22,-60.95685232364558,-26.029422203693546,1.220846714928551,33.97,1.0,headache,S024
40.85,0.22,-60.91676394066172,-25.98533927156965,1.231451200562984,33.97,1.0,headache,S024
-5.03,0.22,-60.87480590612389,-26.010940859717333,1.21188668879787,33.97,1.0,headache,S024
-33.68,0.22,-60.95387075895735,-25.990643079418085,1.5350861508306795,33.97,1.0,headache,S024
46.26,0.22,-60.927457226209874,-26.008484451467602,1.1595929957236206,33.97,1.0,headache,S024
-1.56,0.22,-60.927089881695956,-25.99208225278143,1.4591412735602978,33.97,1.0,headache,S024
-37.07,0.22,-60.940409119498305,-26.00750861586227,1.1287168979821836,33.97,1.0,headache,S024
42.67,0.22,-60.83504088844858,-25.992803706008356,1.3996276813042168,33.97,1.0,headache,S024
-5.37,0.22,-60.98173375417256,-26.006957032950098,1.640428267221044,33.97,1.0,headache,S024
-34.37,0.22,-60.82855879236079,-25.99321210429932,1.7431786235111766,33.97,1.0,headache,S024
46.47,0.22,-60.75203611514172,-26.00670477050468,1.9042108737989485,33.97,1.0,headache,S024
-16.45,0.22,-61.08304957070707,-25.99324656187707,1.5234235846866946,33.97,1.0,headache,S024
-19.81,0.22,-60.77821639647811,-26.0070522038901,1.1788325060155795,33.97,1.0,headache,S024
43.69,0.22,-60.78159144748339,-25.99202770824577,1.346372516178155,33.97,1.0,headache,S024
-29.67,0.22,-61.04010573848812,-26.011470958605845,1.461365909569175,33.97,1.0,headache,S024
-7.13,0.22,-60.86091130796929,-26.120543168641934,1.550618983198582,33.97,1.0,headache,S024
34.7,0.22,-61.00192730265504,-25.996919837175085,1.2679955864560193,33.97,1.0,headache,S024
-41.03,0.22,-60.98872393334658,-26.00017290319767,1.099185471181931,33.97,1.0,headache,S024
3.82,0.22,-60.93081957035783,-26.0006306846304,1.6497906160523939,33.97,1.0,headache,S024
35.83,0.22,-60.9552014102236,-25.99912008434091,1.3315629709724506,33.97,1.0,headache,S024
-43.67,0.22,-60.88070905228104,-26.000895960052294,1.3396216741414904,33.97,1.0,headache,S024
6.89,0.22,-60.98696873613081,-25.99921475995433,1.5826870456031126,33.97,1.0,headache,S024
32.12,0.22,-61.00985075848811,-26.000590834558487,1.391544775360628,33.97,1.0,headache,S024
-42.08,0.22,-60.98918363134157,-25.999669223992093,1.5206115961941455,33.97,1.0,headache,S024
15.48,0.22,-61.01357220389293,-26.00001048677981,1.1936115014238153,33.97,1.0,headache,S024
19.97,0.22,-60.98144011193094,-26.000372932463524,1.5183281769191967,33.97,1.0,headache,S024
-43.06,0.22,-61.02961353285109,-25.99917011156755,1.6468551972345176,33.97,1.0,headache,S024
27.0,0.22,-60.868812048000784,-26.001379798936973,1.3978321682958215,33.95,1.0,headache,S024
20.22,0.22,-60.989794234948185,-25.997944690218514,1.2562431652462727,33.95,1.0,headache,S024
-46.53,0.22,-60.98877337608744,-26.002911251548436,1.1310574608730226,33.95,1.0,headache,S024
27.81,0.22,-61.02466445101744,-25.995956176536858,1.21548366538107,33.95,1.0,headache,S024
16.4,0.22,-60.95649688344872,-26.005635401587043,1.2668815682670547,33.95,1.0,headache,S024
-39.3,0.22,-60.940588926776,-25.99192490954681,1.1888317991019028,33.95,1.0,headache,S024
34.11,0.22,-60.707253642888325,-26.012361468983585,1.2619600996583749,33.95,1.0,headache,S024
2.38,0.22,-60.877395748496966,-25.977952176595572,1.2479339239371747,33.95,1.0,headache,S024
-46.64,0.22,-60.89946753389766,-26.06575275677311,1.3417137971985917,33.97,1.0,headache,S024
43.03,0.22,-60.80617684707103,-26.092741216946447,1.4575830130065872,33.97,1.0,headache,S024
9.75,0.22,-61.0691276302387,-25.96998309119796,1.691797344980665,33.97,1.0,headache,S024
-41.66,0.21,-60.76502783236922,-26.019008772228524,1.3910938563520165,33.97,1.0,headache,S024
43.24,0.22,-61.011504808658565,-25.98535825867176,1.4562204861775305,33.97,1.0,headache,S024
4.02,0.22,-60.97873865475315,-26.012646062254017,1.6131191033095813,33.97,1.0,headache,S024
-37.32,0.22,-60.93181407294494,-25.987795566229114,1.392200945304787,33.97,1.0,headache,S024
35.05,0.22,-60.982161371718206,-26.013983987619625,1.2995171433835897,33.97,1.0,headache,S024
-5.38,0.22,-60.861100442522854,-25.97687294505496,1.515327308387689,33.95,1.0,headache,S024
-32.45,0.22,-60.895859762823505,-26.135456727365742,1.0027826002873976,33.95,1.0,headache,S024
42.58,0.21,-61.15503686198086,-26.015310415733747,1.1314906336286739,33.95,1.0,headache,S024
-17.67,0.22,-61.15250881564316,-25.639255952056875,2.796329297599309,33.95,1.0,headache,S024
-28.05,0.22,-60.72944486328551,-26.406777606705152,0.3804500852794675,33.97,1.0,headache,S024
46.7,0.22,-59.37053540555244,-28.821606379663272,-1.8122644444496527,33.97,1.0,headache,S024
-19.7,0.22,-58.96726085343131,-30.384708598320636,-2.6144309956365883,33.97,1.0,headache,S024
-23.36,0.22,-57.5037861513006,-31.295011916320508,-0.5134355812469074,33.97,1.0,headache,S024
39.39,0.22,-57.450121638392396,-32.332216986330685,-1.350176366178326,33.97,1.0,headache,S024
-27.6,0.21,-56.73923423030058,-33.152891146076065,-2.4633426526303848,33.97,1.0,headache,S024
-3.37,0.22,-57.31601828013351,-33.007369438439945,-1.284428365191134,33.97,1.0,headache,S024
25.75,0.22,-56.94426818683669,-33.12776531443288,-2.3614336224695145,33.97,1.0,headache,S024
-41.53,0.22,-57.13736452595759,-32.80480785784703,-2.5203152376670843,33.97,1.0,headache,S024
15.98,0.21,-56.842275567812415,-33.00015003180525,-2.9433525714478197,33.97,1.0,headache,S024
32.05,0.22,-57.189964171525624,-33.07484568847329,-2.998553794674492,33.97,1.0,headache,S024
-57.92,0.22,-57.22819727142133,-32.88746938106781,-2.453838867327199,33.97,1.0,headache,S024
28.32,0.22,-56.80515208234995,-33.01925048405071,-3.0685620316459072,34.0,1.0,headache,S024
25.25,0.21,-57.00661366836792,-33.05734081175035,-3.2084319176019567,34.0,1.0,headache,S024
-50.91,0.22,-57.32801379532748,-32.49399038209241,-2.7948970676041895,34.0,1.0,headache,S024
36.12,0.22,-57.7225913951956,-32.09332753504286,-2.4236157301937893,34.0,1.0,headache,S024
21.01,0.21,-57.23255587887226,-32.714507795575265,-4.105928287965605,34.03,1.0,headache,S024
-48.53,0.21,-57.401203614271836,-31.938225365695075,-2.7365955490200577,34.03,1.0,headache,S024
29.94,0.22,-57.16666613254726,-32.68618897236013,-4.038116370343205,34.03,1.0,headache,S024
22.34,0.22,-58.55697636323311,-31.708979876580106,-0.602077825725568,34.03,1.0,headache,S024
-45.93,0.22,-57.38450327058943,-32.09461387500782,-1.611440634944946,34.03,1.0,headache,S024
24.54,0.21,-58.13553557347552,-31.877764816364383,-1.3984057176866371,34.03,1.0,headache,S024
17.86,0.22,-57.343357710081484,-32.2070968274337,-2.148127576561768,34.03,1.0,headache,S024
-44.65,0.22,-58.36608679824969,-31.73126290181573,-1.2753171213186905,34.03,1.0,headache,S024
33.13,0.22,-56.79244299554692,-32.43862137595634,-3.0565004428696514,34.05,1.0,headache,S024
14.08,0.22,-58.10938380223655,-30.49348466548084,-0.018149748533903262,34.05,1.0,headache,S024
-50.43,0.22,-60.46484461905344,-28.41058981965418,-0.4728224340099607,34.05,1.0,headache,S024
23.49,0.22,-59.8207213531977,-28.191658552448054,-3.2622151951983827,34.05,1.0,headache,S024
28.83,0.21,-60.207023205284315,-27.80652813964944,-1.7584076052180126,34.05,1.0,headache,S024
-50.62,0.22,-59.75977993862352,-28.144701826075014,-2.2322502098340373,34.05,1.0,headache,S024
22.75,0.22,-60.191021829669175,-27.621239137459874,-1.9651891468407399,34.05,1.0,headache,S024
31.2,0.22,-59.84372638614426,-27.865581009252278,-2.170797868001105,34.05,1.0,headache,S024
-54.15,0.21,-60.128575547891614,-27.726038539571515,-1.8931697157159786,34.03,1.0,headache,S024
14.1,0.22,-59.756622596028144,-27.782765250646317,-2.4880598947505654,34.03,1.0,headache,S024
25.97,0.22,-60.11275312959401,-27.482053256068205,-2.4310639703178807,34.03,1.0,headache,S024
-46.47,0.22,-59.90240603473484,-27.630099124005387,-3.165886603525801,34.03,1.0,headache,S024
12.56,0.22,-60.22224826911236,-27.355102196196547,-2.939516878244497,34.03,1.0,headache,S024
29.51,0.22,-59.9635496673508,-27.756695443232044,-3.7001465988997877,34.03,1.0,headache,S024
-42.37,0.22,-59.99914771803386,-27.422991428453457,-3.1715692981678822,34.03,1.0,headache,S024
17.7,0.22,-60.00320966734236,-27.46219218595096,-3.517953819554391,34.03,1.0,headache,S024
23.27,0.22,-60.02506751414064,-27.419236201048328,-3.105843188938351,34.03,1.0,headache,S024
-37.24,0.22,-60.06674646876448,-27.05529698301427,-2.689371815797539,34.03,1.0,headache,S024
24.44,0.21,-60.297431148289796,-26.961291457327007,-2.218902114991058,34.03,1.0,headache,S024
9.99,0.21,-59.96351441065571,-27.03216846698393,-2.644385222959946,34.03,1.0,headache,S024
-39.35,0.22,-60.43380478809864,-26.97121091594186,-2.683186648545313,34.03,1.0,headache,S024
32.91,0.22,-60.07115472021123,-27.028268929465682,-1.9978949141458984,34.03,1.0,headache,S024
7.99,0.21,-60.3473310861771,-26.96426411412359,-2.369803802651473,34.03,1.0,headache,S024
-40.26,0.22,-59.90018757101924,-27.23885637522881,-3.6841532350608297,34.03,1.0,headache,S024
30.34,0.22,-60.82630211485625,-26.711207069991815,0.1604500844923048,34.0,1.0,headache,S024
-5.26,0.22,-59.858919790688816,-27.518899583451994,-0.8270277102969695,34.0,1.0,headache,S024
-26.73,0.21,-60.17905346322431,-27.03929028135761,-1.2411946463715307,34.0,1.0,headache,S024
31.6,0.22,-60.203351481469774,-27.12160680336292,-0.5978900411483414,34.0,1.0,headache,S024
-39.85,0.22,-60.35505333432672,-27.020633498073817,-0.6658236293562674,34.0,1.0,headache,S024
-3.62,0.21,-60.03602409731468,-26.99432186667163,-0.6427913252392696,34.0,1.0,headache,S024
73.02,0.21,-60.217875178951886,-27.00181031952154,-1.0815535152922544,34.0,1.0,headache,S024
-21.67,0.22,-60.04458181938729,-27.000037610930608,-0.9462437009249347,34.0,1.0,headache,S024
-22.89,0.21,-60.21385017613248,-26.99820173184828,-0.9827829390738496,34.05,1.0,headache,S024
48.12,0.21,-60.24222827162682,-27.00506126042941,-0.8690689909719491,34.05,1.0,headache,S024
-33.76,0.22,-60.20609691842476,-26.985638299392164,-1.0657347074785914,34.05,1.0,headache,S024
-30.44,0.22,-59.9762810451641,-27.074192116033483,-1.0758361768491926,34.05,1.0,headache,S024
57.74,0.21,-60.47194232568916,-27.086408236817633,-0.8068731609363811,34.05,1.0,headache,S024
-17.17,0.21,-60.47152893819106,-26.959094736751545,-1.2534603383041547,34.05,1.0,headache,S024
-36.78,0.22,-60.5067966575379,-26.96878997015016,-2.5168421582554834,34.05,1.0,headache,S024
49.76,0.22,-60.33932511658754,-26.826799047927793,-1.9685875165329352,34.05,1.0,headache,S024
-8.04,0.21,-60.43002519402887,-26.8674895797522,-2.4396380886359874,34.05,1.0,headache,S024
-36.76,0.22,-60.20308873786117,-26.84901353357673,-1.9779061542655476,34.05,1.0,headache,S024
48.71,0.22,-60.27331553041561,-26.86269765511971,-1.703748016145754,34.05,1.0,headache,S024
-11.56,0.21,-60.19834904402553,-26.937386848868243,-1.929299381766108,34.05,1.0,headache,S024
-31.86,0.21,-60.13612141472196,-27.02998750144093,-2.081165323053817,34.07,1.0,headache,S024
42.13,0.21,-60.16125310717903,-27.078358065400035,-1.95048619456571,34.07,1.0,headache,S024
-29.46,0.22,-60.21758176855756,-26.945859763235934,-2.219546445197643,34.07,1.0,headache,S024
-17.74,0.21,-60.34017290153722,-27.052149857425153,-1.6816899990830387,34.07,1.0,headache,S024
45.05,0.21,-60.32214238426769,-26.887507099611778,-2.047676605263996,34.05,1.0,headache,S024
-37.53,0.22,-60.601835136173705,-27.09435179055569,-2.127354529572309,34.05,1.0,headache,S024
-5.65,0.22,-60.50215134674881,-26.83461882302759,-2.558455638770726,34.05,1.0,headache,S024
47.57,0.21,-60.26450849540409,-26.920973119518827,-2.693058875553263,34.05,1.0,headache,S024
-32.4,0.21,-60.11495502309679,-26.983240432264097,-2.5643923703829796,34.05,1.0,headache,S024
-6.38,0.22,-60.10778515491084,-27.000573008523507,-2.822777733236416,34.05,1.0,headache,S024
29.84,0.21,-59.96760274088436,-27.004172268539108,-2.205287008337203,34.05,1.0,headache,S024
-40.16,0.21,-60.15847130644969,-26.992841913781227,-2.5164207020716773,34.05,1.0,headache,S024
11.84,0.22,-60.09788481129187,-27.00988618486791,-2.2290835302913248,34.05,1.0,headache,S024
24.24,0.22,-60.00647989512221,-26.987122258628432,-1.9760449344086437,34.05,1.0,headache,S024
-48.64,0.21,-60.01943812058625,-27.016534774895934,-2.4573497853888084,34.05,1.0,headache,S024
25.16,0.21,-60.138451394638345,-26.978562582022693,-2.412665262660684,34.05,1.0,headache,S024
2.61,0.22,-59.93083464591329,-27.028746387023304,-2.5574271696710067,34.07,1.0,headache,S024
-36.92,0.22,-60.14178064442891,-26.958573179174135,-2.3612934944826645,34.07,1.0,headache,S024
46.05,0.21,-60.004546351834534,-27.07035899719831,-2.957634101928611,34.07,1.0,headache,S024
-13.99,0.21,-60.168699283558944,-26.768378994098335,-3.7644001513946588,34.07,1.0,headache,S024
-20.29,0.21,-60.18101628080616,-27.053132905930603,-5.179827560999875,34.07,1.0,headache,S024
41.92,0.21,-60.111059477269094,-27.065208674715894,-3.3018936843033435,34.07,1.0,headache,S024
-32.17,0.21,-60.22663105485499,-26.864327358499075,-3.201290442936289,34.07,1.0,headache,S024
10.9,0.21,-59.98892841692334,-26.814875417363695,-3.1058435278213303,34.07,1.0,headache,S024
16.11,0.21,-60.319033300124836,-27.01681635677343,-3.2990890159292854,34.05,1.0,headache,S024
-43.77,0.21,-60.32558803248622,-26.995790159271913,-3.5115409165785794,34.05,1.0,headache,S024
49.1,0.21,-60.21818466861297,-27.001346950844596,-3.518512723226873,34.05,1.0,headache,S024
-16.28,0.22,-60.13778466355702,-26.999339011411834,-3.978284893329675,34.05,1.0,headache,S024
-24.78,0.22,-60.133139804161104,-27.000523877408952,-3.8057292332502186,34.05,1.0,headache,S024
59.45,0.21,-60.233698175257054,-26.99964797013031,-3.849028127855019,34.05,1.0,headache,S024
-39.38,0.22,-59.92402493126136,-26.999781738694747,-3.8441974528963088,34.05,1.0,headache,S024
3.38,0.21,-60.29979695539659,-27.001618362841455,-4.064985082570034,34.05,1.0,headache,S024
39.48,0.21,-59.97367056960551,-26.995303829836043,-3.9070549555249925,34.05,1.0,headache,S024
-51.49,0.21,-60.07570657835462,-27.012430900815758,-4.208106144933487,34.05,1.0,headache,S024
36.5,0.21,-60.18786550342168,-27.114876722549006,-3.8519685634292355,34.05,1.0,headache,S024
21.15,0.21,-60.023286587251704,-26.971639502039984,-3.9413387747955597,34.05,1.0,headache,S024
-61.84,0.21,-60.17000170463819,-26.93058930524601,-4.613170055390694,34.03,1.0,headache,S024
34.87,0.21,-60.535810488407066,-26.53945894604609,-3.6161026053813674,34.03,1.0,headache,S024
33.87,0.21,-59.88370342738958,-27.039402205904082,-4.133145093768583,34.03,1.0,headache,S024
-58.57,0.22,-60.36712302027689,-26.83848597049952,-3.891300071519807,34.03,1.0,headache,S024
19.87,0.21,-60.024078536797745,-27.070400820115285,-4.100783893228957,34.05,1.0,headache,S024
39.59,0.21,-60.39840984441733,-26.771844380380223,-3.8997548802882234,34.05,1.0,headache,S024
-45.73,0.21,-59.71554072852454,-27.18300479241675,-4.105039224053708,34.05,1.0,headache,S024
1.44,0.21,-60.476315167957,-26.77958119974255,-3.88587873368877,34.05,1.0,headache,S024
44.19,0.21,-59.485629665933004,-26.997296528756777,-4.085015645204931,34.07,1.0,headache,S024
-41.22,0.21,-60.764644933333116,-25.467294068472434,-3.0361707593609406,34.07,1.0,headache,S024
-22.48,0.21,-62.484338414138286,-23.079673907143516,0.9108747633864919,34.07,1.0,headache,S024
52.19,0.21,-62.366657885697876,-22.54194055734947,1.5660036050038526,34.07,1.0,headache,S024
-14.82,0.21,-62.50196607377211,-22.74607676654082,1.3945109486629403,34.05,1.0,headache,S024
-27.74,0.21,-63.22562561397842,-22.507704293207507,1.439554473466542,34.05,1.0,headache,S024
38.59,0.22,-60.95316908241677,-24.389355863166024,-0.16184159886828076,34.05,1.0,headache,S024
-7.46,0.21,-61.716787003224745,-24.64337702531713,-1.2328310127455013,34.05,1.0,headache,S024
-35.49,0.21,-62.08597415577234,-24.02191279855948,-1.184950721156293,34.03,1.0,headache,S024
23.88,0.21,-60.634114695667485,-25.183256700441124,-2.157932610194498,34.03,1.0,headache,S024
14.29,0.21,-61.54653107079197,-24.856385302465,-2.022213668402212,34.03,1.0,headache,S024
-60.73,0.21,-60.86738360742888,-25.108260377929376,-1.9392079404003146,34.03,1.0,headache,S024
13.62,0.21,-61.3780480739173,-24.77924075621672,-2.4257475819843584,34.03,1.0,headache,S024
23.38,0.21,-60.84598494931336,-25.090161231696687,-2.423730929369929,34.03,1.0,headache,S024
-40.53,0.21,-61.32984369985966,-24.9237535372416,-2.8571850405962667,34.03,1.0,headache,S024
21.23,0.21,-61.159787879208174,-25.06800098750513,-2.841669752306924,34.03,1.0,headache,S024
23.95,0.21,-61.28090535709629,-24.935675518149733,-2.8517398398722764,34.0,1.0,headache,S024
-38.02,0.21,-60.84216533797348,-25.073011663287648,-2.9371934608363257,34.0,1.0,headache,S024
11.38,0.21,-61.24458485040443,-25.078261454306176,-2.9435578118721337,34.0,1.0,headache,S024
21.34,0.21,-61.0069366893756,-25.015211741382455,-3.0312940992196604,34.0,1.0,headache,S024
-41.41,0.21,-61.3195186945586,-24.980910635829318,-2.962682859644654,34.0,1.0,headache,S024
18.54,0.21,-61.07470848779293,-25.01781330794035,-2.8146242944158253,34.0,1.0,headache,S024
21.73,0.21,-61.21390514837326,-24.98490694112994,-2.353072784749795,34.0,1.0,headache,S024
-42.16,0.21,-60.93029938594232,-25.011634803168842,-2.5309264368617237,34.0,1.0,headache,S024
21.35,0.21,-61.19153398912068,-24.992500154207423,-2.910109489525063,34.0,1.0,headache,S024
26.06,0.21,-60.977185708147154,-25.00239571957208,-2.4822459105788437,34.0,1.0,headache,S024
-39.22,0.21,-61.15041396854714,-25.004510773437577,-3.0348709045126614,34.0,1.0,headache,S024
16.92,0.21,-60.89749030910108,-24.984418037657672,-2.7012679397999175,34.0,1.0,headache,S024
16.4,0.21,-61.10371203880267,-25.040045726539812,-2.9673272914708217,34.0,1.0,headache,S024
-36.19,0.21,-61.16569057366283,-24.820485445174473,-2.9768574421349734,34.0,1.0,headache,S024
30.84,0.21,-61.848348155490925,-24.538033872592546,-2.1420076890420154,34.0,1.0,headache,S024
4.4,0.21,-60.85896448462563,-24.794224088211948,-2.034890666661939,34.0,1.0,headache,S024
-43.55,0.21,-61.83415392650289,-24.26938559519552,-2.7116461959356806,34.0,1.0,headache,S024
35.28,0.21,-61.592261340022574,-24.592733768363612,-3.065097081996787,34.0,1.0,headache,S024
18.29,0.21,-61.38175441667013,-24.282586658630606,-1.881933518751679,34.0,1.0,headache,S024
-46.57,0.21,-61.78842482551967,-23.84249608162297,-2.25009547986522,34.0,1.0,headache,S024
28.26,0.23,-61.92467647891288,-23.331095763703473,0.5575551126133365,33.99,1.0,headache,S024
16.84,0.21,-62.4076186170042,-23.035094543860772,0.8811853089661504,33.99,1.0,headache,S024
-41.39,0.21,-62.00478094601437,-24.0537780954501,0.3261900831486299,33.99,1.0,headache,S024
32.43,0.21,-60.667964914131566,-25.315765876930858,-2.183291237566357,33.99,1.0,headache,S024
25.98,0.21,-61.44903206282833,-25.1725931505254,-3.200071725551372,33.99,1.0,headache,S024
-42.94,0.21,-61.367853266378106,-24.472255291292118,0.6483802695132198,33.99,1.0,headache,S024
21.39,0.21,-62.62168662425785,-23.73783330587381,3.2534223033985863,33.99,1.0,headache,S024
29.57,0.21,-60.923093446331976,-24.656330988796356,1.7997783089274537,33.99,1.0,headache,S024
-46.43,0.21,-61.70827671947612,-24.493728985500372,1.1127025310344127,34.0,1.0,headache,S024
18.57,0.21,-61.050186827779896,-25.099933240576974,-0.506380255394327,34.0,1.0,headache,S024
27.62,0.21,-61.62515680074438,-24.560099047224284,0.4445694350674068,34.0,1.0,headache,S024
-37.11,0.21,-61.57501076920938,-24.42733343824746,0.4820411453696312,34.0,1.0,headache,S024
15.65,0.21,-61.72884995954737,-24.392169084892405,1.460743656644026,34.0,1.0,headache,S024
29.32,0.21,-61.21419127031276,-24.797970756007743,0.41054275135216006,34.0,1.0,headache,S024
-39.54,0.21,-61.7992184740045,-23.827643576459575,1.7506555482625699,34.0,1.0,headache,S024
1.07,0.21,-61.90835321708021,-24.14102090813391,1.5641064838401406,34.0,1.0,headache,S024
38.19,0.21,-61.8314511261355,-23.881261761355884,1.2789074423377864,33.99,1.0,headache,S024
-27.77,0.21,-61.702445803079485,-24.10278808792352,0.8478886186792463,33.99,1.0,headache,S024
-12.21,0.21,-62.05349689258223,-23.910296405403745,1.3127168608352786,33.99,1.0,headache,S024
34.91,0.21,-61.4739922322354,-24.077036116804944,0.6194609414671022,33.99,1.0,headache,S024
-22.85,0.21,-61.756823475250336,-23.93861204525067,1.0186078332242066,34.0,1.0,headache,S024
-16.9,0.21,-61.57589160767967,-24.0318103234366,0.7610846251555168,34.0,1.0,headache,S024
31.55,0.21,-61.773326946749606,-24.178994115694763,0.8012252896190021,34.0,1.0,headache,S024
-23.32,0.21,-61.630699917061904,-24.613981274265733,-0.08414219734826625,34.0,1.0,headache,S024
-18.72,0.21,-61.756575871714304,-23.977571207678228,0.14044111981603138,33.99,1.0,headache,S024
33.69,0.21,-61.429633405168545,-24.28985022545828,-0.07915454219152852,33.99,1.0,headache,S024
-21.87,0.21,-61.81361221300612,-23.861385996444294,0.10211201716409032,33.99,1.0,headache,S024
-22.23,0.21,-61.707106831808964,-24.259716378003194,-0.09369223768632604,33.99,1.0,headache,S024
34.3,0.21,-61.765722716516386,-24.044967398471425,0.08794467770981501,33.99,1.0,headache,S024
-16.7,0.21,-61.503331611068624,-24.044765518824757,0.05603282861035775,33.99,1.0,headache,S024
-17.3,0.21,-61.86185630525958,-23.94314200066107,0.04763426121319827,33.99,1.0,headache,S024
31.83,0.21,-61.502742323508706,-24.06069036456201,0.1904145446420336,33.99,1.0,headache,S024
-20.89,0.21,-61.89470459030081,-23.941950835373316,0.06832256169320196,33.99,1.0,headache,S024
-15.61,0.21,-61.644579562823374,-24.288629846490046,0.15437017552447502,33.99,1.0,headache,S024
29.24,0.21,-61.85111550785084,-23.953902925061875,0.11929447463949883,33.99,1.0,headache,S024
-28.31,0.21,-61.26525961945197,-24.138759751849214,0.07936697994171393,33.99,1.0,headache,S024
-1.53,0.21,-61.55909289719283,-24.749595922709215,-1.9176421493067393,33.99,1.0,headache,S024
25.66,0.21,-61.02257319911658,-25.100041010815104,-1.6415174944441469,33.99,1.0,headache,S024
-36.08,0.21,-61.177576392465085,-25.23450850126512,-2.0858398788671844,33.99,1.0,headache,S024
14.86,0.21,-60.63088215817106,-25.516561626317433,-2.288487892488312,33.99,1.0,headache,S024
21.48,0.21,-61.16797997270082,-25.43134272023253,-2.3078347411459412,33.99,1.0,headache,S024
-43.0,0.21,-60.68719038815339,-25.538184325529,-1.7535618322002795,33.99,1.0,headache,S024
31.0,0.21,-61.17733443444038,-25.210500262279016,-1.2962782955415568,33.99,1.0,headache,S024
16.69,0.21,-61.20228800635149,-26.155544884681767,-0.4317697498552031,33.99,1.0,headache,S024
-43.7,0.21,-60.10776747041277,-26.766819711511175,-1.7719787502046496,34.0,1.0,headache,S024
31.21,0.21,-60.351158202892485,-26.48050127980829,-1.9080213981465375,34.0,1.0,headache,S024
31.26,0.21,-61.7197981150652,-26.08214959491629,-1.3356068302117814,34.0,1.0,headache,S024
-49.2,0.21,-58.252346451878985,-29.7554367712036,-4.39050322770746,34.0,1.0,headache,S024
20.89,0.21,-59.456362559519654,-31.86302225429293,-1.9252706856529587,33.99,1.0,headache,S024
28.36,0.21,-53.6080353173435,-35.142346556554045,10.263304077344118,33.99,1.0,headache,S024
-42.71,0.21,-51.42990726307258,-35.47326027072058,19.524156731946714,33.99,1.0,headache,S024
4.36,0.21,-52.90103802478992,-34.59728416869567,20.872754984674202,33.99,1.0,headache,S024
46.0,0.21,-52.92877986654396,-34.043061175823986,21.196695096275125,33.99,1.0,headache,S024
21.79,0.21,-53.64704658353915,-32.92494498537552,22.274918202289022,33.99,1.0,headache,S024
71.97,0.21,-53.58411399234293,-32.855071202239756,22.190106654800204,33.99,1.0,headache,S024
36.09,0.22,-53.788053678529984,-32.47126153674078,22.248517404570045,33.99,1.0,headache,S024
-97.3,0.21,-53.98676913454874,-32.161835725590386,22.203130827975926,34.03,1.0,headache,S024
-3.45,0.21,-53.51506225527407,-32.155315290932506,22.224005492775174,34.03,1.0,headache,S024
-31.29,0.21,-54.14165065414705,-31.861876664521755,22.25829431246501,34.03,1.0,headache,S024
-60.77,0.22,-54.91633421860993,-30.88710056924609,22.616701342116464,34.03,1.0,headache,S024
26.78,0.21,-54.72628587663421,-31.000900781340608,22.048496056454916,34.05,1.0,headache,S024
-2.39,0.21,-54.92018035306781,-31.85456953903448,20.92844253390713,34.05,1.0,headache,S024
-28.53,0.21,-54.68193129935516,-32.03522751809258,19.99609253579874,34.05,1.0,headache,S024
26.42,0.21,-54.894746601469336,-31.980633979133668,20.530053523215773,34.05,1.0,headache,S024
-32.36,0.21,-54.854734443522936,-31.876467451549498,20.637851920936225,34.07,1.0,headache,S024
-18.14,0.21,-54.86007393388002,-32.01356901389912,20.56405343254094,34.07,1.0,headache,S024
48.62,0.21,-54.84279475899257,-31.986588434109557,20.03860067312283,34.07,1.0,headache,S024
-17.71,0.21,-55.10125621028273,-32.01485577030326,19.96429672378535,34.07,1.0,headache,S024
-11.83,0.21,-54.8976857251698,-31.983734478552766,20.03981406537324,34.09,1.0,headache,S024
41.78,0.21,-54.95112824374228,-32.01730152806453,19.785202054982644,34.09,1.0,headache,S024
-29.13,0.21,-54.948784999694226,-31.982361346531835,19.55997847855658,34.09,1.0,headache,S024
0.8,0.21,-54.925808632203704,-32.01637677241564,19.858433010601296,34.09,1.0,headache,S024
40.11,0.21,-54.80062658391303,-31.99065094637625,19.97868480015574,34.07,1.0,headache,S024
-29.67,0.21,-55.07159588206502,-31.904020990502545,19.87044405894709,34.07,1.0,headache,S024
5.91,0.21,-55.08055922774448,-31.746075150988283,19.91802081228588,34.07,1.0,headache,S024
32.3,0.21,-55.15939116184504,-31.783594671502907,19.658512386277764,34.07,1.0,headache,S024
-33.98,0.21,-55.179536681963505,-31.61947887751048,19.59076684400538,34.05,1.0,headache,S024
14.97,0.21,-55.121002487589614,-31.873671441079512,19.766355174549098,34.05,1.0,headache,S024
15.6,0.21,-55.18523182270814,-31.786806612414722,19.809197221022977,34.05,1.0,headache,S024
-31.48,0.21,-55.16621824035458,-32.111933396811,19.487232941758137,34.05,1.0,headache,S024
26.03,0.21,-55.17772656734754,-31.857917886432805,19.700038532175153,34.07,1.0,headache,S024
-1.18,0.21,-55.291086401195635,-31.95782415158126,19.398588607110405,34.07,1.0,headache,S024
-25.24,0.21,-55.119413934465406,-31.77323271574315,19.572920962588118,34.07,1.0,headache,S024
34.63,0.21,-55.01234949480536,-31.93378689235121,19.931509643061872,34.07,1.0,headache,S024
-16.42,0.21,-54.96709288402739,-31.72274700357894,20.159254484454333,34.07,1.0,headache,S024
-16.88,0.21,-55.20794040096275,-31.82992041208879,19.692302344316545,34.07,1.0,headache,S024
34.16,0.21,-55.169543885700485,-31.938233111035927,20.020489826636982,34.07,1.0,headache,S024
-22.0,0.21,-55.028568612370954,-31.923379769779604,19.893705299698723,34.07,1.0,headache,S024
-9.21,0.21,-54.977996813651274,-31.878160928682373,19.85042433801191,34.07,1.0,headache,S024
24.04,0.21,-55.10053323327419,-31.969519521453226,19.820680420206894,34.07,1.0,headache,S024
-32.12,0.21,-55.05536044228201,-31.798085425910173,19.694115845417016,34.07,1.0,headache,S024
6.67,0.21,-55.079181930402065,-31.642523246794422,19.962573309484103,34.07,1.0,headache,S024
19.49,0.21,-55.18614878008482,-31.450404212965015,19.993709492046484,34.09,1.0,headache,S024
-41.56,0.21,-55.0828631527879,-31.509032009074105,20.00174481610545,34.09,1.0,headache,S024
13.55,0.21,-55.23838956443406,-31.527039605741457,20.00338819611987,34.09,1.0,headache,S024
26.03,0.21,-55.33179161047645,-31.463898915594555,19.931873157157998,34.09,1.0,headache,S024
-37.57,0.21,-54.89814630395885,-31.741597179042643,19.953396054690113,34.07,1.0,headache,S024
15.73,0.21,-55.080491246466764,-31.612232350779163,19.97288793730998,34.07,1.0,headache,S024
18.2,0.21,-54.910411321264775,-31.653654147567025,20.031061222645373,34.07,1.0,headache,S024
-28.87,0.21,-55.23337246499688,-31.570168957855593,19.95656953624705,34.07,1.0,headache,S024
26.67,0.21,-55.358819037063604,-31.475368967146462,20.110800738880013,34.07,1.0,headache,S024
6.48,0.21,-55.1858548490006,-31.596185998472777,19.928159382242335,34.07,1.0,headache,S024
-33.51,0.21,-55.06550817004997,-31.50561375794705,19.984412737291713,34.07,1.0,headache,S024
32.36,0.21,-55.153116532943564,-31.66656825615456,20.00296211100093,34.07,1.0,headache,S024
-0.83,0.21,-55.06985617033867,-31.56945828113919,19.980168961659007,34.05,1.0,headache,S024
-31.89,0.21,-55.26915256757439,-31.565996403690992,19.38335370006977,34.05,1.0,headache,S024
33.38,0.21,-55.112782495074626,-31.667684067106503,19.8943184165521,34.05,1.0,headache,S024
-14.9,0.21,-54.9549639049945,-31.75659183205006,19.62729175300653,34.05,1.0,headache,S024
-20.43,0.21,-55.09777080615513,-31.936040085761856,19.551582986082177,34.07,1.0,headache,S024
40.62,0.21,-55.05694841368251,-31.899970260416353,19.666010022059016,34.07,1.0,headache,S024
-28.99,0.21,-55.13698625005957,-32.0615483206232,19.495558770305493,34.07,1.0,headache,S024
-12.72,0.21,-55.34173251305966,-31.598156268603873,19.715455866509703,34.07,1.0,headache,S024
48.55,0.21,-55.09531130578897,-31.714420088514874,19.41031950678871,34.05,1.0,headache,S024
-23.58,0.21,-55.48323050669055,-32.01893937475306,19.136136868268398,34.05,1.0,headache,S024
-9.74,0.21,-55.04434263037717,-31.876239620231463,19.341921494925483,34.05,1.0,headache,S024
45.7,0.21,-55.53791580876294,-31.85033171322026,18.34582321500042,34.05,1.0,headache,S024
-30.01,0.21,-56.04233656064452,-30.940445451151515,19.557956964852394,34.07,1.0,headache,S024
-6.15,0.21,-55.40669441791717,-31.335238455153352,19.31471679444439,34.07,1.0,headache,S024
37.66,0.21,-55.39980910234611,-31.56701463069736,19.21272611833667,34.07,1.0,headache,S024
-30.37,0.21,-55.33822195831014,-31.43024857917566,19.48412781399545,34.07,1.0,headache,S024
5.6,0.21,-55.52983240055901,-31.535099863135613,19.158646105577304,34.07,1.0,headache,S024
24.49,0.21,-55.38140499961074,-31.716374586189367,19.074143206735194,34.07,1.0,headache,S024
-35.04,0.21,-55.35905313524255,-31.767730110939574,19.14412888568328,34.07,1.0,headache,S024
21.41,0.21,-55.35753209282221,-32.003890419889466,18.979321417014106,34.07,1.0,headache,S024
6.66,0.22,-55.321653427851466,-31.937013478576763,19.035621022053935,34.07,1.0,headache,S024
-34.49,0.21,-55.417924193525074,-31.844340430696903,18.880184818305327,34.07,1.0,headache,S024
33.42,0.21,-55.42688954893555,-31.955315345319505,18.96755657418407,34.07,1.0,headache,S024
-5.67,0.21,-55.31336278987569,-31.923976588204187,19.00263653406468,34.07,1.0,headache,S024
-27.34,0.21,-55.501151260955105,-31.85179722062318,19.04689162834287,34.07,1.0,headache,S024
37.93,0.21,-55.23628348789297,-31.984029436558206,19.268553145663198,34.07,1.0,headache,S024
-18.21,0.21,-55.17988096164142,-31.873599637341634,18.95407877932723,34.07,1.0,headache,S024
-17.34,0.21,-55.46782116532776,-32.00170634090564,18.834341722309677,34.07,1.0,headache,S024
32.66,0.21,-55.303305993284134,-31.991638996476958,18.713928467673544,34.07,1.0,headache,S024
-23.07,0.21,-55.285134028221556,-32.0121365390638,18.665237103138093,34.07,1.0,headache,S024
-8.53,0.21,-55.509978678739415,-31.98453305073949,18.606204676040708,34.07,1.0,headache,S024
24.66,0.21,-55.31703303601694,-32.01951908619605,18.6125087342874,34.07,1.0,headache,S024
-30.1,0.21,-55.35982293768203,-31.972455551557065,18.92109209378292,34.07,1.0,headache,S024
5.61,0.21,-55.597851987437885,-31.897048229327662,19.008432377600425,34.07,1.0,headache,S024
28.92,0.21,-55.31202984846958,-31.981575129131038,18.882409957092317,34.07,1.0,headache,S024
-40.26,0.21,-55.408975119933935,-32.04267736204935,18.700424792902165,34.07,1.0,headache,S024
16.23,0.21,-55.3262944451019,-31.982610770477685,18.642243667702996,34.09,1.0,headache,S024
23.22,0.21,-55.067835113540525,-31.98519503665349,19.05476420916159,34.09,1.0,headache,S024
-38.33,0.21,-55.41783024969447,-32.00151775375409,18.56705537199267,34.09,1.0,headache,S024
16.57,0.21,-55.40871631490726,-32.00392092632255,18.692972451119502,34.09,1.0,headache,S024
18.95,0.21,-55.37016660982518,-31.992760587770256,18.569437330285503,34.07,1.0,headache,S024
-43.79,0.21,-55.2178632912755,-32.009786161979164,18.580996024375754,34.07,1.0,headache,S024
20.58,0.21,-55.600987301065224,-31.98780855974509,18.625851674128512,34.07,1.0,headache,S024
23.07,0.21,-55.44029687870964,-32.015200630995004,18.69804475211924,34.07,1.0,headache,S024
-41.3,0.21,-55.4905429348247,-31.978217919869405,18.672798112281637,34.09,1.0,headache,S024
25.54,0.21,-55.42903039768937,-31.888667699893006,18.735057113409827,34.09,1.0,headache,S024
18.88,0.21,-55.43784899035185,-31.99539806874991,18.65175407437075,34.09,1.0,headache,S024
-39.27,0.21,-55.28354341912989,-32.01024164803423,18.626956056563344,34.09,1.0,headache,S024
23.19,0.21,-55.21954592526452,-31.986300634997082,18.689324484836742,34.07,1.0,headache,S024
21.58,0.21,-55.106241314788186,-32.01842544976298,18.90488033842045,34.07,1.0,headache,S024
-43.35,0.21,-55.46161827900903,-31.966130723800656,18.48883453770915,34.07,1.0,headache,S024
18.19,0.21,-55.30247089887294,-31.88446864446086,18.644733114855402,34.07,1.0,headache,S024
14.43,0.21,-55.28837145932452,-32.026167379568484,18.78019464554884,34.07,1.0,headache,S024
-38.63,0.21,-55.21026879091303,-31.951528144810307,18.561703056560393,34.07,1.0,headache,S024
30.17,0.21,-55.418260310689455,-31.893507489645692,18.20426960721362,34.07,1.0,headache,S024
6.85,0.21,-55.43457790974004,-32.01510446326216,18.761571465114255,34.07,1.0,headache,S024
-40.71,0.21,-55.59923450466168,-31.84639134356334,18.63051947583652,34.09,1.0,headache,S024
36.24,0.21,-55.633329313363696,-32.05548625613406,18.182884043709716,34.09,1.0,headache,S024
4.93,0.21,-55.5942045272882,-31.95207085004939,18.67727960960552,34.09,1.0,headache,S024
-36.32,0.21,-55.59637697672452,-32.048191688143625,18.0212891812484,34.09,1.0,headache,S024
32.77,0.21,-55.4464548305669,-31.946194569053088,18.398169825499984,34.09,1.0,headache,S024
-4.35,0.21,-55.65783772079775,-32.07156050679282,18.22711674513221,34.09,1.0,headache,S024
-28.89,0.21,-55.66514140854203,-31.79090527586805,18.2728737638781,34.09,1.0,headache,S024
41.2,0.21,-56.139001721439996,-31.83852405938685,16.086754374030058,34.09,1.0,headache,S024
-11.56,0.21,-55.863289060638486,-31.69204930696681,17.075445580471932,34.09,1.0,headache,S024
-28.49,0.21,-55.96248118998015,-31.747677047323304,16.868199403707262,34.09,1.0,headache,S024
39.25,0.21,-55.99105577898252,-32.01426048081546,16.724364205057068,34.09,1.0,headache,S024
-16.11,0.21,-56.10167792061089,-31.994487693575284,16.61935163545176,34.09,1.0,headache,S024
-17.06,0.21,-56.05361681470247,-31.626547485722153,17.276186857853475,34.09,1.0,headache,S024
42.49,0.21,-56.0461842772998,-31.75680628678726,17.304436005332157,34.09,1.0,headache,S024
-31.05,0.21,-56.0664567278402,-32.248763398213406,15.387180344511728,34.09,1.0,headache,S024
-14.96,0.21,-55.95184195808081,-32.13025915833439,15.776921905984254,34.09,1.0,headache,S024
43.65,0.21,-56.1832269551764,-31.96805171880811,15.7482127738336,34.09,1.0,headache,S024
-23.54,0.21,-56.166994233923866,-32.06082172599708,16.086233304985456,34.09,1.0,headache,S024
-19.1,0.21,-56.259568119797876,-31.90184795206283,15.953233489301347,34.09,1.0,headache,S024
38.99,0.21,-55.76414236896307,-32.259237727630975,16.536556322604717,34.09,1.0,headache,S024
-27.96,0.21,-55.895106510505464,-32.84447933943129,15.974093155010785,34.09,1.0,headache,S024
-11.46,0.21,-55.9274760825043,-32.57665870921622,15.571552580577599,34.09,1.0,headache,S024
44.64,0.21,-55.732174431113606,-32.16816852158449,16.33763307940826,34.09,1.0,headache,S024
-29.87,0.21,-55.99133526247636,-32.531825826977645,16.248014102622182,34.09,1.0,headache,S024
-10.94,0.21,-55.80079888794094,-32.07864694064367,17.133133289819575,34.09,1.0,headache,S024
38.35,0.21,-55.70776689472275,-31.96693333542893,17.607528951267707,34.09,1.0,headache,S024
-26.93,0.21,-55.6824297920463,-32.00376922075481,17.20114791418925,34.09,1.0,headache,S024
-0.69,0.21,-55.809915114351405,-31.852026799831975,17.333324958819848,34.09,1.0,headache,S024
33.13,0.21,-55.993083222527034,-31.911465271085927,17.439619961310505,34.09,1.0,headache,S024
-32.21,0.21,-55.6974360982657,-31.987008070854728,17.24701177955835,34.09,1.0,headache,S024
13.2,0.21,-55.62051926661725,-32.011006153678906,17.208875308624247,34.09,1.0,headache,S024
12.42,0.21,-55.77282637978069,-31.991639867495646,17.326151399382656,34.09,1.0,headache,S024
-32.49,0.21,-55.97546349675099,-32.00606949077536,17.328429721066755,34.11,1.0,headache,S024
30.3,0.21,-55.62929238407385,-31.995849565801468,17.63783573958449,34.11,1.0,headache,S024
-15.74,0.21,-55.87415892201988,-32.00254720600261,16.948429405419674,34.11,1.0,headache,S024
-19.2,0.21,-55.6471716520614,-31.99878238954965,17.70654014456958,34.11,1.0,headache,S024
34.3,0.21,-55.52334146643161,-32.00014454341034,18.194203503963912,34.13,1.0,headache,S024
-30.81,0.21,-55.7664099891456,-32.000657439355685,17.40476689284933,34.13,1.0,headache,S024
5.11,0.21,-55.66443191007161,-31.99887440240825,17.480739222370048,34.13,1.0,headache,S024
20.76,0.21,-55.47390237907808,-32.001104249845454,17.499170936543948,34.13,1.0,headache,S024
-33.96,0.21,-55.984180076919685,-31.999786783033525,17.347553461617956,34.09,1.0,headache,S024
30.07,0.21,-55.60841515427192,-31.99736659357926,17.515050311839822,34.09,1.0,headache,S024
-1.79,0.21,-55.76088153621777,-32.01194811671844,17.766605313397474,34.09,1.0,headache,S024
-31.98,0.21,-55.87512056738369,-31.905959107519255,17.633146586568795,34.09,1.0,headache,S024
35.57,0.21,-55.80768870740978,-31.939663214958102,17.53963446445854,34.09,1.0,headache,S024
-14.16,0.21,-55.82203977276545,-32.03562353812509,17.480837162978666,34.09,1.0,headache,S024
-15.2,0.21,-55.84875330081963,-31.96953369551307,17.58902368214286,34.09,1.0,headache,S024
37.98,0.21,-55.67825700133418,-32.0291541741387,17.452645028574956,34.09,1.0,headache,S024
-26.78,0.21,-55.73036384572019,-31.970722555161412,17.741923131522224,34.09,1.0,headache,S024
-0.6,0.21,-55.54091025054407,-32.02973560415242,17.545486603492797,34.09,1.0,headache,S024
22.91,0.21,-55.69023241701334,-31.972593132036764,17.503677149355344,34.09,1.0,headache,S024
-28.4,0.21,-55.673218584631364,-31.961026192145642,17.064786620187483,34.09,1.0,headache,S024
15.7,0.21,-55.79872036886341,-31.749661191082815,17.628479645080255,34.11,1.0,headache,S024
10.56,0.21,-56.25329278640424,-32.00710177483281,15.344886324644182,34.11,1.0,headache,S024
-38.09,0.21,-56.49503639018406,-31.688778198868135,15.337148387999301,34.11,1.0,headache,S024
25.09,0.21,-55.945114188541915,-31.065264132754056,19.39257390888675,34.11,1.0,headache,S024
10.25,0.21,-55.396175821095525,-31.114994215485815,19.152007778111624,34.11,1.0,headache,S024
-37.62,0.21,-55.86286214869502,-31.593810941231798,18.178435464497863,34.11,1.0,headache,S024
20.15,0.21,-55.527877586703255,-31.173617414464516,18.980858780860704,34.11,1.0,headache,S024
19.09,0.21,-55.733627453071236,-31.442487161956635,18.555710244545526,34.11,1.0,headache,S024
-38.7,0.21,-55.90397562538095,-31.095053155059738,19.19680734559502,34.11,1.0,headache,S024
16.14,0.21,-55.535774001711445,-31.530919489970678,18.964423062317476,34.11,1.0,headache,S024
14.96,0.21,-55.533389359545836,-31.234817920239305,18.937172139229094,34.11,1.0,headache,S024
-35.15,0.21,-55.635089085717134,-31.28572632568896,19.182406303635254,34.11,1.0,headache,S024
29.11,0.21,-55.780407420870226,-31.03551883204294,19.27230639899439,34.11,1.0,headache,S024
5.22,0.21,-55.10943162073654,-31.107309678691674,19.223491826753246,34.11,1.0,headache,S024
-38.82,0.21,-56.37173688945012,-31.093484305490517,18.657969773378884,34.11,1.0,headache,S024
32.6,0.21,-55.71582256804935,-30.898927367936224,19.231147191212436,34.11,1.0,headache,S024
2.85,0.21,-56.093115172759035,-31.14037540376591,18.369944432026937,34.11,1.0,headache,S024
-31.47,0.21,-55.4363712841403,-31.045026356072206,19.53560198824846,34.11,1.0,headache,S024
39.54,0.21,-55.326346422702116,-31.455812229568043,18.5911195461755,34.11,1.0,headache,S024
-6.16,0.21,-55.92496469472059,-31.441554974656484,18.067368904992612,34.11,1.0,headache,S024
-30.0,0.21,-55.45566172684325,-31.50867030120289,19.02025223762075,34.11,1.0,headache,S024
36.44,0.21,-55.843584649661594,-31.496122310860855,18.673291806132372,34.11,1.0,headache,S024
-16.56,0.21,-55.59075519848202,-31.577887797075658,18.596622355470323,34.11,1.0,headache,S024
-12.79,0.21,-55.69782443382548,-31.47384618024866,18.72040833207089,34.11,1.0,headache,S024
35.4,0.21,-55.21616126201742,-31.70629004105633,19.11973055513694,34.11,1.0,headache,S024
-36.93,0.21,-55.65384167410751,-31.483324326031145,18.77550600488865,34.11,1.0,headache,S024
2.06,0.21,-55.48703196704533,-31.32283648611901,19.04417115426986,34.11,1.0,headache,S024
38.37,0.21,-55.63254875839987,-31.400195345302144,18.54813066036108,34.11,1.0,headache,S024
-39.69,0.21,-55.64927406250747,-31.569139075050263,18.45762845191727,34.09,1.0,headache,S024
18.51,0.21,-55.702384434862154,-31.51008727771511,18.17401468056473,34.09,1.0,headache,S024
20.6,0.21,-55.75430318639424,-31.521146506963447,18.433447170128815,34.09,1.0,headache,S024
-36.37,0.21,-56.04235233481753,-31.471975063329605,18.342315215004714,34.09,1.0,headache,S024
32.74,0.21,-55.77468875440361,-31.670118044625298,18.474153188797175,34.11,1.0,headache,S024
-1.28,0.21,-55.95273865123389,-31.255871306451326,18.43990399732481,34.11,1.0,headache,S024
-24.07,0.21,-55.83917956859053,-31.614755361882235,18.21542952964522,34.11,1.0,headache,S024
35.57,0.21,-55.91340936911298,-31.549035698905634,18.544366813332996,34.11,1.0,headache,S024
-21.8,0.21,-55.87869156206743,-31.224747746509596,18.132304461931078,34.11,1.0,headache,S024
-1.27,0.21,-55.83185505363002,-31.551766230850504,18.240205998026415,34.11,1.0,headache,S024
22.72,0.21,-55.52455493585332,-31.588041714955576,17.945667138619633,34.11,1.0,headache,S024
-37.12,0.21,-56.17070166143173,-31.581973115490147,17.914305574740474,34.11,1.0,headache,S024
23.67,0.21,-55.76401218338417,-31.787626712272573,18.034393200103572,34.11,1.0,headache,S024
1.03,0.21,-55.95599669260312,-31.867778659631142,17.98029667452241,34.11,1.0,headache,S024
-31.92,0.21,-55.99992833383593,-31.858397546094242,18.011952397477483,34.11,1.0,headache,S024
36.71,0.21,-56.015483251365715,-31.786532487211183,17.994120364993375,34.11,1.0,headache,S024
-17.15,0.21,-55.96526405409281,-31.564818884693814,18.000540927248096,34.11,1.0,headache,S024
-9.32,0.21,-55.87581363768288,-31.481911275529185,18.162374034406408,34.11,1.0,headache,S024
33.74,0.21,-55.875315606636434,-31.617764764596835,18.07141864929773,34.11,1.0,headache,S024
-33.24,0.21,-56.047821243989645,-31.34363820556361,18.26452427734668,34.11,1.0,headache,S024
6.93,0.21,-55.92375118397606,-31.6799391919531,18.048870208651458,34.11,1.0,headache,S024
27.45,0.21,-55.926225842417324,-31.610630150278357,17.916913634671054,34.11,1.0,headache,S024
-38.45,0.21,-55.94432363791372,-31.593712035310233,18.071112142188202,34.11,1.0,headache,S024
16.69,0.21,-55.816572150729336,-31.81676855779137,17.929878420496408,34.11,1.0,headache,S024
9.05,0.2,-55.85942035611838,-31.715619376478916,18.077890522152803,34.11,1.0,headache,S024
-33.11,0.21,-55.847219868100645,-31.37742649953391,17.897500092285274,34.11,1.0,headache,S024
34.82,0.21,-55.671662898508664,-31.498365774373973,18.273726877407874,34.11,1.0,headache,S024
-12.59,0.21,-56.00119233879727,-31.108641543925163,17.916537436726387,34.11,1.0,headache,S024
-29.59,0.21,-55.83763828470916,-31.687240213793658,17.692478683810133,34.11,1.0,headache,S024
43.92,0.2,-55.80927270249701,-31.388811963753966,18.08056873765115,34.11,1.0,headache,S024
-17.82,0.21,-55.88512250684326,-31.242456776449604,17.953288446812035,34.11,1.0,headache,S024
-17.45,0.21,-55.800723776820575,-31.460652602660254,18.03349852825643,34.11,1.0,headache,S024
32.78,0.21,-56.04493574613455,-31.322701037562716,17.97238886904674,34.13,1.0,headache,S024
-26.27,0.21,-55.83409714320137,-31.367742429979945,18.025892763341457,34.13,1.0,headache,S024
4.15,0.21,-55.82452737310212,-31.66340270519391,17.971987609284174,34.13,1.0,headache,S024
28.15,0.21,-55.7973424986174,-31.275470564758553,18.036295328526936,34.13,1.0,headache,S024
-39.92,0.21,-56.04265940680828,-31.000528347238333,17.93723158894325,34.13,1.0,headache,S024
18.92,0.21,-55.770827622372224,-31.475491025718533,18.311883509415726,34.13,1.0,headache,S024
19.16,0.21,-55.945622355452365,-31.366427876708507,18.146454843705364,34.13,1.0,headache,S024
-40.05,0.21,-55.88529697018604,-31.372236131354935,17.923347974863766,34.13,1.0,headache,S024
29.67,0.21,-56.030288188555645,-31.630056993899498,18.162254050634488,34.11,1.0,headache,S024
4.11,0.21,-55.873517581369725,-31.311467424255532,17.985687063476146,34.11,1.0,headache,S024
-29.07,0.21,-55.7182244063319,-31.48734662418957,18.029379830341206,34.11,1.0,headache,S024
35.62,0.21,-56.014179591520644,-31.54950340234744,17.950502919480517,34.11,1.0,headache,S024
-23.93,0.2,-55.87314544116377,-31.59962513210721,18.195127670504085,34.09,1.0,headache,S024
-11.41,0.21,-55.76889748273938,-31.61402477037818,18.124262935101875,34.09,1.0,headache,S024
36.91,0.21,-55.81889514618528,-31.611849096594256,17.910163682786276,34.09,1.0,headache,S024
-35.62,0.2,-56.05661700943233,-31.25201474893543,17.919186243927513,34.09,1.0,headache,S024
11.79,0.2,-55.95951588378861,-31.66160669871312,18.011212147224356,34.13,1.0,headache,S024
21.73,0.21,-56.03589015925818,-31.44998776884771,17.993240098831613,34.13,1.0,headache,S024
-37.78,0.21,-55.80501886337301,-31.606117696407473,18.017017906386815,34.13,1.0,headache,S024
31.11,0.21,-55.80810941603876,-31.21705336793267,17.884720682424273,34.13,1.0,headache,S024
-5.89,0.21,-55.89085075741557,-31.225488783277754,17.769878824171556,34.11,1.0,headache,S024
-17.46,0.21,-55.95933037836616,-31.650053888727605,18.04464314369087,34.11,1.0,headache,S024
35.76,0.21,-56.042217503414555,-31.349745388414934,17.610838746160784,34.11,1.0,headache,S024
-31.42,0.21,-55.846179017658216,-31.200296652864413,17.874581766472385,34.11,1.0,headache,S024
12.49,0.21,-55.8586745952586,-31.426365394656848,18.242866126093414,34.11,1.0,headache,S024
4.88,0.21,-56.037166001894136,-31.290405875113496,17.893385028678928,34.11,1.0,headache,S024
-26.69,0.21,-55.971105433703016,-31.614666516959065,18.070998977637213,34.11,1.0,headache,S024
37.21,0.2,-56.03279453050962,-31.449014396118056,17.939261602413758,34.11,1.0,headache,S024
-26.43,0.21,-55.91215185388048,-31.25575277760611,17.870945634403657,34.11,1.0,headache,S024
-3.63,0.21,-55.86862273341722,-31.635367116008396,17.974906094342156,34.11,1.0,headache,S024
20.71,0.2,-55.90787288821581,-31.146080293090197,18.240968771303226,34.11,1.0,headache,S024
-30.75,0.2,-55.805258022524406,-31.343578512308877,17.90242829653342,34.11,1.0,headache,S024
34.37,0.21,-55.96037778104714,-31.388483604692947,18.07867318663001,34.11,1.0,headache,S024
-9.89,0.21,-55.79211825086786,-31.270540934763527,17.921660495206808,34.11,1.0,headache,S024
-26.83,0.21,-55.839609819888494,-31.06248238520752,18.295364164905596,34.11,1.0,headache,S024
40.27,0.2,-56.04218594527659,-31.39003759927132,17.981842232426658,34.11,1.0,headache,S024
-26.03,0.21,-55.917577866976984,-31.066181679310542,18.027616380639248,34.09,1.0,headache,S024
3.94,0.21,-55.92023892605145,-31.502109255710607,17.97815115572764,34.09,1.0,headache,S024
36.5,0.2,-56.023714856171296,-31.174710908267823,17.980647207256574,34.09,1.0,headache,S024
-49.78,0.21,-55.98544756654557,-31.06035121136499,17.702242605112186,34.09,1.0,headache,S024
21.96,0.21,-56.01000570253476,-31.371194952991452,18.17094513423193,34.11,1.0,headache,S024
11.71,0.21,-56.01468239728861,-31.3043367791792,17.95418227152529,34.11,1.0,headache,S024
-31.28,0.21,-56.17878982343271,-31.493149943222676,17.466641303495756,34.11,1.0,headache,S024
32.39,0.21,-56.05413731528176,-31.437129805062256,17.79538395784517,34.11,1.0,headache,S024
-13.75,0.21,-55.98632740321457,-31.261939178739816,17.790242538026362,34.11,1.0,headache,S024
-22.8,0.21,-56.16385778039151,-31.555661713810956,17.68598149235622,34.11,1.0,headache,S024
38.46,0.21,-55.83256071217261,-31.40733486929564,17.961458548009634,34.11,1.0,headache,S024
-30.0,0.23,-56.03312550099672,-31.314221194798556,17.993104856905436,34.11,1.0,headache,S024
-6.79,0.21,-55.959638979531505,-31.40112917633005,18.018826347770762,34.13,1.0,headache,S024
39.96,0.21,-55.90857082292278,-30.99265685719961,17.97312637261501,34.13,1.0,headache,S024
-33.42,0.21,-55.96108201889441,-31.31453392064505,18.036986528674014,34.13,1.0,headache,S024
2.46,0.21,-55.89703998759365,-31.395466379719927,17.82683275250276,34.13,1.0,headache,S024
30.85,0.21,-56.00090426154348,-31.162762658014692,17.83693868882235,34.11,1.0,headache,S024
-35.82,0.21,-55.872245369941616,-31.19357574471578,17.96287846934974,34.11,1.0,headache,S024
5.42,0.21,-56.01250860347614,-31.294195800135693,17.86735492527644,34.11,1.0,headache,S024
19.29,0.21,-55.99108813661353,-31.534759662202784,17.97400676690203,34.11,1.0,headache,S024
-34.82,0.21,-56.014886561916285,-31.227079549778246,18.02112730079282,34.11,1.0,headache,S024
27.06,0.2,-55.905531680112496,-31.284014492081752,17.977619170882775,34.11,1.0,headache,S024
0.47,0.21,-55.931240464454184,-30.94378227112673,18.024257435670993,34.11,1.0,headache,S024
-36.57,0.21,-56.127751612706454,-31.273100349994913,17.975067128614345,34.11,1.0,headache,S024
39.35,0.21,-56.03300224676571,-31.201952420671915,18.01002239673623,34.13,1.0,headache,S024
-10.65,0.2,-55.98296188556255,-31.194043670052377,17.75877017767305,34.13,1.0,headache,S024
-23.44,0.21,-55.87659990519142,-31.261105987502987,18.029576061219032,34.13,1.0,headache,S024
36.56,0.21,-56.01207025751364,-31.522471891426697,17.788785681280704,34.13,1.0,headache,S024
-25.84,0.2,-55.992105538398725,-31.091469697130346,17.907067960301326,34.11,1.0,headache,S024
2.29,0.2,-56.006339626377375,-31.066522704724424,18.02338686956388,34.11,1.0,headache,S024
26.77,0.21,-55.994706356509965,-31.10688066779137,17.996744820792436,34.11,1.0,headache,S024
-42.11,0.21,-56.00439881933094,-31.329054097685315,17.983475916135276,34.11,1.0,headache,S024
20.81,0.2,-55.99615822414849,-31.308193156570464,17.834387020025158,34.11,1.0,headache,S024
19.46,0.21,-56.00586948274065,-31.22565794229987,17.8747101835937,34.11,1.0,headache,S024
-40.53,0.21,-55.90306688229378,-31.239034657129793,17.927529824490065,34.11,1.0,headache,S024
30.4,0.21,-55.8412357230477,-31.63254708529667,17.98553214957574,34.11,1.0,headache,S024
-5.24,0.2,-56.039830204147414,-31.243978615539742,17.87359768834288,34.11,1.0,headache,S024
-25.07,0.21,-55.982328593557774,-31.085087051456764,18.03471732433372,34.11,1.0,headache,S024
36.92,0.21,-55.97746815351577,-31.49477899935141,17.944667975136298,34.11,1.0,headache,S024
-25.5,0.2,-55.89053923525738,-31.430768959512665,17.8983585774992,34.11,1.0,headache,S024
-8.08,0.21,-55.728029698353566,-31.60732937617582,17.80609962460733,34.11,1.0,headache,S024
48.4,0.21,-55.711395256656644,-31.90845505715106,17.32595846326349,34.11,1.0,headache,S024
-37.8,0.21,-55.63513432548165,-31.65903037907928,17.455561598209695,34.11,1.0,headache,S024
9.89,0.21,-55.70415609189023,-31.929419298513235,17.527633619056708,34.11,1.0,headache,S024
33.83,0.23,-55.92887550676237,-31.276591841122958,18.19906578935639,34.11,1.0,headache,S024
-43.67,0.21,-56.15288508145618,-31.27919024375982,18.02833666989708,34.11,1.0,headache,S024
31.37,0.21,-55.99283777680103,-31.285635038200066,18.105361984370305,34.11,1.0,headache,S024
15.24,0.21,-56.08215133844814,-31.306157386197086,17.698056168112608,34.11,1.0,headache,S024
-27.75,0.2,-56.02899324648092,-31.10924715790916,17.70712150826497,34.11,1.0,headache,S024
32.27,0.21,-56.0522884430264,-31.216480088559102,18.31526304362717,34.11,1.0,headache,S024
-17.58,0.21,-55.860763285255956,-31.247532242950694,18.293300968845752,34.11,1.0,headache,S024
-8.57,0.21,-55.98398675382278,-31.141957018943334,18.193467556951735,34.11,1.0,headache,S024
26.8,0.21,-55.63992843091795,-31.318469700917515,18.58954058715161,34.11,1.0,headache,S024
-38.5,0.21,-55.80149073837094,-31.432834762979773,18.15130790347492,34.11,1.0,headache,S024
7.06,0.21,-55.9487051517722,-31.464552445458544,18.0157417494455,34.11,1.0,headache,S024
27.09,0.2,-55.68693212649724,-31.23543506683745,18.110559260941816,34.11,1.0,headache,S024
-39.83,0.21,-55.9784213677449,-31.364631487264738,18.214464680261965,34.09,1.0,headache,S024
28.12,0.21,-55.83034333848662,-31.15989047122857,18.037362062689624,34.09,1.0,headache,S024
1.74,0.21,-56.00140671878072,-31.135581019304063,18.04560280027675,34.09,1.0,headache,S024
-29.19,0.2,-55.87652793957967,-31.066381178551467,18.104948144650436,34.09,1.0,headache,S024
29.56,0.21,-56.156989874011956,-31.47512836688031,17.9238426282334,34.11,1.0,headache,S024
-9.28,0.21,-56.06005377605003,-30.839506137365863,18.51503606304909,34.11,1.0,headache,S024
-22.99,0.21,-56.04060354998629,-30.759327430566486,18.552138570531557,34.11,1.0,headache,S024
42.05,0.21,-55.737950749171134,-30.67193372549567,19.05179199484411,34.11,1.0,headache,S024
-20.38,0.21,-55.97848603704078,-30.910835860907085,18.077434505624154,34.11,1.0,headache,S024
50.84,0.21,-55.94232696884593,-31.031956245156028,18.421948399503947,34.11,1.0,headache,S024
22.29,0.2,-55.923043214062695,-31.276394075563196,17.560005696340877,34.11,1.0,headache,S024
-117.99,0.2,-55.72461600407254,-31.389939664019757,17.91822264012546,34.11,1.0,headache,S024
-4.79,0.21,-56.05780373320517,-31.20885453250575,17.921711272963197,34.11,1.0,headache,S024
1.3,0.21,-56.28977801773973,-31.401942763890496,17.59656518938751,34.11,1.0,headache,S024
-19.36,0.2,-55.769517568840136,-31.077305191942,18.826582098476347,34.11,1.0,headache,S024
34.74,0.21,-56.1324834162476,-31.193583402782295,17.824126767261134,34.11,1.0,headache,S024
-4.29,0.21,-55.72621096301078,-31.040322011805895,18.507146450365028,34.09,1.0,headache,S024
-16.96,0.21,-56.68512983844987,-31.19314057329006,16.883510907609896,34.09,1.0,headache,S024
34.53,0.21,-55.58591287981234,-31.94191105032539,17.338143134293908,34.09,1.0,headache,S024
-29.87,0.21,-55.68700692137602,-31.635956159763413,18.284689176171945,34.09,1.0,headache,S024
11.49,0.21,-55.56593835434151,-31.456702108294415,18.98489055353548,34.09,1.0,headache,S024
31.92,0.21,-55.21138813828076,-31.08896034125521,21.03906027613018,34.09,1.0,headache,S024
-31.8,0.21,-54.898629699488914,-30.574142862040652,21.966089134584983,34.09,1.0,headache,S024
22.01,0.21,-55.03088539736369,-31.063598021681358,21.990952639429242,34.09,1.0,headache,S024
13.08,0.21,-54.997048396891614,-30.565695639053327,21.748630525985398,34.11,1.0,headache,S024
-33.69,0.21,-55.06701032450555,-30.510198847825873,21.910873394145565,34.11,1.0,headache,S024
38.14,0.21,-55.02863509663662,-30.57250138155173,22.00575720522342,34.11,1.0,headache,S024
-16.05,0.21,-55.13374423443011,-30.193716355853162,22.513100989733072,34.11,1.0,headache,S024
-18.58,0.21,-54.79159185872175,-30.47098484596974,22.1639841600933,34.13,1.0,headache,S024
39.08,0.21,-55.18132095444921,-30.42340084712906,22.059988808491557,34.13,1.0,headache,S024
-27.9,0.21,-55.18947449376967,-30.75791146325837,21.90196631087678,34.13,1.0,headache,S024
0.24,0.21,-55.20178272841998,-30.474409112634003,22.03342171474061,34.13,1.0,headache,S024
28.27,0.21,-55.1508762530828,-30.85193117809433,21.17480352480333,34.11,1.0,headache,S024
-34.83,0.21,-55.42391629232102,-31.004364628283195,20.922623628142507,34.11,1.0,headache,S024
15.71,0.21,-55.049051389654686,-30.742553444152108,21.570512124163677,34.11,1.0,headache,S024
19.57,0.21,-55.07151003147778,-31.032998617430952,21.577065059978267,34.11,1.0,headache,S024
-40.12,0.21,-55.02504235913132,-31.116729732668368,21.532991853691996,34.09,1.0,headache,S024
26.73,0.21,-55.12411899986249,-30.979302102944477,21.520146373254892,34.09,1.0,headache,S024
18.32,0.21,-54.87019779092623,-31.00742846774222,21.695883013964846,34.09,1.0,headache,S024
-32.75,0.21,-55.28315489525146,-31.00477548702286,21.142952194414402,34.09,1.0,headache,S024
25.06,0.21,-55.120938881668344,-30.96010975628544,21.860339012537082,34.13,1.0,headache,S024
-2.92,0.21,-55.209818466250866,-30.886331131372664,21.33940618346526,34.13,1.0,headache,S024
-29.25,0.21,-54.93448720690022,-31.036228011881775,20.991782804725542,34.13,1.0,headache,S024
31.34,0.21,-55.28823923567289,-30.97625021751018,21.290155729676,34.13,1.0,headache,S024
-15.14,0.21,-54.92963642632569,-31.018359008474356,21.491530319495237,34.13,1.0,headache,S024
-18.84,0.21,-55.2807604885336,-30.984130674601243,21.0920893249834,34.13,1.0,headache,S024
33.02,0.21,-55.17472238164643,-31.016696164070396,21.40034491739024,34.13,1.0,headache,S024
-26.4,0.21,-55.3125352844974,-30.969324502689002,21.31555651908,34.13,1.0,headache,S024
-4.06,0.21,-55.1365659648225,-30.877993658661413,21.36047534458917,34.13,1.0,headache,S024
25.88,0.21,-55.260325293581886,-31.033707638719857,21.563553162372116,34.13,1.0,headache,S024
-37.79,0.21,-55.30227120481901,-30.966644186692253,21.207537869402383,34.13,1.0,headache,S024
19.66,0.21,-55.237763654967495,-31.0475266795662,21.446258011296628,34.13,1.0,headache,S024
9.47,0.21,-55.023422127783896,-30.85157709658062,21.37385637221535,34.11,1.0,headache,S024
-39.19,0.21,-55.18384119347658,-30.779511547079963,21.16898589330794,34.11,1.0,headache,S024
37.53,0.21,-55.05674646328609,-30.87267843454836,21.27800621096191,34.11,1.0,headache,S024
-3.72,0.21,-55.283787353942856,-30.983470490812092,21.129016853392628,34.11,1.0,headache,S024
-25.28,0.21,-55.063559711975124,-30.778541464132427,21.59391078745577,34.13,1.0,headache,S024
37.44,0.21,-55.16266568446973,-30.954674183113738,21.312658917496805,34.13,1.0,headache,S024
-24.73,0.21,-54.946329740855724,-30.92915196219419,21.612799913447475,34.13,1.0,headache,S024
-2.55,0.21,-55.62957698935604,-30.608075743146916,21.43270677023019,34.13,1.0,headache,S024
41.74,0.21,-55.119989851062805,-30.76227008683402,21.627831678354013,34.11,1.0,headache,S024
-40.62,0.21,-55.3030930943189,-30.562831232130534,21.600949071975922,34.11,1.0,headache,S024
5.65,0.21,-55.15002618286162,-30.78950133759768,22.08661278993502,34.11,1.0,headache,S024
45.18,0.21,-55.17925657631067,-30.708848250219674,21.67613752976844,34.11,1.0,headache,S024
-41.71,0.21,-54.975339129815275,-30.621571268041695,21.97988634326863,34.15,1.0,headache,S024
5.77,0.21,-54.95092838570002,-30.454250043993518,21.84768856450421,34.15,1.0,headache,S024
39.9,0.21,-54.895531876746304,-30.712748262272335,21.86010789593959,34.15,1.0,headache,S024
-36.21,0.21,-55.09907259295514,-30.58520850636354,21.82799725444928,34.15,1.0,headache,S024
5.98,0.21,-54.90532321483285,-30.38472692765233,22.074778530631647,34.11,1.0,headache,S024
43.43,0.21,-55.2296825564596,-30.297560330970814,21.82081874069176,34.11,1.0,headache,S024
-42.04,0.21,-54.935506028681196,-30.26606157668455,22.137058534799625,34.11,1.0,headache,S024
-13.62,0.21,-55.36180043563835,-30.53190029546502,21.631340834738467,34.11,1.0,headache,S024
51.59,0.21,-54.992292695425604,-30.694808304243978,22.0635834881009,34.13,1.0,headache,S024
-15.07,0.21,-55.11791970860145,-30.603677771979314,21.78301744911614,34.13,1.0,headache,S024
-38.51,0.21,-54.80619553848985,-30.904656325148004,22.087267844873473,34.13,1.0,headache,S024
37.53,0.21,-55.20943916272023,-30.66186574156743,21.874494433240244,34.13,1.0,headache,S024
3.06,0.21,-54.87929521449935,-30.58162094800617,22.230087816515677,34.13,1.0,headache,S024
-39.46,0.21,-55.452288296098494,-30.16512430897051,21.700780703709064,34.13,1.0,headache,S024
30.02,0.21,-54.650861005298566,-30.17354343902461,22.308393787717883,34.13,1.0,headache,S024
14.37,0.21,-57.20071225800687,-30.214180095077296,22.974380234207665,34.13,1.0,headache,S024
-42.36,0.21,-48.94959948648559,-35.00561172695632,24.054869142487313,34.13,1.0,headache,S024
16.67,0.21,-47.34819345985245,-35.15360069065427,30.04590467787462,34.13,1.0,headache,S024
22.59,0.21,-49.30109291930547,-35.68207094011946,29.600534828143378,34.13,1.0,headache,S024
-34.61,0.21,-47.823647848570246,-36.3088801186149,26.326826424059217,34.13,1.0,headache,S024
17.28,0.21,-42.02518082746604,-39.24100695635339,22.77287511796475,34.13,1.0,headache,S024
26.17,0.2,-51.6057941823039,-41.37559034280348,8.974258817423058,34.13,1.0,headache,S024
-29.49,0.21,-60.1393897378231,-33.8435243302704,9.809538009830524,34.13,1.0,headache,S024
30.06,0.21,-55.936949823895596,-32.212080279154016,12.394170458995154,34.13,1.0,headache,S024
-6.41,0.2,-59.56443295859581,-30.179954298600038,12.685580309639967,34.13,1.0,headache,S024
-96.32,0.2,-59.418571333182044,-28.157229152077313,12.876532719639433,34.13,1.0,headache,S024
6.08,0.21,-59.222882153057405,-28.044608012283188,12.78694853227852,34.13,1.0,headache,S024
36.77,0.21,-58.79391334414309,-27.943042104418886,12.9337860576218,34.13,1.0,headache,S024
0.37,0.2,-59.189713329964334,-28.15418225165138,11.731480765048001,34.11,1.0,headache,S024
106.45,0.2,-58.825503840861735,-28.05771328819446,12.349185521028252,34.11,1.0,headache,S024
19.76,0.2,-59.16231513694173,-28.25316788197831,11.985802201703466,34.11,1.0,headache,S024
-60.28,0.2,-58.842978709080555,-28.20300422886302,12.13922521058143,34.11,1.0,headache,S024
6.43,0.2,-59.01000230059909,-27.979464723804252,12.014079898043422,34.15,1.0,headache,S024
-33.07,0.2,-58.88703872356452,-28.018646426460634,12.067107194880693,34.15,1.0,headache,S024
-18.73,0.2,-59.11055273099471,-27.923414382287486,12.26282273100911,34.15,1.0,headache,S024
18.8,0.21,-58.89409238615911,-27.904530300781538,12.082550893727946,34.15,1.0,headache,S024
-42.15,0.2,-59.10138057204211,-28.113462695678727,12.021595038940353,34.13,1.0,headache,S024
6.48,0.2,-58.90257709373356,-28.19002671778454,12.203957820570707,34.13,1.0,headache,S024
16.19,0.2,-59.09418418313973,-27.978641175286317,12.123195607621389,34.13,1.0,headache,S024
-40.07,0.2,-58.90822856945574,-27.957796004409943,12.202772615116574,34.13,1.0,headache,S024
31.55,0.2,-59.09034350145866,-27.807100902371676,13.047344451197318,34.16,1.0,headache,S024
-13.78,0.2,-58.90979251286925,-27.83970214478501,13.318981684572698,34.16,1.0,headache,S024
-24.67,0.21,-59.09202898516923,-27.93999071343481,13.794946153814651,34.16,1.0,headache,S024
42.57,0.2,-58.90250472964506,-27.925699138420796,13.75397765506805,34.16,1.0,headache,S024
-27.1,0.2,-59.11235037778115,-28.076557570757192,13.490996246017662,34.16,1.0,headache,S024
-11.61,0.2,-58.823766937492124,-27.865131430674687,13.654493638858199,34.16,1.0,headache,S024
36.48,0.21,-59.10079523414622,-28.25771347406319,13.708149126905532,34.16,1.0,headache,S024
-38.52,0.2,-59.017450277171676,-28.08007233447237,13.47207400374439,34.16,1.0,headache,S024
23.01,0.2,-58.88696022583198,-27.487490376457373,13.98105974162696,34.15,1.0,headache,S024
15.31,0.2,-57.87659778427247,-28.52280272693754,13.845081741356077,34.15,1.0,headache,S024
-44.21,0.2,-58.7679626641387,-27.94494000477903,15.081432754703862,34.15,1.0,headache,S024
35.55,0.2,-58.352127741671204,-28.389165905148044,14.68414302668205,34.15,1.0,headache,S024
6.48,0.2,-57.93458478763461,-29.136461109491826,14.790125121686469,34.16,1.0,headache,S024
-44.17,0.2,-58.016407289481364,-28.576092909576868,15.443595772033145,34.16,1.0,headache,S024
40.1,0.21,-58.017353404619456,-28.089487828901706,15.909618300076351,34.16,1.0,headache,S024
-9.32,0.2,-58.025596814515474,-28.23988523860909,15.820758483792774,34.16,1.0,headache,S024
-30.84,0.2,-57.93727475154023,-28.41661350455191,15.790376781310469,34.16,1.0,headache,S024
50.5,0.2,-58.03420005621203,-28.206975445730077,16.25472955804493,34.16,1.0,headache,S024
-30.36,0.2,-57.965846361972446,-27.973635417446065,16.825864572615796,34.16,1.0,headache,S024
-11.29,0.2,-58.14272510828939,-28.037337188997903,16.83015886907902,34.16,1.0,headache,S024
46.8,0.2,-58.13258881889469,-28.3527712159984,15.944430756715674,34.18,1.0,headache,S024
-42.7,0.2,-58.09152411358093,-28.17015106917672,16.478523314992103,34.18,1.0,headache,S024
17.47,0.2,-58.045916234017014,-28.268388251997006,16.21209680239812,34.18,1.0,headache,S024
30.68,0.2,-57.959500823795075,-28.216379457558165,16.519383034253362,34.18,1.0,headache,S024
-44.58,0.2,-57.90098988964769,-28.551198165840397,16.126024555311187,34.21,1.0,headache,S024
32.05,0.2,-57.9890602610436,-28.500237972115084,16.509418087783082,34.21,1.0,headache,S024
-0.99,0.2,-58.17157755726585,-28.067103603177543,16.429342054489496,34.21,1.0,headache,S024
-29.41,0.2,-57.82382724121803,-28.1431063519613,16.615085647100475,34.21,1.0,headache,S024
45.42,0.2,-57.85163106591894,-28.203763054163165,16.767462971032536,34.18,1.0,headache,S024
-30.07,0.2,-58.05677488397063,-27.987115381630915,16.824005248326912,34.18,1.0,headache,S024
2.07,0.21,-57.786189229155426,-28.27498901262284,16.637498488854348,34.18,1.0,headache,S024
29.84,0.2,-58.09740917700986,-28.544347877370868,16.295348911263286,34.18,1.0,headache,S024
-40.48,0.2,-58.22573950286729,-27.926124592534755,16.080329065932688,34.18,1.0,headache,S024
28.76,0.2,-58.265812432206104,-28.036889940738863,15.544999052695045,34.18,1.0,headache,S024
-8.17,0.2,-58.55762843797769,-27.796005093636133,15.701569245412824,34.18,1.0,headache,S024
-26.64,0.2,-58.34241816551144,-28.12179121018836,15.223404559941056,34.18,1.0,headache,S024
40.47,0.2,-58.4564220259869,-27.797780133897923,15.8259171862076,34.16,1.0,headache,S024
-42.6,0.2,-58.65713709629675,-28.03210563517171,15.237450962298498,34.16,1.0,headache,S024
12.06,0.2,-58.39575025411198,-27.776298255998142,15.921854519939314,34.16,1.0,headache,S024
20.38,0.2,-58.34944575980134,-27.966699254538717,15.44068852635243,34.16,1.0,headache,S024
-45.36,0.2,-58.46640160361532,-27.560679979082263,15.890067990920498,34.16,1.0,headache,S024
44.49,0.2,-58.426417759565126,-27.509053946989017,15.306279864401288,34.16,1.0,headache,S024
1.52,0.2,-59.09295476759638,-27.368889235660703,14.898457939794065,34.16,1.0,headache,S024
-33.19,0.2,-58.807875899279175,-27.4467321222749,14.918666557728463,34.16,1.0,headache,S024
49.1,0.2,-58.883150565470196,-27.32367543207436,15.545643685013813,34.18,1.0,headache,S024
-33.08,0.2,-58.77972702663708,-27.14289247881457,15.83667135954843,34.18,1.0,headache,S024
0.13,0.2,-58.40171539355778,-27.317352614919145,15.697198023035545,34.18,1.0,headache,S024
31.86,0.2,-58.62661887074395,-27.45353849333982,15.625205737691836,34.18,1.0,headache,S024
-49.05,0.2,-58.42128926412758,-27.558803943228178,15.785438963785845,34.18,1.0,headache,S024
32.5,0.2,-58.405725895509704,-27.77833248393348,15.840839983278899,34.18,1.0,headache,S024
8.99,0.2,-58.496980646664575,-27.52911830659601,15.970977224422361,34.18,1.0,headache,S024
-39.98,0.2,-58.72155322768572,-27.873794289478855,15.470674985931502,34.18,1.0,headache,S024
44.28,0.2,-58.66227741429341,-27.66061352025471,15.613699903305095,34.16,1.0,headache,S024
-21.67,0.2,-58.68691638963363,-27.422527764570564,15.732202210954748,34.16,1.0,headache,S024
-8.39,0.21,-58.39393678599494,-27.352813905632576,16.720911786551074,34.16,1.0,headache,S024
41.37,0.2,-58.01833680870672,-27.89202670538769,16.298367896099595,34.16,1.0,headache,S024
-42.76,0.2,-58.047491203320085,-27.78418130574226,16.492764837279417,34.16,1.0,headache,S024
25.31,0.2,-58.04963024669656,-27.42321305335306,16.580280338539865,34.16,1.0,headache,S024
7.03,0.2,-58.23525782202009,-27.12886177621708,16.910178429180007,34.16,1.0,headache,S024
-26.18,0.2,-58.10414651623333,-27.291936984322373,16.83776861215014,34.16,1.0,headache,S024
41.59,0.2,-58.22288270679103,-27.431973672189766,16.60864885111,34.16,1.0,headache,S024
-19.27,0.2,-58.331976632308965,-27.43960266655671,16.913944981705523,34.16,1.0,headache,S024
0.9,0.2,-58.280837286425154,-27.372869709496683,16.935138035407018,34.16,1.0,headache,S024
16.55,0.2,-58.3452951903385,-27.493566104507675,16.364721597716283,34.16,1.0,headache,S024
-29.14,0.2,-58.4349739394145,-27.280691074548773,16.7262005175922,34.16,1.0,headache,S024
29.61,0.2,-58.13155874751582,-27.33231804762395,16.810777723120598,34.16,1.0,headache,S024
-18.62,0.2,-58.32040048309045,-27.396089241150598,16.45143940122616,34.16,1.0,headache,S024
-9.37,0.2,-58.199234076153324,-27.49069107216099,16.69708214207591,34.16,1.0,headache,S024
27.33,0.2,-57.9668244868816,-27.661380931458993,16.594814031888646,34.15,1.0,headache,S024
-43.74,0.2,-58.23161619025683,-27.372119667510916,16.8901292369915,34.15,1.0,headache,S024
30.46,0.2,-58.02067258648789,-27.53564451083531,16.841482836436143,34.15,1.0,headache,S024
-1.05,0.2,-58.108183143224934,-27.432864055335717,16.963140333667692,34.15,1.0,headache,S024
-26.61,0.2,-58.211252550845394,-27.0008426439905,17.132591291145143,34.15,1.0,headache,S024
41.23,0.2,-58.25993274853962,-27.05374068025712,17.161937338323455,34.15,1.0,headache,S024
-34.12,0.2,-58.09938260645668,-26.93716374832736,17.364618179086445,34.15,1.0,headache,S024
11.13,0.2,-58.143091690036265,-27.07524498655693,17.825632912631665,34.15,1.0,headache,S024
17.49,0.2,-58.20870122273102,-26.899146286719077,17.39179576367161,34.15,1.0,headache,S024
-35.4,0.2,-58.35697284996983,-27.259182896960162,17.35335377144316,34.15,1.0,headache,S024
31.79,0.2,-57.9825796024602,-26.99053738735779,17.593934031549637,34.15,1.0,headache,S024
-16.95,0.2,-58.01561289260787,-27.43989948270104,17.05764873165629,34.15,1.0,headache,S024
-10.33,0.2,-57.98611153882431,-27.614500953541537,17.420841137701455,34.13,1.0,headache,S024
26.76,0.2,-58.011170497023116,-27.34947976371124,17.42894039462064,34.13,1.0,headache,S024
-39.1,0.2,-57.99689463220353,-27.64849903605036,17.335277759912156,34.13,1.0,headache,S024
24.64,0.2,-57.940328447560574,-27.548797774353154,17.337939898736497,34.13,1.0,headache,S024
6.5,0.2,-57.890466994558075,-27.494934755038777,17.31217206867133,34.15,1.0,headache,S024
-39.62,0.2,-58.12263453873186,-27.53904350343504,17.30086353159657,34.15,1.0,headache,S024
40.67,0.2,-58.043242926988114,-27.663886627331813,17.387658260814856,34.15,1.0,headache,S024
-6.92,0.2,-58.01174493713826,-27.355528113879146,17.577914639543412,34.15,1.0,headache,S024
-35.47,0.2,-57.974688942374264,-27.422040972817495,17.512987208175687,34.15,1.0,headache,S024
47.27,0.2,-58.15709050678951,-27.38455256001804,17.565544368598527,34.15,1.0,headache,S024
-3.87,0.2,-57.9556787309161,-27.122936577150107,17.95529012545041,34.15,1.0,headache,S024
-41.13,0.2,-58.117191060347984,-26.973077891215052,17.50868379537077,34.15,1.0,headache,S024
42.22,0.2,-58.03623805637457,-27.489465416870573,17.537526413467994,34.16,1.0,headache,S024
4.76,0.2,-58.00736557820493,-27.416660974301774,17.763186656171808,34.16,1.0,headache,S024
-43.59,0.2,-57.97684218365778,-27.41783246188727,17.622655382072153,34.16,1.0,headache,S024
30.89,0.2,-58.03829657218589,-27.683762908448767,17.536091681549806,34.16,1.0,headache,S024
10.5,0.2,-57.93542235948638,-27.226960585448005,17.640861525522535,34.15,1.0,headache,S024
-38.79,0.2,-58.25673412351685,-27.482716250001253,17.41233956779574,34.15,1.0,headache,S024
29.37,0.2,-58.09970783792994,-27.763029725417102,17.364301478202485,34.15,1.0,headache,S024
9.65,0.2,-57.999495948733575,-27.354866304265713,17.62601628066878,34.15,1.0,headache,S024
-43.81,0.2,-58.08923725232481,-27.146156207396153,17.419362611377338,34.15,1.0,headache,S024
26.24,0.2,-57.95146526908691,-27.47175633463844,17.619359127364937,34.15,1.0,headache,S024
15.06,0.2,-58.035215745764674,-27.499237603915976,17.887230849079945,34.15,1.0,headache,S024
-45.15,0.2,-57.96719246861391,-27.19473410696224,17.959267851959137,34.15,1.0,headache,S024
29.5,0.2,-58.13062194835954,-27.18580447222306,18.043913019590583,34.15,1.0,headache,S024
20.7,0.2,-58.02201746095608,-27.114595472888336,17.870611561049742,34.15,1.0,headache,S024
-41.82,0.2,-58.123132154408815,-27.130789080674855,17.97227968716831,34.15,1.0,headache,S024
19.94,0.2,-57.98729271021994,-27.217160659182905,17.864462262028244,34.15,1.0,headache,S024
18.79,0.2,-58.00528368005344,-27.240400488573314,18.033925316238403,34.15,1.0,headache,S024
-43.03,0.2,-58.00312049528944,-27.175925376314858,17.964973191109532,34.15,1.0,headache,S024
22.63,0.2,-57.89114852497099,-27.3316766624756,18.04006074109589,34.15,1.0,headache,S024
2.62,0.2,-57.9670023626017,-27.07906315331179,17.95040527843425,34.15,1.0,headache,S024
-34.9,0.2,-58.02389664043855,-27.054201407458,18.078610386193482,34.09,1.0,headache,S024
36.85,0.2,-57.97608894068954,-27.100481372674523,18.20578440414164,34.09,1.0,headache,S024
-17.22,0.2,-58.02911170152233,-26.964605582039923,17.998119838094745,34.09,1.0,headache,S024
-29.97,0.2,-58.17302087239942,-26.86196801985696,17.998212741782776,34.09,1.0,headache,S024
53.05,0.2,-58.363482090880716,-25.92029015520998,18.46332306386882,34.13,1.0,headache,S024
-26.89,0.2,-58.4577843618398,-26.17229479750904,17.96838982416358,34.13,1.0,headache,S024
-9.94,0.2,-58.31944357076758,-26.274623453029022,17.7860826912544,34.13,1.0,headache,S024
47.47,0.2,-58.464889853686834,-26.415611673078168,18.04452659698212,34.13,1.0,headache,S024
-26.96,0.2,-58.521350009577354,-26.723085692033894,17.970732593109997,34.09,1.0,headache,S024
3.21,0.2,-58.088243801913414,-26.773339653817356,18.035973761115322,34.09,1.0,headache,S024
20.44,0.2,-58.33952563055868,-26.92174027605841,17.92981501589286,34.09,1.0,headache,S024
-42.81,0.2,-58.070331661789034,-27.974379783103313,18.406792506034414,34.09,1.0,headache,S024
44.05,0.2,-56.74484684806693,-28.414818541740217,19.85392845152114,34.13,1.0,headache,S024
-15.99,0.2,-57.25754511171277,-27.875413967319417,20.035356911420724,34.13,1.0,headache,S024
-32.35,0.2,-56.79976449286524,-27.768559571488602,21.261137889595826,34.13,1.0,headache,S024
71.45,0.2,-57.164278704334336,-27.40657952147924,20.314227614224425,34.13,1.0,headache,S024
90.3,0.2,-56.85423297467223,-27.380156988459905,21.412621188433796,34.11,1.0,headache,S024
-13.51,0.2,-57.135668799063,-27.126544115461765,21.03022747312827,34.11,1.0,headache,S024
-86.98,0.2,-56.86950301801019,-27.665915434975123,21.236567020680766,34.11,1.0,headache,S024
-24.23,0.2,-57.128695715773695,-27.561696867672538,21.00013182166698,34.11,1.0,headache,S024
-54.33,0.2,-56.870439620937645,-27.83919352761113,20.970854895809044,34.13,1.0,headache,S024
36.87,0.2,-57.132863617335886,-27.677863385140416,20.8280753197001,34.13,1.0,headache,S024
33.71,0.2,-56.861252872334,-27.50253033774652,21.354425200480797,34.13,1.0,headache,S024
-39.93,0.2,-57.14778030303291,-27.469623576027317,21.09961158878625,34.13,1.0,headache,S024
8.02,0.2,-56.83874824387044,-27.428360814297758,21.08114148288541,34.11,1.0,headache,S024
40.5,0.2,-57.18206526235898,-27.60801504463437,21.039362285552542,34.11,1.0,headache,S024
-29.2,0.2,-56.78206013510677,-27.730638659199084,21.176965136431544,34.11,1.0,headache,S024
-12.39,0.2,-57.298696990311484,-27.68461614457835,20.330554652379835,34.11,1.0,headache,S024
37.91,0.2,-56.48802354914063,-27.564375535243066,21.947129341844498,34.09,1.0,headache,S024
-16.36,0.2,-56.05813710844109,-27.7841816732251,23.02996692315913,34.09,1.0,headache,S024
-21.12,0.2,-56.848875712639476,-27.78131184714194,21.4999017858447,34.09,1.0,headache,S024
28.84,0.2,-56.95084888010146,-27.993167162359136,21.126874402969946,34.09,1.0,headache,S024
-17.89,0.2,-56.26839883681302,-28.253395949429187,21.641392231706053,34.09,1.0,headache,S024
-56.01,0.2,-58.2150169375878,-30.214604867031152,18.647025005615216,34.09,1.0,headache,S024
40.38,0.2,-55.33572196538925,-30.936508856728867,21.24462607677513,34.09,1.0,headache,S024
22.67,0.2,-52.62633379720943,-29.650833656306943,23.710862228615404,34.09,1.0,headache,S024
-42.27,0.2,-52.444386317626176,-29.431964301175245,25.54654708338156,34.11,1.0,headache,S024
1.11,0.2,-54.19791009248014,-30.2630858688156,25.351662017005605,34.11,1.0,headache,S024
10.75,0.2,-54.29910434243763,-29.461766416295166,26.445670704572255,34.11,1.0,headache,S024
-8.67,0.2,-52.840286252777034,-29.513773818570428,26.75036101944547,34.11,1.0,headache,S024
25.66,0.2,-53.589530136794636,-27.724737665639747,29.09397194178399,34.09,1.0,headache,S024
6.84,0.2,-53.389692475224535,-26.963236590852137,29.521949342892363,34.09,1.0,headache,S024
-8.2,0.2,-53.34485756211417,-26.931612761526655,29.298022882038474,34.09,1.0,headache,S024
21.13,0.2,-53.97389493419252,-27.223699664716047,28.71597220060229,34.09,1.0,headache,S024
17.01,0.2,-53.62538251276369,-26.24209053834692,29.585578469299005,34.03,1.0,headache,S024
-0.48,0.2,-54.372985125715125,-26.714639549793645,26.682247070619145,34.03,1.0,headache,S024
-0.79,0.2,-57.63329938520368,-28.74802733987154,19.984255723169678,34.03,1.0,headache,S024
-22.67,0.22,-56.69408641438458,-27.38461995136253,22.063956848893053,34.03,1.0,headache,S024
-26.44,0.2,-57.45158348691175,-27.907793976214368,20.00041862737348,34.0,1.0,headache,S024
-0.17,0.2,-56.86110554274996,-27.736837416157826,20.32440518777694,34.0,1.0,headache,S024
-41.43,0.2,-57.11548139479568,-28.128024542610063,19.437808055393173,34.0,1.0,headache,S024
-10.98,0.2,-57.23148820064684,-27.585537290873884,20.11299556181006,34.0,1.0,headache,S024
54.43,0.2,-57.15584684858682,-27.68291485743129,19.874024827788872,33.97,1.0,headache,S024
-8.54,0.2,-57.212747831728024,-27.022327841019074,20.28114444300426,33.97,1.0,headache,S024
-12.1,0.2,-57.28874020434056,-27.378401424477516,19.350000215949873,33.97,1.0,headache,S024
39.26,0.2,-56.770307574348344,-26.128750653782646,23.822193230398533,33.97,1.0,headache,S024
-22.95,0.2,-56.54338840534402,-26.159426260773184,23.646904964818408,33.95,1.0,headache,S024
9.11,0.2,-56.13821862148636,-25.942624900711927,24.204901755491534,33.95,1.0,headache,S024
24.8,0.2,-56.77327678116332,-26.403209821133856,23.152095098741942,33.95,1.0,headache,S024
9.11,0.2,-57.077436211188754,-25.58331485474241,23.546128574885156,33.95,1.0,headache,S024
26.05,0.2,-56.351312978732636,-26.14662855802272,24.17832481983379,33.91,1.0,headache,S024
4.63,0.2,-56.11612799601617,-25.785601547108175,25.21797717071917,33.91,1.0,headache,S024
-30.98,0.2,-56.31776437945901,-26.030035611475896,24.643184425039593,33.91,1.0,headache,S024
-30.92,0.2,-56.46429614853723,-25.831497175740704,25.07488533382789,33.91,1.0,headache,S024
-1.07,0.2,-56.27738547028564,-26.067050159443827,24.62313782844306,33.91,1.0,headache,S024
-41.17,0.2,-56.39429024594817,-25.53775541844273,24.923191884386725,33.91,1.0,headache,S024
34.29,0.2,-56.06584788200829,-25.75347241005224,25.020130316077676,33.91,1.0,headache,S024
15.76,0.2,-56.48523084147024,-25.39565801002122,24.953215089937643,33.91,1.0,headache,S024
-26.93,0.2,-56.35662679307983,-25.83369196859052,24.90333233401956,33.89,1.0,headache,S024
38.8,0.2,-56.096798398593464,-25.91894447430922,24.89412142975734,33.89,1.0,headache,S024
-8.02,0.2,-56.28285287322826,-26.086319385669686,24.724154015752614,33.89,1.0,headache,S024
-20.35,0.2,-56.47936775130018,-25.732733868184802,24.941331782464943,33.89,1.0,headache,S024
35.44,0.2,-56.568005344562444,-25.861901800614408,24.872604288033713,33.89,1.0,headache,S024
-25.33,0.2,-56.402189316705666,-25.787223772514295,24.93424494081231,33.89,1.0,headache,S024
4.89,0.2,-56.18907355508415,-25.760003009231546,25.13096678634887,33.89,1.0,headache,S024
29.17,0.2,-56.013267369112036,-25.444048746038593,25.251915444576426,33.89,1.0,headache,S024
-42.09,0.2,-56.26802746574003,-25.372865201853017,25.032561265551138,33.89,1.0,headache,S024
19.83,0.2,-56.0837115899284,-25.431745627115752,25.14057791661679,33.89,1.0,headache,S024
21.52,0.2,-56.45587756205525,-25.488262093011702,24.93463594371302,33.89,1.0,headache,S024
-42.38,0.2,-56.3381631036823,-25.680014854143224,25.05044359291874,33.89,1.0,headache,S024
34.57,0.2,-56.31875050419705,-25.680401517977618,24.958424412038536,33.87,1.0,headache,S024
12.85,0.2,-56.35983961349251,-25.8166427718841,25.034103919728146,33.87,1.0,headache,S024
-36.65,0.2,-56.27747936968034,-25.983877257224677,24.973513689907094,33.87,1.0,headache,S024
34.9,0.2,-56.257796208766585,-25.640986722569526,25.01807254673063,33.87,1.0,headache,S024
7.12,0.2,-56.141571317951076,-25.873793849480553,24.95537082326235,33.91,1.0,headache,S024
-45.24,0.2,-56.427663528414136,-25.49322217077862,24.965303010133766,33.91,1.0,headache,S024
36.25,0.2,-56.29187734129886,-25.549943286465915,24.841023208275182,33.91,1.0,headache,S024
14.45,0.2,-56.241657110073334,-25.39090470054195,25.274682340487285,33.91,1.0,headache,S024
-46.61,0.2,-56.96314111128204,-25.073379321628913,24.7512710747651,33.89,1.0,headache,S024
31.56,0.2,-56.82705850374547,-24.810243423928437,24.769857202967845,33.89,1.0,headache,S024
27.98,0.2,-56.3305995209712,-25.07005203479768,26.040406026990148,33.89,1.0,headache,S024
-44.28,0.22,-56.07038374840538,-24.913732032216306,25.54846691462545,33.89,1.0,headache,S024
12.18,0.2,-56.42184494685553,-25.166860409182725,25.410633317618622,33.87,1.0,headache,S024
38.39,0.2,-56.302471944662194,-25.12251461402759,25.9000295801033,33.87,1.0,headache,S024
-37.26,0.2,-56.45430765498905,-25.046276532212737,25.33702921428676,33.87,1.0,headache,S024
-5.75,0.2,-56.34116099987425,-25.084174801164092,25.545125027880395,33.87,1.0,headache,S024
25.95,0.2,-56.35451158884755,-25.049967208437803,25.29939106207009,33.87,1.0,headache,S024
-41.34,0.2,-56.322291096179896,-25.170862294194418,25.128147702292416,33.87,1.0,headache,S024
12.43,0.2,-56.08922534046398,-25.46840347185195,25.40534790605177,33.87,1.0,headache,S024
28.43,0.2,-56.333848537030256,-25.25495613489038,25.241487495980692,33.87,1.0,headache,S024
-45.98,0.2,-56.424354982095466,-25.301548277401192,24.909482593721496,33.89,1.0,headache,S024
18.83,0.2,-56.38491550255182,-25.24826476581659,25.138923871198156,33.89,1.0,headache,S024
24.3,0.2,-56.294900183375724,-25.04299502335385,25.119083842100487,33.89,1.0,headache,S024
-42.54,0.2,-56.58294545958571,-25.22144481279969,25.20621822927234,33.89,1.0,headache,S024
21.29,0.2,-56.41198107807712,-25.27305003464074,24.90790238815393,33.87,1.0,headache,S024
13.43,0.21,-56.53916940824137,-25.383970172526286,24.898488746305784,33.87,1.0,headache,S024
-36.68,0.2,-56.481520537464164,-25.700340568440254,24.85692035800367,33.87,1.0,headache,S024
26.56,0.2,-56.45260647348268,-25.48518633342138,25.079999358929147,33.87,1.0,headache,S024
-2.99,0.2,-56.50116239554451,-25.73013927836398,24.90792183919262,33.87,1.0,headache,S024
-23.8,0.2,-56.32765144063909,-25.340764500186037,24.958396120448043,33.87,1.0,headache,S024
34.93,0.2,-56.41029022094019,-25.50969696489547,24.969966806669913,33.87,1.0,headache,S024
-24.64,0.2,-56.786354426677356,-25.350821689817394,24.95762520657987,33.87,1.0,headache,S024
-14.99,0.2,-56.49214108840503,-25.70863637406541,24.355934513688418,33.87,1.0,headache,S024
37.38,0.2,-56.56584141998874,-25.533227198582335,24.900585171311906,33.87,1.0,headache,S024
-31.9,0.2,-56.69572787063827,-25.600624572154974,24.63375157115984,33.87,1.0,headache,S024
3.42,0.2,-56.7803199056142,-25.544889478227404,24.793372592245536,33.87,1.0,headache,S024
21.04,0.2,-56.662802408768265,-25.830677139698235,24.30869425026879,33.87,1.0,headache,S024
-31.12,0.2,-56.95974253956274,-25.670546576351423,24.046548859176,33.87,1.0,headache,S024
25.26,0.2,-56.88609074052837,-25.673731846855194,23.798089317892174,33.87,1.0,headache,S024
-0.46,0.2,-56.9872394405513,-25.577473039431165,23.813248867414604,33.87,1.0,headache,S024
-27.87,0.2,-56.96836426097674,-25.287083757754242,24.318709949151007,33.89,1.0,headache,S024
33.93,0.2,-56.873062153371116,-25.492292043342115,24.02708140874399,33.89,1.0,headache,S024
-20.77,0.2,-57.06918811672499,-25.282982388668533,23.97707409325606,33.89,1.0,headache,S024
-6.99,0.2,-56.74733691923299,-25.358473605543196,24.219177641449075,33.89,1.0,headache,S024
28.52,0.2,-56.95762208109619,-25.404602102447992,24.08796934086623,33.89,1.0,headache,S024
-30.88,0.2,-57.00979616029168,-25.16981711388749,24.386285827500643,33.89,1.0,headache,S024
21.74,0.2,-57.006063290568484,-25.40448934643103,24.221046641211245,33.89,1.0,headache,S024
-0.24,0.2,-56.903836633911304,-25.372280250574534,23.960452044556,33.89,1.0,headache,S024
-20.96,0.2,-56.75821478604749,-25.456411199587738,24.09496712487562,33.84,1.0,headache,S024
27.97,0.2,-56.94740135085541,-25.39559712274267,24.067741576558607,33.84,1.0,headache,S024
-26.98,0.2,-57.016462682814364,-25.521325337261132,23.970208974134465,33.84,1.0,headache,S024
8.3,0.2,-56.83799494633106,-25.49574894859528,24.296252627222504,33.84,1.0,headache,S024
8.29,0.2,-56.84353161655758,-25.189548774127623,24.19551370837677,33.84,1.0,headache,S024
-27.69,0.2,-56.926367284448695,-25.503474627193274,24.082047912952024,33.84,1.0,headache,S024
29.51,0.2,-57.013150893143994,-25.28466082011024,24.081045310536396,33.84,1.0,headache,S024
-17.64,0.2,-56.99238924587947,-24.9681296633805,23.956290345405378,33.84,1.0,headache,S024
-0.93,0.2,-57.00639786293621,-25.44665505451015,24.174871365051924,33.84,1.0,headache,S024
22.31,0.2,-56.99607868874799,-25.206876708833146,23.97799370908698,33.84,1.0,headache,S024
-27.25,0.2,-56.9759285168853,-25.557358073891514,24.040329495716524,33.84,1.0,headache,S024
22.99,0.2,-56.5449972978265,-25.37002864652738,24.11093286732412,33.84,1.0,headache,S024
-9.46,0.2,-56.85830353258707,-25.442337670694812,23.984071589804433,33.84,1.0,headache,S024
-10.64,0.2,-56.899476199965406,-25.671745960391927,24.256248962844907,33.84,1.0,headache,S024
23.88,0.2,-56.97305175455344,-25.239545653742436,23.945416623635563,33.84,1.0,headache,S024
-34.06,0.2,-56.88739060980839,-25.18515111563869,24.22049678236781,33.84,1.0,headache,S024
21.08,0.2,-56.98945749375186,-25.170791465018404,24.295427789450322,33.87,1.0,headache,S024
5.88,0.2,-56.98155891901261,-24.96293166936627,24.176680116586827,33.87,1.0,headache,S024
-27.64,0.2,-57.056033242376344,-25.49602914382084,23.95430024242242,33.87,1.0,headache,S024
37.51,0.2,-56.75924215822988,-25.143638131556358,24.459313070746948,33.87,1.0,headache,S024
-16.23,0.2,-56.706709821403976,-25.311824453404714,24.311723224545577,33.87,1.0,headache,S024
-3.33,0.2,-56.83096008573603,-25.00260294414302,24.834927716198543,33.87,1.0,headache,S024
26.19,0.2,-56.758912924191456,-25.091945232341356,24.540949549866017,33.87,1.0,headache,S024
-32.74,0.2,-57.011489558634075,-25.05924144120436,24.449990800768195,33.87,1.0,headache,S024
18.97,0.2,-56.67079418582298,-25.17884552653571,24.85114422032347,33.87,1.0,headache,S024
13.09,0.2,-56.91612755773201,-24.905992773631294,25.02844653717482,33.87,1.0,headache,S024
-39.62,0.2,-56.74153301226536,-25.11903335577331,24.70645541597143,33.87,1.0,headache,S024
33.41,0.2,-56.90463549214619,-25.024514251161204,24.60383060441797,33.87,1.0,headache,S024
10.13,0.2,-56.855976783354905,-25.072893360606145,24.77189663588254,33.83,1.0,headache,S024
-34.83,0.2,-57.02557886886422,-24.910749985662385,24.44963649248676,33.83,1.0,headache,S024
27.59,0.2,-56.76669090322103,-25.10005145452916,24.55311831941506,33.83,1.0,headache,S024
2.52,0.2,-57.04426305018834,-24.890226452788895,24.714618305404304,33.83,1.0,headache,S024
-30.69,0.2,-56.94072947768602,-25.119477873974084,24.31304655370358,33.84,1.0,headache,S024
33.41,0.2,-56.984831809498154,-24.99332727410173,24.365333703553013,33.84,1.0,headache,S024
-3.96,0.2,-56.684974517965905,-25.145616548367233,24.73663848661557,33.84,1.0,headache,S024
-32.42,0.2,-57.212676075759695,-24.839059778898584,24.630285498452256,33.84,1.0,headache,S024
30.9,0.2,-56.7355287068363,-25.181292529980947,24.525585926057513,33.84,1.0,headache,S024
12.9,0.2,-57.138231303742586,-24.78916556443229,24.655869036912847,33.84,1.0,headache,S024
-44.64,0.2,-56.66284868187344,-25.263723309424705,24.218203711111094,33.84,1.0,headache,S024
27.56,0.2,-58.680492049227524,-24.276011715435555,25.909604490531684,33.84,1.0,headache,S024
11.19,0.2,-56.00404904800296,-27.727188787129116,23.230671415268315,33.83,1.0,headache,S024
-30.88,0.2,-55.72083979624939,-35.422184562120485,12.391052860851946,33.83,1.0,headache,S024
15.91,0.2,-39.004453092297055,-45.82814476923658,16.140105251137236,33.83,1.0,headache,S024
17.24,0.2,-37.80673562141791,-43.260219081277704,25.4035140386049,33.83,1.0,headache,S024
-52.25,0.19,-51.48353949570183,-32.17131993098639,23.180144248579595,33.84,1.0,headache,S024
6.05,0.2,-64.65540416357321,-14.5857045874166,20.720215406188437,33.84,1.0,headache,S024
-20.47,0.2,-69.19113212074598,-6.590498843988705,6.428909713063268,33.84,1.0,headache,S024
-38.67,0.2,-67.9275932309299,-2.9523173354746377,-2.293035169271886,33.84,1.0,headache,S024
83.92,0.2,-66.18967568570022,-1.4372522493605573,-1.7832324838609268,33.84,1.0,headache,S024
72.33,0.19,-67.38169406907737,-1.1585413062652608,-3.362122452603759,33.84,1.0,headache,S024
-72.02,0.2,-65.45262852538708,-2.7805766863623784,-3.3219058150441003,33.84,1.0,headache,S024
-72.78,0.2,-65.78028394208816,-3.7702644103976652,-8.98935814419606,33.84,1.0,headache,S024
-35.15,0.19,-66.0139024401672,-2.5435544309407994,-6.609984029099677,33.83,1.0,headache,S024
-91.44,0.19,-66.36894890546584,-1.6403706008000511,-4.759158070494574,33.83,1.0,headache,S024
54.05,0.2,-66.36845983187392,-1.2998550121048316,-5.970553393833243,33.83,1.0,headache,S024
-22.69,0.2,-65.91169609144511,-2.4397870439804046,-4.820485974639218,33.83,1.0,headache,S024
41.75,0.19,-66.0701588363945,-1.990630695406464,-5.464513292013524,33.93,1.0,headache,S024
77.58,0.2,-65.92302369025543,-2.1178006514416134,-5.529821390243501,33.93,1.0,headache,S024
-26.77,0.2,-65.91516318868219,-1.9091487461403014,-6.172182407367278,33.93,1.0,headache,S024
67.68,0.2,-66.22973357249364,-1.3583787578277227,-5.4914730054367,33.93,1.0,headache,S024
-3.19,0.19,-65.97524139336366,-1.2315388817946369,-5.86644854418575,34.05,1.0,headache,S024
-15.46,0.19,-66.24055661802619,-1.1378995845546682,-5.212043454426055,34.05,1.0,headache,S024
30.58,0.2,-66.12852081696721,-1.1834720110653478,-4.978170191549457,34.05,1.0,headache,S024
-42.68,0.2,-66.19101541342228,-1.537121344633275,-4.716582545085726,34.05,1.0,headache,S024
55.19,0.19,-66.2637160187079,-0.7897827279099794,-4.869571759716411,34.07,1.0,headache,S024
-18.48,0.19,-66.19948514037937,-1.3639500296115796,-4.8066094085082955,34.07,1.0,headache,S024
14.66,0.2,-66.20288095845133,-0.8732556774045352,-4.775725763593827,34.07,1.0,headache,S024
52.41,0.2,-65.9276642729521,-1.235192384770506,-4.821753106279146,34.07,1.0,headache,S024
-34.24,0.19,-66.04491285013272,-0.8095927394415549,-4.97030007821832,34.05,1.0,headache,S024
41.87,0.19,-65.96668813689388,-1.171065924732479,-5.119834081588279,34.05,1.0,headache,S024
-22.14,0.2,-66.02649356657489,-0.834916740634171,-5.5455041813220385,34.05,1.0,headache,S024
-3.35,0.19,-65.97844531193512,-1.2204892924808328,-5.237693274925308,34.05,1.0,headache,S024
53.13,0.19,-66.0151557974633,-0.9589551219255986,-5.231222658404201,34.07,1.0,headache,S024
-40.86,0.19,-66.05678106541639,-1.2848069145278087,-5.031010981918567,34.07,1.0,headache,S024
28.77,0.19,-66.04430792122368,-0.9710404181768241,-5.389032861038539,34.07,1.0,headache,S024
1.29,0.2,-66.01437605156177,-1.0296384679820518,-5.340013574053783,34.07,1.0,headache,S024
-28.26,0.19,-66.1138796266417,-1.159131481722041,-5.114258034044966,34.05,1.0,headache,S024
44.84,0.19,-66.02164199894072,-1.4036254888299382,-5.238686771338947,34.05,1.0,headache,S024
-38.79,0.2,-65.98938120638282,-1.2049173238493174,-5.42227308738152,34.05,1.0,headache,S024
-4.07,0.2,-66.00716854425596,-1.4742660792053222,-5.750591641820573,34.05,1.0,headache,S024
36.17,0.19,-65.99453954891668,-1.0496285841422865,-6.133671250529395,34.07,1.0,headache,S024
-51.45,0.19,-66.00429313761565,-1.132535682632405,-6.029781069430476,34.07,1.0,headache,S024
20.82,0.2,-65.99682286129217,-1.2965529181608646,-6.133352915513553,34.07,1.0,headache,S024
17.92,0.19,-66.00175778131127,-1.4812442667991743,-5.963958096221911,34.07,1.0,headache,S024
-49.97,0.19,-66.00042988659435,-1.3483329530269814,-6.045528459703908,34.07,1.0,headache,S024
31.97,0.19,-65.99565925580653,-1.4031560260362022,-5.863647812928074,34.07,1.0,headache,S024
-9.3,0.19,-66.01279746257477,-1.2969123506141993,-5.872143613060148,34.07,1.0,headache,S024
-33.6,0.19,-66.0817885667962,-1.332875829993067,-5.90797146578025,34.07,1.0,headache,S024
41.51,0.19,-65.98172074723102,-1.3197697770165284,-5.7753170520765,34.09,1.0,headache,S024
-35.23,0.19,-66.08104430871435,-1.4424961806718006,-5.9495976795014744,34.09,1.0,headache,S024
-11.41,0.19,-65.9436860741161,-1.1302960986308839,-5.726522830865588,34.09,1.0,headache,S024
44.47,0.19,-66.15479561224916,-1.3996724154582587,-5.541258111279952,34.09,1.0,headache,S024
-53.71,0.19,-65.98909510467594,-1.204561365436564,-5.645046670125998,34.05,1.0,headache,S024
-4.79,0.19,-66.01813603786466,-1.1210177477288772,-5.506668067354266,34.05,1.0,headache,S024
46.49,0.19,-65.98037667539589,-1.4477139454107864,-5.561255023961326,34.05,1.0,headache,S024
-49.47,0.19,-66.02014273922916,-1.5362518647848475,-5.449022527856555,34.05,1.0,headache,S024
12.42,0.19,-65.97958146763492,-1.3840132671655099,-5.002858381921666,34.07,1.0,headache,S024
41.15,0.19,-66.02063441624951,-1.9365122813061564,-5.237185854133768,34.07,1.0,headache,S024
-47.53,0.2,-65.97915246238865,-1.9012527359064906,-5.419661874447447,34.07,1.0,headache,S024
10.18,0.19,-66.02107709739781,-1.9543758762224912,-5.680201267739462,34.07,1.0,headache,S024
40.41,0.19,-65.97867054534987,-1.6284166665890445,-5.382331444035879,34.09,1.0,headache,S024
-52.85,0.19,-66.02160651868739,-2.0102879447942192,-5.41250524101449,34.09,1.0,headache,S024
6.54,0.19,-65.97809111614369,-1.7068505247066326,-5.122572056010445,34.09,1.0,headache,S024
37.78,0.19,-66.02223711617584,-2.0560450648008493,-4.97704839180766,34.09,1.0,headache,S024
-49.75,0.19,-65.9774076421333,-1.6374907939092842,-5.009427968381751,34.05,1.0,headache,S024
13.52,0.19,-66.02297669915538,-1.9267496241851447,-4.994000971605958,34.05,1.0,headache,S024
32.19,0.2,-65.97660648019081,-1.3085144193430644,-5.0058231518891985,34.05,1.0,headache,S024
-52.87,0.19,-66.02384792283432,-1.770429540050686,-4.9925893226856735,34.05,1.0,headache,S024
24.45,0.19,-65.97565262284871,-1.719331730998109,-5.0105960083251375,34.05,1.0,headache,S024
27.6,0.19,-66.02490273409484,-1.7700578749192784,-4.983911696346632,34.05,1.0,headache,S024
-67.94,0.19,-65.97447009752413,-1.8646298218174189,-5.026430976561438,34.05,1.0,headache,S024
20.13,0.19,-66.02625272614411,-1.8254252793352368,-4.947364984279612,34.05,1.0,headache,S024
33.59,0.2,-65.97289181587222,-1.8191830711408095,-5.249682200463018,34.07,1.0,headache,S024
-59.11,0.19,-66.02815640989655,-1.7010794828957752,-5.634334732519931,34.07,1.0,headache,S024
33.88,0.19,-65.97049834448207,-1.8118003175824309,-5.507998216322782,34.07,1.0,headache,S024
21.04,0.19,-66.03134121100715,-1.8606383596197675,-5.403216982124689,34.07,1.0,headache,S024
-61.62,0.19,-65.96590185440368,-1.89182781601614,-5.032234933754914,34.05,1.0,headache,S024
37.36,0.2,-66.03887236508903,-1.9943790167918756,-5.119661792931527,34.05,1.0,headache,S024
12.84,0.19,-65.95030651469635,-1.7444824776469863,-4.931608659717338,34.05,1.0,headache,S024
-48.94,0.19,-66.10270401938176,-1.7521430133464921,-5.089314397239872,34.05,1.0,headache,S024
48.97,0.19,-66.05620436108372,-1.6645984335394706,-5.0733748924272035,34.05,1.0,headache,S024
-7.03,0.2,-65.99735439259248,-2.0075950752822505,-5.216551191239087,34.05,1.0,headache,S024
-45.94,0.19,-65.99176861252926,-1.6339933273224432,-5.283522653008286,34.05,1.0,headache,S024
57.57,0.19,-66.01304380773936,-1.899230600601167,-5.515235830567085,34.05,1.0,headache,S024
-9.41,0.19,-65.98414145589123,-1.7585413846165234,-5.5683405530599615,34.03,1.0,headache,S024
-50.62,0.2,-66.01780608280313,-1.973173336760601,-5.793591869538409,34.03,1.0,headache,S024
58.66,0.19,-65.98063395824224,-1.8683025384660534,-5.329693838903996,34.03,1.0,headache,S024
-8.98,0.19,-66.02086392407082,-1.960800450262712,-5.332554169410928,34.03,1.0,headache,S024
-43.16,0.19,-65.97725931261314,-2.0056597115317754,-5.360166982957026,34.05,1.0,headache,S024
57.17,0.2,-66.0261467336544,-1.8880358460448343,-5.160294878127612,34.05,1.0,headache,S024
-17.31,0.19,-65.9636756129561,-1.7692886032129806,-5.028908668904346,34.05,1.0,headache,S024
-29.16,0.19,-66.29865575451218,-1.8919500836823513,-5.657843642316217,34.05,1.0,headache,S024
62.02,0.19,-66.16274493581597,-1.258393967730068,-5.680981796178199,34.03,1.0,headache,S024
-32.22,0.2,-66.01860191415615,-1.2740422275185257,-5.885665633516279,34.03,1.0,headache,S024
-32.91,0.19,-65.88463179974529,-1.3283372692259796,-5.7628319049837025,34.03,1.0,headache,S024
62.47,0.19,-66.05620537228981,-1.6348679558495745,-5.648088846557855,34.03,1.0,headache,S024
-28.94,0.2,-65.95563433561153,-1.6306999755885156,-5.47179595525178,34.05,1.0,headache,S024
-44.9,0.2,-66.0397317397533,-1.5657957845120467,-5.568719235818465,34.05,1.0,headache,S024
61.8,0.19,-65.96249000386645,-1.6495361563635778,-5.498983931242091,34.05,1.0,headache,S024
-25.29,0.19,-66.03637515919522,-1.8119727497233233,-5.6153694394269875,34.05,1.0,headache,S024
-14.05,0.2,-65.96417559698466,-1.2671717650410799,-5.578977675893714,34.03,1.0,headache,S024
51.35,0.2,-66.03563123860327,-1.2787565434960788,-5.511407361950592,34.03,1.0,headache,S024
-42.19,0.19,-65.96431629995038,-1.3910077612117884,-5.38453169843255,34.03,1.0,headache,S024
-3.5,0.19,-66.03592557555767,-1.1811907298374815,-5.658340725663761,34.03,1.0,headache,S024
41.81,0.19,-65.9636673361823,-1.1613059006084183,-5.582067960277594,34.05,1.0,headache,S024
-50.33,0.2,-66.03690364445556,-1.4041141488784472,-5.605020741684287,34.05,1.0,headache,S024
20.99,0.19,-65.96234086761677,-1.1757323650806337,-5.270611213794962,34.05,1.0,headache,S024
19.73,0.19,-66.03864835096964,-1.199638155547663,-5.471249365748099,34.05,1.0,headache,S024
-51.08,0.19,-65.96003180328596,-1.3201940259183003,-5.65273908583519,34.05,1.0,headache,S024
45.25,0.2,-66.04181109136714,-1.6182435772969093,-5.836614056850478,34.05,1.0,headache,S024
-11.63,0.19,-65.95540268429826,-1.393627565665046,-6.005393276139541,34.05,1.0,headache,S024
-27.02,0.19,-66.0494269884012,-1.4108867600889021,-5.920652482860428,34.05,1.0,headache,S024
45.46,0.19,-65.93965761996294,-1.621994969607042,-5.440389040851407,34.03,1.0,headache,S024
-41.62,0.2,-66.11376036070247,-1.4144423721957096,-5.728751827669937,34.03,1.0,headache,S024
11.86,0.19,-66.04504383271727,-1.4668319665667737,-5.487755313946923,34.03,1.0,headache,S024
22.46,0.19,-66.00831487381178,-1.7086849261189885,-5.33167863513095,34.03,1.0,headache,S024
-40.9,0.19,-65.98070030758461,-1.238525345208316,-5.551556218874819,34.03,1.0,headache,S024
43.31,0.2,-66.02424573749668,-1.565886116380992,-5.770147987733916,34.03,1.0,headache,S024
-17.58,0.19,-65.97280564126464,-1.391937740842698,-6.013560828706388,34.03,1.0,headache,S024
-25.43,0.19,-66.02924987109799,-1.6390393403000916,-5.993037778157147,34.03,1.0,headache,S024
51.49,0.19,-65.96916067222749,-1.5600962203070228,-5.669775442032832,34.03,1.0,headache,S024
-44.04,0.2,-66.03216473349045,-1.6724482895240587,-5.83490717949084,34.03,1.0,headache,S024
-0.09,0.19,-65.96666369729375,-1.2887599866229131,-5.907503263712208,34.03,1.0,headache,S024
37.45,0.19,-66.03442189757742,-1.655775927094614,-5.465439294031371,34.03,1.0,headache,S024
-44.49,0.19,-65.96453128627938,-1.38325014096689,-5.660595332153928,34.03,1.0,headache,S024
23.91,0.2,-66.03651441530158,-1.8766931479500693,-5.878723790162636,34.03,1.0,headache,S024
26.44,0.19,-65.96240583167845,-1.7891218149824055,-5.546647744690776,34.03,1.0,headache,S024
-57.27,0.19,-66.0387467212668,-1.7559068517591125,-5.811198681772509,34.03,1.0,headache,S024
30.49,0.19,-65.95997788255752,-1.5236412450960033,-5.940295635833433,34.03,1.0,headache,S024
31.0,0.19,-66.04149526198603,-1.5404463892657394,-5.769541404399776,34.03,1.0,headache,S024
-55.17,0.19,-65.95670369373295,-1.2657300497195945,-6.039109889378066,34.03,1.0,headache,S024
23.93,0.19,-66.04569574974677,-1.5688830032880288,-5.894157668243367,34.03,1.0,headache,S024
35.89,0.19,-65.95057679017724,-1.5312222177798238,-5.9260164336131815,34.03,1.0,headache,S024
-56.18,0.19,-66.05764242439732,-1.6462251895210613,-5.910190862870272,34.03,1.0,headache,S024
9.48,0.19,-65.86454559020092,-1.5794817835476462,-5.9881724692121105,34.03,1.0,headache,S024
42.49,0.19,-66.21906486048533,-1.3840512070774995,-5.60525928331204,34.03,1.0,headache,S024
-47.77,0.19,-65.85735974671692,-1.3353740128696638,-5.792591069687174,34.05,1.0,headache,S024
5.69,0.2,-66.04221277556499,-1.582375348748738,-5.9471239653981245,34.05,1.0,headache,S024
36.61,0.19,-65.9421838287729,-1.9084148573746618,-5.305689378599912,34.05,1.0,headache,S024
-47.38,0.19,-66.13757026384953,-1.9489513843319606,-5.526455314632095,34.05,1.0,headache,S024
14.1,0.19,-65.99948686311032,-2.051443718981392,-5.479808888895473,34.03,1.0,headache,S024
71.66,0.19,-66.0870437544099,-1.7454633464527678,-5.476024153884713,34.03,1.0,headache,S024
-63.59,0.19,-66.19337113518395,-1.5718662956027496,-5.842781284383447,34.03,1.0,headache,S024
-12.94,0.19,-66.25217709151094,-1.5599593695199085,-5.648026105855483,34.03,1.0,headache,S024
32.59,0.19,-66.12050426953653,-1.6086204843712084,-5.3334540257985426,34.0,1.0,headache,S024
-63.53,0.19,-66.00729210047325,-1.7397357932689492,-5.47658855942032,34.0,1.0,headache,S024
9.33,0.19,-65.9896215547227,-1.65298604330116,-5.17788127199205,34.0,1.0,headache,S024
34.96,0.19,-66.01179763715317,-1.6999517154803334,-5.198982263180493,34.0,1.0,headache,S024
-49.22,0.2,-65.98873553576237,-1.7512672861713943,-5.380929597162094,34.03,1.0,headache,S024
25.54,0.19,-66.00701484409167,-1.3748614534201442,-5.195540943459311,34.03,1.0,headache,S024
27.77,0.19,-66.01348425748522,-1.4058178151415452,-5.195759210022005,34.03,1.0,headache,S024
-61.89,0.19,-66.13765680100217,-1.6337826704718057,-5.156082060585213,34.03,1.0,headache,S024
40.62,0.19,-65.9513571439292,-1.3721043564774722,-4.917885687184912,34.03,1.0,headache,S024
11.22,0.19,-66.0388686639661,-1.6618381784782497,-5.159617508781435,34.03,1.0,headache,S024
-49.21,0.19,-65.96506917683809,-1.9378741336295104,-5.1899454132556055,34.03,1.0,headache,S024
53.74,0.19,-66.03237371397427,-1.6112953247124486,-5.245502720730764,34.03,1.0,headache,S024
-14.03,0.19,-65.97004057291048,-1.8923636069188638,-5.929243477458212,34.0,1.0,headache,S024
-25.72,0.19,-66.02687303655657,-1.574785253544471,-5.865888499823209,34.0,1.0,headache,S024
54.07,0.19,-65.9782670351819,-1.7225021653972639,-5.650937789071468,34.0,1.0,headache,S024
-39.88,0.19,-66.00865463086622,-1.6861816489309478,-5.894220253876643,34.0,1.0,headache,S024
3.61,0.2,-65.85824460731966,-1.4531076853714826,-5.814522012366826,34.03,1.0,headache,S024
35.17,0.19,-66.01881219863397,-1.5113075879302353,-5.753941386134267,34.03,1.0,headache,S024
-47.0,0.19,-66.00372613709887,-1.4342411491350147,-5.6486733258695825,34.03,1.0,headache,S024
39.39,0.2,-66.17156150180044,-1.5075640068504466,-5.608567769629792,34.03,1.0,headache,S024
-12.43,0.2,-65.90824436292063,-1.3685852657737057,-5.364110461325038,33.99,1.0,headache,S024
-22.33,0.19,-66.07543845568851,-1.5797120634253508,-5.544636636711836,33.99,1.0,headache,S024
58.46,0.19,-65.9311697723662,-1.4486659017353136,-5.14282717109576,33.99,1.0,headache,S024
-44.0,0.19,-66.06571981712628,-1.455581531418022,-5.142737447430744,33.99,1.0,headache,S024
-7.18,0.2,-65.93543127327246,-1.2744741204002261,-5.622020991782147,34.0,1.0,headache,S024
63.5,0.19,-66.06532162669848,-1.585761634728846,-5.765570291624877,34.0,1.0,headache,S024
-47.39,0.19,-65.92945585830844,-1.482715977625865,-5.314123384942251,34.0,1.0,headache,S024
-3.5,0.2,-66.17874228956629,-1.3732186665979491,-5.2750241915467075,34.0,1.0,headache,S024
56.63,0.19,-65.9604887211941,-0.9395139211985254,-5.457393554595393,34.0,1.0,headache,S024
-37.84,0.19,-66.04811934147092,-1.070388049642061,-5.576622362781587,34.0,1.0,headache,S024
-19.32,0.19,-65.94938781250401,-1.4342123031343599,-5.925663920553274,34.0,1.0,headache,S024
57.51,0.19,-66.05173376208153,-1.5369801824176703,-5.717797403255921,34.0,1.0,headache,S024
-29.0,0.19,-65.94770687800057,-1.276030449704437,-5.591405004861464,34.03,1.0,headache,S024
-30.59,0.19,-66.05249078927815,-1.1344697087508875,-5.8609123136156045,34.03,1.0,headache,S024
52.67,0.19,-65.94768521607233,-0.9054296953630259,-5.739874426863762,34.03,1.0,headache,S024
-12.36,0.19,-66.05156395420312,-1.3042028131888832,-5.770144719882705,34.03,1.0,headache,S024
-52.12,0.2,-65.95036825145714,-1.306998263811151,-6.040153850444576,33.99,1.0,headache,S024
45.35,0.19,-66.04441967244178,-1.4691871970877177,-5.566237303408439,33.99,1.0,headache,S024
6.4,0.19,-65.9773898535217,-1.285728460294207,-5.402634849120415,33.99,1.0,headache,S024
-56.95,0.2,-66.16850488310678,-1.5584395716603636,-5.769366474326877,33.99,1.0,headache,S024
35.69,0.19,-65.76915670378973,-1.5162292129453123,-6.010266822218326,33.99,1.0,headache,S024
27.32,0.19,-66.18593617187268,-1.1648872994251123,-5.430946677271417,33.99,1.0,headache,S024
-55.36,0.19,-65.9804391178741,-1.6333478465865832,-5.494993174998506,33.99,1.0,headache,S024
6.58,0.19,-66.05142479797357,-1.2781129159592717,-5.78414355761144,33.99,1.0,headache,S024
48.89,0.19,-65.94176561798582,-1.3326555574692964,-5.142695746123121,33.99,1.0,headache,S024
-44.33,0.19,-66.0612819661556,-1.098457920700672,-5.390475762530707,33.99,1.0,headache,S024
-15.46,0.19,-65.9367881737943,-1.2959021257529555,-5.284096774280293,33.99,1.0,headache,S024
53.54,0.19,-66.06472334239483,-1.3408415387789354,-5.53391704113975,33.99,1.0,headache,S024
-30.85,0.19,-65.93392424001608,-1.2324851358239317,-5.655195914821732,33.99,1.0,headache,S024
-37.01,0.19,-66.06739161546952,-1.3691078382467115,-5.7826851638549375,33.99,1.0,headache,S024
56.64,0.19,-65.93125461989692,-1.3859086998672572,-5.667202965668779,33.99,1.0,headache,S024
-12.18,0.19,-66.07019823768442,-1.4076706003314983,-5.808090997922816,33.99,1.0,headache,S024
-45.86,0.19,-65.92818105198134,-1.463583731384033,-6.0431955736994905,34.0,1.0,headache,S024
44.19,0.19,-66.07370748037624,-1.2328854268776073,-5.831779384766492,34.0,1.0,headache,S024
-9.5,0.19,-65.92395900167264,-1.1189887663398175,-5.775076201657074,34.0,1.0,headache,S024
-35.03,0.19,-66.07919767523578,-1.011020314927193,-5.6386567384291775,34.0,1.0,headache,S024
48.65,0.19,-65.91579864275695,-1.268213430619828,-5.649999001984905,33.99,1.0,headache,S024
-29.59,0.19,-66.09520241227224,-1.477459087243442,-5.851746716985242,33.99,1.0,headache,S024
-33.19,0.19,-65.83536464309805,-1.2506540649851738,-6.079011635264745,33.99,1.0,headache,S024
53.81,0.19,-65.97552049967386,-1.2210367892998872,-6.576568559762569,33.99,1.0,headache,S024
-40.57,0.19,-65.7299063546433,-1.2129820343143347,-6.260808512817452,33.99,1.0,headache,S024
-5.48,0.19,-66.0701987048349,-1.3227902824984685,-6.266952236895464,33.99,1.0,headache,S024
50.0,0.19,-65.92215859202821,-1.1723304251645523,-6.0214251770799585,33.99,1.0,headache,S024
-55.57,0.19,-66.08398470405508,-1.5133281076345457,-6.254439676064173,33.99,1.0,headache,S024
22.08,0.19,-65.90715422056095,-1.1219366078844732,-6.031160223790676,33.99,1.0,headache,S024
7.57,0.19,-66.11778567988823,-1.4091414370281252,-5.99296662799475,33.99,1.0,headache,S024
-23.99,0.19,-66.02985396526374,-1.2408088574916427,-6.122520662325417,33.99,1.0,headache,S024
56.53,0.19,-66.06229746297876,-1.5326096090233063,-5.735801574691289,33.99,1.0,headache,S024
-40.64,0.19,-65.92402011525586,-1.3071657389023192,-5.888320018332669,33.99,1.0,headache,S024
-2.83,0.19,-66.08409209460282,-1.4372641331582907,-5.926694383007577,33.99,1.0,headache,S024
53.91,0.19,-65.90858716802872,-1.5115889320203673,-5.764395671882915,33.99,1.0,headache,S024
-56.16,0.19,-66.09987582450391,-1.4903649891510338,-6.102766531571471,33.99,1.0,headache,S024
28.77,0.19,-65.88687912372149,-1.4433342453218383,-5.723809868859144,33.99,1.0,headache,S024
41.38,0.19,-66.23135644893081,-1.5538721986056234,-5.714473828835936,33.99,1.0,headache,S024
-57.69,0.19,-65.89500416813436,-1.448113922198697,-5.208944432496398,33.99,1.0,headache,S024
38.04,0.19,-66.25931816251665,-1.586405997173426,-6.080184143986459,33.99,1.0,headache,S024
33.04,0.19,-65.82265726727427,-1.3202862135178666,-5.44911588590911,33.99,1.0,headache,S024
-61.39,0.19,-66.37948060906679,-1.3739699885986005,-6.0659004071744125,33.99,1.0,headache,S024
29.18,0.19,-65.72613012093366,-1.9806778918519394,-5.313078519560962,33.99,1.0,headache,S024
23.87,0.19,-66.07386338503959,-0.9069411125632625,-6.841332470148419,33.99,1.0,headache,S024
-57.48,0.19,-66.02987172847173,-0.5435508798785899,-7.453381146099365,33.97,1.0,headache,S024
32.18,0.19,-66.05998841284497,-0.07828951155450375,-6.651273697330231,33.97,1.0,headache,S024
28.87,0.19,-66.24341646124498,-0.24088758257033674,-6.507412988851369,33.97,1.0,headache,S024
-70.5,0.19,-65.95460689598174,-0.5164788859150387,-5.91827375234155,33.97,1.0,headache,S024
13.1,0.19,-66.00833194307755,-0.6619816200669321,-6.557700859940458,33.99,1.0,headache,S024
59.0,0.19,-66.01200113097909,-0.524326551114827,-6.720521502297254,33.99,1.0,headache,S024
-40.08,0.19,-65.96725917093696,-0.5035555447067555,-7.128462964121722,33.99,1.0,headache,S024
28.47,0.19,-65.90018482210826,-0.42283272153995566,-6.912294240271321,33.99,1.0,headache,S024
10.45,0.19,-65.98718193888895,-0.46311578674803855,-7.002660528134223,33.97,1.0,headache,S024
-49.23,0.19,-66.0237336649104,-0.6527716684812455,-6.627253290345384,33.97,1.0,headache,S024
33.94,0.19,-65.97054862345325,-0.791597948051568,-6.132347364210791,33.97,1.0,headache,S024
-17.94,0.19,-66.03327599786752,-1.0342340345965348,-5.916350358323311,33.97,1.0,headache,S024
-26.17,0.19,-65.9639926615826,-0.608095609107059,-6.318507402078343,33.95,1.0,headache,S024
45.44,0.19,-66.03793654689814,-0.8158159828603808,-5.958369167722277,33.95,1.0,headache,S024
-41.34,0.19,-65.96083115146459,-1.0398666687227547,-6.251025426069736,33.95,1.0,headache,S024
-7.47,0.19,-66.03970233039753,-0.755244937530988,-6.1361834683880465,33.95,1.0,headache,S024
48.91,0.19,-65.96056257288141,-0.809896187220819,-6.3551201983206616,33.99,1.0,headache,S024
-54.34,0.19,-66.03814322434546,-0.8030896032795468,-6.368158935659737,33.99,1.0,headache,S024
13.7,0.19,-65.96464063628692,-0.8667819831086353,-6.409428460120122,33.99,1.0,headache,S024
38.95,0.19,-66.03014273690339,-0.9091145071768918,-5.936217943316153,33.99,1.0,headache,S024
-57.82,0.19,-65.97967275823258,-0.7325463642465202,-6.225806388709688,33.99,1.0,headache,S024
17.57,0.19,-65.99973945920962,-1.032874928851945,-5.969806775958011,33.99,1.0,headache,S024
46.75,0.19,-66.05814616635513,-0.8631248050664441,-6.641976815067158,33.99,1.0,headache,S024
-57.46,0.19,-66.20766172903907,-0.6996854794087116,-5.972108337667264,33.99,1.0,headache,S024
1.23,0.19,-65.73274551409213,-0.5080675862936403,-5.017266931314291,33.99,1.0,headache,S024
57.14,0.19,-66.24476426494238,-0.06478299725723213,-5.702467029532802,33.99,1.0,headache,S024
-40.08,0.19,-65.95986891782066,-0.42058646206386896,-5.151449260572679,33.99,1.0,headache,S024
-24.86,0.19,-66.10925963089244,-0.3705948386560219,-5.380728462635438,33.99,1.0,headache,S024
66.05,0.19,-65.89033298850684,-0.1949423134185552,-5.389367076123399,33.97,1.0,headache,S024
-12.97,0.19,-66.10809278494663,-0.4700307650169805,-5.24670242667029,33.97,1.0,headache,S024
-55.43,0.19,-65.89303495728254,-0.037955307720899625,-5.129284703619488,33.97,1.0,headache,S024
46.23,0.19,-66.10645566804266,-0.15669346490863223,-5.4216642338189365,33.97,1.0,headache,S024
14.94,0.19,-65.89349349732127,-0.12380464254478425,-5.101370022836716,33.95,1.0,headache,S024
-57.27,0.19,-66.10707110536424,-0.29183533912862436,-5.818019645071739,33.95,1.0,headache,S024
35.4,0.19,-65.89183724533746,-0.21853381373452627,-5.293206483064085,33.95,1.0,headache,S024
21.84,0.19,-66.10989468157317,-0.11541467912240881,-5.524948409240981,33.95,1.0,headache,S024
-56.9,0.19,-65.88741507018013,-0.16919302880103426,-6.086262570463286,33.99,1.0,headache,S024
25.69,0.19,-66.11711418637428,-0.3283284828124445,-5.8285295611309165,33.99,1.0,headache,S024
17.12,0.19,-65.87336911764118,-0.31930122891728974,-5.830626643686686,33.99,1.0,headache,S024
-55.04,0.19,-66.16493327921262,-0.041539936204102734,-5.85751180701039,33.99,1.0,headache,S024
31.41,0.19,-65.99140268135521,-0.22509999533051037,-5.687800307154336,33.97,1.0,headache,S024
8.01,0.19,-66.0792675445137,-0.017442975585176303,-5.815888345510956,33.97,1.0,headache,S024
-40.36,0.19,-65.9084890996572,-0.0325198411634983,-5.905902478301412,33.97,1.0,headache,S024
46.23,0.19,-66.09714032722331,-0.1505832309173365,-5.773868563447531,33.97,1.0,headache,S024
-23.43,0.19,-65.89930004319201,-0.18762458177565594,-6.057231269031733,33.97,1.0,headache,S024
-39.25,0.19,-66.10335079676776,-0.039451332748996544,-5.8776945358648875,33.97,1.0,headache,S024
60.9,0.19,-65.89448197501204,-0.09960351481360412,-5.767296957543541,33.97,1.0,headache,S024
-41.28,0.19,-66.10738604145305,-0.007154944210267052,-5.928639447484158,33.97,1.0,headache,S024
-13.8,0.19,-65.89096307802664,-0.17665719752118905,-5.942168913661454,33.97,1.0,headache,S024
51.9,0.19,-66.11049627748552,-0.27828993760939336,-5.467374545353961,33.97,1.0,headache,S024
-44.06,0.19,-65.88825512192584,-0.1524475184981646,-5.646444231633975,33.97,1.0,headache,S024
28.8,0.19,-66.1127078208975,-0.06288412944807269,-5.783895411728112,33.97,1.0,headache,S024
32.4,0.19,-65.8867903092765,-0.09424320724594448,-5.764463725349955,33.95,1.0,headache,S024
-62.18,0.19,-66.11283750518163,-0.14999755054907757,-6.088827705827116,33.95,1.0,headache,S024
47.25,0.19,-65.88955426556672,-0.20626812856414153,-5.834665906255678,33.95,1.0,headache,S024
13.76,0.19,-66.10147018296794,-0.07671608791734628,-6.006153049758984,33.95,1.0,headache,S024
-51.91,0.19,-65.96914744966286,-0.05567213343668753,-5.958399239770757,33.97,1.0,headache,S024
53.44,0.19,-66.1898110082929,0.029005625676679175,-5.604483106682503,33.97,1.0,headache,S024
-6.61,0.19,-65.84207543324244,-0.0209396898687463,-5.72471926893002,33.97,1.0,headache,S024
-31.47,0.19,-66.15290721791123,0.02093443341290473,-5.730652764448821,33.97,1.0,headache,S024
58.37,0.19,-65.84636060253952,-0.12676976924026703,-5.587341422012802,33.97,1.0,headache,S024
-30.83,0.19,-66.15992812922595,-0.014343222223385903,-5.76669864404275,33.97,1.0,headache,S024
-26.43,0.19,-65.72877438741445,0.008571447580788313,-5.838180699914466,33.97,1.0,headache,S024
62.57,0.19,-66.1353024855996,-0.008145720561798795,-5.475520836715325,33.97,1.0,headache,S024
-36.51,0.19,-65.85364685004713,0.008749616616352299,-5.920151704092174,33.95,1.0,headache,S024
-28.07,0.19,-66.1526438882067,-0.009650315927683758,-6.002421598102969,33.95,1.0,headache,S024
61.26,0.19,-65.84054892680537,0.010635982871813427,-6.096330558854769,33.95,1.0,headache,S024
-38.76,0.19,-66.17071234004126,-0.011628218297601158,-6.519188093055175,33.95,1.0,headache,S024
-5.02,0.19,-65.78936754440858,0.012591681197148461,-6.598648238022466,33.95,1.0,headache,S024
48.1,0.19,-66.05530606690589,-0.013504944415065556,-7.038035951768729,33.95,1.0,headache,S024
-50.34,0.19,-65.87359730054807,0.01434758743510207,-6.714522519902032,33.95,1.0,headache,S024
10.61,0.19,-66.13877870140564,-0.01509056443501393,-6.33615870128136,33.95,1.0,headache,S024
23.76,0.19,-65.85664431341911,0.015682531635893913,-6.467553005202031,33.97,1.0,headache,S024
-45.86,0.19,-66.14260919413859,-0.016020334801755364,-6.205843636210272,33.97,1.0,headache,S024
41.49,0.19,-65.87566697535384,0.015869050230705825,-6.350456580741101,33.97,1.0,headache,S024
-9.16,0.19,-66.27938749068053,-0.01463762741700013,-6.158172151123539,33.97,1.0,headache,S024
-36.69,0.19,-65.80482518952647,-0.12125282360806816,-6.037700771115294,33.95,1.0,headache,S024
54.76,0.19,-66.18875364004995,-0.14367676117628891,-5.973335512805607,33.95,1.0,headache,S024
-34.25,0.19,-65.8114457301873,0.03901457128158753,-6.020538463078245,33.95,1.0,headache,S024
-26.63,0.19,-66.19019203014068,-0.03325698812446933,-5.983625974162302,33.95,1.0,headache,S024
60.3,0.19,-65.8073838622283,0.031086806593163204,-6.013269546459425,33.93,1.0,headache,S024
-42.0,0.19,-66.19542983786754,-0.15721286840043094,-5.98925247301006,33.93,1.0,headache,S024
-18.23,0.19,-65.80158687438349,0.03284311115161509,-6.008398458784935,33.93,1.0,headache,S024
58.24,0.19,-66.2013614260533,-0.02674370834756237,-5.994538744532557,33.93,1.0,headache,S024
-42.42,0.19,-65.79606066250261,-0.034960146528813615,-5.998616157966377,33.95,1.0,headache,S024
-11.13,0.19,-66.2052831146275,-0.16437503040433515,-6.084209876897119,33.95,1.0,headache,S024
58.43,0.19,-65.7981999364336,-0.14441272459371085,-6.15630823116641,33.95,1.0,headache,S024
-42.49,0.2,-66.14376059976445,-0.294054618881544,-5.885008309108051,33.95,1.0,headache,S024
-8.08,0.19,-65.8354626151779,-0.22076382989539423,-6.0087275796490225,33.95,1.0,headache,S024
49.87,0.19,-66.24164995814789,-0.009541235653781009,-5.982938001718669,33.95,1.0,headache,S024
-44.02,0.19,-65.75432643007076,-0.031556062980776914,-6.04149099375209,33.95,1.0,headache,S024
-9.33,0.19,-66.25012748280155,-0.14943383407440705,-6.107013338541887,33.95,1.0,headache,S024
40.55,0.19,-65.74476950212228,-0.023691338650047113,-5.98842332086717,33.97,1.0,headache,S024
-46.85,0.19,-66.26082406728707,-0.2886874380579447,-5.914339215540601,33.97,1.0,headache,S024
7.16,0.19,-65.73319875129967,-0.11886679252849992,-5.9195847786622355,33.97,1.0,headache,S024
38.88,0.19,-66.27308153123299,-0.13720653796819157,-5.903541786977845,33.97,1.0,headache,S024
-60.12,0.19,-65.72042179620564,0.0249189735328242,-6.024128531080577,33.95,1.0,headache,S024
16.03,0.19,-66.28616078894197,-0.07866794286207987,-5.949673564058098,33.95,1.0,headache,S024
38.6,0.19,-65.70741217834279,-0.07167017521091168,-5.756361192692688,33.95,1.0,headache,S024
-57.14,0.19,-66.29834383111667,0.0006445327021435103,-6.050557377678904,33.95,1.0,headache,S024
32.22,0.19,-65.6978672383264,-0.09113396590286604,-5.966022061722355,33.93,1.0,headache,S024
26.93,0.19,-66.29965144179961,-0.06361098563846646,-6.027829313017599,33.93,1.0,headache,S024
-53.38,0.19,-65.73783442773693,0.08367426995551447,-5.975444627347335,33.93,1.0,headache,S024
35.83,0.19,-66.35875916086349,-0.21651657973156402,-6.022373292426899,33.93,1.0,headache,S024
12.81,0.19,-65.5403044438036,-0.08825172759876547,-5.979418009134611,33.95,1.0,headache,S024
-54.53,0.19,-66.42911690846286,-0.051381322115177534,-6.018745043011484,33.95,1.0,headache,S024
42.01,0.19,-65.56729801575356,-0.09163938734879142,-5.983622986849928,33.95,1.0,headache,S024
0.35,0.19,-66.44481909704331,-0.09001571301604512,-6.012502516507549,33.95,1.0,headache,S024
-36.8,0.19,-65.53802860302001,-0.03202750922669657,-5.996458328639763,33.93,1.0,headache,S024
51.55,0.19,-66.48423483246087,-0.10549966806616248,-5.885138327483066,33.93,1.0,headache,S024
-18.3,0.19,-65.48446973647744,-0.1763898444182564,-6.094266984470582,33.93,1.0,headache,S024
-38.04,0.19,-66.5942819350683,-0.2785299320360474,-5.953597198198742,33.93,1.0,headache,S024
61.07,0.19,-65.53773521564355,-0.2332657002152886,-6.178277310065051,33.91,1.0,headache,S024
-20.42,0.19,-66.54487171772888,-0.1349670461434947,-6.017715790440283,33.91,1.0,headache,S024
-39.26,0.19,-65.4057114500655,-0.04840248327201785,-6.074940171445799,33.91,1.0,headache,S024
56.88,0.19,-66.65947702469145,-0.223203170630698,-6.057198333874892,33.91,1.0,headache,S024
-10.74,0.19,-65.44562627351928,-0.11328520514723882,-5.903669850220868,33.93,1.0,headache,S024
-41.44,0.19,-66.69473775683889,-0.11959750868256959,-5.9438349719859955,33.93,1.0,headache,S024
49.46,0.19,-65.23287710749811,-0.05414689160574947,-6.037632665998221,33.93,1.0,headache,S024
-17.72,0.19,-66.84685340563085,0.008037695266941107,-6.2327679008580255,33.93,1.0,headache,S024
-31.34,0.19,-65.0531206139066,-0.0009805000085872087,-5.988703737261651,33.93,1.0,headache,S024
58.42,0.19,-67.11334775825526,-0.0018402924728720205,-6.016813796679711,33.93,1.0,headache,S024
-18.65,0.19,-64.90123285805889,0.010045927223590649,-6.222284373945289,33.93,1.0,headache,S024
-37.7,0.19,-67.35102446527834,-0.0690408971349144,-6.126664905782807,33.93,1.0,headache,S024
61.56,0.19,-64.17180877380054,-0.38772906463788925,-6.506219182865169,33.93,1.0,headache,S024
-16.82,0.19,-68.33905213181285,-0.23316826366885848,-5.993657146213092,33.93,1.0,headache,S024
-39.99,0.19,-63.09569696081353,-0.3438661362415517,-6.0518793432832645,33.93,1.0,headache,S024
52.55,0.19,-79.13337928479424,-1.8470184769708364,-3.147169479970867,33.93,1.0,headache,S024
-12.68,0.19,-65.94197672689809,-28.519418132423006,-7.522668975382964,33.89,1.0,headache,S024
-40.72,0.19,-30.591698110182495,-39.87749099890156,0.2503430160161153,33.89,1.0,headache,S024
43.1,0.19,-37.99100116522688,-46.4806314730126,20.918236519705307,33.89,1.0,headache,S024
-21.79,0.19,-31.97062978674289,-50.23674266115775,21.943887869509812,33.89,1.0,headache,S024
-47.49,0.19,-35.35557777472751,-50.83984424926209,19.94062871721584,33.89,1.0,headache,S024
-44.04,0.19,-39.360032491132884,-48.75585993307472,16.554451743993273,33.89,1.0,headache,S024
116.1,0.19,-43.26366090617515,-45.57348523523329,10.37413371188534,33.89,1.0,headache,S024
112.11,0.19,-51.14954917136022,-48.60224645017358,-1.2624203135120986,33.89,1.0,headache,S024
46.21,0.19,-43.012501385200785,-46.58024618559023,0.7554513671594604,33.91,1.0,headache,S024
-35.22,0.19,-45.03262950995889,-50.713705741500114,-2.205257608655716,33.91,1.0,headache,S024
-66.61,0.19,-40.94428793268488,-43.595918162766075,0.9759052940056377,33.91,1.0,headache,S024
-22.41,0.19,-47.40690957958802,-36.97857545806345,-6.599978205523752,33.91,1.0,headache,S024
-63.77,0.19,-67.79949320761942,-15.91348686043723,-14.928447624096691,33.93,1.0,headache,S024
-48.91,0.19,-66.71364254595495,-5.342417844788518,-19.843328127100623,33.93,1.0,headache,S024
-0.66,0.19,-66.77883370648864,-4.27610902049373,-18.42568559506352,33.93,1.0,headache,S024
-30.88,0.19,-62.819440551355854,-1.580683107033633,-13.992914714020692,33.93,1.0,headache,S024
12.68,0.19,-65.32249125471667,-1.4811507303618405,-17.2217734865922,33.87,1.0,headache,S024
11.97,0.19,-65.81755284221705,-5.70844246900438,-14.001282485656876,33.87,1.0,headache,S024
1.3,0.19,-63.13437551342534,-1.6381228694678898,-12.426577932762765,33.87,1.0,headache,S024
18.18,0.19,-62.353193757232894,-4.3516370281891135,-16.16936427028096,33.87,1.0,headache,S024
-1.43,0.19,-63.798832315716886,-4.444007608275113,-19.799450183666053,33.84,1.0,headache,S024
-35.21,0.19,-61.38686132512108,-0.6289653139038243,-25.36528697811073,33.84,1.0,headache,S024
73.53,0.19,-59.19830870635815,-5.997791612376804,-26.795502416188434,33.84,1.0,headache,S024
16.84,0.19,-59.82508066866827,-4.196439570718726,-23.232756498870728,33.84,1.0,headache,S024
1.14,0.19,-61.583893466842035,-3.556724632784833,-24.665320184417805,33.87,1.0,headache,S024
14.91,0.19,-60.28152758094776,-4.176425431947054,-23.159086129411843,33.87,1.0,headache,S024
-86.82,0.19,-61.509745574146464,-5.197455224132759,-23.138482292491478,33.87,1.0,headache,S024
11.58,0.2,-60.94824531164884,-4.239678685181646,-22.4499772669529,33.87,1.0,headache,S024
28.02,0.19,-61.72571829761226,-5.968711663600835,-21.946546567612106,33.87,1.0,headache,S024
-14.31,0.19,-61.12520750496743,-4.939065131024228,-21.449639056914908,33.87,1.0,headache,S024
60.59,0.2,-62.29660538263373,-5.695920914870697,-21.47741800219928,33.87,1.0,headache,S024
-30.09,0.2,-61.20936291158422,-5.222893850253836,-21.266004571268972,33.87,1.0,headache,S024
18.19,0.2,-62.12316756126493,-6.038265192331,-21.088847241558,33.84,1.0,headache,S024
17.43,0.2,-61.57611677541758,-5.212521917198435,-20.919241874998995,33.84,1.0,headache,S024
-33.1,0.2,-62.39708004242471,-5.43649631588703,-21.122691026103386,33.84,1.0,headache,S024
50.66,0.2,-61.34932771294302,-4.748790683195224,-20.836670233439857,33.84,1.0,headache,S024
-23.65,0.2,-62.33215251651336,-5.227943359533949,-21.082500776911207,33.89,1.0,headache,S024
12.9,0.2,-61.57378315041049,-4.785569005548301,-20.929637985009343,33.89,1.0,headache,S024
21.61,0.2,-61.85452692648739,-5.206764668565885,-21.06118904325662,33.89,1.0,headache,S024
-37.42,0.2,-61.401032180524794,-4.790111356112201,-20.949895365716845,33.89,1.0,headache,S024
33.87,0.2,-62.28148550831415,-5.291938764213568,-20.940215976421673,33.89,1.0,headache,S024
-18.16,0.2,-61.47741244894958,-5.038147081545808,-21.074196191713497,33.89,1.0,headache,S024
-10.37,0.2,-62.289075120218975,-5.124256017154042,-20.815127073682106,33.89,1.0,headache,S024
20.25,0.2,-61.62969075774488,-4.934471831103984,-20.754326034264768,33.89,1.0,headache,S024
-31.45,0.2,-62.389887059115786,-5.391652961884965,-20.84533676260836,33.89,1.0,headache,S024
24.11,0.2,-61.643311330114685,-5.524136297312313,-20.58473289594745,33.89,1.0,headache,S024
-18.52,0.2,-62.52814927972246,-5.660793409119172,-20.923547662662532,33.89,1.0,headache,S024
-8.78,0.2,-61.85051317712954,-5.511550506946098,-20.442470620736795,33.89,1.0,headache,S024
19.99,0.2,-62.417759502267444,-5.611744218282497,-20.36785450992548,33.89,1.0,headache,S024
-34.69,0.2,-61.93992956219997,-5.702850409850436,-20.137796388856007,33.89,1.0,headache,S024
24.13,0.2,-62.464462576360646,-5.744946688670204,-20.255969635528423,33.89,1.0,headache,S024
-14.24,0.2,-62.18111673422322,-5.6157184060085505,-20.25293766592969,33.89,1.0,headache,S024
-9.3,0.2,-62.60056340811143,-5.931063162401287,-20.079159803403474,33.89,1.0,headache,S024
22.69,0.2,-62.26785003758569,-5.26250709287577,-19.945132845175294,33.89,1.0,headache,S024
-41.47,0.2,-62.39268471041819,-5.823462943107942,-19.955132864635576,33.89,1.0,headache,S024
22.65,0.2,-62.21858899392394,-5.758820080863401,-19.824668659677798,33.89,1.0,headache,S024
-9.13,0.2,-62.78563845937049,-5.847545138544592,-19.955802853188946,33.91,1.0,headache,S024
-13.8,0.2,-62.331619724992215,-5.661347562966286,-19.838050036856888,33.91,1.0,headache,S024
23.11,0.2,-62.34412717032553,-5.9996281318661255,-20.112676302377842,33.91,1.0,headache,S024
-35.55,0.2,-62.22539296503814,-5.669266803107721,-19.933645132979052,33.91,1.0,headache,S024
24.67,0.2,-62.66349993597387,-6.061684817732524,-20.036845879042765,33.89,1.0,headache,S024
-9.67,0.2,-62.31768777395052,-5.597460141517489,-20.051575942750887,33.89,1.0,headache,S024
-10.49,0.2,-62.522819004504136,-5.763248150948702,-20.089339317812787,33.89,1.0,headache,S024
26.95,0.2,-62.347623697602195,-5.423518084880655,-19.96872048516212,33.89,1.0,headache,S024
-33.73,0.2,-62.63020531810298,-5.5260066731969815,-20.149153147343092,33.89,1.0,headache,S024
31.92,0.2,-62.48678455233769,-5.126663712842056,-20.126703368890432,33.89,1.0,headache,S024
-17.87,0.19,-62.504472817789015,-5.984932690431079,-20.252113920589714,33.89,1.0,headache,S024
6.82,0.2,-61.73097826791124,-6.610923059481984,-20.598263288092905,33.89,1.0,headache,S024
23.13,0.2,-62.104138152645326,-6.955348695268863,-20.927692822061825,33.91,1.0,headache,S024
-30.35,0.2,-61.48461582048777,-6.541649993797238,-20.74102354371865,33.91,1.0,headache,S024
58.38,0.2,-62.7889926198166,-6.366200372494883,-20.741513447148073,33.91,1.0,headache,S024
27.57,0.2,-61.56822776908536,-7.2894759618294875,-20.628304780691668,33.91,1.0,headache,S024
26.41,0.2,-61.85810761959292,-7.490074397116909,-20.513007271404557,33.89,1.0,headache,S024
23.12,0.2,-62.197208764889325,-7.419375072317901,-20.00426383870663,33.89,1.0,headache,S024
-50.1,0.2,-62.27339703615355,-7.568282042626979,-20.10700707881912,33.89,1.0,headache,S024
-1.72,0.2,-62.00869830884416,-6.981613622789332,-20.095712462117525,33.89,1.0,headache,S024
-4.88,0.2,-62.51369057944627,-7.244715546762568,-19.88398384698028,33.87,1.0,headache,S024
-46.11,0.2,-62.119402002032814,-7.089260729499089,-19.89105299337318,33.87,1.0,headache,S024
-7.07,0.2,-62.661419170315106,-6.925536670789629,-20.12685571854511,33.87,1.0,headache,S024
-29.52,0.2,-62.279367061465365,-6.875157882317913,-19.50962390630844,33.87,1.0,headache,S024
6.08,0.2,-62.87273610309045,-6.26241545440021,-19.014964346122785,33.84,1.0,headache,S024
20.0,0.19,-62.7060087503981,-5.953136273176783,-18.970756802692037,33.84,1.0,headache,S024
-30.93,0.19,-63.09531879808835,-6.225485650148754,-18.95501251779115,33.84,1.0,headache,S024
18.76,0.2,-62.85285529892722,-6.025027856487949,-18.567547894849543,33.84,1.0,headache,S024
-54.81,0.2,-63.022930482802565,-6.1565411190129815,-19.016421042358868,33.84,1.0,headache,S024
-41.57,0.19,-62.74906353531892,-6.262343175974672,-18.945521211271515,33.84,1.0,headache,S024
43.45,0.19,-63.11033714161945,-6.172579661949506,-19.058633498913466,33.84,1.0,headache,S024
-22.58,0.2,-62.87964360233128,-5.868676191469613,-18.93521319946208,33.84,1.0,headache,S024
22.59,0.22,-62.97199529098598,-6.210883662484139,-18.913367240950794,33.87,1.0,headache,S024
30.24,0.19,-62.927027620079194,-6.027743252731403,-19.001932587496977,33.87,1.0,headache,S024
-22.65,0.2,-62.91523971460855,-6.146572860949435,-18.991667810580378,33.87,1.0,headache,S024
40.52,0.2,-63.02153431325253,-5.857071125453161,-18.44534309265061,33.87,1.0,headache,S024
-4.03,0.2,-62.77712370383077,-6.153056178849472,-19.02017195130338,33.87,1.0,headache,S024
-9.08,0.19,-62.77683209233865,-5.849492080927631,-18.864255247916603,33.87,1.0,headache,S024
40.93,0.19,-62.59767404045983,-6.3872564286837745,-18.14851173079161,33.87,1.0,headache,S024
-34.81,0.2,-63.32238106177186,-4.126947902418652,-18.30296544721839,33.87,1.0,headache,S024
21.85,0.19,-62.51840826925663,-3.0040037950484613,-19.248265826544188,33.87,1.0,headache,S024
23.01,0.19,-63.51745339909842,-0.4016424755975636,-18.250794944940385,33.87,1.0,headache,S024
-29.14,0.19,-64.23491685687684,1.4433724129372607,-16.16328601419184,33.87,1.0,headache,S024
52.6,0.19,-65.27589817282207,3.211221838918568,-15.080947968840974,33.87,1.0,headache,S024
-22.55,0.19,-65.04599937773285,2.081502950880116,-13.55942268030201,33.84,1.0,headache,S024
-24.8,0.19,-63.2126985163647,1.2221682951586956,-15.474603607190238,33.84,1.0,headache,S024
24.69,0.2,-64.12929996770399,-0.36312109998631115,-18.666021226818334,33.84,1.0,headache,S024
-24.37,0.19,-63.27456339912232,0.7078716632898446,-12.392903536768564,33.84,1.0,headache,S024
27.64,0.19,-66.05834095268897,3.9402881153125477,-12.722056553380648,33.87,1.0,headache,S024
-3.07,0.19,-64.90506148788523,5.402699401890877,-7.533293168008812,33.87,1.0,headache,S024
-43.34,0.2,-66.45297257214453,7.163927465069878,-5.533951784323731,33.87,1.0,headache,S024
60.23,0.2,-65.47298596424676,6.868880876403643,-5.60766472668725,33.87,1.0,headache,S024
3.72,0.19,-66.29403955663558,7.052953706057372,-4.1531251735961545,33.83,1.0,headache,S024
126.04,0.19,-65.40148943512183,6.959372422483083,-3.655844576438512,33.83,1.0,headache,S024
76.33,0.2,-66.19450277089473,7.030418638180637,-3.3389742096157895,33.83,1.0,headache,S024
-123.06,0.2,-65.79342755079908,6.9828090152286855,-3.9208259263292367,33.83,1.0,headache,S024
5.07,0.19,-66.20544708388832,6.922906559913482,-3.1022909601659414,33.84,1.0,headache,S024
-61.36,0.19,-65.78736506609206,6.924962299392233,-3.1426907241101336,33.84,1.0,headache,S024
-21.91,0.2,-66.06911254389853,7.071609776379742,-2.638980476757446,33.84,1.0,headache,S024
-5.79,0.2,-65.82276996176405,6.842540155389108,-2.726748769241991,33.84,1.0,headache,S024
-48.72,0.19,-66.29661718569945,6.832464041645257,-2.3345368567241582,33.81,1.0,headache,S024
31.6,0.19,-65.8313016465401,7.062327708284332,-2.0860644960372325,33.81,1.0,headache,S024
-28.54,0.2,-66.20736307099976,6.905687353026094,-2.1570155828098865,33.81,1.0,headache,S024
-16.45,0.2,-65.85132801381125,6.816380322712041,-2.0433082761617176,33.81,1.0,headache,S024
29.28,0.19,-66.08244441970199,7.000837703516545,-1.9643968207508038,33.81,1.0,headache,S024
-60.15,0.19,-65.93769236115999,7.000105559851851,-2.0365351695968057,33.81,1.0,headache,S024
37.54,0.19,-66.08166025315455,6.999166854091919,-1.9570140801281348,33.81,1.0,headache,S024
-10.46,0.2,-65.81471992986103,7.0009525468645935,-2.0801576564005715,33.81,1.0,headache,S024
-30.48,0.19,-65.93647701092245,6.999467835159546,-2.210926532417774,33.83,1.0,headache,S024
45.9,0.19,-65.864379055632,6.99943224204528,-2.10381752684096,33.83,1.0,headache,S024
-42.8,0.19,-66.12787284324551,7.002836392819544,-2.208791281724944,33.83,1.0,headache,S024
9.7,0.19,-65.87206942067158,6.991991618919099,-2.046935483834039,33.83,1.0,headache,S024
20.4,0.19,-66.12940124235347,6.888648764869245,-2.0683868903570923,33.83,1.0,headache,S024
-49.24,0.19,-65.86740738439573,6.950471832279126,-2.0815506651336064,33.83,1.0,headache,S024
45.81,0.19,-66.14064863599273,6.89304004662702,-1.9507692616985406,33.83,1.0,headache,S024
-33.82,0.2,-65.82133916694391,7.039138763182485,-2.076685977917873,33.83,1.0,headache,S024
3.06,0.19,-66.01872074492172,6.972152835929749,-2.1929125217995944,33.81,1.0,headache,S024
24.21,0.19,-65.91933951560496,7.023226483998963,-2.402353707398078,33.81,1.0,headache,S024
-64.25,0.19,-65.97993233950466,6.979301680748466,-2.072017284739423,33.81,1.0,headache,S024
48.85,0.19,-65.87887416276268,7.019050184341291,-2.060133677404737,33.81,1.0,headache,S024
-29.58,0.19,-66.11667651053443,6.982203638773618,-1.9327112019516037,33.83,1.0,headache,S024
-10.17,0.19,-65.88344196167101,7.016661879768137,-2.0805625805233636,33.83,1.0,headache,S024
45.09,0.19,-66.11750095671108,6.984598459011132,-1.8874439263770266,33.83,1.0,headache,S024
-50.86,0.19,-65.88108570804117,7.013644278847158,-2.380821245860137,33.83,1.0,headache,S024
59.99,0.19,-66.11737548632921,6.989483683169058,-2.3227239658340135,33.83,1.0,headache,S024
-17.78,0.19,-65.70881985208933,7.002893651781445,-3.093436378262409,33.83,1.0,headache,S024
-24.54,0.19,-65.9233241840101,7.0341461429629195,-4.108910588849299,33.83,1.0,headache,S024
66.64,0.19,-65.66278123550408,7.128112566327101,-4.3316188056436005,33.83,1.0,headache,S024
-50.49,0.19,-65.81292849672037,6.928477228660247,-4.028833782674873,33.81,1.0,headache,S024
30.52,0.19,-65.80506386593572,7.117037392821726,-4.317799605919305,33.81,1.0,headache,S024
34.44,0.2,-65.72826124541217,7.046581480028332,-4.3523308691633895,33.81,1.0,headache,S024
-50.76,0.19,-65.83197547030004,7.000397417566972,-3.895058257384308,33.81,1.0,headache,S024
52.82,0.19,-65.99594900692232,6.990775867787824,-4.062566297382507,33.81,1.0,headache,S024
-20.78,0.19,-65.93960210174498,7.012753017977649,-3.957015350646913,33.81,1.0,headache,S024
1.7,0.19,-66.07000107363855,6.98534211794968,-4.029965305903787,33.81,1.0,headache,S024
62.54,0.19,-65.927260383734,7.0159121883198985,-3.8344727368299463,33.81,1.0,headache,S024
-62.71,0.19,-66.07194369310054,6.983115064245083,-3.3781241176099064,33.81,1.0,headache,S024
4.45,0.19,-65.93531439588592,7.017756905366316,-3.1725014421780178,33.81,1.0,headache,S024
77.43,0.19,-65.97303478783176,6.98135544693721,-3.027172114522452,33.81,1.0,headache,S024
-64.43,0.19,-65.87540934414137,7.019652610660095,-2.9755936245256676,33.81,1.0,headache,S024
-22.94,0.19,-66.11384342962042,6.979086941878162,-3.020338535935931,33.81,1.0,headache,S024
84.42,0.19,-65.85406585636582,7.022643324117794,-2.982709946136411,33.81,1.0,headache,S024
-6.34,0.19,-65.98099753681757,6.974713077488822,-2.8836853375564653,33.81,1.0,headache,S024
-84.88,0.19,-65.96634303854857,7.029983426672705,-3.0016709518830353,33.81,1.0,headache,S024
41.86,0.19,-65.92346378765245,6.959057316733635,-2.986605552546613,33.79,1.0,headache,S024
49.44,0.19,-65.63470231032949,7.097917602076862,-2.768920951178325,33.79,1.0,headache,S024
-67.44,0.19,-65.9824559032582,7.061032866542669,-3.200157131952427,33.79,1.0,headache,S024
-1.64,0.19,-65.9443024721852,6.9883308024405695,-3.3344495457182823,33.79,1.0,headache,S024
64.35,0.19,-66.06142575516154,7.001275736340477,-3.253925133563316,33.81,1.0,headache,S024
-40.76,0.19,-65.94269244318991,7.003321515124654,-2.926194508626958,33.81,1.0,headache,S024
-28.26,0.19,-66.03343112191412,6.994004782847877,-3.046519679491448,33.81,1.0,headache,S024
52.28,0.19,-65.8149341619736,7.007828639971568,-2.967860947234322,33.81,1.0,headache,S024
-10.34,0.19,-66.09826723424018,6.9907409594720935,-3.0196519325085642,33.83,1.0,headache,S024
-41.66,0.19,-65.91374460630396,7.010517184843165,-2.998886791989551,33.83,1.0,headache,S024
38.95,0.19,-66.07952016173596,6.9882337763445825,-2.92848858355196,33.83,1.0,headache,S024
6.08,0.19,-65.92782975572628,7.013170696882159,-2.6440156069847545,33.83,1.0,headache,S024
-53.84,0.19,-66.05577697360921,6.985032935261558,-2.87841584826032,33.79,1.0,headache,S024
30.39,0.19,-65.81223072174694,7.017610103208072,-2.2387740705362855,33.79,1.0,headache,S024
25.99,0.19,-65.98924318723977,6.977753811188032,-1.8647877064367033,33.79,1.0,headache,S024
-57.72,0.19,-65.86980180102886,7.0330928622605455,-2.214571917891479,33.79,1.0,headache,S024
9.87,0.19,-66.10797047369569,6.9099700012262435,-2.1751463945534586,33.79,1.0,headache,S024
43.24,0.19,-65.68143809480364,6.930842457859083,-1.9349986830585644,33.79,1.0,headache,S024
-52.52,0.19,-66.05524051973178,7.020248597045738,-2.0427422312339596,33.79,1.0,headache,S024
-13.23,0.19,-65.92125768060322,6.989733899520689,-1.974337401485386,33.79,1.0,headache,S024
59.6,0.19,-66.0834667638287,7.006167262905017,-1.9669083904554772,33.77,1.0,headache,S024
-34.17,0.19,-65.91343675902958,6.995891567693076,-1.871667405571867,33.77,1.0,headache,S024
-37.43,0.19,-66.09256031324378,7.003039311954331,-2.091064448108859,33.77,1.0,headache,S024
55.12,0.19,-65.7939693710077,6.997430750836652,-1.6053527234590834,33.77,1.0,headache,S024
-10.42,0.19,-66.07271243206237,7.002537324304434,-1.9743040987225937,33.81,1.0,headache,S024
-44.71,0.19,-65.90921638116022,6.997109718038598,-1.9940077791804203,33.81,1.0,headache,S024
52.22,0.19,-65.95023895232328,7.003647157979809,-2.005634748286652,33.81,1.0,headache,S024
-6.15,0.19,-65.9452021752186,6.995096085233691,-2.0811481994344567,33.81,1.0,headache,S024
-46.39,0.19,-66.06223339984781,7.006881190505549,-2.094875817324348,33.77,1.0,headache,S024
48.19,0.19,-65.9350163169894,6.989926863420626,-1.9404502473764187,33.77,1.0,headache,S024
-12.73,0.19,-66.06717499216245,7.015764569820453,-2.014404760486429,33.77,1.0,headache,S024
-42.45,0.19,-65.92699022089229,6.971313263176706,-1.9909724109609872,33.77,1.0,headache,S024
54.85,0.19,-66.15989847259469,7.1022716384103335,-1.9835950880446223,33.79,1.0,headache,S024
-24.25,0.19,-66.00693786569532,7.1873216351028635,-1.8700548873845284,33.79,1.0,headache,S024
-22.69,0.19,-65.89791238212887,6.972480841085137,-1.979506743169338,33.79,1.0,headache,S024
54.88,0.19,-65.77948047859056,7.001707964874129,-1.8345871017324111,33.79,1.0,headache,S024
-51.52,0.19,-66.13406374936895,7.079744785696715,-1.9262893858424608,33.79,1.0,headache,S024
-16.15,0.19,-65.80872092828388,7.07276078707787,-1.6373464348405724,33.79,1.0,headache,S024
54.86,0.19,-66.0277912842663,6.96173824700007,-1.6859026537563624,33.79,1.0,headache,S024
-52.65,0.19,-65.9431654526302,7.028860191390238,-1.8178841192931634,33.79,1.0,headache,S024
25.26,0.19,-65.93189568880895,6.97581584168059,-1.6682237833998526,33.77,1.0,headache,S024
37.39,0.19,-65.94750881294594,7.021267762389031,-1.3708527818518637,33.77,1.0,headache,S024
-62.48,0.19,-66.0512577938377,6.980804601175039,-1.6287139172545346,33.77,1.0,headache,S024
44.12,0.19,-65.95424338378365,7.017563800767735,-1.4067081432313893,33.77,1.0,headache,S024
25.85,0.19,-66.03221531615311,6.983878719724852,-1.4039053885781516,33.77,1.0,headache,S024
-60.19,0.19,-66.03140412156934,7.014567942761823,-1.6849100774925643,33.77,1.0,headache,S024
59.6,0.19,-66.10322483620352,6.98815812012841,-1.636194724163096,33.77,1.0,headache,S024
-2.64,0.19,-65.79211609474964,7.139850364570735,-1.8240000693221472,33.77,1.0,headache,S024
-43.45,0.19,-65.98245408001648,6.98190281342222,-1.9904102305958729,33.79,1.0,headache,S024
62.95,0.19,-65.91387577511551,7.015777273340457,-1.8705187631499556,33.79,1.0,headache,S024
-32.11,0.19,-66.06709924530746,6.985320927813857,-2.0550216929325833,33.79,1.0,headache,S024
-23.54,0.19,-65.70895562516495,7.013909058714103,-1.9614679875432208,33.79,1.0,headache,S024
60.35,0.19,-66.04670023474195,6.986724530014486,-2.027981385620803,33.77,1.0,headache,S024
-53.39,0.19,-65.9346538411093,7.012706806683083,-1.9860559123624544,33.77,1.0,headache,S024
14.85,0.19,-66.06513064203722,6.987834146782662,-1.9546696957040806,33.77,1.0,headache,S024
33.55,0.19,-65.94076753931382,7.011627164028457,-1.8878529399309405,33.77,1.0,headache,S024
-65.03,0.19,-66.03459184415031,6.98893145274485,-2.060397357331031,33.75,1.0,headache,S024
49.69,0.19,-65.81319335690584,7.01046625806809,-1.9671948146088745,33.75,1.0,headache,S024
4.34,0.19,-66.10155438833313,6.990209411665633,-2.1992332487437287,33.75,1.0,headache,S024
-57.75,0.19,-65.90861170521475,7.008999775852854,-1.753362412246626,33.75,1.0,headache,S024
64.47,0.19,-66.08789852832159,6.991970690269717,-1.929676904606485,33.75,1.0,headache,S024
-21.93,0.19,-65.91323891173545,7.006770172982782,-1.9904486476600038,33.75,1.0,headache,S024
-38.79,0.19,-66.08724359609786,6.994981622808435,-2.017065509962639,33.75,1.0,headache,S024
65.95,0.19,-65.91007058117094,7.002337681976863,-1.8242395940945064,33.75,1.0,headache,S024
-39.02,0.19,-66.09878604593574,7.002410708830467,-2.101057662662614,33.75,1.0,headache,S024
6.81,0.19,-65.80671181890847,6.986541514481494,-1.6176898954051786,33.75,1.0,headache,S024
52.63,0.19,-66.04573190401898,7.0711150354644365,-1.7930735202393346,33.75,1.0,headache,S024
-72.53,0.19,-65.93564781670229,7.087727565265659,-2.0427685551553094,33.75,1.0,headache,S024
20.73,0.19,-66.07037712706092,6.961126506444061,-1.9857603314867978,33.79,1.0,headache,S024
48.48,0.19,-65.9256333325316,7.02841087936485,-2.0011240389207585,33.79,1.0,headache,S024
-72.06,0.19,-66.07845856666903,6.9763671693108025,-2.0084164064264733,33.79,1.0,headache,S024
32.11,0.21,-65.9157315745062,7.020631739466996,-1.9768894763970093,33.79,1.0,headache,S024
35.88,0.19,-66.09554289043929,6.981807444827224,-1.8751291104788537,33.75,1.0,headache,S024
-69.32,0.19,-65.71395713393606,7.015558327742323,-1.9140523406366994,33.75,1.0,headache,S024
45.6,0.19,-66.01513862946678,6.9883845611845175,-1.7783928917459335,33.75,1.0,headache,S024
24.2,0.19,-65.89812524071237,7.002927008148996,-1.898896676019621,33.75,1.0,headache,S024
-67.67,0.19,-65.9533975688703,7.036666458204117,-1.860419791236124,33.75,1.0,headache,S024
60.2,0.19,-65.97257780578602,7.120634551189467,-1.4685547021549343,33.75,1.0,headache,S024
-4.0,0.19,-65.92657767082545,7.049246345694302,-1.6469824983120642,33.75,1.0,headache,S024
-63.62,0.19,-66.00528471922202,7.113623228585257,-1.6173880485322636,33.75,1.0,headache,S024
61.47,0.19,-66.2745664677644,7.0916683503838795,-1.5550850702254488,33.77,1.0,headache,S024
-22.11,0.19,-65.83704569884021,7.2995891844426435,-0.4735784023389282,33.77,1.0,headache,S024
-38.23,0.19,-65.88905151847251,7.116540565767359,0.2066545251146541,33.77,1.0,headache,S024
65.59,0.19,-66.16989778530106,7.207455236621219,-0.31952750173284955,33.77,1.0,headache,S024
-52.89,0.19,-65.9559119072848,7.115474961434214,0.757423873207051,33.77,1.0,headache,S024
3.21,0.19,-65.93149607562225,6.963936044374286,0.8271553879900394,33.77,1.0,headache,S024
56.87,0.19,-66.05880881226386,7.018464303037729,0.907173623906825,33.77,1.0,headache,S024
-63.16,0.19,-65.94383503745185,6.989046911037743,0.9375756216777731,33.77,1.0,headache,S024
45.06,0.19,-66.05514288584892,7.007092538465815,0.8127547878001643,33.75,1.0,headache,S024
37.67,0.19,-65.94533145435862,6.994747296110339,0.7332035031683045,33.75,1.0,headache,S024
-66.9,0.19,-66.05441100131426,7.005821658016026,0.6962995120067119,33.75,1.0,headache,S024
53.99,0.19,-65.94575611246682,7.124153305120534,0.7215466428918015,33.75,1.0,headache,S024
-49.51,0.19,-66.05411209928174,6.996185119722327,0.9442171987932835,33.77,1.0,headache,S024
-16.59,0.19,-65.94601084511285,7.0018130014715165,1.0008417543578425,33.77,1.0,headache,S024
48.32,0.19,-66.05386111676538,6.999516275718284,0.8434762019686955,33.77,1.0,headache,S024
-67.19,0.19,-65.9462802633844,6.99849967128617,0.8926095699421871,33.77,1.0,headache,S024
51.89,0.19,-66.05355919012185,7.005352266284304,1.0403034996904486,33.77,1.0,headache,S024
-13.95,0.19,-65.94662570683634,6.9853541615536345,0.9392775508326353,33.77,1.0,headache,S024
-43.04,0.19,-66.05315929390699,7.051949970094889,0.7464495614904073,33.77,1.0,headache,S024
68.17,0.19,-65.9470932410691,7.375339017596469,0.4588991084056967,33.77,1.0,headache,S024
-60.88,0.19,-66.0526061707107,6.927727404873262,0.754585570517877,33.73,1.0,headache,S024
13.43,0.19,-65.94775826893805,7.068712889193036,0.9515530414274935,33.73,1.0,headache,S024
35.07,0.19,-66.05178841882748,7.071764482453388,1.0008118287733592,33.73,1.0,headache,S024
-61.97,0.19,-65.94879586805689,7.234078830447806,0.6402295576616811,33.73,1.0,headache,S024
60.02,0.19,-66.05041221539112,7.035558131724339,0.7831912644502347,33.73,1.0,headache,S024
-20.88,0.19,-65.95074314440915,6.99780674756542,0.9144287908089975,33.73,1.0,headache,S024
-16.86,0.19,-66.04736454520753,6.989119449960338,0.7774919170886578,33.73,1.0,headache,S024
64.1,0.19,-65.9564453440577,7.127993593792667,0.9114524102784488,33.73,1.0,headache,S024
-70.95,0.19,-66.0310464037313,7.004732966268479,0.9182748620455546,33.75,1.0,headache,S024
18.27,0.19,-65.82664076763773,7.004452373744435,0.8844652834951753,33.75,1.0,headache,S024
47.45,0.19,-66.06970115963387,6.990305644354753,0.8304880182070066,33.75,1.0,headache,S024
-73.97,0.19,-65.93824409868351,7.015413975440514,0.6940662645710165,33.75,1.0,headache,S024
54.66,0.19,-66.05854404950833,6.975016691433898,0.7184423019743249,33.75,1.0,headache,S024
2.1,0.19,-65.94346279181399,7.054706852315973,1.0950818461309408,33.75,1.0,headache,S024
-51.27,0.19,-66.05486757696188,7.087246012611643,0.8181866810228032,33.75,1.0,headache,S024
66.3,0.19,-65.94690459291546,7.094555131318795,1.0423171508545253,33.75,1.0,headache,S024
-45.59,0.19,-66.05074039830104,7.038572591894311,0.885261075342892,33.75,1.0,headache,S024
4.5,0.19,-65.9531930688335,6.996222638424996,0.9527252314446593,33.75,1.0,headache,S024
49.27,0.19,-66.03792398110194,7.136760711154518,0.9250705270043227,33.75,1.0,headache,S024
-78.28,0.19,-66.0021312825362,6.986625413509705,0.8104815228988712,33.75,1.0,headache,S024
47.73,0.19,-66.15679999909392,7.276315319369835,0.745754447103057,33.73,1.0,headache,S024
17.71,0.19,-65.90813303918416,6.93114972347954,0.9896822129448942,33.73,1.0,headache,S024
-74.93,0.19,-66.22251292451041,7.375018487103935,-0.11517295030577245,33.73,1.0,headache,S024
68.41,0.19,-65.77942057238582,7.1871662971571,-0.07659473000841513,33.73,1.0,headache,S024
-9.68,0.19,-66.08610956224257,7.099319264957323,0.0177097921025795,33.75,1.0,headache,S024
-52.99,0.19,-65.86180873804896,6.9902882294896616,-0.022920240697790268,33.75,1.0,headache,S024
79.01,0.19,-66.02426120018379,7.171385121989281,0.10514879919796064,33.75,1.0,headache,S024
-38.5,0.19,-65.65652564131214,7.194069161795157,0.4966831906111671,33.75,1.0,headache,S024
-29.25,0.19,-66.0683210425048,6.996693167310487,0.12810791344785227,33.73,1.0,headache,S024
74.61,0.19,-65.79646216419081,7.207573580000808,0.5874774049336308,33.73,1.0,headache,S024
-70.81,0.19,-66.13731290556086,7.095521681069604,0.5641156739667547,33.73,1.0,headache,S024
-10.68,0.19,-65.97701021555869,6.941864867311075,0.7509559522612155,33.73,1.0,headache,S024
79.08,0.19,-65.93038178975668,7.19710514456192,0.8981325111809617,33.75,1.0,headache,S024
-67.57,0.19,-65.99343822633202,7.283249893215919,0.9432391039673459,33.75,1.0,headache,S024
2.6,0.19,-66.0210801025079,7.065402390388366,0.9577352465638382,33.75,1.0,headache,S024
70.33,0.19,-65.97367017973954,6.973917014752187,1.0516720274439206,33.75,1.0,headache,S024
-79.5,0.19,-66.02723891557265,7.015791512522692,1.0250335201471983,33.75,1.0,headache,S024
23.9,0.19,-65.97764116909615,6.993182641562501,1.242711254550387,33.75,1.0,headache,S024
56.25,0.19,-65.94159100792665,6.98079828608937,1.0867412580069538,33.75,1.0,headache,S024
-72.66,0.19,-66.0299430200774,6.866449803778684,0.971542409352487,33.75,1.0,headache,S024
36.39,0.19,-66.06161760851438,7.049837514046708,1.3798941219562069,33.75,1.0,headache,S024
33.72,0.19,-65.9608097323204,6.959334448635022,1.183286734901839,33.75,1.0,headache,S024
-84.62,0.19,-65.94065597736588,7.038490890473856,0.9938866103938073,33.75,1.0,headache,S024
40.83,0.19,-65.91323012208342,6.961019208207405,1.120810850590202,33.75,1.0,headache,S024
10.51,0.19,-66.068673886172,7.041577103732572,1.5286036832627325,33.75,1.0,headache,S024
-48.61,0.19,-65.93647264618404,6.951738016066077,1.1456841471586785,33.75,1.0,headache,S024
66.55,0.19,-66.06114860449686,7.16450640269484,1.236397055023797,33.75,1.0,headache,S024
-47.25,0.19,-65.94020968893571,6.9667169104692555,1.2701541968500547,33.75,1.0,headache,S024
-25.63,0.19,-66.05884318033408,7.0457834993399615,1.2772769147689533,33.73,1.0,headache,S024
67.93,0.19,-65.94206015167602,6.940511314519959,1.266897144874965,33.73,1.0,headache,S024
-74.68,0.19,-66.05664482957268,7.114947064501377,1.307851126977466,33.73,1.0,headache,S024
20.49,0.19,-65.94597216985248,7.092010949849448,1.2497686902279126,33.73,1.0,headache,S024
24.47,0.19,-66.04700421966115,7.129443339010728,0.9569572189592869,33.75,1.0,headache,S024
-58.27,0.19,-65.98453707956946,6.8834996097320635,1.203488688818517,33.75,1.0,headache,S024
86.87,0.19,-66.34194482091097,7.230728510908302,1.3708911865560025,33.75,1.0,headache,S024
-37.45,0.19,-65.79627849165338,7.4030016367296225,1.6225780244372014,33.75,1.0,headache,S024
-20.81,0.19,-66.05040001880502,7.122840940992533,1.7795387822425583,33.73,1.0,headache,S024
52.59,0.19,-65.6205948287493,7.551154864231916,1.4630086244310427,33.73,1.0,headache,S024
-61.28,0.19,-65.89452544278294,7.344575579013199,1.372200838881428,33.73,1.0,headache,S024
62.23,0.19,-65.92589384180427,7.682009688366055,1.5813470503100981,33.73,1.0,headache,S024
-6.06,0.19,-66.06932136008733,7.138436537025884,1.2681548287469548,33.75,1.0,headache,S024
-44.25,0.19,-65.84292872661679,7.706698537084071,1.751477360753909,33.75,1.0,headache,S024
64.4,0.19,-65.95852174409383,7.300625515222503,1.3702375290253617,33.75,1.0,headache,S024
-59.35,0.19,-65.94314361413782,7.404559885188746,1.5729770541512602,33.75,1.0,headache,S024
8.23,0.19,-65.91461952767071,7.128274906758553,1.2804361387151333,33.75,1.0,headache,S024
54.8,0.19,-66.0119353012325,7.4975351057270725,1.3831846507924934,33.75,1.0,headache,S024
-75.55,0.19,-66.00359578101313,7.605611703970818,0.938540563477316,33.75,1.0,headache,S024
55.53,0.19,-65.9898908168484,7.671784738014345,1.2879056779825655,33.75,1.0,headache,S024
22.02,0.19,-66.01049814587708,7.274984998695099,0.9998541496869898,33.75,1.0,headache,S024
-67.79,0.19,-66.09951827046426,7.483953566516761,1.21328488573625,33.75,1.0,headache,S024
65.86,0.19,-66.03832061248988,7.313447901420814,1.1560097976248047,33.75,1.0,headache,S024
-7.55,0.19,-65.96575564360275,7.776618449327293,1.3357348638201076,33.75,1.0,headache,S024
-59.45,0.19,-66.03397679956493,7.260192065829941,1.0512476007779787,33.73,1.0,headache,S024
70.33,0.19,-65.96559644532591,7.432464886238082,1.4147078784045486,33.73,1.0,headache,S024
-29.62,0.19,-66.03500108476074,7.166307069869048,1.170716062796922,33.73,1.0,headache,S024
-42.24,0.19,-65.96437115297107,7.407596038115111,1.0843387061602363,33.73,1.0,headache,S024
89.37,0.19,-66.0362443540861,7.531620781905682,0.9201413794296318,33.73,1.0,headache,S024
-41.09,0.19,-65.96316258209326,7.458079872106365,0.9349882099718071,33.73,1.0,headache,S024
-51.02,0.19,-66.03741034133796,7.356340442970941,0.9654023655398554,33.73,1.0,headache,S024
79.3,0.19,-65.96202881570993,7.378947769242816,1.2826468073011537,33.73,1.0,headache,S024
-30.66,0.19,-66.03853162959705,7.660695630709145,0.9614836284192144,33.71,1.0,headache,S024
-56.27,0.19,-65.96089310297064,7.397449384971017,1.0550355627728645,33.71,1.0,headache,S024
77.72,0.19,-66.039717008381,7.344567467811001,1.0747269071500374,33.71,1.0,headache,S024
-25.53,0.19,-65.95961046828839,7.721313107927709,1.323265384937432,33.71,1.0,headache,S024
-44.27,0.19,-66.0411645867223,7.2723169850847444,1.0547740230013725,33.71,1.0,headache,S024
79.02,0.19,-65.95789641761029,7.58725414571379,1.133780249896618,33.71,1.0,headache,S024
-34.5,0.19,-66.04330215504478,7.05980507579493,1.4607117263006106,33.71,1.0,headache,S024
-58.48,0.19,-65.95511783037509,7.414904967028098,1.0454197609348108,33.71,1.0,headache,S024
86.85,0.19,-66.04647521760106,7.214517080410547,1.2973095528876935,33.73,1.0,headache,S024
-19.95,0.19,-65.8143310478132,7.269425187828709,1.1207995163260622,33.73,1.0,headache,S024
-61.66,0.19,-66.10707293726162,7.29621242296991,0.903616006086537,33.73,1.0,headache,S024
84.43,0.19,-66.05333712113196,7.509924261467538,0.9345525707492467,33.73,1.0,headache,S024
-14.7,0.19,-66.01121211935885,7.327248498313261,0.9824676319316973,33.73,1.0,headache,S024
-66.9,0.19,-65.97808085802589,7.1736654456001645,1.0380234134226765,33.73,1.0,headache,S024
69.96,0.19,-66.02613684571752,7.332019915617877,1.1028865731013489,33.73,1.0,headache,S024
-12.34,0.19,-65.97176887952169,7.29285949748968,1.0018361863751288,33.73,1.0,headache,S024
-49.32,0.19,-66.0292940784142,7.547406643210876,0.9697177530095165,33.75,1.0,headache,S024
69.64,0.19,-65.97032369016844,7.1672574255812025,0.9966628674051428,33.75,1.0,headache,S024
-39.08,0.19,-66.02943655257789,7.48934240111883,0.9180571748420564,33.75,1.0,headache,S024
-40.54,0.19,-65.97160514143428,7.187018215594918,0.6717393003893267,33.75,1.0,headache,S024
76.46,0.19,-66.02591195239768,7.349980207968925,0.8908617986061321,33.71,1.0,headache,S024
-49.17,0.19,-65.98030782641581,7.679313210803728,1.0882032511839754,33.71,1.0,headache,S024
-39.99,0.19,-65.99427760870546,7.360828651595018,0.897263163248457,33.71,1.0,headache,S024
80.58,0.19,-65.85252515698487,7.49892382939544,0.8125055097880213,33.71,1.0,headache,S024
-39.63,0.19,-66.06397322583176,7.299827887075836,1.035519612397578,33.71,1.0,headache,S024
-31.64,0.19,-65.94620605445951,7.429182721938457,1.1169910040764497,33.71,1.0,headache,S024
78.97,0.19,-66.05008985132282,7.3870588350984825,1.0199669059362537,33.71,1.0,headache,S024
-47.92,0.19,-65.95165452057255,7.307263006502164,1.1329532286236383,33.71,1.0,headache,S024
-41.3,0.19,-66.0474671120255,7.440000410495175,0.8813867341280653,33.71,1.0,headache,S024
89.54,0.19,-65.95293600879086,7.157947953749429,1.2427155926890208,33.71,1.0,headache,S024
-30.3,0.19,-66.04696787128142,7.102202944950051,1.0846780532096993,33.71,1.0,headache,S024
-55.56,0.19,-65.95289874547304,7.667819903305544,1.162117150090286,33.71,1.0,headache,S024
88.81,0.19,-66.04743208084021,7.103403705326678,1.1764613012696397,33.71,1.0,headache,S024
-15.74,0.19,-65.95204310536641,7.102131951712986,1.3194554547459318,33.71,1.0,headache,S024
-69.63,0.19,-66.04869630263381,7.4382253286577145,1.0304258866857234,33.71,1.0,headache,S024
76.4,0.19,-65.95030152397321,7.361570278272288,1.3459594725618502,33.71,1.0,headache,S024
-6.7,0.19,-66.05105203602494,7.1739198846862875,1.0950087188648374,33.73,1.0,headache,S024
-62.79,0.19,-65.94708383860807,7.48117953815191,0.9428550697059767,33.73,1.0,headache,S024
75.76,0.19,-66.05559141047057,7.435032892426898,0.8751426974253318,33.73,1.0,headache,S024
-10.01,0.19,-65.94029274555665,7.375181217466874,1.0834084687754564,33.73,1.0,headache,S024
-64.31,0.19,-66.0668340707155,7.364638408526561,0.8331089373832439,33.73,1.0,headache,S024
69.26,0.19,-65.91761389747991,7.4156609740217005,1.092714652467811,33.73,1.0,headache,S024
-28.93,0.19,-66.15228311603501,7.372614953655436,1.0079156545959982,33.73,1.0,headache,S024
-38.28,0.19,-65.94776072245828,7.607731418141403,0.8748356126696571,33.73,1.0,headache,S024
65.31,0.19,-65.9402949029788,7.365806997054973,1.0353434825900512,33.73,1.0,headache,S024
-63.38,0.19,-66.00288376370139,7.203639474370087,0.9691584395865082,33.73,1.0,headache,S024
0.12,0.19,-66.0107749091485,7.359030011259154,1.083413399328816,33.73,1.0,headache,S024
50.05,0.19,-65.98383000190266,7.236451004203073,1.0780406133887206,33.73,1.0,headache,S024
-79.83,0.19,-66.01717041851596,7.486784338609647,0.9725811656736223,33.73,1.0,headache,S024
48.53,0.19,-65.98879665938787,7.500389690490986,1.254470590069457,33.73,1.0,headache,S024
25.61,0.19,-65.91729005433044,7.4429290852596415,1.0088620753439645,33.73,1.0,headache,S024
-64.57,0.19,-65.93393708606621,7.4836767330590614,0.9203742534539133,33.73,1.0,headache,S024
76.53,0.19,-66.05076658558393,7.481179855078636,0.9260282733152511,33.73,1.0,headache,S024
-23.92,0.19,-65.95247431511555,7.527810144262226,1.034646507051053,33.73,1.0,headache,S024
-38.89,0.19,-66.04677307940425,7.330729369159153,1.047362407842965,33.73,1.0,headache,S024
68.47,0.19,-65.95302375773404,7.790256027461906,1.109369446131846,33.73,1.0,headache,S024
-56.83,0.19,-66.04769848347435,7.869384684296386,0.912248246281944,33.73,1.0,headache,S024
21.27,0.19,-65.95120362852879,7.531704591308734,1.1780028153809368,33.73,1.0,headache,S024
45.81,0.19,-66.05024169079643,7.7205838556699105,0.9691420888425659,33.73,1.0,headache,S024
-80.46,0.19,-65.94792613439539,7.909864830746567,1.051299775869875,33.73,1.0,headache,S024
52.44,0.19,-66.0543966746027,7.749180485392919,0.9348304256944957,33.71,1.0,headache,S024
24.29,0.19,-65.94259365360982,7.47093518827482,1.0923146496500304,33.71,1.0,headache,S024
-72.18,0.19,-66.06147157558216,7.323284313368338,0.6351849922146073,33.71,1.0,headache,S024
68.64,0.19,-65.93264886547111,7.105234170861503,0.9282494748027984,33.71,1.0,headache,S024
-9.1,0.19,-66.07689941305638,7.65364971108331,0.9952729510375176,33.73,1.0,headache,S024
-50.4,0.19,-65.90372625241795,7.705420692851993,1.038916803564162,33.73,1.0,headache,S024
71.53,0.19,-66.16521239045932,7.20349993840536,0.9969172255057686,33.73,1.0,headache,S024
-43.84,0.21,-66.14675955434134,7.452867631581432,0.7230082434647236,33.73,1.0,headache,S024
-0.52,0.19,-66.00601928641031,7.77949730592215,1.0612775470067528,33.71,1.0,headache,S024
52.83,0.19,-65.96180923028204,7.800992765088983,1.0951852394457506,33.71,1.0,headache,S024
-70.24,0.19,-66.06961299008852,8.020114643574516,0.9411814255528613,33.71,1.0,headache,S024
68.54,0.19,-65.91862077905957,7.904732374635378,1.0673432020314089,33.71,1.0,headache,S024
56.73,0.19,-66.10854306585782,7.7754479352271,0.8806532937439897,33.71,1.0,headache,S024
-114.79,0.19,-65.71244555988672,7.72207749033817,0.8091640468725313,33.71,1.0,headache,S024
31.12,0.18,-65.76389051487196,7.5290789447032385,1.4204025195020498,33.71,1.0,headache,S024
-8.62,0.19,-65.83412731818585,7.804960425834754,1.5546911868764037,33.71,1.0,headache,S024
-67.75,0.19,-65.76767266671754,7.805765193105313,1.7269787188524848,33.73,1.0,headache,S024
75.16,0.19,-65.99386314899219,8.130912928465737,2.094392209009972,33.73,1.0,headache,S024
-41.29,0.19,-66.14610312606993,8.16043499086203,1.898089116370646,33.73,1.0,headache,S024
-20.28,0.19,-65.89889521208862,8.054369782609433,2.4044869654879726,33.73,1.0,headache,S024
88.7,0.19,-65.96265958383745,7.934019827623294,2.7310836544216652,33.73,1.0,headache,S024
-54.64,0.19,-65.9749798425205,8.14269340912229,2.4243940987090213,33.73,1.0,headache,S024
11.95,0.19,-65.99533128179924,8.046270914146193,2.731854501303144,33.73,1.0,headache,S024
78.92,0.19,-65.94800634874338,8.049035321691393,2.680968835693033,33.73,1.0,headache,S024
-73.52,0.19,-65.79628778594041,8.051814813577568,2.8805818773086216,33.73,1.0,headache,S024
43.2,0.19,-65.99257145844169,7.999596242647234,3.0049984093360753,33.73,1.0,headache,S024
-0.83,0.18,-65.97147402920443,7.987623697080207,3.1388292818247963,33.73,1.0,headache,S024
-102.06,0.19,-65.72703352562084,8.126073599528612,2.9614908068820256,33.73,1.0,headache,S024
82.41,0.19,-65.63307634872164,8.018317480549728,3.14392738129394,33.71,1.0,headache,S024
-37.28,0.19,-65.88476989168724,7.945422467698629,3.1033283255572575,33.71,1.0,headache,S024
-54.02,0.19,-65.97676348288908,8.028089943482078,2.8277428273004293,33.71,1.0,headache,S024
93.2,0.19,-65.78965899467016,8.219824231970192,2.686437951736807,33.71,1.0,headache,S024
-74.61,0.19,-65.75280592727817,7.968593722883073,2.535531008741019,33.73,1.0,headache,S024
20.35,0.19,-65.80327760483075,8.261275754573925,2.6726250527880686,33.73,1.0,headache,S024
47.29,0.19,-65.96414979161344,8.204138670563813,2.660011569141876,33.73,1.0,headache,S024
-90.87,0.19,-66.03177270050953,8.193530079537165,2.653510890960469,33.73,1.0,headache,S024
54.19,0.19,-65.89538123019352,8.071451474036028,2.913873331944141,33.71,1.0,headache,S024
-29.13,0.19,-65.94684968486888,8.106374552001448,2.9190400867844204,33.71,1.0,headache,S024
-15.37,0.19,-66.0244609254914,7.9815234579020835,2.9282498069407605,33.71,1.0,headache,S024
62.41,0.19,-65.9819077236969,8.020605517149852,3.0945952604275977,33.71,1.0,headache,S024
-83.0,0.19,-66.0155188674239,7.968494142218841,2.7648595161282867,33.71,1.0,headache,S024
60.31,0.19,-65.98585390594509,8.090793809736102,2.683162966095187,33.71,1.0,headache,S024
8.47,0.19,-66.01322421327042,8.068983869007088,2.504093095421955,33.71,1.0,headache,S024
-48.39,0.19,-65.9875553061226,7.975733330989024,2.7233239595253735,33.71,1.0,headache,S024
82.6,0.19,-66.01163261991347,8.018239189621841,2.8570333469510385,33.71,1.0,headache,S024
-52.34,0.19,-65.98936135001587,7.976040604630123,3.072550563520643,33.71,1.0,headache,S024
-8.63,0.19,-66.00925835437302,8.120206547324836,2.8363040712939096,33.71,1.0,headache,S024
66.41,0.19,-65.9929520210781,8.024776934875504,3.0185649552479954,33.71,1.0,headache,S024
-63.24,0.19,-66.00219225746854,7.996413577369059,2.958818941851831,33.71,1.0,headache,S024
31.07,0.19,-65.87002070916364,7.986452649928845,3.0614161408355542,33.71,1.0,headache,S024
45.76,0.19,-66.00598761125626,8.097604852500485,2.8612991917740525,33.71,1.0,headache,S024
-82.84,0.19,-66.00743530378021,8.045524606660383,2.843105996248267,33.71,1.0,headache,S024
32.82,0.19,-65.95167706110043,8.0634771641243,2.7804712347211633,33.71,1.0,headache,S024
60.69,0.19,-65.75194589604459,8.08354737583614,2.972497702071034,33.71,1.0,headache,S024
-85.54,0.19,-66.06318289224706,7.950425213551589,3.005996062665102,33.71,1.0,headache,S024
12.29,0.19,-65.95565355668886,8.03994306244243,3.001841504273215,33.71,1.0,headache,S024
69.74,0.19,-66.03711346608962,7.964780400241089,2.9942486924493985,33.71,1.0,headache,S024
-59.88,0.19,-65.96671817126563,8.032401761098853,3.0070526808261855,33.71,1.0,headache,S024
-16.28,0.19,-66.03090231855474,7.969455027020801,2.996843033273126,33.71,1.0,headache,S024
84.04,0.19,-65.97073006823442,8.02925105930985,2.914542611557033,33.71,1.0,headache,S024
-42.05,0.19,-66.02806513058827,7.971676702868927,2.731904473730728,33.68,1.0,headache,S024
-71.17,0.19,-65.9728805549353,8.027655918457258,2.9662183914939484,33.68,1.0,headache,S024
77.37,0.19,-66.02633249657816,7.972808336808882,2.8653505144710882,33.68,1.0,headache,S024
22.36,0.19,-65.97436331449812,8.026905006389546,3.038841217605631,33.68,1.0,headache,S024
-94.23,0.19,-66.0249792732438,7.973200779283983,2.9685009079640956,33.68,1.0,headache,S024
23.84,0.19,-65.97568925976599,8.026918545922658,3.011464046602056,33.68,1.0,headache,S024
72.29,0.19,-66.02357367781644,7.972602949560833,2.821165474527714,33.68,1.0,headache,S024
-81.66,0.19,-65.97731352385976,8.028658938471088,3.1311968002713684,33.68,1.0,headache,S024
2.2,0.19,-66.02151025326285,7.967254471710319,2.630400762521406,33.66,1.0,headache,S024
86.06,0.19,-65.98023547593874,8.147434767113703,2.7602789036751703,33.66,1.0,headache,S024
-59.85,0.19,-66.01675542423335,7.9868631874355165,2.9140287855053435,33.66,1.0,headache,S024
-63.61,0.19,-65.9898640230067,8.018434640196237,2.9996258078527807,33.66,1.0,headache,S024
96.13,0.19,-65.98397380930214,7.979947684891297,2.985812279444494,33.68,1.0,headache,S024
-18.76,0.19,-65.86158121858253,8.020819419238242,2.935462492682299,33.68,1.0,headache,S024
-66.55,0.19,-66.05951043666485,7.9787350193684,3.073759449668655,33.68,1.0,headache,S024
80.52,0.19,-65.83686663695629,8.021560040487474,3.0193967018456576,33.68,1.0,headache,S024
-1.25,0.19,-66.02357627247693,7.978223529053438,2.865386494416408,33.68,1.0,headache,S024
-93.46,0.19,-65.97719685858992,8.021949762505526,3.008357816415214,33.68,1.0,headache,S024
78.36,0.19,-65.90865795667399,7.977900407760354,2.904237582144376,33.68,1.0,headache,S024
27.28,0.19,-65.95664341993397,8.022237976422716,2.964481364049717,33.68,1.0,headache,S024
-104.07,0.19,-66.03898897091601,7.977627011251186,2.8487360443770613,33.68,1.0,headache,S024
55.48,0.19,-65.96051751711744,8.022510682966743,2.8474657273588093,33.68,1.0,headache,S024
40.59,0.19,-66.04547215868978,7.977343750806425,3.0746474117463825,33.68,1.0,headache,S024
-85.68,0.19,-65.88744578104499,8.022814887624625,2.9352259191551924,33.68,1.0,headache,S024
62.87,0.19,-65.87754664805244,7.977007283617277,3.1334269816908495,33.68,1.0,headache,S024
25.95,0.19,-65.80342338134324,8.02319807118552,3.0271552820377785,33.68,1.0,headache,S024
-101.94,0.19,-66.0642232844598,7.976556139195004,2.9978797999998457,33.68,1.0,headache,S024
60.68,0.19,-65.84522990937793,8.023752615432352,2.8623102270735674,33.68,1.0,headache,S024
47.54,0.19,-66.00656353879423,7.9758308752924245,3.0308522765761268,33.68,1.0,headache,S024
-88.05,0.19,-65.97723351018085,8.024798822324694,2.9121417972917167,33.68,1.0,headache,S024
59.65,0.19,-66.02913842320228,7.974035410040326,2.9273792342897305,33.68,1.0,headache,S024
15.4,0.19,-65.95977455201945,8.029354638668252,3.027988380941569,33.68,1.0,headache,S024
-80.57,0.19,-65.78199050137277,8.101466487635163,2.979873115256655,33.68,1.0,headache,S024
69.86,0.19,-65.98255904594093,8.017287381288059,3.0194306050732673,33.68,1.0,headache,S024
-10.96,0.19,-66.01999584199062,7.979846129568787,2.973415925791073,33.68,1.0,headache,S024
-59.68,0.19,-65.97960375161058,8.021076964336414,3.1010929659719975,33.68,1.0,headache,S024
88.62,0.19,-66.01888663375183,7.97864832359414,3.0596631041457965,33.66,1.0,headache,S024
-58.09,0.19,-65.98657966950097,8.021060905694315,2.9577127049432486,33.66,1.0,headache,S024
-10.42,0.19,-65.98798151522931,7.980299065247606,3.097338814013367,33.66,1.0,headache,S024
73.75,0.19,-65.85707904149797,8.014804838263597,3.0598918176927468,33.66,1.0,headache,S024
-78.51,0.19,-66.06231270339512,8.01791026947055,3.0011863365149396,33.65,1.0,headache,S024
40.23,0.19,-65.94588448935465,8.183454999941128,3.265444349044436,33.65,1.0,headache,S024
26.96,0.19,-66.0534727711123,8.038419048631333,2.9571729483532008,33.65,1.0,headache,S024
-76.86,0.19,-65.94296635873359,8.014625272528082,3.0310575336250625,33.65,1.0,headache,S024
73.78,0.19,-66.06807222684967,7.978681996842414,2.972079795328843,33.66,1.0,headache,S024
-34.41,0.19,-65.87097999385394,8.02310498784962,3.030192061460261,33.66,1.0,headache,S024
-29.11,0.19,-65.97173421475371,7.978456313834595,2.8545138154252654,33.66,1.0,headache,S024
88.57,0.19,-65.97968523399233,8.15404827493853,3.0153942025935057,33.66,1.0,headache,S024
-65.15,0.19,-66.03438272741616,7.96308452914021,2.956408727951207,33.63,1.0,headache,S024
10.7,0.19,-65.95352254784086,8.03552150643103,2.8854681259586026,33.63,1.0,headache,S024
47.0,0.19,-66.06870891077567,7.963797785786593,3.0456903519909755,33.63,1.0,headache,S024
-86.16,0.19,-65.7538943668003,8.037654916035953,2.8067424121523112,33.63,1.0,headache,S024
56.36,0.19,-65.94475072202492,7.960282497073222,2.8974720070871416,33.66,1.0,headache,S024
-1.99,0.19,-66.01435784257563,8.042481835011452,3.0348218187618494,33.66,1.0,headache,S024
-53.9,0.19,-65.96069801146281,7.953784578050094,2.977991060240106,33.66,1.0,headache,S024
87.19,0.19,-65.86668639139901,8.051454173226057,3.015564191636176,33.66,1.0,headache,S024
-60.57,0.19,-66.0899380174261,7.940680522922756,2.9883784112395606,33.65,1.0,headache,S024
-21.18,0.19,-65.84388140558679,8.072570007338513,3.038211839541987,33.65,1.0,headache,S024
74.92,0.19,-65.67574298366459,7.8995056374146335,3.364926909573012,33.65,1.0,headache,S024
-75.78,0.19,-65.85418536804127,8.417022648841899,3.5327929964264215,33.65,1.0,headache,S024
33.87,0.19,-66.04832605663833,7.749800156076166,3.8456554489218338,33.66,1.0,headache,S024
41.64,0.19,-65.63069928248201,7.865365614401732,5.695857813161153,33.66,1.0,headache,S024
-98.06,0.19,-65.83850199767843,8.033396083048686,5.756988747521155,33.66,1.0,headache,S024
60.85,0.19,-66.00360282574319,8.111700346056844,5.715421687370082,33.66,1.0,headache,S024
18.32,0.19,-65.76128719825601,7.998790637006832,6.001800929082211,33.68,1.0,headache,S024
-4.37,0.19,-65.8256766238751,8.092706406670873,5.540429920442122,33.68,1.0,headache,S024
110.71,0.19,-65.81536098252992,8.055163553535172,5.770435716518128,33.68,1.0,headache,S024
-61.29,0.19,-66.06006060897268,7.979311443448098,5.957043196080623,33.68,1.0,headache,S024
-67.14,0.19,-65.90824876878396,8.009561318564824,5.998203151655637,33.68,1.0,headache,S024
82.09,0.19,-65.92874771615043,7.996929027546124,6.005704762751576,33.68,1.0,headache,S024
-63.88,0.19,-66.00116337430677,7.9982481339878015,5.993973591110773,33.68,1.0,headache,S024
-28.56,0.19,-65.857470455695,8.00601619816714,6.0045756625852205,33.68,1.0,headache,S024
77.87,0.19,-66.0510226126503,7.989456637977894,5.999871630577061,33.66,1.0,headache,S024
-98.32,0.19,-65.8975486214108,8.016685102575275,5.983256626994314,33.66,1.0,headache,S024
23.89,0.19,-65.75041997569691,7.97084257770648,5.740858163514721,33.66,1.0,headache,S024
71.96,0.19,-65.69239590373343,8.109484955196598,6.040427989215991,33.66,1.0,headache,S024
-101.25,0.19,-65.667746076225,8.043941703789812,5.970354569833098,33.68,1.0,headache,S024
28.34,0.19,-65.95117090935882,7.9868315841113855,6.025946437357551,33.68,1.0,headache,S024
80.06,0.19,-65.7251692103341,8.004730795163173,5.975811736899871,33.68,1.0,headache,S024
-107.25,0.19,-65.88133750309093,7.9995464363847555,6.023234966280463,33.68,1.0,headache,S024
-5.4,0.19,-65.78925255224205,7.997690104722449,5.977305550850925,33.68,1.0,headache,S024
99.14,0.19,-65.99177264665286,8.004353302165072,6.022399161064093,33.68,1.0,headache,S024
-80.32,0.19,-65.96196028285156,7.993994565496471,5.977726551971321,33.68,1.0,headache,S024
-2.05,0.19,-65.72419437903152,8.007435014182768,6.022300670166356,33.68,1.0,headache,S024
93.03,0.19,-65.69068956321823,7.991252615129472,5.977438202117839,33.68,1.0,headache,S024
-85.93,0.19,-65.92770868466812,8.010026320198534,6.023557712925269,33.68,1.0,headache,S024
-14.11,0.19,-65.78952959988416,7.988635603155977,5.969947243455487,33.68,1.0,headache,S024
94.63,0.19,-65.8826160160054,8.012913834879654,5.847363807683816,33.68,1.0,headache,S024
-65.24,0.19,-66.0608647842296,7.984936673771214,5.8756074411209145,33.68,1.0,headache,S024
-31.4,0.19,-66.04737672142795,8.019694703291838,5.823135759170717,33.68,1.0,headache,S024
89.87,0.19,-65.53654353247457,8.11048295535741,7.16323332943148,33.68,1.0,headache,S024
-86.45,0.19,-65.6670353516887,8.009079505505595,7.214410459689223,33.68,1.0,headache,S024
-4.56,0.19,-65.55694209069146,7.986125886306501,7.322606079940221,33.65,1.0,headache,S024
74.56,0.19,-65.55827649957801,8.017346746761406,7.456571759135315,33.65,1.0,headache,S024
-54.05,0.19,-65.76695348044674,7.978249365392646,7.3263989647441035,33.65,1.0,headache,S024
48.85,0.19,-65.45029509387174,8.03039153104337,7.612885194127583,33.65,1.0,headache,S024
21.47,0.19,-65.80289430177187,8.089475779217251,7.293895442042891,33.68,1.0,headache,S024
-101.13,0.19,-65.82730223627281,8.108409073330183,6.917991898415825,33.68,1.0,headache,S024
42.5,0.19,-65.83309466944338,8.042549292978466,7.053950082372061,33.68,1.0,headache,S024
1.65,0.19,-65.78740301768742,7.9885202767018395,6.938740687456648,33.68,1.0,headache,S024
-56.69,0.19,-65.86189127951732,8.003057100675148,7.3391778761594235,33.66,1.0,headache,S024
78.76,0.19,-65.74640381854752,8.00106352959748,7.565172468809284,33.66,1.0,headache,S024
-61.95,0.19,-65.43806389821273,7.99639321305699,6.9449749152109135,33.66,1.0,headache,S024
-3.75,0.19,-65.80849953697101,8.00539545980715,7.541206757880572,33.66,1.0,headache,S024
50.08,0.19,-65.55628905195272,7.993233418113609,7.6584798476143305,33.68,1.0,headache,S024
-85.13,0.19,-65.55484744601648,8.007885581047518,7.466401527883172,33.68,1.0,headache,S024
62.86,0.19,-65.70791921197461,7.991155403702632,7.424258111162089,33.68,1.0,headache,S024
10.23,0.19,-65.76891650419213,8.009700416583277,7.1155990596902114,33.68,1.0,headache,S024
-69.63,0.19,-65.62302166932201,7.989508529765411,7.365308914140917,33.66,1.0,headache,S024
92.86,0.19,-65.62803456555736,8.011246442080209,7.7799455655112695,33.66,1.0,headache,S024
-36.7,0.19,-65.86045424910536,7.988010737024932,7.58182183838824,33.66,1.0,headache,S024
-36.53,0.19,-65.8032249185522,8.012742565534976,7.824482244268053,33.66,1.0,headache,S024
93.66,0.19,-65.75994477374495,7.986469238437458,7.819984802098325,33.68,1.0,headache,S024
-65.29,0.19,-65.8994843483561,8.014383686717181,7.990815894314389,33.68,1.0,headache,S024
-1.91,0.19,-65.72372183646594,7.984657919202052,7.940611644294275,33.68,1.0,headache,S024
89.08,0.19,-65.69848566090754,8.016467331077404,7.6736117089003235,33.68,1.0,headache,S024
-75.77,0.19,-65.78543277713517,7.982138844793375,7.8534942782665205,33.66,1.0,headache,S024
-18.2,0.19,-65.66497937351203,8.019710678675708,7.679465257750805,33.66,1.0,headache,S024
97.96,0.19,-65.7901982666314,7.97759112171993,7.945571672696263,33.66,1.0,headache,S024
-51.73,0.19,-65.66846398106469,8.026955817283264,7.745954722240891,33.66,1.0,headache,S024
-50.56,0.19,-65.670776525051,7.9631072698307825,7.698216777737491,33.66,1.0,headache,S024
95.79,0.19,-65.78116375292149,8.080592545469448,7.788108006242033,33.66,1.0,headache,S024
-33.99,0.19,-65.55733828182233,8.07750260482441,7.473772381851853,33.66,1.0,headache,S024
-55.46,0.19,-65.79448613810395,7.985975495334086,7.14207793216088,33.66,1.0,headache,S024
86.91,0.19,-65.62427746193262,8.002511620505903,7.118453910524944,33.66,1.0,headache,S024
-34.23,0.19,-65.69854575100996,8.002500448707067,7.167672343687817,33.66,1.0,headache,S024
-47.6,0.19,-66.0369128448258,7.994571129275969,7.168023833873468,33.66,1.0,headache,S024
83.69,0.19,-65.34308474198332,8.007441754879867,7.61094544592009,33.66,1.0,headache,S024
-43.95,0.19,-65.79656117242402,7.991013726170358,7.293452304690827,33.68,1.0,headache,S024
-38.72,0.19,-65.61473822274382,8.010276069937369,7.642466547687218,33.68,1.0,headache,S024
80.98,0.19,-65.63830427286014,7.988566947979965,7.684760131128938,33.68,1.0,headache,S024
-62.88,0.19,-65.93278526080626,8.012541107943251,7.225711146562004,33.68,1.0,headache,S024
-23.92,0.19,-65.82115032323453,7.986327304529958,7.059845326671702,33.68,1.0,headache,S024
85.5,0.19,-65.64303890386677,8.014908738333395,7.440439901439635,33.68,1.0,headache,S024
-62.9,0.19,-65.72990472321574,7.98363561208249,7.243151607827277,33.68,1.0,headache,S024
-22.88,0.19,-65.65172771639537,8.018240800463476,7.391089424124157,33.68,1.0,headache,S024
85.05,0.19,-65.41862575967832,7.979036025698628,7.371711697137272,33.68,1.0,headache,S024
-63.11,0.19,-65.79399388727137,8.025677716588612,7.715433465815681,33.68,1.0,headache,S024
-13.07,0.19,-65.66934367983805,7.9630258155969,7.650923181230442,33.68,1.0,headache,S024
70.35,0.19,-65.48958106999407,8.116993996399804,7.255336163117929,33.68,1.0,headache,S024
-72.74,0.19,-65.8420510901639,8.037018693578892,7.026468155007175,33.65,1.0,headache,S024
5.38,0.19,-65.9685621064929,7.992540367156105,6.965862497723194,33.65,1.0,headache,S024
70.02,0.19,-66.03773521556585,7.999745111313416,7.13047460978738,33.65,1.0,headache,S024
-76.84,0.19,-65.74455268484292,8.003918306090291,7.017692672982151,33.65,1.0,headache,S024
7.73,0.19,-65.42902640165279,7.993880213009939,7.241844112619791,33.66,1.0,headache,S024
65.61,0.19,-65.92756756633649,8.00762501796936,7.331913739642851,33.66,1.0,headache,S024
-78.66,0.19,-65.93008182169372,7.991259713056298,7.326286595028576,33.66,1.0,headache,S024
15.3,0.19,-65.64625583937786,8.009610875531076,7.264623218449647,33.66,1.0,headache,S024
52.99,0.19,-65.75643993348217,7.989687022486498,7.729973196859522,33.68,1.0,headache,S024
-79.7,0.19,-65.91274130595022,8.010888292270804,7.204463629873482,33.68,1.0,headache,S024
40.01,0.19,-65.64634911163284,7.988641362283097,7.030736664391551,33.68,1.0,headache,S024
42.11,0.19,-65.69280853748242,8.011732183780172,6.982069951993675,33.68,1.0,headache,S024
-86.46,0.19,-65.84905567930346,7.9879947261966775,7.034078423103287,33.68,1.0,headache,S024
45.02,0.19,-65.49448730201215,8.012160846853096,7.285432053758795,33.68,1.0,headache,S024
37.96,0.19,-65.804466869965,7.987837465225968,7.291062816432191,33.68,1.0,headache,S024
-87.79,0.19,-65.64189321785639,8.011940627452612,7.100545991242135,33.68,1.0,headache,S024
51.98,0.19,-66.00735625732841,7.98864127290854,7.368155028915911,33.68,1.0,headache,S024
21.84,0.19,-65.42767548187467,8.010125138920849,7.7535485907610076,33.68,1.0,headache,S024
-65.47,0.19,-65.88351497696682,7.992494175347669,7.130514264811007,33.68,1.0,headache,S024
68.27,0.19,-65.54362983584096,8.001018625054384,7.160547338975859,33.68,1.0,headache,S024
-6.2,0.19,-65.83238106086576,8.02618934911039,7.015494676331371,33.65,1.0,headache,S024
-71.06,0.19,-65.91588994294742,8.128276128439737,7.187851935774794,33.65,1.0,headache,S024
77.89,0.19,-65.68880897943245,7.952316526025773,7.013931900562084,33.65,1.0,headache,S024
-7.63,0.19,-65.50411006785401,8.03768541477752,7.145616021547239,33.65,1.0,headache,S024
-70.05,0.19,-65.7266931843898,7.965695391956002,7.128397949054815,33.66,1.0,headache,S024
78.23,0.19,-65.62944030430126,8.032981887132438,7.570291964814378,33.66,1.0,headache,S024
-19.71,0.19,-65.94297044758031,7.967397078975147,7.608950347506729,33.66,1.0,headache,S024
-44.92,0.21,-65.53413276744682,8.032769257657455,7.4291543536293565,33.66,1.0,headache,S024
79.76,0.19,-65.69166184604784,7.966689465273662,7.394888904118249,33.68,1.0,headache,S024
-43.37,0.19,-65.92678217636059,8.03414960995567,7.064752836663041,33.68,1.0,headache,S024
-43.58,0.19,-65.86982370680902,7.964744588831867,7.094960539596025,33.68,1.0,headache,S024
89.0,0.19,-65.69323162963651,8.036624230579223,7.2955923465886405,33.68,1.0,headache,S024
-46.2,0.19,-65.94678592517498,7.961727747579493,7.292206196527768,33.66,1.0,headache,S024
-37.82,0.19,-65.83122080804242,8.040233452969352,7.25978380088125,33.66,1.0,headache,S024
81.9,0.19,-65.55874212573677,7.957439301892218,7.454160398774229,33.66,1.0,headache,S024
-50.02,0.19,-65.75757223569546,8.045329023800345,7.519382530932928,33.66,1.0,headache,S024
-21.73,0.19,-65.81050778430095,7.951360804469001,7.281143971904839,33.66,1.0,headache,S024
83.95,0.19,-65.75631486038799,8.052611083684088,7.3279199841535725,33.66,1.0,headache,S024
-64.91,0.19,-65.70261341967414,7.9427092554512315,7.3773584007074895,33.66,1.0,headache,S024
-20.41,0.19,-65.56162818166963,8.061527090214224,7.222570554255838,33.66,1.0,headache,S024
86.66,0.19,-65.27944945881842,8.085866034475844,7.95054932273789,33.66,1.0,headache,S024
-65.35,0.19,-65.5287650162328,8.038127356634448,8.117317962058383,33.66,1.0,headache,S024
-14.15,0.19,-65.60791763599167,7.99247997279531,8.0688124408265,33.66,1.0,headache,S024
88.88,0.19,-65.40372308602367,8.216634281923495,8.188179808104428,33.66,1.0,headache,S024
-64.01,0.19,-65.23557095642737,8.017978620437383,7.685396923305989,33.65,1.0,headache,S024
-20.32,0.19,-66.10574413361081,8.557286987922945,7.640282512838499,33.65,1.0,headache,S024
78.4,0.19,-64.92865191154026,7.6447681372909,6.936542226579155,33.65,1.0,headache,S024
-70.56,0.19,-65.52689336357614,7.828626362330406,5.778573213502352,33.65,1.0,headache,S024
10.26,0.19,-66.32949989789277,8.499319070365388,6.012127274403631,33.68,1.0,headache,S024
80.1,0.19,-65.55491590212986,8.584273948311852,6.079131736355772,33.68,1.0,headache,S024
-75.37,0.19,-65.89335800142035,8.179016845767176,5.939128069860532,33.68,1.0,headache,S024
32.76,0.19,-65.54479709255885,8.479935623148647,6.766857367239473,33.68,1.0,headache,S024
8.83,0.19,-65.83784383323818,7.976346070100913,6.466788780186442,33.66,1.0,headache,S024
-94.96,0.19,-65.66188019636876,8.115375355214805,7.110417509051128,33.66,1.0,headache,S024
59.0,0.19,-65.5565228529332,8.189616950505823,6.929480028562042,33.66,1.0,headache,S024
1.86,0.19,-65.98542595738542,7.9945504089889905,7.094132476862418,33.66,1.0,headache,S024
-70.0,0.19,-65.59515519046447,8.200267869154487,7.182652801943197,33.65,1.0,headache,S024
87.2,0.19,-65.52831980903824,7.960871678238578,7.161692284200512,33.65,1.0,headache,S024
-45.78,0.19,-65.76091172259595,8.091269424309061,7.098286935509068,33.65,1.0,headache,S024
-27.6,0.19,-65.49676794285718,8.050528419257565,7.326328300385542,33.65,1.0,headache,S024
90.79,0.19,-65.4037833107541,8.10964680682254,7.48513476850091,33.66,1.0,headache,S024
-80.58,0.19,-65.84094887222678,8.035044841971775,7.377709664150176,33.66,1.0,headache,S024
14.16,0.19,-65.64892121179949,7.996650236075585,7.470543048113393,33.66,1.0,headache,S024
70.57,0.19,-65.73780067379731,7.995122414015015,7.617864888868791,33.66,1.0,headache,S024
-94.55,0.19,-65.88317969885486,8.007253422339854,7.0898779040816855,33.66,1.0,headache,S024
48.92,0.19,-65.41733364769007,8.000672521693442,7.495401186955872,33.66,1.0,headache,S024
47.18,0.19,-65.66833084871169,8.154551279930358,7.4686949032757415,33.66,1.0,headache,S024
-92.05,0.19,-65.56767796163341,7.922807026205043,7.340029897932236,33.66,1.0,headache,S024
73.86,0.19,-65.53087157846302,8.176610544002587,7.069637801377773,33.65,1.0,headache,S024
7.7,0.19,-65.8517101240333,8.139301919086856,6.9921861839132,33.65,1.0,headache,S024
-68.18,0.19,-65.61373002474342,8.083508613751572,7.119706275030384,33.65,1.0,headache,S024
90.42,0.19,-65.63454136942677,8.028567117042236,7.575826055836741,33.65,1.0,headache,S024
-46.91,0.19,-65.82302291759925,7.982069646464781,7.289557379941847,33.66,1.0,headache,S024
-29.61,0.19,-65.42581307518981,8.055946795135393,7.613517114878054,33.66,1.0,headache,S024
71.83,0.19,-65.79388899394255,8.321311467873247,7.37069486042411,33.66,1.0,headache,S024
-75.95,0.19,-65.58753554169634,8.124223562866023,7.355703124384204,33.66,1.0,headache,S024
33.09,0.19,-65.64949432447149,8.166364383204092,7.346711393538666,33.65,1.0,headache,S024
39.38,0.19,-65.59945423592877,8.263966159680795,7.289737173077521,33.65,1.0,headache,S024
-101.41,0.19,-65.61740467184822,8.219324900917414,7.153036742584924,33.65,1.0,headache,S024
68.49,0.19,-65.407349049901,8.18101490907185,7.550598736189577,33.65,1.0,headache,S024
21.13,0.19,-65.56232949500205,8.09982077012849,6.978422551770257,33.66,1.0,headache,S024
-79.55,0.19,-65.65681323200519,8.4517304727889,7.765839869173084,33.66,1.0,headache,S024
83.82,0.19,-65.39059295743256,8.25920822992514,7.550567413804675,33.66,1.0,headache,S024
-16.86,0.19,-65.46093880014315,8.454508127137954,7.444603156956186,33.66,1.0,headache,S024
-66.09,0.19,-65.6620873302131,8.25356997869557,7.565208777906382,33.63,1.0,headache,S024
88.37,0.19,-65.32389304451308,8.11923162972033,7.589409869297192,33.63,1.0,headache,S024
-56.55,0.19,-65.55306915754117,8.155420452317246,7.459313080514751,33.63,1.0,headache,S024
-45.35,0.19,-65.50241783290478,8.148443219742346,7.519176599839886,33.63,1.0,headache,S024
104.57,0.19,-65.68440492614833,8.480964331539944,7.499477749117739,33.63,1.0,headache,S024
-59.77,0.19,-65.74373518970073,8.128627024165596,6.948293379938908,33.63,1.0,headache,S024
-14.51,0.19,-65.47606858810816,8.134183186689913,7.14048890137574,33.63,1.0,headache,S024
78.41,0.19,-65.91800954077368,8.170405996171352,7.172244843519193,33.63,1.0,headache,S024
-89.44,0.19,-65.94578690760426,7.892448252097012,6.951205929548452,33.65,1.0,headache,S024
18.53,0.19,-65.56434531756113,8.17511158627425,7.395845512345377,33.65,1.0,headache,S024
49.95,0.19,-65.87397661419787,7.975394811113853,7.0107624632566345,33.65,1.0,headache,S024
-97.07,0.19,-65.61545896480634,8.15292836476347,7.155553206565665,33.65,1.0,headache,S024
68.0,0.19,-65.87898583727632,8.140283752671499,7.220312125859365,33.65,1.0,headache,S024
9.86,0.19,-65.42197045517631,8.293841130152773,7.265301097189821,33.65,1.0,headache,S024
-92.19,0.19,-65.62486201442103,8.389397813393748,7.046225904482305,33.65,1.0,headache,S024
98.47,0.19,-65.54124299196417,8.294168736177987,7.424062638078462,33.65,1.0,headache,S024
-25.32,0.19,-65.57576333938238,7.992873480430576,7.0386319585500186,33.63,1.0,headache,S024
-58.02,0.19,-65.74991365261224,8.145224524415351,7.172184108014176,33.63,1.0,headache,S024
111.53,0.19,-65.50597023829407,7.97872892071261,7.191282449537454,33.63,1.0,headache,S024
-66.16,0.19,-65.64388500335896,8.23484835251711,7.407765471896844,33.63,1.0,headache,S024
-20.88,0.19,-65.83668662588273,8.148812244383825,6.499583915121614,33.65,1.0,headache,S024
100.17,0.19,-65.62567786569252,8.511206954217023,6.363680362871061,33.65,1.0,headache,S024
-76.89,0.19,-65.75354000029455,8.48378018047721,5.146994175729549,33.65,1.0,headache,S024
-33.44,0.19,-65.92650045119387,8.80604816405557,5.417267403276362,33.65,1.0,headache,S024
83.34,0.19,-65.66235452567896,8.620479787024024,5.056737181924435,33.63,1.0,headache,S024
-123.56,0.19,-66.05197246381123,8.31598868445707,5.837334490480862,33.63,1.0,headache,S024
16.94,0.19,-65.9129308129702,7.115734365307545,5.021291337214311,33.63,1.0,headache,S024
144.49,0.19,-65.47617528147988,6.5539267265648125,5.767977767466616,33.63,1.0,headache,S024
-38.65,0.19,-65.90092843749626,6.771229980113396,6.174599191372314,33.66,1.0,headache,S024
-0.66,0.19,-65.29043207558675,7.4170378559318335,5.975607402705137,33.66,1.0,headache,S024
129.43,0.19,-65.89565275657156,7.9656830130499925,6.511904681169477,33.66,1.0,headache,S024
-33.06,0.19,-65.88295977332531,8.724945831623916,6.007287423367804,33.66,1.0,headache,S024
-59.85,0.19,-65.19791522851855,7.787768930726176,7.2623793711315745,33.66,1.0,headache,S024
-22.92,0.19,-65.77248633215626,8.369519762296674,6.537543698802375,33.66,1.0,headache,S024
-79.91,0.19,-65.47945005739219,8.21379072239442,6.612265237377061,33.66,1.0,headache,S024
101.42,0.19,-65.638558169285,8.169622407661,6.591599287531557,33.66,1.0,headache,S024
-27.68,0.19,-65.72091403701977,8.519478068742956,6.457411132269002,33.65,1.0,headache,S024
-32.55,0.19,-65.73846847748175,8.434678334137471,6.103712588199352,33.65,1.0,headache,S024
2.57,0.19,-65.76251853889566,8.265295611091954,6.402328154030117,33.65,1.0,headache,S024
-88.57,0.19,-65.58204629142257,8.08246999363835,6.349335148609107,33.65,1.0,headache,S024
72.43,0.19,-65.8680289533792,8.452714894672868,6.503585849016065,33.65,1.0,headache,S024
-41.46,0.19,-65.68890556977203,8.269608901750859,5.824680504793828,33.65,1.0,headache,S024
-19.21,0.19,-65.49669733686217,8.544680256779444,6.023555629345445,33.65,1.0,headache,S024
88.1,0.19,-66.05190167834101,8.454624858074576,5.991925605672129,33.65,1.0,headache,S024
-92.25,0.19,-65.83682656341485,8.458698663335147,6.136309602156113,33.66,1.0,headache,S024
91.97,0.19,-65.57753431632685,8.118231070325757,6.09969480319973,33.66,1.0,headache,S024
-16.04,0.19,-65.82506431360936,8.272557965135869,6.248206654991147,33.66,1.0,headache,S024
-27.72,0.19,-65.6322243004918,8.274007972679428,6.25279358829654,33.66,1.0,headache,S024
77.45,0.19,-65.48016466170735,8.159261317146042,6.060759139410352,33.65,1.0,headache,S024
-74.3,0.19,-65.75781119975069,8.662556569822211,4.779887865921327,33.65,1.0,headache,S024
16.56,0.19,-65.78428500369309,8.753047460849492,5.078129605851596,33.65,1.0,headache,S024
68.25,0.19,-65.87641284579546,8.703753860252368,4.915497421688713,33.65,1.0,headache,S024
-116.17,0.19,-65.85295805431163,8.618997016716257,5.087892590487872,33.63,1.0,headache,S024
-10.85,0.19,-65.98503880649254,8.839647291122448,4.887085215975028,33.63,1.0,headache,S024
85.63,0.19,-65.85974959897949,9.077540077393758,4.955627713845456,33.63,1.0,headache,S024
-56.8,0.19,-65.96661135427327,8.946078791615701,4.9666637044706325,33.63,1.0,headache,S024
0.16,0.19,-65.80213227896112,9.041542715449458,5.042307694904492,33.65,1.0,headache,S024
88.31,0.19,-65.72616127047935,8.966279890964822,4.954810114523134,33.65,1.0,headache,S024
-51.68,0.19,-66.01861299584013,9.028733391483058,5.046519898864459,33.65,1.0,headache,S024
-44.95,0.19,-65.90623499957314,8.973148537063285,4.952726667939953,33.65,1.0,headache,S024
84.46,0.19,-65.84716076995223,9.031976536727257,5.046289403922621,33.65,1.0,headache,S024
22.61,0.19,-65.8341435578597,8.7454703014064,4.813157576275672,33.65,1.0,headache,S024
-97.89,0.19,-66.06428818093133,8.765680021340069,5.100102243140473,33.65,1.0,headache,S024
0.1,0.19,-65.90974544871754,8.992874371758083,5.055982564912586,33.65,1.0,headache,S024
88.0,0.19,-65.76038494375888,8.739076795721,5.028235231993315,33.63,1.0,headache,S024
-30.63,0.19,-65.77039909254319,8.894279293038512,5.092648818176462,33.63,1.0,headache,S024
-77.27,0.19,-66.05015359579222,8.768065508853574,5.031311774169922,33.63,1.0,headache,S024
51.82,0.19,-65.97797526599324,8.83356480953915,4.953767458275745,33.63,1.0,headache,S024
57.71,0.19,-65.93524512016744,8.878869572740282,5.093012368828102,33.63,1.0,headache,S024
-80.22,0.19,-65.91289701488799,9.00717773039409,5.064878422620515,33.63,1.0,headache,S024
-25.39,0.19,-66.05752679616474,8.88412865057143,4.9966959846216,33.63,1.0,headache,S024
88.1,0.19,-65.80713405149258,8.845196282119435,4.99270199251527,33.63,1.0,headache,S024
-2.19,0.19,-65.95285506123093,8.704804471818113,5.010553748643938,33.63,1.0,headache,S024
-82.51,0.19,-65.88474388257885,8.893617544673413,4.990205806063283,33.63,1.0,headache,S024
31.68,0.19,-65.97714445019032,9.029929951420744,5.00169573324042,33.63,1.0,headache,S024
67.24,0.19,-65.82151256574433,8.852574183724217,5.077070858825434,33.63,1.0,headache,S024
-58.38,0.19,-65.87045051675352,8.941772334397982,5.079372867496469,33.63,1.0,headache,S024
-44.0,0.19,-66.06836051604125,8.879011320500458,4.945264898701625,33.63,1.0,headache,S024
71.64,0.19,-65.83146722448696,8.916383365317039,5.052676860778235,33.63,1.0,headache,S024
12.0,0.19,-65.87851678313075,9.10514368947407,4.939456778280406,33.63,1.0,headache,S024
-80.47,0.19,-65.88078940115128,8.453711345797794,5.1173267095694035,33.65,1.0,headache,S024
19.05,0.19,-65.90040693378059,8.652385739590553,5.876515996885001,33.65,1.0,headache,S024
64.75,0.19,-65.83094592213752,8.475742555169179,6.201337237785996,33.65,1.0,headache,S024
-50.29,0.19,-65.50233564077433,7.588145611204278,6.616035398896451,33.65,1.0,headache,S024
-45.72,0.19,-65.95559106362035,8.244169635278437,7.271402588429255,33.65,1.0,headache,S024
60.68,0.19,-65.4790483053946,7.71370811642733,7.3729868077249145,33.65,1.0,headache,S024
4.24,0.19,-65.57644170028188,7.7197672288312695,7.200656084335356,33.65,1.0,headache,S024
-13.6,0.19,-65.78200021851076,7.443604266732831,6.9775744547990755,33.65,1.0,headache,S024
53.11,0.19,-66.04299570442767,7.612704997634976,7.035009092061871,33.65,1.0,headache,S024
-6.99,0.19,-65.79210259671966,6.924364486309551,8.604889972739283,33.65,1.0,headache,S024
-45.3,0.19,-64.46507434899611,5.40187417987722,7.4436901856807145,33.65,1.0,headache,S024
8.7,0.19,-66.29325947100872,7.60744006204398,10.742564216692903,33.65,1.0,headache,S024
29.61,0.19,-65.32040407123573,7.560803835288566,9.970700265600684,33.65,1.0,headache,S024
-38.89,0.19,-65.45061395858076,7.986291987877495,9.955810492118252,33.65,1.0,headache,S024
29.16,0.19,-65.46962656595593,7.866152959511273,9.904393219460866,33.65,1.0,headache,S024
45.86,0.19,-65.59432108825393,7.955452192468198,10.023010824498899,33.65,1.0,headache,S024
-61.05,0.19,-65.15579453657689,7.9299290762435755,9.997711799822216,33.65,1.0,headache,S024
-25.35,0.19,-65.22545184235491,8.096388906879023,9.986649227906888,33.65,1.0,headache,S024
11.48,0.19,-65.47375727603526,7.741758995909217,10.032972021650616,33.65,1.0,headache,S024
-43.38,0.19,-65.31272631622504,7.797648725771584,9.92367345485051,33.65,1.0,headache,S024
-15.18,0.19,-65.29684310551573,7.600529839799143,10.059545460253824,33.63,1.0,headache,S024
38.95,0.19,-65.20309435499406,7.807219901389274,10.525882889990593,33.63,1.0,headache,S024
-29.16,0.19,-65.201274804017,7.63969163459925,10.137984814712818,33.63,1.0,headache,S024
-4.05,0.19,-65.38718538275384,7.780888430835198,10.46811352744287,33.63,1.0,headache,S024
43.32,0.19,-65.11767013995343,7.778989155742701,10.735092768998184,33.63,1.0,headache,S024
-32.98,0.19,-65.22456044043894,7.660493236188484,10.329682766030349,33.63,1.0,headache,S024
-4.1,0.19,-65.41478234188077,7.594311854669069,10.670753181440292,33.63,1.0,headache,S024
44.33,0.19,-65.20251920488963,7.6395496499954225,10.793495960040229,33.63,1.0,headache,S024
-55.42,0.19,-65.29586504829302,7.771926243371705,10.389481490079904,33.61,1.0,headache,S024
18.59,0.19,-65.34057787373969,7.5779688825601825,10.441834675980541,33.61,1.0,headache,S024
30.77,0.19,-65.17158102064471,7.616610590241227,10.439663223847901,33.61,1.0,headache,S024
-54.82,0.19,-65.39772020190105,7.734457721490481,10.368413990757325,33.61,1.0,headache,S024
59.6,0.19,-65.3752854196945,7.282134406181932,10.584129352106007,33.61,1.0,headache,S024
18.15,0.19,-65.40889781370826,7.923827485137202,10.330009901356984,33.61,1.0,headache,S024
-41.75,0.19,-65.33961742413578,7.581005508937122,10.27132491724647,33.61,1.0,headache,S024
54.52,0.19,-65.88500705405033,7.754740332942349,10.28083464237701,33.61,1.0,headache,S024
-31.89,0.19,-65.43930201726336,7.922840266336566,10.371388968257829,33.65,1.0,headache,S024
-7.94,0.19,-65.09687315133108,7.974568821798192,10.403772278171353,33.65,1.0,headache,S024
64.23,0.19,-65.3475375636613,8.017490995871894,10.164365949196284,33.65,1.0,headache,S024
-50.94,0.19,-65.31194895966019,7.997866913730216,9.952639736511085,33.65,1.0,headache,S024
13.17,0.19,-65.25947069051982,7.933800500990485,9.934920800389355,33.63,1.0,headache,S024
20.96,0.19,-64.99508368898964,7.918387114217726,10.045411186861408,33.63,1.0,headache,S024
-53.62,0.19,-65.3044850865939,7.958435481389509,10.07715084628226,33.63,1.0,headache,S024
42.77,0.19,-65.28320721105058,7.891319190285085,10.29314924516276,33.63,1.0,headache,S024
-8.36,0.19,-65.40525007161739,8.105249189535952,9.90801791556107,33.61,1.0,headache,S024
-41.12,0.19,-65.43757904847173,8.059480170657107,9.999367146373668,33.61,1.0,headache,S024
58.59,0.19,-65.15596438796376,8.014504449218947,10.230014668157933,33.61,1.0,headache,S024
-32.75,0.19,-65.33545419223469,7.978113785997169,9.95777128302677,33.61,1.0,headache,S024
-17.34,0.19,-65.28963999921876,8.023665976637963,10.022944067184735,33.65,1.0,headache,S024
52.49,0.19,-65.3142755664299,7.975973230328071,9.985804360471203,33.65,1.0,headache,S024
-52.26,0.19,-65.06000392004204,8.023898583999468,10.00541634614987,33.65,1.0,headache,S024
17.32,0.19,-65.22035114785777,7.97642046360092,10.090798102262744,33.65,1.0,headache,S024
31.97,0.19,-65.12130455403403,8.023184583048275,10.066891350753188,33.63,1.0,headache,S024
-73.13,0.19,-65.49771139849581,7.9772372701156105,9.894338724611881,33.63,1.0,headache,S024
44.21,0.19,-65.10483554856211,8.022335707639554,9.860254257691448,33.63,1.0,headache,S024
24.35,0.19,-65.27648373690309,7.9780872021442235,10.129218093288415,33.63,1.0,headache,S024
-69.02,0.19,-65.37568418798894,8.02149711959863,9.918890562626771,33.59,1.0,headache,S024
63.63,0.19,-65.15608897923349,7.97891153514589,10.132131009146283,33.59,1.0,headache,S024
-1.05,0.19,-65.015564249571,8.02068459021653,10.02449191082989,33.59,1.0,headache,S024
-49.8,0.19,-65.19057697829322,7.9797182611224295,10.059116511203126,33.59,1.0,headache,S024
68.07,0.19,-65.1540574031668,8.019874711504906,10.094228710702202,33.63,1.0,headache,S024
-27.5,0.19,-64.91866895282384,7.980543408381409,9.966182859645652,33.63,1.0,headache,S024
-45.92,0.19,-65.45584171503005,8.019018098413467,10.028623772872074,33.63,1.0,headache,S024
82.58,0.19,-65.24942977211079,7.981453593530208,10.106177266889008,33.63,1.0,headache,S024
-13.24,0.19,-65.01402790373923,8.018023061046481,10.016111003861276,33.61,1.0,headache,S024
-55.46,0.19,-65.26120291994287,7.982579808750072,9.93603567835157,33.61,1.0,headache,S024
52.57,0.19,-64.89897800679095,8.01669323690977,9.90869230084021,33.61,1.0,headache,S024
-17.92,0.19,-65.45714144123296,7.984234143732597,9.984136511829094,33.61,1.0,headache,S024
-44.94,0.19,-65.36800847167025,8.014495211514603,9.793734914230434,33.63,1.0,headache,S024
72.26,0.19,-65.57126054667327,7.987419984686531,10.030901870026081,33.63,1.0,headache,S024
-38.69,0.19,-65.45066723465654,8.009260934328903,9.671385762621467,33.63,1.0,headache,S024
-20.69,0.19,-65.39141870233631,7.9980556787492,9.481470206401571,33.63,1.0,headache,S024
75.88,0.19,-65.17894622755209,7.9726164478643735,9.275791573149577,33.63,1.0,headache,S024
-51.66,0.19,-65.49038083464825,7.872390471062761,9.865743593599088,33.63,1.0,headache,S024
-24.8,0.19,-65.29674867959565,8.049263855533262,10.073586741916003,33.63,1.0,headache,S024
60.69,0.19,-65.47092578437103,7.959993040667059,9.924893762864812,33.63,1.0,headache,S024
-46.87,0.19,-65.13121205331575,8.040172939849034,10.153009714919252,33.65,1.0,headache,S024
7.99,0.19,-65.16564715768257,7.839052039202086,10.330808702407037,33.65,1.0,headache,S024
35.56,0.19,-65.19231755535088,7.8945030312610625,10.357218476436135,33.65,1.0,headache,S024
-63.71,0.19,-65.15425916562576,7.98739282463622,10.31976677746097,33.65,1.0,headache,S024
36.75,0.19,-65.18006106966178,8.017109375384969,10.544927147222456,33.61,1.0,headache,S024
14.78,0.19,-65.19051006063461,7.981270138012245,10.358530518659542,33.61,1.0,headache,S024
-64.33,0.19,-65.31604574262734,8.019906263145051,9.977567740323341,33.61,1.0,headache,S024
58.14,0.19,-65.02773507942945,7.978172741924333,10.385506663677207,33.61,1.0,headache,S024
-13.82,0.19,-65.1335815825597,8.028312824142754,9.965295343416804,33.63,1.0,headache,S024
-29.4,0.19,-65.40972368876446,7.854523381203793,10.421631649133436,33.63,1.0,headache,S024
65.61,0.19,-64.95889927165062,8.002060263034448,10.745818508080237,33.63,1.0,headache,S024
-53.1,0.19,-65.32607678288615,8.00940610986451,10.46116448906834,33.63,1.0,headache,S024
-5.75,0.19,-65.20696384150195,7.946477947722535,10.91292689241344,33.66,1.0,headache,S024
52.76,0.19,-65.20062087303599,7.893658824021263,10.527821705396311,33.66,1.0,headache,S024
-69.67,0.19,-65.3078138323639,8.046617622964735,10.507004775099217,33.66,1.0,headache,S024
41.91,0.19,-65.13659604248633,7.963845095161665,10.960716137603972,33.66,1.0,headache,S024
20.77,0.19,-65.21438804372636,8.032017894698203,10.71789473414415,33.63,1.0,headache,S024
-66.31,0.19,-65.13004851141413,7.970082023666658,11.053023723216597,33.63,1.0,headache,S024
62.47,0.19,-64.85183340235733,8.028729926352844,10.954028738415076,33.63,1.0,headache,S024
-12.51,0.19,-65.26931364326143,7.9719666552807675,11.042832977197705,33.63,1.0,headache,S024
-47.06,0.19,-65.09305214557703,8.027636902562879,10.958118184133488,33.61,1.0,headache,S024
74.06,0.19,-65.13324637369905,7.972558937784004,11.043223778932692,33.61,1.0,headache,S024
-34.85,0.19,-65.0112564618544,8.02738770530358,10.950836631830706,33.61,1.0,headache,S024
-21.28,0.19,-65.15583381673592,7.972562399334939,11.077693108724564,33.61,1.0,headache,S024
66.49,0.19,-64.94491633267526,8.027557276015264,11.078120708910506,33.61,1.0,headache,S024
-52.06,0.19,-65.2837769335348,7.97229292945554,10.999418357612308,33.61,1.0,headache,S024
9.03,0.19,-65.10446576720693,8.027822835953458,10.991703434264213,33.61,1.0,headache,S024
33.64,0.19,-65.03188383767527,7.972224148215031,11.008498783391381,33.61,1.0,headache,S024
-63.66,0.19,-64.93282560617604,8.027262508067976,11.0006079414462,33.63,1.0,headache,S024
39.92,0.19,-65.09246323882493,7.9745790799626635,10.929429434498802,33.63,1.0,headache,S024
-0.75,0.19,-65.09527927834795,8.018907818576542,10.54719782336909,33.63,1.0,headache,S024
-49.85,0.19,-65.60322226755731,8.021449605147648,10.526694870802132,33.63,1.0,headache,S024
50.73,0.19,-65.23216788993388,8.031326579275461,10.071876266634645,33.65,1.0,headache,S024
-29.17,0.19,-65.2219639863218,7.894072260265618,10.613236473228998,33.65,1.0,headache,S024
-20.46,0.19,-65.4142680988557,7.862923899437547,10.425407393024935,33.65,1.0,headache,S024
62.72,0.19,-65.76017445272461,7.493746377646015,10.495141817850337,33.65,1.0,headache,S024
-68.67,0.19,-65.01210471213146,7.794183166491721,10.32354773543362,33.63,1.0,headache,S024
16.16,0.19,-65.29068647207556,7.462809125923948,10.629175132744635,33.63,1.0,headache,S024
40.52,0.19,-65.17723057840651,7.445981136353321,10.864167855424364,33.63,1.0,headache,S024
-61.76,0.19,-65.43852154122636,7.699380496983088,10.91052308299575,33.63,1.0,headache,S024
50.97,0.19,-65.15467198998192,7.723561909943518,11.051252231105579,33.65,1.0,headache,S024
-11.27,0.19,-65.46094327049474,7.8665902354815955,11.112352224689909,33.65,1.0,headache,S024
-41.85,0.19,-64.59393627437292,7.996137651686075,10.486181865384603,33.65,1.0,headache,S024
73.79,0.19,-64.82338308241657,8.305012371849077,9.469785267694038,33.65,1.0,headache,S024
-44.92,0.19,-65.2982645867869,8.528614916860569,10.7165815696039,33.63,1.0,headache,S024
-0.42,0.19,-64.9452052108198,8.739829377259637,10.289502622302665,33.63,1.0,headache,S024
77.35,0.19,-65.21318401525104,8.42052224805227,10.702129530710465,33.63,1.0,headache,S024
-4.39,0.19,-64.7998561626721,8.901820396830095,10.902011368579327,33.63,1.0,headache,S024
20.68,0.19,-65.24842417336639,8.754347669043224,10.836793131798007,33.65,1.0,headache,S024
-57.16,0.19,-64.84485372712199,8.939633101553207,10.968217487481276,33.65,1.0,headache,S024
-67.29,0.19,-65.14573606995609,8.89228655126517,10.991810168704092,33.65,1.0,headache,S024
22.41,0.21,-65.01632276656774,8.979153074795727,11.035218518237375,33.65,1.0,headache,S024
48.65,0.19,-65.06953237002001,8.998279702009961,11.24305532436764,33.65,1.0,headache,S024
-66.97,0.19,-64.93050927330862,9.016709014012923,10.97028678144733,33.65,1.0,headache,S024
61.08,0.19,-65.06565412789666,8.947517816326059,11.016166613685805,33.65,1.0,headache,S024
13.26,0.19,-64.93849158933708,8.906241391144453,10.988889669798246,33.65,1.0,headache,S024
-61.17,0.19,-65.05767825227346,8.98495015431024,11.008513322331947,33.63,1.0,headache,S024
58.21,0.19,-64.94568510225032,8.870619627132461,10.992976515587506,33.63,1.0,headache,S024
20.01,0.19,-65.05148817696659,9.048836813351887,11.006149164610575,33.63,1.0,headache,S024
-72.03,0.19,-64.95066696876563,8.952728280422292,10.994881364528977,33.63,1.0,headache,S024
49.88,0.19,-65.0482710847062,8.878974490842195,10.893464062763341,33.63,1.0,headache,S024
21.25,0.19,-64.95007035376146,8.880636866059545,10.87522957676527,33.63,1.0,headache,S024
-68.06,0.19,-65.0652789525469,9.02903105316591,10.977784655701813,33.63,1.0,headache,S024
32.8,0.19,-65.22674101639768,8.977834398491172,10.895888873417489,33.63,1.0,headache,S024
30.74,0.19,-64.93772729046411,9.019665520323459,10.960028592540386,33.63,1.0,headache,S024
-65.02,0.19,-64.89152677904606,8.981657749566752,10.889088004741408,33.63,1.0,headache,S024
32.34,0.19,-65.05257169996668,9.0175231707708,11.015419051441738,33.63,1.0,headache,S024
25.19,0.19,-64.95572335237715,8.983023889875106,10.992603547507935,33.63,1.0,headache,S024
-55.7,0.19,-65.04513991684946,9.016596399785485,11.004512522899002,33.63,1.0,headache,S024
27.92,0.19,-65.09187521684301,8.983671733076221,10.997111255172712,33.63,1.0,headache,S024
27.04,0.19,-65.02037353300425,9.016138435465276,11.001430279736889,33.63,1.0,headache,S024
-63.14,0.19,-64.98065378292732,8.983994649255225,11.001456126588415,33.63,1.0,headache,S024
33.6,0.19,-65.15695497680146,9.015914108027406,10.880010332288473,33.63,1.0,headache,S024
32.86,0.19,-64.94919766809134,8.984146216009666,10.988303584915705,33.63,1.0,headache,S024
-63.87,0.19,-65.15196242579495,9.015815890962243,11.011301418495435,33.63,1.0,headache,S024
24.8,0.19,-65.12926460131688,8.984206608637066,10.870736912237296,33.63,1.0,headache,S024
29.95,0.19,-64.99572362830509,9.015779994182507,10.998265320903926,33.63,1.0,headache,S024
-51.28,0.19,-65.0024646317682,8.984230425274115,10.998364245495692,33.63,1.0,headache,S024
31.55,0.19,-65.01744451657542,9.015755605141516,11.003260984436789,33.63,1.0,headache,S024
21.92,0.19,-64.96835108041323,8.984269512192865,10.994778201665696,33.63,1.0,headache,S024
-61.54,0.19,-65.0220214969161,9.015684650950332,11.010449234940658,33.59,1.0,headache,S024
30.6,0.19,-64.9801306771569,8.984394820725933,10.89697936110377,33.59,1.0,headache,S024
38.55,0.19,-65.01982186848754,9.015473561353868,10.879044963753513,33.59,1.0,headache,S024
-64.46,0.19,-64.97747186577051,8.984738289431165,10.949560656196178,33.59,1.0,headache,S024
24.43,0.19,-65.14264780187334,9.014924410055455,11.038942152390492,33.63,1.0,headache,S024
44.7,0.19,-64.98366308794961,8.985616279042384,10.881800736422008,33.63,1.0,headache,S024
-54.96,0.19,-65.14470888293104,9.013493240132536,10.805193531714245,33.63,1.0,headache,S024
8.19,0.19,-65.1164138069348,8.988056339971461,10.773705178682754,33.63,1.0,headache,S024
37.91,0.19,-65.01034712815482,9.008955556837655,11.042816473681178,33.61,1.0,headache,S024
-50.69,0.19,-64.94517305755821,8.998132283863926,10.901816827837456,33.61,1.0,headache,S024
19.48,0.19,-64.8869774904896,8.972108874272685,10.98170574911819,33.61,1.0,headache,S024
27.3,0.19,-65.05516413777002,8.872356962084595,11.131056480504222,33.61,1.0,headache,S024
-55.19,0.19,-64.95520819611261,9.05022532957294,10.924641897414258,33.63,1.0,headache,S024
31.22,0.19,-65.16089083033755,8.959737637027185,11.102631883427872,33.63,1.0,headache,S024
27.56,0.19,-64.96890422321975,9.037233208305295,11.211410723003532,33.63,1.0,headache,S024
-63.59,0.19,-65.03735053344862,8.963264003515741,10.947650731559508,33.63,1.0,headache,S024
26.49,0.19,-64.95652290768416,9.038054596442574,11.11946484820105,33.65,1.0,headache,S024
40.0,0.19,-65.05093216104949,8.958049389530403,11.037972864886731,33.65,1.0,headache,S024
-60.84,0.19,-64.94588898012846,9.053145901798736,10.98694003102982,33.65,1.0,headache,S024
17.93,0.19,-65.3535825558729,8.85787241593182,11.312559696910892,33.65,1.0,headache,S024
46.94,0.19,-65.02830376540273,8.57431672049102,11.254400477610709,33.65,1.0,headache,S024
-58.3,0.19,-65.0243302596667,8.804617915283304,11.188494950453883,33.65,1.0,headache,S024
15.72,0.19,-64.93964488831158,8.859887367791174,11.198798375998116,33.65,1.0,headache,S024
47.0,0.19,-65.14502784762723,8.895999755342078,11.300561240307516,33.65,1.0,headache,S024
-50.74,0.19,-64.63541762415612,8.939588059556186,11.142923566499666,33.61,1.0,headache,S024
15.43,0.19,-65.93499280237305,8.651749417949752,11.303112573005798,33.61,1.0,headache,S024
32.92,0.19,-66.10719516865758,8.720418201156553,11.382588036684664,33.61,1.0,headache,S024
-59.65,0.19,-64.56351113892465,8.895891928530244,11.554864207166588,33.61,1.0,headache,S024
31.77,0.19,-65.28705852539021,9.033035702116148,11.532391626803147,33.63,1.0,headache,S024
5.08,0.19,-64.79013091262817,8.972899207221626,11.703725154301074,33.63,1.0,headache,S024
-51.2,0.2,-65.1697949026701,9.026003796760733,11.34801097223577,33.63,1.0,headache,S024
52.14,0.2,-64.85445886576647,8.973938114861065,11.430135912402179,33.63,1.0,headache,S024
-11.01,0.2,-65.12965228937212,9.026538277244288,10.917611059384909,33.63,1.0,headache,S024
-31.01,0.2,-64.88111195769099,8.972785240722317,11.292611942975933,33.63,1.0,headache,S024
50.52,0.2,-65.11173058757295,9.028013806135155,11.45887960323797,33.63,1.0,headache,S024
-32.66,0.2,-64.89235998910813,8.97109312918776,10.879413107843305,33.63,1.0,headache,S024
-2.07,0.2,-65.10717135661487,9.02988581159213,11.336904587482874,33.63,1.0,headache,S024
38.24,0.2,-64.8856610648081,8.96904753118254,11.181930950315046,33.63,1.0,headache,S024
-56.38,0.2,-65.17556354796736,9.032114436754641,11.061101302375747,33.63,1.0,headache,S024
21.25,0.2,-64.98619831513429,8.966616871948505,11.26237004060722,33.63,1.0,headache,S024
12.35,0.2,-65.0486367870038,9.034772462581195,11.08032708730508,33.63,1.0,headache,S024
-46.89,0.2,-65.01453257629937,8.963703156766602,11.052494952439229,33.63,1.0,headache,S024
56.84,0.2,-65.2070661462247,9.037965915372999,11.10882408664318,33.63,1.0,headache,S024
-38.7,0.2,-64.97756806971489,8.960231257146328,10.929432277758059,33.63,1.0,headache,S024
-23.08,0.19,-65.19965132364213,9.041620010290845,11.155537683008232,33.61,1.0,headache,S024
69.16,0.2,-64.8953427305429,8.956865189955668,11.167487543616263,33.61,1.0,headache,S024
-55.11,0.2,-65.13508846677384,9.042178942785531,10.966072414674644,33.61,1.0,headache,S024
5.29,0.2,-64.65244542942868,9.005801409902565,11.24020653355144,33.61,1.0,headache,S024
47.15,0.22,-65.16282438119508,9.030682303621791,11.027386857486313,33.61,1.0,headache,S024
-59.7,0.2,-65.13194882373129,8.814638777965245,11.2343290667599,33.61,1.0,headache,S024
54.45,0.2,-65.29955252874697,9.022563705006208,10.971996244937852,33.61,1.0,headache,S024
17.36,0.2,-65.08820822724215,8.668710802549704,11.055345611746988,33.61,1.0,headache,S024
-70.73,0.19,-65.03909676756282,9.087452908283622,10.90000268402699,33.63,1.0,headache,S024
68.93,0.2,-64.94280954005698,8.730679758142026,10.715698523376918,33.63,1.0,headache,S024
9.65,0.2,-65.61578517523914,9.024756778349309,9.737351050196562,33.63,1.0,headache,S024
-80.44,0.2,-64.75258928181587,8.652012802813909,9.48607933135164,33.63,1.0,headache,S024
58.82,0.19,-65.39755509332313,8.36253947629568,9.155513910584649,33.61,1.0,headache,S024
22.84,0.2,-65.5069155331946,8.576349689866337,9.428670229182567,33.61,1.0,headache,S024
-96.85,0.2,-65.03518881223997,8.38187577396576,9.644851681915025,33.61,1.0,headache,S024
33.0,0.2,-65.10365199104665,8.490655281400562,9.58899968404283,33.61,1.0,headache,S024
38.79,0.19,-65.3714746789986,8.597909481979933,9.635314905410178,33.61,1.0,headache,S024
-62.87,0.2,-65.23640223237811,8.626482206239768,9.492149200644073,33.61,1.0,headache,S024
73.78,0.2,-65.21339398039535,8.503164060736271,9.824760838585243,33.61,1.0,headache,S024
9.44,0.2,-65.36004477422118,8.476493955034096,9.937554312817976,33.61,1.0,headache,S024
-38.19,0.19,-65.00118180269317,8.884963621796386,10.054521732572187,33.63,1.0,headache,S024
65.44,0.2,-65.35226222972359,8.999434330629434,10.484174491416628,33.63,1.0,headache,S024
-46.58,0.2,-64.57844025366302,9.221562152970325,10.796167453588827,33.63,1.0,headache,S024
-3.27,0.2,-64.77703492870096,9.341731638230604,11.474376477599542,33.63,1.0,headache,S024
71.94,0.2,-65.05124221334174,9.105783584983088,10.9562496314021,33.63,1.0,headache,S024
-53.4,0.2,-65.01085058109487,9.123539223368018,11.177173180729254,33.63,1.0,headache,S024
20.4,0.2,-64.97089691181374,8.994784650233928,11.302141054400392,33.63,1.0,headache,S024
-36.87,0.2,-65.06441822834309,9.016026921725938,11.124811093195135,33.63,1.0,headache,S024
-40.58,0.2,-65.08810373761253,8.968399925938428,11.357720835474344,33.59,1.0,headache,S024
68.42,0.2,-64.98585315047643,9.07089432467946,11.412276666989134,33.59,1.0,headache,S024
-84.76,0.2,-65.30946510653955,8.72573824252869,10.641662467305277,33.59,1.0,headache,S024
38.55,0.2,-65.49647488831975,9.112111383687967,9.57080482100843,33.59,1.0,headache,S024
8.19,0.19,-65.35251091968267,9.23801181862725,9.197974102193474,33.61,1.0,headache,S024
-58.48,0.2,-65.0012876132924,8.559696514097617,9.40493999283224,33.61,1.0,headache,S024
79.54,0.2,-65.32034216265362,9.074672750297017,9.38717063659614,33.61,1.0,headache,S024
-86.15,0.19,-65.06602840905154,8.82195887099346,9.440084020070824,33.61,1.0,headache,S024
-39.11,0.19,-65.36762450644008,9.103696857924273,9.164622356278587,33.63,1.0,headache,S024
88.77,0.19,-65.08428880705804,9.059365581198204,9.374450153161538,33.63,1.0,headache,S024
-37.18,0.2,-65.38181657088766,9.028008390571594,9.25026965808936,33.63,1.0,headache,S024
82.64,0.19,-65.06827523085512,8.939808762532166,9.714943406183385,33.63,1.0,headache,S024
-30.83,0.19,-65.28652475789346,9.095358345647925,9.303880460897123,33.65,1.0,headache,S024
-11.76,0.2,-65.04385308538389,8.703372606353398,9.363240176533564,33.65,1.0,headache,S024
61.96,0.2,-65.31130738287524,9.017572782920274,9.001097523451705,33.65,1.0,headache,S024
-65.84,0.2,-65.12181512630077,8.92254013493174,9.120732406510813,33.65,1.0,headache,S024
60.74,0.2,-65.18945610518271,9.271252572514264,9.017829553038068,33.61,1.0,headache,S024
-30.1,0.2,-65.33914492644877,9.065175759743719,9.937878078433599,33.61,1.0,headache,S024
-12.4,0.2,-65.15502047312636,8.909791667497043,9.301556613936585,33.61,1.0,headache,S024
43.52,0.2,-65.10210820019768,8.393576925587874,10.238778763045579,33.61,1.0,headache,S024
-75.29,0.2,-65.19780031008237,8.94772033835385,10.80939310317868,33.63,1.0,headache,S024
77.47,0.2,-65.17808053255352,9.095808218553941,10.438452902964913,33.63,1.0,headache,S024
-65.66,0.2,-65.0048276554084,9.143770587408792,10.53398409613133,33.63,1.0,headache,S024
29.59,0.2,-65.08349238010256,9.064422178362355,10.59783925703681,33.63,1.0,headache,S024
74.92,0.2,-64.9797355438312,9.235396119012446,10.425534844783293,33.61,1.0,headache,S024
-80.89,0.2,-64.99284466964762,9.306184392178643,10.887574157986245,33.61,1.0,headache,S024
47.67,0.2,-64.47053235855432,9.389154903079001,12.594285162548188,33.61,1.0,headache,S024
-79.27,0.2,-64.69770140844038,9.926510154657702,13.29646552975389,33.61,1.0,headache,S024
37.57,0.2,-64.42845777951192,9.430854985618478,13.559091396255072,33.61,1.0,headache,S024
9.32,0.21,-64.57297417989946,9.431593527779127,13.029730421803814,33.61,1.0,headache,S024
-41.44,0.21,-64.5010060591033,9.749750722200842,13.504787167165775,33.61,1.0,headache,S024
60.45,0.21,-64.24365016565113,9.333428381135683,13.411361467020946,33.61,1.0,headache,S024
-68.44,0.21,-64.7025593785901,9.643961816163975,13.95299822248744,33.63,1.0,headache,S024
41.45,0.21,-64.25129831353135,9.552926960236002,14.349581550016874,33.63,1.0,headache,S024
-16.44,0.21,-64.4884115409795,9.20053397241547,14.066568195530722,33.63,1.0,headache,S024
-18.79,0.21,-64.38509703117612,9.343655180305669,14.074509141564267,33.63,1.0,headache,S024
32.01,0.21,-64.54993291985063,9.215845710753742,13.74677828275374,33.63,1.0,headache,S024
-54.17,0.21,-64.37184249455146,9.292232359529502,13.778535662746624,33.63,1.0,headache,S024
81.75,0.21,-64.41327601689002,9.09908187847908,13.650010815867567,33.63,1.0,headache,S024
-35.49,0.21,-64.63261758456781,9.430905682707705,13.82118734028728,33.63,1.0,headache,S024
-2.32,0.21,-64.70291480757763,9.15249260638097,13.662009002724176,33.63,1.0,headache,S024
16.28,0.21,-64.73548823862589,9.49728032581766,13.636028093040048,33.63,1.0,headache,S024
-50.69,0.21,-64.52525035395436,9.328603358996252,13.63911427015622,33.63,1.0,headache,S024
55.37,0.21,-64.1100277700591,9.234743980218859,13.477773932113486,33.63,1.0,headache,S024
-51.93,0.21,-64.47190881196582,9.663523055890973,12.881924433852967,33.63,1.0,headache,S024
27.22,0.21,-64.30569843805404,9.401518367483959,12.704356427928838,33.63,1.0,headache,S024
-3.53,0.21,-64.84892934139006,9.43733624824098,12.709534108062602,33.63,1.0,headache,S024
-41.59,0.21,-64.63613635159004,9.49787931258094,12.766413011398777,33.63,1.0,headache,S024
25.69,0.21,-64.62902448410384,9.399096345761661,13.043673488076623,33.63,1.0,headache,S024
-39.42,0.21,-64.54176668769257,9.467049586397689,12.847230568684617,33.63,1.0,headache,S024
59.53,0.21,-64.71301417859652,9.10643421505782,12.87331667203461,33.63,1.0,headache,S024
-13.29,0.21,-64.7831981587182,9.267277176141066,13.196854352540193,33.63,1.0,headache,S024
-14.14,0.21,-64.95126057948438,9.054989075051921,12.865515770880588,33.63,1.0,headache,S024
42.54,0.21,-64.5992785339135,9.826357000627873,13.094720458301142,33.63,1.0,headache,S024
-49.73,0.21,-64.70775109272017,9.399265185717034,12.419730667252768,33.63,1.0,headache,S024
53.81,0.2,-64.7145962083737,9.380884879305947,12.684748069742328,33.63,1.0,headache,S024
-31.97,0.21,-64.49962270750235,9.505237770902818,12.828076647679255,33.63,1.0,headache,S024
1.91,0.21,-64.48953688386864,9.249647004219392,12.104703072475832,33.63,1.0,headache,S024
-4.77,0.21,-65.04620833277347,9.543091863588145,12.250708787497382,33.63,1.0,headache,S024
-54.33,0.2,-64.56338296214399,10.095989559853068,12.322569215912681,33.63,1.0,headache,S024
121.22,0.21,-64.9583277920491,9.934716079108552,11.950814899261369,33.61,1.0,headache,S024
3.39,0.21,-64.78833804866238,10.052721024528955,12.465642793657436,33.61,1.0,headache,S024
5.62,0.21,-64.46767832614182,9.967357023878455,12.797688130856752,33.61,1.0,headache,S024
-51.88,0.21,-64.62303942530544,10.177917837174205,12.599754649329846,33.61,1.0,headache,S024
-29.93,0.21,-64.81526778310328,9.924482852755066,12.610727392086702,33.63,1.0,headache,S024
21.8,0.21,-64.854985619858,9.988273520099453,12.193173922349292,33.63,1.0,headache,S024
-66.74,0.21,-64.46960421627725,9.497754375893267,12.478573307678966,33.63,1.0,headache,S024
57.26,0.21,-64.96198202056642,9.617204135668846,12.558687101810273,33.63,1.0,headache,S024
-36.68,0.21,-64.7601224253385,9.557688187141567,12.758549132550767,33.63,1.0,headache,S024
33.97,0.22,-64.66168302167905,9.613223082961156,12.79945969711801,33.63,1.0,headache,S024
9.77,0.21,-64.71274420493437,9.586947554654634,12.492372402776105,33.63,1.0,headache,S024
-27.63,0.21,-64.60598165885837,9.6776800357051,12.687604587264895,33.63,1.0,headache,S024
56.42,0.21,-64.60564128730508,9.620726095466221,12.728062983338267,33.63,1.0,headache,S024
-62.23,0.21,-64.58179240003098,9.560923293526242,12.533295202045148,33.63,1.0,headache,S024
43.36,0.21,-64.6628702508538,9.61529626429613,13.011626149711091,33.63,1.0,headache,S024
9.32,0.21,-64.57682032612662,9.531529776732999,12.623674800644277,33.63,1.0,headache,S024
-42.34,0.21,-64.4622190242533,9.455094131909103,12.575519862189216,33.61,1.0,headache,S024
51.63,0.21,-64.70152700077014,9.66695995362901,12.668929075102197,33.61,1.0,headache,S024
-29.57,0.21,-64.7037142259442,9.517725774932982,12.5523093633167,33.61,1.0,headache,S024
-12.36,0.21,-64.71002356814282,9.596739473484078,12.542918219377603,33.61,1.0,headache,S024
62.04,0.21,-64.49300014195784,9.541641945034137,12.782871511853157,33.63,1.0,headache,S024
-47.17,0.21,-64.62837611682122,9.598742915755194,12.993579325009538,33.63,1.0,headache,S024
-11.23,0.21,-64.4895153465799,9.670724198247175,12.684509639239458,33.63,1.0,headache,S024
58.85,0.21,-64.45521043427098,9.786451601429123,12.723486119089335,33.63,1.0,headache,S024
-57.13,0.21,-63.88500055435493,9.763595957126617,12.824417906122667,33.61,1.0,headache,S024
-9.11,0.21,-64.55857745560503,9.776685791826274,12.670319456662321,33.61,1.0,headache,S024
65.36,0.21,-64.19354598674963,9.922747490478905,12.903581443603592,33.61,1.0,headache,S024
-43.88,0.21,-64.26835808346893,10.078075319358728,12.88238973844557,33.61,1.0,headache,S024
-7.16,0.21,-64.6461740848794,10.094443926249392,12.83143158860859,33.61,1.0,headache,S024
53.72,0.22,-64.60681684570464,10.143042325605803,12.873185499541849,33.61,1.0,headache,S024
-56.08,0.21,-64.45435661919275,10.042106011831262,13.196146775156958,33.61,1.0,headache,S024
-23.68,0.21,-64.71000578592682,9.851679257164667,12.890556545048053,33.61,1.0,headache,S024
64.13,0.21,-64.5835410970234,9.98441938928397,12.946106512096826,33.61,1.0,headache,S024
-27.14,0.21,-64.54153546071406,10.084323229257917,12.757239353467645,33.61,1.0,headache,S024
-43.18,0.21,-64.50326971153122,9.938931140546444,12.67516870869192,33.61,1.0,headache,S024
52.39,0.21,-64.5415695140397,10.215265569237335,12.896933327957846,33.61,1.0,headache,S024
-32.89,0.21,-64.6697841581482,9.877551814043784,12.699110043031126,33.61,1.0,headache,S024
-6.74,0.21,-64.79078450107608,10.079780364972946,13.288055507301003,33.61,1.0,headache,S024
56.02,0.22,-64.11551396147925,10.039346732997839,13.498239224074686,33.61,1.0,headache,S024
-47.4,0.21,-64.49739225400582,9.88103030863498,12.55372171385582,33.61,1.0,headache,S024
7.45,0.21,-64.73618040466154,10.166803109331669,12.89571504924782,33.63,1.0,headache,S024
25.06,0.22,-64.29517850695956,9.544217595525563,13.346140571229348,33.63,1.0,headache,S024
-82.35,0.21,-64.65134860393265,9.475125157386344,13.06825206605008,33.63,1.0,headache,S024
21.73,0.21,-64.55839559732094,9.374606216366185,13.258565257621385,33.63,1.0,headache,S024
5.78,0.21,-64.52078206375225,9.69521194835198,13.086370751318281,33.61,1.0,headache,S024
-11.29,0.22,-64.4869643615326,9.639471584259278,13.440633875528851,33.61,1.0,headache,S024
57.0,0.22,-64.32171980924325,9.493002575203004,13.463654086955348,33.61,1.0,headache,S024
-52.22,0.21,-64.31881911565516,9.771753779442902,13.429720130721805,33.61,1.0,headache,S024
26.4,0.23,-64.95183545321686,9.962861995747263,13.500202809237035,33.63,1.0,headache,S024
34.71,0.22,-64.44128403803694,9.762517982615044,15.016303066753652,33.63,1.0,headache,S024
-43.72,0.22,-63.853567492519716,10.107725516138341,16.095113724084857,33.63,1.0,headache,S024
69.87,0.21,-64.06770748774372,10.102177888036916,15.803465854922736,33.63,1.0,headache,S024
-34.98,0.21,-63.74206075495493,10.054123350514402,16.472192246256565,33.61,1.0,headache,S024
-20.88,0.22,-63.52198121914264,10.053974270571324,16.090601676593675,33.61,1.0,headache,S024
112.58,0.22,-63.921658823939715,9.912680358061852,16.021178629597447,33.61,1.0,headache,S024
-63.86,0.21,-63.90289031115552,9.907107574730022,16.19125633599924,33.61,1.0,headache,S024
-25.49,0.21,-63.92513814287738,10.063544457412103,15.882037477491798,33.61,1.0,headache,S024
35.3,0.22,-63.99464574486441,9.946767205394735,15.922225679402777,33.61,1.0,headache,S024
-42.81,0.22,-63.964676882876425,10.045159199220965,15.892572846825882,33.61,1.0,headache,S024
-21.21,0.21,-64.01450526294221,9.960495684429866,15.984172783687045,33.61,1.0,headache,S024
68.24,0.21,-63.99881037693617,10.035301321121628,16.011688878877358,33.57,1.0,headache,S024
-41.37,0.22,-64.00996455809418,9.967950418447096,15.990030810325988,33.57,1.0,headache,S024
-35.11,0.22,-63.99341863270984,10.029489223637862,16.00889107733993,33.57,1.0,headache,S024
53.48,0.22,-63.98906761899994,9.972500489081359,15.991934314409404,33.57,1.0,headache,S024
-29.99,0.21,-63.86349261740666,10.02607432658633,16.007383606092255,33.59,1.0,headache,S024
-25.16,0.22,-64.04135601958207,9.974633342780972,15.99310299848939,33.59,1.0,headache,S024
60.64,0.22,-63.96780185338272,10.025884419870911,16.00719067541306,33.59,1.0,headache,S024
-39.4,0.21,-64.02897101068318,9.970716715062705,15.985399827600432,33.59,1.0,headache,S024
-30.92,0.21,-63.97235101563263,10.04319341461538,15.818672300276708,33.57,1.0,headache,S024
59.46,0.22,-64.02738326083049,9.774173007473534,15.927394558436935,33.57,1.0,headache,S024
-25.99,0.22,-63.97197326905159,9.922268101487592,16.023847558870028,33.57,1.0,headache,S024
-34.01,0.21,-64.02984408492544,10.057540909468322,15.983639060388718,33.57,1.0,headache,S024
54.6,0.21,-63.9661204685161,9.85580126911016,16.013578131401026,33.61,1.0,headache,S024
-23.44,0.22,-64.0446361436483,10.016676820850728,15.987788050542846,33.61,1.0,headache,S024
-28.64,0.22,-63.869856245697115,9.706498938004748,16.011462035824863,33.61,1.0,headache,S024
51.67,0.21,-63.97882732395211,9.844169666806653,15.988964542680792,33.61,1.0,headache,S024
-23.5,0.21,-63.99433687818978,10.081932486285254,16.010778529724394,33.59,1.0,headache,S024
-34.47,0.22,-64.01514478990191,9.88410874300004,15.9894516849634,33.59,1.0,headache,S024
57.79,0.22,-63.97640475368931,9.88145792929466,16.010085293475907,33.59,1.0,headache,S024
-20.9,0.21,-64.03838314500658,9.926589359839204,15.991325314978337,33.59,1.0,headache,S024
-38.93,0.21,-63.887950519852424,10.03701631011883,16.003984104065626,33.61,1.0,headache,S024
57.99,0.22,-63.818643658047854,9.973355864485198,16.21416123864135,33.61,1.0,headache,S024
-12.01,0.22,-64.0288395948139,10.017357328234194,16.27107971695784,33.61,1.0,headache,S024
-42.21,0.21,-63.97976209250962,10.000717243232886,15.97485298253569,33.61,1.0,headache,S024
49.97,0.21,-63.87976295243532,9.89403411340914,16.512891023568912,33.59,1.0,headache,S024
-5.77,0.21,-63.92234261824371,9.752534318942837,16.274263922853798,33.59,1.0,headache,S024
-42.02,0.22,-63.835793822142875,10.005805403873163,16.018115835312905,33.59,1.0,headache,S024
48.05,0.21,-63.850027497896605,9.869256037186831,16.12678338373382,33.59,1.0,headache,S024
-0.16,0.21,-64.03964826541788,9.982180282525938,15.976714215591992,33.59,1.0,headache,S024
-40.62,0.21,-63.8733469704908,9.946671410988841,16.00025070721613,33.59,1.0,headache,S024
43.34,0.22,-63.97447151994673,9.905367169236486,16.071162500020144,33.59,1.0,headache,S024
-6.89,0.21,-64.0260071852913,10.016133102887164,16.084105099041196,33.59,1.0,headache,S024
-33.55,0.21,-63.92824080254668,9.99540869252592,15.957662192653896,33.61,1.0,headache,S024
37.31,0.21,-63.91033604606714,10.000892424762947,16.03271386407338,33.61,1.0,headache,S024
-21.12,0.22,-64.03668907336069,9.999397299633586,15.970565664163887,33.61,1.0,headache,S024
-28.2,0.21,-63.95673039091556,10.004095208398814,16.031591190716583,33.61,1.0,headache,S024
46.18,0.21,-63.89041712731253,9.978845737158455,16.22643851400676,33.57,1.0,headache,S024
-32.59,0.22,-64.01802415522988,9.872944796893243,16.014815189882704,33.57,1.0,headache,S024
-5.73,0.22,-63.98883081779343,10.032565752916275,15.981904761834901,33.57,1.0,headache,S024
33.8,0.21,-64.00975448208584,9.976629155098944,16.020841473130528,33.57,1.0,headache,S024
-44.19,0.21,-63.99006592271162,10.019758354012348,15.974048434188441,33.57,1.0,headache,S024
21.25,0.22,-64.01096862712467,9.982389683332212,16.04396718450527,33.57,1.0,headache,S024
17.55,0.22,-63.98721521035983,10.016067865831989,16.10377214996859,33.57,1.0,headache,S024
-41.75,0.21,-64.01569283364366,9.983454304051772,15.990765294979383,33.57,1.0,headache,S024
46.17,0.21,-63.9792926314471,9.86139839529115,16.00061421616563,33.59,1.0,headache,S024
-16.98,0.22,-64.031891447763,9.878664891917467,16.000410046718006,33.59,1.0,headache,S024
-15.96,0.22,-63.857601592786665,9.865837509779253,16.011638748542403,33.59,1.0,headache,S024
45.51,0.21,-64.01657081177962,9.751755870634351,16.144853229027643,33.59,1.0,headache,S024
-43.46,0.21,-63.86344153754032,10.047026326767748,15.931303672540482,33.59,1.0,headache,S024
11.49,0.22,-63.699538093828885,9.959331731264982,16.140384640737537,33.59,1.0,headache,S024
23.65,0.21,-64.08431245737906,10.042276387873002,16.177830620672214,33.59,1.0,headache,S024
-41.83,0.21,-64.0856611045484,9.934233418150498,15.953396463640134,33.59,1.0,headache,S024
49.28,0.21,-63.99959916279348,9.878344274060218,16.026523285694033,33.61,1.0,headache,S024
-11.16,0.22,-63.99657008007308,9.888458947699126,15.9802532099301,33.61,1.0,headache,S024
-37.18,0.22,-64.00310501855945,10.050894010482422,16.018462933437757,33.61,1.0,headache,S024
62.41,0.22,-63.99817849875596,9.830059042284441,15.976185115309038,33.61,1.0,headache,S024
-32.14,0.21,-63.99997822902781,10.050580622879595,16.06610023529811,33.57,1.0,headache,S024
-28.46,0.22,-64.00267318566993,9.88118703938008,16.111412442683932,33.57,1.0,headache,S024
63.89,0.22,-63.992880596425714,9.961603241898043,16.09483474031535,33.57,1.0,headache,S024
-40.95,0.21,-64.01711597809512,9.998085155173746,15.984528284896353,33.57,1.0,headache,S024
-3.25,0.21,-63.93475073723639,9.70226559637451,16.030509961292424,33.59,1.0,headache,S024
55.06,0.22,-63.90483331930554,9.655894162475153,16.443883294986083,33.59,1.0,headache,S024
-58.95,0.22,-64.04150310132142,9.920581134067175,15.994287570363976,33.59,1.0,headache,S024
0.06,0.21,-63.84162205778013,9.688201969268691,16.24397210936441,33.59,1.0,headache,S024
63.88,0.22,-63.88907372453809,9.767736999428559,16.11251979153222,33.59,1.0,headache,S024
-69.19,0.22,-63.998666651982994,10.015176498432997,16.129663535860185,33.59,1.0,headache,S024
-8.02,0.22,-64.00620300039378,9.762595594954043,16.054653452811888,33.59,1.0,headache,S024
77.28,0.21,-63.99086707944261,9.841124444207146,16.07229663137618,33.59,1.0,headache,S024
-54.2,0.21,-64.01584493934314,9.920628442327402,16.156216309455747,33.59,1.0,headache,S024
-18.29,0.22,-63.881647809217185,9.964603123338854,16.02457996549442,33.59,1.0,headache,S024
79.53,0.22,-63.97365368694852,10.029494071376844,15.99116626696411,33.59,1.0,headache,S024
-49.49,0.22,-64.01966165979816,9.973812911002668,16.007283564904053,33.59,1.0,headache,S024
-25.2,0.21,-63.96550267556119,10.00802332452998,15.99206606758168,33.59,1.0,headache,S024
76.44,0.22,-63.88501953855338,9.742411827472639,16.009592475189187,33.59,1.0,headache,S024
-40.07,0.22,-64.0216514464689,10.051029299345041,15.987585971947528,33.59,1.0,headache,S024
-39.13,0.22,-63.98653907690254,9.657367196149513,16.01754904759046,33.59,1.0,headache,S024
65.12,0.23,-64.01201487180278,9.925404705783526,15.970356672226607,33.57,1.0,headache,S024
-31.39,0.22,-63.98248899270995,9.917020403994735,16.09819914977724,33.57,1.0,headache,S024
-43.87,0.22,-63.999156977246926,9.947030964859715,16.055255992841357,33.57,1.0,headache,S024
58.19,0.22,-64.02292968188901,10.019269109262448,16.007558983791405,33.57,1.0,headache,S024
-37.04,0.21,-63.96522307411399,9.999092427583708,16.364942458634307,33.57,1.0,headache,S024
-13.69,0.22,-63.884950576778884,9.913130542583524,15.98434919940221,33.57,1.0,headache,S024
59.15,0.21,-64.02150258241299,9.934646625916596,16.018186850458342,33.57,1.0,headache,S024
-63.91,0.21,-63.98749375639294,10.021517506702303,15.976856565396389,33.57,1.0,headache,S024
8.54,0.21,-64.00909985204733,9.55641120476019,15.88501556618219,33.59,1.0,headache,S024
56.04,0.21,-63.99276779716892,9.784187616292135,16.00555538913695,33.59,1.0,headache,S024
-75.72,0.21,-64.00597292724272,10.043052811404966,15.991535079047079,33.59,1.0,headache,S024
32.4,0.21,-63.99501033733728,9.777203681219099,16.087870562427927,33.59,1.0,headache,S024
32.34,0.21,-64.0041266315766,9.92494875889623,16.073803146668087,33.57,1.0,headache,S024
-65.36,0.22,-63.99670906982087,9.90316652538482,15.928232111379794,33.57,1.0,headache,S024
65.14,0.22,-64.00241059775472,9.96172223886783,16.21897761709514,33.57,1.0,headache,S024
-10.95,0.21,-63.99858740028744,9.856897372427754,16.09249729115371,33.57,1.0,headache,S024
-57.2,0.21,-64.000203468975,9.803543645185604,15.97211543510483,33.59,1.0,headache,S024
85.39,0.22,-64.001359393595,9.852768873399716,16.010444562934257,33.59,1.0,headache,S024
-27.69,0.22,-63.996472749206795,10.065464050553558,16.00098044605605,33.59,1.0,headache,S024
-54.97,0.22,-64.00681534515817,9.947997386004392,15.98362478734162,33.59,1.0,headache,S024
86.27,0.21,-63.98747397229901,10.045209410761963,16.086576505703796,33.59,1.0,headache,S024
-36.14,0.21,-64.02542687660826,9.961678717078211,16.068366239197946,33.59,1.0,headache,S024
-34.83,0.22,-63.90464278553674,10.019511244561468,15.974425805527169,33.59,1.0,headache,S024
83.24,0.22,-63.94350420866581,9.831998474748648,16.013085671732295,33.59,1.0,headache,S024
-43.17,0.21,-63.9967015711554,10.07423766047734,15.993480787718338,33.57,1.0,headache,S024
-43.59,0.21,-63.86825584384453,9.757474144340128,16.058791988702005,33.57,1.0,headache,S024
88.54,0.21,-64.01762386630158,9.922986182283262,16.452564562524316,33.57,1.0,headache,S024
-32.35,0.21,-63.83849907161363,9.74323197215612,16.323854239101244,33.57,1.0,headache,S024
-68.6,0.21,-63.92756327073617,9.967121397057868,16.04949243650305,33.59,1.0,headache,S024
78.41,0.21,-63.85161773524416,9.767287813009723,16.255523681739543,33.59,1.0,headache,S024
-13.71,0.21,-64.01809117861418,9.958258541970418,16.620625695501932,33.59,1.0,headache,S024
-64.37,0.21,-63.98757935461191,9.916561638727863,16.438798013216083,33.59,1.0,headache,S024
87.5,0.21,-63.90907027064201,9.689754644541624,15.880675976971695,33.59,1.0,headache,S024
-2.0,0.21,-63.94757777069186,9.684533584793112,16.231222999363755,33.59,1.0,headache,S024
-82.3,0.22,-64.04312783982598,9.786430620067463,15.87912781669989,33.59,1.0,headache,S024
74.03,0.22,-63.9559200302005,9.536223564852191,16.161551786155986,33.59,1.0,headache,S024
22.25,0.21,-64.05295132209594,9.811501801862546,16.15386232729467,33.55,1.0,headache,S024
-86.98,0.21,-63.88356962914271,9.751661678958515,16.40407081759939,33.55,1.0,headache,S024
50.93,0.22,-63.94279377769576,9.99965124857657,16.23244418754736,33.55,1.0,headache,S024
14.2,0.22,-63.866001531206564,9.677839170081288,16.400435438538267,33.55,1.0,headache,S024
-76.94,0.21,-64.02952796392765,9.337410845121168,16.401411687968462,33.59,1.0,headache,S024
56.55,0.21,-63.847648639163275,9.8622279419381,16.235130208639582,33.59,1.0,headache,S024
6.09,0.22,-63.898986509138595,9.467199400649722,16.561088548691036,33.59,1.0,headache,S024
-65.54,0.22,-63.837405831672406,9.731530359827898,16.464675793216266,33.59,1.0,headache,S024
69.49,0.23,-63.95846348325701,9.827626898969354,16.475501786926646,33.59,1.0,headache,S024
-0.65,0.21,-63.93367516910522,9.661329589861746,16.30285476925515,33.59,1.0,headache,S024
-74.78,0.22,-63.998342705471295,9.532114452298647,16.302388074829143,33.59,1.0,headache,S024
77.24,0.22,-63.89406402971985,9.698829747967348,16.69661623223004,33.59,1.0,headache,S024
-3.27,0.21,-63.74110857810846,9.524562767753814,16.570155374184267,33.59,1.0,headache,S024
-65.28,0.21,-64.03362507882916,9.817692299643536,16.597107141847882,33.59,1.0,headache,S024
67.56,0.22,-63.74185930377658,9.582038174267312,16.759413463189446,33.59,1.0,headache,S024
-13.32,0.22,-63.99026511975321,9.576182127590846,16.391019702563145,33.59,1.0,headache,S024
-47.82,0.21,-63.99006837703721,9.69401786994039,16.762696885620326,33.57,1.0,headache,S024
78.22,0.21,-63.86744799598532,9.572509885397068,16.736960525550476,33.57,1.0,headache,S024
-43.06,0.22,-63.886234176826186,9.685742192319466,16.769679762617947,33.57,1.0,headache,S024
-42.13,0.24,-63.98864298164618,9.700130789105003,16.39536605978248,33.57,1.0,headache,S024
86.69,0.21,-63.7912196448088,9.642683796665596,16.759027007135874,33.59,1.0,headache,S024
-43.96,0.21,-63.827911930157555,9.566619911568175,16.382741678601914,33.59,1.0,headache,S024
-37.41,0.22,-63.90302645653761,9.708250309344587,16.46606530993548,33.59,1.0,headache,S024
90.08,0.22,-64.12011123640715,9.735781601080413,16.219528464021717,33.59,1.0,headache,S024
-43.6,0.21,-63.94653924539767,9.448375617576984,16.464836788192272,33.57,1.0,headache,S024
-35.47,0.21,-63.911304478859066,9.652644751433554,16.50875068585871,33.57,1.0,headache,S024
74.25,0.22,-63.89458669237896,9.575560997361931,16.545778517626683,33.57,1.0,headache,S024
-53.89,0.22,-64.14320034043769,9.66308173353658,16.65518121681056,33.57,1.0,headache,S024
-15.67,0.21,-63.63281112437139,9.48940303522153,16.608649251217347,33.59,1.0,headache,S024
60.09,0.21,-63.88948815409435,9.52196738433925,16.399210908298798,33.59,1.0,headache,S024
-74.36,0.22,-63.95333775027364,9.632694991808016,16.265219343708644,33.59,1.0,headache,S024
14.17,0.22,-63.93770293589823,9.802942293623977,16.044531604387142,33.59,1.0,headache,S024
62.55,0.21,-63.86508306879996,9.78887988073085,16.137245972792716,33.59,1.0,headache,S024
-73.34,0.21,-64.0906723180376,9.969526804772428,15.748842455637236,33.59,1.0,headache,S024
29.06,0.22,-63.97773828196633,9.679419339586914,15.340216394569314,33.59,1.0,headache,S024
53.74,0.21,-64.00155598332567,9.761259843690512,15.9267778984862,33.59,1.0,headache,S024
-78.9,0.21,-64.03241599146489,9.78690008685984,15.865779596407107,33.57,1.0,headache,S024
28.42,0.21,-64.0726644916466,9.960632151212197,15.857744726844675,33.57,1.0,headache,S024
41.47,0.22,-64.12577476871161,9.630265779985216,15.834631869105799,33.57,1.0,headache,S024
-75.79,0.22,-64.06920496642631,9.557363266405371,15.931949671419217,33.57,1.0,headache,S024
36.61,0.21,-64.07559055663698,9.676477380689082,15.796256721184944,33.59,1.0,headache,S024
26.94,0.21,-64.01136188000396,9.71465377200822,16.039960189511323,33.59,1.0,headache,S024
-75.19,0.22,-63.98517386018895,9.625106847764279,15.981017253878337,33.59,1.0,headache,S024
51.4,0.22,-63.9265228820108,9.553420788155586,16.002846311394183,33.59,1.0,headache,S024
30.73,0.21,-63.77984696871067,9.433550619214294,16.050627182399257,33.57,1.0,headache,S024
-79.43,0.21,-63.90409886533856,9.593223190959256,16.10170312674802,33.57,1.0,headache,S024
49.95,0.22,-64.15656142307448,9.663621924139767,15.992057571706075,33.57,1.0,headache,S024
25.97,0.22,-63.97922684262499,9.428549170806619,16.348219094226504,33.57,1.0,headache,S024
-77.05,0.22,-64.02629318132232,9.765072160251146,16.06115412894439,33.59,1.0,headache,S024
54.33,0.21,-63.94175780676865,9.65647375129473,16.4509259807812,33.59,1.0,headache,S024
29.72,0.22,-63.90205809145359,9.902894987904064,16.534574411849135,33.59,1.0,headache,S024
-75.37,0.22,-64.02263667645123,9.722587474262262,16.14337304929896,33.59,1.0,headache,S024
46.85,0.21,-63.990002852566015,9.913293411264013,16.61568638123938,33.59,1.0,headache,S024
23.29,0.21,-64.00173821868209,9.907088689987592,16.09202643198698,33.59,1.0,headache,S024
-70.82,0.22,-64.01279834060271,9.637940164763693,16.124047080070273,33.59,1.0,headache,S024
47.95,0.21,-63.7670113703997,9.679774574194878,16.317584068629913,33.59,1.0,headache,S024
21.15,0.22,-63.786960931613514,9.713964477175908,16.202504826800144,33.59,1.0,headache,S024
-65.79,0.22,-64.18118321247556,9.841098135300268,15.941002396703876,33.59,1.0,headache,S024
51.09,0.22,-63.857641968176466,9.577285458335655,16.45694572909081,33.59,1.0,headache,S024
3.11,0.22,-63.86313069643226,9.968287467130386,16.077732065914322,33.59,1.0,headache,S024
-64.07,0.21,-64.05188893815372,9.696620497513429,16.059477496196557,33.59,1.0,headache,S024
55.91,0.22,-63.966515003699904,9.82955445752725,16.46388384420643,33.59,1.0,headache,S024
-17.91,0.22,-64.02591266641419,10.044608302827365,16.057070312644697,33.59,1.0,headache,S024
-38.94,0.21,-63.85884222507451,9.9098725794026,16.614377061014405,33.59,1.0,headache,S024
65.55,0.21,-64.00448494302154,9.805802768332665,16.178143976839976,33.59,1.0,headache,S024
-45.65,0.22,-64.01451000631523,9.938450215626052,16.003026801142497,33.59,1.0,headache,S024
-25.18,0.22,-63.833882533201496,9.793896100425952,15.941378765255795,33.59,1.0,headache,S024
74.26,0.21,-63.853158118070716,9.755531212304938,15.960887954546006,33.59,1.0,headache,S024
-60.62,0.21,-64.04991069553434,9.478536550687776,15.888484357648617,33.59,1.0,headache,S024
-5.61,0.22,-64.11875052336742,9.867200686527061,15.650262340820426,33.59,1.0,headache,S024
63.31,0.22,-64.0151807845053,9.758649064506486,16.140075049845272,33.59,1.0,headache,S024
-66.1,0.21,-63.98693178088269,10.091872235815213,16.19394926710157,33.59,1.0,headache,S024
9.22,0.21,-63.939954780290805,9.75720599333226,15.942135699368375,33.57,1.0,headache,S024
78.1,0.22,-63.73426390296156,9.942555974992818,16.137456556751854,33.57,1.0,headache,S024
-68.05,0.22,-64.14989509708424,10.021627983022245,16.106657113345033,33.57,1.0,headache,S024
-3.46,0.21,-63.83489991723639,9.839392058538849,16.39018516576708,33.57,1.0,headache,S024
84.65,0.21,-63.9537803591018,9.827046658985033,16.69395740760304,33.59,1.0,headache,S024
-64.84,0.22,-63.78191551388692,9.966673665993024,16.444997973932814,33.59,1.0,headache,S024
-20.31,0.22,-64.30459764069063,9.9464695958263,16.487969426009982,33.59,1.0,headache,S024
88.81,0.21,-63.11161891153833,10.134058230181267,17.67938472045948,33.59,1.0,headache,S024
-37.4,0.21,-63.4401508048346,10.623825712332932,17.559882566968362,33.59,1.0,headache,S024
-60.57,0.22,-62.10227490821541,12.764931900516732,18.85785110908339,33.59,1.0,headache,S024
68.84,0.22,-62.00708295641931,14.251221309517671,20.314156239657787,33.59,1.0,headache,S024
-35.12,0.21,-61.98695755701555,12.46132015944034,22.726261856748934,33.59,1.0,headache,S024
-51.5,0.21,-59.678383659833194,12.119932891276303,25.227171066615824,33.57,1.0,headache,S024
66.31,0.22,-60.14098570924773,11.16567142101946,26.338302946011527,33.57,1.0,headache,S024
-17.53,0.22,-58.75992446789629,11.333333763426152,27.579389412508718,33.57,1.0,headache,S024
8.84,0.21,-59.266516927039085,12.005701271451965,27.926102542324116,33.57,1.0,headache,S024
111.79,0.22,-58.88197066062383,11.843293520698934,28.01323842488264,33.57,1.0,headache,S024
0.28,0.21,-58.94780606664464,12.058515438603402,28.41604238458082,33.57,1.0,headache,S024
-88.28,0.21,-58.60096075512669,11.955783229194838,28.430154714701406,33.57,1.0,headache,S024
7.08,0.21,-58.42256171120758,12.02822766692458,28.616294684179103,33.57,1.0,headache,S024
50.19,0.22,-58.16282963935349,11.848218507413662,28.838323178652946,33.57,1.0,headache,S024
-68.81,0.21,-58.64844582676253,11.785199806748016,28.73103913413331,33.57,1.0,headache,S024
-11.57,0.21,-58.511130943469595,11.839691005944365,28.791826772274675,33.57,1.0,headache,S024
45.66,0.21,-58.694811011666275,12.048460558109372,29.0144835126024,33.57,1.0,headache,S024
-63.22,0.21,-58.35010881599476,11.937382421793298,29.01464782982961,33.61,1.0,headache,S024
-5.08,0.22,-58.503720156907924,12.067511530143497,28.986362201234275,33.61,1.0,headache,S024
66.64,0.21,-58.40463432698012,11.925223031307567,29.07616394701802,33.61,1.0,headache,S024
-61.54,0.21,-58.865741149604155,12.090870378475493,29.062548804579983,33.61,1.0,headache,S024
-1.44,0.21,-58.558343821469805,11.808756701176463,28.771389319062035,33.61,1.0,headache,S024
53.78,0.21,-58.63038509303383,11.915046537425427,28.749058475329665,33.61,1.0,headache,S024
-53.94,0.21,-58.56729441608581,11.83595174763818,28.899257729265287,33.61,1.0,headache,S024
7.35,0.21,-58.62286924233248,12.052365031935738,29.13406625299818,33.61,1.0,headache,S024
41.6,0.21,-58.51294792435908,11.87157500163024,28.835170404386094,33.61,1.0,headache,S024
-57.91,0.22,-58.888010071840746,11.844986865640685,28.897361899465544,33.61,1.0,headache,S024
23.86,0.21,-58.34579463081914,11.924332588035893,29.114153251856614,33.61,1.0,headache,S024
11.47,0.21,-58.31405276735455,11.967317393445137,29.074392535180145,33.61,1.0,headache,S024
-56.63,0.21,-58.42982744210856,11.583303103499345,29.020106063000796,33.61,1.0,headache,S024
48.05,0.22,-58.294369048594426,11.996272076201624,29.40710972932018,33.61,1.0,headache,S024
-13.41,0.21,-58.288042446814146,11.803677379304814,29.242566948559645,33.61,1.0,headache,S024
-40.35,0.21,-58.47016272872152,11.647716210346754,29.29303504827914,33.61,1.0,headache,S024
68.16,0.21,-58.17606521823601,11.739085487469847,29.768463851890246,33.59,1.0,headache,S024
-48.75,0.21,-58.47661018157002,11.885485855357267,29.374077427164327,33.59,1.0,headache,S024
0.27,0.21,-58.01538101485044,11.622649173450407,29.380112834027095,33.59,1.0,headache,S024
53.3,0.21,-58.358238797244375,11.890245807788956,29.28800419133417,33.59,1.0,headache,S024
-66.16,0.21,-58.30964517793546,11.945897235828957,29.28540165075693,33.61,1.0,headache,S024
44.44,0.21,-58.27308282192809,11.959489576177873,29.096429291269157,33.61,1.0,headache,S024
9.4,0.23,-58.24311319217749,11.864974387787846,29.37884341908347,33.61,1.0,headache,S024
-50.91,0.21,-58.23159065328519,11.964152319919926,29.36988889555447,33.61,1.0,headache,S024
62.93,0.21,-58.267456428736764,11.847569861166459,29.44417262528647,33.57,1.0,headache,S024
-41.93,0.22,-58.33421491844534,11.852949521524167,29.241134906234507,33.57,1.0,headache,S024
3.74,0.21,-58.21922015327544,11.997102362161863,29.19760603124912,33.57,1.0,headache,S024
47.6,0.21,-58.58804437219194,12.034037405207393,29.235450459598336,33.57,1.0,headache,S024
-61.37,0.21,-58.240921527637774,11.888008543940561,29.46377566136682,33.59,1.0,headache,S024
42.39,0.21,-57.931252196145756,11.947968238451365,29.655089174947385,33.59,1.0,headache,S024
-5.8,0.21,-58.02820216120626,11.732489138135964,29.426789153145577,33.59,1.0,headache,S024
-36.13,0.21,-58.01573512920389,11.868821801770455,29.957928818207396,33.59,1.0,headache,S024
51.9,0.21,-57.79483525286312,11.813101105556001,29.65854381123283,33.61,1.0,headache,S024
-61.96,0.21,-58.14419174669028,11.793200245399369,29.648464744467944,33.61,1.0,headache,S024
29.5,0.21,-57.86651533333123,11.813618628349973,29.67791353464855,33.61,1.0,headache,S024
10.2,0.21,-58.050033659795844,11.973112896503602,29.873640496030383,33.61,1.0,headache,S024
-44.57,0.21,-58.062172118304616,12.023119066510043,29.54945857717971,33.59,1.0,headache,S024
67.82,0.21,-58.14203693208617,11.98682914965863,29.34442260927887,33.59,1.0,headache,S024
-60.09,0.21,-58.26795193714316,12.001550755361341,29.499259174550925,33.59,1.0,headache,S024
31.37,0.21,-58.130143150922365,12.015375804975752,29.846806350201938,33.59,1.0,headache,S024
15.33,0.21,-58.09160653278848,11.927829997879465,29.865795382960698,33.59,1.0,headache,S024
-48.31,0.21,-58.17029025318926,11.919726237980296,29.76517827365261,33.59,1.0,headache,S024
62.74,0.21,-57.93781097441836,12.016543023925388,29.96301198607086,33.59,1.0,headache,S024
-50.03,0.21,-58.32390105769801,12.006993568861796,29.569660152579818,33.59,1.0,headache,S024
21.64,0.21,-58.152553172388984,11.949558143803028,29.47643830988607,33.61,1.0,headache,S024
26.83,0.21,-58.0843116039237,11.90273776431628,29.474737840518856,33.61,1.0,headache,S024
-64.58,0.21,-57.96166067678401,12.013698623016717,29.622158262568593,33.61,1.0,headache,S024
68.78,0.21,-58.08336913434668,12.012406050740122,29.534448103939624,33.61,1.0,headache,S024
-12.03,0.21,-58.032839573001546,11.93097082662488,29.52965295916304,33.59,1.0,headache,S024
-54.63,0.21,-58.312136692593526,11.84630125650725,29.38825676844674,33.59,1.0,headache,S024
73.81,0.21,-58.07156322942221,11.859679381339676,29.287715793045614,33.59,1.0,headache,S024
-35.65,0.21,-58.16266036824275,12.01146876976685,29.69636371108983,33.59,1.0,headache,S024
-26.52,0.21,-58.05809783199148,11.637680617560559,30.008121163980704,33.59,1.0,headache,S024
82.7,0.21,-57.981580194709736,11.762761649501574,30.217880373013365,33.59,1.0,headache,S024
-44.94,0.21,-57.89630003943116,12.2266658034604,29.754356146778008,33.59,1.0,headache,S024
-37.16,0.21,-58.06533492063552,11.933195577748947,30.013384226930285,33.59,1.0,headache,S024
77.63,0.21,-58.20715705678663,12.052284008598932,29.72499350645215,33.61,1.0,headache,S024
-30.7,0.21,-58.023858580041626,11.956774684380207,30.044669713647004,33.61,1.0,headache,S024
-49.13,0.21,-57.97934728093871,12.036990567741762,29.917036617217153,33.61,1.0,headache,S024
70.87,0.21,-58.03191057555648,11.967594367774117,29.803368937385905,33.61,1.0,headache,S024
7.71,0.21,-58.03913787166714,12.02889836507939,29.627284018096564,33.61,1.0,headache,S024
-74.63,0.21,-58.12688331648599,11.97382234006793,29.803252917011957,33.61,1.0,headache,S024
48.16,0.21,-58.1613226608657,12.02411827085547,29.840811661203404,33.61,1.0,headache,S024
30.94,0.21,-58.0457516811065,11.977256581149712,29.957297582677402,33.61,1.0,headache,S024
-67.31,0.21,-57.957711510283396,12.022317575467879,29.895520679897395,33.59,1.0,headache,S024
14.42,0.21,-58.04056302413526,11.976216265726793,29.929459049748328,33.59,1.0,headache,S024
39.76,0.21,-57.96239281057121,12.031387755137567,29.923005022574774,33.59,1.0,headache,S024
-60.66,0.21,-58.029008884889635,11.884478214614735,30.06264197630534,33.59,1.0,headache,S024
21.32,0.21,-58.055840849561875,11.83874123315104,29.838807784065228,33.59,1.0,headache,S024
38.25,0.21,-58.10024194021648,12.014130032742264,30.00785462866589,33.59,1.0,headache,S024
-65.58,0.21,-57.9113027015056,11.987138477289166,29.992108744472542,33.59,1.0,headache,S024
7.36,0.21,-58.17229327803529,12.015876485712031,29.93711504100417,33.59,1.0,headache,S024
54.71,0.21,-57.977763184208776,11.97609717003035,29.836895699374683,33.59,1.0,headache,S024
-62.56,0.21,-58.052987838127684,12.046186097657465,29.994491449755994,33.59,1.0,headache,S024
6.89,0.21,-58.014083350511214,11.733183671997317,29.883382973083613,33.59,1.0,headache,S024
52.19,0.21,-58.07666479432307,11.791409787569386,29.97865966934012,33.59,1.0,headache,S024
-52.37,0.21,-58.00252784819535,11.817090728510413,30.256283316557596,33.61,1.0,headache,S024
-1.32,0.21,-58.147727781486445,11.783750490039413,29.98911126771717,33.61,1.0,headache,S024
47.33,0.21,-57.956234829192276,11.864988218719768,29.99832208771892,33.61,1.0,headache,S024
-58.27,0.21,-58.04591552789834,11.974500705307232,29.858439564028153,33.61,1.0,headache,S024
8.22,0.21,-57.85178911503199,12.001623839601464,29.993786188499513,33.61,1.0,headache,S024
47.16,0.21,-58.000120851949305,12.009185468941814,30.03709384163258,33.61,1.0,headache,S024
-60.59,0.21,-58.01366570820483,11.978780554740046,29.983268504617254,33.61,1.0,headache,S024
23.33,0.21,-58.00427703846023,12.042860615202676,30.007058656579623,33.61,1.0,headache,S024
31.01,0.21,-57.951428283434566,11.763736128490468,29.90048935010477,33.59,1.0,headache,S024
-56.87,0.21,-57.960376258372115,11.774238772317952,30.113537021160088,33.59,1.0,headache,S024
40.45,0.21,-57.97244535571915,12.267676500501489,29.7269888230226,33.59,1.0,headache,S024
6.53,0.21,-58.41939439351734,12.116216063389281,29.530091224356465,33.59,1.0,headache,S024
-52.32,0.21,-57.98796177714517,11.796890730092143,29.369239643054012,33.61,1.0,headache,S024
47.26,0.21,-58.468959314380186,11.81494828027797,29.066394570680906,33.61,1.0,headache,S024
-15.79,0.21,-58.23628786467494,12.025407552973693,29.585608921367648,33.61,1.0,headache,S024
-34.2,0.21,-58.43324184463938,11.711211132350906,29.578012281018975,33.61,1.0,headache,S024
58.49,0.21,-57.990369089825215,11.638725625137793,30.09652827682913,33.61,1.0,headache,S024
-39.04,0.21,-58.05991130282361,11.84389615752316,30.3245789620095,33.61,1.0,headache,S024
16.94,0.21,-56.725678987190264,11.64155105770271,32.03614230351926,33.61,1.0,headache,S024
31.67,0.21,-56.39460278292396,11.521712063202848,33.23512239343188,33.61,1.0,headache,S024
-40.62,0.21,-56.600882238504546,11.88756381455331,32.79222652459936,33.59,1.0,headache,S024
44.59,0.21,-56.383929971796796,11.733423475515448,33.08239137632848,33.59,1.0,headache,S024
-39.19,0.21,-56.8311895375546,11.7636902156088,32.90118935260305,33.59,1.0,headache,S024
-36.31,0.23,-56.59712089365254,12.097236100317712,32.97891619738653,33.59,1.0,headache,S024
68.7,0.21,-56.85424867618802,11.654753003025947,32.675522901578084,33.57,1.0,headache,S024
-44.05,0.21,-56.85051014476543,11.570078165328768,32.854134158561884,33.57,1.0,headache,S024
31.9,0.21,-56.69124086537934,11.958216101245776,32.89132455783975,33.57,1.0,headache,S024
30.46,0.21,-57.02860220462834,11.894819580441908,32.663120789806975,33.57,1.0,headache,S024
-54.28,0.21,-57.03609241027543,11.916682204866241,32.307806512255475,33.59,1.0,headache,S024
60.12,0.21,-56.94694538723662,11.716124562767996,32.33610686848694,33.59,1.0,headache,S024
-0.88,0.21,-57.32770568763669,11.9907959445699,31.51537298357859,33.59,1.0,headache,S024
-47.67,0.21,-57.8733246892147,11.996096184241965,30.673137675081534,33.59,1.0,headache,S024
60.37,0.21,-57.475262630189654,11.995830321557055,30.522764115971587,33.61,1.0,headache,S024
-15.6,0.21,-57.780498511832526,12.02433086143703,30.588301317732512,33.61,1.0,headache,S024
-45.13,0.21,-57.542812175364745,11.851541887891488,30.747124209768675,33.61,1.0,headache,S024
63.39,0.21,-57.53541491974599,11.842748318504267,31.013873060715888,33.61,1.0,headache,S024
-10.56,0.21,-57.56521106154287,12.059452012782286,30.54753278130368,33.61,1.0,headache,S024
-64.11,0.21,-57.623762048171955,11.959660526088078,30.673737645807037,33.61,1.0,headache,S024
53.79,0.21,-57.58066064195596,12.030797921896546,30.850974101215268,33.61,1.0,headache,S024
-9.16,0.21,-57.6880443803482,11.976623081675875,31.001255405271692,33.61,1.0,headache,S024
-56.47,0.21,-57.708979765188786,12.012214723813523,30.979156382308528,33.59,1.0,headache,S024
63.58,0.21,-57.32463867494203,11.729873393524832,31.20301158485424,33.59,1.0,headache,S024
12.59,0.21,-57.01751972183979,12.02966171229332,31.28805648746075,33.59,1.0,headache,S024
-73.88,0.21,-57.493795249692354,11.98243811959001,31.015555859957338,33.59,1.0,headache,S024
33.37,0.21,-57.444308045782655,11.975183017696622,30.95045228171653,33.57,1.0,headache,S024
41.19,0.21,-57.39774968511204,11.776074748385476,31.084497224678987,33.57,1.0,headache,S024
-77.65,0.21,-57.22315330332841,12.025656220521778,30.95600757987677,33.57,1.0,headache,S024
3.59,0.21,-57.70798061912413,11.916008787885621,30.982289362807133,33.57,1.0,headache,S024
74.04,0.22,-57.621220325193214,11.708919144600502,30.722275865637616,33.59,1.0,headache,S024
-43.9,0.22,-57.70774717743482,11.844665080511403,30.84755287876591,33.59,1.0,headache,S024
-31.47,0.22,-57.934102715109,11.786959481951774,30.484821854708766,33.59,1.0,headache,S024
72.18,0.21,-57.4659710904647,11.986802609643354,30.975309750060536,33.59,1.0,headache,S024
-17.32,0.22,-57.610924169316576,11.937689848088977,30.618062330603014,33.61,1.0,headache,S024
-52.3,0.22,-57.53419072584324,11.912771098683288,30.98069049790377,33.61,1.0,headache,S024
49.75,0.22,-57.58489528011818,12.012084483697809,30.365303457502712,33.61,1.0,headache,S024
-4.84,0.22,-57.66847144759505,11.90327518387643,31.079195097730878,33.61,1.0,headache,S024
-58.23,0.22,-56.75912100831889,11.875281736053212,31.320295450929375,33.59,1.0,headache,S024
53.96,0.22,-56.74178377185751,11.541127088162286,31.982751928745994,33.59,1.0,headache,S024
0.12,0.22,-57.56037301801193,11.681685786912714,31.48205138876685,33.59,1.0,headache,S024
-63.49,0.22,-57.30610193433828,11.73527750315862,30.609033383293507,33.59,1.0,headache,S024
37.0,0.22,-57.535042342958725,11.722724954966928,31.379071764251517,33.61,1.0,headache,S024
37.54,0.22,-57.28269571005671,11.711739850180674,31.037872796905454,33.61,1.0,headache,S024
-33.09,0.22,-57.53923902148388,12.604990195177743,31.337233596423776,33.61,1.0,headache,S024
18.08,0.21,-57.038195982611775,11.820102950323216,32.026260079839204,33.61,1.0,headache,S024
14.45,0.21,-56.08514472490715,12.297777393056759,33.02901221055009,33.57,1.0,headache,S024
-46.45,0.22,-56.3147273860939,12.110330359413295,32.714370061632884,33.57,1.0,headache,S024
55.47,0.22,-56.644079988042975,13.647189087336404,33.03479090655971,33.57,1.0,headache,S024
-12.78,0.23,-56.36952284803166,12.364421375202566,32.81209345669479,33.57,1.0,headache,S024
-34.04,0.21,-55.36550224457482,12.199040598318724,33.50181612487282,33.59,1.0,headache,S024
30.18,0.22,-55.9889018667823,12.61230986244223,33.91595357290787,33.59,1.0,headache,S024
-27.28,0.22,-55.027877262958256,11.881014988525253,34.57179157317136,33.59,1.0,headache,S024
-52.37,0.21,-55.50245964263314,12.062657951256963,34.551603180633535,33.59,1.0,headache,S024
30.3,0.21,-55.32151718902775,11.96263533185756,34.52849556104367,33.59,1.0,headache,S024
-49.6,0.22,-55.460809341090226,12.023026300886993,34.54773968390933,33.59,1.0,headache,S024
-22.7,0.22,-55.14471334885337,11.986141247220713,34.50993991215729,33.59,1.0,headache,S024
82.89,0.21,-55.66188808656342,12.00749703002666,34.58159467135045,33.59,1.0,headache,S024
-28.57,0.22,-55.58241470604496,11.997232989356368,34.05358204899258,33.59,1.0,headache,S024
-10.98,0.22,-55.719674116862464,11.998989955470027,34.33427171814468,33.59,1.0,headache,S024
88.74,0.22,-55.37558912104849,12.00430255632356,34.457943626752595,33.59,1.0,headache,S024
-40.8,0.21,-55.76594967543641,11.992465003313784,34.34349450702568,33.59,1.0,headache,S024
2.4,0.21,-55.48100422795061,12.01128117326457,34.254778802996036,33.57,1.0,headache,S024
73.55,0.22,-55.281494921311825,11.983204277212362,34.40470925178179,33.57,1.0,headache,S024
-51.06,0.22,-55.72568173542461,12.029452218045362,34.07767461016633,33.57,1.0,headache,S024
-12.25,0.21,-55.65237491914881,12.100724525270985,34.151351968379004,33.57,1.0,headache,S024
70.17,0.21,-55.895938753635406,12.031044593037512,34.02684191580366,33.59,1.0,headache,S024
-56.76,0.22,-56.082628402245255,11.747452456416275,34.051315186990145,33.59,1.0,headache,S024
-6.54,0.22,-55.8699200129094,11.414317241870403,33.913451892002335,33.59,1.0,headache,S024
55.67,0.22,-55.741445015508084,11.82137718381064,34.40436964123976,33.59,1.0,headache,S024
-39.06,0.21,-55.70676244076545,11.722506483865745,34.25483190794977,33.59,1.0,headache,S024
-2.21,0.22,-55.758094941630674,11.85484683456963,34.30434164438292,33.59,1.0,headache,S024
34.94,0.22,-55.68090493919075,12.085941499483843,34.3085667078236,33.59,1.0,headache,S024
-59.82,0.22,-55.94631682306175,11.661861465281152,33.64430432649192,33.59,1.0,headache,S024
10.16,0.21,-55.67147500046809,11.5365896323845,34.20915608544032,33.59,1.0,headache,S024
59.86,0.21,-55.5822799089481,12.01857399813005,34.46675759226385,33.59,1.0,headache,S024
-63.73,0.22,-55.589088326021894,11.963719552739994,34.16082742392555,33.59,1.0,headache,S024
13.36,0.22,-55.54090515816968,11.900055827512443,34.33075418212128,33.59,1.0,headache,S024
38.93,0.21,-55.80860838297686,11.985873956730982,34.23343096683887,33.59,1.0,headache,S024
-67.87,0.22,-55.84051145926977,12.032017625640929,33.99957302873576,33.59,1.0,headache,S024
31.88,0.22,-55.58586752413816,11.894406249314228,34.296220956692174,33.59,1.0,headache,S024
41.27,0.22,-55.567469404521766,11.952231215589117,34.320258102457146,33.59,1.0,headache,S024
-73.45,0.21,-55.72086945535377,12.005050852524118,33.93963144049268,33.59,1.0,headache,S024
28.42,0.21,-55.378967329735126,12.013349808149709,34.18968587360115,33.59,1.0,headache,S024
34.48,0.22,-55.728824629222515,11.988191991386927,34.03004921660002,33.59,1.0,headache,S024
-69.33,0.22,-55.80236561472385,12.021320904949846,33.950091903353204,33.59,1.0,headache,S024
39.88,0.21,-55.396096316277415,12.130654615612249,34.493833981013964,33.57,1.0,headache,S024
23.2,0.21,-55.117912086030785,11.959899566470957,34.63100993786878,33.57,1.0,headache,S024
-64.34,0.21,-55.01786566429173,12.021826112891105,34.52555625050882,33.57,1.0,headache,S024
36.37,0.22,-55.31119211021127,11.987841967754054,34.516582089188255,33.57,1.0,headache,S024
-4.48,0.21,-54.96044217724586,12.004845393958169,34.60482844633679,33.59,1.0,headache,S024
-48.25,0.21,-55.356641132729955,12.002131125087123,34.4792028195461,33.59,1.0,headache,S024
65.78,0.21,-55.53446819986284,11.989838812741946,34.27436476921321,33.59,1.0,headache,S024
-26.06,0.22,-55.60595538619152,12.021307520384957,34.557551257874955,33.59,1.0,headache,S024
-36.67,0.21,-55.217139232980344,11.958710384261696,34.29675357242812,33.59,1.0,headache,S024
65.48,0.21,-55.43874903662376,12.105853259491619,34.70283438972183,33.59,1.0,headache,S024
-36.49,0.21,-55.380526407804886,12.181495934048915,34.18646018207066,33.59,1.0,headache,S024
-14.54,0.22,-55.35726634575863,12.08750829504534,34.79417602054583,33.59,1.0,headache,S024
54.52,0.22,-55.31858489606434,11.935743124959902,34.52153998794853,33.57,1.0,headache,S024
-55.26,0.21,-55.30502411607927,11.805172942333925,34.68959686464,33.57,1.0,headache,S024
14.23,0.21,-55.394691963580875,12.390180766139279,33.49503869279734,33.57,1.0,headache,S024
40.07,0.22,-56.28841270364768,12.812976324272329,32.65244863674605,33.57,1.0,headache,S024
-66.5,0.21,-57.16467456278587,13.033635147182583,31.142428786749637,33.59,1.0,headache,S024
30.17,0.21,-57.859915612799476,13.280528457237436,30.716477562830736,33.59,1.0,headache,S024
35.49,0.21,-57.36665737237355,13.0089443648902,30.46328985662713,33.59,1.0,headache,S024
-54.16,0.22,-57.04103572357502,12.953110096243075,31.8654859660575,33.59,1.0,headache,S024
67.75,0.22,-56.19681305695853,12.710693503582977,32.59856292337634,33.57,1.0,headache,S024
-3.06,0.21,-56.31115209783395,12.280699810506388,32.672059201633495,33.57,1.0,headache,S024
-53.86,0.21,-56.20685093720817,13.104374370240302,33.010844904066715,33.57,1.0,headache,S024
20.41,0.21,-56.336774812029255,12.499519186965003,33.02052739404301,33.57,1.0,headache,S024
-36.45,0.22,-56.8336810356339,12.849552357072666,32.00242672187547,33.59,1.0,headache,S024
-18.57,0.21,-57.18901091167862,12.949186223993303,31.379264367003483,33.59,1.0,headache,S024
75.28,0.22,-57.031099572108516,12.957433614435876,30.850073549158004,33.59,1.0,headache,S024
-49.2,0.21,-57.36570778810974,12.975730203542247,30.86087893735772,33.59,1.0,headache,S024
30.94,0.22,-56.551440884769576,12.82322044561152,31.061712683269196,33.61,1.0,headache,S024
19.37,0.22,-59.300837645646624,13.710359889607004,28.68830264927906,33.61,1.0,headache,S024
-52.23,0.21,-57.52240142847433,12.943171463390977,30.593310233850804,33.61,1.0,headache,S024
24.15,0.22,-56.01119935671805,12.939337079583582,32.19845569202827,33.61,1.0,headache,S024
-23.1,0.22,-57.545642634617586,13.015657413538204,31.12098448985817,33.57,1.0,headache,S024
-35.69,0.22,-57.526291526705066,12.632419054420684,30.58643063064766,33.57,1.0,headache,S024
17.0,0.21,-57.884579429946236,11.907473088354584,30.68718540402522,33.57,1.0,headache,S024
-93.05,0.21,-55.73612760933388,10.730837522180096,33.18024397173184,33.57,1.0,headache,S024
4.0,0.22,-55.26540764956134,10.729799038278149,34.93726280772053,33.61,1.0,headache,S024
55.34,0.22,-56.0345141918244,13.597170424133271,33.3636207679485,33.61,1.0,headache,S024
-45.28,0.22,-55.098478832369246,15.369158580996894,33.28425307585034,33.61,1.0,headache,S024
37.34,0.22,-55.40994619748648,17.386941492650855,32.22110710828056,33.61,1.0,headache,S024
-93.33,0.22,-54.73853265411993,17.179985438332352,32.19008302363097,33.59,1.0,headache,S024
-21.21,0.22,-55.2920842849004,17.475663077416076,32.199401564585024,33.59,1.0,headache,S024
86.0,0.22,-54.615519351544016,18.520530113440124,32.52018637921445,33.59,1.0,headache,S024
60.18,0.22,-54.51809514652274,18.651558627004867,32.20723539825432,33.59,1.0,headache,S024
99.32,0.22,-54.59549498205844,18.96194995519338,32.08727361676298,33.63,1.0,headache,S024
-18.58,0.22,-54.675256946813164,19.432613313738038,32.01047544178151,33.63,1.0,headache,S024
63.18,0.22,-54.78635653316854,19.53869545303266,31.543907284518905,33.63,1.0,headache,S024
-12.32,0.22,-54.566700728688524,19.83894561502001,31.50720536405425,33.63,1.0,headache,S024
6.06,0.22,-54.70291612235493,19.83386049205485,31.872548880335845,33.59,1.0,headache,S024
10.92,0.22,-54.70867585361124,19.98206391226339,31.603986246376778,33.59,1.0,headache,S024
-43.9,0.22,-54.409923559496484,20.678233916811305,31.741683293419097,33.59,1.0,headache,S024
50.89,0.24,-54.454157445225384,19.842474468866726,31.954373479134706,33.59,1.0,headache,S024
-42.64,0.22,-54.75651076782949,19.84159092391428,31.608258894414565,33.61,1.0,headache,S024
24.1,0.22,-54.58422543819685,19.984704904054375,32.27388027147432,33.61,1.0,headache,S024
8.4,0.22,-54.087315951929085,19.746118582710704,31.842107001511813,33.61,1.0,headache,S024
-18.86,0.22,-54.82209752269607,19.151700615486543,31.96802819217326,33.61,1.0,headache,S024
34.29,0.22,-55.00150270554212,19.129114878699138,31.25380633584835,33.59,1.0,headache,S024
-57.61,0.22,-56.17120882975408,15.530456070143694,31.189151998955627,33.59,1.0,headache,S024
25.85,0.22,-59.82362279235381,6.469417204922919,29.295172213765063,33.59,1.0,headache,S024
-27.68,0.22,-59.052514858802574,7.915424819062121,29.05021052518773,33.59,1.0,headache,S024
37.89,0.22,-59.26800105788275,10.346901137069262,30.999536364517486,33.61,1.0,headache,S024
129.2,0.22,-58.42849433410746,8.95687553401379,32.841230432949196,33.61,1.0,headache,S024
108.84,0.22,-50.932195285467955,1.9777742245623937,38.93473066474659,33.61,1.0,headache,S024
-71.74,0.22,-52.67781357370223,2.8083400761991677,40.97300938293744,33.61,1.0,headache,S024
-177.91,0.22,-52.04252789612402,2.8528944217814747,41.26207157243367,33.57,1.0,headache,S024
-76.09,0.22,-51.429801312413666,2.0657950743956444,42.295883277025354,33.57,1.0,headache,S024
19.98,0.22,-50.83775887760805,1.64502720664395,41.742261520847485,33.57,1.0,headache,S024
-8.44,0.22,-51.97259272987329,2.3641946355637464,42.07320402708519,33.57,1.0,headache,S024
-6.65,0.23,-51.23863762389344,2.5316434821050007,41.358893045898874,33.55,1.0,headache,S024
6.44,0.22,-52.289824186883294,2.940336608864604,41.70163956214682,33.55,1.0,headache,S024
-7.03,0.22,-51.606546681885355,2.761898589474085,40.77658660697137,33.55,1.0,headache,S024
-7.41,0.22,-52.240923221033576,3.45298090913416,41.88064650985593,33.55,1.0,headache,S024
-35.46,0.22,-51.756918053750084,2.07157804866267,40.5005745313417,33.55,1.0,headache,S024
32.06,0.22,-53.24688993393656,2.056706444454958,40.00803121116734,33.55,1.0,headache,S024
14.94,0.22,-53.61551290750903,2.8442761124144176,39.03729883447846,33.55,1.0,headache,S024
29.02,0.22,-55.41037093261592,2.1266590545458253,37.73745949487383,33.55,1.0,headache,S024
-42.33,0.22,-56.58226176193671,3.535777490416383,33.66147011805164,33.53,1.0,headache,S024
-26.43,0.22,-61.568419829876326,4.990997333161961,30.710921099578943,33.53,1.0,headache,S024
-3.79,0.22,-63.590160673935486,3.152194640003433,23.80064363435769,33.53,1.0,headache,S024
-75.74,0.22,-59.795510840934675,-1.522274924384421,23.629343040729665,33.53,1.0,headache,S024
-163.56,0.22,-65.01748106254081,4.22261911115291,23.433670470250647,33.5,1.0,headache,S024
85.9,0.23,-61.32815585254528,-1.217806228346431,24.59446890356158,33.5,1.0,headache,S024
147.63,0.23,-57.13867075815467,-3.0506540001451343,33.20125113923851,33.5,1.0,headache,S024
-290.34,0.23,-60.975441521999514,-6.256861034332634,27.704164107930353,33.5,1.0,headache,S024
408.64,0.23,-57.484486656336294,-6.886069926057251,28.851670474329822,33.57,1.0,headache,S024
200.61,0.23,-60.14880071351589,-6.168290467522252,31.31746392293073,33.57,1.0,headache,S024
-253.39,0.23,-57.86187318409328,-4.592645342486204,32.176617524403426,33.57,1.0,headache,S024
-32.23,0.22,-45.336631693121475,2.444283975232179,45.1715290743067,33.57,1.0,headache,S024
-26.56,0.22,-45.733329241298236,2.396093181788729,54.07415146145414,33.55,1.0,headache,S024
18.86,0.22,-46.808923825729266,-2.7392372547274064,42.58547790530726,33.55,1.0,headache,S024
-13.31,0.22,-49.551981616891034,-2.0086167346223815,43.82208573690358,33.55,1.0,headache,S024
-73.89,0.22,-44.93280282878841,1.9353578843853867,48.73237993034816,33.55,1.0,headache,S024
117.42,0.22,-46.147529028094915,2.0083504141305246,48.570234388501916,33.57,1.0,headache,S024
94.47,0.22,-44.19194487861622,1.323594076200737,48.41560566696254,33.57,1.0,headache,S024
-52.77,0.23,-44.85508675010595,1.7512503574534666,48.99354068079414,33.57,1.0,headache,S024
-65.44,0.23,-44.562956302395335,1.5370641834778618,48.29203836281588,33.57,1.0,headache,S024
-61.98,0.22,-45.23574357887824,1.8526232235473448,48.846737483029216,33.61,1.0,headache,S024
0.63,0.22,-44.73691296493389,1.7619354088495267,48.06531079417551,33.61,1.0,headache,S024
-37.13,0.23,-44.93225899611125,2.0778569638987103,49.0662090308057,33.61,1.0,headache,S024
40.72,0.23,-44.96848619610301,1.8497782393292619,47.86326897669485,33.61,1.0,headache,S024
-12.51,0.22,-44.91274832861393,2.1547940511942163,48.67493419560465,33.59,1.0,headache,S024
4.74,0.22,-44.94655080973452,1.8463107694970355,48.07154063396317,33.59,1.0,headache,S024
36.56,0.22,-44.16392827973026,2.4644642206810885,49.95530518974966,33.59,1.0,headache,S024
-45.42,0.22,-41.71900580576155,0.8269819742358869,50.438388480635396,33.59,1.0,headache,S024
61.49,0.23,-41.63924896119363,1.915580841784273,51.937078046673115,33.61,1.0,headache,S024
-26.8,0.22,-43.37632072911142,0.23346407930178112,49.62549251624392,33.61,1.0,headache,S024
-1.12,0.22,-43.82740918604562,0.8782164645465657,50.038276110720616,33.61,1.0,headache,S024
49.38,0.22,-43.97034480419784,0.4491670574251535,49.092859237750126,33.61,1.0,headache,S024
-54.94,0.22,-44.047150314825714,0.7903767605968504,49.175236344315266,33.59,1.0,headache,S024
33.45,0.22,-44.96765416308546,0.7852569796804858,48.2011896873886,33.59,1.0,headache,S024
6.32,0.22,-45.89858258304044,1.7978013476375414,48.50296811407028,33.59,1.0,headache,S024
-31.56,0.22,-45.332824386210106,0.859015517760091,47.42778980756099,33.59,1.0,headache,S024
74.57,0.22,-45.05678721755095,1.919286476590763,48.88696040406276,33.59,1.0,headache,S024
-47.43,0.22,-45.27027682236468,0.8433233007008298,47.33523253672048,33.59,1.0,headache,S024
13.09,0.22,-45.26993322477601,1.7390156623700705,48.00286233868537,33.59,1.0,headache,S024
56.96,0.22,-41.23120523106367,3.2645207992465943,52.114724036028974,33.59,1.0,headache,S024
-39.98,0.22,-37.70914677310221,1.9123932262057712,53.75279554837202,33.57,1.0,headache,S024
68.62,0.22,-39.9966347403565,0.27830268677952086,52.726079684681466,33.57,1.0,headache,S024
10.53,0.22,-39.76610873886396,1.7074854237628065,52.96418699998526,33.57,1.0,headache,S024
-45.07,0.22,-37.82068438279792,2.0186295707453867,53.894740190477705,33.57,1.0,headache,S024
111.22,0.22,-38.99513464685613,2.0749463530366206,52.94654705486748,33.59,1.0,headache,S024
-54.04,0.22,-38.31813498563537,1.8648994604672389,53.701245318888915,33.59,1.0,headache,S024
8.83,0.22,-38.402393402464604,2.184977952262538,53.40677620595744,33.59,1.0,headache,S024
-7.2,0.22,-38.127733022613675,1.7669929076220952,53.26619518284055,33.59,1.0,headache,S024
-67.71,0.22,-38.72428294892298,2.2846548291240976,53.100645715457404,33.59,1.0,headache,S024
3.77,0.22,-38.00517997902622,1.6530972244254563,53.6226140274504,33.59,1.0,headache,S024
-30.52,0.22,-38.61427708293514,2.447119523636409,53.26986459597353,33.59,1.0,headache,S024
-46.37,0.22,-38.58551781251337,1.628485985597857,53.1501515862728,33.59,1.0,headache,S024
