bvp,eda,x,y,z,temperature,pain_scale,pain_type,person_id
0.79,4.0,25.338271635722617,2.9345042656034983,56.50144640901229,4.0,3.0,headache,S028
3.8,0.0,24.02305457012539,-0.6387271401365138,59.996395557263874,28.75,3.0,headache,S028
1.44,0.79,24.400560124068623,-0.4539617785264384,60.004659674346186,28.75,3.0,headache,S028
30.86,0.83,24.024302545334713,-0.5523152644454639,59.99497047334459,28.75,3.0,headache,S028
118.37,0.74,23.981758658143463,-0.8548690626761049,60.00508238658672,28.75,3.0,headache,S028
294.45,0.73,23.998875996054867,-0.7053310611745622,59.995022930767895,28.75,3.0,headache,S028
-184.55,0.73,24.005972527033162,-0.6349739714947444,60.00479012347912,28.75,3.0,headache,S028
-337.49,0.74,23.99254821697702,-0.4147625342620775,59.99543872810099,28.75,3.0,headache,S028
-25.71,0.74,24.007793201218277,-0.5973171896801112,60.00431216346648,28.75,3.0,headache,S028
19.46,0.74,23.99231301592128,-0.8425881676311313,59.99594504275317,28.73,3.0,headache,S028
30.23,0.74,24.007394224403658,-0.8141406376177907,60.00379656856629,28.73,3.0,headache,S028
7.69,0.74,23.99297495526337,-0.6928508561395448,59.99645910051623,28.73,3.0,headache,S028
14.33,0.74,24.00662818585526,-0.7671341624390831,60.00329006719886,28.73,3.0,headache,S028
-2.26,0.74,23.993775247014085,-0.7187968512432658,59.99695489357109,28.73,3.0,headache,S028
-6.77,0.74,24.005822298555714,-0.9882268867036786,60.0028063829619,28.73,3.0,headache,S028
-10.78,0.74,23.99457895116693,-0.7121187701216235,59.99742615748704,28.73,3.0,headache,S028
4.66,0.74,24.005016627734832,-0.7489714874325945,60.00234716254152,28.73,3.0,headache,S028
2.08,0.74,23.995399003294885,-0.8971772823169195,59.997874154826576,28.73,3.0,headache,S028
9.62,0.74,24.004162256857278,-0.44627630989896205,60.00190927333831,28.73,3.0,headache,S028
2.37,0.74,23.996316591368156,-0.7369068603516095,59.99830325681046,28.73,3.0,headache,S028
4.83,0.74,24.003139711111427,-0.7805342940702771,60.00148748061088,28.73,3.0,headache,S028
0.6,0.74,23.997506386566037,-0.8407201296649356,59.998719353572376,28.73,3.0,headache,S028
2.84,0.73,24.001684802208487,-0.9017699190044496,60.001075332913636,28.73,3.0,headache,S028
0.03,0.73,23.999390766244254,-1.0583452058899634,59.99912944718647,28.73,3.0,headache,S028
2.64,0.73,23.999070040782406,-0.8592223311138734,60.00066522104065,28.73,3.0,headache,S028
-0.63,0.73,24.003356016244364,-0.9931947459656574,59.99954187172616,28.75,3.0,headache,S028
2.31,0.73,23.99222644537272,-0.9445111805311196,60.00024790466265,28.75,3.0,headache,S028
-0.32,0.73,24.01825031648625,-0.7038698739711203,59.99996702943291,28.75,3.0,headache,S028
1.65,0.73,23.928244256504865,-0.7495327676577018,59.999811469454265,28.75,3.0,headache,S028
-0.81,0.73,23.912339139177718,-0.6954796458025616,60.00041882468652,28.73,3.0,headache,S028
1.14,0.73,24.035676391099784,-0.7475196758397961,59.99933936253879,28.73,3.0,headache,S028
-0.69,0.73,23.974428311702557,-0.7068064670916311,60.00091738114005,28.73,3.0,headache,S028
1.65,0.73,24.021596009439406,-0.7517139982937395,59.99880656912882,28.73,3.0,headache,S028
-0.22,0.73,23.980226509599973,-0.7841358676577509,60.00149454529526,28.75,3.0,headache,S028
0.69,0.73,24.019061614517376,-0.866737580079752,59.99817146966331,28.75,3.0,headache,S028
-0.76,0.73,23.98086208784263,-0.7613043950562007,60.00220633135783,28.75,3.0,headache,S028
1.22,0.73,24.02009836935476,-0.5394386937628074,59.997356079180086,28.75,3.0,headache,S028
-0.41,0.72,24.104465894850904,-0.5454902907133539,60.00316575954083,28.73,3.0,headache,S028
0.56,0.73,24.021754559463005,-0.35302374480515747,59.996188380178275,28.73,3.0,headache,S028
-0.82,0.73,23.974574792736643,-0.6556015884011038,60.0046513188336,28.73,3.0,headache,S028
1.08,0.72,24.030885998864456,-0.25862167213903275,59.99417944061865,28.73,3.0,headache,S028
-0.54,0.72,23.959785509355775,-0.2007832214256889,60.0076237785695,28.73,3.0,headache,S028
0.57,0.72,24.058638992957107,-0.3091313348295869,59.98908599517392,28.73,3.0,headache,S028
-0.45,0.72,23.892867627607945,-0.27593770954974134,60.019336392759335,28.73,3.0,headache,S028
0.25,0.72,24.397704356933513,-0.39149013314770514,59.86268475492309,28.73,3.0,headache,S028
-0.09,0.72,24.487152088376067,-0.4936184036167265,59.855997953614704,28.73,3.0,headache,S028
0.91,0.72,24.28673636107671,-0.44948485390118276,60.036555835721444,28.73,3.0,headache,S028
-0.61,0.72,24.546624079084747,-0.8908217565408183,59.92777540134299,28.73,3.0,headache,S028
0.32,0.72,24.9287566739858,-0.13250519977794534,59.65699347257597,28.73,3.0,headache,S028
-0.02,0.72,24.67272814464973,-0.511441921173493,59.90085179188105,28.73,3.0,headache,S028
0.25,0.72,24.10913303651222,-0.8508300573816476,59.9838915356494,28.73,3.0,headache,S028
-0.57,0.72,24.248037118028364,-0.5191161402407604,60.04053506634132,28.73,3.0,headache,S028
0.66,0.72,24.505135620004978,-0.4786311546406296,59.83575988693323,28.73,3.0,headache,S028
-0.57,0.72,24.12904314269085,-0.8894623363498833,59.836097008301245,28.75,3.0,headache,S028
0.61,0.71,24.15348165620534,-0.9247939199835942,59.94534635634599,28.75,3.0,headache,S028
-0.24,0.71,24.551496808654473,-0.9203878881566279,59.89888577668984,28.75,3.0,headache,S028
0.37,0.71,24.961678607601964,-0.7300125361049157,59.93071933003785,28.75,3.0,headache,S028
-0.27,0.72,24.537432252030065,-0.924886023475798,59.8866491669813,28.75,3.0,headache,S028
0.19,0.71,25.040574871027413,-0.9042049211602158,59.67455264695891,28.75,3.0,headache,S028
-0.64,0.71,24.883573142261806,-1.010948910240137,59.66175644251307,28.75,3.0,headache,S028
0.59,0.71,25.171726903242806,-0.9991197465571349,59.77725076191974,28.75,3.0,headache,S028
-0.2,0.71,25.33591536013704,-0.9947161256819961,59.268225139758464,28.73,3.0,headache,S028
0.17,0.71,25.35166474112009,-0.9368122989705912,59.16958416168834,28.73,3.0,headache,S028
-0.37,0.71,25.16801193354159,-0.8532782353037354,59.418442515866445,28.73,3.0,headache,S028
0.33,0.71,24.905353866550605,-0.9027171285408987,59.619561775120786,28.73,3.0,headache,S028
-0.5,0.71,25.02956681973631,-0.5633460681962867,59.79967899540928,28.75,3.0,headache,S028
0.48,0.7,24.835760526483092,-0.65969344015029,59.859718418049475,28.75,3.0,headache,S028
-0.27,0.71,24.458616319136745,-0.7690589929691151,59.93212018056595,28.75,3.0,headache,S028
0.13,0.7,23.991886190173243,-0.48011273623741463,59.93862602789948,28.75,3.0,headache,S028
0.14,0.7,24.00806371876981,-0.17194067753750264,60.03315153368379,28.75,3.0,headache,S028
0.45,0.7,23.9992520861647,-0.007919120378496387,59.97664123513984,28.75,3.0,headache,S028
-0.6,0.7,23.993378998998782,-0.28864341052707204,60.018219934368354,28.75,3.0,headache,S028
0.2,0.7,24.015711316200008,-0.006046771481150163,59.9849265181913,28.75,3.0,headache,S028
-0.55,0.7,23.969309800654745,-0.16562558910163372,60.01298407223201,28.75,3.0,headache,S028
0.49,0.7,24.01382447348012,-0.13805116639804682,59.988470412516776,28.75,3.0,headache,S028
-0.15,0.7,23.91222805188569,-0.020633413179486592,60.01049107584039,28.75,3.0,headache,S028
0.34,0.7,23.796353707530685,-0.11519546750463859,59.9902547819236,28.75,3.0,headache,S028
-0.03,0.69,24.08062562228078,0.0369296554581005,60.009219984916506,28.75,3.0,headache,S028
0.36,0.7,23.93512645075824,-0.02050649941263894,59.99112528750862,28.75,3.0,headache,S028
-0.36,0.69,24.092225094697284,0.011745385113101817,60.00869173732343,28.75,3.0,headache,S028
0.31,0.69,24.07054631331219,-0.1333307682431125,59.99132433696791,28.75,3.0,headache,S028
-0.62,0.69,23.996401328182166,0.00604314179518727,60.00886155542926,28.77,3.0,headache,S028
0.27,0.69,23.99039577498424,-0.0011988292220974945,59.99065849600563,28.77,3.0,headache,S028
0.11,0.69,24.033237337315747,-0.004343443000139901,60.01034492114388,28.77,3.0,headache,S028
0.03,0.68,24.119695536044137,0.015426825438269733,59.987472512569326,28.77,3.0,headache,S028
-0.28,0.68,23.96356312346724,-0.10874932815217625,60.01845798385661,28.77,3.0,headache,S028
0.55,0.69,24.03926604155267,-0.03926311869163692,59.94970506383707,28.77,3.0,headache,S028
-0.61,0.69,24.100838253336754,0.018586542516154596,59.86982221730006,28.77,3.0,headache,S028
0.85,0.68,24.014478677501074,-0.01234876432422147,59.910075916668724,28.77,3.0,headache,S028
-0.65,0.68,24.013749772027477,0.009074041320892085,60.0134372172477,28.77,3.0,headache,S028
0.1,0.68,23.962799883052817,-0.006900831683234212,59.99220565717183,28.77,3.0,headache,S028
-0.19,0.68,24.01494768732862,0.005244472214118345,60.00635401938032,28.77,3.0,headache,S028
0.53,0.67,23.99214489585967,-0.0038523662760186605,59.99413889124121,28.77,3.0,headache,S028
-0.32,0.68,24.00381352138703,0.0025869632607852214,60.005689620498806,28.77,3.0,headache,S028
0.24,0.68,23.99925536543993,-0.0013541790705567758,59.99434440820647,28.77,3.0,headache,S028
-0.34,0.67,23.997897139441868,7.053986850798051e-05,60.00569113052427,28.77,3.0,headache,S028
0.3,0.67,24.005205908095974,0.0013617080276608906,59.994232636915974,28.77,3.0,headache,S028
-0.04,0.67,23.990893762087715,-0.003090554634769522,60.00587085368963,28.79,3.0,headache,S028
-0.3,0.67,24.014773561184782,0.005399662766215054,59.99400494819784,28.79,3.0,headache,S028
0.35,0.67,23.97537711941125,-0.00900545927071174,60.006136792296,28.79,3.0,headache,S028
0.12,0.67,24.04746483171263,0.01683831764816254,59.993705268832855,28.79,3.0,headache,S028
-0.4,0.67,23.855264624248914,-0.1309879704455299,60.006468601621684,28.77,3.0,headache,S028
0.59,0.67,23.825352291578128,0.000439050830726259,59.993341151623724,28.77,3.0,headache,S028
-0.93,0.66,23.934187178670367,-0.0322761421277358,60.006866450378354,28.77,3.0,headache,S028
0.33,0.67,23.960783490482346,-0.11584512290672289,59.99290715437202,28.77,3.0,headache,S028
-0.26,0.67,24.033210904253803,0.026450226105227178,60.00733991765239,28.79,3.0,headache,S028
0.46,0.66,23.969001395698445,-0.014295012944806987,59.992389974810116,28.79,3.0,headache,S028
1.0,0.66,24.027117658367544,0.008254361304639262,60.00790606832522,28.79,3.0,headache,S028
-0.87,0.66,24.10186845175898,-0.0033950675213506353,59.99176840842163,28.79,3.0,headache,S028
0.08,0.66,24.13691700075899,-0.002444032353574474,60.00859093017589,28.77,3.0,headache,S028
0.25,0.66,23.98074708567116,0.013651654790964803,59.991010588372944,28.77,3.0,headache,S028
-0.76,0.66,24.231232613807315,-0.21611568121554178,60.00943363223927,28.77,3.0,headache,S028
0.27,0.66,24.052581483697463,-0.0617133973904752,59.99006816098626,28.77,3.0,headache,S028
0.21,0.66,23.975013540866826,0.028465813743425047,60.01049446405197,28.77,3.0,headache,S028
0.2,0.65,24.01715942010814,-0.02006772015764153,59.9888651144861,28.77,3.0,headache,S028
-0.95,0.65,23.986539538048085,0.016047162761022114,60.011870534157175,28.77,3.0,headache,S028
0.74,0.66,24.010946738311024,-0.013585168669823604,59.98727545761064,28.77,3.0,headache,S028
0.27,0.66,23.991984786227132,0.011855167875144342,60.013728272892095,28.77,3.0,headache,S028
-0.05,0.65,24.001512115280725,-0.010520905831651451,59.98507467303494,28.77,3.0,headache,S028
-0.22,0.65,24.031707010945386,0.009413803727418334,60.01637815180554,28.77,3.0,headache,S028
0.26,0.65,24.153463941809587,-0.008432780885774163,59.98182054850666,28.77,3.0,headache,S028
-0.6,0.65,24.36195870231729,0.007503515124088776,60.02047304097113,28.77,3.0,headache,S028
0.63,0.65,24.120294181868168,-0.006555000626538386,59.976505270784564,28.77,3.0,headache,S028
-0.05,0.65,23.919755885706614,0.005495633440653933,60.02765999428346,28.77,3.0,headache,S028
0.11,0.65,24.083859479329917,-0.004168175068582078,59.96622414211936,28.77,3.0,headache,S028
-0.29,0.65,23.90324721748158,0.002220677802423048,60.04364694465478,28.79,3.0,headache,S028
-0.31,0.65,24.29157343549058,0.0014318989355803595,59.93767046413471,28.79,3.0,headache,S028
-0.07,0.65,23.659494130576796,-0.012923080786888837,60.112012477623395,28.79,3.0,headache,S028
0.3,0.65,25.02005954442452,-0.128211595700905,59.6880540034993,28.79,3.0,headache,S028
0.41,0.65,25.254788822314687,0.022881240801695808,59.56404004891373,28.79,3.0,headache,S028
-0.23,0.64,24.295480920678983,-0.015480126784687038,60.07696299708678,28.79,3.0,headache,S028
-0.27,0.65,24.92014819420073,0.012672708235687256,59.9515955558964,28.79,3.0,headache,S028
0.36,0.65,24.095483423721326,-0.011146056799567178,60.03492251324238,28.79,3.0,headache,S028
-0.08,0.64,24.158319385527168,0.010160662095029699,59.97287600568247,28.81,3.0,headache,S028
0.07,0.64,24.200659149753367,-0.009457460015416757,60.022041213361504,28.81,3.0,headache,S028
-0.29,0.64,24.193276708123932,0.00892186797983573,59.9815362967193,28.81,3.0,headache,S028
0.45,0.64,23.9416014343907,-0.008495218148313782,60.015806875849655,28.81,3.0,headache,S028
0.1,0.64,24.342893009414713,0.00814426954851943,59.986245972838105,28.79,3.0,headache,S028
0.06,0.64,24.218805039652892,-0.007848737871368382,60.0121187102023,28.79,3.0,headache,S028
-0.51,0.64,24.480894323628696,0.0075955317103990755,59.989215972977526,28.79,3.0,headache,S028
0.44,0.64,24.476472374522903,-0.007375833006788896,60.00967297481059,28.79,3.0,headache,S028
-0.23,0.64,24.447280404038153,0.0071835093978466534,59.99126722657795,28.81,3.0,headache,S028
-0.35,0.64,24.30321058930785,-0.007014201321911231,60.00792604586393,28.81,3.0,headache,S028
0.4,0.64,23.987724639310873,0.006864773943182299,59.99277440515374,28.81,3.0,headache,S028
0.17,0.63,24.108994747595556,-0.006732977816289225,60.00661117542618,28.81,3.0,headache,S028
-0.56,0.64,24.04762557825062,0.00661723551553719,59.99393257057725,28.81,3.0,headache,S028
0.99,0.63,23.95837660778816,-0.006516508665304525,60.00558252441803,28.81,3.0,headache,S028
-0.42,0.63,24.315424256207,0.006430219887179623,59.99485276364439,28.81,3.0,headache,S028
-0.39,0.63,24.27981189343598,-0.006358215801175335,60.00475432195467,28.81,3.0,headache,S028
-0.61,0.63,24.15352818514324,0.006300764650582662,59.99560191130535,28.81,3.0,headache,S028
1.2,0.63,24.3195335514773,-0.006258587682024621,60.00407410773322,28.81,3.0,headache,S028
-0.21,0.63,24.35498055252147,0.006232928610101209,59.99622095930936,28.81,3.0,headache,S028
-0.32,0.63,24.328363411975765,-0.006225671651386609,60.00351057258302,28.81,3.0,headache,S028
0.45,0.63,24.273150819968443,0.006239527373354466,59.9967325321011,28.81,3.0,headache,S028
0.33,0.63,24.056041793290248,-0.006278319613807082,60.003049806994,28.81,3.0,headache,S028
-0.53,0.63,24.283029348667537,0.006347430853047323,59.997140456852115,28.81,3.0,headache,S028
-0.11,0.63,24.03407074881109,-0.006454507364378702,60.00270172251217,28.81,3.0,headache,S028
-0.01,0.63,24.000198422209266,0.006610609803975201,59.99741272867069,28.81,3.0,headache,S028
0.26,0.63,24.07174568283451,-0.006832166091197465,60.00254008643457,28.81,3.0,headache,S028
-0.13,0.62,24.240831552624424,0.007144454095304346,59.997381460438696,28.81,3.0,headache,S028
-0.15,0.62,24.24294699476597,-0.007588208707816672,60.00300253339542,28.81,3.0,headache,S028
0.22,0.62,24.378245222413277,0.008233179174959715,59.99538183916267,28.81,3.0,headache,S028
0.5,0.62,24.195047464059506,-0.009208947986217644,59.87599630493965,28.81,3.0,headache,S028
-0.84,0.62,24.467486486468868,0.01078549495071682,60.002794202335444,28.81,3.0,headache,S028
0.31,0.62,24.298988806183324,-0.013631498391980261,59.998677660682446,28.81,3.0,headache,S028
-0.09,0.62,24.084644022295777,0.019973297498353155,60.000960000974295,28.81,3.0,headache,S028
0.06,0.62,24.166025479582704,-0.04439710778608052,59.99911661445819,28.81,3.0,headache,S028
0.39,0.62,24.19504803968232,-0.10778926724081431,60.00092529167593,28.81,3.0,headache,S028
-0.02,0.62,24.280494565682666,0.02232514905024555,59.99896938334808,28.81,3.0,headache,S028
-0.63,0.62,23.99254016929449,-0.012101280476187469,60.001176746547756,28.81,3.0,headache,S028
0.67,0.61,24.25859552734464,0.008308384852791994,59.99864651557355,28.81,3.0,headache,S028
-0.29,0.61,24.36273771496932,-0.006472402713531298,60.001556360346505,28.81,3.0,headache,S028
0.02,0.61,24.231000007787515,0.005522017215497049,59.99821601025169,28.81,3.0,headache,S028
-0.4,0.62,24.173596074618793,-0.005085350364340158,60.002036917057715,28.83,3.0,headache,S028
0.83,0.61,24.215880844526065,0.005019558880440443,59.99768291777875,28.83,3.0,headache,S028
-0.46,0.6,24.01244378365881,-0.005289782322050996,60.00262756488279,28.83,3.0,headache,S028
0.22,0.61,24.076764908698866,0.005943782247478082,59.99702757606362,28.83,3.0,headache,S028
-0.07,0.61,24.119331648240017,-0.007142504827751638,60.00335645793546,28.83,3.0,headache,S028
-0.06,0.6,24.26943401033259,0.009290434928787603,59.99621544370677,28.83,3.0,headache,S028
-0.11,0.6,24.192063360844003,-0.013527508435962588,60.004259755881414,28.83,3.0,headache,S028
0.74,0.6,24.028448757453788,0.024441349807391936,59.99522283781273,28.83,3.0,headache,S028
-0.47,0.61,24.23365788002138,-0.10018887934010541,60.005302718615624,28.83,3.0,headache,S028
-0.5,0.6,24.023498984064087,-0.055570885861942636,59.9943206265128,28.83,3.0,headache,S028
0.62,0.6,24.58325687947839,0.02357812486130234,60.00492110857967,28.83,3.0,headache,S028
-0.3,0.6,24.194957776154038,-0.015933252377077916,59.86449218379686,28.83,3.0,headache,S028
0.1,0.6,24.156572234823916,0.012741048464007011,60.016894747418824,28.83,3.0,headache,S028
0.16,0.6,24.22892269217104,-0.011249789428338756,59.98171861048244,28.83,3.0,headache,S028
-0.11,0.6,24.14924426569178,0.010737709937176512,60.02268096205195,28.83,3.0,headache,S028
-0.08,0.6,24.259541453799137,-0.01107046685247183,59.968828570038866,28.83,3.0,headache,S028
-0.48,0.6,24.15036265785055,0.012514891745682497,60.05080162673049,28.85,3.0,headache,S028
0.65,0.59,24.199784942598985,-0.01610995591193411,59.844190765285,28.85,3.0,headache,S028
0.2,0.59,24.132662073599075,0.02602526280232191,59.85725112862256,28.85,3.0,headache,S028
-0.11,0.59,24.03509698109301,-0.08275947326085788,59.98169740445039,28.85,3.0,headache,S028
-0.37,0.59,24.59012021843442,-0.07736601099345179,59.53132770591939,28.83,3.0,headache,S028
0.5,0.59,24.281662985935657,0.030299361129658996,60.01458298408629,28.83,3.0,headache,S028
0.05,0.59,24.097368049875413,-0.021644081292989482,59.97923244124521,28.83,3.0,headache,S028
-0.29,0.59,24.0379530131458,0.018965734842807544,60.01637437524338,28.83,3.0,headache,S028
-0.26,0.58,24.12544893681059,-0.017933665406184705,59.98985284814617,28.85,3.0,headache,S028
0.15,0.58,23.920140258702933,0.009544480780419095,59.99456481121512,28.85,3.0,headache,S028
-0.11,0.59,24.305852758521134,-0.37632748064639543,59.73367245311674,28.85,3.0,headache,S028
0.26,0.58,24.29199084105539,0.0242864296626147,60.04444415736018,28.85,3.0,headache,S028
0.75,0.58,24.291238614861562,-0.13456999326220814,59.95001237234743,28.83,3.0,headache,S028
-0.56,0.58,23.947798298180246,-0.009951600429797761,60.04109918935905,28.83,3.0,headache,S028
-0.31,0.58,24.295854426463055,-0.2110537959410313,59.97882106535957,28.83,3.0,headache,S028
0.37,0.58,23.959935349001462,-0.3034308656561562,60.021813312536345,28.83,3.0,headache,S028
-0.38,0.58,23.79814318844457,0.01538871396717418,59.97666713257479,28.85,3.0,headache,S028
-0.76,0.58,24.025878219836134,-0.0006923191268240496,60.025951808504075,28.85,3.0,headache,S028
0.64,0.58,24.051043647031943,-0.05851860672494578,59.96949491895748,28.85,3.0,headache,S028
0.15,0.58,23.889376864595818,-0.10395774363376409,60.03909852297739,28.85,3.0,headache,S028
0.31,0.58,24.095500101060658,0.07855626521784063,59.94204285221851,28.87,3.0,headache,S028
0.17,0.58,22.460745301662033,0.08720860268115731,60.49448709569669,28.87,3.0,headache,S028
-0.85,0.57,22.729069744138492,-0.011999481377476069,60.33156150030254,28.87,3.0,headache,S028
0.24,0.57,23.068087843885387,0.02091967836552522,59.97117544069298,28.87,3.0,headache,S028
-0.08,0.57,22.156031906396997,0.2464645745165903,60.80804366252211,28.85,3.0,headache,S028
-0.67,0.57,22.49738945185463,0.32700486463491485,60.71395874247127,28.85,3.0,headache,S028
1.02,0.57,23.225490483077913,0.19183666717225123,60.10439955814989,28.85,3.0,headache,S028
0.26,0.56,23.405086278685648,-0.052590893764994755,59.98131159391359,28.85,3.0,headache,S028
-0.49,0.56,23.431899641555265,0.03768758538850784,60.007762461790435,28.85,3.0,headache,S028
1.12,0.57,23.86650273080913,-0.03250661849196287,59.99629566154857,28.85,3.0,headache,S028
0.78,0.57,23.885798558629684,0.03050755419563508,60.00134907214141,28.85,3.0,headache,S028
-0.77,0.56,23.987947045193373,-0.030188346663860277,60.00043293652798,28.85,3.0,headache,S028
-0.69,0.56,24.010200634669353,0.031175283551285467,59.99794570221162,28.85,3.0,headache,S028
0.77,0.56,23.899247001876095,-0.03361502041648341,60.00376232282972,28.85,3.0,headache,S028
-0.4,0.56,23.94939574142876,0.03825889358915605,59.99418533057764,28.85,3.0,headache,S028
-0.42,0.56,24.038570007555954,-0.047372999743286626,60.008638902932375,28.85,3.0,headache,S028
-0.06,0.55,23.95588812830658,0.06987861676415591,59.9867625546089,28.85,3.0,headache,S028
0.47,0.56,24.1210002145866,-0.2067098024408235,60.023051811212504,28.85,3.0,headache,S028
-0.55,0.56,24.292980985894346,-0.10478185749401119,59.935161578892924,28.85,3.0,headache,S028
0.0,0.56,23.983667232601505,-0.21845094789660788,59.9073446352334,28.85,3.0,headache,S028
0.23,0.55,24.00009845793986,-0.01737290717932447,60.02656821872196,28.87,3.0,headache,S028
0.01,0.56,24.007017487184093,0.003922267913417634,59.98548535085979,28.87,3.0,headache,S028
-0.15,0.56,23.987569411459784,0.004318490303762675,60.0087503182722,28.87,3.0,headache,S028
0.24,0.55,24.018780227440697,-0.011804868664554562,59.995416742252274,28.87,3.0,headache,S028
-0.01,0.55,23.969085789565053,0.020854090812261517,60.00036030572761,28.87,3.0,headache,S028
-0.36,0.55,24.130857780823607,-0.035229045576895684,60.005679386147506,28.87,3.0,headache,S028
0.2,0.55,24.010193630958703,0.06798090224857936,59.98087015533376,28.87,3.0,headache,S028
0.13,0.55,23.92893548632505,-0.18847177703241835,59.945767699007284,28.87,3.0,headache,S028
-0.27,0.55,23.970855290077814,0.1457479030339194,59.96317819111606,28.87,3.0,headache,S028
1.02,0.55,23.962756405765976,-0.5577708013957529,59.96690508878919,28.87,3.0,headache,S028
-0.69,0.56,24.026357149172462,-0.10196629913286198,60.02466058332302,28.87,3.0,headache,S028
-0.22,0.55,23.9824070898343,0.054240333437221115,59.97911983325458,28.87,3.0,headache,S028
0.09,0.55,24.012826903117322,-0.040583697814481574,60.018943078640966,28.89,3.0,headache,S028
0.1,0.55,23.99015475258367,0.0337293623875572,59.981999595426544,28.89,3.0,headache,S028
-0.2,0.55,24.00784028779148,-0.02949817555224739,60.017757796462334,28.89,3.0,headache,S028
0.43,0.55,23.99349472316561,0.026479754445220525,59.981841036272336,28.89,3.0,headache,S028
0.07,0.55,24.005808950552396,-0.02385376839450213,60.01932848054518,28.87,3.0,headache,S028
-0.12,0.55,23.993933317486047,0.020554584087700466,59.97834730174339,28.87,3.0,headache,S028
-0.38,0.55,24.008571202839125,-0.01305779293736581,60.02610816876917,28.87,3.0,headache,S028
0.45,0.55,23.980480159531176,-0.037245778643732796,59.96451493269621,28.87,3.0,headache,S028
-0.43,0.55,24.110111875775154,-0.16253795547128613,60.060821712339084,28.89,3.0,headache,S028
0.2,0.55,25.112822241743068,-0.045398456785395454,59.54898085053582,28.89,3.0,headache,S028
0.21,0.55,25.390573382333884,0.004574968332174055,59.40665296519317,28.89,3.0,headache,S028
0.08,0.55,24.98766310099538,-0.0056605019995785155,59.78402788443727,28.89,3.0,headache,S028
0.16,0.55,25.007143902146144,0.09051843507392304,59.70939894289138,28.87,3.0,headache,S028
-0.42,0.55,25.082154905744844,0.07236992934752982,59.530165837103084,28.87,3.0,headache,S028
-0.08,0.54,25.28226792994073,-0.08733467301167437,59.271240724325274,28.87,3.0,headache,S028
0.48,0.54,25.193032834958352,0.13199006398413618,59.751248198735475,28.87,3.0,headache,S028
-0.72,0.54,24.52853614584591,-0.6695790121522159,59.95922564359798,28.89,3.0,headache,S028
0.61,0.54,24.041577048988316,-0.9672385639780522,59.99966718722228,28.89,3.0,headache,S028
-0.57,0.54,24.171759264157394,-0.9462862653467271,59.88963579092497,28.89,3.0,headache,S028
0.57,0.54,24.28895956465557,-0.6760927493991772,59.975091040626104,28.89,3.0,headache,S028
0.09,0.54,24.059497458007176,-0.1641420180855214,60.019394185723264,28.89,3.0,headache,S028
-0.14,0.54,24.516320308939303,-0.05091525000563826,59.98317154072121,28.89,3.0,headache,S028
-0.01,0.54,24.83596725816723,0.019325222763694132,60.01183798714671,28.89,3.0,headache,S028
0.17,0.54,24.637370854641386,0.05025830414066666,59.86531934574931,28.89,3.0,headache,S028
-0.33,0.54,25.01002048982155,0.30416135592879673,59.86324789975359,28.91,3.0,headache,S028
0.34,0.54,24.858857355353518,0.2716936882824458,59.48733051504047,28.91,3.0,headache,S028
-0.36,0.54,24.98882418343203,0.6732551317913762,59.453800348088215,28.91,3.0,headache,S028
0.29,0.55,25.15911923998446,0.5508255798621385,59.35762865132702,28.91,3.0,headache,S028
-0.01,0.54,25.106670471776052,0.4359658227628398,59.4921620112824,28.93,3.0,headache,S028
0.06,0.53,25.377621457772836,0.549611452275598,59.37874949264624,28.93,3.0,headache,S028
-0.47,0.53,24.93124759737508,-1.0324541348920633,59.85105994451807,28.93,3.0,headache,S028
0.25,0.54,24.555509592273683,-1.2351136692544848,59.92008746944216,28.93,3.0,headache,S028
-0.02,0.53,24.313918874780594,-0.9689756665176924,59.79804030124318,28.93,3.0,headache,S028
0.52,0.53,24.08684136051918,-1.3616654588070716,59.94821913451622,28.93,3.0,headache,S028
-0.62,0.53,24.175887707551084,-1.1218053308656117,59.934046772337254,28.93,3.0,headache,S028
0.36,0.53,23.941806789132983,-0.9544720698579922,60.03364744151729,28.93,3.0,headache,S028
-0.07,0.53,24.39165595976193,-0.643816862968487,59.987291743168285,28.93,3.0,headache,S028
0.18,0.53,24.212921850466934,-0.693908410766512,59.96352002981107,28.93,3.0,headache,S028
-0.26,0.54,24.423598470936618,-0.5464837138259098,59.88284789499423,28.93,3.0,headache,S028
0.22,0.53,24.451798211960813,-0.0036204643296485553,60.04944153927257,28.93,3.0,headache,S028
0.24,0.53,24.960783488738862,-0.05489706040341395,59.96489874346013,28.91,3.0,headache,S028
-0.6,0.52,24.392122822203255,0.07207986526411539,60.02716107167662,28.91,3.0,headache,S028
-0.07,0.52,24.61616658736369,-0.11271556568751612,59.73674230651908,28.91,3.0,headache,S028
0.33,0.53,24.81886192786554,0.3270537582903725,59.98268069946311,28.91,3.0,headache,S028
-0.15,0.53,24.58170105141376,0.28073754457015476,59.86019324967735,28.95,3.0,headache,S028
-0.07,0.52,24.75092895250859,0.08058967126349319,60.066203211786245,28.95,3.0,headache,S028
0.12,0.52,24.778848485943698,0.1878799977763298,59.83666129550674,28.95,3.0,headache,S028
0.24,0.52,24.507022825211198,-0.10546216477012896,59.75049884227831,28.95,3.0,headache,S028
0.24,0.52,24.881133864464353,-0.19898718202515947,59.756666767212664,28.93,3.0,headache,S028
-0.68,0.52,24.805370589960777,0.00017996542585238268,59.72835607223374,28.93,3.0,headache,S028
0.59,0.52,24.887613527826858,-0.01905096624578771,59.74566032680988,28.93,3.0,headache,S028
-0.48,0.52,24.651997588308895,-0.24607769815477354,59.618239525271086,28.93,3.0,headache,S028
0.71,0.52,24.88003000698623,0.004121851031663746,59.81504553902794,28.95,3.0,headache,S028
-0.5,0.51,24.899532692284687,0.218824495160842,59.77705878265292,28.95,3.0,headache,S028
-0.47,0.52,24.972422123980174,0.7758922752834404,59.57671395048308,28.95,3.0,headache,S028
0.79,0.52,25.036552423129276,0.9042474005236186,59.52150535021791,28.95,3.0,headache,S028
-0.22,0.51,24.05015365515629,-2.3416279070626955,59.93179668603384,28.95,3.0,headache,S028
-0.16,0.51,23.76195598120946,-2.52833113972542,60.09674752944552,28.95,3.0,headache,S028
0.08,0.51,24.838645744788767,-1.199182654143538,59.37669531642167,28.95,3.0,headache,S028
0.33,0.51,25.489975012026285,-0.6858412977016225,59.18342975890117,28.95,3.0,headache,S028
-0.66,0.51,24.962313180175286,-0.3351285925215596,59.50835580907809,28.93,3.0,headache,S028
0.43,0.51,25.30814493775345,-0.7828169300452471,59.29137488505653,28.93,3.0,headache,S028
-0.59,0.51,25.602972496689347,0.6490912109489894,58.93359365301508,28.93,3.0,headache,S028
0.91,0.51,25.732277733977014,0.8630352890589773,59.17451830297959,28.93,3.0,headache,S028
-0.24,0.51,26.123954755787594,1.3430010750165118,58.94822749726051,28.97,3.0,headache,S028
-0.53,0.5,25.31415139411668,0.8403906989028439,59.41644022741192,28.97,3.0,headache,S028
0.51,0.51,25.5006940957566,0.9690800389657193,59.26941688679881,28.97,3.0,headache,S028
-0.43,0.51,24.90358018384969,-0.910417641513397,59.53844712616584,28.97,3.0,headache,S028
0.58,0.51,24.91226219453156,-0.8753710450357209,59.81113273448159,28.95,3.0,headache,S028
0.1,0.5,24.354708738643698,-0.2045426847710173,59.68189767020702,28.95,3.0,headache,S028
-0.05,0.5,24.584293004728487,-0.8106786089807595,59.78540859235684,28.95,3.0,headache,S028
-0.39,0.51,24.83587350939436,-0.2252440202070457,59.40208236123539,28.95,3.0,headache,S028
0.04,0.5,24.717831296240945,-0.18705785977658881,59.8888576261557,28.97,3.0,headache,S028
0.11,0.5,24.4904773178783,0.05346910147409311,59.9090221485349,28.97,3.0,headache,S028
0.52,0.5,25.036507542481168,-0.03630519457332797,59.7358931015969,28.97,3.0,headache,S028
0.0,0.5,24.699879294001303,0.03471339548712963,59.65312916923011,28.97,3.0,headache,S028
-0.42,0.5,24.980248687490075,0.04242630719723267,59.4522237735147,28.95,3.0,headache,S028
-0.16,0.5,24.76422541816318,-0.10937819744353149,59.37470751913102,28.95,3.0,headache,S028
-0.03,0.5,24.527482908929937,-0.4087508259935017,59.90805102833319,28.95,3.0,headache,S028
0.22,0.5,25.172756955840974,-0.2308938891469401,59.32374714048742,28.95,3.0,headache,S028
0.08,0.49,24.86558327580371,0.11436116878612831,59.79042203619146,28.95,3.0,headache,S028
0.26,0.49,25.12903054894906,-0.1031366874107947,59.92242625153406,28.95,3.0,headache,S028
-0.36,0.49,24.85360713346018,0.11533497338475286,59.77663706561073,28.95,3.0,headache,S028
-0.17,0.49,25.23179270180931,-0.1701660087306486,59.538472482152514,28.95,3.0,headache,S028
0.27,0.49,25.004064503723857,-0.3368778899140386,59.34760709897842,28.95,3.0,headache,S028
-0.08,0.49,25.624735638251888,-0.31817176391656454,59.4173799132719,28.95,3.0,headache,S028
0.18,0.49,25.116737455226406,-0.0430474906734618,59.327094144894076,28.95,3.0,headache,S028
-0.07,0.49,25.938538917825465,-1.1121043174428036,59.112568291977475,28.95,3.0,headache,S028
0.44,0.49,25.154639319971842,-1.4578461412966524,59.51800746488764,28.97,3.0,headache,S028
-0.26,0.5,24.20962680363777,-1.3521177472067745,59.5027296116752,28.97,3.0,headache,S028
0.14,0.49,24.991108650982145,-1.3946596742876736,60.04893748797468,28.97,3.0,headache,S028
-0.19,0.49,24.663377543423866,-0.7658578649933668,59.597468864413386,28.97,3.0,headache,S028
0.56,0.49,25.02673141139807,-1.4655181381602895,59.734678291748274,29.01,3.0,headache,S028
-0.13,0.49,24.81855902954319,-1.0409556312875503,59.776951517228945,29.01,3.0,headache,S028
-1.13,0.49,25.572171520964254,-0.9431765235399224,59.46532695904217,29.01,3.0,headache,S028
0.6,0.49,25.237430101056233,-1.2254668099834383,59.38077605798073,29.01,3.0,headache,S028
-0.19,0.49,24.38670340005549,-2.0243524225021265,60.03763180424422,28.97,3.0,headache,S028
0.11,0.5,24.191970544788216,-1.5071673399616408,59.82962288770182,28.97,3.0,headache,S028
0.08,0.52,26.505512928309717,-0.9046864561098419,59.17877977268004,28.97,3.0,headache,S028
0.62,0.52,26.416392249732684,-0.34630030018755037,58.938293686474225,28.97,3.0,headache,S028
-0.58,0.55,24.847366805530456,-0.7658258597834063,59.4955670356206,28.99,3.0,headache,S028
-1.22,0.56,25.63375485365121,-1.6371080074158972,59.146840415202625,28.99,3.0,headache,S028
-0.07,0.58,25.838822056959604,-0.5594952736339728,59.03867235318539,28.99,3.0,headache,S028
1.31,0.58,25.297798690586596,-0.5721792275166168,59.195525698754466,28.99,3.0,headache,S028
0.74,0.58,25.288920847478,-0.8484191545066463,59.22762307952518,28.99,3.0,headache,S028
-1.36,0.59,25.390824234795186,-0.27684442970136924,59.176009138573654,28.99,3.0,headache,S028
0.31,0.6,25.670889812747085,-0.5054752710395979,59.13403275229473,28.99,3.0,headache,S028
-0.28,0.61,25.72484420141902,0.006033415088388134,59.072799261691706,28.99,3.0,headache,S028
0.48,0.62,25.615031654541365,-0.7210988519723381,59.115731744965764,29.01,3.0,headache,S028
-0.33,0.62,25.504898604226767,-0.4034537805891574,59.43618387494797,29.01,3.0,headache,S028
0.29,0.63,25.282925752580365,-0.6594636743605633,59.371551218837645,29.01,3.0,headache,S028
0.4,0.64,25.084714053264666,-0.29571117558750787,59.284515951235974,29.01,3.0,headache,S028
0.06,0.64,25.155804672500377,-0.6813113038159712,59.45069365978893,28.97,3.0,headache,S028
0.04,0.65,25.087367327182477,-0.40815603044206783,59.253972183689406,28.97,3.0,headache,S028
-0.33,0.67,25.394488601838287,-0.7419299660971369,59.50342814233556,28.97,3.0,headache,S028
-0.43,0.69,26.08942503837006,-0.5917405467768913,59.09460538363657,28.97,3.0,headache,S028
0.21,0.73,25.732175321531518,-0.800675670407077,59.39810027072528,29.01,3.0,headache,S028
0.21,0.77,24.93763355595568,-0.4016124499882598,59.70426291244095,29.01,3.0,headache,S028
-0.19,0.81,25.121096297656635,-0.38178042976171833,59.43910168944702,29.01,3.0,headache,S028
1.11,0.83,25.024095805331466,-0.5723808189024551,59.42434934092023,29.01,3.0,headache,S028
-1.13,0.84,25.025562474297626,-0.45440913115677445,59.696175951246545,28.99,3.0,headache,S028
0.12,0.84,24.84453874201323,-0.5195723522925338,59.978743255477404,28.99,3.0,headache,S028
0.3,0.85,25.03726069886417,-0.6674168967221629,59.71758217410888,28.99,3.0,headache,S028
0.5,0.88,25.13396597240184,-0.6552691665099626,59.62821066805156,28.99,3.0,headache,S028
-0.48,0.9,24.98839616228045,-0.5694582886653232,59.579316694650295,29.03,3.0,headache,S028
-0.39,0.93,24.961510176024383,-0.7223076060129396,59.686154279994405,29.03,3.0,headache,S028
0.62,0.94,25.035967745684864,-0.5258114138743152,59.521519319076546,29.03,3.0,headache,S028
-0.28,0.94,24.79731914594495,-0.540358255262851,59.462554443716776,29.03,3.0,headache,S028
-0.08,0.94,24.970265881311153,-0.7340876631699251,59.98993309584092,29.03,3.0,headache,S028
0.31,0.93,24.85408556255594,-0.4034013058833697,59.352489731897485,29.03,3.0,headache,S028
-0.62,0.92,24.920727931069596,-0.4959679824827032,59.76106686647604,29.03,3.0,headache,S028
-0.07,0.91,24.636189390485672,-0.4609995428841411,59.85697847421126,29.03,3.0,headache,S028
0.32,0.9,24.41210352318165,-0.416133747707635,59.83901363455958,29.03,3.0,headache,S028
0.44,0.88,24.282472901815623,-0.33133950114315136,59.96234407451019,29.03,3.0,headache,S028
-0.56,0.87,24.40616101667285,-0.4177802305053081,60.01498184598643,29.03,3.0,headache,S028
0.32,0.85,24.13568938502137,-0.3549363547862751,59.7821962215877,29.03,3.0,headache,S028
-0.16,0.84,24.274590380999257,-0.6846642332789196,59.990462964037796,28.99,3.0,headache,S028
0.38,0.84,24.493137556727078,-0.41122882396268806,59.852658308882056,28.99,3.0,headache,S028
0.31,0.83,24.313530701186394,-0.35854752633353565,60.02384513719898,28.99,3.0,headache,S028
-0.45,0.82,24.38091098402785,-0.45072612074837015,59.73305538665083,28.99,3.0,headache,S028
0.08,0.82,24.26901415600229,-0.24582564646398605,59.84862203829383,29.03,3.0,headache,S028
-0.02,0.82,24.403017849573494,-0.4458106482811134,60.002308858455734,29.03,3.0,headache,S028
0.06,0.81,24.164241916974543,-0.3266112912654897,59.85934277395406,29.03,3.0,headache,S028
-0.39,0.81,24.355560478039482,-0.12782600668979205,60.06379120618152,29.03,3.0,headache,S028
-0.01,0.8,24.267110048457024,-0.6277559923342787,59.86790482173848,29.01,3.0,headache,S028
0.26,0.8,24.104240015106484,-0.5055692636375327,59.981201308373706,29.01,3.0,headache,S028
-0.44,0.8,24.014807742695368,-0.6011453674897798,59.77035643419478,29.01,3.0,headache,S028
0.71,0.79,24.39648071432114,-0.3593447632272565,59.575098789469536,29.01,3.0,headache,S028
0.11,0.79,24.570219787187924,-0.8761439113659416,59.88538550092518,29.03,3.0,headache,S028
-0.22,0.8,24.4331579558508,-1.1822373401136284,60.019700779700756,29.03,3.0,headache,S028
-0.16,0.8,24.20890467926058,-0.9461805370435878,59.992023829107154,29.03,3.0,headache,S028
0.17,0.82,24.413889059071902,-0.9769890025839835,60.00618226389712,29.03,3.0,headache,S028
-0.65,0.85,24.548789686037722,-0.3269273794602513,59.75957062520204,29.01,3.0,headache,S028
0.74,0.87,24.92241221905328,0.6671981732775317,59.60347742744294,29.01,3.0,headache,S028
-0.23,0.91,24.939337993535805,0.5596058050403131,59.63279147949238,29.01,3.0,headache,S028
0.28,0.95,24.987945688556906,0.46419156507551745,59.769148379930485,29.01,3.0,headache,S028
-0.43,0.98,25.003311611920807,0.41482006987570236,59.762811670449615,29.03,3.0,headache,S028
-0.04,1.02,24.617978672540065,-0.5493158156566919,59.733008177650625,29.03,3.0,headache,S028
0.46,0.95,24.213894520299917,-1.0513898906503896,59.98520447489235,29.03,3.0,headache,S028
0.05,0.96,24.25471129972473,-1.0268197671352344,59.99943666265667,29.03,3.0,headache,S028
-0.36,0.96,24.00757966821111,-1.3527099033975323,60.004041934519094,29.03,3.0,headache,S028
0.42,0.97,23.827961295158975,-0.9880737076007329,59.99327417816879,29.03,3.0,headache,S028
-0.13,0.97,24.265229327758597,-0.9765780436341801,60.011649327440196,29.03,3.0,headache,S028
0.1,0.96,24.642059761963708,-0.7083684051726137,59.958318662705324,29.03,3.0,headache,S028
-0.48,0.95,24.724642877203955,-0.2764831944509596,59.75371901892841,29.07,3.0,headache,S028
0.44,0.94,24.79806746032201,0.3458518112958272,59.69396907894596,29.07,3.0,headache,S028
0.04,0.92,24.808719146447768,0.36554512969494857,59.398078572764504,29.07,3.0,headache,S028
-0.37,0.91,24.890361194342532,0.014094650095921075,59.701472298509465,29.07,3.0,headache,S028
-0.46,0.91,24.813279108834294,0.0023223732601870078,59.98336725328875,29.07,3.0,headache,S028
0.66,0.9,24.322692069119945,-0.11497387903302604,60.00598618128946,29.07,3.0,headache,S028
-0.09,0.89,24.334121758902267,-0.8827339356754975,59.99538099716661,29.07,3.0,headache,S028
-0.12,0.88,24.248843672859728,-0.8932884823719814,60.00714678953058,29.07,3.0,headache,S028
0.29,0.88,24.39179260694753,-0.6786454334323524,59.97829537587588,29.07,3.0,headache,S028
0.16,0.88,24.643411601287383,-0.3244866332856778,59.876087756175316,29.07,3.0,headache,S028
-0.02,0.87,24.632296503295233,-0.2775522828337413,59.731841012696655,29.07,3.0,headache,S028
0.11,0.86,24.68666635229714,-0.39333406372259644,59.74385307713693,29.07,3.0,headache,S028
-0.42,0.87,24.952965640147625,-0.42652309333279464,59.897565106190115,29.07,3.0,headache,S028
0.14,0.88,24.301255782926507,-0.32692830344443363,60.02661607247373,29.07,3.0,headache,S028
-0.29,0.87,24.369552871973045,-0.5318304130846108,59.98349394078449,29.07,3.0,headache,S028
0.26,0.86,24.799213105918767,-0.13253109721268577,60.020985000568075,29.07,3.0,headache,S028
-0.51,0.87,24.86766514975045,-0.5449322946700047,59.89608370712603,29.05,3.0,headache,S028
1.08,0.87,24.829600013225857,-0.3445696780896842,59.574363555983865,29.05,3.0,headache,S028
-0.2,0.86,24.880938563501314,-0.28764105954044733,59.59870950160542,29.05,3.0,headache,S028
-0.26,0.85,24.923533826409773,-0.3850472784972102,59.89855478678497,29.05,3.0,headache,S028
0.18,0.86,24.794013825284157,-0.1923144289508352,60.03924012793223,29.07,3.0,headache,S028
-0.56,0.86,24.625240565454828,-0.06180823932058984,59.866045108444816,29.07,3.0,headache,S028
0.5,0.85,24.34664793927917,-0.19788428015025897,59.98885302946266,29.07,3.0,headache,S028
-0.29,0.85,24.661895545713545,-0.2114160588801954,59.99643452620107,29.07,3.0,headache,S028
0.0,0.87,24.50951724503445,-0.3362884728946877,60.009973814541034,29.09,3.0,headache,S028
0.36,0.88,24.367618316228633,0.013552102866726132,59.983092358763834,29.09,3.0,headache,S028
0.15,0.89,24.319070381396497,-0.336388412772399,60.030211670129894,29.09,3.0,headache,S028
0.02,0.89,24.484066128307436,-0.5066898862473621,59.68892344439204,29.09,3.0,headache,S028
-0.78,0.9,24.48875417753706,-0.3108111547541875,59.892522929818234,29.07,3.0,headache,S028
0.41,0.9,24.812373418362846,-0.18754531212326417,60.03886562505946,29.07,3.0,headache,S028
0.01,0.9,24.459687802822998,-0.06377270258504288,59.97193255176931,29.07,3.0,headache,S028
0.26,0.89,24.40160208935128,-0.2004175913136069,60.030170942912285,29.07,3.0,headache,S028
-0.34,0.89,24.441767114519283,-0.11335649205073363,59.917152951391216,29.09,3.0,headache,S028
0.21,0.9,24.73745250524813,-0.008720361035757858,59.879965813206894,29.09,3.0,headache,S028
-0.31,0.88,24.8121775935735,0.004322515628578241,59.9106550398799,29.09,3.0,headache,S028
0.17,0.88,24.453386684106864,-0.02252377883585599,59.914550458497985,29.09,3.0,headache,S028
0.47,0.88,24.530884893234585,-0.173189261422692,59.92282746138006,29.05,3.0,headache,S028
0.0,0.88,24.53476550110339,-0.14381251091188127,59.64618149592101,29.05,3.0,headache,S028
-0.79,0.88,24.810584337303208,-0.3431572348418395,60.08580634329189,29.05,3.0,headache,S028
0.41,0.88,24.87953415439443,-0.20539733467000887,59.64305248569477,29.05,3.0,headache,S028
-0.55,0.88,24.693670222942554,0.0032409358921698314,59.750089875480356,29.07,3.0,headache,S028
0.65,0.89,24.632409649266283,-0.4650607190172087,59.95208702090162,29.07,3.0,headache,S028
0.15,0.9,24.890538026482194,-0.2291961776555137,59.881201260274736,29.07,3.0,headache,S028
0.03,0.91,24.583753136278432,-0.10813937717377246,59.65564598276482,29.07,3.0,headache,S028
-0.49,0.93,26.20154598264531,-0.21202893772066672,59.10064242650597,29.09,3.0,headache,S028
0.14,0.94,25.42872549704496,-0.2827601430606721,59.78561002929488,29.09,3.0,headache,S028
-0.12,0.94,24.849064680032406,-0.4959133662067419,59.553266381235744,29.09,3.0,headache,S028
-0.14,0.95,25.14729786498636,-0.32961273049227696,59.46749829850399,29.09,3.0,headache,S028
0.07,0.96,25.016507105609435,-0.24903688928466386,59.511666920269526,29.09,3.0,headache,S028
1.24,0.97,25.070644921494523,-0.191078389252946,59.30659858271352,29.09,3.0,headache,S028
-0.61,0.97,24.950966043665147,-0.45568902905690845,59.808840305152245,29.09,3.0,headache,S028
0.14,0.97,24.718583705192987,-0.37596157453254386,60.07923678028524,29.09,3.0,headache,S028
-0.42,0.99,25.05152908879938,-0.08547421132755202,59.59346524995389,29.09,3.0,headache,S028
-0.04,0.98,24.97674328250576,-0.10824454421237835,59.769820028231486,29.09,3.0,headache,S028
-0.88,0.98,25.01285185277537,-0.18824087785781507,59.77303800514267,29.09,3.0,headache,S028
0.83,0.98,24.99257019314382,-0.3570742446906146,59.612758505840624,29.09,3.0,headache,S028
0.79,0.98,25.00260382920001,-0.2947216829506567,59.57983909264175,29.11,3.0,headache,S028
-0.44,0.98,25.117584277371844,-0.06728921159366612,59.30769953738941,29.11,3.0,headache,S028
0.34,0.98,25.01256645791615,-0.15056816701206555,59.51005457526657,29.11,3.0,headache,S028
-0.62,0.98,24.99026043035266,-0.26583353850444835,59.66907142455852,29.11,3.0,headache,S028
0.05,0.98,25.009295965652075,-0.07532913241803812,59.742624842415985,29.13,3.0,headache,S028
-0.19,0.98,24.990366290832604,-0.026599814195098267,59.63637936688644,29.13,3.0,headache,S028
0.41,0.98,25.010437401180027,-0.1950894926006363,59.69794623238334,29.13,3.0,headache,S028
-0.56,0.98,24.988377519810236,-0.24689630791251638,59.77800024542972,29.13,3.0,headache,S028
0.61,0.98,25.013190909095165,-0.2070665525128486,59.79712579683675,29.11,3.0,headache,S028
0.13,0.98,24.98479718842523,-0.49030643686782766,59.249230544244284,29.11,3.0,headache,S028
-0.34,0.98,25.017781964970016,-0.1726585016895991,59.26857993112926,29.11,3.0,headache,S028
0.57,0.98,24.978853402530383,-0.19473003129914906,59.579027157748875,29.11,3.0,headache,S028
-0.49,0.98,25.025681515141834,-0.11870968886119684,59.37424214206311,29.11,3.0,headache,S028
-0.57,0.98,24.967894788038873,0.033485539409678425,59.71717951744675,29.11,3.0,headache,S028
0.38,0.98,25.041900250455253,-0.016048655569997305,59.58744930346191,29.11,3.0,headache,S028
0.59,0.98,24.94137260169624,0.009388510154781128,59.30833072323515,29.11,3.0,headache,S028
-0.33,0.98,25.092857070287685,-0.11870410425660098,59.848627399566105,29.11,3.0,headache,S028
0.0,0.97,24.931721766251652,-0.2241190720604848,59.44711370920196,29.11,3.0,headache,S028
-0.3,0.97,24.215889899739274,-0.142671294910247,60.008017092337525,29.11,3.0,headache,S028
0.24,0.98,25.060620033539998,-0.490485891004307,59.581497875156934,29.11,3.0,headache,S028
0.22,0.98,24.821049977359568,-0.2676370119345016,59.29941495519602,29.11,3.0,headache,S028
0.05,0.97,25.203897009571026,-0.42016321699755343,59.4608395737064,29.11,3.0,headache,S028
0.01,0.98,24.923412864950432,-0.2604396546743535,59.85627353812924,29.11,3.0,headache,S028
-0.4,0.98,25.075417629874377,-0.22133157406023074,59.574353287036665,29.11,3.0,headache,S028
0.39,0.98,24.843641314159182,-0.11459465611819623,59.56638951307586,29.13,3.0,headache,S028
-0.04,0.97,25.010912912618373,-0.20955418689383384,59.59971177966165,29.13,3.0,headache,S028
0.17,0.98,24.87671160840884,-0.1848219518450277,59.81090228225553,29.13,3.0,headache,S028
-0.71,0.99,24.840567394991982,-0.0980116474845662,59.92852777577877,29.13,3.0,headache,S028
0.45,1.01,25.015694862409394,-0.22408313221575848,59.741288627416665,29.11,3.0,headache,S028
0.23,1.03,25.009419521952474,-0.6788582516162062,59.619597956993175,29.11,3.0,headache,S028
-0.65,1.04,25.14946593280941,-0.3765153265639583,59.21808118283638,29.11,3.0,headache,S028
0.47,1.05,25.39687009828303,-0.1762471180427405,59.14361607674504,29.11,3.0,headache,S028
0.11,1.05,25.219372124775383,-0.43635179840420135,59.60268332395309,29.13,3.0,headache,S028
0.12,1.04,25.04710318446304,-0.2775373096385818,59.538900460253146,29.13,3.0,headache,S028
-0.67,1.04,25.255381842044436,-0.3476323046620497,59.34500771976149,29.13,3.0,headache,S028
0.25,1.04,25.189410987009154,-0.28895511049027717,59.64170940026856,29.13,3.0,headache,S028
0.14,1.03,25.127082758563603,-0.04136766954506295,59.446689406914594,29.15,3.0,headache,S028
0.15,1.02,24.951532609276104,-0.19311979768192786,59.45068908940561,29.15,3.0,headache,S028
-0.27,1.04,25.159208009992465,-0.12627608165955637,59.248212535909126,29.15,3.0,headache,S028
0.29,1.03,25.10304694206738,-0.34396826671068803,59.259799588896506,29.15,3.0,headache,S028
-0.13,1.04,24.892666358072344,-0.253947492001332,59.45939848269024,29.15,3.0,headache,S028
-0.03,1.05,25.462343280453716,-0.2372301902387921,59.34245986245414,29.15,3.0,headache,S028
-0.46,1.06,25.171835020211027,-0.2527399062367864,59.25238034647374,29.15,3.0,headache,S028
0.89,1.06,24.991385000845167,-0.34997518178404574,59.64352779595564,29.15,3.0,headache,S028
-0.49,1.06,25.352053323481186,-0.502205208477267,59.37250312959092,29.15,3.0,headache,S028
0.06,1.05,25.281123617104086,-0.44576219304192377,59.16501682561004,29.15,3.0,headache,S028
-0.15,1.05,25.569272625209383,-0.36242399777755846,59.04587801368905,29.15,3.0,headache,S028
0.46,1.04,25.30012247496108,-0.6918849961650066,59.00711789988716,29.15,3.0,headache,S028
0.18,1.04,25.23211849367609,-0.421772307805542,59.14437861404033,29.13,3.0,headache,S028
-0.42,1.04,24.99680151546169,-0.4004267357445486,59.42456438314881,29.13,3.0,headache,S028
-0.45,1.04,25.18346231218235,-0.39324768665459664,59.46229774775388,29.13,3.0,headache,S028
0.41,1.04,25.17966841840288,-0.15267888115016465,59.303605644720896,29.13,3.0,headache,S028
-0.11,1.05,25.286696137170352,-0.07776036918074158,59.381099779489944,29.13,3.0,headache,S028
0.03,1.06,25.12744671572186,-0.3848503812636545,59.53888856565158,29.13,3.0,headache,S028
0.11,1.14,25.00189254581112,-0.033715084860044056,59.3567594841392,29.13,3.0,headache,S028
0.2,1.25,24.95350881110325,-0.14872152694255558,59.350569595447986,29.13,3.0,headache,S028
0.15,1.38,25.22556810395282,-0.6489668420400282,59.254702763862674,29.15,3.0,headache,S028
-0.3,1.48,24.94044921278218,-1.4073826248216186,59.60446694614726,29.15,3.0,headache,S028
0.4,1.53,24.79221329787397,-2.0719872951863127,59.86832333084854,29.15,3.0,headache,S028
0.29,1.56,24.89624403139697,-0.9965922709811766,59.647711110006846,29.15,3.0,headache,S028
-0.93,1.57,25.102191516861044,-0.4161903881010791,59.43487165998699,29.13,3.0,headache,S028
0.39,1.54,25.18645377056411,0.10728897296619894,59.33347593843948,29.13,3.0,headache,S028
0.25,1.51,25.207679580153783,-0.3502598054164064,59.3373604112789,29.13,3.0,headache,S028
-0.34,1.49,25.18656679527984,-0.1110896736543759,59.324134406598596,29.13,3.0,headache,S028
0.04,1.47,25.12937842227081,0.02248227350044353,59.32449878951406,29.13,3.0,headache,S028
-0.52,1.44,25.21381061510216,-0.00677267037982748,59.05602017418289,29.13,3.0,headache,S028
0.75,1.43,25.030404824999337,-0.11726966931551727,59.567924739100384,29.13,3.0,headache,S028
-0.3,1.41,24.98417681703692,-0.4005788155792611,59.47283841815499,29.13,3.0,headache,S028
0.5,1.4,25.103581837915183,-0.5363662552172067,59.300697744785886,29.15,3.0,headache,S028
-0.39,1.39,25.186491223011817,-0.06283227780696554,59.445889846828756,29.15,3.0,headache,S028
-0.83,1.39,24.946944457711524,-0.10137475432185356,59.45290914899774,29.15,3.0,headache,S028
0.75,1.38,25.220876869992818,-0.4649359033969855,59.70289848327555,29.15,3.0,headache,S028
0.25,1.38,24.923680678477652,-0.3333618958005198,59.68701074141815,29.17,3.0,headache,S028
-0.36,1.37,25.2725174629737,-0.5496941646010273,59.477783143598145,29.17,3.0,headache,S028
0.45,1.37,25.490365689344536,-0.6363314130461762,58.988326531683725,29.17,3.0,headache,S028
0.07,1.36,25.060248847572186,-0.6403559734927012,59.45511829783746,29.17,3.0,headache,S028
-0.19,1.36,25.22710712754953,-0.2980374470532582,59.50779093490875,29.19,3.0,headache,S028
0.08,1.36,25.323462495557095,-0.2223718235873953,59.109247051779896,29.19,3.0,headache,S028
-0.6,1.36,25.564955295211476,-0.37827340329479686,59.14967756907451,29.19,3.0,headache,S028
0.25,1.36,25.46425978314542,-0.17600312680454938,59.54824834904642,29.19,3.0,headache,S028
0.35,1.35,25.03284101842184,-0.7369410434381753,59.38784273241477,29.17,3.0,headache,S028
0.08,1.35,25.32986342028664,-0.2538065751826793,59.31056412301209,29.17,3.0,headache,S028
-0.64,1.35,25.81724361563245,-0.29016359799770713,59.27619414732488,29.17,3.0,headache,S028
0.34,1.35,24.914256725900486,-0.2704506683017335,59.354007352141046,29.17,3.0,headache,S028
0.29,1.34,24.84750469428399,-1.4414422938712927,59.9722985288491,29.15,3.0,headache,S028
0.08,1.34,24.990613100441806,-0.9143514853129674,59.56573594097341,29.15,3.0,headache,S028
0.18,1.34,26.193393956702,-0.9425012054002377,58.96691094771433,29.15,3.0,headache,S028
0.43,1.34,25.632853359752065,-0.2831224039493921,59.0181822595021,29.15,3.0,headache,S028
-0.72,1.34,25.252400327714515,-0.8040367542520931,59.18190307833409,29.17,3.0,headache,S028
-0.38,1.34,25.631508201492107,-0.8220411470756455,59.14701176901774,29.17,3.0,headache,S028
-0.67,1.34,25.56166366474812,-0.9319404925671197,59.259220300042166,29.17,3.0,headache,S028
1.17,1.34,25.587940310710344,-0.856257605550651,59.15966274169442,29.17,3.0,headache,S028
-0.16,1.33,25.286578996296843,-0.8332774980413632,59.33014596485506,29.19,3.0,headache,S028
-0.06,1.33,25.492937639455732,-0.8884751183467098,59.21841473450633,29.19,3.0,headache,S028
-0.19,1.33,25.641258378709164,-0.6426786942177237,59.08052249653556,29.19,3.0,headache,S028
-0.47,1.33,25.593067689921632,-0.7090869029001454,59.057758158157704,29.19,3.0,headache,S028
0.87,1.32,25.54246885282432,-0.8861517074551212,59.13791650388283,29.17,3.0,headache,S028
0.59,1.33,26.00373499024114,-0.7594440227385094,59.16684870793066,29.17,3.0,headache,S028
-0.61,1.34,25.418362173064835,-0.5252829267658837,59.60285694670867,29.17,3.0,headache,S028
-0.07,1.35,25.512992480706984,-0.6965690829004836,59.33239957018235,29.17,3.0,headache,S028
-0.31,1.35,25.005266905200834,-0.8775625821665269,59.283755572515744,29.19,3.0,headache,S028
0.36,1.35,25.041598927498463,-0.9660094424558295,59.43613294744635,29.19,3.0,headache,S028
0.46,1.35,25.26680861530437,-0.9722341155963432,59.362781340911454,29.19,3.0,headache,S028
-0.5,1.35,24.877421862977087,-0.9331628933652624,59.62260143289832,29.19,3.0,headache,S028
0.1,1.34,25.379959115674406,-0.8507888573223854,59.66404387211683,29.19,3.0,headache,S028
0.14,1.32,24.961812876001122,-1.039156061171649,59.719826140925676,29.19,3.0,headache,S028
-0.45,1.33,25.096051865781842,-0.8777504529569035,59.121001315763216,29.19,3.0,headache,S028
-0.27,1.33,24.936020022902728,-0.9608689904033091,59.26322522649402,29.19,3.0,headache,S028
0.27,1.33,25.01255988540203,-0.86029047159823,59.50862616010931,29.19,3.0,headache,S028
0.41,1.33,24.97208115387953,-0.7438751298628039,59.340109264115455,29.19,3.0,headache,S028
-0.6,1.33,24.91891033765975,-0.7576213605645012,59.41251200930701,29.19,3.0,headache,S028
0.09,1.32,24.93425439739193,-0.8363801333330367,59.560295858278,29.19,3.0,headache,S028
0.3,1.31,25.138770196260904,-0.8510930520258729,59.57503115288246,29.19,3.0,headache,S028
0.24,1.32,25.09621233346596,-0.597795800264127,59.623384766438875,29.19,3.0,headache,S028
-0.28,1.33,25.49636502114479,-0.49487258723073724,59.2635603998113,29.19,3.0,headache,S028
0.14,1.35,25.254644517113846,-0.9074907087662043,59.13654585831607,29.19,3.0,headache,S028
0.09,1.36,25.054645474377576,-0.9001058673058372,59.3086358373789,29.21,3.0,headache,S028
-0.16,1.37,24.97347439286075,-0.6536016362630762,59.866991705722164,29.21,3.0,headache,S028
-0.22,1.37,24.985998604168163,-1.0696483828875503,59.78918149929101,29.21,3.0,headache,S028
0.26,1.37,24.81626743409284,-0.9531926379300938,59.84160918087977,29.21,3.0,headache,S028
-0.2,1.36,25.247620038632842,-1.0406423793307484,59.698734447000206,29.21,3.0,headache,S028
0.63,1.35,25.20893294241648,-0.840073154932945,59.37851422266598,29.21,3.0,headache,S028
-0.23,1.36,25.085134478121006,-1.0330088604508956,59.39885508393883,29.21,3.0,headache,S028
0.49,1.39,25.35186199346555,-0.9539239906311829,59.75820519600909,29.21,3.0,headache,S028
-0.94,1.4,24.97051672284982,-1.1559607005401453,59.50228287341794,29.21,3.0,headache,S028
0.22,1.42,25.170812625921297,-0.9904605420293496,59.34821996213704,29.21,3.0,headache,S028
0.63,1.44,24.885021919526114,-1.014824278494146,59.80786733315687,29.21,3.0,headache,S028
-0.77,1.44,25.100959923436793,-0.9832642206352699,59.61933050609156,29.21,3.0,headache,S028
0.31,1.44,24.859758582537207,-1.017684551279857,59.49626010170316,29.21,3.0,headache,S028
-0.53,1.43,24.98109264908712,-0.9817579473442357,59.33798553707421,29.21,3.0,headache,S028
0.3,1.44,24.967534229348324,-1.0186085276966097,59.721989752365424,29.21,3.0,headache,S028
0.49,1.42,25.029231626822405,-0.9811305574500438,59.52463049531141,29.21,3.0,headache,S028
-0.79,1.41,24.833598838915048,-1.0190653314348086,59.478628660272896,29.23,3.0,headache,S028
0.11,1.4,25.054975924202704,-0.9807841239142582,59.271845212179,29.23,3.0,headache,S028
0.32,1.4,24.949313963395834,-1.0193292898375168,59.66539820569677,29.23,3.0,headache,S028
0.12,1.39,25.054088813819487,-0.9805941841373655,59.38760218645984,29.23,3.0,headache,S028
0.15,1.39,24.916641154279652,-1.0194379896390366,59.61698764609563,29.21,3.0,headache,S028
-0.09,1.38,24.923001261848132,-0.9805922273793949,59.94967226683365,29.21,3.0,headache,S028
0.08,1.38,25.007761205061744,-1.0192781211006958,59.503294652846115,29.21,3.0,headache,S028
-0.23,1.37,24.996109936751623,-0.981029871767467,59.47633448911677,29.21,3.0,headache,S028
-0.14,1.37,25.01216826293552,-1.0182913533208684,59.96512975392957,29.23,3.0,headache,S028
0.02,1.37,24.837629520885848,-0.9833665752553195,59.732275502780176,29.23,3.0,headache,S028
0.38,1.37,24.916858250059242,-1.0105937688066662,59.74254165141166,29.23,3.0,headache,S028
-0.11,1.36,25.330729711768594,-0.7296698898313091,59.22078210077303,29.23,3.0,headache,S028
0.16,1.36,25.27067974641822,-1.031993869485054,59.32705768033849,29.23,3.0,headache,S028
0.13,1.36,25.16244515875129,-0.9718728037263649,59.23232415162613,29.23,3.0,headache,S028
-0.6,1.36,25.066666220178316,-1.026955236453571,59.413046313145166,29.23,3.0,headache,S028
-0.18,1.35,25.259892608100238,-0.9734442939490526,59.41244819703396,29.23,3.0,headache,S028
0.74,1.35,25.081272598764745,-1.02650870137718,59.25939086361375,29.21,3.0,headache,S028
-0.46,1.35,25.09962721271777,-0.9733188114293985,58.98598553226648,29.21,3.0,headache,S028
0.03,1.35,24.93033499788774,-1.0270367204490118,59.52377348858151,29.21,3.0,headache,S028
0.07,1.37,25.16485607568121,-0.972402850755933,59.39492924636889,29.21,3.0,headache,S028
0.12,1.39,24.98281647810012,-1.0284590060885064,59.506988231466465,29.21,3.0,headache,S028
0.12,1.41,25.022097699352827,-0.9701111997962001,59.76579527335295,29.21,3.0,headache,S028
-0.02,1.42,24.98186055906779,-1.0327126714764236,59.56275219705543,29.21,3.0,headache,S028
-0.28,1.43,25.00820146935192,-0.9593907565654561,59.52086429373138,29.21,3.0,headache,S028
0.36,1.43,25.021069764375657,-1.1013141645919486,59.63787325728705,29.23,3.0,headache,S028
-0.26,1.43,24.978613870332406,-1.0896268152281277,59.44685210485783,29.23,3.0,headache,S028
-0.13,1.42,24.861098461974887,-1.1054577929789524,59.700419112865355,29.23,3.0,headache,S028
0.42,1.41,25.11589395554367,-0.9590563496759799,59.43497025997195,29.23,3.0,headache,S028
-0.01,1.4,25.024422005252447,-1.034253577857735,59.35970553489889,29.23,3.0,headache,S028
-0.19,1.39,25.325570736887364,-0.9674602475332927,59.68886125178138,29.23,3.0,headache,S028
-0.1,1.38,25.010347612080224,-1.0321363602638256,59.44799361381823,29.23,3.0,headache,S028
0.08,1.38,25.064432610183605,-0.9677521148344963,59.42173640842811,29.23,3.0,headache,S028
-0.08,1.38,24.948836893543742,-1.0326193256786889,59.22278787307121,29.23,3.0,headache,S028
0.18,1.38,25.04098348976542,-0.9668497511749294,59.57029185591996,29.23,3.0,headache,S028
-0.34,1.37,24.822652245977615,-1.0337964544361629,59.347021588933664,29.23,3.0,headache,S028
0.2,1.36,25.066135407817107,-0.9654620425848394,59.35435765335939,29.23,3.0,headache,S028
0.27,1.37,24.939860415342274,-1.035366771837591,59.58556998572174,29.23,3.0,headache,S028
0.11,1.37,25.05806147753817,-0.9637182362459337,59.571813197638576,29.23,3.0,headache,S028
-0.2,1.36,24.94279709936991,-1.037286420165607,59.64009000391528,29.23,3.0,headache,S028
-0.23,1.36,25.056981509733486,-0.9616119774374919,59.96661294682821,29.23,3.0,headache,S028
0.4,1.36,24.942782524980647,-1.0395976759883094,59.53542153922457,29.29,3.0,headache,S028
0.07,1.36,25.05787558043921,-0.9590689056046259,59.52255568715039,29.29,3.0,headache,S028
-0.8,1.35,24.94097845663478,-1.0424103957958681,59.926374887001735,29.29,3.0,headache,S028
0.35,1.35,25.060866322304197,-0.9559322959774014,59.91526794062762,29.29,3.0,headache,S028
0.3,1.35,24.936040132491915,-1.0459526186135646,59.690912545603666,29.25,3.0,headache,S028
0.24,1.35,25.069958358323007,-0.9518507735018243,59.810913563841254,29.25,3.0,headache,S028
-0.25,1.34,24.913792813330822,-1.0508205258025713,59.459936446526385,29.25,3.0,headache,S028
-0.03,1.34,25.15907707617429,-0.945651365349229,59.41148915087942,29.25,3.0,headache,S028
-0.55,1.34,25.02985167092971,-1.0599200225856225,59.579192038949174,29.25,3.0,headache,S028
1.35,1.34,24.79475980982211,-0.9264846608419858,59.4845483597103,29.25,3.0,headache,S028
-0.64,1.33,25.170960892183476,-1.2553457966324548,59.35410074665209,29.25,3.0,headache,S028
-0.7,1.33,25.26597995395309,-1.111950270358985,59.15847188158269,29.25,3.0,headache,S028
0.51,1.33,25.39625517573087,-1.378085202380826,59.17191154047831,29.27,3.0,headache,S028
0.25,1.33,25.26309899401803,-1.106793384058167,59.358187491850664,29.27,3.0,headache,S028
-0.25,1.33,24.917748536666007,-1.2394943832801213,59.488034702352756,29.27,3.0,headache,S028
-0.1,1.33,25.137683744641595,-1.0649323941246573,59.279284979240686,29.27,3.0,headache,S028
-0.09,1.33,24.98959049623911,-1.034357796575045,59.14164748999116,29.29,3.0,headache,S028
0.22,1.32,25.06361545747243,-0.9444471691020944,59.372641905393365,29.29,3.0,headache,S028
0.01,1.32,24.978683684278028,-1.0654427522023946,59.41240854801222,29.29,3.0,headache,S028
-0.48,1.32,25.181664178824175,-1.3143563972226893,59.50159927186519,29.29,3.0,headache,S028
0.43,1.32,24.920253287270633,-1.5056426212078815,59.86628646065772,29.29,3.0,headache,S028
-0.01,1.31,25.334486355270837,-0.985692976422037,59.300532375820445,29.29,3.0,headache,S028
0.33,1.32,24.870593045727148,-1.0870831620124242,59.453062305606565,29.29,3.0,headache,S028
-0.17,1.32,25.162222140296713,-0.881560452533933,59.37694019316934,29.29,3.0,headache,S028
0.29,1.32,24.802880091446134,-1.1475675544728712,59.95650664857164,29.29,3.0,headache,S028
-0.32,1.31,25.30236910674686,-0.9040798149404738,59.85316612411633,29.29,3.0,headache,S028
-0.07,1.31,24.789847075229726,-1.4391907311847234,59.35134134757361,29.29,3.0,headache,S028
-0.06,1.31,25.330454621959497,-0.9174130407526133,59.602935386935634,29.29,3.0,headache,S028
0.64,1.31,24.104802271126392,-2.3060929986008865,59.764996697487206,29.27,3.0,headache,S028
-0.38,1.3,26.832287566846137,-0.6037825110162666,58.813995149922356,29.27,3.0,headache,S028
-0.18,1.3,28.767865779782582,0.2006430631904761,58.138414236397594,29.27,3.0,headache,S028
0.34,1.3,26.582003447962983,-2.884576189875402,58.81146061468468,29.27,3.0,headache,S028
-0.51,1.3,27.047262628436478,-2.8526115667529908,58.951988796019464,29.29,3.0,headache,S028
0.38,1.3,26.895589332268983,-2.4184958278636617,58.792482607577355,29.29,3.0,headache,S028
0.26,1.3,27.12411138105408,-1.694984544174586,58.95325547640617,29.29,3.0,headache,S028
-0.07,1.31,27.05921750414592,-1.9848309035579845,59.02833088355963,29.29,3.0,headache,S028
-0.8,1.34,27.07165250140491,-1.5623869284458447,58.85788698456356,29.31,3.0,headache,S028
0.32,1.38,26.78468446715402,-1.654129708920528,59.00731417710169,29.31,3.0,headache,S028
0.23,1.45,26.89266610215465,-1.5816509851866924,59.00416724472321,29.31,3.0,headache,S028
0.24,1.49,27.01600118291557,-1.3892950490925027,58.95239741996114,29.31,3.0,headache,S028
0.05,1.51,26.949121478853186,-0.8480243737293761,58.66468878245143,29.29,3.0,headache,S028
-0.26,1.53,27.224052018734916,-1.31902075306971,58.82991640038266,29.29,3.0,headache,S028
-0.18,1.55,27.11806674907372,-1.4491140709748493,58.6955678249944,29.29,3.0,headache,S028
0.35,1.55,27.250852342071422,-1.7716201467296233,58.78873841221761,29.29,3.0,headache,S028
-0.89,1.54,27.134948777776774,-1.4846414553527756,58.952358774731096,29.29,3.0,headache,S028
0.81,1.52,26.014778150978277,-2.726510206212475,59.27653271602932,29.29,3.0,headache,S028
0.4,1.5,25.883826597078222,-2.532572731479342,58.93119197753417,29.29,3.0,headache,S028
-0.31,1.49,26.50423273533544,-1.7773710663307996,59.049326548414136,29.29,3.0,headache,S028
0.01,1.48,26.456571309293587,-0.715074799695334,58.96091895688861,29.31,3.0,headache,S028
-0.39,1.47,26.54227805116495,-0.6211999302375345,59.03294008518117,29.31,3.0,headache,S028
0.34,1.47,26.345400903356364,-0.7985973452140583,58.97116955639433,29.31,3.0,headache,S028
-0.55,1.49,26.327074623460216,-1.0107891075850381,59.02586635365534,29.31,3.0,headache,S028
0.08,1.51,26.3089740425749,-0.9876212442598705,58.976386960850455,29.29,3.0,headache,S028
0.93,1.53,25.987183324999073,-1.0115730972428822,59.02183307912895,29.29,3.0,headache,S028
-0.5,1.55,26.021103980997875,-0.9910160538442805,58.9796140230217,29.29,3.0,headache,S028
-0.24,1.56,25.975941273223192,-1.0041276530776495,59.019183308754904,29.29,3.0,headache,S028
0.32,1.55,26.032408314557227,-1.0055224409098538,58.981833301712506,29.29,3.0,headache,S028
0.46,1.55,26.106834787320256,-0.9681443551219511,59.0172961593832,29.29,3.0,headache,S028
-0.7,1.53,26.001030381791548,-1.424324768377089,58.98345645149456,29.29,3.0,headache,S028
-0.03,1.53,26.001518759375173,-1.504242629330031,59.01588871708039,29.29,3.0,headache,S028
0.06,1.51,26.275606675981777,-0.8571513531963981,58.9846828177569,29.31,3.0,headache,S028
0.47,1.5,25.799089645098665,-0.9958149161649992,59.014818709653916,29.31,3.0,headache,S028
-0.18,1.49,25.884013706449373,-0.98594874926005,58.98561350676691,29.31,3.0,headache,S028
-0.34,1.49,26.170029678138704,-1.0168530765284836,59.014016781959924,29.31,3.0,headache,S028
0.56,1.48,25.975786264328917,-0.9828245599259597,58.98629107967956,29.31,3.0,headache,S028
0.01,1.47,26.175316284840996,-1.0168711051647448,59.01346588850823,29.31,3.0,headache,S028
-0.08,1.47,26.097813598017268,-0.9835318908919042,58.98670438543742,29.31,3.0,headache,S028
-0.19,1.46,25.99553718897724,-1.0162534092081812,59.01321371516352,29.31,3.0,headache,S028
0.03,1.45,25.991034978164308,-0.983388839028736,58.986750735530606,29.31,3.0,headache,S028
0.28,1.45,26.0177247947481,-1.0185244694484843,59.01345784990647,29.31,3.0,headache,S028
-0.42,1.45,25.972906269644064,-0.9741505125279017,58.986045012082144,29.31,3.0,headache,S028
0.35,1.44,26.01946903667551,-1.070150073022323,59.01501933559556,29.31,3.0,headache,S028
-0.59,1.44,25.966731834839216,-1.3919565402411922,58.98247423471898,29.33,3.0,headache,S028
0.26,1.43,26.12720611767912,-0.9308026081441547,59.026338743831275,29.33,3.0,headache,S028
0.34,1.43,26.198974756266544,-0.44230333215913864,59.11278874807512,29.33,3.0,headache,S028
-0.03,1.43,26.605019285529803,-0.9352104542498724,58.99566131532819,29.33,3.0,headache,S028
-0.54,1.42,26.598419064821133,-0.5480747605983124,58.99824477947396,29.31,3.0,headache,S028
0.06,1.42,26.03147895626117,-0.7081961610656716,59.00387035474413,29.31,3.0,headache,S028
0.25,1.42,26.335995895624098,-0.7291260752134643,58.99506638467968,29.31,3.0,headache,S028
0.29,1.41,26.24883991211666,-0.9038515489422027,59.005598377553895,29.31,3.0,headache,S028
-0.56,1.41,26.163264491953978,-0.9514354181395762,58.99389070917424,29.31,3.0,headache,S028
0.06,1.41,26.169465928788856,-0.6041103015817402,59.00660293356411,29.31,3.0,headache,S028
0.37,1.41,26.54662804424352,-0.6083439986502902,58.99279963801479,29.31,3.0,headache,S028
0.18,1.4,26.36789769766494,-0.7500898101578846,59.00807163978605,29.31,3.0,headache,S028
-0.25,1.39,26.32623038149231,-0.5975261310893146,58.99044587837175,29.31,3.0,headache,S028
0.26,1.39,26.558119044647718,-0.6138412382955257,59.012538697467484,29.31,3.0,headache,S028
-0.2,1.39,26.29120548990088,-0.19061660190682353,58.97951703142119,29.31,3.0,headache,S028
-0.45,1.38,26.34597746730027,-0.5012581719494481,59.0674805075378,29.31,3.0,headache,S028
0.5,1.38,25.716321634646665,-1.104034247154517,59.12043636943763,29.33,3.0,headache,S028
-0.23,1.38,25.8271680016294,-0.4550326972576797,59.13492582148879,29.33,3.0,headache,S028
0.54,1.38,25.78587225125561,-0.8011774970537023,59.19481753880866,29.33,3.0,headache,S028
-0.36,1.37,25.819257277209108,-0.8173239293000112,58.988282730874104,29.33,3.0,headache,S028
0.36,1.37,25.881159112800145,-0.8461499909763213,59.01646839341549,29.31,3.0,headache,S028
-0.1,1.37,25.68543141132819,-0.8710863833716886,58.975342344614205,29.31,3.0,headache,S028
-0.2,1.36,25.57958879567023,-0.8439906516359068,59.137132843884714,29.31,3.0,headache,S028
-0.17,1.36,25.978148485777062,-1.0243896742213574,58.991003873738336,29.31,3.0,headache,S028
-0.17,1.36,25.64486978940588,-0.9600089241524283,59.089548910218944,29.31,3.0,headache,S028
0.26,1.36,25.939927006288062,-0.825920846943485,59.064382128737115,29.31,3.0,headache,S028
0.62,1.36,26.080215069265535,-0.7191699074677838,58.97321078280241,29.31,3.0,headache,S028
-0.42,1.35,26.00139392582277,-0.8847386924638543,59.01698427069471,29.31,3.0,headache,S028
0.47,1.36,25.881944076364523,-0.6643366012946584,58.98817619823491,29.33,3.0,headache,S028
-0.79,1.35,25.808464466079364,-1.0540415614708507,59.00761558043079,29.33,3.0,headache,S028
0.38,1.35,25.65940050388254,-0.7583129902748333,58.999526988845325,29.33,3.0,headache,S028
-0.39,1.35,25.585591905747474,-0.8733864200659814,59.36594659872388,29.33,3.0,headache,S028
0.14,1.35,25.368530127573784,-0.4313737479670788,59.08814463600682,29.35,3.0,headache,S028
-0.02,1.34,25.98396445039029,-0.46273264953175947,59.11491917851497,29.35,3.0,headache,S028
0.54,1.34,25.26188462074616,-1.1896486653457288,59.2771352182655,29.35,3.0,headache,S028
-0.49,1.34,25.87562260733021,-0.6565385689559491,59.033206226091494,29.35,3.0,headache,S028
-0.1,1.34,25.97742920811247,-1.079648071986881,58.99035630416321,29.33,3.0,headache,S028
0.89,1.33,25.563231074821534,-0.9381228182000458,59.12618813959091,29.33,3.0,headache,S028
-0.43,1.33,25.707170285204995,-1.3192331032727445,59.05540400205377,29.33,3.0,headache,S028
-0.5,1.33,25.322006852182135,-0.9503090457539322,59.30013319355781,29.33,3.0,headache,S028
0.0,1.33,25.561335331591835,-0.9537981269321737,59.148786816771874,29.33,3.0,headache,S028
0.67,1.32,25.644780638343963,-0.8907084450679804,59.00760259098185,29.33,3.0,headache,S028
-0.22,1.32,25.564535327179954,-1.0761060141679624,59.21066992713517,29.33,3.0,headache,S028
0.17,1.33,25.401886701266125,-0.927317269556492,59.26565093327073,29.33,3.0,headache,S028
-0.32,1.32,25.686912824163475,-1.076592119845598,59.026055964703666,29.33,3.0,headache,S028
-0.34,1.32,25.234752920513007,-0.9176313815276423,59.276538700126025,29.33,3.0,headache,S028
0.47,1.31,25.60725315124042,-0.9322322557580176,59.11286105023763,29.33,3.0,headache,S028
-0.02,1.32,25.54143091987897,-1.1398289777987445,59.06986813829451,29.33,3.0,headache,S028
-0.54,1.31,25.05570749910599,-0.893736103641763,59.11827951615553,29.33,3.0,headache,S028
-0.11,1.31,25.92157203868842,-0.882926106359089,59.03915215932071,29.33,3.0,headache,S028
0.51,1.31,25.935204627906582,-0.6225915738990088,58.99851099148922,29.33,3.0,headache,S028
0.67,1.31,26.043470633800805,-1.0437259196433037,58.98775872368436,29.33,3.0,headache,S028
-0.42,1.3,25.678078803992367,-1.2303816127103886,59.02666367460639,29.35,3.0,headache,S028
-0.21,1.3,25.870962986788978,-1.0941602827841814,58.945839934600684,29.35,3.0,headache,S028
0.14,1.3,25.731182858278093,-1.4395312334428125,59.17146840359323,29.35,3.0,headache,S028
0.43,1.3,25.170816410055735,-1.4173150383147883,59.54329235003319,29.35,3.0,headache,S028
-0.76,1.3,25.71656403743355,-0.92309005363641,59.00628925324235,29.33,3.0,headache,S028
0.2,1.29,25.6178368428346,-1.0949634924189178,59.259677332674165,29.33,3.0,headache,S028
0.37,1.29,25.732650955092165,-0.9027576501546158,59.07901511343027,29.33,3.0,headache,S028
-1.19,1.29,25.880591505738956,-1.1192249225591655,59.200629485443585,29.33,3.0,headache,S028
0.77,1.28,24.706032817533465,-0.7662293262577946,59.24560329674161,29.35,3.0,headache,S028
-0.5,1.28,26.098541337843272,-0.9726547241966002,59.20899830823701,29.35,3.0,headache,S028
0.46,1.29,25.651204981734615,-0.6971965926357041,58.91091130223727,29.35,3.0,headache,S028
-1.8,1.28,26.02668748014985,-0.7022091398993411,59.06479565792344,29.35,3.0,headache,S028
-3.62,1.27,25.80831108727219,-0.8179830410106083,58.94064815662949,29.35,3.0,headache,S028
9.95,1.27,26.237300539362987,-0.6135998602729589,59.25934995395763,29.35,3.0,headache,S028
-2.95,1.28,25.79217346074637,-1.056953818546718,59.206063874912125,29.35,3.0,headache,S028
-1.07,1.26,25.938001149725636,-1.077317123541378,59.20055550043234,29.35,3.0,headache,S028
0.13,1.26,25.753228025901723,-0.9538379711277121,59.11181344934538,29.35,3.0,headache,S028
-0.39,1.26,25.415984385353077,-0.8950902274336804,59.10988799467965,29.35,3.0,headache,S028
0.38,1.26,25.680038507925822,-1.0027175452081338,59.10310840304077,29.35,3.0,headache,S028
-0.36,1.25,25.47872070211803,-1.001386451865601,59.2386337448597,29.35,3.0,headache,S028
-0.14,1.25,25.659879362881163,-0.9972484268833012,59.2105630952512,29.37,3.0,headache,S028
0.36,1.25,25.381537023289333,-1.007169580575854,59.124283478654554,29.37,3.0,headache,S028
0.24,1.24,26.00213582490715,-0.913593981285028,58.93926149401467,29.37,3.0,headache,S028
-0.51,1.24,26.338554687749998,-0.8441122555665052,59.0510664551535,29.37,3.0,headache,S028
0.28,1.25,25.87534999153806,-0.8494811179441691,58.94655703666943,29.33,3.0,headache,S028
-0.48,1.25,25.94473913400651,-1.196069980943421,59.0855752064298,29.33,3.0,headache,S028
0.37,1.25,25.873496523607617,-1.2315405096299687,58.95272235456114,29.33,3.0,headache,S028
-0.11,1.25,26.586723321794018,-0.9302899001125983,58.8827451087876,29.33,3.0,headache,S028
0.05,1.25,25.916480742806545,-1.0519718312076043,58.969016758977396,29.35,3.0,headache,S028
-0.28,1.25,25.900206531422807,-1.2056883104474814,59.0268437975155,29.35,3.0,headache,S028
-0.24,1.25,25.96006242289532,-0.6506118575832489,58.97186204625219,29.35,3.0,headache,S028
0.08,1.25,26.239176116632184,-0.7152114996088738,59.07231922935943,29.35,3.0,headache,S028
0.72,1.25,24.260014024967703,-1.5086247399113104,59.39209836089595,29.39,3.0,headache,S028
-0.19,1.25,25.178009037295528,-1.8066753401129436,59.828419508984425,29.39,3.0,headache,S028
0.13,1.26,26.097515151021874,-0.8663992323127631,59.14601234755023,29.39,3.0,headache,S028
0.27,1.28,25.232502776349794,-0.9362720328158365,59.612173855893815,29.39,3.0,headache,S028
0.48,1.28,25.045178969335197,-1.6411053252728034,59.66336493364618,29.39,3.0,headache,S028
-1.18,1.27,24.926654628386892,-1.088733909913398,59.46858555285476,29.39,3.0,headache,S028
-1.04,1.27,25.233264829453883,-1.2601341424296628,59.32427928717129,29.39,3.0,headache,S028
1.08,1.28,24.988654659553504,-1.0616210684125207,59.39523677925205,29.39,3.0,headache,S028
0.33,1.28,25.181788326372764,-0.9788558002279427,59.217993722248885,29.37,3.0,headache,S028
0.43,1.26,24.944819952554205,-1.0121115119825834,59.54590667609516,29.37,3.0,headache,S028
0.06,1.26,25.075947537993112,-0.9919548065559588,59.426749445056466,29.37,3.0,headache,S028
-0.64,1.27,24.893041809192916,-1.131172722823677,59.555334174266775,29.37,3.0,headache,S028
-0.44,1.28,25.266645910417328,-1.042458298503038,59.501811311217445,29.35,3.0,headache,S028
0.8,1.28,25.47277997044092,-1.2887346888010436,59.241407764579854,29.35,3.0,headache,S028
-0.21,1.29,25.751713498667957,-1.3213140657740032,58.9879964431501,29.35,3.0,headache,S028
-0.01,1.29,25.76587030814867,-1.145615931752374,59.14774680382083,29.35,3.0,headache,S028
-0.44,1.3,25.80063765481475,-1.108973013287262,58.97030626003346,29.39,3.0,headache,S028
0.14,1.29,25.4609782921894,-0.9251845008510462,59.03682997557378,29.39,3.0,headache,S028
0.57,1.29,25.268870552056715,-1.2678780903253195,58.946308438313565,29.39,3.0,headache,S028
-0.12,1.29,25.283847482093464,-1.1497909727531452,59.28203679669251,29.39,3.0,headache,S028
-0.15,1.28,25.11725673517206,-0.9991241759967421,59.25654346959043,29.35,3.0,headache,S028
-0.09,1.29,25.292200123724495,-0.9935986563028306,59.30276841854929,29.35,3.0,headache,S028
-0.55,1.31,25.096518733036287,-1.0072287140877971,59.21734542338504,29.35,3.0,headache,S028
0.67,1.33,25.311314959768186,-1.0046445559425163,59.18571464866018,29.35,3.0,headache,S028
-0.24,1.34,25.138962586704423,-0.745962379583918,59.51409706812719,29.37,3.0,headache,S028
-0.01,1.34,25.257269454469327,-0.6461204188425468,59.36086841087161,29.37,3.0,headache,S028
0.14,1.34,25.26709796824936,-1.1419622479468947,59.52707206901272,29.37,3.0,headache,S028
0.01,1.34,25.71897252156161,-0.8119997747823223,59.42220886548141,29.37,3.0,headache,S028
0.25,1.33,25.55621180109557,-0.755930567882803,59.1980624603695,29.39,3.0,headache,S028
0.06,1.33,25.086389053504835,-0.5581769212862097,59.34625858933879,29.39,3.0,headache,S028
-0.54,1.34,24.86674473208134,-1.23518329057403,59.252840660517265,29.39,3.0,headache,S028
0.67,1.37,25.644310306607295,-0.9433351553599868,59.4688100684625,29.39,3.0,headache,S028
-0.12,1.4,25.586493987191755,-1.0746444305260454,59.31028271599856,29.39,3.0,headache,S028
-0.28,1.46,25.264621018852658,-1.2448405531086102,59.503219116542375,29.39,3.0,headache,S028
0.45,1.51,25.4819771494305,-0.8507978231573986,59.298891198225675,29.39,3.0,headache,S028
-0.25,1.54,25.574670895752313,-0.3597263627184321,59.14846837930213,29.39,3.0,headache,S028
-0.36,1.55,26.463240148045955,-0.8612364891576849,58.971511383329265,29.41,3.0,headache,S028
-0.11,1.54,26.249408826253596,-0.9342192379185048,58.98553548315532,29.41,3.0,headache,S028
0.55,1.53,25.136368558364037,-0.9181353098532934,59.239310614585335,29.41,3.0,headache,S028
-0.12,1.51,25.18367162801747,-1.064964333106658,59.03178532945283,29.41,3.0,headache,S028
0.34,1.5,25.290258765102028,-0.9441576705276159,59.19278288604397,29.39,3.0,headache,S028
-0.02,1.47,25.058328068011573,-1.0498725662830197,59.569865207375045,29.39,3.0,headache,S028
-0.36,1.46,25.078457973788314,-0.9543562270607316,59.46666881674451,29.39,3.0,headache,S028
0.33,1.45,25.038138122236862,-1.0425119295247083,59.216045291413174,29.39,3.0,headache,S028
-0.59,1.44,24.965008190697045,-0.959866525878143,59.72771260435561,29.39,3.0,headache,S028
0.01,1.43,25.032504502336923,-1.0383081023559795,59.41299955529215,29.39,3.0,headache,S028
0.41,1.42,24.96713330367275,-0.9630870933306006,59.45996131738331,29.39,3.0,headache,S028
-0.06,1.42,25.135704535319693,-1.0358712076181635,59.25176036150725,29.39,3.0,headache,S028
0.04,1.41,25.0266551843899,-0.9648632029350426,59.89408904454398,29.41,3.0,headache,S028
-0.13,1.41,25.130925737561867,-1.0346860113632042,59.776840900852086,29.41,3.0,headache,S028
0.19,1.4,24.955247008082875,-0.9654855081485559,59.93755719889863,29.41,3.0,headache,S028
-0.03,1.4,25.03364802078857,-1.034637554046006,59.26554473026513,29.41,3.0,headache,S028
-0.14,1.4,24.972876778972335,-0.9649055381756751,59.560169054698704,29.41,3.0,headache,S028
0.09,1.39,25.017980611316393,-1.0359585153715283,59.38403137731602,29.41,3.0,headache,S028
0.16,1.38,25.014323304923003,-0.9626420885360597,59.24847282044597,29.41,3.0,headache,S028
-0.05,1.38,25.283756194618515,-1.0395197909994747,59.366394945796856,29.41,3.0,headache,S028
-0.26,1.38,24.89837267797107,-0.9571285091492842,59.109515402443364,29.41,3.0,headache,S028
0.06,1.37,25.484597313319917,-1.0483081233920635,59.290176250574035,29.41,3.0,headache,S028
0.25,1.37,25.063206766517172,-0.9419272869119314,59.26216386259034,29.41,3.0,headache,S028
-0.43,1.37,25.008562350903752,-1.0800275827120176,59.71554021145221,29.41,3.0,headache,S028
0.2,1.37,25.077774506258148,-0.6125337377026333,58.92570526171167,29.43,3.0,headache,S028
0.28,1.36,25.251505825483267,-0.7024183386941353,59.13167910016521,29.43,3.0,headache,S028
-0.35,1.37,25.02941722779898,-0.9402175254645821,59.35530726596783,29.43,3.0,headache,S028
0.05,1.39,25.027234503676837,-0.9284425631655852,59.559678905854064,29.43,3.0,headache,S028
0.28,1.43,24.944197545054212,-1.028364196549995,59.51379096466007,29.43,3.0,headache,S028
-0.16,1.45,25.15213898747824,-0.9850627591782637,59.37816827646364,29.43,3.0,headache,S028
-0.09,1.48,25.04324249107472,-1.0079501153209158,59.55145447416346,29.43,3.0,headache,S028
0.13,1.53,25.053876910803652,-0.9964572417962623,59.539093036741384,29.43,3.0,headache,S028
-0.05,1.58,25.046182528825565,-1.0004047377532619,59.68775480004216,29.41,3.0,headache,S028
0.42,1.62,24.994081851495583,-1.002082691913881,59.27135985312375,29.41,3.0,headache,S028
-0.45,1.65,24.97361993347059,-0.9957465803794968,59.81893964032271,29.41,3.0,headache,S028
0.04,1.65,25.159972273655676,-1.004889601143,59.5482353624635,29.41,3.0,headache,S028
-0.12,1.64,25.320616710570196,-0.7112092370652126,59.291403307034,29.43,3.0,headache,S028
0.18,1.63,25.25322864573362,-0.7967852900049107,59.21730039292383,29.43,3.0,headache,S028
0.02,1.62,25.29463808269568,-0.9866195185289499,59.33975361378735,29.43,3.0,headache,S028
0.22,1.6,24.984376715051244,-1.0059433279524577,59.38313953402716,29.43,3.0,headache,S028
-0.52,1.57,25.018100221801365,-0.9944582670059682,59.51098740711638,29.41,3.0,headache,S028
0.24,1.55,24.98442269607941,-1.0058680043843424,59.7264555783428,29.41,3.0,headache,S028
0.55,1.54,25.013268748869645,-0.9936715339731613,59.74210232323634,29.41,3.0,headache,S028
-0.85,1.52,24.98858325645497,-1.0068263256370245,59.57816519259979,29.41,3.0,headache,S028
-0.05,1.51,25.00995468757694,-0.9926427797657965,59.60745193996668,29.41,3.0,headache,S028
0.32,1.5,24.991190466966543,-1.0079471370883974,59.552917557519216,29.41,3.0,headache,S028
0.7,1.5,25.007932073149245,-0.9913544885464495,59.41130447408062,29.41,3.0,headache,S028
-0.54,1.49,24.992702242082505,-1.0095384624000578,59.52328037308311,29.41,3.0,headache,S028
-0.09,1.48,25.006907098477267,-0.9892111862457889,59.77200804427517,29.43,3.0,headache,S028
-0.32,1.48,24.993208137601073,-1.0127504981385098,59.757678768500206,29.43,3.0,headache,S028
0.64,1.47,25.007033521127486,-0.9836277688642479,59.8035507996649,29.43,3.0,headache,S028
-0.23,1.47,24.99218843780267,-1.0253230583116495,59.57625104805728,29.43,3.0,headache,S028
-0.24,1.45,25.009542117590502,-0.9231536310851743,59.68676410879731,29.45,3.0,headache,S028
0.12,1.45,24.98662565033068,-0.8056709470794168,59.66813208755909,29.45,3.0,headache,S028
0.2,1.45,25.023900732752836,-1.008821788002962,59.560489949484975,29.45,3.0,headache,S028
-0.08,1.44,24.901353919026846,-0.9942165712169507,59.943558130520344,29.45,3.0,headache,S028
0.41,1.44,24.942337989360002,-1.003762966006325,59.66930843408301,29.45,3.0,headache,S028
-0.56,1.44,25.025491889616625,-0.9973687815049977,59.5124445878291,29.45,3.0,headache,S028
-0.09,1.44,24.981973750602194,-1.00201367731186,59.76890907550707,29.45,3.0,headache,S028
0.26,1.43,25.01497298383814,-0.9982731786766169,59.677049341245294,29.45,3.0,headache,S028
-0.28,1.43,24.986512344571903,-1.0016812187318773,59.55843012377338,29.45,3.0,headache,S028
0.61,1.42,25.01273656109472,-0.9981651248660205,59.741230255656056,29.45,3.0,headache,S028
-0.25,1.43,24.987619245822927,-1.0021735304569104,59.66847580864701,29.45,3.0,headache,S028
-0.14,1.41,25.01224418008067,-0.9972970357892144,59.68142051797182,29.45,3.0,headache,S028
-0.65,1.41,24.987797696816628,-1.0034477251295977,59.87079533996015,29.47,3.0,headache,S028
1.06,1.41,25.012117143630196,-0.9955450836035455,59.61776022906491,29.47,3.0,headache,S028
0.01,1.41,24.988253586875416,-1.00580441482092,59.68082221794593,29.47,3.0,headache,S028
-0.86,1.4,25.01048798181149,-0.9923693301469247,59.812949336156656,29.47,3.0,headache,S028
0.7,1.4,24.99376524977712,-1.0101699837729337,59.592369813611214,29.47,3.0,headache,S028
0.36,1.4,24.98456202383703,-0.9861265726307433,59.66591780123622,29.47,3.0,headache,S028
-0.97,1.4,24.85913064047806,-1.0197226953312761,59.51453637468619,29.47,3.0,headache,S028
0.74,1.39,25.061854995540994,-0.9696379490599266,59.51007959787357,29.47,3.0,headache,S028
-0.07,1.39,24.936600873870148,-1.056408375774561,59.866740630890945,29.43,3.0,headache,S028
-0.2,1.39,25.334520622560795,-0.9236129896973675,59.51389207004712,29.43,3.0,headache,S028
-0.43,1.38,25.21454080668401,-0.714789668260582,59.39750167469184,29.43,3.0,headache,S028
0.31,1.38,25.163579785162558,-0.8471213460223382,59.462572351043875,29.43,3.0,headache,S028
0.24,1.38,25.158387852795784,-0.6146341001633399,59.61339474780944,29.45,3.0,headache,S028
-0.0,1.38,25.06818445907282,-0.9276910329472045,59.301116765510066,29.45,3.0,headache,S028
0.24,1.37,24.922941759028937,-0.750241106890909,59.287221446976176,29.45,3.0,headache,S028
-0.35,1.37,25.32078382838935,-1.077499916406422,59.15252753964221,29.45,3.0,headache,S028
-0.09,1.37,25.38173572192778,-0.9641174800047435,59.512313347827025,29.45,3.0,headache,S028
0.09,1.37,25.04683855735134,-1.041919798991833,59.533818559707825,29.45,3.0,headache,S028
-0.09,1.36,25.31503928095359,-0.8871278220582371,59.18229173156833,29.45,3.0,headache,S028
0.08,1.37,25.30503268345981,-0.9480886176218264,59.45734825884212,29.45,3.0,headache,S028
-0.29,1.38,25.45919053895405,-1.0413167557213094,59.38146322116537,29.45,3.0,headache,S028
1.0,1.37,24.96532191069727,-0.7947183616738929,59.170753291842836,29.45,3.0,headache,S028
-0.01,1.37,25.01492624938344,-0.8993696595374217,59.56961049085439,29.45,3.0,headache,S028
-0.38,1.37,24.97741924699038,-1.0519773898879066,59.7455902311876,29.45,3.0,headache,S028
-0.45,1.37,25.018931585514135,-0.9601349593958167,59.54279836502099,29.45,3.0,headache,S028
-0.17,1.36,24.984915815438118,-1.0344994790894737,59.61970762340303,29.45,3.0,headache,S028
-0.11,1.36,25.011235445087916,-0.9684580545977537,59.36600694664116,29.45,3.0,headache,S028
0.58,1.36,24.993124626021217,-1.0297275012843088,59.85332764586269,29.45,3.0,headache,S028
-0.05,1.36,25.000770870582755,-0.9714416415720751,59.52025717324905,29.47,3.0,headache,S028
-0.42,1.35,25.01139347651467,-1.0278017037694722,59.48981128831044,29.47,3.0,headache,S028
0.7,1.35,24.92967485743823,-0.9726635776708766,59.96176004898891,29.47,3.0,headache,S028
0.05,1.35,24.912232007371596,-1.027095810876926,59.70432900875451,29.47,3.0,headache,S028
0.01,1.34,25.03875737332276,-0.9729568204751546,60.00384941291492,29.47,3.0,headache,S028
-0.81,1.34,24.97204319859103,-1.0271607026021752,59.65518770221432,29.47,3.0,headache,S028
0.18,1.33,25.022997680184297,-0.9725555162831164,59.95961440841864,29.47,3.0,headache,S028
0.74,1.34,24.979956175770813,-1.0279032009205877,59.370633506777644,29.47,3.0,headache,S028
-0.74,1.33,25.017999026156552,-0.9714403684612076,59.51465482641033,29.47,3.0,headache,S028
-0.03,1.33,24.98362526376495,-1.0294556989126058,59.58822973653999,29.47,3.0,headache,S028
0.2,1.32,25.014787773483835,-0.9693364783337493,59.6515827438025,29.47,3.0,headache,S028
0.05,1.33,24.987435686822,-1.0323089970495392,59.85737829488133,29.47,3.0,headache,S028
0.08,1.32,25.007266548561724,-0.9653742612951338,59.456842996138064,29.45,3.0,headache,S028
0.15,1.32,25.023486065221935,-1.0380947664105995,59.489035980521145,29.45,3.0,headache,S028
0.06,1.32,25.229983782502767,-0.9561208591025344,59.15451051590981,29.45,3.0,headache,S028
-0.04,1.33,25.002523108843224,-1.0555568603280032,59.48953789410525,29.45,3.0,headache,S028
-0.58,1.33,25.222619336607476,-0.9399470445652169,59.35880298875728,29.47,3.0,headache,S028
0.02,1.33,25.452026009213206,-0.8913162270831848,58.988170280234165,29.47,3.0,headache,S028
0.65,1.33,24.924128855586815,-1.011397339250979,59.51325439033097,29.47,3.0,headache,S028
-0.15,1.33,25.02847059108194,-1.0063352581512017,59.86398651602991,29.47,3.0,headache,S028
-0.24,1.33,24.98336123650987,-0.9853227930017042,59.582154170932924,29.47,3.0,headache,S028
-0.14,1.32,25.011320861135584,-1.0203651767647652,59.83136934346069,29.47,3.0,headache,S028
0.56,1.32,24.991536558986205,-0.9747157899807956,59.56828909120125,29.47,3.0,headache,S028
-0.15,1.32,25.006852502966893,-1.0303629782701542,59.67302299549821,29.47,3.0,headache,S028
0.13,1.32,24.993908742930454,-0.9635757086785953,59.68398220237896,29.49,3.0,headache,S028
-0.15,1.32,25.0063752972013,-1.044717642830102,59.94481464950109,29.49,3.0,headache,S028
0.12,1.32,24.98980805085465,-0.9419371085640084,59.43343573647127,29.49,3.0,headache,S028
-0.14,1.32,25.092051332951883,-1.0860018670823532,59.61330103561629,29.49,3.0,headache,S028
-0.25,1.31,25.164404045388284,-0.793024387936828,59.579359876781226,29.49,3.0,headache,S028
0.16,1.31,25.026355257086223,-1.1369603060263649,59.54978333884645,29.49,3.0,headache,S028
0.08,1.31,24.96874778874589,-0.9430727321592948,59.69005365447833,29.49,3.0,headache,S028
-0.27,1.31,25.00970503269584,-0.9364762661062733,59.64204596532547,29.49,3.0,headache,S028
0.33,1.3,24.99042097658545,-0.9954323607159273,59.360025660166066,29.49,3.0,headache,S028
0.16,1.3,25.011509178040974,-0.8643758475983562,59.624203813966126,29.49,3.0,headache,S028
-0.41,1.3,24.983253304795156,-1.0489830968948606,59.72515644802713,29.49,3.0,headache,S028
0.7,1.3,25.039187511793273,-0.9427845793426758,59.52853277156505,29.49,3.0,headache,S028
-0.36,1.29,25.067947822459203,-0.8940986849015472,59.707514966636055,29.51,3.0,headache,S028
-0.23,1.29,25.109837557051915,-1.0307476170449683,59.263425119455576,29.51,3.0,headache,S028
0.64,1.29,25.06790821132654,-0.9700743058382064,59.37767073640241,29.51,3.0,headache,S028
-0.52,1.29,24.93144696630746,-1.0395282312448044,59.4691211604275,29.51,3.0,headache,S028
-0.33,1.29,25.02180206672463,-0.9818402296714963,59.39454289637115,29.51,3.0,headache,S028
0.24,1.28,25.033296658862415,-0.8264350375278816,59.64954376796223,29.51,3.0,headache,S028
-0.05,1.28,24.98041387213139,-1.2044317457461013,59.4880131233625,29.51,3.0,headache,S028
0.01,1.28,25.01597545171394,-0.9458331469079637,59.59536572395309,29.51,3.0,headache,S028
0.13,1.28,24.98478011662386,-1.0289421780728671,59.58893830470304,29.47,3.0,headache,S028
0.15,1.27,25.015963829252236,-0.9834461826210349,59.72946813437671,29.47,3.0,headache,S028
-0.23,1.28,24.98194904981139,-1.006227902742668,59.38035411920697,29.47,3.0,headache,S028
-0.2,1.28,25.022041780875018,-0.870181410957332,59.36929565197484,29.47,3.0,headache,S028
0.52,1.29,24.97010323843225,-1.002759555142697,59.80619283952386,29.49,3.0,headache,S028
-0.11,1.31,25.049485755094736,-1.0128116642456464,59.48536170459283,29.49,3.0,headache,S028
0.04,1.33,24.767836772574448,-0.9255689536593924,59.63285463723936,29.49,3.0,headache,S028
-0.19,1.34,24.29807350889124,-0.9173542541077323,59.77438442036203,29.49,3.0,headache,S028
-0.01,1.35,25.158449506558146,-1.0341213054165115,59.44325779288482,29.51,3.0,headache,S028
0.19,1.35,24.987573108265746,-0.9770667919472539,59.71086045068902,29.51,3.0,headache,S028
-0.18,1.36,25.011312085648623,-1.0176042202795388,59.53480935602818,29.51,3.0,headache,S028
-0.34,1.35,24.990998978652506,-0.9856605892183576,59.497636739305015,29.51,3.0,headache,S028
1.1,1.34,25.00720408967328,-1.0120652321564452,59.55313322523718,29.49,3.0,headache,S028
-0.68,1.33,24.99403255455209,-0.9896448922667705,59.32338449658453,29.49,3.0,headache,S028
-0.03,1.34,25.00550320397567,-1.0090032277874303,59.66967042904925,29.49,3.0,headache,S028
-0.04,1.34,24.99240121999594,-0.9921031972180092,59.20562525880454,29.49,3.0,headache,S028
0.18,1.33,25.118639673893295,-1.006968192243192,59.25926361441352,29.53,3.0,headache,S028
-0.05,1.33,25.021975837629046,-0.9938259599834993,59.244757602661196,29.53,3.0,headache,S028
0.01,1.33,24.96732645058236,-1.0054851236615094,59.336237181801195,29.53,3.0,headache,S028
0.35,1.34,25.154997030766886,-0.9951190130482152,59.64905539076898,29.53,3.0,headache,S028
-0.64,1.35,25.224175629267787,-1.0043469136768042,59.37745830574036,29.49,3.0,headache,S028
0.12,1.39,24.996105168291976,-0.9961278620375156,59.08205439978556,29.49,3.0,headache,S028
0.14,1.43,25.263132158093473,-1.0034487537131773,59.23222620416346,29.49,3.0,headache,S028
0.04,1.47,25.44785296002422,-0.9969289515813164,59.41960775875317,29.49,3.0,headache,S028
0.0,1.5,25.077064936528046,-1.0027351191765486,59.34847904021176,29.51,3.0,headache,S028
-0.18,1.51,24.96420805060861,-0.9975612958422598,59.61340654184044,29.51,3.0,headache,S028
0.7,1.51,25.14001670130526,-1.0021812157932566,59.44719947007277,29.51,3.0,headache,S028
-0.01,1.49,25.24056277579179,-0.9980359848247826,59.32505728412183,29.51,3.0,headache,S028
-1.12,1.48,25.01256118420957,-1.0017910455524137,59.577285193018696,29.51,3.0,headache,S028
0.37,1.46,25.00342973747476,-0.9983299071626356,59.56867971385409,29.51,3.0,headache,S028
0.23,1.45,24.994675786834517,-1.0016152756814565,59.624508425497204,29.51,3.0,headache,S028
0.29,1.43,25.00576540717329,-0.9983477955631068,59.20291180501184,29.51,3.0,headache,S028
-0.33,1.43,24.994156691856784,-1.0018296026259688,59.57264019068319,29.53,3.0,headache,S028
0.29,1.42,25.00565382587118,-0.9977511591713363,59.54909323302341,29.53,3.0,headache,S028
0.01,1.41,24.995103591092548,-1.0031530750545976,59.43130000613203,29.53,3.0,headache,S028
-0.29,1.41,25.002072437228826,-0.9947234837820584,59.24991955956041,29.53,3.0,headache,S028
0.44,1.41,25.01704191970122,-1.0120104307001676,59.38206008712612,29.51,3.0,headache,S028
-0.68,1.4,25.276493532080288,-0.9214647419621461,59.39172992734197,29.51,3.0,headache,S028
0.36,1.39,25.42438096638506,-0.7158525223049993,59.05053966389335,29.51,3.0,headache,S028
0.02,1.39,25.052650414861827,-0.8587190379602156,59.257342595881475,29.51,3.0,headache,S028
-0.1,1.39,25.297129766028604,-0.9927913837245824,59.35370257151465,29.55,3.0,headache,S028
-0.25,1.39,25.196354853387145,-1.0049435202434254,59.130095711153686,29.55,3.0,headache,S028
0.56,1.38,24.966854937050236,-0.9955054415713018,59.649446282161755,29.55,3.0,headache,S028
-0.43,1.37,25.068876725648117,-1.0043394343163183,59.70629994686426,29.55,3.0,headache,S028
0.06,1.37,25.212005729054805,-0.9957135667521027,59.19617248012977,29.51,3.0,headache,S028
-0.34,1.37,25.179109664870847,-1.0042820920906563,59.086198076652856,29.51,3.0,headache,S028
0.89,1.36,25.1347473818191,-0.9956972704975963,59.00709662672878,29.51,3.0,headache,S028
0.08,1.36,25.06543139400658,-1.004333737010506,59.164995041689075,29.51,3.0,headache,S028
-0.58,1.37,24.97230311161906,-0.9956368475474399,59.49937587570064,29.53,3.0,headache,S028
0.56,1.36,25.01893155790824,-1.0043783940501156,59.7252422724882,29.53,3.0,headache,S028
-0.07,1.36,25.003329870765114,-0.9956366423276417,59.16405544731559,29.53,3.0,headache,S028
-0.63,1.36,25.163264991941308,-1.0042943947043055,59.51710473913609,29.53,3.0,headache,S028
-0.09,1.35,24.811923419684703,-0.9958668022822618,59.703273276015324,29.53,3.0,headache,S028
0.73,1.35,25.071289723555182,-1.0038123124551,58.95496966153232,29.53,3.0,headache,S028
-0.25,1.35,25.15955930451171,-0.9967982113141192,59.36019418819188,29.53,3.0,headache,S028
-0.46,1.34,25.13220325993702,-1.0020197794913768,59.024140076852774,29.53,3.0,headache,S028
0.23,1.35,25.135212043243897,-1.0004715340760058,59.22672991764018,29.53,3.0,headache,S028
0.37,1.34,25.038117920428444,-0.9928337503583261,59.189851687099214,29.53,3.0,headache,S028
0.05,1.33,24.95985453436634,-0.8854452278400257,59.43362635533581,29.53,3.0,headache,S028
-0.08,1.33,25.413957214484437,-0.9619748371047964,59.36368320556821,29.53,3.0,headache,S028
-0.36,1.33,25.58357418086102,-0.7524918539465283,59.02937663242426,29.53,3.0,headache,S028
0.18,1.33,25.357013595113514,-1.0658190946483612,59.10253193714737,29.53,3.0,headache,S028
0.0,1.32,25.864562240274264,-0.8797846060737475,59.19396258799048,29.53,3.0,headache,S028
-0.11,1.33,25.56189707332269,-0.9604769716098269,59.013215932018404,29.53,3.0,headache,S028
0.2,1.32,25.30931530076737,-0.9905171805633602,59.12305005157784,29.53,3.0,headache,S028
-0.3,1.32,25.14565206798417,-1.03121233387426,59.02699920745067,29.53,3.0,headache,S028
0.6,1.32,25.119682259279667,-0.8529597286632165,59.63600107107235,29.53,3.0,headache,S028
-0.2,1.32,25.058731912128014,-0.8594983146983419,59.27702891616929,29.53,3.0,headache,S028
-0.52,1.31,24.939503942621744,-1.0214707558331375,59.37509307842599,29.55,3.0,headache,S028
0.13,1.31,25.253070736489274,-0.9942364854181586,59.09147426402131,29.55,3.0,headache,S028
0.2,1.31,25.175598160534122,-0.9958605442600694,59.38240661561891,29.55,3.0,headache,S028
0.25,1.31,25.112068260414453,-1.017817454030977,59.326163713940666,29.55,3.0,headache,S028
-0.31,1.31,25.627932288860148,-0.8378736040411356,59.36343028404872,29.55,3.0,headache,S028
0.68,1.3,25.122908314705224,-0.8749665036527279,59.27473709032626,29.55,3.0,headache,S028
-0.29,1.31,25.315737301554872,-1.0408320720798354,59.369991082365,29.55,3.0,headache,S028
-0.54,1.32,25.05624726235863,-0.9586546150209239,59.495212032736895,29.55,3.0,headache,S028
0.2,1.32,25.010829580982865,-0.8906078935375997,59.486553684086324,29.57,3.0,headache,S028
-0.19,1.32,24.96279988126276,-1.01315530253013,59.49314050686228,29.57,3.0,headache,S028
0.45,1.32,25.138060329620725,-0.99161251594385,59.083400379258556,29.57,3.0,headache,S028
-0.31,1.32,25.290477860437313,-1.0088461679463108,59.38905226496252,29.57,3.0,headache,S028
0.06,1.33,24.95909365656284,-0.9884918351977815,59.25665538877015,29.57,3.0,headache,S028
0.16,1.34,25.018824283417224,-1.0167006728466335,59.44089613802702,29.57,3.0,headache,S028
0.34,1.37,24.995553360329982,-0.97300042209329,59.722860254137835,29.57,3.0,headache,S028
-0.12,1.39,24.981922089371107,-1.0527344847130962,59.60915728801533,29.57,3.0,headache,S028
-0.67,1.39,25.122788049649262,-0.8144308889347756,59.352143712790046,29.55,3.0,headache,S028
0.15,1.4,25.194808492280867,-0.4849076141947886,59.36363997137082,29.55,3.0,headache,S028
0.48,1.4,24.913671660568255,-0.9410861589231865,59.515154683539066,29.55,3.0,headache,S028
0.02,1.39,25.05920557773877,-0.9513217799989728,59.24989352579803,29.55,3.0,headache,S028
-0.32,1.38,25.02352332974965,-1.0203012902977593,59.22490119748996,29.55,3.0,headache,S028
0.09,1.37,25.491902141286705,-0.6980365085706697,59.39401387264482,29.55,3.0,headache,S028
0.37,1.36,25.29691636418676,-0.8316329633951083,59.39645544341461,29.55,3.0,headache,S028
-0.1,1.35,25.375429206540698,-0.6344055054038199,59.24203205462108,29.55,3.0,headache,S028
-0.2,1.34,25.13842749805678,-1.0344451198248055,59.277564548832,29.55,3.0,headache,S028
0.31,1.34,25.61378962871668,-0.7733825027719843,59.20058920371533,29.55,3.0,headache,S028
-0.76,1.34,25.236633262976024,-0.9105778927541356,59.52401518004937,29.55,3.0,headache,S028
0.29,1.33,25.21581996492898,-1.682223931852884,59.11626960458083,29.55,3.0,headache,S028
0.38,1.33,25.456281336078124,-1.5337176160320232,59.41350000337909,29.55,3.0,headache,S028
-0.67,1.33,25.0908546901128,-1.9536104350000278,59.280351611526626,29.55,3.0,headache,S028
1.08,1.32,25.15239345716711,-1.3755331749538653,59.45546746926591,29.55,3.0,headache,S028
-0.43,1.32,25.16410787548971,-1.1936596742455257,59.3943590322531,29.55,3.0,headache,S028
-0.12,1.31,24.956683103433107,-1.6967031297155626,59.64851572557712,29.57,3.0,headache,S028
0.16,1.31,25.51252790068107,-1.334724519556363,59.13464068254427,29.57,3.0,headache,S028
-0.38,1.31,25.082197778997138,-1.0305769915844978,59.498086597019494,29.57,3.0,headache,S028
-0.29,1.31,25.56166447305399,-0.26548053580969305,59.175043197477365,29.57,3.0,headache,S028
0.41,1.3,25.40979753780905,-0.07950329202306264,59.19563644156702,29.55,3.0,headache,S028
-0.39,1.3,25.455577305443704,-0.33881627793889535,59.3911446373363,29.55,3.0,headache,S028
0.43,1.3,25.489729441166713,0.31031664917288465,59.34709380891326,29.55,3.0,headache,S028
0.02,1.29,25.048619689642006,-1.0755302466534984,59.20141669906753,29.55,3.0,headache,S028
0.25,1.29,24.77622693940803,-0.4754093514188699,59.562724428315356,29.59,3.0,headache,S028
-0.45,1.29,24.610884338365956,-0.7904629306570337,59.712399117426514,29.59,3.0,headache,S028
0.11,1.29,24.541521773775806,-1.2772016715194154,59.69152577509597,29.59,3.0,headache,S028
0.82,1.28,25.324626362700908,-0.31429296473908597,59.561017569102894,29.59,3.0,headache,S028
-1.66,1.28,25.209254883347263,-0.7162009192094234,59.554043768213155,29.57,3.0,headache,S028
0.94,1.29,24.89087938285621,-1.0291844051421148,59.81539416046502,29.57,3.0,headache,S028
0.71,1.28,25.15809191654055,-1.0461057366201731,59.53281743772719,29.57,3.0,headache,S028
-0.61,1.28,24.361743432861537,-0.9379369031322329,60.086649837481446,29.57,3.0,headache,S028
0.05,1.28,24.845292942986777,-1.0415065554791019,59.7058748800018,29.57,3.0,headache,S028
-0.29,1.28,24.80627381514917,-1.1953501896671581,59.992451262606046,29.57,3.0,headache,S028
0.3,1.27,25.145417393454238,-1.2572475327482178,59.5325521497827,29.57,3.0,headache,S028
0.02,1.27,25.33077885435694,-0.8381158922856659,59.17687090423446,29.57,3.0,headache,S028
0.14,1.27,24.963851609545923,-1.7845661973921254,59.614129734593156,29.59,3.0,headache,S028
-0.39,1.27,25.041861891087827,-0.8787866351478012,59.46645704223219,29.59,3.0,headache,S028
-0.13,1.27,25.71764195141651,0.38390695701761113,59.19075787562974,29.59,3.0,headache,S028
0.41,1.26,25.89163167117804,0.21895806576298651,59.037320808659224,29.59,3.0,headache,S028
-0.04,1.26,25.945287522034654,0.19521217674634042,58.98535709780901,29.61,3.0,headache,S028
-0.38,1.26,26.332078880468252,-0.11046879041638566,58.999396420169596,29.61,3.0,headache,S028
-0.05,1.25,25.636463099923265,-1.6561085885671711,59.08352425367616,29.61,3.0,headache,S028
0.64,1.25,24.955249222978708,-1.7223921845482955,59.51929863899382,29.61,3.0,headache,S028
0.23,1.25,25.152405554072857,-1.4965872020788782,59.65352856638661,29.59,3.0,headache,S028
-0.56,1.25,24.883191574978976,-0.9173963809034562,59.549734246219586,29.59,3.0,headache,S028
0.07,1.25,25.129423272872238,-0.8845977720076155,59.51955211237059,29.59,3.0,headache,S028
-0.08,1.24,25.357183760697904,-0.9404839548803285,59.516923405725215,29.59,3.0,headache,S028
-0.23,1.25,25.516235814926524,-0.5277577623655259,59.12896517883002,29.57,3.0,headache,S028
0.31,1.25,25.27369624590216,-0.4729029749500042,59.062222232838515,29.57,3.0,headache,S028
0.48,1.25,25.525492195805455,-0.8590459809455158,59.15851075283958,29.57,3.0,headache,S028
-0.9,1.24,25.507758421906587,-0.6115967196301779,59.3522943497109,29.57,3.0,headache,S028
0.53,1.24,25.70742728844465,-0.16173143571057486,59.29949359483842,29.59,3.0,headache,S028
-0.27,1.24,25.28968917663873,-0.5127529076091055,59.24444296255687,29.59,3.0,headache,S028
0.12,1.24,25.030141575403327,-0.9738378625252495,59.42636327268531,29.59,3.0,headache,S028
-0.07,1.24,25.08308815629742,-0.9735888258996601,59.50009874170934,29.59,3.0,headache,S028
0.15,1.24,25.158257358540013,-1.0821875109725334,59.22851520909484,29.59,3.0,headache,S028
0.36,1.24,25.236155277579485,-1.0823281907884876,59.43927853040585,29.59,3.0,headache,S028
-0.24,1.23,25.616691753316555,-0.9916959090438419,59.08448996017413,29.59,3.0,headache,S028
-0.01,1.23,25.807889138415202,-1.3174289897972729,58.992320506150854,29.59,3.0,headache,S028
-0.08,1.24,26.808389988883466,-1.0065538394887572,58.93040981765398,29.57,3.0,headache,S028
0.02,1.24,26.790931207962714,-1.322225922903257,58.917805464582095,29.57,3.0,headache,S028
0.47,1.23,26.813347689385196,-1.4182295470760218,59.03429975963698,29.57,3.0,headache,S028
-0.18,1.23,26.773407789774204,-1.2900005699312498,58.978189838525246,29.57,3.0,headache,S028
-0.16,1.23,26.485678253364455,-1.4360099731341145,59.01535393670232,29.59,3.0,headache,S028
0.27,1.23,26.16661885014035,-1.0830220153757004,58.98894356817051,29.59,3.0,headache,S028
-0.55,1.22,26.06728964371757,-1.2250623524589372,59.00771557897122,29.59,3.0,headache,S028
-0.4,1.22,26.060560832447713,-1.0451582013060703,58.995227739184685,29.59,3.0,headache,S028
0.36,1.22,25.959427608537762,-1.1025680729442604,59.00185370100592,29.57,3.0,headache,S028
0.22,1.21,26.03588598843544,-1.0562239104630193,59.001416472832524,29.57,3.0,headache,S028
-0.71,1.21,25.962116384750196,-1.344036930223278,58.99438224889929,29.57,3.0,headache,S028
0.62,1.21,26.04882823436044,-0.9173304038791268,59.012054067769256,29.57,3.0,headache,S028
-0.31,1.21,25.899833313320954,-1.2127785159367568,58.974693032360115,29.57,3.0,headache,S028
0.32,1.21,25.798353592968503,-1.112693227978465,59.09085588057954,29.57,3.0,headache,S028
0.15,1.2,25.79193745825581,-0.9357191895455456,59.06416285096086,29.57,3.0,headache,S028
-0.24,1.2,25.683553782361997,-1.1556397686155817,58.98242999384757,29.57,3.0,headache,S028
0.42,1.2,25.335628289510648,-1.1725464536019465,59.08593830758343,29.61,3.0,headache,S028
-0.52,1.2,24.928442040953925,-0.909787579068731,59.68464375911903,29.61,3.0,headache,S028
0.33,1.2,25.046514799637883,-0.7905559859505615,59.77844868294894,29.61,3.0,headache,S028
-0.19,1.19,24.97069855411571,-1.0062817227125491,59.19775854648309,29.61,3.0,headache,S028
-0.06,1.2,24.9254658029331,-0.9937144650535721,59.63998915055394,29.61,3.0,headache,S028
-0.01,1.2,24.929503334159225,-0.8808919432727311,59.684070445381714,29.61,3.0,headache,S028
0.05,1.19,25.06379696076025,-0.9233453608669573,59.219574791489514,29.61,3.0,headache,S028
0.18,1.18,24.895426786931818,-0.9249921186816906,59.471455522207954,29.61,3.0,headache,S028
-0.31,1.18,24.948262229181495,-1.048836687562186,59.84743598543445,29.59,3.0,headache,S028
0.38,1.19,24.940733227191625,-0.9543792278738161,59.919871286173695,29.59,3.0,headache,S028
0.2,1.18,24.873524541028292,-1.050862367938768,59.66573850028431,29.59,3.0,headache,S028
-0.12,1.18,24.954341613546408,-0.9333240166633198,59.345227147766394,29.59,3.0,headache,S028
0.13,1.18,25.133935330745363,-0.9358073735498846,59.27350646324876,29.59,3.0,headache,S028
-0.34,1.18,25.202092479568144,-0.9874950200663454,59.22484287883552,29.59,3.0,headache,S028
0.18,1.17,25.03462053897648,-0.9942242372671086,59.3036952686883,29.59,3.0,headache,S028
0.03,1.18,24.963046360623053,-0.9226490755046628,59.4280058373243,29.59,3.0,headache,S028
-0.31,1.17,25.088847019620427,-0.8828649683010203,59.692040266438966,29.59,3.0,headache,S028
0.14,1.17,25.11324559317248,-0.929107401305125,59.338251389740826,29.59,3.0,headache,S028
-0.01,1.16,25.123939234186007,-1.0167426981024312,59.50870965651794,29.59,3.0,headache,S028
0.12,1.17,25.207214871421474,-0.9969750942772719,59.59876163825966,29.59,3.0,headache,S028
0.02,1.17,24.975247687616346,-0.9595796580599344,59.55662878122601,29.61,3.0,headache,S028
-0.07,1.16,25.031817397962207,-0.8752440284846746,59.54557701966096,29.61,3.0,headache,S028
-0.59,1.16,24.934173950762585,-1.0795564196786487,59.59234529382671,29.61,3.0,headache,S028
0.35,1.16,25.26268858234047,-0.762705213816447,59.17471744269679,29.61,3.0,headache,S028
0.37,1.16,25.625867471441815,-0.9541432739231097,59.14479546601474,29.61,3.0,headache,S028
0.71,1.16,25.463387821988448,-0.901220744317795,59.10249501650484,29.61,3.0,headache,S028
-0.69,1.15,25.67403797556238,-0.9571553146225011,58.995780964569015,29.61,3.0,headache,S028
-0.26,1.15,25.127332215921548,-1.0100507144170559,59.2408781232668,29.61,3.0,headache,S028
0.71,1.15,25.186522310534315,-1.0009680293482721,59.32965786804175,29.59,3.0,headache,S028
-0.43,1.15,25.227327649662495,-0.992033400265429,59.24236870335497,29.59,3.0,headache,S028
-0.36,1.14,25.18535203244991,-1.0142217041208907,59.1345623676457,29.59,3.0,headache,S028
0.3,1.14,25.204274151955914,-0.9784047628440747,59.10129934338179,29.59,3.0,headache,S028
0.09,1.14,25.12082816790986,-1.0333619021077471,59.17739780696966,29.59,3.0,headache,S028
-0.44,1.14,25.12999258252961,-0.9320983335978181,59.22289383137343,29.59,3.0,headache,S028
-0.03,1.14,25.50524054132112,-0.8091630970996145,59.415010131083555,29.59,3.0,headache,S028
0.38,1.14,25.46555928400614,-0.8263491230052246,59.341703904512904,29.59,3.0,headache,S028
-0.42,1.14,25.44806874439047,-0.9082012592474826,59.35361906551082,29.61,3.0,headache,S028
0.68,1.13,25.350412683941617,-0.9539530108349084,59.3111112858591,29.61,3.0,headache,S028
-0.2,1.14,25.41177072236126,-0.7684924892214212,59.13854663457778,29.61,3.0,headache,S028
0.06,1.13,25.64888885989679,-1.048601544542808,59.2168061728027,29.61,3.0,headache,S028
-0.1,1.13,25.45082826447353,-0.9723427509070798,59.14347483642298,29.59,3.0,headache,S028
-0.35,1.12,25.07770325451013,-1.0154932811025694,59.179170415730724,29.59,3.0,headache,S028
0.51,1.12,24.94373025932032,-0.9983670105858511,59.04927295998427,29.59,3.0,headache,S028
-0.22,1.13,25.570119978980394,-0.941221564099912,59.04830900613625,29.59,3.0,headache,S028
-0.27,1.12,25.651790654879566,-0.8613426106896244,59.09863362720866,29.61,3.0,headache,S028
0.78,1.11,25.439401565917994,-0.9267615413915549,58.98453169591032,29.61,3.0,headache,S028
-0.35,1.12,25.743456227910478,-1.0462487504488138,58.99923292256096,29.61,3.0,headache,S028
-0.36,1.13,25.291509355808408,-0.7633693066350841,59.17482273634209,29.61,3.0,headache,S028
0.45,1.12,25.668899337821767,-0.7586158789849988,59.07804000106178,29.63,3.0,headache,S028
-0.41,1.11,25.78232675473188,-0.8573597320188118,59.20689725746213,29.63,3.0,headache,S028
-0.13,1.11,25.619685277457048,-0.9653402546140053,59.2695947171459,29.63,3.0,headache,S028
0.92,1.11,25.480827229494484,-0.8306274723126377,59.07675219646972,29.63,3.0,headache,S028
-0.35,1.11,25.716069643989684,-0.8711266578111488,59.23668514961113,29.61,3.0,headache,S028
-0.45,1.1,25.35061026940392,-1.1054318838730954,59.14776480645054,29.61,3.0,headache,S028
-0.19,1.1,25.44552890140893,-0.7978508936319006,59.22939230632698,29.61,3.0,headache,S028
0.24,1.1,25.44447193107893,-0.8770475440698187,59.086078297905544,29.61,3.0,headache,S028
0.21,1.1,25.2209623105264,-1.0271362512255466,59.12235587823557,29.61,3.0,headache,S028
-0.1,1.1,25.360669631854623,-0.9878407049495731,58.98720653384864,29.61,3.0,headache,S028
0.02,1.1,25.572569709148492,-0.9982871247852422,59.06574822228285,29.61,3.0,headache,S028
0.2,1.1,25.58675768561887,-0.568626807641662,59.09149646032684,29.61,3.0,headache,S028
0.02,1.1,25.6953881967261,-0.6331193690536956,58.967563926927866,29.63,3.0,headache,S028
-0.02,1.09,25.54966561085417,-0.9617152025031833,59.02400498650208,29.63,3.0,headache,S028
-0.09,1.09,25.539211086739456,-0.7044744402809342,58.97440716495674,29.63,3.0,headache,S028
-0.12,1.09,25.64419910981036,-0.9255910014205021,59.04255404372535,29.63,3.0,headache,S028
-0.2,1.09,25.825929721196836,-0.8054797784781921,59.20990522753107,29.61,3.0,headache,S028
0.25,1.08,25.39497752372928,-0.7490082266917331,59.15687291476898,29.61,3.0,headache,S028
-0.04,1.09,25.454868398794673,-0.9516037469259138,59.40134056467747,29.61,3.0,headache,S028
0.33,1.09,25.325606767001734,-0.9206263195023714,59.409134702569354,29.61,3.0,headache,S028
-0.19,1.09,25.187497139569736,-0.9008616158172663,59.22084631771562,29.61,3.0,headache,S028
0.17,1.08,24.95654516181909,-0.8793501097660454,58.96944000607403,29.61,3.0,headache,S028
0.01,1.08,25.160396051304158,-1.0080638571711802,59.447594033448254,29.61,3.0,headache,S028
0.26,1.09,24.96096335688473,-0.9990305293438666,59.39543383139734,29.61,3.0,headache,S028
-0.37,1.08,25.031038043958425,-0.9940681298401447,59.16426423301114,29.61,3.0,headache,S028
-0.13,1.07,24.972136639349454,-1.019453983833901,59.19171442130059,29.61,3.0,headache,S028
-0.07,1.07,25.027589526186357,-0.8613274514192714,59.4618339211896,29.61,3.0,headache,S028
-0.29,1.08,24.966836026362195,-0.8483722842380729,59.08403700753145,29.61,3.0,headache,S028
0.53,1.09,25.08862804877487,-1.0426744712400287,59.282999564485074,29.63,3.0,headache,S028
-0.02,1.08,25.10939701091951,-0.9692120959157429,59.07922277496662,29.63,3.0,headache,S028
-0.15,1.09,25.31370910386212,-1.0268432749052636,59.00605701236795,29.63,3.0,headache,S028
-0.35,1.1,25.251290635616748,-0.9751655877048903,58.96854472285475,29.63,3.0,headache,S028
1.03,1.1,25.1309685612451,-1.0156222689212646,59.25593828494517,29.63,3.0,headache,S028
-0.39,1.09,25.31769097657939,-0.6335864600375936,59.2404497839819,29.63,3.0,headache,S028
-0.11,1.09,25.477726243254814,-0.9281452654650939,59.124226941397446,29.63,3.0,headache,S028
-0.32,1.09,25.41515018374842,-0.6347106286096832,59.164003104309415,29.63,3.0,headache,S028
0.44,1.09,25.58872199611346,-0.5850971855837978,59.16930834656235,29.63,3.0,headache,S028
0.01,1.08,25.654271985961486,-0.7364555001946592,59.232949979533714,29.63,3.0,headache,S028
-0.4,1.08,25.621790197601236,-0.5052173019967103,58.96377171546492,29.63,3.0,headache,S028
-0.48,1.08,25.554133281703646,-0.591345137249519,59.30211962416891,29.63,3.0,headache,S028
0.62,1.08,25.467097715937953,-0.7014265836303566,59.11688691546676,29.65,3.0,headache,S028
0.43,1.07,25.664823789406892,-0.3345875910805138,59.18672836497755,29.65,3.0,headache,S028
-0.44,1.06,25.576914692526305,-0.4645479490656466,59.138591495095966,29.65,3.0,headache,S028
0.1,1.07,25.47922090567941,-0.6194443933041792,59.12859755704768,29.65,3.0,headache,S028
0.09,1.07,25.587140021367148,-0.5650346531963223,59.10436561900484,29.63,3.0,headache,S028
0.07,1.06,25.63514485059058,-0.5534105929075397,59.06167110950452,29.63,3.0,headache,S028
-0.05,1.06,25.651942771586924,-0.5907806616773248,59.09490044269686,29.63,3.0,headache,S028
0.15,1.06,25.737453891581243,-0.7454619407083101,58.980590445318036,29.63,3.0,headache,S028
-0.24,1.06,25.665801032710775,-0.7622345959448295,59.12597845754638,29.63,3.0,headache,S028
-0.1,1.05,25.716283325991256,-0.44643871094751025,59.128467836590694,29.63,3.0,headache,S028
-0.4,1.06,25.795399007085145,-0.8424329113484007,59.000538138761655,29.63,3.0,headache,S028
0.59,1.06,25.448909961063933,-0.5712932578891906,59.005363375900984,29.63,3.0,headache,S028
-0.3,1.06,25.53026542894153,-0.8199204772058878,58.98520107227859,29.63,3.0,headache,S028
0.24,1.05,25.72185716563668,-0.6132179144240935,59.060636208761665,29.63,3.0,headache,S028
0.2,1.05,25.665483192609496,-0.723570348699591,59.10147476632442,29.63,3.0,headache,S028
0.14,1.06,25.88005232300246,-0.9122274032059614,58.95133732200954,29.63,3.0,headache,S028
-0.33,1.06,25.69188469551248,-0.39028381682281393,59.050566115442955,29.63,3.0,headache,S028
-0.71,1.05,26.234036435269378,-0.6249299054335729,58.88583810103116,29.63,3.0,headache,S028
0.91,1.05,26.715443000709126,-0.7328837776606292,58.95814371881963,29.63,3.0,headache,S028
0.47,1.06,25.836509548408475,-0.7237907204790431,58.99147906530037,29.63,3.0,headache,S028
-0.85,1.06,26.20109732359073,-0.6041241177888159,59.100882067105715,29.65,3.0,headache,S028
-0.12,1.06,25.812824662836135,-0.8988497645632852,59.05216239001422,29.65,3.0,headache,S028
0.48,1.06,26.066647019621364,-0.6051393150356932,59.114095503041156,29.65,3.0,headache,S028
0.02,1.06,25.970781456253487,-0.9999263268256191,58.98478610604097,29.65,3.0,headache,S028
-0.27,1.06,26.257381538658933,-0.6270483344681409,59.03456487286806,29.65,3.0,headache,S028
0.26,1.05,25.926307679042658,-0.7554991148434164,59.10707677722694,29.65,3.0,headache,S028
0.14,1.05,25.606815171223065,-0.777412988363376,59.00518035331444,29.65,3.0,headache,S028
-0.33,1.07,25.32313180480326,-0.8576263937499271,59.4431766633517,29.65,3.0,headache,S028
-0.32,1.07,25.140296449328456,-0.9185054582910552,59.436079332795806,29.67,3.0,headache,S028
0.38,1.06,25.439669130836347,-0.8154293279054392,59.13089755071446,29.67,3.0,headache,S028
-0.17,1.06,25.262458892763654,-0.9529420055134455,59.26675128910102,29.67,3.0,headache,S028
0.22,1.06,25.225151303892844,-0.809719009941366,59.089139321110274,29.67,3.0,headache,S028
0.35,1.06,25.08932363115366,-0.7196638836941037,59.478394143332025,29.65,3.0,headache,S028
-0.12,1.05,24.94057526479695,-1.011085390684449,59.581459696782694,29.65,3.0,headache,S028
-0.18,1.05,25.044317808102278,-0.7431591012454398,59.2747132068649,29.65,3.0,headache,S028
-0.35,1.06,25.20018811344764,-0.6727966932643755,59.494317857756954,29.65,3.0,headache,S028
0.18,1.05,25.357256543009658,-0.9676685282403252,59.30034095602625,29.65,3.0,headache,S028
0.18,1.05,24.96447716772766,-0.7439521486345672,59.37143776033619,29.65,3.0,headache,S028
-0.29,1.05,25.263894727103263,-0.8493217853845194,59.33559515011465,29.65,3.0,headache,S028
0.36,1.05,25.060817455188904,-0.9438248361405451,59.32222416878666,29.65,3.0,headache,S028
-0.47,1.05,25.035330057452107,-0.9895498826473135,59.19633207532313,29.67,3.0,headache,S028
0.31,1.04,24.94380070203679,-1.0160854390677718,59.43655744721012,29.67,3.0,headache,S028
0.62,1.04,25.068933383972826,-0.988751865090311,59.13055045388581,29.67,3.0,headache,S028
-0.74,1.04,24.915156473577387,-0.966658072186876,59.38837422209601,29.67,3.0,headache,S028
0.02,1.04,25.243938383565602,-0.8741589054349794,59.52861690115697,29.65,3.0,headache,S028
0.18,1.04,25.02923467818898,-1.0026577822598908,59.75452637286276,29.65,3.0,headache,S028
0.01,1.04,24.920699606471963,-0.7735903635314808,59.75795858901836,29.65,3.0,headache,S028
-0.1,1.03,24.933744120716153,-0.9219870971580583,59.722490723356415,29.65,3.0,headache,S028
0.28,1.03,24.755924645825836,-0.8268833967101187,59.8648948031451,29.67,3.0,headache,S028
-0.46,1.03,24.8350777993875,-0.8875895149954695,59.75984652800076,29.67,3.0,headache,S028
-0.07,1.02,24.98045652241041,-0.9835680092522644,59.501674005104114,29.67,3.0,headache,S028
0.36,1.03,24.896578343357348,-1.0414081940254183,59.85230817507334,29.67,3.0,headache,S028
0.42,1.03,24.959232353075826,-0.9427583658850669,59.512018865761824,29.63,3.0,headache,S028
-0.52,1.02,24.95359837336625,-1.001800950298882,59.5556296246132,29.63,3.0,headache,S028
0.12,1.02,25.184827570146123,-0.7065074969069455,59.56218849688984,29.63,3.0,headache,S028
-0.17,1.01,25.076944154255255,-0.5207932696672679,59.4058614144576,29.63,3.0,headache,S028
-0.07,1.02,25.05559501514892,-0.9705711777487814,59.79881594389289,29.67,3.0,headache,S028
0.64,1.02,24.94009238345172,-0.9323921577881185,59.34761110243136,29.67,3.0,headache,S028
-0.83,1.01,25.067554657868683,-0.8189411693471369,59.63737635202146,29.67,3.0,headache,S028
0.35,1.01,24.91857056534636,-0.9452168054975418,59.410908040624676,29.67,3.0,headache,S028
0.28,1.01,25.19446612418938,-1.0131306183828288,59.6376644463172,29.67,3.0,headache,S028
0.18,1.01,24.931248131428905,-1.0008508925409845,59.43342499588174,29.67,3.0,headache,S028
-0.37,1.01,25.135138630590014,-0.9896356245412904,59.40418496075126,29.67,3.0,headache,S028
-0.2,1.01,25.160366666468146,-1.0188856730959168,59.75538896236584,29.67,3.0,headache,S028
0.35,1.02,25.01679246722806,-0.9713917821982466,59.261794767135555,29.65,3.0,headache,S028
-0.4,1.03,24.954974863388912,-1.0449337030681412,59.559370680567184,29.65,3.0,headache,S028
0.24,1.03,25.063276549980248,-0.7196922472381942,59.32866889875574,29.65,3.0,headache,S028
0.27,1.04,24.915501691357324,-1.0317011322619503,59.45135213680899,29.65,3.0,headache,S028
0.11,1.05,25.13789157968739,-0.7617594501962472,59.552353270753564,29.65,3.0,headache,S028
-0.92,1.05,25.143295716956857,-1.1701269372009213,59.45622147697814,29.65,3.0,headache,S028
0.35,1.04,25.28363631070487,-0.9106578824117206,59.293942759468976,29.65,3.0,headache,S028
-0.05,1.03,25.08339912237373,-0.7995258939419574,59.46183029857206,29.65,3.0,headache,S028
0.27,1.04,25.32815165549411,-0.7520371560009419,59.29460888983476,29.67,3.0,headache,S028
0.86,1.03,25.190679073465724,-0.9807967618882732,59.248292805505926,29.67,3.0,headache,S028
-0.87,1.02,25.359276985307552,-0.9325756872800216,59.390681679016666,29.67,3.0,headache,S028
-0.29,1.02,25.174622637321793,-1.096770222052134,59.21805306694488,29.67,3.0,headache,S028
0.06,1.02,25.127063577669396,-1.0379500371896941,59.1628094180496,29.67,3.0,headache,S028
0.31,1.03,25.19363773878185,-1.0830938255590812,59.399338723780765,29.67,3.0,headache,S028
0.28,1.02,25.49031275400561,-0.6971218226229469,59.29400173376412,29.67,3.0,headache,S028
-0.15,1.03,25.408050673034005,-0.8316370884311245,59.255821676486434,29.67,3.0,headache,S028
-0.28,1.04,26.031461461514162,-0.9836139212793462,59.05607485183323,29.67,3.0,headache,S028
-0.28,1.06,24.745214413004742,-1.0190454038846877,59.43216615226844,29.67,3.0,headache,S028
0.45,1.06,25.677691725928632,-0.8680682622204303,59.26793379664621,29.67,3.0,headache,S028
-0.42,1.08,26.577170038375435,-1.1698795931319814,58.99406859216324,29.67,3.0,headache,S028
0.55,1.09,25.654044500292443,-0.9616065658258061,59.170760852807476,29.67,3.0,headache,S028
-0.22,1.11,25.811514498038495,-0.9513131080094099,59.208636177647776,29.67,3.0,headache,S028
0.22,1.12,26.14227052305571,-0.8916628392439319,59.10749414609243,29.67,3.0,headache,S028
0.28,1.12,26.420389199994943,-1.5323992869831293,59.1049128248858,29.67,3.0,headache,S028
-0.37,1.13,25.82595006504545,-1.189523560336725,59.15581817772714,29.67,3.0,headache,S028
-0.47,1.13,25.426144260866568,-1.04063786580949,59.30510436396927,29.67,3.0,headache,S028
0.76,1.12,26.712313681033663,-0.9823651387130432,58.91888889491391,29.67,3.0,headache,S028
0.01,1.12,25.770746841495477,-0.783673624133876,59.02553875200773,29.67,3.0,headache,S028
-0.82,1.13,25.34407540812507,-1.060393982814464,59.467886254225036,29.67,3.0,headache,S028
0.55,1.16,25.663647895575092,-0.7863782266183712,59.342441808406136,29.67,3.0,headache,S028
-0.11,1.23,26.380972920788736,-1.216498512697202,59.05003366715485,29.67,3.0,headache,S028
-0.11,1.37,26.85634267603587,-1.4192824403659756,58.983770519369415,29.67,3.0,headache,S028
0.01,1.51,26.32894455528709,-1.2900671324875745,59.01723195995097,29.69,3.0,headache,S028
0.2,1.6,25.928504089745275,-1.6721382706762298,58.9725700116066,29.69,3.0,headache,S028
0.24,1.7,25.40275783948132,-1.0346097071633331,59.261212063837455,29.69,3.0,headache,S028
0.72,1.82,26.087408715283587,-0.8869022562623876,59.14521540766844,29.69,3.0,headache,S028
-1.06,1.89,26.239719511455256,0.35172313211774314,58.97895985376523,29.67,3.0,headache,S028
-1.32,1.89,26.209636417591305,0.07507255443288169,59.01259833409792,29.67,3.0,headache,S028
-0.07,1.85,26.140519171636253,-0.6722665172336696,58.98733629655903,29.67,3.0,headache,S028
2.66,1.82,25.570800630844783,-1.856965404058286,59.17557302966789,29.67,3.0,headache,S028
-1.42,1.78,25.293525990488426,-1.7986386736937934,59.41458571401317,29.71,3.0,headache,S028
0.44,1.75,25.152235956076343,-1.3553311015526184,59.68976301614058,29.71,3.0,headache,S028
-0.56,1.72,25.155980148582337,-1.1270029847724268,59.26486512230528,29.71,3.0,headache,S028
0.63,1.68,26.09496101369629,-0.23431337074176045,58.93319779114292,29.71,3.0,headache,S028
0.5,1.66,25.25558279237203,-0.7171623636274547,59.11687188084941,29.69,3.0,headache,S028
-0.67,1.65,25.592343199801377,-0.9233383516455681,59.189918180799346,29.69,3.0,headache,S028
-0.42,1.63,25.47631540687943,-0.9219496002457471,58.945463017641025,29.69,3.0,headache,S028
0.33,1.62,25.428511636093166,-0.9828984399830146,59.214015028857965,29.69,3.0,headache,S028
-0.19,1.61,25.638775318686267,-1.0576554558193032,59.077765457332085,29.71,3.0,headache,S028
0.1,1.59,25.69414068656371,-1.0850896809388433,58.97679261484533,29.71,3.0,headache,S028
-0.2,1.58,25.95480682090918,-1.2212236280708701,59.01420203444392,29.71,3.0,headache,S028
1.26,1.57,25.86123577921885,-1.7687763796487501,58.98824071085657,29.71,3.0,headache,S028
-0.88,1.57,26.11970178822564,-1.289042873693931,59.01255698224423,29.69,3.0,headache,S028
0.2,1.56,25.988653475196283,-1.6780538178651716,58.981679106642964,29.69,3.0,headache,S028
-0.28,1.55,26.064143261237913,-1.3109617694198652,59.04936958600678,29.69,3.0,headache,S028
0.23,1.55,26.056252584734427,-1.5381057468532306,59.10999360771579,29.69,3.0,headache,S028
-0.79,1.55,26.6418956248454,0.3939336467548951,58.95890410551261,29.71,3.0,headache,S028
0.87,1.54,27.089007262265532,1.5400249144736127,59.04215729012966,29.71,3.0,headache,S028
-0.38,1.53,26.823006511707817,0.2905230448392723,58.872186183796785,29.71,3.0,headache,S028
-0.39,1.53,26.677944198871664,-0.17930223652102778,58.98029817324237,29.71,3.0,headache,S028
0.23,1.52,26.913706664372306,-0.9073094556551315,58.97930524364717,29.69,3.0,headache,S028
0.45,1.52,25.774160751842082,-1.7780161311293186,59.18266917685213,29.69,3.0,headache,S028
-0.19,1.51,25.71520912599421,-2.111450648957472,59.54427462882048,29.69,3.0,headache,S028
0.22,1.51,25.372637032784333,-1.7677709061163125,59.284107116163554,29.69,3.0,headache,S028
-0.03,1.5,25.285030732176175,-2.052768262660474,59.078882290912276,29.69,3.0,headache,S028
-0.14,1.49,25.724747086108838,-1.1530551345077271,59.07748336752775,29.69,3.0,headache,S028
-0.13,1.49,26.103144878616884,-0.2380312833191003,58.953754428151704,29.69,3.0,headache,S028
0.11,1.49,25.75004377054049,-0.5989755636089865,59.07181312269457,29.69,3.0,headache,S028
-0.1,1.48,26.091374473952133,-0.3923175380679397,59.08675221973152,29.71,3.0,headache,S028
0.48,1.47,26.188298542016692,0.1391329936193286,58.98708975172928,29.71,3.0,headache,S028
-0.3,1.46,25.83931326133978,-0.45598417772350763,59.005821564495875,29.71,3.0,headache,S028
0.19,1.46,25.58779680237707,-0.9059447580777926,59.329870298548926,29.71,3.0,headache,S028
-0.19,1.45,25.40928304509362,-1.0298595169125957,59.45242166305685,29.73,3.0,headache,S028
-0.33,1.45,24.983678695284386,-0.9663307628242034,58.946455777379434,29.73,3.0,headache,S028
-0.21,1.44,25.475413472866624,-1.0325249449875071,59.02450609747123,29.73,3.0,headache,S028
0.81,1.44,25.081180100379182,-0.9702032223538628,59.016042116282975,29.73,3.0,headache,S028
-0.23,1.44,25.327960721004793,-1.026368552976475,59.135692284652336,29.71,3.0,headache,S028
0.25,1.43,25.156962216006573,-0.9772803131914175,59.37862708518898,29.71,3.0,headache,S028
0.2,1.43,25.24670080303821,-1.0197246277908354,59.50880482013664,29.71,3.0,headache,S028
-0.85,1.42,24.917055365434603,-0.9787358373322821,59.35847443360493,29.71,3.0,headache,S028
0.19,1.42,25.11272673322997,-1.077062506468274,59.46691689316148,29.73,3.0,headache,S028
0.62,1.41,25.066724738813537,-1.099362719031583,59.53265000925369,29.73,3.0,headache,S028
-0.63,1.41,25.000700318464684,-1.0267192796521691,59.3434898380306,29.73,3.0,headache,S028
0.21,1.4,24.95853717646577,-1.1915622057217206,59.32453069991888,29.73,3.0,headache,S028
0.39,1.4,25.210627196607106,-0.5789617627787583,59.08973748160655,29.73,3.0,headache,S028
-0.61,1.39,25.179508082158105,-0.8919067708324195,59.34277445197563,29.73,3.0,headache,S028
-0.17,1.39,25.4264204471954,-1.0228778477138447,59.69604987058061,29.73,3.0,headache,S028
0.58,1.39,25.35021163102112,-0.50873879049867,59.156170990653244,29.73,3.0,headache,S028
-0.61,1.38,25.26267949729161,-0.9802281616364953,59.12224662852968,29.71,3.0,headache,S028
0.81,1.38,25.573113418236115,-0.517884345457449,59.38110189171624,29.71,3.0,headache,S028
-0.38,1.38,25.390620446527816,-1.2140019101599626,59.10402159408697,29.71,3.0,headache,S028
-0.01,1.37,25.269640898941503,-0.7573654414178026,59.08242626895615,29.71,3.0,headache,S028
0.4,1.37,25.38281471720863,-1.0650994735539774,59.56817779952552,29.73,3.0,headache,S028
-0.76,1.36,25.20414854053422,-0.9097114992774898,59.25753322201512,29.73,3.0,headache,S028
0.36,1.36,25.169683815769556,-1.0901198084678272,59.07967655485066,29.73,3.0,headache,S028
0.24,1.36,25.141834245518925,-0.9128598526365097,59.045093492794564,29.73,3.0,headache,S028
-0.0,1.35,25.380896432299245,-1.0836171623040638,59.15863001513835,29.71,3.0,headache,S028
-0.79,1.34,25.312680988870884,-0.9202686650680457,59.11750803777537,29.71,3.0,headache,S028
0.41,1.35,25.29593788464688,-1.0749612599009444,59.138922185279924,29.71,3.0,headache,S028
0.41,1.34,25.329801036699674,-0.9321417959811285,59.16019965667765,29.71,3.0,headache,S028
-0.44,1.34,25.59513563733218,-1.0541599297193982,59.023205961428445,29.75,3.0,headache,S028
0.42,1.33,25.946165646421022,-0.9865789661894963,59.066507521915604,29.75,3.0,headache,S028
-0.01,1.34,26.429984146349767,-0.8835305063700718,58.905565060983626,29.75,3.0,headache,S028
-0.06,1.34,26.034651453783233,-0.49124123774852524,59.22020547946043,29.75,3.0,headache,S028
-0.32,1.35,25.783532127772403,-0.8157716740205574,59.08794419053937,29.71,3.0,headache,S028
0.34,1.35,26.062565166380224,0.24962850925626617,59.02051776594812,29.71,3.0,headache,S028
0.01,1.36,25.951704260987512,-0.6553787502857941,58.921378582970085,29.71,3.0,headache,S028
-0.27,1.36,25.47671552517047,-1.4502904997958657,59.294162720895585,29.71,3.0,headache,S028
0.12,1.36,25.234584177296007,-1.8408230961128524,59.56896523543473,29.71,3.0,headache,S028
-0.09,1.36,24.664148221504135,-2.0468056872025824,59.661128671221206,29.71,3.0,headache,S028
0.11,1.36,24.60945180599584,-2.2920280367311134,59.974704005346105,29.71,3.0,headache,S028
0.22,1.36,25.048870386550753,-1.6406044231084043,59.371408186797574,29.71,3.0,headache,S028
-0.47,1.36,25.830054591309406,-1.023072196530629,59.0919297345118,29.75,3.0,headache,S028
-0.22,1.36,26.36907150328263,-0.1917149141166725,58.938330451307294,29.75,3.0,headache,S028
0.7,1.37,25.801653212900906,-0.02116228618377473,59.0615564220374,29.75,3.0,headache,S028
0.03,1.37,25.951677725387597,-0.26385443129608543,58.92876979678394,29.75,3.0,headache,S028
0.45,1.37,25.627836098664684,-0.8416029064971379,59.13924020252584,29.75,3.0,headache,S028
-0.18,1.37,25.76591908621515,-1.0475180753082074,59.062493489647565,29.75,3.0,headache,S028
-0.85,1.37,25.52258429587527,-0.978952243132249,59.25989237096656,29.75,3.0,headache,S028
0.23,1.36,25.377668351673314,-1.0077768415926711,59.222474944269,29.75,3.0,headache,S028
-0.73,1.36,25.306443126644083,-1.0008518010611598,59.040818923019735,29.75,3.0,headache,S028
0.75,1.35,25.661504445734447,-0.9925986541050956,59.107118007321034,29.75,3.0,headache,S028
0.1,1.35,25.526948504466052,-1.0131297533495711,59.22153647972843,29.75,3.0,headache,S028
0.42,1.35,25.410213213950403,-0.9808268687431555,59.31033244975247,29.75,3.0,headache,S028
-0.33,1.34,25.48560564241,-1.0277827265562651,59.18134090705591,29.73,3.0,headache,S028
0.0,1.34,25.52954072917265,-0.9518986290433553,58.98201563397227,29.73,3.0,headache,S028
-0.56,1.34,25.76300820620086,-1.1929858746187054,59.13450319495627,29.73,3.0,headache,S028
1.04,1.34,25.542227122978893,-1.042164600860704,59.50292008300605,29.73,3.0,headache,S028
-0.14,1.33,25.398620148854867,-1.2178115164552643,59.122843286138384,29.71,3.0,headache,S028
-0.54,1.33,25.409642039415772,-0.9163716810990089,59.2221689152994,29.71,3.0,headache,S028
0.15,1.33,24.833164036134878,-1.5066683996197356,59.13210335185537,29.71,3.0,headache,S028
0.17,1.32,25.126126017567497,-1.5646702883200578,59.3912321250354,29.71,3.0,headache,S028
-1.14,1.32,24.911128116881486,-1.6411853746036502,59.8000029059414,29.73,3.0,headache,S028
1.0,1.32,25.143868602972518,-1.8374318278066155,59.35985665697922,29.73,3.0,headache,S028
0.69,1.32,24.612398708134915,-1.5845804152321394,59.558625937968586,29.73,3.0,headache,S028
-0.26,1.31,24.653004892265443,-2.013496260708755,59.682083666932705,29.73,3.0,headache,S028
-0.65,1.31,24.992618179683657,-1.541264043626789,59.453602701564016,29.73,3.0,headache,S028
-0.02,1.31,25.466310281896583,-0.8864663297874383,59.07626153913042,29.73,3.0,headache,S028
0.85,1.31,25.235771680888117,-1.4513419200381756,59.35387487850512,29.73,3.0,headache,S028
-0.68,1.3,25.21289665784181,-1.4929858197543289,59.266891852331334,29.73,3.0,headache,S028
-0.39,1.3,25.138285746820852,-1.2869618129627607,59.0927961326836,29.73,3.0,headache,S028
0.03,1.3,25.919687201294295,-0.11796365430005051,59.062060553063716,29.73,3.0,headache,S028
0.65,1.3,25.441890903746984,-0.14895957106194513,59.278980827920336,29.73,3.0,headache,S028
0.01,1.29,25.666133341963086,-0.2193766066676645,59.007971265718595,29.73,3.0,headache,S028
-0.62,1.29,25.310738997429322,-0.2726012126921743,59.149055036319275,29.73,3.0,headache,S028
-0.04,1.29,25.51083492509757,-0.8632795066787006,59.344057359737896,29.73,3.0,headache,S028
0.55,1.29,25.368316696265747,-0.9663984768189466,59.29984724888326,29.73,3.0,headache,S028
0.41,1.29,25.11161161204436,-1.0274521105230296,58.92894811164639,29.73,3.0,headache,S028
-0.26,1.28,25.213079748325356,-0.9869381695933944,59.566400096032694,29.73,3.0,headache,S028
-0.6,1.28,24.22457003964256,-1.1471065333355668,59.96934696365964,29.73,3.0,headache,S028
0.35,1.27,24.92089989251954,-0.9655837868988668,59.80177767492155,29.73,3.0,headache,S028
0.17,1.29,25.009529298893266,-1.0250660544482355,59.68697843797275,29.73,3.0,headache,S028
-0.34,1.28,25.052298675566323,-0.9797420062690775,59.54968668045576,29.71,3.0,headache,S028
-1.07,1.28,25.126667422283198,-1.016972244205364,59.45511426338676,29.71,3.0,headache,S028
2.17,1.27,25.17637154188254,-0.9855180422381757,59.483925279028334,29.71,3.0,headache,S028
-0.6,1.27,25.032771429688346,-1.0124982899997643,59.37028826784938,29.71,3.0,headache,S028
-0.47,1.27,24.984109281149028,-0.9891268770895383,59.78544199272351,29.73,3.0,headache,S028
0.21,1.27,25.010249197563788,-1.0095183455143588,58.92962621513459,29.73,3.0,headache,S028
0.28,1.26,24.993730097354568,-0.99162350905665,59.405703743329425,29.73,3.0,headache,S028
-0.71,1.26,25.002108691416446,-1.0074077853327463,59.162037394702104,29.73,3.0,headache,S028
0.49,1.26,25.004092414531623,-0.9934163944822305,59.09719054569948,29.73,3.0,headache,S028
0.06,1.26,24.981602600374245,-1.0058828338037027,59.19641330917387,29.73,3.0,headache,S028
-0.18,1.25,25.16066152489742,-0.9947103228806308,59.77722186845168,29.73,3.0,headache,S028
-0.18,1.25,25.139045953039624,-1.0047922943690912,59.53156038145275,29.73,3.0,headache,S028
0.25,1.25,24.932993817567493,-0.9956180973836047,59.602864939971184,29.73,3.0,headache,S028
0.03,1.25,25.165994534230048,-1.0040521838060086,59.64108594220822,29.73,3.0,headache,S028
-0.11,1.24,24.966861550806573,-0.9962011116278372,59.09904014902946,29.73,3.0,headache,S028
-0.32,1.24,25.113112730752093,-1.0036195694033525,59.114712003446904,29.73,3.0,headache,S028
0.56,1.24,25.035688235377258,-0.9964866037767338,59.44617860182101,29.75,3.0,headache,S028
-0.28,1.24,25.034946244120857,-1.0034809920405026,59.6587873606084,29.75,3.0,headache,S028
0.53,1.23,25.116198780534948,-0.996475792290447,59.311314496859254,29.75,3.0,headache,S028
-0.28,1.23,24.952145016292366,-1.0036456521817516,59.580941478744975,29.75,3.0,headache,S028
0.12,1.23,25.26764113608645,-0.9961524347638634,59.16852329184819,29.75,3.0,headache,S028
-0.32,1.23,25.128869296758232,-1.0041289971216831,59.335982065999,29.75,3.0,headache,S028
-0.26,1.23,24.995810435694537,-0.9955215015599472,59.45288445922273,29.75,3.0,headache,S028
-0.12,1.22,25.048914350440278,-1.0048539845839775,59.70774966062881,29.75,3.0,headache,S028
0.67,1.22,25.13359218565121,-0.9948786710713625,59.21488740157308,29.77,3.0,headache,S028
-0.42,1.22,25.068183000027464,-1.0048333111412535,59.346415871813406,29.77,3.0,headache,S028
0.78,1.21,25.00805592784025,-0.9978323811224036,59.18268984941398,29.77,3.0,headache,S028
-0.02,1.22,25.07312089790477,-0.9841737628842911,59.43107371911736,29.77,3.0,headache,S028
-0.5,1.22,25.313389945842832,-0.8714603894328468,59.09561338720803,29.75,3.0,headache,S028
-0.1,1.21,24.798804012414056,-1.4151468671963223,59.57564317952366,29.75,3.0,headache,S028
0.19,1.21,25.13605586154923,-1.2083598614743303,59.16893644609601,29.75,3.0,headache,S028
-0.36,1.21,25.908543342826704,-0.46824297232281686,59.16275582929964,29.75,3.0,headache,S028
0.08,1.21,25.24460054099105,-0.5291392126025628,59.4334254867572,29.75,3.0,headache,S028
0.36,1.2,25.219348410825166,-0.7251309912191567,59.2932980796279,29.75,3.0,headache,S028
-0.34,1.2,25.11010131694539,-1.075056769386396,59.179926133337226,29.75,3.0,headache,S028
0.28,1.2,25.09229712825121,-0.9552458034430693,59.392809652023416,29.75,3.0,headache,S028
-0.27,1.2,24.953696607461666,-1.0309915869877466,59.64395434033155,29.77,3.0,headache,S028
0.1,1.19,25.16278982555461,-0.9791508508490382,59.1287424778507,29.77,3.0,headache,S028
0.19,1.19,25.118893448587734,-1.005973386756159,59.0816218244458,29.77,3.0,headache,S028
-0.02,1.19,25.33787998387129,-0.8594428003427619,59.067361295228096,29.77,3.0,headache,S028
-0.45,1.19,25.27813541093069,-1.0265873911232768,59.08070437959628,29.77,3.0,headache,S028
0.35,1.18,25.087093117808312,-0.9916661102002715,59.26217987368036,29.77,3.0,headache,S028
0.19,1.18,25.149596660042736,-0.9515303372372834,59.325822429737215,29.77,3.0,headache,S028
0.26,1.18,25.30382512447253,-0.7653835140861076,59.39639798810479,29.77,3.0,headache,S028
-0.08,1.18,25.09136809910203,-1.0568749789180585,59.35038844160083,29.77,3.0,headache,S028
-0.12,1.17,25.037135270732136,-0.9541938172640358,59.520821277548755,29.77,3.0,headache,S028
-0.67,1.18,25.410307835693352,-1.0413452227314002,59.30646141789127,29.77,3.0,headache,S028
0.01,1.18,25.13386406482191,-0.9606534629921972,59.09541959682014,29.77,3.0,headache,S028
0.69,1.18,25.110455788002735,-1.0387552664287036,59.060586659531914,29.75,3.0,headache,S028
0.03,1.16,25.178017072113164,-0.9606815773533743,59.49357258489535,29.75,3.0,headache,S028
-0.01,1.17,25.00485670427034,-1.0412515532684206,59.5351245276818,29.75,3.0,headache,S028
-0.17,1.17,25.126778455901828,-0.9544435267703288,59.1223328551929,29.75,3.0,headache,S028
-0.34,1.16,24.98383005690426,-1.056256048809185,59.36582040229549,29.75,3.0,headache,S028
-0.05,1.16,25.218496849174958,-0.8895944776660512,59.39873208981802,29.75,3.0,headache,S028
0.31,1.16,25.45130636009941,-0.9518301269799555,59.31388810753479,29.75,3.0,headache,S028
0.17,1.16,25.193526955687613,-0.9951398983614762,59.07977855167722,29.75,3.0,headache,S028
-0.16,1.16,25.257064081965154,-1.0163348579641405,59.171314817944605,29.77,3.0,headache,S028
0.14,1.15,25.337084244539547,-0.8514838834944968,59.356012034555405,29.77,3.0,headache,S028
0.35,1.15,25.205253716566478,-1.029572459883886,59.0105327456973,29.77,3.0,headache,S028
-0.76,1.15,25.366591352217913,-0.9650313371391067,59.11038213696257,29.77,3.0,headache,S028
0.18,1.15,25.37982011687215,-1.043318972955685,59.02775817790694,29.75,3.0,headache,S028
0.39,1.14,25.92318440241934,-0.9386691374518162,58.979841862938144,29.75,3.0,headache,S028
-0.06,1.15,25.92464222282694,-1.1627068415474449,59.01932951858465,29.75,3.0,headache,S028
-0.35,1.15,25.94393812722347,-1.2404865255177755,58.979172112596814,29.75,3.0,headache,S028
0.11,1.14,25.883594256510325,-1.0151739044763122,59.02469426024973,29.79,3.0,headache,S028
0.09,1.14,25.56929042737218,-0.9890622413453536,58.96632375216849,29.79,3.0,headache,S028
0.42,1.15,26.061624033912867,-0.970749817048408,59.06980960602709,29.79,3.0,headache,S028
-0.38,1.15,25.830116893726366,-0.848299066416115,59.31193588313152,29.79,3.0,headache,S028
-0.23,1.14,26.018493250216594,-1.0596193466221677,59.074907361073215,29.75,3.0,headache,S028
-0.21,1.14,26.3355955152568,-1.0224154230408358,59.08062925974039,29.75,3.0,headache,S028
0.42,1.14,26.00728898277415,-0.8279797348185302,58.974017792041174,29.75,3.0,headache,S028
-0.41,1.14,25.31412362917452,-1.0259504040815512,59.01318661450303,29.75,3.0,headache,S028
0.09,1.14,25.89203862052371,-1.020101299556527,58.99366310973173,29.77,3.0,headache,S028
0.19,1.13,25.19101760748154,-0.8053993594357053,59.00108762264152,29.77,3.0,headache,S028
0.22,1.14,25.920061600615924,-0.7896138926380275,59.13210156839249,29.77,3.0,headache,S028
0.07,1.13,26.127757467551415,-0.6096545570016932,58.978233575149545,29.77,3.0,headache,S028
0.42,1.13,25.8752462469364,-0.7955963496515371,59.096607079613335,29.79,3.0,headache,S028
-0.82,1.12,25.685051905307215,-0.8676967694971908,59.18367131701002,29.79,3.0,headache,S028
0.09,1.13,25.53643507014519,-0.6715474045403359,58.97900426987928,29.79,3.0,headache,S028
0.35,1.13,25.869510657675608,-1.097869274653893,59.0027363657807,29.79,3.0,headache,S028
0.01,1.12,25.541187143061002,-0.6400181804309105,59.05177782129601,29.77,3.0,headache,S028
-0.21,1.11,25.77467622569427,-0.7965299881105196,59.12325036630615,29.77,3.0,headache,S028
-0.16,1.12,25.385550689408635,-0.7616487276561716,59.156792446542205,29.77,3.0,headache,S028
0.56,1.12,25.717968140024,-0.7688630103721334,59.05351849364251,29.77,3.0,headache,S028
-0.77,1.12,25.70676830474125,-0.9976444118549164,59.09422980148222,29.79,3.0,headache,S028
0.21,1.11,25.553757935195026,-1.0038901223846362,59.03792460060403,29.79,3.0,headache,S028
0.17,1.12,25.578038478656545,-1.0018902752459766,59.07086753681117,29.79,3.0,headache,S028
0.25,1.12,25.67877476170535,-0.9866344833538172,59.139033143798244,29.79,3.0,headache,S028
-0.12,1.12,25.93906215491402,-1.0381616961820666,59.21466183214108,29.77,3.0,headache,S028
-0.26,1.12,26.12063678945173,-0.857986802939208,59.16827192936734,29.77,3.0,headache,S028
0.03,1.12,25.69882030692458,-0.8810429772791206,59.06131046472585,29.77,3.0,headache,S028
0.63,1.12,25.95211883695207,-1.1566425571889212,59.17855962498735,29.77,3.0,headache,S028
-0.83,1.11,25.791505210751325,-0.9170055492817405,59.25708316497351,29.81,3.0,headache,S028
0.58,1.11,25.063528522958933,-1.0629048980504658,59.18589167124202,29.81,3.0,headache,S028
0.13,1.11,25.469619575413187,-0.9445822803634678,59.0633607322842,29.81,3.0,headache,S028
-0.5,1.11,25.512900993328486,-0.8720874249714159,59.18508994176635,29.81,3.0,headache,S028
0.03,1.1,25.27617253541062,-0.8671010039804162,59.19663219483499,29.77,3.0,headache,S028
0.09,1.1,25.123551406533583,-1.068854562417233,59.309937031613,29.77,3.0,headache,S028
0.02,1.1,25.13249957496375,-0.9405628869758594,59.208828373757804,29.77,3.0,headache,S028
-0.31,1.1,25.161881518145112,-1.05621757574296,59.097332869249904,29.77,3.0,headache,S028
0.29,1.1,25.580219269587875,-0.9447289970132384,59.083145119938955,29.77,3.0,headache,S028
0.52,1.1,25.48583052977214,-1.0556578770756377,59.227208967572366,29.77,3.0,headache,S028
-0.78,1.1,25.338873057688826,-0.9429109596337576,59.078798296021354,29.77,3.0,headache,S028
0.83,1.09,24.92966718304863,-1.059510819459283,59.2572490637477,29.77,3.0,headache,S028
-0.57,1.09,25.18217482852734,-0.9370087457189918,59.31698646616529,29.79,3.0,headache,S028
-0.26,1.09,25.126182719795853,-1.0676497904999445,59.24265735824373,29.79,3.0,headache,S028
0.5,1.09,25.432636573676746,-0.9265990982774444,59.29185811995615,29.79,3.0,headache,S028
-0.42,1.08,25.416010390990387,-1.0779571629566744,59.03569919731275,29.79,3.0,headache,S028
0.14,1.08,25.47138270430997,-0.9682728180149167,58.97806886194215,29.79,3.0,headache,S028
0.19,1.08,25.86804984646452,-1.2541125208906032,59.02809147913919,29.79,3.0,headache,S028
-0.45,1.08,26.30247192116674,-0.9942184532145921,58.95225608026842,29.79,3.0,headache,S028
0.52,1.08,25.57617262252008,-1.9246298988209556,59.218552863789796,29.79,3.0,headache,S028
0.39,1.08,25.711543390590595,-1.6830870846158423,59.228731289021454,29.79,3.0,headache,S028
-0.27,1.08,26.413446570145066,-0.7918657377347377,58.93415727934822,29.79,3.0,headache,S028
-0.13,1.08,26.473840671635973,-0.4102380767586758,59.044165487145754,29.79,3.0,headache,S028
-0.64,1.07,26.3907004619994,-0.7741009740183292,58.96204743975256,29.79,3.0,headache,S028
0.36,1.07,26.45155178859127,-0.4355971829430407,59.03898455941121,29.79,3.0,headache,S028
0.36,1.07,25.722183138466743,-0.5638579816709927,58.9489923430924,29.79,3.0,headache,S028
0.01,1.07,25.463882349916428,-1.2550512322047482,59.34598007516036,29.79,3.0,headache,S028
-0.26,1.06,25.140097796628925,-1.5390906670380653,59.39248018837306,29.79,3.0,headache,S028
0.11,1.06,24.702232917100204,-1.5964363570830962,59.52482658305996,29.81,3.0,headache,S028
-0.29,1.07,25.136527537446145,-0.915183869598786,59.465712319963394,29.81,3.0,headache,S028
0.52,1.07,24.83743870655951,-1.2199327316897366,59.65271254871724,29.81,3.0,headache,S028
-0.35,1.06,25.33658943391528,-0.576912086053188,59.42658027826051,29.81,3.0,headache,S028
0.25,1.06,25.48230047580871,-0.9527159930299899,59.50770719388236,29.81,3.0,headache,S028
-0.35,1.06,25.156964612391217,-0.8999033227090223,59.61271314941419,29.81,3.0,headache,S028
0.44,1.06,25.459325690237083,-0.9561366079452651,59.191343845435775,29.81,3.0,headache,S028
-0.26,1.05,25.146438150236165,-0.9892280270378139,59.701513428795565,29.81,3.0,headache,S028
-0.23,1.05,25.16906831028824,-1.0226823203801563,59.29858030595037,29.81,3.0,headache,S028
0.16,1.06,25.51583848468601,-0.970738797203104,59.25934540835381,29.81,3.0,headache,S028
-0.43,1.05,25.981871038011388,-1.042504100205418,59.0864390323325,29.81,3.0,headache,S028
0.58,1.05,25.86690613775589,-0.8287178684682731,59.27022767207467,29.81,3.0,headache,S028
-0.06,1.05,25.564546425146947,-0.999794475832118,59.070544933975604,29.79,3.0,headache,S028
0.29,1.05,25.798934847136692,-0.7085293126575309,59.088337708792054,29.79,3.0,headache,S028
-0.01,1.05,25.52631320413364,-0.9884374084117383,59.13831386084884,29.79,3.0,headache,S028
0.21,1.04,25.42743439453319,-1.0865808962119343,59.169347446139625,29.79,3.0,headache,S028
-0.92,1.04,25.568466534416928,-0.9805318057500282,58.90535661041141,29.79,3.0,headache,S028
0.29,1.04,25.625221025481057,-1.0161060975212715,59.18845084552429,29.79,3.0,headache,S028
0.33,1.04,25.51514854557688,-0.8956960962434009,59.16206146939675,29.79,3.0,headache,S028
-0.3,1.04,25.33798873379622,-0.9534282819752464,59.20807158839343,29.79,3.0,headache,S028
-0.16,1.04,25.370727904338693,-1.0286297060459664,59.16707619033506,29.81,3.0,headache,S028
0.04,1.03,25.30383048513708,-0.9759096147428323,59.34515351368994,29.81,3.0,headache,S028
0.68,1.03,24.895135873551283,-1.022143570691436,59.27611978136919,29.81,3.0,headache,S028
-0.48,1.03,25.34132276825434,-0.9788533086676754,59.57460612705956,29.81,3.0,headache,S028
-0.08,1.04,25.37389972894161,-1.0206605172781291,58.97340432472481,29.81,3.0,headache,S028
0.29,1.04,25.428011204732933,-0.9794163599574802,59.20035260264021,29.81,3.0,headache,S028
-0.71,1.03,25.37991993615026,-1.0210227300142378,59.40710918715845,29.81,3.0,headache,S028
1.16,1.03,25.30112714037444,-0.9775114004430475,59.40083826419807,29.81,3.0,headache,S028
-0.04,1.03,25.5540461174368,-1.0275209399916763,59.118677457812694,29.79,3.0,headache,S028
-0.67,1.03,25.77458424166714,-0.8614575238025644,59.062780848046906,29.79,3.0,headache,S028
-0.08,1.02,25.611265117943393,-1.0013384706463409,59.06626075548366,29.79,3.0,headache,S028
0.65,1.02,25.329171778002003,-0.991549822315719,59.0659185971296,29.79,3.0,headache,S028
-0.19,1.03,25.26321690737472,-1.0104728439671458,59.07915245396735,29.81,3.0,headache,S028
-0.81,1.02,25.422434850893367,-0.988660312174912,59.181867555182386,29.81,3.0,headache,S028
-0.26,1.02,25.15378837556719,-1.0117693665760235,59.18436090435351,29.81,3.0,headache,S028
0.47,1.02,25.58893978418117,-0.9880082670833701,59.163249621639565,29.81,3.0,headache,S028
0.45,1.03,25.099586017748635,-1.0121022092981067,58.9163177991028,29.81,3.0,headache,S028
0.54,1.03,25.465490745344855,-0.9878533313240583,59.35642053369702,29.81,3.0,headache,S028
-0.14,1.03,25.48755990249811,-1.0121486867568616,59.06999993365678,29.81,3.0,headache,S028
-0.66,1.04,25.238961578848535,-0.9878804340486171,59.07127825359648,29.81,3.0,headache,S028
0.25,1.04,25.598698272853785,-1.0120613957230575,59.0530215820882,29.83,3.0,headache,S028
-0.02,1.04,25.522428827247722,-0.9880346802636024,59.156031376553244,29.83,3.0,headache,S028
-0.07,1.04,25.596078367006896,-1.0118024702148993,59.22564033558716,29.83,3.0,headache,S028
0.09,1.06,25.59162370593378,-0.9885045256533731,59.02102381989571,29.83,3.0,headache,S028
0.13,1.05,26.017241560288426,-1.010820798999561,59.11523159284317,29.81,3.0,headache,S028
-0.05,1.04,25.984868609622577,-0.9910212230488774,58.984535426101644,29.81,3.0,headache,S028
-0.47,1.04,26.02263597563869,-1.0015000597418164,58.98707615412783,29.81,3.0,headache,S028
0.0,1.04,25.878935663322245,-0.9736151056126616,59.119532080702754,29.81,3.0,headache,S028
0.87,1.04,26.06820215283935,-1.088909036261102,59.01534682587563,29.79,3.0,headache,S028
-0.72,1.04,25.66596052124073,-1.0726518261166003,59.02580855025571,29.79,3.0,headache,S028
0.2,1.03,25.83929754957556,-0.9911433322696369,59.095322263190866,29.79,3.0,headache,S028
-0.08,1.03,26.039672726533077,-0.9996375027145706,59.04774084875722,29.79,3.0,headache,S028
-0.5,1.03,25.430274143825155,-1.0036983937102266,59.07810134657896,29.81,3.0,headache,S028
0.58,1.03,25.3666823302921,-0.9946899920049335,59.281166142510315,29.81,3.0,headache,S028
0.1,1.03,25.442291583263437,-1.0062056894146625,59.09884307936647,29.81,3.0,headache,S028
-0.17,1.03,25.122781726781945,-0.9932601461307146,59.09927311477656,29.81,3.0,headache,S028
-0.4,1.03,25.527274500206534,-1.007064887263024,59.3192192421329,29.81,3.0,headache,S028
0.55,1.03,25.31214925840719,-0.9927456321898097,59.157040238214584,29.81,3.0,headache,S028
0.21,1.02,25.298986762633422,-1.0073453020380616,59.40500782673719,29.81,3.0,headache,S028
-0.15,1.02,25.407239014020206,-0.9926455079544151,59.330665796485576,29.81,3.0,headache,S028
0.22,1.02,25.512551251347343,-1.0072846035987777,59.34090879183054,29.81,3.0,headache,S028
-0.33,1.02,25.381311715202745,-0.9928754045864555,59.04206425797002,29.81,3.0,headache,S028
0.1,1.02,25.54925272987728,-1.006844772471261,59.29796133301832,29.81,3.0,headache,S028
-0.14,1.02,25.12395119872206,-0.993617325402963,59.15263395769952,29.81,3.0,headache,S028
0.08,1.01,25.14475781097248,-1.005606913702999,59.262302091137784,29.79,3.0,headache,S028
-0.42,1.01,25.279846799679717,-0.9957850277247762,58.945899345419384,29.79,3.0,headache,S028
0.12,1.01,25.481128202894833,-1.0013799064644124,59.238727813646875,29.79,3.0,headache,S028
0.62,1.01,25.300665152297892,-1.0059916994579992,59.29913653588698,29.79,3.0,headache,S028
-0.29,1.01,25.360385945104117,-0.9569476246596557,59.2645579310359,29.79,3.0,headache,S028
-0.06,1.01,25.18670647836257,-0.8798091317638491,59.12685150123013,29.79,3.0,headache,S028
0.07,1.0,25.22932484014587,-1.0678726995587107,59.26603612371092,29.79,3.0,headache,S028
-0.01,1.01,25.330240958000584,-0.7364011053975855,59.336777092415,29.79,3.0,headache,S028
0.19,1.01,25.02357146249606,-0.9752641438831446,59.42240312372086,29.81,3.0,headache,S028
-0.09,1.0,25.41613999616954,-1.0018734395896653,59.108439072127,29.81,3.0,headache,S028
0.2,1.0,25.07292790918834,-1.0041348861227,59.272988929851124,29.81,3.0,headache,S028
-1.1,1.0,25.3195233904864,-0.9930604348684579,59.02371353004613,29.81,3.0,headache,S028
0.81,1.0,25.15549696263084,-1.0087501891181674,59.281810142064906,29.83,3.0,headache,S028
0.38,0.99,25.348009218072438,-0.989734933914859,59.23026595526517,29.83,3.0,headache,S028
0.03,0.99,25.306332184131346,-1.01183708300775,59.38715045074107,29.83,3.0,headache,S028
-0.38,1.0,25.036166996724006,-0.9862245783349147,59.209152174732125,29.83,3.0,headache,S028
-0.57,1.0,25.163385187550745,-1.016543561803712,59.08778502791657,29.83,3.0,headache,S028
0.15,0.99,25.12542800778675,-0.9788215856651319,59.30466491078813,29.83,3.0,headache,S028
0.69,0.99,25.275236913511712,-1.0311380782034698,59.24561087706228,29.83,3.0,headache,S028
-0.36,0.99,25.501748886511876,-0.9274533728165121,59.31819986249163,29.83,3.0,headache,S028
-0.04,0.99,25.73739150913168,-0.9165639267764856,58.96026409628165,29.81,3.0,headache,S028
0.04,0.98,25.699258478533576,-1.0133540694457277,59.208137629545924,29.81,3.0,headache,S028
0.24,0.98,25.088906233973674,-1.0062187518943035,59.07033838179016,29.81,3.0,headache,S028
0.3,0.99,25.328106885641585,-0.8031122281521443,59.36956301307019,29.81,3.0,headache,S028
-0.69,0.98,25.422243090432787,-0.9188799106969645,59.15365425977056,29.83,3.0,headache,S028
-0.1,0.97,25.44071900137635,-1.03391545328406,59.00615385808718,29.83,3.0,headache,S028
0.19,0.97,25.39334953047819,-0.9750591937124545,59.25183156071859,29.83,3.0,headache,S028
0.53,0.98,25.590197013897264,-1.0246296169756237,59.22776367357435,29.83,3.0,headache,S028
-0.62,0.98,25.79927687329001,-0.9274604296774492,58.97487282483359,29.85,3.0,headache,S028
0.3,0.97,25.73153031424294,-1.0660339587985592,59.14982839150225,29.85,3.0,headache,S028
0.0,0.97,25.57997881557196,-0.9930852715082348,58.9516690179002,29.85,3.0,headache,S028
0.18,0.97,25.65948558051975,-0.9800017062611179,59.13264029474259,29.85,3.0,headache,S028
-0.0,0.97,25.543515956590653,-0.8687883613022146,59.01894766179143,29.83,3.0,headache,S028
-0.53,0.97,25.74982862558389,-1.0138351515622481,58.99700313716635,29.83,3.0,headache,S028
0.19,0.97,25.884248428048128,-0.42323713810205127,59.001492744437954,29.83,3.0,headache,S028
0.13,0.97,25.489400067100203,-0.593896279659858,59.21468215955371,29.83,3.0,headache,S028
-0.1,0.97,25.688962503388456,-0.746383449337202,59.12657826178462,29.83,3.0,headache,S028
0.2,0.96,25.52207806171645,-1.056385577184676,59.10568221746789,29.83,3.0,headache,S028
-0.18,0.96,25.597843680264628,-0.6514191183162121,59.06011363803091,29.83,3.0,headache,S028
-0.46,0.96,26.08238126410043,-0.34475974322327557,59.00930754184513,29.83,3.0,headache,S028
0.28,0.96,25.783263070752728,-0.7186306712574955,59.13583086149979,29.81,3.0,headache,S028
0.79,0.95,25.54227192591626,-0.8110847798795694,58.95024849090081,29.81,3.0,headache,S028
-0.08,0.95,25.313910335368906,-1.0657088319356194,59.0400580620525,29.81,3.0,headache,S028
-0.45,0.95,25.59065598262576,-0.962434794118261,58.971641432815154,29.81,3.0,headache,S028
-0.24,0.95,25.257436864957754,-1.0195633826599477,59.49579550489558,29.83,3.0,headache,S028
0.55,0.95,25.401820807748706,-1.1027213517108616,59.26592705252651,29.83,3.0,headache,S028
-0.52,0.95,25.110842552993084,-1.0249726139003585,59.08337664138437,29.83,3.0,headache,S028
0.61,0.95,25.211960534874425,-0.9896422031767593,59.49767559327451,29.83,3.0,headache,S028
-0.43,0.95,25.160051540081785,-0.9960419397096377,59.20354874242357,29.81,3.0,headache,S028
-0.05,0.99,25.536238144736163,-0.8937592159882829,59.30302618438798,29.81,3.0,headache,S028
0.44,0.99,25.58705485957313,-0.9167426990699461,59.156372025913264,29.81,3.0,headache,S028
-0.32,0.99,25.602101565530994,-0.7777971578564884,59.12216649508266,29.81,3.0,headache,S028
-0.42,0.98,25.57804183724085,-0.8316524238942757,59.17212867913374,29.85,3.0,headache,S028
0.13,0.98,25.581852170813114,-0.8911510343653862,58.921845827829806,29.85,3.0,headache,S028
0.44,0.98,25.49590645851528,-0.7398840362451177,59.12101642980633,29.85,3.0,headache,S028
-0.27,0.98,25.630535012457457,-0.7883143354693503,59.040417424738,29.85,3.0,headache,S028
0.16,0.98,25.560148449438124,-1.069883970528002,59.03330973311321,29.83,3.0,headache,S028
0.34,0.97,25.503435577756893,-0.9496291593754435,59.17996564203808,29.83,3.0,headache,S028
-0.96,0.97,25.361220764924983,-1.042354289547233,59.22881737846409,29.83,3.0,headache,S028
0.32,0.97,25.428262881717476,-0.9621475229947226,59.07885281933317,29.83,3.0,headache,S028
0.08,0.97,25.47401813192023,-1.0349327145399783,59.254126666977676,29.81,3.0,headache,S028
0.39,0.97,25.520193930942906,-0.9671095546147658,58.94205793222129,29.81,3.0,headache,S028
0.26,0.97,25.613213582905278,-1.031405381089767,59.284881526043385,29.81,3.0,headache,S028
-0.67,0.97,25.577652875175357,-0.9696887212300266,59.152233536693295,29.81,3.0,headache,S028
0.47,0.97,25.362128724373918,-1.0295151761025623,58.96421350753561,29.83,3.0,headache,S028
0.03,0.96,25.404872678432046,-0.971035796296854,59.44986574833929,29.83,3.0,headache,S028
-0.18,0.96,25.44920426131996,-1.0286307364912226,59.10665871013151,29.83,3.0,headache,S028
0.05,0.96,25.378044864440373,-0.9714940338056832,59.544581548397346,29.83,3.0,headache,S028
-0.03,0.97,25.326508445025812,-1.0285983506268874,59.22718103787087,29.85,3.0,headache,S028
-0.11,0.96,25.056202054122995,-0.9710638756195589,59.454620629976716,29.85,3.0,headache,S028
-0.27,0.95,25.44054053684845,-1.0295749954289242,59.28100535678419,29.85,3.0,headache,S028
0.33,0.96,25.396287255001067,-0.9693850676926292,59.06363939958458,29.85,3.0,headache,S028
0.11,0.95,25.57824626488357,-1.0322362173240915,58.99837240751852,29.85,3.0,headache,S028
-0.36,0.95,25.083770029044192,-0.9652174040735888,59.08418833877773,29.85,3.0,headache,S028
0.37,0.95,25.39645234569623,-1.0389787311703687,59.31783670508001,29.85,3.0,headache,S028
-0.3,0.95,25.460069429920267,-0.9533824801059985,59.11219289526727,29.85,3.0,headache,S028
0.26,0.95,25.09551951875932,-1.063430707814355,58.97766277218856,29.81,3.0,headache,S028
-0.74,0.95,25.417710154905475,-0.9278238199182296,59.20040920730847,29.81,3.0,headache,S028
0.85,0.95,25.683643870851636,-0.7733921838626023,59.159606359539254,29.81,3.0,headache,S028
-0.69,0.95,25.560549500032682,-0.8342588001869634,59.12736622138781,29.81,3.0,headache,S028
0.03,0.95,25.99094605155549,-0.9672695672819287,59.0422997220772,29.85,3.0,headache,S028
0.58,0.95,25.938309086589488,-0.9617718378967123,58.96902740664072,29.85,3.0,headache,S028
-0.17,0.94,25.940967685907204,-0.9711403171952961,59.03158868286359,29.85,3.0,headache,S028
0.3,0.94,26.28885005494539,-0.879834318388523,58.959313535263334,29.85,3.0,headache,S028
-0.2,0.94,25.716841982665024,-1.035747920273795,59.13992671083769,29.83,3.0,headache,S028
-0.1,0.94,25.822388671308715,-0.9784827296726447,58.99692007124742,29.83,3.0,headache,S028
-0.11,0.94,25.981624461896846,-0.9333350133051216,59.096848255115965,29.83,3.0,headache,S028
0.38,0.93,25.86265970681568,-0.8427084595650505,59.054077386809006,29.83,3.0,headache,S028
0.17,0.94,25.646997344183696,-0.986327566801454,58.97833966380746,29.83,3.0,headache,S028
-0.23,0.94,25.563746117325298,-0.9849348671739873,59.01319952149084,29.83,3.0,headache,S028
-0.22,0.93,25.619881317647522,-1.0282995644625308,58.990669831141645,29.83,3.0,headache,S028
-0.2,0.93,25.83505838285849,-0.9244358678336143,59.00715003088854,29.83,3.0,headache,S028
0.48,0.93,26.279863877874092,-0.4776631187879815,58.99424377487295,29.87,3.0,headache,S028
-0.3,0.93,26.373024394954413,-0.7990513506791957,59.00474722496811,29.87,3.0,headache,S028
0.24,0.92,26.519062379713784,-0.9996114777756173,58.9961350185047,29.87,3.0,headache,S028
0.08,0.92,26.271369524062106,-1.1617708622778276,59.00281635108954,29.87,3.0,headache,S028
-0.03,0.93,26.02813398984822,-0.9977047655423249,58.999040954746086,29.85,3.0,headache,S028
-0.19,0.93,26.008617607892774,-0.9901067498115838,58.995794452550584,29.85,3.0,headache,S028
0.52,0.92,25.97196933849337,-1.0180105926543916,59.03655537625794,29.85,3.0,headache,S028
-0.94,0.92,25.886856122732937,-0.9703037608364413,59.16428622146408,29.85,3.0,headache,S028
0.1,0.92,26.002213089125206,-1.0733640200487409,59.05740431987791,29.83,3.0,headache,S028
0.44,0.92,25.720210369944784,-1.0836209206572864,58.999021672750615,29.83,3.0,headache,S028
-0.3,0.92,25.40087702795203,-0.9819810241184499,59.124861152633585,29.83,3.0,headache,S028
0.28,0.92,25.49048598973579,-1.0056506910227758,58.9992254730324,29.83,3.0,headache,S028
0.16,0.92,25.417718389159432,-1.0004120518803294,59.20480826138078,29.85,3.0,headache,S028
-0.54,0.92,25.066660706169582,-0.9950387516570811,59.23912949863584,29.85,3.0,headache,S028
0.36,0.92,25.442512203786173,-1.0099732131882095,59.12057005916698,29.85,3.0,headache,S028
-0.15,0.92,25.08736625127697,-0.981474693582498,59.15322493668586,29.85,3.0,headache,S028
0.45,0.92,25.12939990197191,-1.0476531730451664,59.32515831948793,29.83,3.0,headache,S028
-0.24,0.92,25.15526803629838,-1.0981633399795259,59.233753040587494,29.83,3.0,headache,S028
-0.45,0.92,25.078747590632585,-1.0562724192210444,59.384202764884925,29.83,3.0,headache,S028
0.44,0.91,24.997743685696364,-1.1016024948622938,59.486296693813294,29.83,3.0,headache,S028
-0.42,0.92,25.45774127867773,-0.8975029172881192,59.26701783657248,29.83,3.0,headache,S028
0.25,0.92,25.241140431214195,-1.2981253211838444,59.120270452161975,29.83,3.0,headache,S028
-0.05,0.92,24.954520130298015,-1.8613987869037236,59.41892240788382,29.83,3.0,headache,S028
0.22,0.91,26.129621855659124,-0.8376955710676154,59.05624115897846,29.83,3.0,headache,S028
0.25,0.91,25.838860631064748,-0.824142233175795,59.05966327282691,29.85,3.0,headache,S028
-0.18,0.91,25.2758485575405,-1.1686263963737913,59.3226856464688,29.85,3.0,headache,S028
0.19,0.91,25.68192326785263,-1.5288524623002897,59.45455555232899,29.85,3.0,headache,S028
-0.29,0.9,25.925622962659656,-1.3978126748392334,59.139832949416686,29.85,3.0,headache,S028
-0.13,0.9,25.831665046896926,-1.5330063240318972,59.09275678297731,29.85,3.0,headache,S028
0.09,0.91,25.832237406343523,-1.5750650295206268,58.80436089516002,29.85,3.0,headache,S028
-0.04,0.91,25.578969117865192,-1.0356733153330393,59.500680547670136,29.85,3.0,headache,S028
-0.22,0.92,25.797088881487856,-0.21860199248680157,59.1400152864175,29.85,3.0,headache,S028
0.37,0.92,25.68162534344695,-0.4889169219985467,58.95603879228588,29.85,3.0,headache,S028
-0.31,0.93,25.396500412791834,-0.6526363370295649,59.03050802641455,29.85,3.0,headache,S028
-0.19,0.94,25.36242595711691,-0.886345637217505,58.97314088874329,29.85,3.0,headache,S028
-0.11,0.94,25.26101273265967,-0.9902965455276543,59.02440159880127,29.85,3.0,headache,S028
0.34,0.94,25.42988727774078,-0.8736678994147545,59.05304701770502,29.87,3.0,headache,S028
0.69,0.95,24.92749539386815,-1.0227743110745342,59.22974461599096,29.87,3.0,headache,S028
0.15,0.95,25.275071661864068,-0.9864232713077016,59.257535172178,29.87,3.0,headache,S028
-0.92,0.95,25.011332350060815,-1.0102618755897794,59.424647325000834,29.87,3.0,headache,S028
0.52,0.95,25.101395479056514,-0.9909632621413861,59.33541637804212,29.85,3.0,headache,S028
-0.06,0.95,25.026270786418998,-1.0093394681960701,59.2768292590636,29.85,3.0,headache,S028
-0.19,0.94,25.163215492511743,-0.9879221272245242,59.13500206648606,29.85,3.0,headache,S028
-0.08,0.94,25.511198117136686,-1.0247116264349143,59.353395607092565,29.85,3.0,headache,S028
0.3,0.93,24.976415559861493,-1.3666844089672723,59.431221563892144,29.87,3.0,headache,S028
-0.07,0.93,24.988998266052786,-0.9856314729266522,59.57405771927808,29.87,3.0,headache,S028
-0.17,0.93,25.163715281077824,-1.008600571021038,59.53755205766816,29.87,3.0,headache,S028
-0.26,0.92,24.912193309017876,-0.9936067484717513,59.53147881956486,29.87,3.0,headache,S028
0.63,0.93,25.211364592433092,-1.0052491107796289,59.2736973974207,29.85,3.0,headache,S028
-0.09,0.93,24.82619208457827,-0.9954750323216877,59.77582625459503,29.85,3.0,headache,S028
-0.88,0.93,25.321937263497393,-1.0039794338027108,59.38485665700961,29.85,3.0,headache,S028
0.56,0.92,25.40473343849732,-0.9965086663136895,59.030378405521894,29.85,3.0,headache,S028
0.59,0.92,24.951243873973212,-1.0029725706887327,59.15724373980987,29.85,3.0,headache,S028
-0.72,0.92,25.247577065317813,-0.9976904205010373,59.1141504198661,29.85,3.0,headache,S028
0.33,0.92,25.309063578393175,-1.001208369344974,59.076990368041535,29.85,3.0,headache,S028
-0.04,0.91,25.045714533366247,-1.0019584684035479,59.122722652574005,29.85,3.0,headache,S028
0.21,0.91,25.336627808373535,-0.9505814293343668,59.30480650968571,29.87,3.0,headache,S028
-0.19,0.92,25.654468693103095,-0.959549564054729,58.981313177876494,29.87,3.0,headache,S028
-0.16,0.91,25.73156338694204,-0.9149624515640044,58.98341035943839,29.87,3.0,headache,S028
-0.05,0.91,25.87755159032245,-0.9296353635339393,59.15300895276449,29.87,3.0,headache,S028
-0.28,0.9,25.766187797264568,-0.9677266673622471,59.13755848584416,29.87,3.0,headache,S028
0.93,0.91,25.77619107344155,-1.020287962275588,58.96938977584978,29.87,3.0,headache,S028
-0.56,0.91,25.80648803024305,-1.0111561407463066,59.00230289228499,29.87,3.0,headache,S028
0.06,0.91,25.32441916218293,-0.9881513969020886,59.031605811430516,29.87,3.0,headache,S028
-0.2,0.9,25.288641842770783,-1.0112430184566366,59.08222950528418,29.87,3.0,headache,S028
-0.17,0.9,25.136774611172417,-0.9893629315426077,59.393405470831794,29.87,3.0,headache,S028
0.52,0.9,25.130037133161476,-1.0101483267992375,59.37059485168001,29.87,3.0,headache,S028
-0.09,0.9,25.022745922162624,-0.9902350983989526,59.61678408618918,29.87,3.0,headache,S028
0.14,0.9,25.049380554765698,-1.0094626376598934,59.41555767826756,29.85,3.0,headache,S028
-0.06,0.9,25.10065221217953,-0.9907785282665105,59.158327442559774,29.85,3.0,headache,S028
0.12,0.9,24.968473687515182,-1.00902655993392,59.565088509786904,29.85,3.0,headache,S028
-0.34,0.9,25.01014963974022,-0.9911328596234829,59.37157330751306,29.85,3.0,headache,S028
-0.4,0.9,25.069024129850593,-1.0087353714074652,59.46016633615908,29.85,3.0,headache,S028
0.69,0.9,25.11694149217614,-0.9913745346450761,59.366238791386095,29.85,3.0,headache,S028
-0.28,0.9,25.171164302123646,-1.008533086291387,59.5056737956452,29.85,3.0,headache,S028
-0.22,0.9,25.028722485033324,-0.9915450627946278,59.35864194750204,29.85,3.0,headache,S028
0.45,0.89,24.979036235036293,-1.0083884757098263,59.83921693398857,29.85,3.0,headache,S028
0.06,0.9,25.02223465529948,-0.9916682840146127,59.578069587083164,29.85,3.0,headache,S028
-0.24,0.89,25.111094954160173,-1.0082830888460514,59.28589356261597,29.85,3.0,headache,S028
0.36,0.9,25.005403134585443,-0.9917586585853865,59.66653687825724,29.85,3.0,headache,S028
-0.63,0.89,24.99571088258776,-1.0082054641575082,59.24543107029253,29.89,3.0,headache,S028
-0.07,0.89,25.211648050776407,-0.9918253629190575,59.44915251711125,29.89,3.0,headache,S028
0.08,0.89,25.04213474970386,-1.0081481895176256,59.35361608480326,29.89,3.0,headache,S028
0.24,0.89,25.084850861811802,-0.9918744303597945,59.528297647378324,29.89,3.0,headache,S028
0.2,0.88,25.091588465176002,-1.0081063209305725,59.44685741539636,29.89,3.0,headache,S028
-0.22,0.88,25.18023452194759,-0.991909936519652,59.02072697359207,29.89,3.0,headache,S028
0.33,0.88,25.027530150797567,-1.0080764782398497,59.44436646132056,29.89,3.0,headache,S028
-0.33,0.89,24.967387654174715,-0.9919347079561925,59.32544648398083,29.89,3.0,headache,S028
-0.05,0.88,25.09394762849785,-1.0080562599382656,59.63437712054181,29.85,3.0,headache,S028
0.4,0.88,25.06387869440813,-0.991950862426514,59.33408128562447,29.85,3.0,headache,S028
-0.37,0.88,24.982312777485614,-1.0080436258184995,59.67251249560657,29.85,3.0,headache,S028
0.27,0.88,25.00581456704422,-0.9919607623781297,59.37508931744857,29.85,3.0,headache,S028
0.05,0.88,25.001532420304255,-1.0080349276324163,59.50406868391341,29.89,3.0,headache,S028
-0.56,0.88,24.99132873904042,-0.9919721156486367,59.6735234359413,29.89,3.0,headache,S028
0.21,0.88,25.018404928251446,-1.0080086320548738,59.18282802696651,29.89,3.0,headache,S028
0.31,0.88,24.962619794524826,-0.9920672109980724,58.99419373638752,29.89,3.0,headache,S028
-0.31,0.88,25.119905864383707,-1.0073841099966154,59.118345793406284,29.89,3.0,headache,S028
0.09,0.87,25.42062477595069,-0.743648786150354,59.01551680285457,29.89,3.0,headache,S028
0.51,0.87,25.055329251299444,-1.0066641253863302,59.24474282166783,29.89,3.0,headache,S028
0.03,0.87,25.076033526402217,-0.9924191310846366,59.27812511064034,29.89,3.0,headache,S028
-0.17,0.87,25.050203895908314,-1.0077796417983707,59.351736476036855,29.89,3.0,headache,S028
-0.91,0.86,25.183392640113222,-0.9921385655643732,59.404140577917595,29.89,3.0,headache,S028
0.68,0.87,24.981727398552746,-1.0079067198060752,59.36910169311457,29.89,3.0,headache,S028
0.03,0.87,25.026175089168106,-0.992063135357365,59.53633442680982,29.89,3.0,headache,S028
-0.1,0.86,25.07992585945105,-1.0079596952762577,59.602837067666215,29.87,3.0,headache,S028
-0.06,0.86,25.113614082282982,-0.9920213079628852,59.43195725907814,29.87,3.0,headache,S028
0.22,0.87,25.049917031067675,-1.0079956219729045,59.00105278708137,29.87,3.0,headache,S028
-0.29,0.87,24.993178817648445,-0.991988524430894,59.567576908724845,29.87,3.0,headache,S028
0.06,0.86,24.995838403006136,-1.008026854175769,59.65310902557038,29.87,3.0,headache,S028
0.86,0.86,25.276200946461774,-0.9919578508326596,59.031857731226694,29.87,3.0,headache,S028
-0.74,0.86,25.18333122116745,-1.008057632317009,59.25459868927018,29.87,3.0,headache,S028
-0.06,0.86,25.232934646524782,-0.9919264952748323,59.29421661158362,29.87,3.0,headache,S028
0.42,0.86,25.07689325453611,-1.0080899249551396,59.401744724386035,29.91,3.0,headache,S028
-0.38,0.85,24.97404761292319,-0.9918929738824014,59.18359288055328,29.91,3.0,headache,S028
-0.07,0.86,25.02097070326234,-1.008124926807068,59.29021364730461,29.91,3.0,headache,S028
0.02,0.85,24.97748608862984,-0.9918562614990816,59.13452800088198,29.91,3.0,headache,S028
0.32,0.85,25.028960964496058,-1.0081635708824939,58.923144388364086,29.89,3.0,headache,S028
-0.12,0.85,24.953860458105574,-0.9918154640521928,59.14508490545157,29.89,3.0,headache,S028
-0.72,0.86,25.148663332573555,-1.0082067514278639,59.291284712854974,29.89,3.0,headache,S028
0.91,0.85,25.27839687327621,-0.9917696561230935,59.11062590099768,29.89,3.0,headache,S028
-0.79,0.85,24.982289175238073,-1.0082554516755105,59.56386812149386,29.89,3.0,headache,S028
0.36,0.85,25.137075753211317,-0.9917177718564636,59.3674295825801,29.89,3.0,headache,S028
0.27,0.85,25.022846887434913,-1.008310844933648,59.06833236226224,29.89,3.0,headache,S028
0.22,0.85,25.154533705237075,-0.9916585041273599,59.193828890427184,29.89,3.0,headache,S028
-0.22,0.84,25.044754561772116,-1.0083744014309888,59.1674290568509,29.89,3.0,headache,S028
-0.49,0.84,25.031184851171023,-0.9915901859700467,59.27985144677236,29.89,3.0,headache,S028
0.49,0.85,24.942429872515806,-1.0084480244414933,59.21420243624575,29.89,3.0,headache,S028
-0.15,0.84,25.18916837001653,-0.9915106303967198,59.02006782295477,29.89,3.0,headache,S028
0.28,0.84,25.25590327872881,-1.0085342422652106,58.98085733629773,29.89,3.0,headache,S028
-0.71,0.84,25.22712389616579,-0.991416896984483,59.392283436506396,29.89,3.0,headache,S028
0.75,0.84,25.20900554448545,-1.0086364954185079,58.959001906700806,29.89,3.0,headache,S028
0.04,0.84,25.020620330650527,-0.9913049347446442,59.217278434728826,29.89,3.0,headache,S028
-0.41,0.84,25.018912673004046,-1.0087595852286937,59.357619468855624,29.89,3.0,headache,S028
-0.35,0.83,25.031169003553003,-0.991169012975199,59.30633518742384,29.89,3.0,headache,S028
0.41,0.84,25.39563633144381,-1.0089104034077299,59.35821904796228,29.89,3.0,headache,S028
0.25,0.84,24.96852074212081,-0.9910007758179381,59.18009584662618,29.89,3.0,headache,S028
-0.27,0.84,25.636942792453237,-1.0090991716237045,59.19819138875397,29.91,3.0,headache,S028
0.38,0.83,25.20984924022708,-0.9907875962935954,59.208780587549874,29.91,3.0,headache,S028
0.02,0.83,25.298544355443216,-1.00934165777036,59.473594118850684,29.91,3.0,headache,S028
-0.3,0.83,25.480621644805797,-0.9905095457103819,59.24353124657152,29.91,3.0,headache,S028
0.55,0.83,25.045961424695655,-1.0096633920987184,59.330985807194125,29.89,3.0,headache,S028
-0.9,0.83,25.214809240911038,-0.9901334133915544,59.092893761452316,29.89,3.0,headache,S028
-0.2,0.83,24.92585528043069,-1.010108338574905,59.207522996339094,29.89,3.0,headache,S028
-0.2,0.83,25.07879610207272,-0.9895998119165703,59.451391237967826,29.89,3.0,headache,S028
0.8,0.83,25.106919108565418,-1.0107586394851193,59.08637121445174,29.93,3.0,headache,S028
-0.09,0.82,25.09759006979861,-0.9887918860717979,59.403677882952294,29.93,3.0,headache,S028
0.22,0.82,25.318285538639834,-1.0117862849669346,59.26629752179532,29.93,3.0,headache,S028
-0.24,0.83,25.241337101663476,-0.9874456106400266,59.29469773236086,29.93,3.0,headache,S028
-0.11,0.83,25.109046548338963,-1.0136189222246357,59.458370699418964,29.91,3.0,headache,S028
0.71,0.82,25.1239110551347,-0.9848173035223822,59.055929451062774,29.91,3.0,headache,S028
-0.35,0.83,25.003862766340216,-1.0176851790501802,59.28804856595316,29.91,3.0,headache,S028
-0.11,0.82,25.222011632078225,-0.9777107101574296,59.363129187091495,29.91,3.0,headache,S028
-0.15,0.82,24.929959295059536,-1.0334113470263127,59.443272440077955,29.91,3.0,headache,S028
-0.46,0.82,25.32891558881903,-0.9033846009184567,59.16804987885503,29.91,3.0,headache,S028
0.76,0.82,25.830781391370145,-0.9381864165172479,59.23208114265648,29.91,3.0,headache,S028
-0.14,0.82,25.31226153478775,-1.0185704405855789,59.07700090452652,29.91,3.0,headache,S028
-0.2,0.82,25.10391712971568,-0.991032928049372,59.05486047770833,29.91,3.0,headache,S028
-0.55,0.82,24.962051493233147,-1.0046927400317405,58.90671102315953,29.91,3.0,headache,S028
0.86,0.82,25.014244810327988,-0.9978360118257389,59.21276893546522,29.91,3.0,headache,S028
0.33,0.81,25.157143078237546,-1.000273307396508,59.16862918655822,29.91,3.0,headache,S028
-0.73,0.81,25.451967654036892,-1.00164447356094,59.32556751754518,29.91,3.0,headache,S028
0.56,0.81,25.282860613762704,-0.9953954331933297,59.27791105249391,29.91,3.0,headache,S028
-0.06,0.81,25.2506068488582,-1.0123217808063947,59.32280829441263,29.91,3.0,headache,S028
-0.58,0.81,25.635799467400783,-0.9320154501659297,59.37744928144375,29.91,3.0,headache,S028
0.41,0.81,25.510472566458596,-0.879254884354595,59.03209673145687,29.91,3.0,headache,S028
0.01,0.81,25.492363159483233,-0.924273937178788,59.24989341969511,29.91,3.0,headache,S028
-0.28,0.8,25.302409340224848,-1.004490853060692,59.12910580925302,29.91,3.0,headache,S028
-0.07,0.8,25.20177388462656,-1.005090979009117,59.245481816874225,29.91,3.0,headache,S028
0.34,0.81,25.395820782011736,-0.9877373443858664,59.28424858682202,29.91,3.0,headache,S028
0.06,0.81,25.581748679675066,-1.0259566435900382,59.106706930979236,29.91,3.0,headache,S028
-0.03,0.8,25.88837471777688,-0.752143921330753,59.109522412803365,29.91,3.0,headache,S028
-0.41,0.8,25.49990538616381,-0.8671679862416953,58.916950097058766,29.91,3.0,headache,S028
0.06,0.81,25.612121126076733,-0.8198955697472392,59.22371518981399,29.91,3.0,headache,S028
0.08,0.81,25.541497008084466,-0.8919784537877025,59.169037912931984,29.91,3.0,headache,S028
0.14,0.81,25.566880230901184,-1.042833255417622,59.15099525366376,29.91,3.0,headache,S028
0.17,0.81,25.24854578996644,-0.9703347709116559,59.318065266320616,29.91,3.0,headache,S028
0.36,0.81,25.27404014956923,-1.0236606999013633,59.26332590879803,29.93,3.0,headache,S028
-0.68,0.82,25.347464223296644,-0.9800197741726728,59.26142004474024,29.93,3.0,headache,S028
0.32,0.81,25.503096240522257,-1.017174039039446,59.18162128372235,29.93,3.0,headache,S028
-0.35,0.81,25.24667409954903,-0.985567501685135,59.25862092071996,29.93,3.0,headache,S028
0.13,0.81,25.335326232992866,-1.0106791518957656,58.93298803670493,29.93,3.0,headache,S028
0.44,0.81,25.277500254883954,-0.9978859239613124,59.17977980319023,29.93,3.0,headache,S028
-0.26,0.81,25.743485867839848,-0.9006851194405906,59.299372934910366,29.93,3.0,headache,S028
0.15,0.81,25.82358271891789,-0.9554554959038541,59.038458603842166,29.93,3.0,headache,S028
-0.56,0.8,25.258265802203535,-1.0309358203494114,59.06519572224432,29.93,3.0,headache,S028
0.37,0.81,25.70767098593203,-0.9727955876763736,59.08862784933244,29.93,3.0,headache,S028
-0.53,0.81,25.452639091331292,-1.0257313177786702,58.9905848385902,29.93,3.0,headache,S028
0.04,0.8,25.694641938757496,-0.974779075449227,58.99522526161403,29.93,3.0,headache,S028
1.01,0.8,25.63348848402933,-1.0252716656107652,59.129305836403404,29.91,3.0,headache,S028
-0.63,0.8,25.52290396150414,-0.9743063134589464,58.99546029330125,29.91,3.0,headache,S028
0.03,0.8,25.491103641615826,-1.0262495289634186,59.12952301304781,29.91,3.0,headache,S028
0.29,0.8,25.687944791047787,-0.9739185965540403,58.99702138048223,29.91,3.0,headache,S028
0.02,0.8,26.006807851087018,-1.0197726638083313,59.01052403411455,29.93,3.0,headache,S028
-0.33,0.8,26.092352909721388,-1.137016767736586,58.98451238160471,29.93,3.0,headache,S028
-0.13,0.8,26.786165600414602,-1.3764278071550193,58.96808932778608,29.93,3.0,headache,S028
0.63,0.8,27.3357685441376,-1.354089187169764,58.56494973234746,29.93,3.0,headache,S028
-0.07,0.8,26.997283049838998,-1.1952369565432295,58.81169386915393,29.91,3.0,headache,S028
-0.08,0.8,26.918705046256818,-1.6033033215211614,58.971638645158706,29.91,3.0,headache,S028
-0.34,0.8,27.167908393232057,-1.4640994254746973,58.804790333856346,29.91,3.0,headache,S028
-0.05,0.79,26.95633630499234,-1.6015118370619696,59.0358225554548,29.91,3.0,headache,S028
0.06,0.79,27.03963711613925,-1.4695121746052608,58.91934865348913,29.93,3.0,headache,S028
0.66,0.8,26.95424713438938,-1.5715003709932271,58.823862937316,29.93,3.0,headache,S028
-0.9,0.8,27.067183817946006,-1.117135236195479,58.95695393832541,29.93,3.0,headache,S028
-0.12,0.79,26.787197363359798,-0.9638706107598027,58.89441308608423,29.93,3.0,headache,S028
0.56,0.79,26.514188949882918,-1.0251873643419867,59.00622187855069,29.93,3.0,headache,S028
-0.26,0.79,26.092314801035233,-0.9771491390142772,59.00841074285645,29.93,3.0,headache,S028
-0.39,0.79,25.906517279548037,-1.023668537522971,58.97419276856266,29.93,3.0,headache,S028
-0.04,0.8,25.96381221159701,-0.9729163569018796,59.09111138496403,29.93,3.0,headache,S028
0.52,0.79,25.35240038617298,-1.0353924026902979,59.209980641577864,29.91,3.0,headache,S028
0.33,0.79,25.267650596431544,-0.932663799916815,58.979724548709584,29.91,3.0,headache,S028
-0.32,0.79,25.456667451310413,-0.9146074306203434,59.33602735909137,29.91,3.0,headache,S028
-0.44,0.79,25.12695230942148,-1.0036304432304937,59.18003736759439,29.91,3.0,headache,S028
0.73,0.78,25.130968939696725,-1.0156069531575658,59.30412385772741,29.91,3.0,headache,S028
0.05,0.78,25.16996928387254,-0.9485542853641631,59.157498001123535,29.91,3.0,headache,S028
-0.51,0.79,25.598000243097026,-0.8998368765270972,59.11764692974072,29.91,3.0,headache,S028
0.33,0.78,25.408015141874976,-1.0194589487371037,59.35354013517507,29.91,3.0,headache,S028
0.24,0.78,25.313636166735073,-0.994805189881003,59.276956539517556,29.93,3.0,headache,S028
-0.5,0.78,25.16659362801724,-0.9960883141058238,59.32077749099919,29.93,3.0,headache,S028
0.27,0.78,25.261450268396594,-1.016052086101466,59.428496008857344,29.93,3.0,headache,S028
-0.05,0.78,25.063344595028042,-0.9374288968038905,59.443661455520555,29.93,3.0,headache,S028
-0.07,0.77,25.29566154169238,-0.7855895260540147,59.46791268893602,29.93,3.0,headache,S028
-0.18,0.77,25.210042030963102,-1.0240474552668541,59.20581440827897,29.93,3.0,headache,S028
0.5,0.78,24.933778382904656,-0.9849357250854555,59.399481188298495,29.93,3.0,headache,S028
0.47,0.77,25.05461992235405,-1.0106902488241518,59.5375274105312,29.93,3.0,headache,S028
-0.8,0.77,24.949971520389877,-0.9919489470512208,59.18603843994497,29.93,3.0,headache,S028
-0.17,0.77,25.047776843261282,-1.0062549056279995,59.511671809880475,29.93,3.0,headache,S028
0.34,0.78,24.953274851661483,-0.9950607908824075,59.530666970551934,29.93,3.0,headache,S028
-0.02,0.77,25.046496014748442,-1.003927544720165,59.40580407815788,29.93,3.0,headache,S028
0.25,0.77,24.953008939035232,-0.9968769702616922,59.429099663349696,29.93,3.0,headache,S028
-0.07,0.77,25.04829031868632,-1.0024676874641765,59.54280974791724,29.93,3.0,headache,S028
-0.75,0.77,24.94929557925731,-0.9980754277489194,59.379337208493446,29.93,3.0,headache,S028
0.43,0.77,25.055076148834118,-1.0014690247269258,59.452329273651124,29.93,3.0,headache,S028
0.16,0.77,24.93578421897317,-0.9989159649913959,59.66745903980291,29.91,3.0,headache,S028
-0.25,0.76,25.097216874335817,-1.0007576295334795,59.436280675304374,29.91,3.0,headache,S028
0.38,0.77,25.059329603736153,-0.9995186666977766,59.30729762241319,29.91,3.0,headache,S028
-0.34,0.77,25.266068769683095,-1.0002492448639333,59.370660255859676,29.91,3.0,headache,S028
0.18,0.76,25.121847993782097,-0.9999425125581844,59.416510431550336,29.93,3.0,headache,S028
0.07,0.76,25.13469019423671,-0.9999039142405435,59.06112613695236,29.93,3.0,headache,S028
0.04,0.77,24.954526629829466,-1.0002119890137346,59.46433889056126,29.93,3.0,headache,S028
-0.05,0.77,25.151866576181327,-0.9997109831916282,59.267102388395905,29.93,3.0,headache,S028
-0.49,0.76,24.989243803870647,-1.0003239434220648,59.56387089371046,29.93,3.0,headache,S028
-0.03,0.76,25.16984636458103,-0.9996890718337493,59.649400987220424,29.93,3.0,headache,S028
0.65,0.76,24.923410053447217,-1.0002404581594182,59.40180344525267,29.93,3.0,headache,S028
0.2,0.76,25.402840284814662,-0.999902505057708,59.53399750957351,29.93,3.0,headache,S028
-0.76,0.76,25.26566022841137,-0.9998581449147941,59.194333622470225,29.93,3.0,headache,S028
0.22,0.75,25.19226780164963,-1.000516612780424,59.08914888119656,29.93,3.0,headache,S028
0.45,0.76,25.066743503564222,-0.9989064427813713,59.234839270503734,29.93,3.0,headache,S028
-0.23,0.76,25.204672636987468,-1.001994992106717,59.121556868330835,29.93,3.0,headache,S028
0.0,0.75,25.05337606212927,-0.9965329449423461,59.40438743257575,29.93,3.0,headache,S028
-0.09,0.75,24.963489033766738,-1.0060718652053533,59.52544253165621,29.93,3.0,headache,S028
0.05,0.75,25.104112091888847,-0.9887716712289735,59.26211020199833,29.93,3.0,headache,S028
-0.03,0.76,25.260870341523738,-0.9996817501512724,59.273898698505796,29.93,3.0,headache,S028
-0.17,0.75,25.173051958844372,-1.0270220399250267,59.175679267039875,29.95,3.0,headache,S028
-0.21,0.75,25.250240430858213,-0.9688348214360392,59.20625749108643,29.95,3.0,headache,S028
0.63,0.75,25.43047558925956,-1.0209701486844553,59.435256712949524,29.95,3.0,headache,S028
-0.19,0.75,25.05502921416269,-0.9828983646985345,59.10231697921375,29.95,3.0,headache,S028
-0.1,0.75,25.088159573552755,-1.0152871288573315,59.472394909285136,29.95,3.0,headache,S028
-0.21,0.75,25.052399331474994,-0.9855714914934138,59.45279793133973,29.95,3.0,headache,S028
0.23,0.75,24.95589457431588,-1.014138743365785,59.35448346796099,29.95,3.0,headache,S028
0.2,0.76,25.049483031164986,-0.9857306588666039,59.48795964462319,29.95,3.0,headache,S028
-0.43,0.75,24.933546453713703,-1.0147828716441685,59.36350656508931,29.95,3.0,headache,S028
0.6,0.75,25.127923827061153,-0.9842803880835463,59.526918524503664,29.95,3.0,headache,S028
0.24,0.75,25.29686876648516,-1.0172083196587285,59.178260483269426,29.95,3.0,headache,S028
-1.02,0.75,25.04502064310261,-0.9804727295181774,59.59765144956582,29.95,3.0,headache,S028
0.41,0.75,25.21999941698945,-1.0232834405748297,59.194796324661965,29.95,3.0,headache,S028
-0.01,0.75,24.969509477135503,-0.9700017087574105,59.132461685765755,29.95,3.0,headache,S028
0.06,0.75,24.98581030186214,-1.0447380622971245,59.445929022315745,29.95,3.0,headache,S028
0.71,0.75,25.24943515093189,-0.8993074332311207,59.29809752400145,29.95,3.0,headache,S028
-0.54,0.74,25.26230319091688,-0.6621429131346813,59.18570885856216,29.95,3.0,headache,S028
-0.18,0.75,25.01467520157421,-1.0533963964222461,59.27942840031256,29.95,3.0,headache,S028
-0.23,0.75,25.244989748483285,-0.9717314189794032,59.18888252812049,29.95,3.0,headache,S028
-0.13,0.75,24.980541049937344,-1.0187230590442784,59.33870950749059,29.95,3.0,headache,S028
0.1,0.74,25.048985778865973,-0.986262681765228,59.500025253153936,29.95,3.0,headache,S028
0.79,0.74,25.09827099334008,-1.010704916174605,59.135514236994894,29.95,3.0,headache,S028
-0.73,0.74,24.995994076307976,-0.9913102462412821,59.58877453383483,29.95,3.0,headache,S028
0.38,0.75,24.995369009172755,-1.0072732066865904,59.735119048546416,29.95,3.0,headache,S028
0.03,0.74,25.007835764822545,-0.9937595638488839,59.3088281034886,29.95,3.0,headache,S028
-0.24,0.74,24.990159167218067,-1.005470296319589,59.582171274384734,29.95,3.0,headache,S028
-0.15,0.74,25.011788323388583,-0.9951102589722115,59.58823191613914,29.95,3.0,headache,S028
0.62,0.74,24.98558218416673,-1.0044525974461795,59.27086295022633,29.95,3.0,headache,S028
-0.2,0.74,25.018931544265797,-0.9958712038162285,59.05722215347726,29.95,3.0,headache,S028
-0.38,0.74,24.970770356122287,-1.003898555347568,59.730233938236104,29.95,3.0,headache,S028
0.14,0.75,25.07795797310848,-0.9962508828718775,59.12452295912868,29.95,3.0,headache,S028
-0.14,0.74,25.08078125091805,-1.00367291325465,59.352886985570265,29.95,3.0,headache,S028
-0.07,0.74,24.97718299686372,-0.9963333824256715,59.82886792806846,29.95,3.0,headache,S028
0.36,0.74,25.011330835779784,-1.0037308431028191,59.385792462718065,29.95,3.0,headache,S028
-0.07,0.74,24.994131204252795,-0.9961295693952513,59.79579106241268,29.95,3.0,headache,S028
-0.5,0.74,25.00205973652117,-1.0040954503544839,59.74287951764472,29.95,3.0,headache,S028
0.38,0.74,25.00149284579113,-0.995576713516059,59.33365500871124,29.95,3.0,headache,S028
0.55,0.74,24.994234880581704,-1.004882647497811,59.20860575139598,29.95,3.0,headache,S028
-0.01,0.74,25.012305933740347,-0.9944785790913685,59.52629523883884,29.95,3.0,headache,S028
-0.48,0.74,24.97425910816425,-1.006423046759185,59.305682875765676,29.95,3.0,headache,S028
-0.05,0.73,25.076594438393464,-0.9922558474491883,59.66519161158047,29.95,3.0,headache,S028
0.15,0.74,25.226669309842656,-1.0098141135591774,59.345566126330645,29.95,3.0,headache,S028
-0.04,0.73,24.943607813242355,-0.9865402195483898,59.36802152277969,29.95,3.0,headache,S028
-0.36,0.73,25.035949287184078,-1.0215080010404056,59.47842425417015,29.95,3.0,headache,S028
0.27,0.73,24.971954686857615,-0.9459359402022569,59.608907467045356,29.97,3.0,headache,S028
0.3,0.73,25.023943787442843,-0.8985246842879727,59.276103998557495,29.97,3.0,headache,S028
0.09,0.73,24.9784767483318,-1.0257066037098412,59.41447447539935,29.97,3.0,headache,S028
-0.22,0.73,25.020014677893837,-0.9855524785102894,59.47085172003179,29.97,3.0,headache,S028
-0.04,0.72,24.980939697603905,-1.0098319402910527,59.316906338137414,29.93,3.0,headache,S028
-0.25,0.73,25.018354159615342,-0.9927441439023874,59.54720332864493,29.93,3.0,headache,S028
0.32,0.73,24.98383799240186,-1.0055579125151095,59.486090600272185,29.93,3.0,headache,S028
-0.01,0.73,25.17700100625616,-0.9956939557603984,58.9999171489239,29.93,3.0,headache,S028
-0.56,0.72,25.196470258556616,-1.0033001936279187,59.27544709343441,29.95,3.0,headache,S028
0.46,0.73,25.01008346936445,-0.9975677969576899,58.95987940805596,29.95,3.0,headache,S028
0.29,0.73,25.10470526812632,-1.0016351420981568,59.341534573896006,29.95,3.0,headache,S028
0.37,0.72,25.40806585532403,-0.9991388311094603,59.29306245764494,29.95,3.0,headache,S028
-0.41,0.72,25.21041147367134,-1.000069491149748,59.23041386433847,29.97,3.0,headache,S028
-0.36,0.73,25.09799903794248,-1.0007834424801343,59.39985303650636,29.97,3.0,headache,S028
0.22,0.73,25.07318202435135,-0.9982402494845811,59.56225565833342,29.97,3.0,headache,S028
-0.2,0.72,24.960359582988197,-1.0029910341099515,59.813058500564665,29.97,3.0,headache,S028
-0.19,0.72,25.04638749477878,-0.9950169185899224,59.249524357997714,29.97,3.0,headache,S028
0.08,0.72,24.8799103118803,-1.0138126076340683,59.22735357112898,29.97,3.0,headache,S028
0.11,0.72,25.787324314325044,-0.8552274226284662,59.2737880512235,29.97,3.0,headache,S028
0.19,0.72,25.146213513036887,-1.0172534961849005,59.26599604758333,29.97,3.0,headache,S028
-0.46,0.73,25.440394595816926,-0.981294676143634,59.54525840842581,29.97,3.0,headache,S028
0.67,0.72,25.29925276599118,-1.0272685799275514,59.22852327210587,29.97,3.0,headache,S028
-0.33,0.72,25.317743000617817,-0.9445935587827349,59.22366333565606,29.97,3.0,headache,S028
0.21,0.71,25.49977970769219,-1.0162780973405412,59.107021594839935,29.97,3.0,headache,S028
0.06,0.71,24.94477307156009,-1.0202281950445637,59.19108682600854,29.97,3.0,headache,S028
-0.53,0.72,25.15076585222465,-1.077852402160408,59.265409412980965,29.97,3.0,headache,S028
0.51,0.72,24.75267425654939,-0.9390647421844079,59.567336655274275,29.97,3.0,headache,S028
-0.13,0.71,24.944367153049097,-0.9742055641152624,59.58053372735234,29.97,3.0,headache,S028
0.18,0.71,25.03499516567668,-1.0195359452327393,59.382404303658234,29.95,3.0,headache,S028
-0.74,0.71,25.244562117390064,-0.9850932966839773,59.42800763135651,29.95,3.0,headache,S028
-0.43,0.71,25.01111227296695,-1.0110091224604698,59.558031378200056,29.95,3.0,headache,S028
2.32,0.71,25.26320717315257,-0.9932156267057757,59.05581746112351,29.95,3.0,headache,S028
-0.39,0.7,24.99197274827813,-1.0002046300742093,59.40629223860001,29.97,3.0,headache,S028
-1.01,0.71,25.047984987719985,-1.0197237669963102,59.59955743808368,29.97,3.0,headache,S028
-0.17,0.71,25.087085636839507,-1.1277353644472785,59.42396367167712,29.97,3.0,headache,S028
-0.18,0.7,25.052323187212863,-0.9664670994755297,59.418808309935514,29.97,3.0,headache,S028
0.07,0.7,25.098718244927845,-1.0234744599599643,59.22935918694634,29.97,3.0,headache,S028
0.62,0.7,24.962761365150737,-0.9806046516924519,59.61272943691927,29.97,3.0,headache,S028
-0.27,0.7,25.02364886994291,-1.017093207120874,59.33310420199927,29.97,3.0,headache,S028
0.02,0.7,24.98248581983412,-0.9844270342888627,59.24604166557093,29.97,3.0,headache,S028
-0.34,0.7,25.01420787003708,-1.0144736286708755,59.30414490986778,29.97,3.0,headache,S028
0.22,0.7,24.987545057396677,-0.986369129416238,59.233159629618115,29.97,3.0,headache,S028
-0.12,0.7,25.011873514266473,-1.0129582707664184,59.38664040347266,29.97,3.0,headache,S028
0.16,0.7,24.987380242057498,-0.9875944352267749,59.234795212313884,29.97,3.0,headache,S028
0.39,0.7,25.016536789651354,-1.0119412633365354,59.1425204053229,29.97,3.0,headache,S028
-0.34,0.7,25.268728697850612,-0.9884555163076229,59.06911809159003,29.97,3.0,headache,S028
0.62,0.7,25.481368950913975,-1.0112007415193367,59.38692537570466,29.97,3.0,headache,S028
-0.17,0.69,25.24250696872827,-0.9891003790389011,59.14721508911525,29.97,3.0,headache,S028
-0.95,0.69,25.253492093840183,-1.0106334070558447,59.06073521002496,29.97,3.0,headache,S028
0.25,0.69,24.98519503208088,-0.989603756523276,59.41214456374476,29.97,3.0,headache,S028
0.47,0.69,25.11666521683074,-1.0101835924458458,59.257182124017184,29.97,3.0,headache,S028
-0.44,0.69,25.025151360130348,-0.9900081236534145,59.43814348242373,29.97,3.0,headache,S028
0.17,0.69,24.986043108000697,-1.0098182328231051,59.49516181136733,29.97,3.0,headache,S028
-0.44,0.69,25.01022416282173,-0.9903396568611804,59.443971864635934,29.97,3.0,headache,S028
0.21,0.69,24.99214814463055,-1.0095163092135597,59.409664596680244,29.97,3.0,headache,S028
0.36,0.69,25.00549840095862,-0.9906154361515199,59.19507373739317,29.97,3.0,headache,S028
0.29,0.69,24.997993660125417,-1.0092638041069557,59.59517464696368,29.97,3.0,headache,S028
-0.29,0.69,24.993736988905468,-0.9908470588016498,59.87979910847535,29.97,3.0,headache,S028
-0.04,0.69,25.113863691565186,-1.009051062359506,59.3976155263994,29.97,3.0,headache,S028
0.36,0.69,25.021827397996667,-0.9910425983710418,59.056637087217574,29.97,3.0,headache,S028
-0.63,0.69,25.016816885012155,-1.008871317343101,59.442702325247055,29.97,3.0,headache,S028
0.07,0.69,25.163363779505435,-0.9912077251782045,59.19512001282351,29.97,3.0,headache,S028
0.2,0.69,25.109838039702645,-1.0087198331577139,59.17089555585967,29.97,3.0,headache,S028
0.36,0.68,25.219524200558272,-0.9913463646540859,59.17159306911071,29.97,3.0,headache,S028
-0.3,0.69,24.967074411471838,-1.0085934012310447,59.18812962305213,29.95,3.0,headache,S028
-0.11,0.69,25.04153842482554,-0.9914610770607547,59.16002751330982,29.95,3.0,headache,S028
0.16,0.69,24.945577055366588,-1.0084900626216684,59.155864291159745,29.95,3.0,headache,S028
-0.27,0.68,25.307568123643023,-0.9915532475158161,59.22371498851461,29.95,3.0,headache,S028
0.05,0.68,25.151200448806573,-1.0084089972289174,59.366655915379276,29.97,3.0,headache,S028
0.11,0.68,25.245790582111937,-0.9916231207949726,59.371055590169384,29.97,3.0,headache,S028
0.3,0.68,25.205411441331698,-1.0083505667795087,59.689793683173356,29.97,3.0,headache,S028
-0.38,0.68,24.996374606336925,-0.9916696732768046,59.61035795716196,29.97,3.0,headache,S028
0.29,0.68,24.992922675675455,-1.0083165418058355,59.78428523927645,29.95,3.0,headache,S028
-0.32,0.68,25.116041119287665,-0.9916902646246112,59.63105138767719,29.95,3.0,headache,S028
-0.18,0.68,25.024344032878062,-1.0083106055705895,59.07768019658087,29.95,3.0,headache,S028
-0.05,0.68,24.97679525472402,-0.9916799268329842,59.27824506162751,29.95,3.0,headache,S028
1.19,0.68,25.020663101055394,-1.008339349202689,59.46648206702729,29.97,3.0,headache,S028
-0.85,0.68,25.273219982404775,-0.9916299679661552,59.64036175685916,29.97,3.0,headache,S028
0.0,0.68,25.25147660251927,-1.0084142493703618,59.66472901078546,29.97,3.0,headache,S028
0.12,0.68,24.97375419469643,-0.9915251288927573,59.5599052790915,29.97,3.0,headache,S028
-0.47,0.68,25.09953990724091,-1.0085558373255112,59.16213778453991,29.97,3.0,headache,S028
0.54,0.68,25.231744101559606,-0.9913373191395934,59.24384599830494,29.97,3.0,headache,S028
0.12,0.68,25.49371971057582,-1.0088033933459604,59.50146474985623,29.97,3.0,headache,S028
-0.18,0.68,25.25523150971118,-0.9910100699839275,59.6171093837832,29.97,3.0,headache,S028
0.07,0.67,25.356262836755654,-1.0092409794366302,59.17887838571521,29.97,3.0,headache,S028
0.06,0.68,25.40208060465049,-0.9904125596550979,59.07186410844507,29.97,3.0,headache,S028
-0.26,0.68,25.036036638998215,-1.0100842928889346,59.36012714055989,29.97,3.0,headache,S028
0.08,0.67,24.992661853644172,-0.9891603212262053,59.147375623232385,29.97,3.0,headache,S028
-0.17,0.67,25.007152068905103,-1.012099568292445,59.2895216560409,29.97,3.0,headache,S028
-0.17,0.68,24.994876025994312,-0.9854300565114663,59.335783626742,29.97,3.0,headache,S028
0.5,0.67,25.26567631151938,-1.021436504813191,59.24152264732649,29.97,3.0,headache,S028
0.2,0.67,25.189868362048102,-0.8722872355240546,59.67189683889922,29.97,3.0,headache,S028
-1.1,0.67,25.070403649863135,-0.9871225415200107,59.427577615056066,29.97,3.0,headache,S028
0.37,0.67,25.32302313653391,-1.002423777781526,59.63616091828149,29.97,3.0,headache,S028
0.27,0.67,25.0355947361731,-1.0007065045028969,59.508434777098856,29.97,3.0,headache,S028
0.38,0.66,24.97999795339604,-0.9977947918724513,59.1649624196719,29.97,3.0,headache,S028
0.13,0.66,25.050050119585766,-1.0030811892216647,59.48382854729352,29.97,3.0,headache,S028
-0.28,0.66,25.23106133220515,-0.9963445490841037,59.47134176532533,29.97,3.0,headache,S028
0.07,0.67,24.96781689430074,-1.0040627873900045,59.50823235793332,29.97,3.0,headache,S028
-0.28,0.66,25.022578883830683,-0.9956291428287951,59.34364913873424,29.97,3.0,headache,S028
-0.14,0.66,24.980656991138957,-1.0046192168400851,59.551262478563984,29.97,3.0,headache,S028
-0.08,0.66,25.01881392662397,-0.9951641538763721,59.035019435981035,29.97,3.0,headache,S028
0.37,0.66,24.9783873173701,-1.0050474846381845,59.431303005597385,29.97,3.0,headache,S028
-0.05,0.66,25.038670389766466,-0.994707246291226,59.057075639396146,29.97,3.0,headache,S028
0.06,0.66,25.11464480680023,-1.0056554901266652,59.53339027411591,29.99,3.0,headache,S028
-0.04,0.66,25.095404543010538,-0.9936027756721367,59.257669808937806,29.99,3.0,headache,S028
0.17,0.66,25.337531308890288,-1.0088097319607219,58.95134284001285,29.99,3.0,headache,S028
-0.05,0.65,25.632304808617782,-0.9682327454460202,59.04921394356979,29.99,3.0,headache,S028
0.11,0.65,25.48711137355833,-1.1600432049936762,59.09882641023465,29.95,3.0,headache,S028
-0.43,0.65,25.391707953123177,-0.9867171470398935,59.057183143837364,29.95,3.0,headache,S028
0.08,0.65,25.33708391721945,-1.0083709425226954,59.31562480658525,29.95,3.0,headache,S028
0.08,0.65,25.102469591426694,-0.9928375637087975,59.306955270418115,29.95,3.0,headache,S028
-0.28,0.65,24.94726948287196,-1.006717200673485,59.29027780071076,29.97,3.0,headache,S028
-0.15,0.65,25.08492755763492,-0.9934633125701754,59.28073271071871,29.97,3.0,headache,S028
0.4,0.65,25.063382194081044,-1.0064797063676918,59.47954473099665,29.97,3.0,headache,S028
0.22,0.65,25.077042415417093,-0.9935044268284606,59.630854527216385,29.97,3.0,headache,S028
0.4,0.65,25.070890004092234,-1.0065648398305918,59.47321682297104,29.97,3.0,headache,S028
-0.54,0.65,24.968845862716247,-0.9933181189270299,59.486586784127994,29.97,3.0,headache,S028
-0.43,0.65,25.022788907031565,-1.006849185403498,59.38228824437962,29.97,3.0,headache,S028
0.49,0.64,24.978092002081443,-0.9929239955876449,59.370692749739256,29.97,3.0,headache,S028
0.26,0.65,25.029768638946283,-1.0073794871546549,59.57103508424475,29.99,3.0,headache,S028
0.01,0.65,25.107012008946633,-0.9922115607290536,59.24300568361528,29.99,3.0,headache,S028
-0.32,0.65,25.006884541507187,-1.0083515970363846,59.174862234047126,29.99,3.0,headache,S028
0.29,0.65,24.97644422122065,-0.9908441171728335,59.25192153804447,29.99,3.0,headache,S028
-0.41,0.65,25.06586888517166,-1.0103707357063514,59.409976058368926,29.99,3.0,headache,S028
0.03,0.65,25.077191007908898,-0.9876256579220511,59.24848734760603,29.99,3.0,headache,S028
0.03,0.65,25.175421233302362,-1.0162155727470261,59.44216828557883,29.99,3.0,headache,S028
0.31,0.64,25.087717938016848,-0.9737195758443261,59.26814987274062,29.99,3.0,headache,S028
0.16,0.64,25.0619503198546,-1.1151267914032368,59.255930750884495,29.99,3.0,headache,S028
-0.47,0.65,25.069571379649478,-1.0354884951597743,59.084789261755866,29.99,3.0,headache,S028
-0.32,0.65,25.065054083185153,-0.9866714197968173,59.948495307945,29.99,3.0,headache,S028
-0.0,0.64,25.06638892382873,-1.007378303627949,59.2937031115954,29.99,3.0,headache,S028
0.71,0.64,24.947327030198952,-0.9953584384763619,59.25634577519616,29.99,3.0,headache,S028
-0.7,0.64,25.047957936213056,-1.0030814248280069,59.38706177041525,29.99,3.0,headache,S028
0.7,0.65,24.95389577313614,-0.9979226191303437,59.053030841928724,29.99,3.0,headache,S028
0.15,0.64,25.04590906940265,-1.0013738334666136,59.73606620739712,29.99,3.0,headache,S028
-0.38,0.64,24.95287708058178,-0.9991572092923109,59.67050921961272,30.01,3.0,headache,S028
-0.13,0.64,25.049990567508814,-1.0004083943505515,59.234273589831936,30.01,3.0,headache,S028
-0.39,0.64,24.945428058833922,-0.9999837782684722,59.43643895172525,30.01,3.0,headache,S028
0.86,0.64,25.267839908881243,-0.9996167084750489,59.46761853464364,30.01,3.0,headache,S028
-0.43,0.63,24.988186748149094,-1.0008487196130094,59.30802011147193,29.99,3.0,headache,S028
-0.68,0.64,25.107912263954752,-0.9985330533099392,59.844159588497796,29.99,3.0,headache,S028
0.99,0.64,25.08391138080312,-1.0023917260233828,59.52747515734406,29.99,3.0,headache,S028
-0.28,0.64,25.2291956461359,-0.9960594557691683,59.21686653492737,29.99,3.0,headache,S028
0.3,0.63,24.94388375201962,-1.0068974002362276,59.33807878243585,29.99,3.0,headache,S028
-0.34,0.63,25.392292269690632,-0.9861855540590775,59.25558465119637,29.99,3.0,headache,S028
0.02,0.63,25.046292715255923,-1.039908676070314,59.22673903425853,29.99,3.0,headache,S028
-0.14,0.64,24.978279713656736,-0.8799627215519001,59.430802549600614,29.99,3.0,headache,S028
0.48,0.63,25.39310615007668,-0.942280889661922,59.17276118077899,29.99,3.0,headache,S028
-0.54,0.63,24.96580108310785,-1.043082751232656,59.47288399561148,29.99,3.0,headache,S028
-0.01,0.63,25.012836018595422,-0.9544106507220038,59.205610238713426,29.99,3.0,headache,S028
0.6,0.63,25.438268895726303,-1.0641857497349405,59.5148147097971,29.99,3.0,headache,S028
-0.17,0.63,25.470446389331645,-0.8142285641832063,59.141498893190374,29.99,3.0,headache,S028
0.03,0.63,25.589513992363383,-0.8686568341116317,59.27059646531737,29.99,3.0,headache,S028
-0.17,0.63,25.285270520609057,-1.0418235421590512,59.682096265021805,29.99,3.0,headache,S028
-0.45,0.63,25.095242279472874,-0.9773371155880464,59.464357411282194,29.99,3.0,headache,S028
0.22,0.62,24.977025076621793,-1.0139649452290032,59.24794731189041,30.01,3.0,headache,S028
0.2,0.63,25.134168172882195,-0.9916211966818008,59.052536955710984,30.01,3.0,headache,S028
-0.13,0.63,25.14813787066982,-1.0032743826071777,59.493705679221364,30.01,3.0,headache,S028
0.2,0.63,25.094700287190342,-1.005102529177608,59.67119047368627,30.01,3.0,headache,S028
-0.04,0.63,25.351120670014026,-0.8854553288112222,59.29359759448941,29.99,3.0,headache,S028
0.22,0.63,25.39674209187401,-0.976304067238116,59.203502135980045,29.99,3.0,headache,S028
-0.51,0.64,25.07567478306756,-1.0133265935803741,59.32715963721487,29.99,3.0,headache,S028
0.09,0.65,25.48037322643026,-0.9903378087101177,59.08351708673536,29.99,3.0,headache,S028
0.34,0.65,25.363399989557067,-1.0075717123114971,59.181662494055594,29.99,3.0,headache,S028
-0.19,0.65,25.181197136969374,-0.9938858785298246,59.48120275385522,29.99,3.0,headache,S028
0.11,0.66,25.199471846679142,-1.0049776649054474,59.38475997718153,29.99,3.0,headache,S028
0.13,0.66,24.92848563678051,-0.9959748299294031,59.224674444615225,29.99,3.0,headache,S028
-0.29,0.66,25.252054471602897,-1.0031847675075656,59.07940883194786,29.97,3.0,headache,S028
0.25,0.65,25.19080806411194,-0.9975860117172809,59.763219001142815,29.97,3.0,headache,S028
-0.36,0.66,25.028538123831037,-1.0016854785820033,59.81936414144218,29.97,3.0,headache,S028
0.31,0.66,25.20065118021276,-0.9990193638955601,59.21712057918721,29.97,3.0,headache,S028
-0.63,0.65,25.100817810834826,-1.0002867949996272,59.089575895769364,29.99,3.0,headache,S028
0.12,0.65,25.136026530043292,-1.0004034110098967,59.21901820040622,29.99,3.0,headache,S028
0.69,0.65,25.14219754783717,-0.9989096597898723,59.0337928622401,29.99,3.0,headache,S028
0.2,0.65,24.985080072387927,-1.0017611199319054,59.16263932045781,29.99,3.0,headache,S028
-0.13,0.64,24.97294464197249,-0.9976288600825924,59.56024173174843,29.99,3.0,headache,S028
-0.88,0.64,25.199799213322812,-1.002783170574384,59.20799624704966,29.99,3.0,headache,S028
0.74,0.65,25.09692123210978,-0.9974881731737812,59.270692780568154,29.99,3.0,headache,S028
0.2,0.64,25.22665737338201,-0.9989800083029503,59.41996610826254,29.99,3.0,headache,S028
-0.22,0.64,25.69813490022082,-1.2305147771457996,59.06768756506519,29.99,3.0,headache,S028
-0.44,0.64,25.720874848362364,-1.041811915808646,59.088684860190696,29.99,3.0,headache,S028
0.01,0.64,25.766496251274155,-0.9320657699654885,59.26080725982644,29.99,3.0,headache,S028
0.15,0.64,25.51598356519603,-0.9026532319807671,58.99316105062895,29.99,3.0,headache,S028
0.24,0.64,25.46898355739298,-1.1368839182227077,59.13055999296828,29.99,3.0,headache,S028
-0.28,0.64,25.516406491808592,-1.00661604495058,59.000681020136845,29.99,3.0,headache,S028
0.18,0.64,25.14575196854327,-1.06248590825217,59.382812163703974,29.99,3.0,headache,S028
-0.66,0.64,25.27207857779441,-1.1056367356437091,59.29046812574858,29.99,3.0,headache,S028
0.48,0.64,24.99180560310474,-0.9065252434237082,59.26406462246025,29.99,3.0,headache,S028
0.11,0.63,25.178602073337004,-1.1774462103153889,59.60232632966387,29.99,3.0,headache,S028
0.27,0.63,25.111885772153524,-0.8520431148660028,59.38197169000119,29.99,3.0,headache,S028
0.08,0.64,24.957291848757187,-1.1629106521466164,59.64707839012033,29.99,3.0,headache,S028
-0.26,0.64,24.93719088118191,-1.301757337200926,59.54602684571561,30.01,3.0,headache,S028
0.23,0.63,24.821727102862436,-1.7783531384395037,59.7339148260206,30.01,3.0,headache,S028
-0.61,0.63,24.771498707852192,-1.411657995925869,59.581729421533254,30.01,3.0,headache,S028
0.06,0.63,25.200805725412906,-0.7100149100556249,59.25786118161285,30.01,3.0,headache,S028
0.27,0.64,25.49057772025158,-0.26268501695776814,59.5153861097269,30.01,3.0,headache,S028
0.6,0.63,25.531806186874615,-0.5921115641747388,59.452387284362906,30.01,3.0,headache,S028
-0.79,0.62,25.308845762379715,-0.7973063946810878,59.233043129059915,30.01,3.0,headache,S028
-0.09,0.63,25.101991406022126,-0.830700416706639,59.18143063525616,30.01,3.0,headache,S028
-0.04,0.63,25.091260248068416,-1.4608282014928797,59.4347457024666,30.01,3.0,headache,S028
0.54,0.62,24.924995678485434,-1.990004276420455,59.60040997548227,30.01,3.0,headache,S028
0.38,0.62,25.01389288524261,-1.2619958869072332,59.43049135701658,30.01,3.0,headache,S028
-0.93,0.63,24.603739573447687,-1.253617906635324,59.936530854904206,30.01,3.0,headache,S028
-0.16,0.62,24.86836308317965,-1.7152502569059862,59.66412811087074,30.01,3.0,headache,S028
0.79,0.62,24.94077949304963,-1.1440626380950263,59.90476604247912,30.01,3.0,headache,S028
-0.42,0.62,24.995702109008338,-0.9315909273308027,59.572847194249135,30.01,3.0,headache,S028
0.03,0.62,25.21084702746317,-0.757583887267489,59.7776563542704,30.01,3.0,headache,S028
0.23,0.62,25.3381956692119,-0.45248031637480773,59.1615817027332,30.01,3.0,headache,S028
0.02,0.62,25.196993213340868,-0.514147830436513,59.30597320052829,30.01,3.0,headache,S028
-0.1,0.62,25.501665670325718,-1.2039578460328022,59.352633737414465,30.01,3.0,headache,S028
-0.17,0.62,25.022124281515207,-0.9778897150695923,59.38366888222426,30.01,3.0,headache,S028
0.04,0.62,25.057227623755796,-1.019831033773057,59.32423113513318,30.01,3.0,headache,S028
-0.14,0.62,24.99017134725585,-0.9865336471964318,59.364845316012854,30.01,3.0,headache,S028
0.52,0.61,25.24130362967375,-1.0011805824963538,59.456881923119546,30.01,3.0,headache,S028
-0.48,0.61,25.106984988595666,-1.0542537503263687,59.195767150922755,30.01,3.0,headache,S028
0.29,0.62,25.16321842231754,-1.1038122244097626,59.296296168444876,30.01,3.0,headache,S028
-0.24,0.62,25.053386401545787,-0.9490060358630849,59.17862784847462,30.01,3.0,headache,S028
0.3,0.61,25.186712138746326,-1.039747543568496,59.20992211341932,30.01,3.0,headache,S028
-0.13,0.61,24.963593139883844,-0.9653928440973679,59.47838994730909,30.01,3.0,headache,S028
-0.64,0.61,25.1671044978914,-1.0315572748506587,59.50487454140125,30.01,3.0,headache,S028
0.78,0.61,24.955649835517416,-0.9705148883280427,59.45198953204607,30.01,3.0,headache,S028
0.11,0.61,25.04557876598259,-1.0279503418424762,59.25424897292031,30.01,3.0,headache,S028
-0.74,0.61,24.949797282642155,-0.9732662199424178,59.20648601940783,30.01,3.0,headache,S028
0.24,0.61,25.072313710872795,-1.025698493265201,59.31234577599806,30.01,3.0,headache,S028
0.5,0.61,25.289160210025628,-0.9752741960783577,59.61929224470103,30.01,3.0,headache,S028
-0.4,0.61,25.0675385932654,-1.0236546156850679,59.14931080710881,30.01,3.0,headache,S028
0.45,0.61,24.936835910270002,-0.9778523038748203,59.4066538379333,30.01,3.0,headache,S028
-0.31,0.61,25.384480710241984,-1.0191930668110685,59.455013802631306,30.03,3.0,headache,S028
-0.07,0.61,25.062964794416995,-0.9899149580757646,59.028060844385834,30.03,3.0,headache,S028
0.1,0.61,25.284668739718917,-1.0627223146070173,59.24427856891882,30.03,3.0,headache,S028
0.27,0.6,25.440118360080273,-0.6265078455229909,59.20425621190294,30.03,3.0,headache,S028
-0.25,0.6,25.4548311347672,-0.9339854865039978,59.021429663617155,30.01,3.0,headache,S028
-0.15,0.61,25.306136522702776,-0.9983067379982735,59.32954631569081,30.01,3.0,headache,S028
0.07,0.61,25.281341354837362,-1.012978132745844,59.25041219797018,30.01,3.0,headache,S028
-0.23,0.6,25.520104677883783,-0.9826519700971011,58.987916968554714,30.01,3.0,headache,S028
0.18,0.6,25.35586313707311,-1.019882923017997,59.33598464499146,30.01,3.0,headache,S028
0.36,0.6,25.160302055928625,-0.9780894800556426,59.104543686994255,30.01,3.0,headache,S028
0.27,0.61,25.01211221101083,-1.0240613173357027,59.131135876134884,30.01,3.0,headache,S028
-0.57,0.6,25.218309365923954,-0.9730093017639881,59.159818201421665,30.01,3.0,headache,S028
-0.64,0.6,25.224594311189264,-1.0324178798304589,59.315072791890366,30.01,3.0,headache,S028
0.22,0.6,25.23702205128711,-0.88062152670596,59.34037123046562,30.01,3.0,headache,S028
0.38,0.6,25.320194130746856,-1.0275422426173473,58.96011872891581,30.01,3.0,headache,S028
0.28,0.6,25.36163539129532,-1.0845190324822314,59.29017773647234,30.01,3.0,headache,S028
0.13,0.6,25.210705427151296,-0.987276361525099,59.09879389180123,30.05,3.0,headache,S028
-0.32,0.6,25.203481476803642,-1.0006981145459888,59.001180329224916,30.05,3.0,headache,S028
-0.21,0.59,25.03933761947542,-1.0043252334131572,59.69951488721459,30.05,3.0,headache,S028
0.29,0.59,25.09584461946718,-0.9928679149172176,59.450580629374244,30.05,3.0,headache,S028
-0.09,0.59,24.99036161578342,-1.0089750832826774,59.39846500581432,30.05,3.0,headache,S028
-0.14,0.59,25.13648048482234,-0.9896654733778877,59.31681342662509,30.05,3.0,headache,S028
0.27,0.59,24.974809455967694,-1.011444297465716,59.47079630406134,30.05,3.0,headache,S028
-0.16,0.59,25.017190363295143,-0.9875540141404077,59.298041057887836,30.05,3.0,headache,S028
-0.11,0.59,24.983187396828978,-1.0134513828493978,59.1996107922851,30.05,3.0,headache,S028
0.39,0.59,25.022948670865095,-0.9854170125946748,59.498492212163356,30.05,3.0,headache,S028
0.56,0.59,25.084657629860253,-1.0160271606255307,59.25454983031201,30.05,3.0,headache,S028
-1.03,0.59,25.26196854217412,-0.981839679671885,59.32177999833252,30.05,3.0,headache,S028
-0.27,0.59,25.177152614853735,-1.0219962507302245,58.95398109771299,30.03,3.0,headache,S028
0.28,0.59,25.06422941816499,-0.9682096212089196,59.30042579035855,30.03,3.0,headache,S028
0.34,0.59,25.06620611256499,-1.124128969460227,59.075534177700284,30.03,3.0,headache,S028
-0.02,0.59,25.054265721001478,-1.0247500526816775,59.28728876145622,30.03,3.0,headache,S028
-0.34,0.58,25.050122553739524,-0.995079308770631,59.43765025517733,30.03,3.0,headache,S028
0.39,0.59,24.956488056249736,-0.9994451961009931,59.78754421741231,30.03,3.0,headache,S028
0.29,0.59,25.038699087369693,-1.0030962535524122,59.25150918645439,30.03,3.0,headache,S028
-0.41,0.58,24.978947250520946,-0.9954628862950222,59.75592452813739,30.03,3.0,headache,S028
0.23,0.58,25.956907645185357,-1.005437768604491,59.218032645291906,30.03,3.0,headache,S028
-0.85,0.59,25.02673640032913,-0.9939743376455734,59.15241176275457,30.03,3.0,headache,S028
0.42,0.59,25.27057827034818,-1.0064088154089483,59.17432418818254,30.03,3.0,headache,S028
0.44,0.59,25.32280942162824,-0.9933571143745742,59.260925929628996,30.03,3.0,headache,S028
-0.67,0.58,25.304196249206665,-1.0067565714977769,59.2420362475278,30.01,3.0,headache,S028
0.47,0.59,25.229816032912353,-0.9932378489477967,59.29639682633424,30.01,3.0,headache,S028
-0.01,0.58,25.157731826288764,-1.0066595044955429,59.2569078966614,30.01,3.0,headache,S028
-0.35,0.58,25.138584710795747,-0.9935636983408163,59.30854085440783,30.01,3.0,headache,S028
0.51,0.58,25.19094539496261,-1.006064578339762,59.40196880431527,30.03,3.0,headache,S028
-0.46,0.58,25.04709056087452,-0.9945082213789183,59.36705404207336,30.03,3.0,headache,S028
0.39,0.58,24.96718547579724,-1.0046202297920104,59.300973826991886,30.03,3.0,headache,S028
-0.03,0.58,25.050179730958146,-0.9967427708529338,59.21260624918278,30.03,3.0,headache,S028
-0.15,0.58,25.210582937730752,-1.000974987550282,59.311553258135106,30.03,3.0,headache,S028
0.1,0.58,24.990692574640565,-1.0033869510027573,59.343157897631045,30.03,3.0,headache,S028
0.38,0.58,25.096115438272484,-0.9855782353331951,59.218055895348,30.03,3.0,headache,S028
-0.17,0.58,25.053491315108566,-1.0883392912629042,59.218706161974445,30.03,3.0,headache,S028
-0.53,0.58,24.993446989849968,-1.0679140929485702,59.370784807322906,30.01,3.0,headache,S028
0.45,0.57,25.137425283071178,-0.9657127193318101,59.460883185089514,30.01,3.0,headache,S028
-0.0,0.58,24.97406429640248,-1.0262649218079178,59.61169024808978,30.01,3.0,headache,S028
0.02,0.58,25.01356124682369,-0.9772102442870737,59.253724566120056,30.01,3.0,headache,S028
-0.21,0.57,24.996621959395963,-1.0209510704946088,59.25523151398006,30.03,3.0,headache,S028
-0.39,0.57,24.977961682632024,-0.9800886848680982,59.219107366373976,30.03,3.0,headache,S028
0.44,0.58,24.871028342264438,-1.0193502012634956,59.3565919157913,30.03,3.0,headache,S028
-0.33,0.58,25.04324390927485,-0.9808674409756217,59.31480898773505,30.03,3.0,headache,S028
0.29,0.57,24.96215823166267,-1.0192106391430256,59.183262428604074,30.03,3.0,headache,S028
0.11,0.57,25.056145866606467,-0.9804062207200953,59.37472748075362,30.03,3.0,headache,S028
-0.17,0.58,25.099513980030732,-1.0203471062406504,59.41883597776111,30.03,3.0,headache,S028
0.24,0.57,25.11306364160551,-0.9783855621819967,59.123439609939936,30.03,3.0,headache,S028
-0.13,0.57,25.00021036156144,-1.0236817863849301,59.33382370430691,30.05,3.0,headache,S028
0.22,0.57,25.001804699631766,-0.9728577873497163,59.51137091298387,30.05,3.0,headache,S028
-0.21,0.57,24.99640465937748,-1.0333896149183603,59.24227115246736,30.05,3.0,headache,S028
-0.47,0.57,25.007442870124862,-0.9533887732531947,59.263429395773855,30.05,3.0,headache,S028
0.35,0.57,24.951678587658357,-1.0896659770783066,59.430168346730184,30.01,3.0,headache,S028
0.39,0.57,25.132187042130695,-1.1796805944986495,59.304818511321585,30.01,3.0,headache,S028
-0.29,0.57,25.254240139130637,-1.062919031886211,59.033011996958756,30.01,3.0,headache,S028
-0.14,0.57,25.346128925226328,-0.9711639037255557,59.013121997907696,30.01,3.0,headache,S028
0.19,0.57,25.53919902761383,-0.3157899366743626,59.08001319441447,30.05,3.0,headache,S028
-0.14,0.57,25.25260551568525,-0.9440570544323118,59.35260327764532,30.05,3.0,headache,S028
-0.01,0.57,24.549236992114302,-2.265517415028425,59.749942368430716,30.05,3.0,headache,S028
0.4,0.57,25.247290180741082,-1.1320240803616513,59.23573715142922,30.05,3.0,headache,S028
-0.59,0.56,24.952224278741678,-1.230401865733235,59.756634338342245,30.03,3.0,headache,S028
0.21,0.56,25.037110505430828,-1.0333770189311793,59.316017786376804,30.03,3.0,headache,S028
0.8,0.57,24.965404522426507,-1.2501354970587912,59.10496057985475,30.03,3.0,headache,S028
-1.01,0.56,25.03644057661547,-1.5871751240605316,59.416692232388506,30.03,3.0,headache,S028
0.63,0.56,24.963544221132157,-1.2649061835543038,59.808034928719486,30.05,3.0,headache,S028
-0.67,0.56,25.325021615751023,-1.085305808546889,59.148848779809924,30.05,3.0,headache,S028
0.56,0.57,25.28930804465513,-1.1946665451414433,59.55753951102957,30.05,3.0,headache,S028
0.09,0.57,25.238495450649502,-0.8198800716410791,59.31983297932937,30.05,3.0,headache,S028
-0.48,0.56,25.409988487251894,-1.058388367217138,59.277061431740435,30.07,3.0,headache,S028
-0.26,0.56,25.117671193101636,-0.49440396787614366,59.356983785665946,30.07,3.0,headache,S028
1.03,0.56,25.534848735780557,-0.3782459980893769,59.1630405810264,30.07,3.0,headache,S028
-0.57,0.57,25.111576213751402,-1.0628899571751365,59.33783977161522,30.07,3.0,headache,S028
-0.43,0.56,25.583502780710276,-0.9748151396797472,59.21531239085696,30.05,3.0,headache,S028
0.3,0.56,25.3040055869692,-1.008818438878778,59.19795404530577,30.05,3.0,headache,S028
-0.05,0.57,25.114386489510153,-1.0003681325069016,59.38355106036467,30.05,3.0,headache,S028
0.39,0.56,25.180038989703526,-0.9935837513664909,59.38920625929591,30.05,3.0,headache,S028
0.15,0.57,25.154794419579595,-1.010929566502744,59.36778256962248,30.03,3.0,headache,S028
-0.62,0.56,25.052852537190443,-0.9852942080532952,59.43268076071592,30.03,3.0,headache,S028
0.5,0.56,25.23688263941985,-1.0182411603345216,59.369610289439585,30.03,3.0,headache,S028
-0.37,0.56,24.979106904576504,-0.9780535397140862,59.41668285701894,30.03,3.0,headache,S028
0.31,0.56,25.24705822005926,-1.0263003047580284,59.35424263887222,30.05,3.0,headache,S028
-0.47,0.56,25.146816707294498,-0.9679335528714041,59.22553015977202,30.05,3.0,headache,S028
-0.04,0.56,25.080111448662677,-1.0407749989602557,59.485501177633665,30.05,3.0,headache,S028
0.4,0.56,25.24528967872958,-0.9450598137998127,59.04098119757012,30.05,3.0,headache,S028
0.26,0.56,25.231284094811834,-1.447429408657718,59.45126152578969,30.05,3.0,headache,S028
-0.31,0.55,25.206730280268697,-1.2456342068194002,59.32055215667943,30.05,3.0,headache,S028
-0.04,0.55,25.268217667111657,-0.9496170379899758,59.03286163353233,30.05,3.0,headache,S028
-0.1,0.56,25.092381423989778,-1.0188386168598162,59.47663589369122,30.05,3.0,headache,S028
0.67,0.56,24.991255811431657,-0.9975159472276159,59.57921574429915,30.05,3.0,headache,S028
-0.51,0.55,25.12741580670358,-0.9851419570487097,59.30070469611153,30.05,3.0,headache,S028
-0.4,0.55,25.367000274674105,-1.0761917215873287,59.0139565269663,30.05,3.0,headache,S028
0.5,0.56,25.20571258304394,-1.0794314023340996,59.192258712665506,30.05,3.0,headache,S028
0.18,0.56,25.030147996582482,-0.9734119274070412,59.10427992796798,30.03,3.0,headache,S028
-0.19,0.55,25.124866461491315,-1.0082314370905638,59.19955379034693,30.03,3.0,headache,S028
-0.08,0.55,25.459420543194963,-1.0867837661263384,59.142570123527314,30.03,3.0,headache,S028
-1.02,0.55,25.2324294838804,-1.0684471927344075,59.15205004051525,30.03,3.0,headache,S028
0.79,0.55,25.494595439410567,-0.9087862168896281,59.026149852988084,30.01,3.0,headache,S028
0.56,0.55,25.360089053490153,-0.9364719232844261,59.14633325679715,30.01,3.0,headache,S028
-0.12,0.55,25.166292936554797,-0.9262560041427635,59.2911736180262,30.01,3.0,headache,S028
-1.02,0.55,25.299374676001204,-0.9247846999298478,59.21430682352688,30.01,3.0,headache,S028
0.59,0.55,24.978689102417647,-1.0428910580753372,59.331663225850654,30.01,3.0,headache,S028
0.36,0.55,25.271055508075033,-0.9618143804811224,59.01934389279621,30.01,3.0,headache,S028
-0.16,0.55,25.18474392537603,-1.0413318779521468,59.02438536984058,30.01,3.0,headache,S028
0.18,0.55,25.300864291065125,-0.9472138256723788,59.113974737303245,30.01,3.0,headache,S028
-0.13,0.55,25.280095775140047,-1.085949086234025,59.34704760677825,30.05,3.0,headache,S028
-0.19,0.55,25.21278048708636,-0.6704732619160322,59.51449853592032,30.05,3.0,headache,S028
-0.1,0.55,25.443472360800975,-0.6672538421668999,59.20175068455645,30.05,3.0,headache,S028
0.11,0.55,25.53878939295086,-0.5096714971829205,59.296946012264286,30.05,3.0,headache,S028
0.23,0.55,25.389389364587956,-0.4150575985910416,59.24434902117451,30.05,3.0,headache,S028
-0.09,0.54,25.69753862293117,-0.8403696972617517,59.126805196305355,30.05,3.0,headache,S028
-0.03,0.54,25.38352772464527,-1.0889193223647988,59.203614314034574,30.05,3.0,headache,S028
0.01,0.55,24.915969150360688,-1.0832527371588543,59.49118175142236,30.05,3.0,headache,S028
0.62,0.54,25.181690240190104,-1.0605709870737043,59.39196335262217,30.05,3.0,headache,S028
-0.8,0.55,25.19459814988231,-0.9751859476969994,59.30311017506196,30.05,3.0,headache,S028
0.4,0.54,25.0564829068074,-1.015546661241994,59.26455264194429,30.05,3.0,headache,S028
-0.09,0.54,25.201265979382057,-0.9885276158261078,59.2022718849497,30.05,3.0,headache,S028
0.05,0.54,25.0214392305792,-1.0093064294305436,59.09464537602433,30.05,3.0,headache,S028
-0.33,0.54,25.102546167979256,-0.9919674992618799,59.51813756278043,30.05,3.0,headache,S028
-0.27,0.54,25.029700618235413,-1.0072344075705835,59.22683053490762,30.05,3.0,headache,S028
0.81,0.54,25.031548674424226,-0.9932875113440152,59.0918342757688,30.05,3.0,headache,S028
-0.34,0.54,25.12033521696975,-1.0063604826827302,59.32980438835804,30.05,3.0,headache,S028
-0.26,0.54,24.94566702334234,-0.9938825280596386,59.446609771450916,30.05,3.0,headache,S028
0.09,0.53,25.152822308531324,-1.0059465038535402,59.34438938353726,30.05,3.0,headache,S028
0.14,0.54,24.989077648264765,-0.9941758660936251,59.46777281026604,30.05,3.0,headache,S028
0.05,0.54,25.02474812790501,-1.005734925587051,59.42173323762272,30.05,3.0,headache,S028
-0.34,0.54,25.192691998865403,-0.9943316144840156,59.47493973114412,30.05,3.0,headache,S028
0.27,0.53,25.16861861457243,-1.0056171724986123,59.71369395743681,30.05,3.0,headache,S028
0.01,0.53,25.06632055278974,-0.994423992007192,59.452432806725945,30.05,3.0,headache,S028
0.73,0.54,25.081560005438877,-1.0055409894180123,59.38071963007236,30.05,3.0,headache,S028
-0.83,0.54,24.95061026157896,-0.9944908569927301,59.527343525534384,30.05,3.0,headache,S028
-0.1,0.53,25.051450747464386,-1.0054781230922043,59.371818213915844,30.05,3.0,headache,S028
0.12,0.53,25.096585816258347,-0.994553997343735,59.49325867333539,30.05,3.0,headache,S028
0.41,0.54,25.003074823966614,-1.0054111211850083,59.601019605169185,30.05,3.0,headache,S028
0.04,0.54,24.991931775669435,-0.994628032066272,59.439826905635755,30.05,3.0,headache,S028
-0.46,0.53,25.008686493596652,-1.0053270856305578,59.44728080376946,30.05,3.0,headache,S028
-0.16,0.53,24.991798588648155,-0.9947250166385151,59.260420744470714,30.05,3.0,headache,S028
-0.26,0.53,25.007249882983608,-1.0052140489444283,59.544440984161824,30.07,3.0,headache,S028
0.64,0.53,24.994020989853777,-0.9948575491395877,59.758216600731814,30.07,3.0,headache,S028
0.58,0.53,25.004361746384067,-1.0050580176225836,59.21271631086856,30.07,3.0,headache,S028
-0.07,0.53,24.9977679272208,-0.9950419224318291,59.52712532311334,30.07,3.0,headache,S028
-1.06,0.53,24.99917662019902,-1.0048392326899174,59.15529025732646,30.05,3.0,headache,S028
-0.47,0.53,25.005923933635465,-0.995302977454649,59.72260581828754,30.05,3.0,headache,S028
0.89,0.53,24.982704978314185,-1.0045254004530437,59.442103200741855,30.05,3.0,headache,S028
0.49,0.52,25.075966172575185,-0.995684124116909,59.37996116350273,30.05,3.0,headache,S028
-0.19,0.53,25.082982892597084,-1.0040560297369885,59.51874357185169,30.05,3.0,headache,S028
-0.35,0.53,24.964076093548712,-0.996273236011558,59.50709076290794,30.05,3.0,headache,S028
-0.12,0.52,25.028594383320627,-1.0032967432261406,59.223095199843065,30.05,3.0,headache,S028
0.49,0.53,24.964566409470663,-0.9972902633923358,59.25217561471585,30.05,3.0,headache,S028
0.31,0.53,25.242417425911764,-1.0018501923626608,59.28631320829081,30.05,3.0,headache,S028
-0.85,0.53,25.466594209030866,-0.9995828070554487,59.227223341546775,30.05,3.0,headache,S028
-0.16,0.52,25.13077753081833,-0.9970701938634347,59.341121068963226,30.05,3.0,headache,S028
0.67,0.52,25.171166503618416,-0.8735492387472223,59.332787757560695,30.05,3.0,headache,S028
0.03,0.52,25.04761430216853,-1.0608485519719029,59.38837439050015,30.07,3.0,headache,S028
-0.34,0.53,25.5392923267152,-0.9306235993511994,59.07169884224584,30.07,3.0,headache,S028
-0.24,0.53,25.345827965262377,-1.0202496852311935,59.27497535876684,30.07,3.0,headache,S028
0.08,0.52,24.777443392591817,-0.9867309078158827,59.51314767835603,30.07,3.0,headache,S028
0.36,0.52,25.084992877388675,-1.010360681099147,59.528706694518796,30.05,3.0,headache,S028
-0.19,0.52,24.936610150641112,-0.9914366322206097,59.38778941902924,30.05,3.0,headache,S028
0.13,0.53,25.053394732596093,-1.007118132597753,59.559577742388754,30.05,3.0,headache,S028
-0.21,0.52,24.9521850821403,-0.9943372590057034,59.27131773990642,30.05,3.0,headache,S028
0.07,0.52,25.044509749369052,-1.003845557983419,59.34008641971834,30.07,3.0,headache,S028
-0.16,0.52,24.95736833829093,-0.99900924682966,59.148001044266756,30.07,3.0,headache,S028
0.89,0.52,25.043525067999322,-0.9949013737410333,59.30135754834144,30.07,3.0,headache,S028
-0.46,0.52,25.178593102708355,-1.0295354925726807,59.26755022844062,30.07,3.0,headache,S028
0.16,0.52,25.33522529133522,-1.1270319641945254,59.29779862630717,30.05,3.0,headache,S028
-0.64,0.53,25.38434155603274,-0.9423017302559239,59.1948108432119,30.05,3.0,headache,S028
0.43,0.52,25.41439591267898,-0.7719890854958794,59.57339766656901,30.05,3.0,headache,S028
-0.36,0.52,25.285628794605675,-1.0136407617703966,59.41554235495633,30.05,3.0,headache,S028
0.41,0.52,25.012304868942447,-0.9853141918034473,59.45700616436665,30.07,3.0,headache,S028
0.07,0.52,24.974261724756072,-1.1086058404100527,59.59230293480309,30.07,3.0,headache,S028
-0.11,0.52,25.12582707331305,-1.0391879448529824,59.654957582018035,30.07,3.0,headache,S028
-0.46,0.52,25.018525682166885,-0.9773481066257114,59.3192010288278,30.07,3.0,headache,S028
0.55,0.51,25.00022659666351,-1.018127472996688,59.77784885279553,30.07,3.0,headache,S028
-0.31,0.52,24.99358056324288,-0.9839358066516202,59.494851017342235,30.07,3.0,headache,S028
-0.17,0.52,25.009911981029767,-1.0149180421407997,60.070833061416174,30.07,3.0,headache,S028
0.23,0.51,24.987547922227257,-0.9857752408814004,59.439953898619585,30.07,3.0,headache,S028
-0.08,0.51,25.014686373125393,-1.0138015841421424,59.243401197123454,30.07,3.0,headache,S028
0.8,0.52,24.98296391446165,-0.9864331522284605,59.43749968760379,30.07,3.0,headache,S028
-0.17,0.52,25.02002359168899,-1.0134843034470151,59.55949725967841,30.07,3.0,headache,S028
0.01,0.51,24.975203592929873,-0.9864571947014584,59.4255602044128,30.07,3.0,headache,S028
-0.51,0.51,25.035550400382174,-1.0137480864083266,59.523056369552755,30.07,3.0,headache,S028
-0.27,0.51,24.906057486308416,-0.9858829982166069,59.63140299865694,30.07,3.0,headache,S028
-0.02,0.52,24.93248717567804,-1.0146583778267422,59.18500294009079,30.07,3.0,headache,S028
0.39,0.52,25.029209133868306,-0.984746291050819,59.456393425213065,30.07,3.0,headache,S028
-0.47,0.51,24.895489548335206,-1.0145548731743295,59.60939273428901,30.07,3.0,headache,S028
0.61,0.51,25.627049592411666,-1.0923993622556973,59.38714390345231,30.07,3.0,headache,S028
-0.12,0.51,25.256219621312223,-1.0641402873723718,59.52625170283063,30.07,3.0,headache,S028
-0.58,0.51,25.17400985714258,-1.0438833074660896,59.55365967239547,30.07,3.0,headache,S028
0.7,0.5,25.109900627701993,-0.8965249440160757,59.418288781320584,30.07,3.0,headache,S028
-0.11,0.51,25.36958109979364,-1.0345032905409848,59.256625523744894,30.07,3.0,headache,S028
0.0,0.51,25.29117747479304,-0.9721117869222256,59.20627597617241,30.07,3.0,headache,S028
-0.19,0.51,25.235958190675493,-1.0597498907760823,59.28077041032973,30.07,3.0,headache,S028
0.1,0.5,25.21723288812247,-1.1112299297102752,59.0478963978979,30.09,3.0,headache,S028
-0.03,0.51,25.06141980380876,-0.9187415221949734,59.39814107981409,30.09,3.0,headache,S028
-0.52,0.51,25.00469804093311,-0.9346237665107422,59.57461232500837,30.09,3.0,headache,S028
0.53,0.51,25.1433843172838,-0.8933857205699149,59.49820089955449,30.09,3.0,headache,S028
0.36,0.51,25.46046350207563,-0.6045236556569479,59.055115537490316,30.07,3.0,headache,S028
-0.06,0.5,25.71457151746323,-0.842167329326887,59.009961681776765,30.07,3.0,headache,S028
-0.19,0.51,25.74148963389462,-0.6659625227785384,58.98284653095466,30.07,3.0,headache,S028
0.35,0.51,25.8740181050162,-1.8054417351351382,59.298648993028515,30.07,3.0,headache,S028
-1.08,0.5,24.509046919369663,-3.432417268624353,59.785681619887725,30.07,3.0,headache,S028
0.3,0.5,23.96205489196803,-3.3276794276558608,59.87719096937962,30.07,3.0,headache,S028
0.36,0.51,24.0678386290507,-2.997447447724633,60.05206530102237,30.07,3.0,headache,S028
0.33,0.51,24.507504925559594,-2.782984244916263,59.958660752460005,30.07,3.0,headache,S028
0.18,0.5,24.339143514554863,-2.754164156070565,60.04844442756677,30.09,3.0,headache,S028
-0.36,0.5,24.705784891082967,-2.1887872062569658,59.85557803641956,30.09,3.0,headache,S028
-0.5,0.51,25.37154357658249,-1.3479689922477889,59.36087739305232,30.09,3.0,headache,S028
-0.03,0.5,26.186370012820923,0.7162318508704316,59.10628850512786,30.09,3.0,headache,S028
0.46,0.5,25.160496536638046,0.3994139432767939,59.3316117310401,30.07,3.0,headache,S028
-0.28,0.5,24.567203369557642,-1.2098652853136262,59.972309657183466,30.07,3.0,headache,S028
0.12,0.5,25.01338448851786,-0.1143053371112332,59.464140925028374,30.07,3.0,headache,S028
-0.2,0.5,24.612271606497615,-0.8756978617027743,59.6560576614889,30.07,3.0,headache,S028
-0.04,0.5,24.512988942301586,-0.7404972302316203,59.64749649386185,30.07,3.0,headache,S028
0.63,0.5,24.243916197189876,-0.6351835863848108,59.96097324681007,30.07,3.0,headache,S028
-0.32,0.5,24.416499028075258,-0.7430013575730515,59.98368199676904,30.07,3.0,headache,S028
-0.22,0.5,24.460906037027026,-0.7688180020106855,60.01461005533028,30.07,3.0,headache,S028
-0.13,0.5,24.684500735812538,-1.054921197701839,59.99257214690678,30.09,3.0,headache,S028
0.32,0.5,24.375720050892223,-0.9105690339451045,59.98060811224945,30.09,3.0,headache,S028
0.2,0.5,24.966559452959057,-1.061571817542895,59.86461007186069,30.09,3.0,headache,S028
0.1,0.5,24.430510864074893,-0.9513671886526274,60.05880604718031,30.09,3.0,headache,S028
-0.15,0.5,24.445814861560716,-0.8531274641039404,59.86179209968356,30.07,3.0,headache,S028
-0.13,0.49,24.50527986404738,-0.7636333836984646,59.9382059518041,30.07,3.0,headache,S028
0.58,0.5,24.46063105704214,-0.9024583205013964,59.79521666694924,30.07,3.0,headache,S028
-0.19,0.5,24.569025425393534,-0.9795629884814938,59.61677101910471,30.07,3.0,headache,S028
-0.81,0.5,25.506879500684146,-1.1083730682826713,59.229165798675346,30.09,3.0,headache,S028
0.19,0.49,25.43342743729545,-1.1895835283152874,59.364539091327416,30.09,3.0,headache,S028
0.3,0.49,25.53449302182312,-1.036124949212348,59.11729821326933,30.09,3.0,headache,S028
0.22,0.49,25.094548014362747,-1.3519677311272333,59.452150566111754,30.09,3.0,headache,S028
0.22,0.5,25.426507645029957,-1.2086750463562228,59.32854490828349,30.09,3.0,headache,S028
0.0,0.49,24.808868721631168,-1.7824704734121484,59.61937920684898,30.09,3.0,headache,S028
-0.73,0.49,24.614479134837623,-1.8888688108377623,59.7302736413687,30.09,3.0,headache,S028
0.46,0.49,25.125723954871578,-0.9408971438007414,59.47461089320308,30.09,3.0,headache,S028
-0.35,0.5,25.038404288728724,-0.916799542976586,59.777425777927114,30.09,3.0,headache,S028
0.06,0.49,25.06088605329623,-0.19980818177064052,59.44302625722164,30.09,3.0,headache,S028
-0.11,0.49,24.914795859256603,-0.9400356356907512,59.75548265593289,30.09,3.0,headache,S028
-0.3,0.49,25.174713680323777,-0.3546593129024677,59.821720975712424,30.09,3.0,headache,S028
0.22,0.49,24.803976205664284,-0.7817464476646525,59.699321785392726,30.09,3.0,headache,S028
0.3,0.49,24.55446397972757,-1.1511274420651545,59.603021869141564,30.09,3.0,headache,S028
0.45,0.49,25.108796209242286,-0.7570182635330169,59.87544178623333,30.09,3.0,headache,S028
-0.64,0.49,24.541605927199175,-0.9572476900701629,59.82954391648434,30.09,3.0,headache,S028
0.2,0.49,24.783334473995264,-0.6746947997859615,59.947886728660286,30.09,3.0,headache,S028
-0.03,0.48,24.4630869533054,-0.9922718893869179,59.736578779624175,30.09,3.0,headache,S028
-0.35,0.49,24.553338954063523,-0.5531595366387875,59.949997251572476,30.09,3.0,headache,S028
0.22,0.49,24.81069690498714,-0.8183141303641709,59.86872492073778,30.09,3.0,headache,S028
0.76,0.49,24.62693540939557,-1.0711951412629106,59.67042269485302,30.09,3.0,headache,S028
-0.37,0.48,25.013579765539234,-0.9511845385571731,59.85919316056797,30.09,3.0,headache,S028
-0.02,0.49,24.984302905043435,-1.0389702428767078,59.94829216694208,30.09,3.0,headache,S028
-0.88,0.49,25.013945142030977,-0.9666090809910133,59.93013023329331,30.09,3.0,headache,S028
0.7,0.49,24.790514417765166,-1.0297362489770627,59.82581585520978,30.07,3.0,headache,S028
0.17,0.49,24.872731099182033,-0.9729656021535636,59.736985114437104,30.07,3.0,headache,S028
0.12,0.5,24.69535887179455,-1.0247346559892625,60.068331259906465,30.07,3.0,headache,S028
-0.38,0.51,24.990080770778423,-0.9776474470660214,59.95305592131845,30.07,3.0,headache,S028
-0.01,0.51,24.697440294829434,-1.0191086456134175,60.037226573718044,30.07,3.0,headache,S028
-0.8,0.51,24.763324384702887,-0.9871925594418077,59.815505469786046,30.07,3.0,headache,S028
0.93,0.51,24.611899678524654,-0.7392406235552389,59.32762901400637,30.07,3.0,headache,S028
0.59,0.52,24.947068259670644,-0.8507725113575216,59.79861029218941,30.07,3.0,headache,S028
-0.84,0.52,24.989958225077455,-1.091330876538374,59.966231202932704,30.07,3.0,headache,S028
0.37,0.52,25.029100526454,-1.0798794003041328,59.88387912320195,30.07,3.0,headache,S028
-0.06,0.52,24.85337232772374,-0.9713851564305492,59.93756355628454,30.07,3.0,headache,S028
-0.2,0.52,25.139185402808913,-0.7572859346561185,59.50940969347956,30.07,3.0,headache,S028
0.54,0.52,24.861779554295293,-0.9242292318161541,59.83590397903293,30.11,3.0,headache,S028
-0.89,0.52,24.887383951267314,-0.10790034188138979,59.6524351037779,30.11,3.0,headache,S028
0.57,0.52,25.262115888224983,0.03795097356711396,59.53277077938107,30.11,3.0,headache,S028
-0.15,0.53,25.129034272139403,-0.5477104075864943,59.48372807151834,30.11,3.0,headache,S028
0.08,0.53,24.945792643151425,-1.1873865909093766,59.47293076136946,30.11,3.0,headache,S028
-0.4,0.53,25.077969439593833,-0.7770193038404417,59.60961128223604,30.11,3.0,headache,S028
0.68,0.55,24.39396502076116,-2.1192320488889425,59.73274331551074,30.11,3.0,headache,S028
0.15,0.56,23.86003152257762,-2.2986765589467715,59.94503898012498,30.11,3.0,headache,S028
-0.33,0.56,23.79822056951244,-3.119749920777489,59.96539684877908,30.11,3.0,headache,S028
-0.16,0.57,24.18281879940526,-2.0636900458690106,60.025579044987815,30.11,3.0,headache,S028
-0.2,0.57,24.18598711987451,-0.6865052401122153,59.980622297154596,30.11,3.0,headache,S028
0.4,0.57,24.404691591365424,-0.8134553018916292,60.014890830207946,30.11,3.0,headache,S028
0.02,0.57,24.146818866989122,-1.6120804388357062,59.98860767236398,30.09,3.0,headache,S028
0.26,0.56,24.118609832038477,-1.7747695967079264,60.008474897323964,30.09,3.0,headache,S028
0.06,0.57,24.405598212404435,-0.9935899641063298,59.99411806393906,30.09,3.0,headache,S028
-0.74,0.56,24.040625871291578,-1.1432690724232817,60.003420374027165,30.09,3.0,headache,S028
-0.07,0.56,24.103383545493205,-1.8242265749094677,59.9990965225126,30.11,3.0,headache,S028
-0.17,0.55,24.05177231857625,-1.2667348569848464,59.998084342823674,30.11,3.0,headache,S028
0.5,0.55,24.02924470558606,-1.8856734999300833,60.005488094763834,30.11,3.0,headache,S028
0.19,0.56,23.955364859681477,-2.0572632600346235,59.989041849580595,30.11,3.0,headache,S028
-0.29,0.56,24.06760776273707,-1.8620327824702432,60.022877587786844,30.11,3.0,headache,S028
0.4,0.55,24.06166118356777,-1.2027880418426398,59.89589870422979,30.11,3.0,headache,S028
-0.26,0.55,24.150508357049357,-0.9841481544079062,59.95013949535484,30.11,3.0,headache,S028
0.01,0.55,24.284308880548018,-1.9485674212172461,60.02370535970074,30.11,3.0,headache,S028
0.12,0.55,24.530789188741682,-1.3546177364344327,59.96207929264056,30.13,3.0,headache,S028
-0.64,0.55,24.766662229372205,-0.2868902282778755,59.44647550679792,30.13,3.0,headache,S028
0.04,0.55,24.72290129792943,-0.41759461444778423,59.615728249138876,30.13,3.0,headache,S028
0.32,0.55,25.07330131743619,-0.20149351133205246,59.63649279676775,30.13,3.0,headache,S028
0.42,0.55,24.650473543419142,-0.47562135942609357,59.864811674056114,30.11,3.0,headache,S028
-0.52,0.54,24.696989563022584,-0.5476273655305087,59.60257359823265,30.11,3.0,headache,S028
-0.24,0.54,25.013243949123353,-0.3854358555599363,59.43024997085673,30.11,3.0,headache,S028
0.2,0.55,24.526680527642988,-0.30838866253862673,59.765355063034995,30.11,3.0,headache,S028
0.75,0.55,24.733741514406486,-0.46719148619811124,59.68065764829669,30.11,3.0,headache,S028
-0.87,0.55,24.44825372068319,-0.8062665383000812,59.943238369271505,30.11,3.0,headache,S028
0.09,0.55,24.267414924409415,-1.0207420310322006,59.88243260835364,30.11,3.0,headache,S028
0.4,0.55,24.285798415655254,-1.3416501863545602,59.87983345723621,30.11,3.0,headache,S028
0.09,0.56,24.321232444452693,-1.327550680553984,59.88210823468,30.13,3.0,headache,S028
0.36,0.55,24.552811570894143,-1.2333041824255435,60.0282070643167,30.13,3.0,headache,S028
-0.87,0.55,24.532105035143072,-0.8718598970308387,59.83135169988677,30.13,3.0,headache,S028
0.76,0.55,24.531682515606697,-1.1059673112207637,60.081068843020994,30.13,3.0,headache,S028
0.08,0.55,24.54531306438332,-0.8649656991489143,59.842050903482644,30.11,3.0,headache,S028
-0.43,0.54,24.427082205562535,-0.9683019279013046,59.836706334884774,30.11,3.0,headache,S028
-0.2,0.54,24.544124442423502,-0.9684659951167773,60.042389147880606,30.11,3.0,headache,S028
-0.06,0.55,24.69660541464826,-0.5672847806855615,59.507960338934936,30.11,3.0,headache,S028
0.01,0.54,24.73557793334015,-0.7382268434204294,60.005019272124024,30.13,3.0,headache,S028
0.13,0.54,24.611258663444556,-1.030891315906868,59.781247694260884,30.13,3.0,headache,S028
0.14,0.54,24.59225114606974,-0.873981226381381,59.599984914818755,30.13,3.0,headache,S028
0.22,0.54,24.607036555162765,-0.9469002529535518,60.008439950241694,30.13,3.0,headache,S028
-0.0,0.54,24.63876581426299,-0.7845290463802458,59.72794295704664,30.13,3.0,headache,S028
-0.28,0.54,24.756312427367952,-0.797134760224495,59.769937671133626,30.13,3.0,headache,S028
-0.4,0.54,25.13404793816704,-0.7515390193003839,59.76699544691656,30.13,3.0,headache,S028
0.19,0.54,24.642349181785058,-0.5690676888580398,59.49047467418517,30.13,3.0,headache,S028
0.38,0.54,25.27408107850687,-1.003568465003223,59.311659194396455,30.13,3.0,headache,S028
0.15,0.53,24.797789404819508,-0.7906516843901583,59.67938269844996,30.13,3.0,headache,S028
-0.46,0.54,24.92632206202599,-0.6858682702692558,59.44746999648114,30.13,3.0,headache,S028
0.15,0.54,24.793378621013172,-1.122449368260338,59.74544601251605,30.13,3.0,headache,S028
-0.23,0.54,24.812628563427843,-1.1485968946566645,59.636904924212374,30.11,3.0,headache,S028
0.57,0.53,24.839105307877112,-0.933923650764429,60.03251211196637,30.11,3.0,headache,S028
-0.88,0.53,24.787490795214246,-1.0573946667434637,59.887369852170906,30.11,3.0,headache,S028
0.8,0.54,24.975568678320926,-0.9168001743496782,59.48347123685958,30.11,3.0,headache,S028
-0.18,0.54,24.818074810982445,-0.9542155546155414,59.63175446991088,30.15,3.0,headache,S028
0.02,0.54,24.985325364332482,-0.4004891187240689,59.34021925090926,30.15,3.0,headache,S028
-0.46,0.55,24.982861839756488,-0.92753586745964,59.612201522062435,30.15,3.0,headache,S028
0.23,0.56,25.164896506027688,-1.0359244497003073,59.490875163650664,30.15,3.0,headache,S028
0.94,0.56,24.906952962308786,-0.9732484426900335,59.56995347936552,30.13,3.0,headache,S028
-0.24,0.55,24.814421554491595,-1.0245611113974051,59.38873292160893,30.13,3.0,headache,S028
-0.82,0.56,24.992020064987493,-0.8639263538477714,59.768432585747824,30.13,3.0,headache,S028
-0.27,0.55,25.017955181368535,-0.8664933018312051,59.58536986251839,30.13,3.0,headache,S028
0.28,0.55,24.972614340464926,-0.4924027211864085,59.58315345997314,30.15,3.0,headache,S028
0.71,0.54,25.045210542771326,-0.8001573870104214,59.74988500548787,30.15,3.0,headache,S028
0.02,0.55,24.857877517885658,-0.7266249022877007,59.872301864102425,30.15,3.0,headache,S028
-0.55,0.54,24.665283518792798,-1.336225761695626,60.011281408636265,30.15,3.0,headache,S028
-0.08,0.54,24.64389478898369,-1.4073741488328755,60.01244616616658,30.13,3.0,headache,S028
0.08,0.54,24.780207095923366,-0.9988174561510117,59.96062181378698,30.13,3.0,headache,S028
0.39,0.53,24.558634405059767,-0.9881443329057107,59.64836435441179,30.13,3.0,headache,S028
-0.45,0.54,24.966217652288744,-1.016929635474083,59.855156754573486,30.13,3.0,headache,S028
0.59,0.53,24.97766635955062,-0.9795024369788872,59.930388119899476,30.13,3.0,headache,S028
-0.48,0.53,24.88810774235057,-1.0239876113861264,59.83381645684823,30.13,3.0,headache,S028
-0.09,0.53,25.043028503952534,-0.9719599802618251,59.44398691495462,30.13,3.0,headache,S028
0.18,0.53,25.266486769787697,-1.0332536916240354,59.508857843927615,30.13,3.0,headache,S028
0.35,0.53,25.246002027443645,-0.959399056848716,59.297977587282446,30.15,3.0,headache,S028
-0.04,0.53,25.1621635012743,-1.0523396043547681,59.592648787823954,30.15,3.0,headache,S028
-0.62,0.53,25.052683030943793,-0.9236214742577031,59.60190884454828,30.15,3.0,headache,S028
0.6,0.53,25.104166101389154,-1.1869542507759883,59.527046282884946,30.15,3.0,headache,S028
-0.34,0.53,25.15344560657218,-1.14986598805704,59.640365290160645,30.17,3.0,headache,S028
0.08,0.52,25.09929104232003,-1.3433037132933026,59.412674342679516,30.17,3.0,headache,S028
-0.78,0.53,24.95518001109478,-1.1022577407205518,59.27677581658249,30.17,3.0,headache,S028
0.41,0.53,25.322840395565297,-0.8535045571236911,59.35314498479995,30.17,3.0,headache,S028
-0.01,0.53,25.5335541368425,-0.9516167222581493,59.25852863017121,30.15,3.0,headache,S028
0.59,0.52,24.821586815164732,-0.5358321916979463,59.20965207804045,30.15,3.0,headache,S028
-0.43,0.53,25.00689726472546,-1.0479043901304421,59.591209943500765,30.15,3.0,headache,S028
-0.53,0.53,25.00508464680046,-0.8398690947647025,59.665986220911414,30.15,3.0,headache,S028
0.55,0.52,25.105420555386637,-0.9796251836311378,59.450068689967075,30.15,3.0,headache,S028
0.18,0.52,25.08731115067144,-0.9280770438230314,59.09398744976507,30.15,3.0,headache,S028
0.15,0.53,25.095572273233582,-0.915219224520726,59.46105757216819,30.15,3.0,headache,S028
-0.56,0.53,25.031183358112077,-0.9243569087394412,59.41058696083705,30.15,3.0,headache,S028
0.51,0.53,25.071927876045123,-1.079190650944768,59.35212381948657,30.15,3.0,headache,S028
0.17,0.53,24.94036646620634,-0.797493827122248,59.47732154201589,30.15,3.0,headache,S028
-0.6,0.54,25.059208821695908,-1.0903993504735972,59.81731714003864,30.15,3.0,headache,S028
0.25,0.54,24.933700149413802,-0.7949803687247036,59.5667234212576,30.15,3.0,headache,S028
0.14,0.54,25.101062886269,-0.9034492505942202,59.27237314587626,30.15,3.0,headache,S028
0.11,0.55,25.01483779230768,-1.1334097406604329,59.62943029152881,30.15,3.0,headache,S028
-0.1,0.56,24.89076884340633,-0.8049345945329243,59.49620939955468,30.15,3.0,headache,S028
-0.01,0.56,25.048784000809807,-0.9381926730101735,59.368850535032784,30.15,3.0,headache,S028
0.18,0.55,25.136390262543657,-0.8431197025967906,59.2701822669013,30.17,3.0,headache,S028
-0.47,0.55,24.95617777248649,-0.9090965756001359,59.71006352176234,30.17,3.0,headache,S028
0.36,0.56,25.155387184501308,-0.8787018746190182,59.65027041658558,30.17,3.0,headache,S028
-0.04,0.55,25.15651846086595,-0.9798203073060451,59.54340283421072,30.17,3.0,headache,S028
0.11,0.54,25.023788911903686,-0.7292239592274431,59.70578318658112,30.13,3.0,headache,S028
-0.87,0.54,24.840657023184733,-0.5891690771222249,59.45706495582797,30.13,3.0,headache,S028
0.47,0.56,25.2536130696755,-0.7937223028890582,59.185019410937294,30.13,3.0,headache,S028
0.46,0.55,25.09411598046503,-0.8720922709706668,59.39800551022579,30.13,3.0,headache,S028
-0.5,0.54,25.343534168437458,-0.8682575614897102,59.41595999658893,30.17,3.0,headache,S028
0.48,0.54,24.743043737173235,-0.8371336042484013,59.507370764316576,30.17,3.0,headache,S028
-0.4,0.55,25.245601744382633,-0.9845100203293283,59.38594509671707,30.17,3.0,headache,S028
0.15,0.55,25.170156244009494,-0.8061172421056431,59.3135842413035,30.17,3.0,headache,S028
0.38,0.54,24.961779400470203,-1.0942256509798263,59.390077330704784,30.15,3.0,headache,S028
-0.19,0.54,24.710804936518795,-0.8811097900684607,59.42722236998748,30.15,3.0,headache,S028
0.18,0.55,24.791893786013837,-1.11596991796609,59.821686528822184,30.15,3.0,headache,S028
-0.51,0.55,24.839565357435315,-0.8629263026801026,59.65207375978711,30.15,3.0,headache,S028
0.01,0.54,25.264484517804938,-0.8783219735124247,59.48390779203935,30.15,3.0,headache,S028
0.53,0.54,24.730256710200383,-0.6654678702656435,59.355852428770255,30.15,3.0,headache,S028
-0.38,0.54,25.34781130555353,-1.2823088631752395,59.353225527133205,30.15,3.0,headache,S028
-0.54,0.54,24.83515163056667,-1.245073344380567,59.4891031874218,30.15,3.0,headache,S028
0.2,0.54,24.87058022663266,-1.1636861196178099,59.75343410436323,30.15,3.0,headache,S028
0.25,0.53,24.748414735990632,-1.2726878759876148,59.946743228932704,30.15,3.0,headache,S028
0.23,0.54,24.570348801184956,-1.060007527826905,60.04741704307433,30.15,3.0,headache,S028
0.12,0.55,24.88211667503291,-1.0651622523038344,59.935510899841276,30.15,3.0,headache,S028
-0.18,0.55,24.860488084672983,-1.178857759089945,59.81305878549083,30.17,3.0,headache,S028
0.35,0.56,24.746838271339882,-1.0129013937396323,59.888313278637135,30.17,3.0,headache,S028
-0.21,0.56,24.506931242175973,-1.0067721199640605,59.7544968582738,30.17,3.0,headache,S028
-0.07,0.57,24.911408566608223,-0.9883433371848426,59.846194123312415,30.17,3.0,headache,S028
-0.3,0.56,24.90768837026053,-1.0143905996797318,59.61054169182112,30.17,3.0,headache,S028
0.18,0.56,24.968437745007748,-0.9833757245613872,59.730499488644334,30.17,3.0,headache,S028
-0.07,0.56,24.88692608585252,-1.0190886938478467,59.293505055322434,30.17,3.0,headache,S028
-0.53,0.55,25.029895577105705,-0.9767028268713812,59.7341156385358,30.17,3.0,headache,S028
0.61,0.55,24.871342303972185,-1.1446385863419817,59.56874246638438,30.17,3.0,headache,S028
0.43,0.55,24.972063037513927,-0.9828782885149795,59.472640965075115,30.17,3.0,headache,S028
-0.19,0.55,24.887114639932427,-1.024677797878004,59.68189025578685,30.17,3.0,headache,S028
-0.28,0.54,25.005131318619178,-0.9641104299586333,59.22789013948896,30.17,3.0,headache,S028
0.13,0.54,25.037755460813997,-1.0835993537410493,59.579178915135444,30.15,3.0,headache,S028
-0.28,0.54,24.847980529471105,-1.0747833561416844,59.64108078166899,30.15,3.0,headache,S028
0.29,0.55,25.035702288986922,-0.9848063709501961,59.66651699446817,30.15,3.0,headache,S028
-0.13,0.54,25.111217317370755,-1.0038263511582044,59.7159968787371,30.15,3.0,headache,S028
-0.34,0.54,24.95387977156317,-1.0011851702521393,59.41585850500569,30.15,3.0,headache,S028
0.45,0.54,25.030864637049774,-0.9958268047856432,59.91340445198147,30.15,3.0,headache,S028
-0.2,0.54,24.9785019054805,-1.0063416713246582,59.306586049890626,30.15,3.0,headache,S028
-0.15,0.53,24.898049639754376,-0.9917782498232816,59.811645471103205,30.15,3.0,headache,S028
0.5,0.54,24.973048422006027,-1.0101947734695387,59.52685402460835,30.15,3.0,headache,S028
-0.34,0.54,25.03014876969786,-0.987239296147128,59.299354866925434,30.15,3.0,headache,S028
0.07,0.54,24.866643801735723,-1.017048156456539,59.899409853078346,30.15,3.0,headache,S028
-0.16,0.53,24.650704809825953,-0.9727126272850919,59.71613035266842,30.15,3.0,headache,S028
0.17,0.54,24.664496766028254,-1.089680091651888,59.753302109434195,30.15,3.0,headache,S028
-0.03,0.54,25.06671907762278,-1.1888776769211047,59.734213037107985,30.15,3.0,headache,S028
-0.02,0.54,24.97502628298175,-0.981324945187871,59.81645843108837,30.15,3.0,headache,S028
-0.07,0.53,25.010131414885798,-1.014270530975766,59.965367378682096,30.15,3.0,headache,S028
0.56,0.54,24.860155450439986,-0.9841117342409712,59.53311299140448,30.17,3.0,headache,S028
-0.15,0.54,25.02102312586763,-1.031267418668319,60.01445601481794,30.17,3.0,headache,S028
0.24,0.53,24.991316842482995,-1.1168593343964055,59.907898032319224,30.17,3.0,headache,S028
-0.93,0.53,24.984471687575972,-0.9783509148831167,59.812124627589434,30.17,3.0,headache,S028
0.26,0.54,24.495562894527772,-1.0130219504697513,59.84415058397256,30.15,3.0,headache,S028
0.25,0.54,25.039687707757583,-0.9901127147767292,60.09523808435872,30.15,3.0,headache,S028
0.2,0.54,24.96498474178816,-1.0082398110575388,59.73445340387985,30.15,3.0,headache,S028
-0.41,0.54,24.84480430202314,-0.9928366121030974,59.961404675430174,30.15,3.0,headache,S028
0.2,0.54,24.79341091153207,-1.0063356611396124,59.89251241691526,30.15,3.0,headache,S028
-0.68,0.54,24.88377243179227,-0.9943885743120702,59.616425023482385,30.15,3.0,headache,S028
0.54,0.53,24.980841775117167,-1.0049109463298682,59.479717839704556,30.15,3.0,headache,S028
0.23,0.54,25.035276981584232,-0.995819262514056,59.723770818739006,30.15,3.0,headache,S028
0.12,0.54,24.938092047930844,-1.0033768201328324,59.76688288764155,30.17,3.0,headache,S028
0.19,0.53,24.931805601690392,-0.9975428914036503,59.77433768818641,30.17,3.0,headache,S028
-0.72,0.53,24.83909949190562,-1.0013826786103572,59.85885365669748,30.17,3.0,headache,S028
0.15,0.54,24.785735346869274,-0.9998501442142717,60.020573701009354,30.17,3.0,headache,S028
-0.27,0.53,24.85892968671273,-0.9990005707752506,59.75252334189641,30.17,3.0,headache,S028
-0.01,0.53,24.581640986166985,-0.9997816844302972,59.814674932507664,30.17,3.0,headache,S028
0.59,0.53,24.75698496727291,-1.0629126817695926,59.890809002637994,30.17,3.0,headache,S028
-0.09,0.53,24.776261222907184,-1.2036976028539481,59.8221396106185,30.17,3.0,headache,S028
-0.14,0.53,25.020263045025434,-1.1382143348012668,59.63936015209963,30.19,3.0,headache,S028
0.35,0.52,24.98236599156124,-0.9551297702885289,59.31970380079379,30.19,3.0,headache,S028
-0.34,0.52,25.013396031427952,-1.0265653404041424,59.60127192777654,30.19,3.0,headache,S028
0.16,0.53,24.990853334619604,-0.9825575325631519,59.93164522609847,30.19,3.0,headache,S028
0.1,0.52,25.00351523975852,-1.0072179314814613,59.48657099313999,30.19,3.0,headache,S028
-0.16,0.52,25.007803171796198,-1.0693532986763414,59.49108777165395,30.19,3.0,headache,S028
-0.24,0.52,24.946114204607575,-1.1272382354038213,59.38946639426278,30.19,3.0,headache,S028
-0.47,0.53,24.74462282376524,-1.2080613697938403,59.50390254584129,30.19,3.0,headache,S028
1.18,0.52,25.098898739033167,-0.9431699217685686,59.495900728319924,30.19,3.0,headache,S028
-0.53,0.52,24.84465745784178,-1.1089553424840548,59.70284658046199,30.19,3.0,headache,S028
0.14,0.52,24.75163817801493,-1.0509177920325792,59.73530523148794,30.19,3.0,headache,S028
-0.17,0.52,24.779457187390044,-0.9902768787419882,59.87665480425586,30.19,3.0,headache,S028
-0.36,0.52,24.76257794717629,-0.9263576391594728,59.53049271386742,30.19,3.0,headache,S028
0.54,0.52,24.82188147548192,-0.9528774919029855,59.46745476030013,30.19,3.0,headache,S028
-0.11,0.53,24.866149050781285,-1.1635055821040285,59.918202287515044,30.19,3.0,headache,S028
-0.13,0.52,25.00903176572616,-0.9320862306258186,59.5505457056756,30.19,3.0,headache,S028
-0.17,0.52,24.98195487317151,-1.0475282538418371,59.58847928162311,30.19,3.0,headache,S028
-0.02,0.52,25.02824983103291,-0.9616023370082902,59.75883762612147,30.19,3.0,headache,S028
0.49,0.53,24.88741250403891,-1.033141751750933,59.9713575584481,30.19,3.0,headache,S028
-0.21,0.53,24.959863619753683,-0.9703117216199931,59.74233734351022,30.19,3.0,headache,S028
0.07,0.53,25.01516853365902,-1.027222105908463,59.62270666812019,30.17,3.0,headache,S028
-0.03,0.53,24.99149812084431,-0.9746444256804327,59.82554016300793,30.17,3.0,headache,S028
0.33,0.53,25.005180782129955,-1.0238798817960317,59.900840611465206,30.17,3.0,headache,S028
-0.07,0.53,24.99700087861659,-0.9773279402797752,59.7840328192615,30.17,3.0,headache,S028
-0.69,0.53,25.001945393065604,-1.021654564937212,59.75257981552338,30.17,3.0,headache,S028
0.48,0.53,24.881302948667518,-0.9792242869837936,60.015040379340974,30.17,3.0,headache,S028
0.04,0.53,24.982534302462486,-1.0199993756215497,59.97549002634869,30.17,3.0,headache,S028
-0.09,0.52,25.03413467450519,-0.9807008256992268,59.83930327896516,30.17,3.0,headache,S028
0.03,0.52,24.77013881675303,-1.0186550108062005,59.70018377220371,30.19,3.0,headache,S028
-0.33,0.52,24.54524384262968,-0.9819491237929281,59.69648457105549,30.19,3.0,headache,S028
0.5,0.52,24.751193300195734,-1.017473384211988,59.65859104451867,30.19,3.0,headache,S028
-0.19,0.51,24.906419886869504,-0.9830892825590101,59.75034086235863,30.19,3.0,headache,S028
-0.39,0.52,24.975120532522595,-1.0163517965872895,59.92050665705493,30.17,3.0,headache,S028
0.56,0.52,24.875603255550676,-0.9842144595362985,59.60089910928454,30.17,3.0,headache,S028
-0.18,0.51,25.046434755239634,-1.0152001044967771,59.67512666957261,30.17,3.0,headache,S028
-0.14,0.51,24.9664317704964,-0.9854180273609666,59.96443084969441,30.17,3.0,headache,S028
0.19,0.52,24.90912933197513,-1.013914723597781,59.818817775000795,30.19,3.0,headache,S028
0.2,0.52,24.962661125951694,-0.9868228377093892,59.62998593518596,30.19,3.0,headache,S028
-0.33,0.51,24.921469446083776,-1.0123402069558303,59.49537983962312,30.19,3.0,headache,S028
-0.06,0.51,24.802604842238317,-0.9886388181636826,59.46268590863458,30.19,3.0,headache,S028
-0.35,0.51,24.838318060380892,-1.0101721250837352,59.761912949519434,30.17,3.0,headache,S028
0.32,0.52,24.759391125761574,-0.9913478309697676,59.75832103163608,30.17,3.0,headache,S028
0.34,0.51,24.949823235969365,-1.006548101818807,59.82202049534808,30.17,3.0,headache,S028
-0.03,0.52,24.906236337964213,-0.9968325363752963,59.79453140651272,30.17,3.0,headache,S028
0.26,0.51,24.959247964823632,-0.995380024848861,59.6719065412907,30.17,3.0,headache,S028
-0.78,0.51,24.93144362263641,-1.1075035363646066,59.75294619092812,30.17,3.0,headache,S028
0.5,0.51,24.91612888237361,-1.0468770684281572,59.83200544463346,30.17,3.0,headache,S028
0.37,0.52,25.075259600023877,-1.1234464082469695,59.49684836812543,30.17,3.0,headache,S028
-0.48,0.52,24.831694456947414,-0.9437632689109621,59.61663967043242,30.19,3.0,headache,S028
0.37,0.51,24.73357852189764,-1.1488463381013088,59.85296441930812,30.19,3.0,headache,S028
-0.25,0.51,24.905107178444496,-1.3160428913655529,59.59525623973827,30.19,3.0,headache,S028
-0.71,0.51,24.810207636821495,-0.9100763783863057,59.42953312271951,30.19,3.0,headache,S028
0.8,0.51,25.09995642144657,-1.057567062642334,59.73916128462207,30.17,3.0,headache,S028
-0.33,0.5,24.884229145092633,-1.07603530828523,59.65471185624643,30.17,3.0,headache,S028
0.23,0.51,24.68546058709029,-1.045901711930255,59.851847838021754,30.17,3.0,headache,S028
-0.34,0.51,24.683439984701163,-0.9598381112861835,59.77771848546699,30.17,3.0,headache,S028
0.35,0.51,24.836353709522708,-1.0369769013182124,59.680508987617664,30.17,3.0,headache,S028
-0.18,0.51,24.994423368250285,-0.9650863216072249,59.517848603028504,30.17,3.0,headache,S028
0.33,0.51,24.396961492773848,-1.0335455508919096,59.76797710409167,30.17,3.0,headache,S028
-0.24,0.51,24.27362527361278,-0.9672923465625232,60.09736668367726,30.17,3.0,headache,S028
-0.16,0.51,24.691099692519433,-1.0323792483527787,59.91282429396829,30.19,3.0,headache,S028
0.07,0.51,24.40847676932506,-0.9672931339381906,59.95960624043223,30.19,3.0,headache,S028
0.09,0.51,24.72897863791754,-1.0342253389041818,59.81964736907911,30.19,3.0,headache,S028
-0.3,0.51,24.94213368305855,-0.960980674301461,59.69369055939865,30.19,3.0,headache,S028
0.33,0.5,24.927421834162104,-1.0636365147507716,59.831479607907326,30.19,3.0,headache,S028
0.06,0.51,24.73675227772838,-0.9571334682874078,59.9231570293118,30.19,3.0,headache,S028
0.25,0.51,24.802422695426,-1.003945811442468,59.91877683164882,30.19,3.0,headache,S028
-0.46,0.5,24.71847869379662,-0.9940489217766154,59.92173615723042,30.19,3.0,headache,S028
-0.33,0.5,24.861202720692823,-0.9991798502811446,59.67452059750958,30.21,3.0,headache,S028
0.33,0.51,24.714877052782285,-1.0501539532612334,59.872681426666894,30.21,3.0,headache,S028
0.13,0.51,24.761663701490573,-1.207676507105783,59.65331338225078,30.21,3.0,headache,S028
-0.31,0.51,24.977021397291313,-0.9819132999551156,59.80395029451869,30.21,3.0,headache,S028
0.54,0.51,24.906013588734137,-1.0278116008352243,59.92708395238909,30.19,3.0,headache,S028
-0.51,0.51,24.95928790410314,-0.9715340075327293,59.84625288718962,30.19,3.0,headache,S028
0.43,0.51,24.80517320231414,-1.0285310870128335,59.810741476242775,30.19,3.0,headache,S028
-0.02,0.5,25.012270219665048,-0.9713154789523533,59.69198585370349,30.19,3.0,headache,S028
-0.22,0.51,25.009280877021492,-1.0290562557613918,59.548431408492206,30.19,3.0,headache,S028
-0.28,0.51,24.780765535855423,-0.9702623955269849,59.71124270860687,30.19,3.0,headache,S028
0.38,0.51,24.770589890521627,-1.0308937683887425,59.93905783987165,30.19,3.0,headache,S028
-0.04,0.5,24.967252551316644,-0.9670952232537134,59.82696550357873,30.19,3.0,headache,S028
0.31,0.5,24.922858232519605,-1.036838938988708,59.75448595209035,30.19,3.0,headache,S028
-0.72,0.51,24.92061803161048,-0.9528507412695507,60.09135014858657,30.19,3.0,headache,S028
0.74,0.51,24.6934898014655,-1.1337114115192115,59.80491929731773,30.19,3.0,headache,S028
-0.43,0.5,24.814611646309253,-1.0179122094748443,59.70697111516455,30.19,3.0,headache,S028
0.37,0.5,24.983977781720352,-1.0059738214407274,59.52261123365877,30.19,3.0,headache,S028
-0.1,0.5,25.016320205636386,-0.9876805527781805,59.74961356603502,30.19,3.0,headache,S028
-0.04,0.5,24.98187160634372,-1.0152493374130107,59.56540354365475,30.19,3.0,headache,S028
0.33,0.5,25.01975671520086,-0.9830259668765653,59.82944136117546,30.19,3.0,headache,S028
-0.41,0.52,24.980295376544206,-1.0183861759328035,59.868133452806234,30.21,3.0,headache,S028
-0.1,0.5,24.9300671626474,-0.9783339369888254,59.81710748358232,30.21,3.0,headache,S028
-0.59,0.5,24.609169840747576,-1.1149279625744828,59.77085714858057,30.21,3.0,headache,S028
0.35,0.5,24.783079592166214,-1.1050693089995107,59.56424215924804,30.21,3.0,headache,S028
0.52,0.5,24.90466890884817,-1.2398304226263446,59.83864893402472,30.21,3.0,headache,S028
-0.27,0.5,24.649641953900172,-1.1732779218903615,59.77666254266697,30.21,3.0,headache,S028
-0.12,0.5,24.79106579977638,-1.015375194226995,60.01468924391077,30.21,3.0,headache,S028
0.56,0.5,24.657976956141706,-0.9745461559606812,59.7685766075346,30.21,3.0,headache,S028
-0.38,0.5,24.667818635130054,-1.029863406625778,59.87303053033064,30.19,3.0,headache,S028
-0.04,0.5,24.83121355637033,-0.9657598570010237,59.80419535560364,30.19,3.0,headache,S028
0.26,0.5,24.593246414524625,-1.0411441032298951,59.9482533336048,30.19,3.0,headache,S028
-0.07,0.5,24.942623388845735,-0.9426382441422144,59.90873415349331,30.19,3.0,headache,S028
0.02,0.5,24.7671573333068,-1.1557828483852055,59.86367794060681,30.19,3.0,headache,S028
-0.12,0.5,24.88036040637619,-1.1344470730076754,59.5861385018419,30.19,3.0,headache,S028
-0.47,0.5,24.949492431541056,-0.9947606007556128,59.79032676324121,30.19,3.0,headache,S028
0.68,0.5,24.800686167260153,-0.9960754332089143,59.95167464025718,30.19,3.0,headache,S028
0.01,0.5,24.704166439088592,-1.008628054653667,59.7678150354933,30.21,3.0,headache,S028
-0.65,0.49,24.640715355579943,-0.9886341166518874,59.76612383517001,30.21,3.0,headache,S028
0.3,0.49,24.950931281692572,-1.012877643155209,59.952837178859156,30.21,3.0,headache,S028
0.03,0.5,24.435254383563866,-0.9871265236453458,60.04255649368001,30.21,3.0,headache,S028
-0.02,0.5,24.851324524748712,-1.0080258653336047,59.533897700398086,30.19,3.0,headache,S028
-0.01,0.49,24.68248463555262,-1.0692151848539275,59.79653825697662,30.19,3.0,headache,S028
0.12,0.49,24.64157615254197,-1.118167383198249,59.816311350963176,30.19,3.0,headache,S028
0.17,0.5,24.965651550332947,-1.058393090613807,59.805190560327155,30.19,3.0,headache,S028
0.45,0.5,24.963702455121766,-1.0141325769784513,59.463445849037456,30.19,3.0,headache,S028
-0.28,0.49,24.88078578126264,-0.9668628814068233,59.447769896143434,30.19,3.0,headache,S028
-0.82,0.49,25.067086637237523,-1.086872969991964,59.62873953706639,30.19,3.0,headache,S028
0.49,0.49,24.840632343054345,-1.0706648739980202,59.83498451101725,30.19,3.0,headache,S028
0.06,0.49,25.01142695947623,-0.9857000409592114,59.769914925676375,30.19,3.0,headache,S028
-0.6,0.48,24.98285405264881,-1.0029840932962242,59.64833825198095,30.19,3.0,headache,S028
0.64,0.49,25.015863825444924,-1.0018551107456413,59.680412773206506,30.19,3.0,headache,S028
0.5,0.49,24.98760635292169,-0.9956763656712907,59.51967941075197,30.19,3.0,headache,S028
-0.89,0.49,25.006084843188226,-1.0053148880864642,59.94912436369819,30.15,3.0,headache,S028
0.06,0.49,25.00851761758385,-0.9955162729829702,59.68535414428792,30.15,3.0,headache,S028
-0.1,0.5,24.85573479464374,-0.9987068964848341,59.71551754218929,30.15,3.0,headache,S028
0.43,0.5,24.771995629027714,-1.0447818125432633,60.10022516719659,30.15,3.0,headache,S028
-0.28,0.5,24.61829691514634,-1.2491571991312167,59.826198079631205,30.19,3.0,headache,S028
0.63,0.5,24.716268843228477,-0.9027078216397347,60.04321457331129,30.19,3.0,headache,S028
-0.37,0.5,25.031632060767805,-1.2962028715369134,59.63826275886966,30.19,3.0,headache,S028
-0.35,0.5,24.768169040784706,-1.3621646506692184,59.10950476642457,30.19,3.0,headache,S028
0.74,0.5,25.188819022140233,-1.098602444782743,59.17902538889649,30.19,3.0,headache,S028
-0.53,0.49,25.155809566883544,-1.0186441959087529,59.19820611267972,30.19,3.0,headache,S028
0.31,0.5,25.12504030354982,-1.318616700221768,59.551671186048765,30.19,3.0,headache,S028
-0.32,0.51,25.082475771494664,-0.9356216752195863,59.494006379167736,30.19,3.0,headache,S028
-0.22,0.51,25.368860577742442,-1.142533998438874,59.40340011221667,30.17,3.0,headache,S028
-0.13,0.51,24.977520167729622,-1.2357310851235004,59.449553609273984,30.17,3.0,headache,S028
0.52,0.52,25.296901938685675,-1.0350414127223688,59.47076296812119,30.17,3.0,headache,S028
0.05,0.52,24.915803129427545,-1.1930091904279605,59.56744815812321,30.17,3.0,headache,S028
0.05,0.53,25.036348568653498,-1.1490533884364684,59.31475366842188,30.19,3.0,headache,S028
-0.53,0.54,25.2726152408233,-1.2230551888176524,59.57412080976469,30.19,3.0,headache,S028
-0.06,0.54,24.88989532727181,-1.0572922910279938,59.9567190454597,30.19,3.0,headache,S028
0.46,0.53,25.08111825984552,-0.9994179367425271,59.385071303247656,30.19,3.0,headache,S028
-0.04,0.53,24.914204161427627,-1.1496609499749912,59.516883194285484,30.19,3.0,headache,S028
-0.37,0.54,25.201795257915133,-1.1184372666800797,59.36245861131625,30.19,3.0,headache,S028
0.55,0.53,25.38492128801202,-1.1956714554024521,59.479104618875134,30.19,3.0,headache,S028
-0.02,0.53,24.936500768719863,-1.162091525215871,59.676108792503115,30.19,3.0,headache,S028
0.05,0.53,25.04645313409227,-0.99297171372316,59.500835543359294,30.21,3.0,headache,S028
-0.37,0.53,24.954544986898785,-0.9896244347618499,59.51137534779787,30.21,3.0,headache,S028
0.41,0.53,25.055976092927427,-1.017682529622779,59.65041644086272,30.21,3.0,headache,S028
-0.56,0.53,24.87200618483642,-0.9768684968099538,59.80531129680471,30.21,3.0,headache,S028
0.4,0.53,24.97741489119904,-1.0296887847573242,59.73112891825746,30.21,3.0,headache,S028
0.25,0.56,24.96716358361503,-0.9574165080417578,59.42099980950196,30.21,3.0,headache,S028
0.34,0.59,25.196589360792814,-1.1139733976763202,59.49587381491155,30.21,3.0,headache,S028
-0.5,0.63,25.313849592253074,-1.0408890203819199,59.31032718542807,30.21,3.0,headache,S028
-0.23,0.67,25.01149676615015,-1.0007239616192642,59.46407533175901,30.19,3.0,headache,S028
-0.28,0.71,25.011990661683566,-0.9808229536754329,59.641738431866195,30.19,3.0,headache,S028
0.61,0.8,24.848811816207053,-1.0732658415769443,59.7953017915374,30.19,3.0,headache,S028
-0.75,0.82,24.864712449523335,-1.0862379084976734,59.897391402913854,30.19,3.0,headache,S028
0.46,0.86,25.06604170708755,-0.9640199425441474,59.808274681620446,30.21,3.0,headache,S028
0.07,0.85,24.78427060292709,-1.0447603205253568,59.31966964428043,30.21,3.0,headache,S028
0.27,0.84,24.717833340304626,-1.109729934863414,60.043464723658225,30.21,3.0,headache,S028
-0.22,0.83,24.95044589091192,-0.9788314433029563,59.273771295766494,30.21,3.0,headache,S028
0.01,0.84,25.024367626174055,-1.0131229362565695,59.77598466461024,30.19,3.0,headache,S028
-0.41,0.84,24.942186548889655,-0.9895529265360867,59.69668404410163,30.19,3.0,headache,S028
0.57,0.83,24.90210742855305,-1.0090268182715334,59.63639528101692,30.19,3.0,headache,S028
-0.74,0.84,25.024120693541523,-0.9921354238875625,59.55276444876053,30.19,3.0,headache,S028
0.24,0.84,24.988387331903066,-1.0064194994646434,60.04075206781964,30.21,3.0,headache,S028
0.49,0.84,25.005632805432537,-0.9961828520677708,59.384190707768916,30.21,3.0,headache,S028
0.25,0.83,24.998596074842474,-0.9964194266771854,59.80009166499126,30.21,3.0,headache,S028
-0.14,0.83,24.99724499157572,-1.0850789871079098,59.63485434754152,30.21,3.0,headache,S028
-0.02,0.83,25.009053381148707,-1.109281871221466,59.60049059940253,30.21,3.0,headache,S028
-0.13,0.82,24.970543527629577,-1.133198849765873,59.41009328672302,30.21,3.0,headache,S028
-0.64,0.81,25.00113589598509,-1.1595178263192563,59.520553571227175,30.21,3.0,headache,S028
0.3,0.82,25.043179733229966,-1.0221618909204144,59.341132661554425,30.21,3.0,headache,S028
-0.12,0.81,24.898617778227678,-0.9916778993492341,59.71679661806478,30.23,3.0,headache,S028
0.07,0.8,24.939267346756193,-1.0085172965614986,59.81646271399024,30.23,3.0,headache,S028
0.26,0.81,25.019224025589725,-0.9869865961410992,59.8695725721948,30.23,3.0,headache,S028
-0.02,0.81,24.742871744173303,-1.022870052323295,59.52711258864943,30.23,3.0,headache,S028
-0.42,0.8,25.027579482491088,-0.953256848843736,59.583257574484165,30.21,3.0,headache,S028
0.55,0.79,24.8284163682199,-1.1737088771318431,59.778470825759925,30.21,3.0,headache,S028
0.26,0.8,24.898941370317864,-1.2543899880092788,59.58345313716262,30.21,3.0,headache,S028
-0.36,0.81,25.030947707415564,-1.0226451602660083,59.7631856079513,30.21,3.0,headache,S028
-0.26,0.8,24.95257068321026,-1.253837890476931,59.75293397797023,30.21,3.0,headache,S028
0.26,0.81,25.018321591143895,-0.9884700913484866,59.423294776688685,30.21,3.0,headache,S028
0.2,0.81,24.77692305829646,-1.2265812048497626,59.6883100871254,30.21,3.0,headache,S028
0.04,0.81,24.98462816806956,-1.1243374902225567,59.61633526166718,30.21,3.0,headache,S028
-0.1,0.82,25.007247434640295,-0.9816540895995753,59.60925537341194,30.25,3.0,headache,S028
-0.15,0.83,24.983986431547095,-1.0375225327143585,59.56782550239904,30.25,3.0,headache,S028
-0.12,0.86,24.970885517796454,-1.2121903539595447,59.56427767533577,30.25,3.0,headache,S028
-0.39,0.88,25.2537835836831,-1.1846234365909583,59.60023139415965,30.25,3.0,headache,S028
0.7,0.89,25.58289748925815,-1.1766649971597767,59.263890818079155,30.23,3.0,headache,S028
-0.45,0.9,24.70487314214295,-1.2392550765540886,59.28447982040022,30.23,3.0,headache,S028
-0.14,0.9,24.98874849110206,-1.121375822667304,59.82844688800009,30.23,3.0,headache,S028
0.83,0.9,24.828142545453677,-1.0417812473708372,59.69300799238103,30.23,3.0,headache,S028
-0.75,0.88,24.892221336835668,-0.9980984937357432,59.851789371908204,30.23,3.0,headache,S028
0.21,0.87,25.042740782451684,-1.134824041187798,59.87018459958434,30.23,3.0,headache,S028
-0.38,0.87,24.928455984204795,-0.967415237984723,59.59290222725855,30.23,3.0,headache,S028
0.63,0.86,25.300721408192096,-1.0757414348972958,59.56193242372278,30.23,3.0,headache,S028
0.62,0.87,25.12934594236522,-1.4508327165487755,59.71745242607439,30.21,3.0,headache,S028
-0.41,0.88,25.38153661485474,-1.1360361939204073,59.37530863420092,30.21,3.0,headache,S028
-0.81,0.89,25.271705464152006,-1.2434557810522533,59.23514449357021,30.21,3.0,headache,S028
-0.29,0.89,25.027490011039692,-1.287145334976222,59.576971444123785,30.21,3.0,headache,S028
1.15,0.89,25.091036990811062,-1.286894188748702,59.84299026900183,30.21,3.0,headache,S028
-0.14,0.89,25.613462062315687,-1.1609686392945349,59.621159057594,30.21,3.0,headache,S028
-0.37,0.89,25.971146729356363,-1.4069375710251744,59.23815564702082,30.21,3.0,headache,S028
0.31,0.88,24.867008703999332,-1.1803205987445753,59.643714753988384,30.21,3.0,headache,S028
-0.33,0.88,24.898432128912766,-1.3919646952474893,59.429639755858815,30.23,3.0,headache,S028
0.67,0.88,24.77751417898493,-1.1795847510082569,59.885125074587265,30.23,3.0,headache,S028
-1.26,0.88,24.821759306297416,-1.1873864250753159,59.8339969242438,30.23,3.0,headache,S028
0.75,0.88,24.883220177429916,-1.033479807126544,59.93440484121576,30.23,3.0,headache,S028
-0.25,0.88,24.354097373156172,-1.062464172793891,59.88245829367981,30.25,3.0,headache,S028
0.18,0.88,24.7809184458328,-1.081768976266849,59.939906752909664,30.25,3.0,headache,S028
0.09,0.87,24.68900401724147,-0.9642877106899828,60.0206810461325,30.25,3.0,headache,S028
0.02,0.87,24.806458420915117,-1.0153106766375388,59.971736436940425,30.25,3.0,headache,S028
-0.34,0.87,24.913927714291862,-1.013977711065443,60.063077877884396,30.23,3.0,headache,S028
-0.07,0.88,24.950491452211978,-0.7478758805731366,59.63575193836031,30.23,3.0,headache,S028
0.31,0.88,25.053288172398414,-0.8302713343277565,59.406246576650844,30.23,3.0,headache,S028
0.03,0.88,24.86614017526831,-1.254216068859027,59.618810787825595,30.23,3.0,headache,S028
0.06,0.89,24.80364031266965,-0.9022106225577488,59.72518141503648,30.23,3.0,headache,S028
0.24,0.9,24.942619960192665,-1.1379975663020911,59.65702725736529,30.23,3.0,headache,S028
-0.41,0.9,24.892146113007374,-0.9109273930868926,59.77387622369857,30.23,3.0,headache,S028
0.34,0.9,24.179129619476353,-1.6184720909507233,60.02246737084004,30.23,3.0,headache,S028
-0.37,0.9,23.953615342769396,-2.019389048154999,59.984456840837645,30.27,3.0,headache,S028
0.02,0.9,24.035332920322055,-1.842094982495304,60.01046439257841,30.27,3.0,headache,S028
-0.25,0.9,23.959568272649467,-1.2875657038133967,60.00001448169265,30.27,3.0,headache,S028
0.39,0.9,24.287949589135028,-0.8849530765099101,59.930409612570465,30.27,3.0,headache,S028
0.41,0.9,24.1634878553512,-1.162635121943876,59.908856347839894,30.23,3.0,headache,S028
-0.37,0.9,24.786730420267318,-0.9151676474584344,60.064328812513395,30.23,3.0,headache,S028
-0.48,0.89,24.596247946780643,-0.28881854575395166,59.90675289361462,30.23,3.0,headache,S028
0.4,0.89,24.5624019936292,-0.25523942057398846,59.93436005244032,30.23,3.0,headache,S028
-0.16,0.88,24.49682453164525,-0.60919869659811,59.993380682642155,30.23,3.0,headache,S028
-0.08,0.88,24.262691482309307,-0.9042084723782086,59.8982600858021,30.23,3.0,headache,S028
0.2,0.88,24.353220899292968,-1.0663604596450684,59.94932831867693,30.23,3.0,headache,S028
-0.32,0.88,24.37381468424785,-0.9443237466544785,59.90798353101825,30.23,3.0,headache,S028
0.69,0.88,24.255698352875164,-1.0553101556686721,59.979854761080766,30.25,3.0,headache,S028
0.07,0.89,24.230976047740633,-1.0343267083872143,59.88037586682707,30.25,3.0,headache,S028
-0.42,0.89,23.869111624341816,-1.3400431492355644,60.02597839672929,30.25,3.0,headache,S028
-0.24,0.89,24.401384539933783,-1.0290624658730383,59.98630540676365,30.25,3.0,headache,S028
0.3,0.89,23.70443131873763,-1.787746788204584,60.00842345701627,30.25,3.0,headache,S028
-0.18,0.89,23.831971290501826,-1.2368210360572407,59.99460228831593,30.25,3.0,headache,S028
0.72,0.89,24.308388489808387,-1.3393479612457895,60.00338952126313,30.25,3.0,headache,S028
-0.12,0.89,23.846942947434748,-1.127633935016274,59.9980763848904,30.25,3.0,headache,S028
0.28,0.88,24.13597427871248,-1.329636702895548,60.00077144894425,30.25,3.0,headache,S028
-0.64,0.89,24.03429244350722,-1.1138896263443272,60.00019424511479,30.25,3.0,headache,S028
-0.56,0.89,24.039002127798632,-1.3607249464394713,59.998946248993036,30.25,3.0,headache,S028
0.73,0.88,23.988994462965003,-0.9805732023742267,60.00186541014251,30.25,3.0,headache,S028
-0.5,0.89,24.17976005045992,-1.1822030244714496,59.99731808768825,30.25,3.0,headache,S028
-0.21,0.89,23.818239857388253,-1.4863890274342322,60.00357481398549,30.25,3.0,headache,S028
0.96,0.89,24.014986882656064,-1.4236579389931376,59.99523720487434,30.25,3.0,headache,S028
-0.28,0.9,23.951241769162806,-1.310785701987023,59.879966795217065,30.25,3.0,headache,S028
-0.18,0.91,24.07670356148751,-1.4271384658761874,59.99474111819615,30.23,3.0,headache,S028
-0.18,0.91,23.885669077858186,-1.2691801974368921,60.00687117746597,30.23,3.0,headache,S028
-0.08,0.91,24.205934417930024,-1.224760169237454,59.991441941878826,30.23,3.0,headache,S028
0.08,0.92,23.949470105134356,-1.4070205454453626,60.01069854312538,30.23,3.0,headache,S028
-0.06,0.92,24.08348975406808,-1.5055926859662365,59.98616993790951,30.25,3.0,headache,S028
0.01,0.92,23.850358063428395,-1.3915532400996171,59.89199842670128,30.25,3.0,headache,S028
0.12,0.91,24.00535328908374,-1.2183076246224949,59.97706831876838,30.25,3.0,headache,S028
0.08,0.9,23.91659787746025,-0.9597920184303799,60.03864675971272,30.25,3.0,headache,S028
0.08,0.9,24.20498222499393,-1.214873221691422,59.85582561785005,30.25,3.0,headache,S028
-0.17,0.9,24.221406209575957,-1.3885739588628332,59.86502277636233,30.25,3.0,headache,S028
-0.34,0.9,24.20602834254733,-1.3357405983300812,59.953907636332964,30.25,3.0,headache,S028
0.38,0.9,24.507920403111953,-0.5758808791452954,59.89732621956039,30.25,3.0,headache,S028
-0.21,0.9,24.45509558498512,-1.5475032651280924,60.05071660589594,30.25,3.0,headache,S028
0.6,0.9,24.268772498519116,-1.3449153014998758,59.941478676030044,30.25,3.0,headache,S028
-0.37,0.89,24.538953793228284,-0.5580616196476519,59.900020937804456,30.25,3.0,headache,S028
-0.16,0.9,24.36272210490745,-1.0231144409809265,60.01713891520253,30.25,3.0,headache,S028
-0.36,0.92,24.20910804789584,-0.9961309857291184,59.987132662153925,30.23,3.0,headache,S028
1.16,0.94,24.33447485450336,-0.9932533929138778,59.889018790230395,30.23,3.0,headache,S028
-0.34,0.96,24.432618631007298,-1.0120068691390767,59.9798107413639,30.23,3.0,headache,S028
-0.5,0.98,24.546801485446192,-0.9901077008248249,59.91262721684295,30.23,3.0,headache,S028
-0.14,1.03,24.71413429740071,-0.8497030761454091,59.824709827928004,30.25,3.0,headache,S028
0.38,1.04,24.531464465300807,-1.0175054637743053,59.69151358180775,30.25,3.0,headache,S028
0.59,1.04,24.530224726251802,-1.0249221775469237,59.94521517275737,30.25,3.0,headache,S028
-0.91,1.04,24.533955317170868,-0.9718323136472936,60.03819241303424,30.25,3.0,headache,S028
-0.12,1.04,24.459310000871106,-1.025953741921302,59.80816171953604,30.23,3.0,headache,S028
0.38,1.05,24.835872746213276,-0.9950410389607608,59.6104222715743,30.23,3.0,headache,S028
0.41,1.06,24.825010302151725,-1.3341484645042911,59.81707750352198,30.23,3.0,headache,S028
-0.02,1.08,24.70158237063476,-1.044165940384539,59.80876089092522,30.23,3.0,headache,S028
-0.27,1.09,24.455435500448488,-1.0690568252777437,59.95591715895204,30.25,3.0,headache,S028
-0.43,1.1,24.626983592445406,-0.8921201656780865,59.84009473831668,30.25,3.0,headache,S028
0.29,1.1,24.63680538306646,-1.052747847979695,59.874422978169235,30.25,3.0,headache,S028
-0.55,1.1,24.564475575007226,-0.9531373469464575,59.89574973578084,30.25,3.0,headache,S028
0.67,1.1,24.446582670176277,-1.0447480632206327,59.87375990382694,30.27,3.0,headache,S028
-0.04,1.1,24.601052969646926,-0.957068933026297,59.993428927769024,30.27,3.0,headache,S028
0.23,1.1,24.78217146969576,-1.039955714318348,59.98853741148608,30.27,3.0,headache,S028
-0.35,1.11,24.601245990204117,-0.9666054183467748,59.94346679731471,30.27,3.0,headache,S028
-0.01,1.12,24.822123695268697,-1.0143770053000383,59.62528680380507,30.25,3.0,headache,S028
0.08,1.13,25.138049235892602,-1.108140968592659,59.34832244749311,30.25,3.0,headache,S028
-0.29,1.13,25.042319409950025,-2.27144256766355,59.71521797614787,30.25,3.0,headache,S028
0.9,1.15,24.971515927094185,-1.1317722672909571,59.21304810446976,30.25,3.0,headache,S028
0.11,1.19,25.21529852029334,-1.0516702982304988,59.13387038345386,30.25,3.0,headache,S028
-0.19,1.24,25.41880444729702,-0.5128039515173836,58.957790714700124,30.25,3.0,headache,S028
-1.01,1.3,25.632765566684487,-0.9339658854709542,59.28439036993413,30.25,3.0,headache,S028
0.68,1.35,24.99412782952342,-1.0306925513551302,59.08937382561992,30.25,3.0,headache,S028
-0.5,1.39,25.251711583950424,-1.1697714636513716,59.48503774079823,30.27,3.0,headache,S028
0.11,1.43,25.111806029544358,-1.109566117386334,59.41886385614037,30.27,3.0,headache,S028
-0.07,1.47,25.356857345098394,-1.436958685228918,59.641490455358465,30.27,3.0,headache,S028
0.71,1.48,25.14789668278182,-0.9208460369777308,59.45171749270153,30.27,3.0,headache,S028
-0.02,1.53,24.915055943519334,-1.3174442858694944,59.68581640555593,30.25,3.0,headache,S028
-0.88,1.57,24.794128162291397,-0.9770184144522372,59.68561346943131,30.25,3.0,headache,S028
0.55,1.58,24.902320139643987,-1.075139183141896,59.599515481254194,30.25,3.0,headache,S028
-0.04,1.6,24.694521685259463,-0.8675926305283708,59.77712648697752,30.25,3.0,headache,S028
-0.25,1.61,24.94790414858783,-1.1597787699428392,59.762029821453275,30.27,3.0,headache,S028
0.19,1.62,24.782747146895467,-1.0224562661730654,59.9552467519729,30.27,3.0,headache,S028
0.01,1.65,24.71757277288641,-1.190152056983307,59.839555967284625,30.27,3.0,headache,S028
0.32,1.7,24.881076730791108,-1.1980535169718518,59.637601311631684,30.27,3.0,headache,S028
-0.07,1.79,24.725128436085576,-0.9397278533311064,59.8500698490749,30.27,3.0,headache,S028
0.12,1.86,24.93476631582871,-1.1140107012124894,59.73320784060882,30.27,3.0,headache,S028
-0.59,1.9,24.6970172591063,-1.0826744827868464,59.69667638443138,30.27,3.0,headache,S028
0.38,1.91,24.812171446446843,-1.0064032801283689,59.96617062233769,30.27,3.0,headache,S028
-0.09,1.91,24.809864073161556,-0.9899165120041555,60.037115145839635,30.23,3.0,headache,S028
-0.24,1.88,24.62881069719129,-1.031140622373956,59.88704448105581,30.23,3.0,headache,S028
0.04,1.83,24.67777901064851,-1.1216757665193002,59.55993035274518,30.23,3.0,headache,S028
0.7,1.79,24.691725905234133,-0.6497483265744928,59.76745039710475,30.23,3.0,headache,S028
-0.41,1.75,24.855385042762304,-1.1637055197851243,59.79843351384427,30.25,3.0,headache,S028
0.11,1.73,25.19581001669876,0.0019316733803082923,59.29037320704605,30.25,3.0,headache,S028
0.1,1.71,24.88083598635091,-0.7042316643523179,59.58980704761158,30.25,3.0,headache,S028
-0.78,1.7,24.677375379046296,-1.3992895493160993,59.94947045434714,30.25,3.0,headache,S028
0.43,1.7,24.511354031961638,-1.6079857912771378,59.68171273617299,30.25,3.0,headache,S028
-0.31,1.71,24.827123636781906,-1.3536752545265347,59.83237373758445,30.25,3.0,headache,S028
0.34,1.8,24.761365640873073,-1.2177356463302202,59.954392767488706,30.25,3.0,headache,S028
0.35,1.97,24.942117432692612,-0.9454936360582002,59.796005137791354,30.25,3.0,headache,S028
0.29,2.1,24.575034157346433,-1.1666950482803642,59.878620020377404,30.29,3.0,headache,S028
-0.7,2.21,24.923472686488413,-0.948159434030509,59.61363961064533,30.29,3.0,headache,S028
0.28,2.3,24.499305315041816,-1.4984849487709957,59.8210798925827,30.29,3.0,headache,S028
-0.25,2.31,24.455201418670388,-1.5555558383278776,59.79150980500229,30.29,3.0,headache,S028
-0.59,2.34,24.489786279081272,-1.7149265435123389,59.948971874062956,30.27,3.0,headache,S028
0.51,2.34,25.197359092283786,-0.9764605774158155,59.31869180119313,30.27,3.0,headache,S028
0.83,2.34,25.191987009662114,-1.888991128773564,59.50460434277471,30.27,3.0,headache,S028
-0.5,2.34,26.020283778586222,-0.37050703816369834,58.93416741600506,30.27,3.0,headache,S028
-0.89,2.35,25.796628033942614,1.7552690376631526,59.085657705219816,30.25,3.0,headache,S028
0.83,2.32,24.72794063853853,-0.7367221618179159,59.64348690377227,30.25,3.0,headache,S028
0.01,2.26,24.520807146043033,-1.2689647266511346,59.66586544897044,30.25,3.0,headache,S028
-0.3,2.21,24.83663758002296,-0.384085860529613,59.7400401573139,30.25,3.0,headache,S028
-0.19,2.16,24.964517530045118,-0.11275525490883224,59.459189980055605,30.25,3.0,headache,S028
0.33,2.11,24.896782908829067,-0.3939149123813009,59.78133952925111,30.25,3.0,headache,S028
0.33,2.08,24.757084751491206,-0.38351516241717587,59.60988639171261,30.25,3.0,headache,S028
-0.43,2.05,24.598760294513784,-1.3596548986662071,59.7007385559806,30.25,3.0,headache,S028
0.72,2.04,25.22557890787543,-0.9158040175771216,59.284133148177524,30.27,3.0,headache,S028
-1.39,2.03,24.400180831929575,-1.4682909775731927,59.85111989435651,30.27,3.0,headache,S028
1.1,2.03,24.587680600157036,-1.5251801427483724,59.95760143985196,30.27,3.0,headache,S028
0.39,2.04,24.52663264321696,-1.2677087291072875,60.08937316953367,30.27,3.0,headache,S028
-0.49,2.06,24.721394982561172,-1.0102913582525501,59.740024879572985,30.25,3.0,headache,S028
-0.26,2.09,24.513345041826035,-0.9805394805939911,59.84771047216376,30.25,3.0,headache,S028
0.09,2.12,24.652932167365396,-1.065047365829339,59.5147294810415,30.25,3.0,headache,S028
-0.66,2.12,24.71767987526674,-0.8162695250155945,59.735499537717835,30.25,3.0,headache,S028
0.86,2.1,24.799109533314464,-2.2657956399960884,59.04728933716409,30.25,3.0,headache,S028
0.2,2.08,23.858885232595995,-2.5209230366951636,58.80981538991794,30.25,3.0,headache,S028
-0.07,2.06,24.936613141851694,-1.3266038944465512,59.95985931628702,30.25,3.0,headache,S028
-0.31,2.05,25.251508921662158,0.2698186481892054,58.89191480090101,30.25,3.0,headache,S028
0.1,2.03,25.17976317411472,0.1686075023223985,59.58689348874971,30.25,3.0,headache,S028
-0.89,2.01,24.80458950640106,-0.005290696596725314,59.245133250740764,30.25,3.0,headache,S028
0.85,1.99,24.82721015775084,-0.5310979300234772,59.700682757107145,30.25,3.0,headache,S028
-0.13,1.98,24.74184706971035,-0.9155821852524977,59.525213013528344,30.25,3.0,headache,S028
0.53,1.97,25.075169375901464,-1.2666856462411924,59.94331949668886,30.23,3.0,headache,S028
-0.87,1.96,24.312799217934923,-1.7717075249769323,59.810135862116546,30.23,3.0,headache,S028
0.67,1.95,24.69974058432307,-1.735513102808771,60.07296097583262,30.23,3.0,headache,S028
-0.53,1.95,24.34064242746008,-1.5404388020423796,59.7432995978918,30.23,3.0,headache,S028
-0.01,1.97,24.78131454483538,-1.0067073824480528,60.054837147111584,30.25,3.0,headache,S028
0.89,1.96,24.51118480440721,-1.147106119268994,59.65243973150838,30.25,3.0,headache,S028
-0.66,1.96,25.31911545061701,-0.7624547864559603,60.24603954602049,30.25,3.0,headache,S028
-0.05,1.97,22.614383086734787,-2.234538352688521,57.39446303088984,30.25,3.0,headache,S028
0.02,1.96,23.96168675133398,-3.138489859324357,58.70169330629958,30.25,3.0,headache,S028
0.35,1.95,25.191701259098256,-1.1526968736605319,60.00106724781128,30.25,3.0,headache,S028
-0.45,1.95,25.196733590637564,-0.024159185880140637,58.85487226384316,30.25,3.0,headache,S028
0.45,1.95,25.629787977987878,0.08130113084062562,59.415746681299424,30.25,3.0,headache,S028
-0.2,1.96,25.404021124322924,-0.007383032460561637,59.050868213649714,30.25,3.0,headache,S028
-0.24,1.97,25.41979130611551,0.061944440787543964,59.1536508320641,30.25,3.0,headache,S028
-0.12,2.01,25.42311872882108,-0.7258199551461673,59.6646218610106,30.25,3.0,headache,S028
0.41,2.03,24.683739520126057,-1.2449584883222886,59.72179457806266,30.25,3.0,headache,S028
-0.05,2.04,24.6586298822533,-1.940945657170802,59.98291335293666,30.25,3.0,headache,S028
0.24,2.05,24.8249176732711,-1.567975151217431,59.80026131542056,30.25,3.0,headache,S028
0.01,2.05,25.029686255760232,-1.4132789566391284,59.66502291829599,30.25,3.0,headache,S028
-0.48,2.04,25.09168147158491,-0.9365735970288601,59.23978485491805,30.25,3.0,headache,S028
0.2,2.03,25.07985044335744,-1.077642840288676,59.15600682653088,30.25,3.0,headache,S028
0.21,2.03,25.05363687975644,-0.8872599170984018,59.24985890817601,30.25,3.0,headache,S028
-0.19,2.04,25.062197613992794,-1.2857854749165316,59.41080162679152,30.25,3.0,headache,S028
-0.05,2.05,25.14775297140925,-3.1986912711736375,59.47278691270378,30.25,3.0,headache,S028
-0.24,2.06,24.77180392769509,-1.6341622890055487,59.125995469068926,30.27,3.0,headache,S028
0.19,2.05,25.65533398316073,-1.0994898088938276,59.18363876030194,30.27,3.0,headache,S028
0.23,2.05,25.23237953449421,-0.7409349049212816,59.30455269718066,30.27,3.0,headache,S028
-0.19,2.04,25.80753477406193,-0.7524604413867161,59.48294181603133,30.27,3.0,headache,S028
-0.61,2.02,25.873010877436926,-0.39527268173895413,58.9563598755424,30.25,3.0,headache,S028
0.28,2.01,25.05141746189803,-1.318507087820596,59.636304923438836,30.25,3.0,headache,S028
0.87,2.01,25.60831794805173,-1.7506219372247858,59.37301145075288,30.25,3.0,headache,S028
-0.19,2.01,24.79391477122581,-1.4501026538624235,59.47854446945239,30.25,3.0,headache,S028
-0.51,2.02,25.066069153259495,-2.012086848272765,59.77834789504421,30.25,3.0,headache,S028
0.13,2.05,25.422341200699794,-1.7333143660407315,59.21168394571516,30.25,3.0,headache,S028
-0.54,2.07,25.6202427647352,-1.9267814192919541,59.17966741059989,30.25,3.0,headache,S028
1.02,2.07,26.412898895037504,-0.428440558047841,58.886905883444406,30.25,3.0,headache,S028
-0.15,2.07,26.16762275540968,-0.3078991391187512,59.06327374811749,30.25,3.0,headache,S028
-0.03,2.08,26.176006251039603,-0.6948945644401316,59.015583468074304,30.25,3.0,headache,S028
-0.69,2.08,25.827508159798136,-0.6476152065343586,58.97144651089067,30.25,3.0,headache,S028
0.72,2.08,25.4797937808333,-1.7764875871701862,59.15687102097147,30.25,3.0,headache,S028
-0.37,2.08,25.477424418414362,-1.693649884266923,59.20683616331694,30.25,3.0,headache,S028
-0.16,2.07,25.50464275910006,-1.574182458766216,59.17241276820223,30.25,3.0,headache,S028
0.54,2.07,25.64007953454983,-1.1181833844993265,58.96401028688547,30.25,3.0,headache,S028
-0.35,2.06,25.638205110472104,-1.2442329539904649,59.03975346109306,30.25,3.0,headache,S028
0.47,2.05,26.011041932650976,-0.8770203879280822,58.93280907641395,30.23,3.0,headache,S028
-0.16,2.05,25.638401174205033,-1.0230279490529748,59.15737115868551,30.23,3.0,headache,S028
-0.42,2.05,25.92809248071718,-1.0768640181799534,59.01238867083215,30.23,3.0,headache,S028
0.75,2.04,25.571527445832004,-1.2947997572552827,59.00612877572426,30.23,3.0,headache,S028
-0.84,2.04,25.878551614385042,-1.0507489884870493,58.981945691516664,30.29,3.0,headache,S028
0.01,2.04,25.598860839528715,-1.084344482141531,59.18176671458472,30.29,3.0,headache,S028
0.03,2.03,25.028702099918263,-1.9985480212837567,59.452528224193344,30.29,3.0,headache,S028
0.01,2.03,26.048272057577158,-1.0248005211615503,59.01223358622072,30.29,3.0,headache,S028
0.87,2.02,25.367828648828144,-1.2703902760101138,59.39760130664469,30.27,3.0,headache,S028
-0.52,2.02,25.195555389637455,-1.7915912837960262,59.54409961554218,30.27,3.0,headache,S028
0.39,2.01,24.679940237399173,-2.5850867996071774,59.82424230986875,30.27,3.0,headache,S028
-0.52,2.01,24.991245980006248,-1.7436381507359973,59.44190172781398,30.27,3.0,headache,S028
0.21,2.02,25.157885254162462,-1.490670148287656,59.24947761806382,30.27,3.0,headache,S028
-0.68,2.01,25.341768753317535,-1.3740906022489376,59.071367056880945,30.27,3.0,headache,S028
0.45,2.01,25.99631581036931,-0.9711361300023992,59.11854561554725,30.27,3.0,headache,S028
0.07,2.01,25.866558783313423,-0.29243514111285573,58.939351421868366,30.27,3.0,headache,S028
0.49,2.01,25.69629151649206,-0.8882363705333544,59.06633231820776,30.27,3.0,headache,S028
-0.24,2.01,25.50999130561937,-1.295732415470571,59.07752239864674,30.27,3.0,headache,S028
-0.63,2.01,25.010303299135643,-1.9632717194312614,59.43256660511346,30.27,3.0,headache,S028
0.19,2.01,25.19608078033987,-1.837745258655063,59.246969615483344,30.27,3.0,headache,S028
0.19,2.01,25.605750236358343,-0.953456829932041,59.11804795005221,30.27,3.0,headache,S028
0.01,2.0,25.33504027986803,-1.041024066426683,59.24538939072713,30.27,3.0,headache,S028
-0.24,1.99,25.329285556802756,-1.3900137115134759,59.28376522447437,30.27,3.0,headache,S028
-0.09,1.99,25.252260906451713,-1.6192667587833602,59.088517545433426,30.27,3.0,headache,S028
0.79,1.99,25.881199344549135,-0.9719361141053353,59.120988776251565,30.27,3.0,headache,S028
-0.28,1.98,25.605474945896102,-1.0990878592902464,59.07622407033227,30.27,3.0,headache,S028
-0.1,1.98,26.496834695667133,-0.09508016320224114,59.062361489587104,30.27,3.0,headache,S028
0.18,1.98,24.343126796758597,-2.3739199276332084,59.09952051250768,30.27,3.0,headache,S028
-0.23,1.98,24.475447986689435,-1.929408784821191,59.004900441453685,30.27,3.0,headache,S028
-0.05,1.97,24.789218647340522,-2.4394321197433912,59.70480480659522,30.27,3.0,headache,S028
0.1,1.98,24.90536704241532,-2.2372746299816275,59.53020233315762,30.27,3.0,headache,S028
-0.57,2.02,25.752740523874394,-2.1049634450172063,59.17128665296081,30.27,3.0,headache,S028
0.86,2.11,26.156018806046067,-0.6263732784137197,58.89653117780608,30.27,3.0,headache,S028
0.12,2.21,26.468748162570023,-0.10195727000754105,59.137149992897506,30.27,3.0,headache,S028
-0.69,2.31,26.09423569788446,0.37753293557690404,58.84436017746022,30.27,3.0,headache,S028
-0.62,2.4,26.962544250770133,0.6854394312557927,58.80681966108795,30.27,3.0,headache,S028
0.97,2.43,26.01907934644305,-1.0449200459109345,59.02996477058639,30.29,3.0,headache,S028
-0.42,2.39,24.901892591805616,-2.63926522829039,59.467133280519,30.29,3.0,headache,S028
0.1,2.37,24.962788210674542,-2.844911490877071,59.411884028904275,30.29,3.0,headache,S028
-0.18,2.34,25.001662089071555,-2.493651480713336,59.805413757342926,30.29,3.0,headache,S028
1.1,2.32,24.51260469358724,-2.338858792597679,59.853311033688264,30.27,3.0,headache,S028
-0.13,2.3,25.426871995712823,-2.0992395518165483,59.403601061956486,30.27,3.0,headache,S028
-0.51,2.3,25.828253536609115,-1.2821880696444785,59.05193322211383,30.27,3.0,headache,S028
-0.5,2.29,26.227914558957362,-1.0812929662244692,59.01453788191272,30.27,3.0,headache,S028
0.56,2.27,26.800413721753575,0.5191383984589163,58.983754626882316,30.27,3.0,headache,S028
-0.08,2.26,26.08349962335882,0.19414656886486062,58.984747089461784,30.27,3.0,headache,S028
-0.34,2.23,26.36328431512489,-0.41130306170196357,59.011450015639156,30.27,3.0,headache,S028
-0.03,2.22,26.76885108009534,0.8893545164764338,58.992532448988136,30.27,3.0,headache,S028
-0.25,2.19,26.87661150653855,-0.7785700225664798,59.01981582651015,30.29,3.0,headache,S028
0.48,2.17,24.63394082551722,-3.0393133027001453,59.66855292616245,30.29,3.0,headache,S028
0.37,2.16,23.981799228588663,-2.9984521235766706,60.07144625319229,30.29,3.0,headache,S028
-0.38,2.15,24.921137004296302,-3.475233779564343,59.697855267258035,30.29,3.0,headache,S028
0.41,2.14,24.794029226888867,-1.262989173078485,59.70900516174446,30.31,3.0,headache,S028
-0.45,2.14,25.46298229572069,-0.6396043197440445,59.23565871089546,30.31,3.0,headache,S028
0.33,2.14,25.59109341275141,-0.4363700284502651,59.36864507059561,30.31,3.0,headache,S028
-0.2,2.13,25.54277973915754,-0.694814753017355,59.198610530344375,30.31,3.0,headache,S028
-0.57,2.13,25.795948602426495,-0.1868020801303817,59.05078964647886,30.29,3.0,headache,S028
1.5,2.13,25.708787078559915,-0.6483985442451492,59.20184778218921,30.29,3.0,headache,S028
-1.25,2.14,25.46296774468017,-1.3964071359628092,59.09272168467908,30.29,3.0,headache,S028
-0.14,2.13,25.370704663148516,-1.3743283998934417,59.4178778619276,30.29,3.0,headache,S028
0.44,2.14,24.929519424998645,-0.9198882674574166,59.06161952748813,30.27,3.0,headache,S028
0.31,2.2,26.02153044507881,-1.2965762356391877,59.157661233387046,30.27,3.0,headache,S028
-0.31,2.31,25.395860443985363,0.13946184192917097,59.07088155446416,30.27,3.0,headache,S028
0.1,2.43,25.568204154221196,-0.37506720356732764,58.962790126859595,30.27,3.0,headache,S028
0.33,2.53,25.354561148200457,-0.8314297420073832,59.34981179857,30.29,3.0,headache,S028
-0.44,2.56,24.62871579453292,-1.254811380684793,59.686565172675515,30.29,3.0,headache,S028
0.15,2.55,25.947185703210824,-0.3805400811322017,58.96723873806247,30.29,3.0,headache,S028
-0.12,2.53,25.127696810889677,-2.2509958013695335,59.01615001003872,30.29,3.0,headache,S028
0.57,2.48,25.68552231185305,-0.9634672788036518,59.23927284027247,30.27,3.0,headache,S028
-0.0,2.42,24.890583913381754,-3.2825426837791585,59.574532915717256,30.27,3.0,headache,S028
-0.67,2.36,25.421427039569966,-2.035833946540621,59.090137747592976,30.27,3.0,headache,S028
0.51,2.32,26.462820770022002,-2.29381341628436,59.182161415894726,30.27,3.0,headache,S028
-0.48,2.29,25.9016307354491,-1.9684958292858328,59.099468438524866,30.31,3.0,headache,S028
0.81,2.26,26.61737110605236,-0.7442503117261167,58.59870407095371,30.31,3.0,headache,S028
-0.95,2.24,26.062005079635856,-1.9701375038828992,59.26909983012494,30.31,3.0,headache,S028
0.16,2.23,25.66308859408215,-0.6092206676447315,59.35209337517048,30.31,3.0,headache,S028
0.45,2.25,25.36967369692232,-1.4705828063682322,59.45998204047825,30.27,3.0,headache,S028
-0.47,2.31,25.169940850355125,-1.756215354606004,59.53594480506435,30.27,3.0,headache,S028
0.43,2.39,24.511321401437947,-2.181755073012595,59.5484392855651,30.27,3.0,headache,S028
-0.8,2.47,25.571253027427716,-1.5746159364408776,59.023849025697864,30.27,3.0,headache,S028
-0.59,2.53,26.159449413500592,-0.764136252470023,59.106944224121314,30.27,3.0,headache,S028
0.8,2.52,25.815316038717867,-0.6531753433243043,59.19706072414315,30.27,3.0,headache,S028
0.46,2.5,26.653363131646508,-0.30665330744865893,58.95258566340564,30.27,3.0,headache,S028
-0.51,2.49,26.24416849654604,0.164958576589151,59.02433853980782,30.27,3.0,headache,S028
0.69,2.47,26.415591646041406,-0.34264144065730595,58.98720092288196,30.29,3.0,headache,S028
-0.31,2.43,25.793713221472952,-1.1111404456258633,58.99660573192782,30.29,3.0,headache,S028
-0.11,2.4,25.247175712095117,-2.826860634179569,59.35959781076617,30.29,3.0,headache,S028
0.58,2.38,24.337585903823058,-2.3925528653207024,59.74978324589717,30.29,3.0,headache,S028
-0.45,2.39,25.59875619986299,-1.2573651829247037,59.44744436747636,30.27,3.0,headache,S028
0.03,2.42,25.404256333849283,-1.0127225453211817,59.1608604866098,30.27,3.0,headache,S028
0.39,2.48,25.081589212461036,-1.8507602730474602,59.43997249192341,30.27,3.0,headache,S028
-0.17,2.51,25.4412100384026,-1.0922404477288403,59.1809398615736,30.27,3.0,headache,S028
-0.46,2.5,25.354046414777088,-1.3950458408052506,59.38827414046073,30.29,3.0,headache,S028
-0.25,2.48,25.876492059357396,-0.8501433570492178,59.028462415147175,30.29,3.0,headache,S028
0.36,2.45,25.77766822380523,-1.1914776738078068,59.00405385012775,30.29,3.0,headache,S028
-0.08,2.42,25.861088415060234,-0.7065236269030832,59.00909545896171,30.29,3.0,headache,S028
-0.1,2.39,25.943744756904337,-0.9657546997067588,59.242688749947575,30.29,3.0,headache,S028
0.11,2.35,25.583735163141192,-0.8990089444400127,58.98554812190777,30.29,3.0,headache,S028
0.61,2.33,25.57743043212485,-0.7105175419439547,59.020954562335604,30.29,3.0,headache,S028
-0.61,2.31,25.569773313038215,-1.128812255413295,58.977733098696234,30.29,3.0,headache,S028
0.01,2.29,25.525738400418774,-1.0435731214912918,59.022177178398074,30.29,3.0,headache,S028
0.01,2.28,25.54771478570577,-1.2785793107447254,58.990488986812196,30.29,3.0,headache,S028
0.59,2.27,25.487188215821405,-1.35253161327866,59.215929327104824,30.29,3.0,headache,S028
-0.51,2.27,25.72758087678504,-1.1495475031804663,59.137603023375654,30.29,3.0,headache,S028
0.39,2.25,25.41732322664428,-0.9503216066830524,59.133316901584664,30.29,3.0,headache,S028
-0.24,2.26,25.437727503876552,-1.0763724714195606,59.182322844897506,30.29,3.0,headache,S028
0.03,2.25,25.554942383606598,-1.2247946521971136,59.04839456794786,30.29,3.0,headache,S028
-0.09,2.25,25.47151339804274,-0.96178599982452,59.23813633049102,30.29,3.0,headache,S028
-0.28,2.24,25.424892948045034,-1.1429801510592652,59.072175327047034,30.29,3.0,headache,S028
0.22,2.24,25.42098510579773,-1.0588478126657994,59.26879216541098,30.29,3.0,headache,S028
-0.7,2.26,25.272578717998382,-1.0907765638634352,59.255427218540824,30.29,3.0,headache,S028
0.69,2.23,25.1520960595112,-0.9427673026120222,59.46314493115572,30.29,3.0,headache,S028
0.54,2.22,25.35974125464812,-1.0402735129559812,59.10389800185905,30.29,3.0,headache,S028
-0.46,2.23,25.590220081692,-1.125561556800543,59.00805855313278,30.29,3.0,headache,S028
0.21,2.22,25.750372840456677,-1.250533979840963,58.99693316867959,30.29,3.0,headache,S028
-0.1,2.21,25.796542907117097,-1.1561547153852108,59.18998617630333,30.29,3.0,headache,S028
-0.06,2.21,25.581268083640918,-1.129486980806888,59.06698862644413,30.29,3.0,headache,S028
-0.18,2.21,25.46232442332981,-1.1523394091215908,59.000671664866346,30.29,3.0,headache,S028
-0.2,2.2,25.574291869636294,-1.2456264320345471,59.13720371761706,30.29,3.0,headache,S028
0.43,2.2,26.118160647257287,-0.8449290679764518,58.964647914074376,30.29,3.0,headache,S028
-0.27,2.19,25.81553295461274,-1.1820225400768165,59.02676232054961,30.29,3.0,headache,S028
-0.03,2.19,25.597016173182524,-0.7063550014857455,59.08292144823651,30.29,3.0,headache,S028
-0.45,2.19,26.216274477549504,-0.9331695516601924,59.07984290169242,30.29,3.0,headache,S028
0.89,2.18,25.8852887054568,-1.3137596296598317,59.07985040328775,30.29,3.0,headache,S028
-0.35,2.18,24.900665430291212,-2.6617275438231434,59.60707923419752,30.29,3.0,headache,S028
-0.5,2.18,25.38640463091792,-2.548310426481748,59.303682571413894,30.29,3.0,headache,S028
0.55,2.17,25.551706717341013,-1.1842545037338237,58.93872443215887,30.29,3.0,headache,S028
0.57,2.17,25.632444937305692,-1.2253183757506265,59.28512044416799,30.29,3.0,headache,S028
-0.67,2.17,25.732789165043062,-0.8091360980392213,58.958864497052794,30.29,3.0,headache,S028
-0.28,2.18,25.78274448114723,-1.0141413626370812,59.109091603587935,30.29,3.0,headache,S028
0.9,2.17,25.638619057671512,-1.164061307686151,59.25122735500316,30.29,3.0,headache,S028
-0.32,2.17,25.53973565765558,-1.7016593414219716,59.29071476372386,30.29,3.0,headache,S028
-0.02,2.17,25.47192704703245,-1.2026478798055007,58.996053773483226,30.31,3.0,headache,S028
-0.11,2.17,24.953448560737044,-1.7269282890746342,59.537646790273236,30.31,3.0,headache,S028
-0.46,2.17,25.211376900697967,-1.2733721789468295,59.49234488619958,30.31,3.0,headache,S028
-0.3,2.17,25.063703505797783,-0.8549318267032647,59.02248139440726,30.31,3.0,headache,S028
0.98,2.19,25.18292465305854,-1.3277217794981229,59.24413602591586,30.33,3.0,headache,S028
0.12,2.23,25.571367462901602,-1.8838100998793799,59.65837129135665,30.33,3.0,headache,S028
0.04,2.24,25.099672956898555,-1.2087762425116215,59.32405541821752,30.33,3.0,headache,S028
-0.48,2.26,25.67079158066953,-1.4086423039350422,59.17642809487709,30.33,3.0,headache,S028
-0.1,2.25,25.94626584019176,-1.5411043170876895,59.06666967378761,30.31,3.0,headache,S028
0.0,2.25,25.79542973919357,-1.4462256758038996,58.969804826240114,30.31,3.0,headache,S028
0.29,2.23,25.323560221645113,-1.17858810473654,59.015965039567035,30.31,3.0,headache,S028
-0.62,2.23,25.58709612318271,-1.5489540756193094,59.060806402831105,30.31,3.0,headache,S028
0.53,2.21,25.562422530321914,-1.0364618374598604,59.108982938501455,30.29,3.0,headache,S028
0.37,2.2,25.4443709832803,-1.3523943951411395,59.05910163811922,30.29,3.0,headache,S028
-0.86,2.19,25.521773709261495,-1.1844127615800364,59.12367761310293,30.29,3.0,headache,S028
0.15,2.19,25.761200742512802,-0.9895529823320908,59.095894282750116,30.29,3.0,headache,S028
0.32,2.19,26.043954650301004,-1.1439610777622622,59.289814729175546,30.31,3.0,headache,S028
-0.13,2.18,25.580936507359798,-0.8854085224461109,58.96956445759641,30.31,3.0,headache,S028
0.2,2.18,25.67645569707583,-1.391894293275028,59.21920666186782,30.31,3.0,headache,S028
-0.34,2.18,25.23712535907677,-1.3273624348261364,59.29241346125203,30.31,3.0,headache,S028
-0.0,2.18,25.75190905540372,-1.7422681512208165,59.149904586681515,30.29,3.0,headache,S028
0.25,2.16,25.63041203889153,-0.9186080831054624,59.02612130750442,30.29,3.0,headache,S028
0.18,2.16,25.896321212916373,-1.5757071158038363,59.131809176402506,30.29,3.0,headache,S028
0.06,2.16,25.790961194292198,-1.2880761853348428,58.93294319041907,30.29,3.0,headache,S028
-0.2,2.16,25.739560749561605,-1.5657021170943934,59.236296066721884,30.31,3.0,headache,S028
0.24,2.16,25.641119591357068,-1.169894122173708,59.056643240770626,30.31,3.0,headache,S028
-0.35,2.16,25.779294286232155,-1.0602289564534562,58.99503184419076,30.31,3.0,headache,S028
-0.02,2.15,25.546105320667404,-1.0274161618899016,58.98481989040839,30.31,3.0,headache,S028
0.21,2.15,25.43086026682196,-1.0519702966321949,59.078932808507375,30.29,3.0,headache,S028
0.01,2.14,25.51425558856312,-1.1963577120092486,59.08166919785274,30.29,3.0,headache,S028
-0.5,2.14,25.552152843214852,-1.4396452096224677,58.95325624829075,30.29,3.0,headache,S028
-0.07,2.14,25.709586955775606,-1.5773885430391787,59.1177624759139,30.29,3.0,headache,S028
0.91,2.14,26.042455720412036,-1.244629161801255,59.035462523327155,30.29,3.0,headache,S028
-0.08,2.13,25.72304183183767,-1.2336470307442988,59.04035873288524,30.29,3.0,headache,S028
-0.5,2.14,25.531844181439347,-1.1118707302141788,59.17528350733104,30.29,3.0,headache,S028
0.02,2.14,25.51877597424436,-1.5228752527132978,59.029164244538144,30.29,3.0,headache,S028
-0.03,2.13,25.723018624784082,-1.4522628379375322,59.005716627594715,30.31,3.0,headache,S028
-0.15,2.13,26.226498988057145,-1.4373143518190257,58.988505460844536,30.31,3.0,headache,S028
0.14,2.13,25.51224456843577,-1.4478837263438744,59.01230613659058,30.31,3.0,headache,S028
0.5,2.13,25.840327468337925,-1.3959923163915562,59.009780562771105,30.31,3.0,headache,S028
-0.65,2.13,25.589653158424454,-1.3058930219124365,59.28911127566683,30.31,3.0,headache,S028
-0.09,2.12,25.6132866625437,-1.7544160769547594,59.09757016300826,30.31,3.0,headache,S028
0.35,2.13,25.79598714901733,-1.3154814068400196,59.114339573442834,30.31,3.0,headache,S028
0.07,2.13,25.889043120342837,-1.27649292989337,58.962070466547495,30.31,3.0,headache,S028
0.72,2.12,25.734343440291294,-1.5715769298964644,59.092092404263035,30.31,3.0,headache,S028
-0.37,2.12,25.569445971237023,-1.4398643328260754,59.13240811037207,30.31,3.0,headache,S028
-0.74,2.12,25.893713209901552,-1.4566870765983342,59.160800991119665,30.31,3.0,headache,S028
-0.23,2.11,25.70105938277199,-1.201155628674093,59.163131864098865,30.31,3.0,headache,S028
0.3,2.11,25.419680057520566,-1.706703628011141,59.206480635635174,30.27,3.0,headache,S028
-0.22,2.11,25.564917509628614,-1.4455674545460808,59.022448785207715,30.27,3.0,headache,S028
0.65,2.11,25.811789144209076,-1.4469899611189083,58.99068381419681,30.27,3.0,headache,S028
-0.23,2.11,25.89256735812223,-1.5696264453311446,59.00415059155757,30.27,3.0,headache,S028
0.36,2.1,25.651624888268582,-1.5584801309631733,58.99916654361172,30.31,3.0,headache,S028
-0.48,2.11,25.75066031949352,-1.5109566127656435,58.9981659685184,30.31,3.0,headache,S028
0.15,2.11,25.73900604511165,-1.0660577061300769,59.00442561814589,30.31,3.0,headache,S028
0.02,2.1,26.04894557225933,-1.0489863847914016,58.992482653097014,30.31,3.0,headache,S028
0.02,2.1,26.100071674446838,-1.2669498106079249,59.01223372931038,30.27,3.0,headache,S028
-0.15,2.1,26.048151992866806,-0.8102639411896829,58.97768819527539,30.27,3.0,headache,S028
0.11,2.1,26.105607564302154,-0.6169548700734787,59.06745692975252,30.27,3.0,headache,S028
-0.24,2.1,26.15168086105454,-1.3255664248037657,59.08941823281175,30.27,3.0,headache,S028
0.23,2.09,25.655942219555627,-1.885835424015737,59.24215560045232,30.31,3.0,headache,S028
0.11,2.1,25.493148933388387,-1.7776328239623538,59.17349126255095,30.31,3.0,headache,S028
0.36,2.1,25.80875689797284,-1.380542709370119,59.03563967537446,30.31,3.0,headache,S028
-0.69,2.09,25.304642551720214,-1.2127189791139652,59.30133830423377,30.31,3.0,headache,S028
0.46,2.08,25.668531064736747,-1.1047197071330206,59.10906825123934,30.31,3.0,headache,S028
-0.13,2.09,25.568864633806335,-0.8617232914930475,59.13117207333329,30.31,3.0,headache,S028
-0.14,2.08,25.32596238709063,-1.0452625224522176,59.43369369254726,30.31,3.0,headache,S028
0.11,2.08,25.666612692479855,-1.0681749830750786,59.015197043424955,30.31,3.0,headache,S028
-0.24,2.1,25.77764531504442,-1.1636691104548467,59.20824550225876,30.31,3.0,headache,S028
0.47,2.1,25.439142316093868,-1.528690522968533,59.265590894144154,30.31,3.0,headache,S028
-0.13,2.11,25.142335059909648,-1.4955002004403062,59.29348526889716,30.31,3.0,headache,S028
-0.43,2.12,25.051674628485998,-1.326432514148557,59.389950945887705,30.31,3.0,headache,S028
0.04,2.13,25.864428443408134,-0.7791783526861218,59.01031636498896,30.31,3.0,headache,S028
0.1,2.13,25.35238678542382,-0.7670904207116636,58.995440090591,30.31,3.0,headache,S028
0.02,2.14,25.39403295916253,-1.082271501094788,59.00534786024327,30.31,3.0,headache,S028
0.37,2.14,25.622103162688084,-0.892876093310524,58.99575075836317,30.31,3.0,headache,S028
-0.06,2.13,25.525814193556343,-1.3883552579344831,58.995872769891356,30.29,3.0,headache,S028
0.36,2.13,25.784205149663745,-1.3676417218889383,59.218058405959,30.29,3.0,headache,S028
-0.75,2.12,25.892349355601826,-1.2948281350358686,59.06301229675087,30.29,3.0,headache,S028
0.26,2.11,25.677936263700808,-1.1876230992357157,58.94897098694724,30.29,3.0,headache,S028
0.11,2.11,25.627624775495367,-0.9224391363871428,59.05577315719494,30.31,3.0,headache,S028
-0.27,2.1,25.468969059687648,-1.0539039840060604,58.92623538717378,30.31,3.0,headache,S028
0.48,2.09,25.630737945951665,-0.9549514548719992,59.15168490985928,30.31,3.0,headache,S028
-0.53,2.1,25.33683457771295,-1.0472322211869995,59.153468279822214,30.31,3.0,headache,S028
0.03,2.09,25.52795338430873,-0.8965591397795163,59.01008447980368,30.31,3.0,headache,S028
0.33,2.08,25.52833629619962,-1.1021768541345063,59.09472888947717,30.31,3.0,headache,S028
-0.57,2.08,25.61990298785641,-1.3459413779570062,59.17489656861533,30.31,3.0,headache,S028
0.09,2.08,25.426928394466973,-0.974960719773171,59.116386289048926,30.31,3.0,headache,S028
0.78,2.08,25.819904126076654,-1.1240650066203548,58.94148629033494,30.31,3.0,headache,S028
-0.6,2.07,25.684930180631,-1.0045044370513898,59.13627890117311,30.31,3.0,headache,S028
-0.04,2.07,25.617041258079908,-1.4239571780231235,59.140039361369226,30.31,3.0,headache,S028
0.57,2.07,25.559870745157475,-1.3999307474852247,59.13330690873058,30.31,3.0,headache,S028
-0.63,2.06,25.4236466848508,-1.0249084412461391,58.98632226035239,30.31,3.0,headache,S028
0.38,2.05,25.590424605878134,-1.085286587711885,59.00737956869872,30.31,3.0,headache,S028
-0.03,2.06,25.654968628697684,-1.1597478129317653,58.99510001120548,30.31,3.0,headache,S028
0.43,2.05,25.23425132805935,-1.057309895327985,59.01105347613492,30.31,3.0,headache,S028
-0.23,2.05,25.890460700925143,-1.078523225166986,59.15802654803158,30.31,3.0,headache,S028
-0.74,2.04,25.72321677392874,-1.0985301770613636,59.07025440053582,30.31,3.0,headache,S028
0.16,2.04,25.629707258810193,-1.2734258919868335,59.0967926648568,30.31,3.0,headache,S028
0.19,2.04,25.83229160595482,-0.9421637755087661,59.207386609653824,30.31,3.0,headache,S028
0.09,2.04,25.89740293779593,-1.1483674822565917,59.06733786011456,30.31,3.0,headache,S028
-0.53,2.03,25.46974974217211,-1.2146073130346682,59.03283844855289,30.31,3.0,headache,S028
0.95,2.04,25.514821924524377,-0.9926446133477735,58.96096365214357,30.31,3.0,headache,S028
-0.38,2.04,25.498660316797892,-1.1769017941846,59.09834186973194,30.31,3.0,headache,S028
-0.06,2.03,25.72332295246825,-1.3057014943694885,59.0635602881501,30.31,3.0,headache,S028
0.18,2.03,25.54220318875035,-1.34105398094977,58.97596321708542,30.31,3.0,headache,S028
-0.38,2.03,25.97083916112424,-1.0509146487182668,59.018907907497415,30.31,3.0,headache,S028
0.53,2.04,25.943151501843715,-1.009351927591924,58.97738817638316,30.31,3.0,headache,S028
-0.31,2.05,25.642982684915726,-1.0945696323665801,59.04913012957052,30.31,3.0,headache,S028
0.09,2.06,25.441228821347067,-1.0523404038130926,59.11514123990147,30.31,3.0,headache,S028
-0.22,2.09,25.25854553003257,-1.0634436435023848,59.1441736201304,30.31,3.0,headache,S028
-0.63,2.09,25.3626693360358,-1.3153119082194562,59.291970406081795,30.31,3.0,headache,S028
1.0,2.08,25.749998052413424,-1.117221858732559,59.03180314452866,30.29,3.0,headache,S028
0.18,2.09,25.30184017203545,-0.9548835518361803,59.321993221680344,30.29,3.0,headache,S028
-0.52,2.08,25.720409948465832,-1.1011911522661015,59.3146453785647,30.29,3.0,headache,S028
0.42,2.07,26.11421051140203,-1.3765950985537567,58.986536618592204,30.29,3.0,headache,S028
-0.54,2.06,25.647548597451824,-1.6663977855576788,59.01514318506802,30.33,3.0,headache,S028
0.73,2.05,26.09906376655907,-1.3523310116804879,58.98469287728117,30.33,3.0,headache,S028
-0.88,2.05,25.979159867373784,-1.1347000961400957,59.01624586642228,30.33,3.0,headache,S028
0.33,2.04,25.917951617136918,-1.2416539465760448,58.982002704637566,30.33,3.0,headache,S028
0.99,2.03,25.42139145072322,-1.4357596074506822,59.020421129290455,30.31,3.0,headache,S028
-0.91,2.03,25.49756517471151,-1.1696303657769784,58.98033821128337,30.31,3.0,headache,S028
-0.22,2.02,25.412387018238853,-1.192785722896029,59.25742135071074,30.31,3.0,headache,S028
-0.22,2.02,25.750373164108186,-0.9879260586328061,58.971031173720256,30.31,3.0,headache,S028
0.2,2.01,25.534660897868534,-1.2661546394475527,59.19406793243837,30.31,3.0,headache,S028
0.08,2.01,25.440734887301144,-1.2545324690021342,59.11317930234442,30.31,3.0,headache,S028
0.09,2.02,25.658517153491125,-1.3891458214784442,58.95893104708275,30.31,3.0,headache,S028
0.48,2.01,25.783467391745553,-1.3365872966505232,59.02061610372496,30.31,3.0,headache,S028
-0.3,2.02,25.83064830816626,-1.1522477463731322,59.10702953216716,30.31,3.0,headache,S028
-0.03,2.02,25.885614367252288,-1.114312573439607,59.01538864844338,30.31,3.0,headache,S028
-0.32,2.02,25.451398977151733,-1.095120653432518,59.02312140294526,30.31,3.0,headache,S028
0.33,2.01,25.81337446643399,-1.256651421954273,59.19453849930774,30.31,3.0,headache,S028
-0.21,2.0,25.532841531115928,-0.9901652451377266,59.173952118378125,30.31,3.0,headache,S028
-0.41,2.0,25.521909180187023,-1.1978531553789207,58.967219888755054,30.31,3.0,headache,S028
0.44,2.0,25.687856541829355,-1.2023964718181155,59.13814991288418,30.31,3.0,headache,S028
-0.14,2.0,25.831019241404963,-0.9531243149975819,58.99626304126993,30.31,3.0,headache,S028
0.71,2.0,25.870174358163187,-1.091196664486352,59.006022209332485,30.31,3.0,headache,S028
-0.1,2.0,25.928897595921267,-1.0725052070437957,58.99247322181929,30.31,3.0,headache,S028
-0.14,2.0,25.707664912954133,-1.2192967537528225,59.00960892595381,30.31,3.0,headache,S028
-0.45,1.98,26.056248634146176,-1.01522692844008,58.987077209849566,30.31,3.0,headache,S028
0.38,1.99,25.83992035907246,-1.0144223176553135,59.01894808313676,30.31,3.0,headache,S028
-0.38,1.99,25.878763879400044,-1.0298967651675597,58.96658791979123,30.31,3.0,headache,S028
0.25,1.98,25.633120872270002,-1.2444790090801419,59.15724417973471,30.31,3.0,headache,S028
-0.28,1.98,25.410691951718988,-1.9560059891958588,59.26719939814356,30.31,3.0,headache,S028
0.36,1.98,25.627469017598024,-1.700677131830541,58.957716156131525,30.31,3.0,headache,S028
-0.17,1.98,25.972018959482856,-1.0891448822896557,59.024705332200696,30.31,3.0,headache,S028
-0.36,1.97,25.85293844851506,-0.8139737924207519,58.98334231065924,30.31,3.0,headache,S028
0.68,1.97,26.026181387069297,-0.8543666719270301,59.00725987560656,30.31,3.0,headache,S028
-0.12,1.96,25.815137002244303,-1.1586309196078708,59.05210089501664,30.31,3.0,headache,S028
-0.5,1.96,25.26663221620613,-1.4373721607539036,59.40386334149069,30.31,3.0,headache,S028
0.34,1.95,25.86609355442458,-1.349233253608343,59.03420839627429,30.31,3.0,headache,S028
-0.04,1.98,26.15547654973742,-1.5107770864486705,58.588169000689994,30.31,3.0,headache,S028
0.04,1.97,25.5744083882039,-1.3236216100066729,59.29016467982986,30.31,3.0,headache,S028
-0.02,1.97,26.045058721991353,-0.6975210781896136,59.1876219549568,30.31,3.0,headache,S028
0.18,1.98,25.31780447497848,-0.7270050889929881,59.29039562947306,30.31,3.0,headache,S028
-0.27,1.97,24.678105997253024,-1.4284894864364241,59.53862872562015,30.31,3.0,headache,S028
0.46,1.99,24.921124772759942,-0.8913451102117034,59.50585004036083,30.31,3.0,headache,S028
-0.3,2.01,25.303295032493732,-1.4306212604852393,59.349184498046355,30.31,3.0,headache,S028
-0.19,2.02,25.005154571976153,-0.9171597173338052,59.29371132526357,30.31,3.0,headache,S028
0.02,2.04,25.091190493709647,-1.3052868251600063,59.27226093333458,30.31,3.0,headache,S028
0.01,2.05,25.816348712822315,-0.05172026363588376,59.07784797289818,30.31,3.0,headache,S028
0.17,2.06,25.931890231439514,-0.2530521226501077,58.98269649881378,30.31,3.0,headache,S028
0.1,2.08,25.87655951567206,-1.3818095877053378,59.65015097635766,30.31,3.0,headache,S028
-0.16,2.09,25.24072053519823,-1.9806313348117943,59.42147388430711,30.31,3.0,headache,S028
0.32,2.1,25.423119697521546,-1.7246407500075955,59.09234899751815,30.31,3.0,headache,S028
-0.14,2.1,25.487760788314038,-0.8992862771808415,59.29088699145334,30.31,3.0,headache,S028
0.22,2.1,25.54398162192626,-0.6053712838408682,59.58011762659423,30.31,3.0,headache,S028
-0.47,2.09,25.38983517145755,-0.7017882006484722,59.19828639445004,30.31,3.0,headache,S028
-0.08,2.07,25.121994094377733,-1.03760144823996,59.082110524524715,30.31,3.0,headache,S028
0.44,2.06,25.4003880968217,-0.9751307019050133,59.11915937452644,30.31,3.0,headache,S028
0.1,2.05,25.212926528526943,-1.483785841937921,59.432399418126245,30.31,3.0,headache,S028
-0.24,2.04,24.89329279431186,-1.449190810516466,59.31376927393902,30.31,3.0,headache,S028
0.0,2.03,25.39434336027667,-1.4676395941338798,58.96845236516004,30.31,3.0,headache,S028
-0.56,2.02,25.202183591837574,-1.1394632388070949,59.62838442022919,30.31,3.0,headache,S028
0.53,2.01,25.12875752989324,-0.9510799385723814,59.26318226218339,30.31,3.0,headache,S028
0.34,2.01,25.03244752402795,-1.038528545463853,58.972631529477994,30.31,3.0,headache,S028
-0.15,2.01,25.10804422657677,-1.0703606729609079,59.48583911430257,30.35,3.0,headache,S028
-0.96,2.0,25.000701567400974,-1.1353237735234376,59.13997021340852,30.35,3.0,headache,S028
0.86,2.0,25.338272550094565,-1.4754714568611154,59.07362329040062,30.35,3.0,headache,S028
-0.18,2.0,25.105465137320483,-0.8707921332418941,59.06537174357651,30.35,3.0,headache,S028
0.48,1.99,25.925433792969205,-1.540470281701528,59.105049160165265,30.33,3.0,headache,S028
-0.46,1.98,25.62816178704819,-1.1863265481105993,58.99181211294258,30.33,3.0,headache,S028
0.41,1.98,25.14755492506649,-1.4639509046978374,59.0379377769897,30.33,3.0,headache,S028
-0.4,1.97,25.511404233029495,-1.0935805532257465,59.121990247804995,30.33,3.0,headache,S028
0.45,1.97,25.373907056306436,-1.4343847524711673,59.09131892691351,30.33,3.0,headache,S028
-0.1,1.96,25.910397663566584,-1.549535933036828,59.01044545462522,30.33,3.0,headache,S028
-0.3,1.96,25.635799067792746,-1.5724609199644701,58.989832716871945,30.33,3.0,headache,S028
-0.23,1.95,25.847027517505097,-1.7885771188483004,59.009128249880604,30.33,3.0,headache,S028
0.54,1.96,25.822275741749788,-1.4431648686741654,58.99157587251585,30.31,3.0,headache,S028
-0.27,1.95,25.772256259977038,-1.5201808770306782,59.008205297093795,30.31,3.0,headache,S028
0.02,1.94,25.76808372456008,-1.2245562881468948,58.991073036443595,30.31,3.0,headache,S028
-0.48,1.94,25.586760682886318,-1.0008685018305006,59.01550642412965,30.31,3.0,headache,S028
-0.37,1.94,25.18435938911068,-1.204744447780295,59.31267856526522,30.33,3.0,headache,S028
0.81,1.94,25.654535018808726,-1.0641077379095565,59.27094311380389,30.33,3.0,headache,S028
-0.04,1.95,25.358000987674664,-1.4920378242545453,59.041847001342816,30.33,3.0,headache,S028
-0.17,1.94,25.66739846016126,-1.1323763978437433,59.183702907219654,30.33,3.0,headache,S028
-0.08,1.94,25.30148617111304,-1.4309459159769025,59.06408798595601,30.33,3.0,headache,S028
0.03,1.94,25.54089589630768,-1.2970577518374837,58.990399281991635,30.33,3.0,headache,S028
0.47,1.94,26.004761812612323,-1.3412864666125375,58.99202109041571,30.33,3.0,headache,S028
-0.05,1.93,25.950662267179744,-1.1902090244646943,59.05816370429578,30.33,3.0,headache,S028
-0.25,1.92,25.840199663931507,-1.3249592671948789,59.10004391227561,30.31,3.0,headache,S028
-0.11,1.91,25.965341154680626,-1.232374947493079,59.07260132714345,30.31,3.0,headache,S028
-0.05,1.91,25.71103993928245,-1.2311044035951635,59.07517629577824,30.31,3.0,headache,S028
0.12,1.91,25.790840557268417,-1.0100741739731633,59.091085009620535,30.31,3.0,headache,S028
0.22,1.9,25.738761923985418,-1.1365950105574314,58.97289825538301,30.33,3.0,headache,S028
-0.37,1.9,25.615641930443676,-1.080839207417496,59.064624643915096,30.33,3.0,headache,S028
-0.24,1.91,26.119127397988212,-1.1059376034604371,59.10035499653174,30.33,3.0,headache,S028
0.7,1.93,25.816100850796367,-1.1820103685697174,58.94827615899075,30.33,3.0,headache,S028
-0.14,1.94,25.406608436044912,-1.1439068455978627,59.11876788908033,30.31,3.0,headache,S028
-0.48,1.97,25.806535249983295,-1.4629203523911558,59.141851042854,30.31,3.0,headache,S028
0.44,1.97,25.753088080643685,-0.9282575574068263,59.01960644535064,30.31,3.0,headache,S028
-0.03,1.97,25.895490073721778,-1.3556053199335534,59.022590688254716,30.31,3.0,headache,S028
-0.03,1.97,25.65532038302635,-1.7053793081996675,59.20388224673541,30.31,3.0,headache,S028
0.08,1.96,26.102557641785744,-0.8262851769178118,59.00816018170513,30.31,3.0,headache,S028
-0.04,1.95,25.590987452836078,-1.3138838248969336,59.02919530885541,30.31,3.0,headache,S028
-0.23,1.94,26.369742043100235,-1.2105639753729687,58.94654577693959,30.31,3.0,headache,S028
0.05,1.93,25.336724532096728,-1.3587638946889222,59.16269317876446,30.33,3.0,headache,S028
-0.17,1.92,24.93262889953328,-1.2049050802060877,59.45942808201806,30.33,3.0,headache,S028
0.83,1.92,26.01179323207832,-1.1981430795301033,59.283909047518414,30.33,3.0,headache,S028
-0.6,1.9,25.67795069669227,-1.3178929561982187,59.00200030640621,30.33,3.0,headache,S028
0.41,1.9,25.76492096079283,-1.1956402363042515,59.00531720762795,30.33,3.0,headache,S028
-0.21,1.9,25.9463694437739,-1.6928080360330773,58.98805886988763,30.33,3.0,headache,S028
0.12,1.9,26.378743081355662,-1.681521857508587,59.02636923927774,30.33,3.0,headache,S028
-0.24,1.89,27.125343009874545,-2.095420929662416,58.97307533743342,30.33,3.0,headache,S028
-0.17,1.89,27.21119747747724,-1.492710900926952,58.671627442013175,30.33,3.0,headache,S028
0.55,1.88,27.106466387913233,-1.8603378162805948,58.96962220403112,30.33,3.0,headache,S028
-0.04,1.88,27.206214041981017,-1.985598673315414,58.61222531203741,30.33,3.0,headache,S028
-0.05,1.88,27.65674685119436,-2.1715644349193157,58.433645948460324,30.33,3.0,headache,S028
-0.58,1.88,27.045695934209267,-1.9631034001155923,58.88435590294098,30.33,3.0,headache,S028
0.21,1.89,27.201000584685588,-2.111851588556291,58.60235493582771,30.33,3.0,headache,S028
0.34,1.9,27.33406405879522,-1.8857915324296715,58.27203697072609,30.33,3.0,headache,S028
-0.59,1.91,27.282264685348203,-1.6422834797487793,58.646151480039244,30.33,3.0,headache,S028
0.02,1.93,27.364425139708857,-2.045787540653594,58.55729619349029,30.31,3.0,headache,S028
0.03,1.95,27.133213335712224,-1.6549243354363037,58.91757607572208,30.31,3.0,headache,S028
-0.4,1.96,26.950144163654063,-1.5454435946879128,58.91787973586225,30.31,3.0,headache,S028
0.96,1.96,26.399951201546333,-2.211695479767957,59.04416348742379,30.31,3.0,headache,S028
-0.63,1.97,26.799363579765338,-1.730840388866132,58.949409418679465,30.33,3.0,headache,S028
0.25,1.97,26.658566382971646,-1.2705932745582473,58.896533496094605,30.33,3.0,headache,S028
0.02,1.96,26.33817926082512,-1.825453956331512,59.013170168625706,30.33,3.0,headache,S028
-0.19,1.96,26.517333454614896,-1.610735075289157,58.99311358235108,30.33,3.0,headache,S028
0.61,1.95,26.573094058223003,-1.5987615953492633,59.00588303023132,30.31,3.0,headache,S028
-0.07,1.95,26.701911065802907,-1.5656994924351468,58.99368696271334,30.31,3.0,headache,S028
-0.23,1.94,26.62573723443127,-1.959820185507577,59.007442554622266,30.31,3.0,headache,S028
-0.07,1.93,26.280448730853575,-1.8877257297595225,58.990797969875175,30.31,3.0,headache,S028
0.02,1.93,26.465494994874796,-1.4789120073639286,59.011917710791,30.33,3.0,headache,S028
0.04,1.92,25.876194208989926,-1.7565435150008581,58.98330235012493,30.33,3.0,headache,S028
0.16,1.91,26.63427565493115,-1.669021249999268,59.027997835869336,30.33,3.0,headache,S028
-0.21,1.9,26.33842708537941,-1.8991223213283317,58.90496858585584,30.33,3.0,headache,S028
0.12,1.9,26.211953675811987,-2.771111052882641,58.93690167915384,30.33,3.0,headache,S028
0.2,1.9,26.669836845230652,-1.7370086327932028,59.024282217670425,30.33,3.0,headache,S028
-0.19,1.88,26.636586381322292,-1.3066462948190214,58.98259808265343,30.33,3.0,headache,S028
-0.16,1.88,26.938095593253262,-0.9116904425667253,59.020300908847105,30.33,3.0,headache,S028
0.28,1.88,26.76353860237527,-1.4445514006578732,58.87795965560018,30.33,3.0,headache,S028
-0.41,1.87,26.420079729211306,-1.643653645639524,58.97838509022796,30.33,3.0,headache,S028
-0.26,1.86,26.295640906370387,-2.275865260332202,59.0112459492376,30.33,3.0,headache,S028
0.26,1.87,26.502340803989114,-2.154452845008801,58.991366543026366,30.33,3.0,headache,S028
-0.01,1.87,26.530731822567358,-1.9229841807702293,59.0072800941773,30.33,3.0,headache,S028
0.32,1.87,26.493055510004723,-2.028465214223999,58.99454883528283,30.33,3.0,headache,S028
0.2,1.87,26.098666879382087,-1.741599883950762,58.99907934048383,30.33,3.0,headache,S028
-0.12,1.87,27.239377982160526,-0.8414661540579516,58.86336502628389,30.33,3.0,headache,S028
-0.1,1.88,26.51710991529573,-1.950347700085473,59.02612043009701,30.31,3.0,headache,S028
-0.06,1.88,26.720640636687488,-1.5650149930658304,58.977428947077975,30.31,3.0,headache,S028
-0.43,1.89,26.34469780493102,-2.012488418774304,59.02301775648091,30.31,3.0,headache,S028
-0.38,1.89,25.99086178730048,-2.1499869153642512,58.97461004305579,30.31,3.0,headache,S028
1.16,1.9,26.49493816942361,-1.8443856396741238,59.030244737551165,30.33,3.0,headache,S028
-0.16,1.89,26.463912218159454,-1.8369016707875714,58.9586829916638,30.33,3.0,headache,S028
0.32,1.88,26.174599245265117,-2.1989954206837403,59.092051329130236,30.33,3.0,headache,S028
-0.81,1.87,26.134362851723328,-2.1421273677986825,59.06543048961859,30.33,3.0,headache,S028
-0.09,1.87,26.76343128597491,-1.6202905190459405,58.99328411059711,30.33,3.0,headache,S028
0.67,1.86,26.226047519698476,-1.8832372590529332,58.99258537449884,30.33,3.0,headache,S028
-0.11,1.86,26.120682727094106,-1.7943762502537395,59.01758400516558,30.33,3.0,headache,S028
-0.62,1.86,26.042070864143064,-0.9091645901531965,58.96743734129219,30.33,3.0,headache,S028
-0.12,1.85,26.046289953733353,-1.940141227602308,59.10349764069804,30.33,3.0,headache,S028
0.39,1.85,25.659033956486592,-1.4529103700960655,59.050873751374446,30.33,3.0,headache,S028
-0.08,1.86,25.923942913808418,-1.8329824786255842,58.992397335965165,30.33,3.0,headache,S028
0.23,1.88,25.84306559825134,-1.430935120847167,58.991765532970135,30.33,3.0,headache,S028
0.24,1.89,26.148489529167037,-1.2181873036191657,59.032667569092844,30.33,3.0,headache,S028
-0.33,1.88,25.970029156223752,-1.654370479153573,59.11232034902513,30.33,3.0,headache,S028
0.06,1.89,25.64939563181791,-1.1857033650570055,58.98205764217179,30.33,3.0,headache,S028
0.35,1.89,25.966239156203525,-1.3023307251177754,59.020603543820684,30.33,3.0,headache,S028
-0.44,1.89,25.524939743100138,-1.494603923411668,59.31142531551157,30.33,3.0,headache,S028
-0.45,1.88,25.840114683383845,-1.2130295834329587,59.02555595437149,30.33,3.0,headache,S028
0.44,1.89,25.40329220515842,-1.113952865542462,59.17281987370601,30.33,3.0,headache,S028
0.44,1.89,26.197860957048206,-1.4368077653002258,59.1305916220351,30.33,3.0,headache,S028
-0.04,1.89,25.349141723384825,-1.0003910851320295,58.9521626047122,30.33,3.0,headache,S028
-0.4,1.89,25.56942917008488,-1.411732136728827,59.02915097187793,30.33,3.0,headache,S028
0.48,1.89,26.04197313077117,-0.8372017810597313,58.97866716626321,30.33,3.0,headache,S028
-0.51,1.89,25.419529716714038,-1.675787225417945,59.137996835176985,30.33,3.0,headache,S028
-0.29,1.88,25.89833565594446,-1.43598652756952,58.993786552496736,30.33,3.0,headache,S028
0.58,1.87,26.334628519438876,-1.5443917398408742,59.00379818082874,30.33,3.0,headache,S028
-0.33,1.87,25.85978873280429,-1.1459116936988538,59.00004849856322,30.33,3.0,headache,S028
0.47,1.86,26.181879802293633,-1.58337746554126,58.9925524995395,30.33,3.0,headache,S028
0.16,1.86,25.826859079218334,-1.2726472693115456,59.05297847658311,30.33,3.0,headache,S028
-0.85,1.85,26.087161140049595,-1.3073752450606813,59.07183718816956,30.33,3.0,headache,S028
0.29,1.85,26.18292241496884,-0.9962865371748768,58.837936389806316,30.33,3.0,headache,S028
0.14,1.85,25.989656654375167,-1.6947406067094097,59.21277415615019,30.33,3.0,headache,S028
0.63,1.85,25.83199744532728,-1.3291358713175758,59.140937414075445,30.35,3.0,headache,S028
-0.76,1.85,25.729295866164613,-1.5543529414491606,59.27071671343233,30.35,3.0,headache,S028
0.12,1.85,25.903097826667846,-1.180857059370501,59.112789336189365,30.35,3.0,headache,S028
-0.36,1.85,26.13714721161952,-1.476586944440657,59.0771905968215,30.35,3.0,headache,S028
0.48,1.85,26.062741630657303,-1.13893148958802,59.12445688464314,30.35,3.0,headache,S028
-0.08,1.84,25.774122957113548,-1.5270641517391865,59.05273811878752,30.35,3.0,headache,S028
-0.14,1.84,25.62532458997675,-1.0634899112270115,59.17028882764981,30.35,3.0,headache,S028
0.29,1.84,26.21437575475847,-1.240704399134911,59.1461600122381,30.35,3.0,headache,S028
-0.19,1.82,25.83339776801711,-1.2071083806820724,58.986422621033455,30.31,3.0,headache,S028
-0.19,1.82,25.805113001492213,-1.4805622533277074,59.10209147303589,30.31,3.0,headache,S028
0.72,1.82,25.77432931195884,-1.23900191159972,59.2046749504439,30.31,3.0,headache,S028
-0.35,1.81,25.5979274584607,-1.4730104249267542,59.214445884622876,30.31,3.0,headache,S028
-0.34,1.81,25.924785466591608,-1.3727344622132136,58.96330443937544,30.33,3.0,headache,S028
0.41,1.8,26.11661156022465,-1.2629661041222715,59.02497854780606,30.33,3.0,headache,S028
-0.74,1.8,25.71947276010704,-1.5874628707469798,58.98005237306358,30.33,3.0,headache,S028
0.13,1.8,25.95160914486832,-1.8160753967845997,59.01835094432806,30.33,3.0,headache,S028
0.37,1.79,26.047659619693217,-1.3680430863586512,58.979195969745106,30.33,3.0,headache,S028
0.63,1.79,25.874975688303845,-1.807764081598988,59.03814336273479,30.33,3.0,headache,S028
-0.24,1.78,25.977768906817957,-1.4279463716652423,59.11264614611007,30.33,3.0,headache,S028
-0.46,1.78,26.037515175446032,-1.5526887834965988,58.97810217763465,30.33,3.0,headache,S028
-0.06,1.77,25.822688536142334,-1.5533649253854236,59.01372690161997,30.33,3.0,headache,S028
0.11,1.78,26.002215551057496,-1.6367264656175389,58.98862567643557,30.33,3.0,headache,S028
-0.46,1.77,26.136219320382875,-1.532218929933466,59.01057963182962,30.33,3.0,headache,S028
0.52,1.77,26.228312954847123,-1.597550637725966,58.98976279703588,30.33,3.0,headache,S028
0.57,1.76,25.949804839868744,-1.6307835622074043,59.00967688874228,30.33,3.0,headache,S028
-0.62,1.76,25.829460224496913,-1.3588069385508528,58.992239645936884,30.33,3.0,headache,S028
0.19,1.76,25.881340463662482,-1.5905394853878605,59.000083894590865,30.33,3.0,headache,S028
-0.46,1.76,25.96625154534115,-1.2501993481818037,59.0845595511446,30.33,3.0,headache,S028
0.02,1.75,25.601524092019936,-1.2002697031683023,59.07033343513355,30.33,3.0,headache,S028
0.78,1.75,26.085401584139817,-1.526880556359113,58.9483297469148,30.33,3.0,headache,S028
-0.73,1.75,25.304366226558447,-1.5826456639862285,59.04876887326519,30.33,3.0,headache,S028
0.3,1.74,26.22078550661832,-1.4348541514776512,58.966454816109824,30.33,3.0,headache,S028
0.11,1.74,24.604645074201436,-1.3505079153799566,59.17347153770875,30.33,3.0,headache,S028
0.06,1.74,34.86226110569645,0.4881280132190111,54.70407432389979,30.33,3.0,headache,S028
-0.67,1.73,28.798297771716918,-1.4727282751423054,57.36458394967991,30.33,3.0,headache,S028
0.46,1.73,28.340998667107467,-1.4156444796158867,58.11514854686687,30.33,3.0,headache,S028
0.48,1.72,29.23230447048666,-1.0475252497426912,57.66767081725426,30.33,3.0,headache,S028
0.19,1.73,28.46720413725505,-1.3346694035221134,58.10228627575813,30.33,3.0,headache,S028
0.12,1.72,28.830792964442768,-1.4307814246942356,57.927092415232224,30.33,3.0,headache,S028
-1.01,1.72,28.47814636316332,-1.3696415771141424,58.06078946608714,30.33,3.0,headache,S028
0.09,1.71,28.569033357170525,-1.21796939748293,57.94092231121122,30.35,3.0,headache,S028
-0.16,1.72,28.20640520855847,-1.418444484634428,58.08654095992551,30.35,3.0,headache,S028
0.08,1.72,28.33543544065357,-1.3588392583158706,58.075361381761034,30.35,3.0,headache,S028
0.3,1.72,27.97400550508257,-1.1442340242006597,57.993142026898816,30.35,3.0,headache,S028
-0.24,1.72,28.34305734181197,-1.0259964761994067,57.99967859698432,30.33,3.0,headache,S028
0.13,1.73,28.017763335489306,-1.2448290891664018,58.001054382612395,30.33,3.0,headache,S028
-0.02,1.73,28.29183156229789,-1.197067050256118,58.0003733381675,30.33,3.0,headache,S028
-0.28,1.72,27.880547773767614,-1.3417203245628944,57.99680994194242,30.33,3.0,headache,S028
0.75,1.72,28.150025835237926,-1.3525006261856318,58.00765383590672,30.35,3.0,headache,S028
-0.46,1.71,28.230755778208295,-1.1655377586972924,57.98477352567647,30.35,3.0,headache,S028
0.21,1.71,28.47657495520277,-1.5963608536386587,58.03248981179566,30.35,3.0,headache,S028
-0.44,1.7,28.3941278331798,-1.1869558959664508,58.084252500491125,30.35,3.0,headache,S028
0.34,1.69,28.486434798704988,-1.8752209572622438,58.0605749478932,30.33,3.0,headache,S028
-0.07,1.7,28.269772418902793,-1.367449834731802,58.11462584846141,30.33,3.0,headache,S028
0.41,1.7,28.502732265188804,-1.539434506419425,57.94740648328357,30.33,3.0,headache,S028
-0.5,1.68,28.68329156586412,-1.0355935376720247,58.036327328806955,30.33,3.0,headache,S028
-0.35,1.68,28.40436679552065,-1.5395368355761043,57.97146798651555,30.33,3.0,headache,S028
0.14,1.69,28.181595821434342,-1.6936429453173378,58.02382834690838,30.33,3.0,headache,S028
0.39,1.7,28.383408268664564,-1.3719503121970027,57.97939322901458,30.33,3.0,headache,S028
-0.32,1.7,28.20956110543358,-1.5212565404217715,58.0182124833001,30.33,3.0,headache,S028
0.64,1.72,28.390301583964593,-1.1108955723567226,57.9836733385102,30.33,3.0,headache,S028
-0.7,1.73,28.119777996258627,-1.5456702894547196,58.014773800293604,30.33,3.0,headache,S028
-0.41,1.74,28.093781473768317,-1.3995204519652744,57.986552330951696,30.33,3.0,headache,S028
0.76,1.74,28.126485032356882,-1.5864475908005724,58.01227827997521,30.33,3.0,headache,S028
0.6,1.74,28.40907037207058,-1.457902308238829,57.98878484748963,30.33,3.0,headache,S028
-0.85,1.73,28.28342054591177,-1.5687094684257537,58.01021747049165,30.33,3.0,headache,S028
0.47,1.72,28.483992436892194,-1.6150298127267924,57.990753270980626,30.33,3.0,headache,S028
-0.33,1.71,28.18537891117007,-1.4358364976357185,58.00825875695054,30.33,3.0,headache,S028
-0.24,1.71,28.64679862580852,-1.4444841386995306,57.99280926105221,30.33,3.0,headache,S028
0.22,1.7,28.049834988243013,-1.325510113390952,58.005932436330205,30.33,3.0,headache,S028
0.23,1.7,28.31125117592748,-1.690047719607075,57.995755490614414,30.33,3.0,headache,S028
-0.08,1.69,28.527978934117115,-1.2949236596095728,58.00144850521963,30.33,3.0,headache,S028
-0.42,1.69,28.127204994366572,-1.4121757156117793,58.005526569116945,30.35,3.0,headache,S028
0.2,1.69,28.46127722923738,-1.667666915164044,57.88688111249221,30.35,3.0,headache,S028
-0.06,1.69,28.27335506479092,-1.4166858779073142,57.97345835382479,30.35,3.0,headache,S028
0.38,1.69,28.3104801567825,-1.6543657388510955,58.016589574937235,30.35,3.0,headache,S028
0.0,1.69,28.317563902726857,-1.5227069091327707,57.986323755577,30.33,3.0,headache,S028
-0.08,1.69,28.457529205684914,-1.4628101070468151,58.01257666295623,30.33,3.0,headache,S028
-0.15,1.69,28.50654690641661,-1.7752942602030053,57.98743217431645,30.33,3.0,headache,S028
-0.08,1.69,27.81692613606223,-1.565294563507341,58.013919211569394,30.33,3.0,headache,S028
-0.38,1.68,28.59195808538579,-1.6706228125567937,57.9815916117315,30.35,3.0,headache,S028
0.42,1.68,28.47559286781806,-1.6528553045663985,58.03805205471017,30.35,3.0,headache,S028
0.03,1.68,28.509185907124714,-1.654539158009085,58.11289328881868,30.35,3.0,headache,S028
0.57,1.68,28.164697663998904,-1.7415834514906468,57.97646844535284,30.35,3.0,headache,S028
-0.09,1.68,28.663630785551824,-1.4288893094724253,58.015296337360574,30.33,3.0,headache,S028
-1.18,1.67,28.402668012979408,-1.6646514269696921,57.98644944293377,30.33,3.0,headache,S028
0.55,1.67,28.194069806204702,-1.9560518187876772,58.01426498173928,30.33,3.0,headache,S028
0.6,1.66,28.38193191299186,-1.5029260022940116,57.982938081555695,30.33,3.0,headache,S028
-0.04,1.66,28.29643723304279,-1.3864297016283944,58.0237114644096,30.33,3.0,headache,S028
-1.26,1.66,28.637096688191484,-1.3268708993123906,57.89727615005089,30.33,3.0,headache,S028
0.53,1.66,28.3175492057467,-1.4491328813145927,57.98539742950153,30.33,3.0,headache,S028
0.39,1.65,28.605618693479926,-1.2756139670584496,58.11818231891278,30.33,3.0,headache,S028
0.11,1.66,28.55736185182931,-1.3800011280561442,57.97990870617561,30.33,3.0,headache,S028
0.3,1.67,28.51213223394097,-1.6896036180102645,58.004880330991256,30.33,3.0,headache,S028
-0.36,1.67,28.497942915786368,-2.2022109263638887,58.005623120394205,30.33,3.0,headache,S028
-0.24,1.68,28.200368996369566,-1.382878913800272,57.97873294115103,30.33,3.0,headache,S028
0.82,1.68,28.588530392123644,-0.9313310280938625,58.09934408307565,30.33,3.0,headache,S028
-1.34,1.68,28.233806700760802,-1.301257926373407,58.21334995687638,30.33,3.0,headache,S028
0.44,1.67,28.001667984861935,-1.4777547198532246,58.087165835988586,30.33,3.0,headache,S028
0.05,1.67,28.140502930383725,-0.8810968674319868,57.98067671241436,30.33,3.0,headache,S028
0.02,1.67,28.746432051687666,-1.335750464407553,58.00372304877808,30.35,3.0,headache,S028
0.24,1.67,29.202188044562092,-1.1650393299553194,57.783654553728645,30.35,3.0,headache,S028
-0.08,1.66,28.484125294254,-1.4434218000159602,58.06413862778311,30.35,3.0,headache,S028
0.3,1.65,28.820594663845856,-1.859928685546355,58.16852983030716,30.35,3.0,headache,S028
-0.24,1.66,27.638261197542672,-2.6432976307884988,57.92273315226597,30.35,3.0,headache,S028
-0.32,1.66,27.300188708789,-2.7366865916458814,58.16262400358787,30.35,3.0,headache,S028
0.52,1.66,28.772187086123065,-1.7552852608798049,58.02060033520669,30.35,3.0,headache,S028
-0.25,1.68,28.36516029968518,-1.2490022725405332,58.02281679754514,30.35,3.0,headache,S028
0.06,1.69,28.290356961457046,-1.348973764006925,57.97098618154507,30.35,3.0,headache,S028
-0.18,1.69,28.24218215838254,-1.3875186513149222,58.0329937472217,30.35,3.0,headache,S028
-0.37,1.69,28.40242143243906,-0.7704906386340048,57.95903715462656,30.35,3.0,headache,S028
0.13,1.69,28.075473621729948,-1.3609999936212278,58.07644457931024,30.35,3.0,headache,S028
-0.0,1.68,27.935131136551092,-1.2825282416083517,58.080697911343925,30.35,3.0,headache,S028
0.49,1.68,28.062854407497614,-1.849512631552169,57.99275244459779,30.35,3.0,headache,S028
-0.08,1.67,27.979597529344442,-1.7625333487247956,58.36928848519749,30.35,3.0,headache,S028
0.2,1.67,28.455624874814966,-1.2504819043000173,58.00695125905592,30.35,3.0,headache,S028
-0.06,1.67,28.221047237767383,-1.5937556181638266,57.99391208007121,30.33,3.0,headache,S028
-0.01,1.66,28.512747276736388,-1.602055072307536,58.00683589624714,30.33,3.0,headache,S028
-0.42,1.65,28.249853808724126,-1.5553717958510893,57.99212384152467,30.33,3.0,headache,S028
0.76,1.65,27.93146003458568,-1.358784610308486,58.010016056816625,30.33,3.0,headache,S028
-0.61,1.64,28.322001672712187,-1.5248436423164071,57.982386991277956,30.35,3.0,headache,S028
-0.49,1.64,28.11729922608115,-1.8869721325175275,58.110284489233514,30.35,3.0,headache,S028
0.53,1.64,27.7439689646344,-0.9664301611860969,58.27950160813265,30.35,3.0,headache,S028
-0.03,1.64,28.373380997537495,-2.57128256370813,58.14745125786717,30.35,3.0,headache,S028
0.04,1.64,28.119284912735512,-1.0820632558892918,57.960666279812216,30.37,3.0,headache,S028
0.15,1.64,28.170419212738526,-1.682682509578806,58.023723088326896,30.37,3.0,headache,S028
0.09,1.63,28.086618557276996,-1.4305177610793696,57.982483644238656,30.37,3.0,headache,S028
-0.39,1.63,28.15001868679582,-2.0089159077116596,58.01311293094904,30.37,3.0,headache,S028
0.59,1.63,28.079221791752104,-1.7081453912448705,57.994419221190306,30.33,3.0,headache,S028
-0.23,1.62,28.586657142761656,-1.904973504739145,57.923899473520386,30.33,3.0,headache,S028
-0.32,1.62,28.844949621799536,-1.3099950190894543,57.87485292304722,30.33,3.0,headache,S028
0.07,1.62,28.374669724769802,-1.9700717155579492,57.94192967233534,30.33,3.0,headache,S028
0.3,1.62,28.24583919256675,-1.769068307313814,58.01721609979538,30.37,3.0,headache,S028
-0.51,1.61,28.655025295566148,-1.7205201340837897,57.96896682317379,30.37,3.0,headache,S028
0.08,1.61,28.124666095472538,-1.9189574699099337,57.87743194927995,30.37,3.0,headache,S028
0.46,1.61,28.789467049869092,-1.3255409494838821,58.03516340555231,30.37,3.0,headache,S028
0.07,1.61,28.237004128905603,-2.0617835450811293,57.97320427582632,30.33,3.0,headache,S028
-0.48,1.6,27.802679138330785,-1.403190723236042,58.024702160105036,30.33,3.0,headache,S028
-0.17,1.61,28.561437832318195,-1.6990545595037472,57.97511937014642,30.33,3.0,headache,S028
0.26,1.62,28.264958054619665,-1.2615567002199113,58.026861537468065,30.33,3.0,headache,S028
-0.2,1.62,28.387788899585583,-2.0015870081768368,57.96830368385366,30.35,3.0,headache,S028
0.31,1.62,27.85895249514011,-1.4782245278253,58.04569528602817,30.35,3.0,headache,S028
0.06,1.62,28.142243495168678,-1.8368885817325034,58.08278775083086,30.35,3.0,headache,S028
-0.06,1.62,27.83131187570425,-2.177009688886788,58.09719721281706,30.35,3.0,headache,S028
-0.47,1.61,28.406245765003824,-1.1045770871734846,58.05178891397554,30.35,3.0,headache,S028
0.43,1.6,28.635130108765356,-1.6324582966684578,57.988742524444035,30.35,3.0,headache,S028
-0.28,1.6,28.372659367792043,-1.2337412259603737,57.99350849737684,30.35,3.0,headache,S028
0.22,1.6,28.228091311290296,-1.7945151398191685,58.060853494062336,30.35,3.0,headache,S028
0.24,1.59,28.055084881076866,-1.9441123462480008,58.103017751864286,30.33,3.0,headache,S028
-0.35,1.58,28.07095048105067,-1.5590580488305015,57.933428931186356,30.33,3.0,headache,S028
0.18,1.59,28.048709469538725,-1.432059741450369,58.14135183075971,30.33,3.0,headache,S028
-0.7,1.58,28.37992056122917,-2.0037534525634784,58.198843323233845,30.33,3.0,headache,S028
0.56,1.58,27.76951832792877,-1.309043588551354,58.08659584665551,30.37,3.0,headache,S028
-0.83,1.57,27.89291203754149,-2.0998362747241486,58.24325601896933,30.37,3.0,headache,S028
1.23,1.58,28.03110822990756,-1.6418316742659866,58.107172400376705,30.37,3.0,headache,S028
-0.26,1.58,27.98010668350905,-1.7226194578802356,58.01589535479423,30.37,3.0,headache,S028
-0.15,1.57,28.017762460282313,-1.793369711988617,57.98459380667178,30.37,3.0,headache,S028
0.86,1.56,27.98140569666291,-1.8856931269891994,58.015234725496946,30.37,3.0,headache,S028
-0.31,1.57,28.020627857854972,-1.8954478567680395,57.984518332791254,30.37,3.0,headache,S028
-0.36,1.56,27.986444343963246,-1.9583773418282036,58.01618188019442,30.37,3.0,headache,S028
-0.3,1.56,28.19213314455978,-2.0117871185751466,57.982484035072986,30.35,3.0,headache,S028
0.11,1.55,28.480064073366773,-1.8845125921461623,58.02009995028932,30.35,3.0,headache,S028
0.37,1.56,28.10852999266495,-1.5223567151256527,57.97319530707841,30.35,3.0,headache,S028
-0.06,1.56,28.201507292493876,-1.9086574262046578,58.13757643964724,30.35,3.0,headache,S028
-0.57,1.55,28.256074680755,-1.674960958485624,58.12589090631998,30.35,3.0,headache,S028
0.31,1.56,28.15896674991187,-1.9399118734021057,58.007645049400516,30.35,3.0,headache,S028
0.32,1.58,28.16830483330324,-1.556243431059916,57.98786934722363,30.35,3.0,headache,S028
-0.13,1.59,27.7273971448258,-1.951779369668753,58.01353117368981,30.35,3.0,headache,S028
0.05,1.59,28.066646185991228,-1.9397418632703882,58.08240175951506,30.37,3.0,headache,S028
-0.22,1.59,28.027198774659983,-1.806483543815631,58.114741980975,30.37,3.0,headache,S028
-0.41,1.6,28.02085896067335,-1.8046148998862386,58.04240208202087,30.37,3.0,headache,S028
0.05,1.6,28.176341931358817,-1.6967506234806895,58.09875860380155,30.37,3.0,headache,S028
0.73,1.59,28.318751667980486,-1.7975492550674055,58.04073228046944,30.37,3.0,headache,S028
-0.25,1.59,28.165512438019075,-1.5204981702619549,57.98394389092608,30.37,3.0,headache,S028
0.21,1.58,28.581762448507906,-1.5035161122946819,58.00781333018206,30.37,3.0,headache,S028
-0.77,1.58,28.203953192376254,-2.062717875763365,57.99675754702714,30.37,3.0,headache,S028
0.22,1.57,28.379338497339464,-1.3424698514368376,58.0000637139082,30.35,3.0,headache,S028
0.32,1.57,28.24783312766297,-1.754341619460102,58.002514967955136,30.35,3.0,headache,S028
0.16,1.57,28.219921393133564,-1.3284699613941044,57.99510466051095,30.35,3.0,headache,S028
0.53,1.56,28.605332978910063,-1.763752323198507,58.00738114602949,30.35,3.0,headache,S028
-1.18,1.55,28.05328911531469,-1.7565040809329813,57.98965689694108,30.35,3.0,headache,S028
0.01,1.55,28.583877951632378,-1.4572135019628774,58.01449924609744,30.35,3.0,headache,S028
0.78,1.55,28.0122774842869,-1.405896332901739,57.97798633142454,30.35,3.0,headache,S028
-0.06,1.55,28.08076521898206,-1.3521595372464057,58.04634949579849,30.35,3.0,headache,S028
-0.49,1.54,27.95595709050819,-1.6194422792288459,58.10268329466959,30.35,3.0,headache,S028
-0.27,1.55,27.934068656233933,-1.692849945027137,57.98789304965734,30.35,3.0,headache,S028
0.59,1.55,28.087178053339247,-2.131384494913688,57.9984024003014,30.35,3.0,headache,S028
-0.34,1.55,28.260021854425634,-1.8314834064093355,58.01137460163204,30.35,3.0,headache,S028
0.27,1.55,28.168277257737014,-1.0863778802369852,57.973533053165774,30.37,3.0,headache,S028
0.08,1.55,28.023134912652335,-1.9245344848436887,58.10396233471994,30.37,3.0,headache,S028
-0.46,1.55,27.523536576643348,-1.458488051696252,58.0445894985393,30.37,3.0,headache,S028
0.51,1.54,27.427358566109884,-1.8920977593721025,58.102152417542364,30.37,3.0,headache,S028
-0.02,1.54,28.331527797615554,-1.7822164833115923,58.024666375859,30.39,3.0,headache,S028
0.1,1.54,27.995273784300487,-1.123255228438152,57.99135471198398,30.39,3.0,headache,S028
0.27,1.54,28.02133526571515,-1.8896884487516588,57.99450163916061,30.39,3.0,headache,S028
-0.43,1.53,27.96702745407496,-1.9214179500835245,58.22774821768178,30.39,3.0,headache,S028
-0.26,1.53,28.088703673732784,-2.0756408843536747,58.041908237561415,30.35,3.0,headache,S028
-0.05,1.53,28.16020414843468,-1.8160355177569512,57.97921951592033,30.35,3.0,headache,S028
0.36,1.53,28.26097859526577,-2.0554693543865206,58.01352385332718,30.35,3.0,headache,S028
0.19,1.52,28.32840729593605,-1.610960683682755,57.99119028321488,30.35,3.0,headache,S028
-0.46,1.52,28.070263518719536,-1.9784737775499999,58.00441099592641,30.33,3.0,headache,S028
0.42,1.52,28.242223965776677,-1.9990145338095222,58.001337135052026,30.33,3.0,headache,S028
-0.19,1.52,28.355079959903595,-1.8223919403786193,57.987232706223054,30.33,3.0,headache,S028
-1.24,1.51,28.026977802270036,-1.8347579422615472,58.06824375922658,30.33,3.0,headache,S028
1.05,1.51,27.972375935159302,-1.8086511581499438,58.09124918542285,30.35,3.0,headache,S028
0.35,1.51,28.034278371494267,-1.715139114987549,57.958213961074414,30.35,3.0,headache,S028
0.2,1.51,27.9496365323181,-1.9400330040844815,58.03472263934505,30.35,3.0,headache,S028
-0.66,1.51,27.921072344404763,-1.8754335057523117,57.96032397693962,30.35,3.0,headache,S028
-0.08,1.51,27.916755622457515,-1.6181422556113736,58.09110504726539,30.35,3.0,headache,S028
0.5,1.52,27.93200325760827,-1.5996080455771509,58.071071308266575,30.35,3.0,headache,S028
-0.2,1.52,28.014880627303015,-1.6380225801400783,57.97980293085906,30.35,3.0,headache,S028
-0.13,1.52,27.981343463555586,-1.7904978175511155,58.18950604516106,30.35,3.0,headache,S028
0.31,1.52,27.871537477977945,-1.617619881189559,58.08413177465677,30.35,3.0,headache,S028
-0.48,1.52,28.09214077764008,-2.0070812397364617,58.12408710405772,30.35,3.0,headache,S028
0.34,1.52,28.21242313037004,-1.9488367237282453,58.08763305150044,30.35,3.0,headache,S028
0.1,1.51,27.942441738574637,-1.8128570390478198,58.09138462167314,30.35,3.0,headache,S028
-0.62,1.51,28.042438286514138,-1.7831377964256991,58.05564390404,30.35,3.0,headache,S028
0.32,1.51,27.930543823943566,-1.9377775205858954,58.12978841417435,30.35,3.0,headache,S028
0.12,1.51,27.90329090275765,-1.8805614075780535,58.145943607251574,30.35,3.0,headache,S028
-0.04,1.5,28.039169444152254,-1.766031144887039,57.9680870761607,30.35,3.0,headache,S028
0.13,1.5,27.855972834186755,-1.9231036375324713,58.218487865696474,30.35,3.0,headache,S028
0.1,1.5,28.008088775387186,-1.5696839726234988,58.064474657805135,30.35,3.0,headache,S028
0.22,1.5,27.978852777346138,-1.958318395869749,58.17027345143777,30.35,3.0,headache,S028
-0.1,1.49,28.034380832078135,-1.8623780077469854,58.23104808018013,30.35,3.0,headache,S028
-0.4,1.49,27.940017082456308,-1.7770258895256574,58.090296916842455,30.35,3.0,headache,S028
-0.06,1.49,28.301072476999714,-1.77513222385076,57.963784099546736,30.35,3.0,headache,S028
0.31,1.49,28.329685374447518,-1.8721332404915443,58.03021017564662,30.35,3.0,headache,S028
-0.18,1.48,28.201930156241918,-1.8597277792520603,57.97137675015582,30.35,3.0,headache,S028
0.45,1.48,28.294241857365787,-1.7567681960397128,58.02853516931016,30.35,3.0,headache,S028
-0.19,1.48,28.266054766789267,-1.7908237983269433,57.97052725565305,30.35,3.0,headache,S028
-0.78,1.48,28.043240157015134,-1.7571010123113178,58.031626570420585,30.35,3.0,headache,S028
0.66,1.46,28.32757545436403,-1.7615969317641895,57.9639035941848,30.35,3.0,headache,S028
-0.04,1.47,28.217973017558354,-1.7473226613226809,58.04913364583249,30.35,3.0,headache,S028
-0.52,1.47,27.904719429290786,-1.8564792648808812,58.088982637238765,30.35,3.0,headache,S028
0.27,1.47,28.048156667212087,-1.9050648762227944,58.021794829358065,30.35,3.0,headache,S028
0.47,1.46,27.960195003359413,-1.9287797109930418,57.95949449157714,30.35,3.0,headache,S028
-0.45,1.46,28.035845668535448,-1.9584651525201575,58.086805487684856,30.35,3.0,headache,S028
0.26,1.47,27.967031218149444,-1.8737446533106998,58.05814527602603,30.35,3.0,headache,S028
-0.11,1.46,28.02751902672559,-1.9488245848223626,58.068314679786134,30.35,3.0,headache,S028
0.02,1.46,28.05370531842385,-1.9132957728403488,58.206585260955144,30.35,3.0,headache,S028
-0.24,1.46,28.172233703232447,-1.2647778751451189,57.97065762835459,30.33,3.0,headache,S028
0.01,1.46,27.994660380073494,-1.8947682106456147,58.01477643388107,30.33,3.0,headache,S028
0.71,1.45,28.0715113193586,-1.4237926619391497,57.992029548761394,30.33,3.0,headache,S028
-0.26,1.44,28.082215111032312,-1.3412475653015956,58.00396211134167,30.33,3.0,headache,S028
-0.31,1.44,27.980411219894727,-1.5730529050121926,57.99856336750965,30.37,3.0,headache,S028
-0.38,1.44,27.988415273346916,-1.3790243642516382,58.00008767346471,30.37,3.0,headache,S028
0.87,1.44,28.049046091411615,-1.7742280844398224,57.9996182438149,30.37,3.0,headache,S028
-0.19,1.44,27.60549125223644,-1.7503883428457694,58.14390120818356,30.37,3.0,headache,S028
-0.22,1.47,27.568595673466824,-2.108978452809276,58.3253231810386,30.33,3.0,headache,S028
-0.05,1.46,27.78777432680037,-1.6500043753627678,58.08992290403453,30.33,3.0,headache,S028
-0.06,1.46,28.0186615235547,-1.2180885820478307,58.227751344736205,30.33,3.0,headache,S028
0.25,1.46,27.980384496815088,-0.9243952166078774,57.92180771480264,30.33,3.0,headache,S028
0.24,1.45,28.02262192452181,-1.6709775176575092,58.36893796641074,30.35,3.0,headache,S028
-0.35,1.45,27.97077866017089,-1.9413494280673935,58.0453117220893,30.35,3.0,headache,S028
0.03,1.45,28.04737364049367,-1.743472347637298,58.021815075744904,30.35,3.0,headache,S028
-0.01,1.44,27.939292896495846,-1.4001291539746943,58.0665232062269,30.35,3.0,headache,S028
-0.35,1.45,27.69080457193016,-1.663432754634542,58.256179897887094,30.35,3.0,headache,S028
0.02,1.44,27.960231375457102,-1.8059331990727043,58.18637462800334,30.35,3.0,headache,S028
0.48,1.44,27.88109870751286,-1.6535158326408714,58.0471807336367,30.35,3.0,headache,S028
-0.46,1.44,27.982033612521498,-1.769077376166925,58.07642412091245,30.35,3.0,headache,S028
-0.05,1.44,28.0915433661253,-1.2552538305613028,57.95251082866478,30.35,3.0,headache,S028
0.97,1.44,28.08502867162328,-1.8116324517249285,58.03772097639362,30.35,3.0,headache,S028
-0.55,1.43,27.86794490468725,-1.6082779537797396,57.963919271358705,30.35,3.0,headache,S028
-0.29,1.43,27.838893353593193,-1.5507478367994159,58.06113744773118,30.35,3.0,headache,S028
0.07,1.43,28.007707170594905,-1.8388099059226521,58.15523027163605,30.35,3.0,headache,S028
0.83,1.43,28.008280843458973,-1.7770526610414348,58.07136907127773,30.35,3.0,headache,S028
-0.78,1.43,27.949170971058454,-1.5639323658165316,57.96106752344049,30.35,3.0,headache,S028
-0.44,1.42,27.89592141840781,-1.8529475173082486,58.12047860805501,30.35,3.0,headache,S028
0.72,1.43,28.030794437372023,-1.5755241968997942,58.14285167721284,30.35,3.0,headache,S028
0.11,1.42,28.15254619451821,-1.9747847976013007,58.01003604093917,30.35,3.0,headache,S028
-0.5,1.42,28.442300568853746,-1.8926894680056296,57.99334499112575,30.35,3.0,headache,S028
0.53,1.41,28.026022688808204,-1.8010188213495537,58.00562351651275,30.35,3.0,headache,S028
0.22,1.42,28.106894114599157,-1.4764408010484942,57.9951813263441,30.35,3.0,headache,S028
-0.56,1.42,28.183239027826342,-1.7070548617843813,58.003998562725,30.35,3.0,headache,S028
-0.34,1.41,28.194625925452268,-1.6402647377710815,57.996923151629034,30.35,3.0,headache,S028
-0.11,1.41,28.016082143567953,-1.7436145623264818,58.00195962756881,30.35,3.0,headache,S028
0.27,1.41,28.16399434619869,-1.6512699195227976,57.99951858274321,30.33,3.0,headache,S028
0.29,1.41,27.90151559825824,-1.6137831157185525,57.99828259136492,30.33,3.0,headache,S028
0.14,1.41,28.244529531591215,-1.4114023271793588,58.005625720885895,30.33,3.0,headache,S028
-0.99,1.4,28.216763510418726,-1.440922313875827,57.984582401335686,30.33,3.0,headache,S028
1.02,1.41,28.062223227187655,-1.6932756502371014,58.1102882664175,30.37,3.0,headache,S028
-0.12,1.41,28.104284666634864,-1.7092124250748606,58.03681326514683,30.37,3.0,headache,S028
-0.21,1.4,28.100189775820052,-1.3172610240512048,57.98271447892122,30.37,3.0,headache,S028
0.23,1.4,27.851992511421308,-1.5121203436395987,58.01003896321528,30.37,3.0,headache,S028
0.15,1.4,27.99283288848123,-1.59575119409432,57.99679673958625,30.37,3.0,headache,S028
-0.66,1.4,27.80276544603181,-1.4061557314254511,57.98955438750737,30.37,3.0,headache,S028
-0.25,1.4,28.09723024137378,-1.6517429886361232,58.095540785419516,30.37,3.0,headache,S028
0.75,1.39,27.872082438252324,-1.7596386162801587,58.20723097722857,30.37,3.0,headache,S028
0.31,1.39,28.37699300002698,-1.7211513593578522,57.9189345973766,30.35,3.0,headache,S028
-0.2,1.39,28.09038290020009,-1.5305424391367002,58.097082629013556,30.35,3.0,headache,S028
0.12,1.39,27.99367933641134,-1.5611132578878606,58.04681533304078,30.35,3.0,headache,S028
-0.26,1.38,27.750771276112406,-1.9323447232922903,58.09100197823069,30.35,3.0,headache,S028
-0.26,1.38,28.019861167961203,-1.546789831110097,58.19197917168719,30.35,3.0,headache,S028
0.03,1.38,27.72052580183351,-1.8487982392553823,58.016102847199804,30.35,3.0,headache,S028
-0.1,1.38,27.714071427951897,-1.838191954058413,58.26168574159624,30.35,3.0,headache,S028
0.42,1.38,28.05885553622981,-1.7263982130720312,57.928542266110256,30.35,3.0,headache,S028
-0.14,1.38,28.00495323430656,-1.4003597352722148,58.07433566367767,30.35,3.0,headache,S028
-0.16,1.38,28.155197896559518,-1.806403751705068,58.08694287021266,30.35,3.0,headache,S028
-0.27,1.38,27.900029053260816,-1.6945623950763031,57.99445866408641,30.35,3.0,headache,S028
0.3,1.38,27.90224305547915,-1.581772144582639,58.12842186547634,30.35,3.0,headache,S028
-0.36,1.37,28.036251841757156,-1.7954780377658344,57.99233310855564,30.37,3.0,headache,S028
0.8,1.37,27.965643678561037,-1.8157505277130295,58.008828331348305,30.37,3.0,headache,S028
0.17,1.37,28.152071719680425,-1.6651373814931145,57.98329974843106,30.37,3.0,headache,S028
-0.35,1.37,27.94907056567951,-1.6802361345191403,58.056105073578195,30.37,3.0,headache,S028
-0.3,1.37,27.974796080780134,-1.8852610617144676,58.1029255025243,30.37,3.0,headache,S028
-0.27,1.37,28.06098282752655,-1.4789618869269658,57.96201340753739,30.37,3.0,headache,S028
0.23,1.37,27.904004248066386,-1.9098817219378421,58.02815080649131,30.37,3.0,headache,S028
-0.01,1.37,27.95673420829796,-1.400299632233446,57.98301145476687,30.37,3.0,headache,S028
0.19,1.37,28.052498676366792,-1.6821980280886737,58.41431974885469,30.37,3.0,headache,S028
0.03,1.37,27.882679576959386,-1.7817471144703703,58.10043886893579,30.37,3.0,headache,S028
0.39,1.36,27.978439913717988,-1.385224423541347,58.10898043259241,30.37,3.0,headache,S028
-0.83,1.35,27.80306133606316,-1.8679015260164222,58.24609152471485,30.37,3.0,headache,S028
0.21,1.37,27.663776871459227,-1.6248657417722587,57.995174607653766,30.37,3.0,headache,S028
0.3,1.36,28.023647537438965,-1.6271942744111896,58.07905914791115,30.37,3.0,headache,S028
-0.1,1.35,27.990529551757433,-1.7799941753284143,58.07928156514074,30.37,3.0,headache,S028
-0.44,1.35,28.003992773893646,-1.9833080752578502,57.96778790684013,30.37,3.0,headache,S028
0.53,1.36,28.41159280101655,-1.9173477468015518,58.023802741768925,30.37,3.0,headache,S028
0.0,1.35,28.476604229518887,-1.788542581818102,57.97776052872506,30.37,3.0,headache,S028
0.21,1.35,28.091163716715023,-1.6084596983251496,58.02795747999561,30.37,3.0,headache,S028
-0.23,1.35,27.881786452603514,-1.775823635842226,58.23241166016767,30.37,3.0,headache,S028
-0.19,1.35,28.021773155294255,-1.7751432405619703,58.217841527006705,30.35,3.0,headache,S028
0.07,1.35,27.73780702076593,-1.7267031440355878,58.13168808180826,30.35,3.0,headache,S028
-0.14,1.35,28.010073257408763,-1.7487904750066532,58.04564343146545,30.35,3.0,headache,S028
-0.35,1.35,27.91214577090892,-1.5925029318321893,57.957914479723264,30.35,3.0,headache,S028
0.82,1.35,27.840695505237903,-1.8023701765233624,58.30052822465418,30.35,3.0,headache,S028
-0.13,1.35,27.717484085773158,-1.3640997411092695,58.12470918721131,30.35,3.0,headache,S028
0.59,1.35,27.860928143714784,-1.9092829070876405,58.21920488215605,30.35,3.0,headache,S028
-1.09,1.36,27.79976827297182,-1.7560133587108828,58.15712407697157,30.35,3.0,headache,S028
0.04,1.36,27.98269389217338,-1.9546937317149675,57.95495130776916,30.35,3.0,headache,S028
0.39,1.37,28.003723981469665,-2.0180374546137863,58.02669611999855,30.35,3.0,headache,S028
0.03,1.37,28.000277724099902,-1.9128794404228406,57.98255147655799,30.35,3.0,headache,S028
0.07,1.39,27.86416782978174,-1.7644582223432848,58.00792010865805,30.35,3.0,headache,S028
0.34,1.38,28.02425049615342,-1.782485430754253,58.027404955231255,30.39,3.0,headache,S028
-0.5,1.38,27.951838051690743,-2.0669067970950596,58.33211745391777,30.39,3.0,headache,S028
0.09,1.37,27.891060876310934,-1.8181908017563382,58.09289735212294,30.39,3.0,headache,S028
-0.16,1.37,28.08100598600274,-1.7500746944077186,58.133494482570946,30.39,3.0,headache,S028
-0.29,1.37,27.980780161953312,-2.050768109148768,58.17634408630455,30.37,3.0,headache,S028
-0.12,1.37,27.96537929450588,-1.6686067833761131,58.310803633640475,30.37,3.0,headache,S028
0.14,1.36,27.99794173670475,-1.7950964815604324,58.169921257646934,30.37,3.0,headache,S028
-0.1,1.36,27.97845478297189,-1.8391303896023785,58.225840556779055,30.37,3.0,headache,S028
0.9,1.36,28.04071085637987,-1.7277961392211367,58.3085326670459,30.37,3.0,headache,S028
-0.43,1.35,27.89248475546628,-1.885285777740169,58.22920295143397,30.37,3.0,headache,S028
0.05,1.34,27.96161720927226,-1.7177265523608851,58.122190845541084,30.37,3.0,headache,S028
-0.15,1.34,27.949963917771168,-1.7990290597679113,57.987195084455855,30.37,3.0,headache,S028
0.04,1.35,27.76647432505782,-1.768195007624783,58.05153893337412,30.35,3.0,headache,S028
0.25,1.34,28.040162075730677,-2.040012732634094,58.26134688712641,30.35,3.0,headache,S028
-0.26,1.34,27.98738815693148,-1.9713694801674404,58.093391864776216,30.35,3.0,headache,S028
-0.3,1.34,28.185143262653057,-1.9487020279365224,57.95860401589757,30.35,3.0,headache,S028
0.2,1.34,28.083691287936443,-1.6367642932924833,58.03543226101172,30.37,3.0,headache,S028
0.55,1.34,27.971776506065208,-1.8198378851929318,57.9585403477732,30.37,3.0,headache,S028
-0.69,1.34,28.193068586008376,-1.7262136515587232,58.082456969900775,30.37,3.0,headache,S028
0.17,1.34,28.10875293678066,-1.8189257075421346,58.07329414434433,30.37,3.0,headache,S028
0.43,1.33,28.087274791412952,-1.475509732284551,58.003854865576585,30.37,3.0,headache,S028
-0.73,1.34,28.02631077489282,-2.040021948522266,58.128891793148185,30.37,3.0,headache,S028
-0.19,1.33,28.496080803812777,-1.3375587490251686,57.977464477585535,30.37,3.0,headache,S028
0.8,1.33,28.253035250829363,-1.4039532866973627,58.01261077213455,30.37,3.0,headache,S028
-0.18,1.33,28.10839779718903,-1.6185433906347872,57.991455878757215,30.37,3.0,headache,S028
-0.11,1.33,28.159914880815425,-1.0788643083145393,58.00636009912309,30.37,3.0,headache,S028
0.04,1.32,27.920210893948497,-2.1815799767884014,57.994901493383615,30.37,3.0,headache,S028
0.25,1.32,28.05962637240865,-1.722893968091792,58.0044465941553,30.37,3.0,headache,S028
-0.45,1.32,28.15400141054832,-1.8089351019443982,57.99563241026736,30.37,3.0,headache,S028
-0.52,1.33,28.55252775379082,-1.5149150494364827,58.005122797372756,30.37,3.0,headache,S028
0.86,1.31,28.38970607768557,-1.9870744273557277,57.992159621954954,30.37,3.0,headache,S028
0.24,1.31,28.024166056150534,-1.490694415467334,58.01962441379565,30.37,3.0,headache,S028
0.39,1.31,28.154742816153217,-1.667763146170111,58.125924759777206,30.39,3.0,headache,S028
-1.03,1.32,28.17357197709123,-1.706708765141716,57.971035663678265,30.39,3.0,headache,S028
0.65,1.31,28.116487904369688,-1.6567002785330334,58.13605111198883,30.39,3.0,headache,S028
-0.6,1.31,28.058917952851427,-1.4478813481884547,58.000652928795986,30.39,3.0,headache,S028
-0.5,1.31,28.103248917232477,-1.764508990085017,58.00447022178654,30.39,3.0,headache,S028
1.15,1.31,27.99420455677458,-1.6059432160785216,57.993253305331145,30.39,3.0,headache,S028
-0.51,1.31,27.99626260218846,-1.7605573496986844,58.00959371317696,30.39,3.0,headache,S028
0.07,1.3,27.94958402741354,-1.7032936025988774,57.983393617194125,30.39,3.0,headache,S028
0.03,1.31,28.382946123373728,-1.8056744523785688,58.06555354245698,30.37,3.0,headache,S028
-0.1,1.3,27.70103586705738,-1.639984798053746,58.23342385824145,30.37,3.0,headache,S028
0.42,1.3,28.130029846714425,-1.9521277795480683,58.10186739129655,30.37,3.0,headache,S028
-0.0,1.31,28.38673136461189,-1.6095216302473097,57.975258907310696,30.37,3.0,headache,S028
-0.59,1.3,28.60543735844014,-1.4626085819609913,58.01958518845109,30.37,3.0,headache,S028
-0.09,1.3,28.88890414378777,-1.1087460990557867,57.975620461367114,30.37,3.0,headache,S028
1.01,1.3,27.842406350882356,-2.0945860757241275,58.07307031885801,30.37,3.0,headache,S028
-1.15,1.29,28.15358845802145,-2.1937653144986937,58.144456931198874,30.37,3.0,headache,S028
0.36,1.29,28.231186520498635,-1.6189255365810216,58.06273181333247,30.37,3.0,headache,S028
0.08,1.29,28.824416855228037,-1.2360267050777645,57.971029074871375,30.37,3.0,headache,S028
0.28,1.29,28.48501462585437,-1.7958534915041933,58.02822815391628,30.37,3.0,headache,S028
-0.47,1.29,28.39549804309725,-1.0944464079109786,57.962588041725034,30.37,3.0,headache,S028
0.2,1.29,28.577213273534877,-1.4087278896443418,58.13667491378136,30.37,3.0,headache,S028
-0.38,1.29,28.530553350699453,-1.2560936836903056,58.00534552666667,30.37,3.0,headache,S028
0.86,1.28,28.3861300890161,-1.4391595688359438,58.019270644150076,30.37,3.0,headache,S028
-0.33,1.28,28.340289669578862,-1.3335923725340129,57.95810833748343,30.37,3.0,headache,S028
-0.81,1.28,27.74989831248862,-2.2964270891470777,58.11638026723137,30.35,3.0,headache,S028
0.4,1.28,28.071532320207144,-1.588544825235013,58.18521810866263,30.35,3.0,headache,S028
0.73,1.28,28.319023657766646,-0.6484122500630958,58.0590707402878,30.35,3.0,headache,S028
-0.32,1.28,28.05571588966582,-1.0577556469962797,58.06635080466211,30.35,3.0,headache,S028
0.01,1.28,27.99583110199539,-1.7495104422338421,57.95432592942076,30.35,3.0,headache,S028
0.04,1.27,27.79420889655587,-2.1509032401586934,58.06851963395238,30.35,3.0,headache,S028
-0.1,1.27,27.986247036021137,-1.6317518105627717,58.1382830579549,30.35,3.0,headache,S028
-0.27,1.27,28.415496560272036,-1.3118175201607463,58.07983217514278,30.35,3.0,headache,S028
0.64,1.27,28.33741893768924,-1.3838318842044126,57.9763894689336,30.35,3.0,headache,S028
0.14,1.27,28.160129702691716,-1.587276591482172,58.014028911202594,30.35,3.0,headache,S028
-0.56,1.27,27.970072799630813,-1.8247306984629554,57.99089895146285,30.35,3.0,headache,S028
-0.14,1.28,27.9560652479619,-1.5562926454201158,58.0084476429956,30.35,3.0,headache,S028
0.2,1.28,28.00664587720142,-1.5437144623059085,58.2165496878083,30.37,3.0,headache,S028
-0.32,1.29,27.997585312956666,-2.0250241669335347,58.14153463999547,30.37,3.0,headache,S028
0.05,1.3,28.00424730559683,-1.4842276804739096,58.118198408761764,30.37,3.0,headache,S028
-0.01,1.31,27.98958059454233,-1.1755794766066745,58.013844900237416,30.37,3.0,headache,S028
0.27,1.32,28.023970508590935,-2.0508060206541567,58.07606716729928,30.39,3.0,headache,S028
0.28,1.32,27.93966076638846,-1.9068400887075596,58.2229767654025,30.39,3.0,headache,S028
-0.04,1.33,28.421196097091276,-0.9427478040376025,57.924769239897536,30.39,3.0,headache,S028
-0.02,1.33,28.38496985610838,-1.5643207351567703,58.05802568209347,30.39,3.0,headache,S028
-0.5,1.33,27.586420984912618,-2.1483884601156977,57.94694050690536,30.35,3.0,headache,S028
0.32,1.33,28.05547498680083,-1.9435693011486301,58.05352470250637,30.35,3.0,headache,S028
-0.04,1.33,27.948471466523593,-1.4340796814732697,57.940470168828426,30.35,3.0,headache,S028
-0.36,1.33,28.212657150563537,-1.4545573976491708,58.07998793382805,30.35,3.0,headache,S028
0.62,1.33,27.787570989953498,-1.10701928019819,58.04679487486063,30.35,3.0,headache,S028
-0.45,1.32,27.885087621143395,-1.8078000996663313,58.14093777505537,30.35,3.0,headache,S028
0.32,1.32,28.010146318162867,-2.0915686823074453,58.33690264292713,30.35,3.0,headache,S028
0.02,1.33,28.007775992083893,-1.7169613493890168,58.211868739743785,30.35,3.0,headache,S028
-0.23,1.34,27.98777322513365,-1.4307941054285316,58.11257086084689,30.37,3.0,headache,S028
-0.15,1.35,27.901650604009525,-1.6391112680721882,57.96749701905091,30.37,3.0,headache,S028
0.06,1.37,27.973363165250785,-2.016669064581703,58.120386356297495,30.37,3.0,headache,S028
0.59,1.38,28.12660766423687,-1.4346688045953933,58.08130507339886,30.37,3.0,headache,S028
0.16,1.4,28.154345358996583,-1.936307484032015,58.07824499735505,30.35,3.0,headache,S028
-0.63,1.39,28.12429078907512,-1.4131622726557518,57.96823790008127,30.35,3.0,headache,S028
-0.28,1.4,27.94876934955483,-1.7334704176878786,58.02145636733402,30.35,3.0,headache,S028
0.04,1.4,28.07042905272233,-1.3477204886426322,57.982328267831775,30.35,3.0,headache,S028
0.05,1.39,28.053830778354246,-1.9932364097847968,58.01776948561044,30.33,3.0,headache,S028
0.29,1.39,28.22529081069856,-1.398388048760885,57.975161071907145,30.33,3.0,headache,S028
0.11,1.39,28.064759722262167,-1.360126936586094,58.08138415151175,30.33,3.0,headache,S028
0.2,1.4,28.02438065733409,-1.8403906116183493,58.083177236669485,30.33,3.0,headache,S028
-0.6,1.4,28.23949827037671,-1.1681927381889974,57.95053375668155,30.37,3.0,headache,S028
0.53,1.4,28.068117230653623,-1.6174833282421346,58.142163325977776,30.37,3.0,headache,S028
-0.32,1.39,28.27264226572613,-2.0442659074311083,57.99878525118453,30.37,3.0,headache,S028
-0.01,1.39,27.97861980153595,-1.5960759318905418,58.05791658690406,30.37,3.0,headache,S028
-0.09,1.39,27.95914136123235,-1.8157677019184293,58.35145807863048,30.35,3.0,headache,S028
0.19,1.39,28.064457304876857,-1.5367145461296066,58.209779316841185,30.35,3.0,headache,S028
-0.5,1.39,27.660866987486415,-1.5444075539907922,58.00640685095153,30.35,3.0,headache,S028
0.23,1.4,27.9709309138213,-1.7363762089885986,58.06851288630663,30.35,3.0,headache,S028
-0.06,1.41,27.79232014611452,-2.026439578480253,58.308286464715934,30.35,3.0,headache,S028
0.33,1.42,27.872990979424937,-1.3150303710859748,58.158486691927116,30.35,3.0,headache,S028
-0.04,1.43,27.750847717119562,-1.6433699596953337,58.17594334092197,30.35,3.0,headache,S028
0.33,1.43,27.700049053034107,-2.0214208865093752,58.12757998069847,30.35,3.0,headache,S028
0.01,1.43,28.31149548674114,-1.7078521680608942,58.05536935815587,30.37,3.0,headache,S028
-0.13,1.43,27.852676453045675,-0.9798621348858745,57.983997203867645,30.37,3.0,headache,S028
-0.65,1.42,28.13609620206525,-1.6127098004549818,58.00943668374214,30.37,3.0,headache,S028
0.05,1.41,27.929853790179948,-1.8968913109819416,57.989564674242445,30.37,3.0,headache,S028
0.36,1.41,27.961605801507424,-1.8375103390370835,58.040830588970344,30.37,3.0,headache,S028
0.36,1.4,27.889810180546977,-1.6673866396741193,58.161144670197835,30.37,3.0,headache,S028
0.13,1.39,28.085437041635796,-1.1825361834329349,58.20114191674099,30.37,3.0,headache,S028
-0.71,1.4,27.954825280911166,-1.8234167361232174,58.10675390159568,30.37,3.0,headache,S028
0.47,1.39,27.933320140346297,-1.674154053941119,58.123442441609875,30.37,3.0,headache,S028
-0.42,1.4,27.91481588193028,-1.445193747473508,58.082007121221714,30.37,3.0,headache,S028
-0.03,1.38,28.077323455173,-1.659681844233762,58.13563641348946,30.37,3.0,headache,S028
-0.35,1.38,27.913603057241183,-1.7695914364840593,58.27592593113271,30.37,3.0,headache,S028
0.45,1.38,28.142493909732984,-1.490474247109769,57.9988653222269,30.35,3.0,headache,S028
0.02,1.38,27.924373901494807,-1.6946464055053616,58.1499523137065,30.35,3.0,headache,S028
0.29,1.37,28.008192205907307,-1.4603815834986071,57.957689973107335,30.35,3.0,headache,S028
-0.22,1.37,28.03545075267324,-1.650371890196739,58.060784486563186,30.35,3.0,headache,S028
0.24,1.37,27.913300330495687,-1.3949508292593988,58.07263097948291,30.35,3.0,headache,S028
-0.09,1.37,28.0777714378947,-1.3694924758850169,58.06287353283842,30.35,3.0,headache,S028
-0.63,1.36,28.166502179886365,-1.5443607630267304,58.06825864597076,30.35,3.0,headache,S028
0.8,1.36,27.992878358092003,-1.305750431314831,58.056200685773206,30.35,3.0,headache,S028
-0.18,1.36,28.096241068546618,-1.4128407271447703,58.06060419588429,30.37,3.0,headache,S028
0.14,1.36,27.74793846969372,-1.5295194191458399,58.117338333105366,30.37,3.0,headache,S028
-0.15,1.36,28.727281403619127,-0.7597478833846967,57.91017385934727,30.37,3.0,headache,S028
0.01,1.36,27.109570044616717,-1.0679965276186103,58.00776666953081,30.37,3.0,headache,S028
-0.73,1.36,26.559338769001645,-2.6602451376921947,58.91161255951282,30.37,3.0,headache,S028
1.0,1.37,28.362011928257484,-1.9056350310253243,58.152149850022084,30.37,3.0,headache,S028
-0.31,1.36,28.06760502579099,-1.0474001702646998,58.11649484857435,30.37,3.0,headache,S028
-0.57,1.36,27.691838163068258,-1.6550945130192267,58.38136763626094,30.37,3.0,headache,S028
0.88,1.36,27.85310674126322,-1.570153262901277,58.35587268493918,30.39,3.0,headache,S028
-0.62,1.36,27.92990392991681,-0.9748665009693712,58.135402665578226,30.39,3.0,headache,S028
0.31,1.37,27.56119712370757,-2.1973939428403333,58.1240979019105,30.39,3.0,headache,S028
0.01,1.38,27.998094948870357,-1.4027976345837272,58.03417869872594,30.39,3.0,headache,S028
0.53,1.41,27.901788581476797,-1.4963310117721362,58.05851872934553,30.39,3.0,headache,S028
-0.56,1.43,27.702099825733328,-1.9974346930571558,58.0729896764617,30.39,3.0,headache,S028
0.25,1.46,27.955003253867307,-1.7907059277245143,58.15515868417339,30.39,3.0,headache,S028
-0.55,1.49,27.925278001380462,-1.5209065616056772,58.241318172163425,30.39,3.0,headache,S028
0.13,1.51,27.681006915815686,-1.7950810820605003,58.43452983434815,30.37,3.0,headache,S028
0.29,1.52,27.89111026606687,-1.5361267734570967,58.1607042410245,30.37,3.0,headache,S028
-0.09,1.52,27.72759303203876,-1.7517111123678142,58.37424315685456,30.37,3.0,headache,S028
-0.49,1.5,27.666084385433653,-1.637697672362224,58.26248558697624,30.37,3.0,headache,S028
0.61,1.5,28.022961108942223,-1.7488411805492576,58.243985143681854,30.37,3.0,headache,S028
0.0,1.49,27.960104137914325,-1.3348682909447287,58.13666345307676,30.37,3.0,headache,S028
-0.57,1.48,28.197721107854083,-1.2258323691552586,58.016121245065385,30.37,3.0,headache,S028
0.66,1.47,28.092291577206357,-1.3170779013270917,57.96741355501637,30.37,3.0,headache,S028
-0.19,1.45,28.008545278131884,-1.3456863735314144,58.06393339977405,30.39,3.0,headache,S028
-0.05,1.45,27.924260600357112,-1.2539951100435216,58.2718480020123,30.39,3.0,headache,S028
0.33,1.45,27.086132189138343,-2.233864068806841,58.69641552428637,30.39,3.0,headache,S028
-0.34,1.44,26.972004428934408,-2.5485257938343344,58.8716296022333,30.39,3.0,headache,S028
-0.17,1.44,27.01570985522906,-1.7432553969314621,58.978374458971224,30.37,3.0,headache,S028
-0.16,1.43,27.056181628353677,-1.7581418390952495,58.696979319124594,30.37,3.0,headache,S028
0.32,1.44,27.075288078080963,-1.041663922072085,58.63989615889617,30.37,3.0,headache,S028
-0.45,1.42,27.687240377451218,-0.7803214982035367,58.519899850690656,30.37,3.0,headache,S028
0.29,1.42,27.521214889611954,-1.0866312816407355,58.62178428255402,30.39,3.0,headache,S028
0.8,1.43,27.28486653502736,-1.333677802883201,58.386843237432956,30.39,3.0,headache,S028
-0.28,1.43,27.273602197145784,-1.1810050441015323,58.536116057354754,30.39,3.0,headache,S028
-0.62,1.42,27.34813920005371,-1.0825032446381055,58.52191078288932,30.39,3.0,headache,S028
-0.04,1.42,27.249585855317804,-1.449167597545542,58.639246737811526,30.37,3.0,headache,S028
0.39,1.42,27.818051651306263,-1.4153232166590408,58.4370068095326,30.37,3.0,headache,S028
-0.64,1.42,27.79626515275649,-1.29427847945686,58.02729101043685,30.37,3.0,headache,S028
0.13,1.4,27.561545729428722,-1.4482299931559897,58.56118996663288,30.37,3.0,headache,S028
0.38,1.4,27.306981452484628,-1.6952764339547717,58.8472437435639,30.39,3.0,headache,S028
0.97,1.4,27.33584874330446,-1.8123385390025484,58.12400241309822,30.39,3.0,headache,S028
-0.73,1.4,27.49327868383401,-1.4757070657288611,58.22578150469946,30.39,3.0,headache,S028
-0.06,1.39,28.52423171060595,-1.1766942644928025,58.10401942681773,30.39,3.0,headache,S028
-0.18,1.4,28.2195120731649,-0.5059035492321303,58.04314510256411,30.37,3.0,headache,S028
-0.33,1.4,28.14081425636546,-0.9773431894540998,58.10218925723693,30.37,3.0,headache,S028
0.76,1.39,27.94143075137316,-0.9265352185548927,57.952142028001056,30.37,3.0,headache,S028
-0.83,1.39,27.7172926959712,-1.3723296609532296,58.29559070034094,30.37,3.0,headache,S028
0.51,1.38,26.826580283239217,-2.1197352587373,58.90526262887705,30.37,3.0,headache,S028
0.11,1.39,26.81034502254622,-2.056191645490145,58.79445420345492,30.37,3.0,headache,S028
-0.72,1.39,27.60745673876711,-1.3151464638549515,58.604639806093154,30.37,3.0,headache,S028
0.0,1.38,28.023970582671957,-0.8544522936613294,58.23564816186026,30.37,3.0,headache,S028
0.69,1.38,27.913734818854294,-1.0519406243695208,57.88750807246134,30.39,3.0,headache,S028
-0.23,1.38,27.48203812053938,-1.3108692896417569,58.30344815030527,30.39,3.0,headache,S028
-0.34,1.38,28.010978012092277,-1.3612333053358316,58.05937816717923,30.39,3.0,headache,S028
0.58,1.39,27.578923306697646,-1.3255575114572247,58.258153105729455,30.39,3.0,headache,S028
0.35,1.4,27.879897305157275,-1.270873085903388,58.20607727712221,30.37,3.0,headache,S028
-0.71,1.4,27.784980189342303,-1.3681591297327516,58.181251475244935,30.37,3.0,headache,S028
0.26,1.41,27.481227571668242,-1.5924044198805096,58.530240146962086,30.37,3.0,headache,S028
-0.51,1.4,27.547858068428223,-1.2362546435087038,58.29618860876565,30.37,3.0,headache,S028
0.72,1.4,28.01983554741096,-1.3812444583254986,58.1178187109719,30.39,3.0,headache,S028
-0.41,1.4,28.408849686455145,-1.368017538401296,58.01059079434891,30.39,3.0,headache,S028
0.07,1.4,28.444817555142066,-1.3985627005016734,58.20192830746854,30.39,3.0,headache,S028
0.38,1.4,27.527466856615085,-1.5890867948780638,58.21982677736641,30.39,3.0,headache,S028
0.1,1.4,27.241763670961685,-1.412698933029832,58.478251253255706,30.37,3.0,headache,S028
-0.79,1.4,26.91030045692169,-1.6985658961810772,58.44505815985352,30.37,3.0,headache,S028
0.17,1.4,27.888578728003637,-1.6875743957667437,58.1015248980181,30.37,3.0,headache,S028
-0.4,1.4,27.756299712090886,-1.1343305079265766,58.02504353495862,30.37,3.0,headache,S028
0.31,1.42,27.695031096829258,-1.113500655760626,58.34902515024248,30.37,3.0,headache,S028
0.34,1.46,27.446295019575224,-1.5318779164996157,58.43620867932764,30.37,3.0,headache,S028
-0.38,1.52,28.094821251205474,-1.027478819647663,58.19420638333843,30.37,3.0,headache,S028
0.13,1.61,27.990519044050185,-1.4292541349545411,58.207744162044555,30.37,3.0,headache,S028
-0.45,1.66,27.410155475741036,-1.8461273757796657,58.16446163257014,30.39,3.0,headache,S028
1.05,1.7,27.67409355148965,-1.5381835659795453,58.13687062576632,30.39,3.0,headache,S028
0.13,1.74,27.759903347470612,-1.446232811798744,58.08294443299456,30.39,3.0,headache,S028
-0.39,1.76,27.78556449924869,-1.589328425080215,58.14087652005409,30.39,3.0,headache,S028
-0.2,1.79,27.915050616861286,-1.2720173883646622,58.19836723322515,30.37,3.0,headache,S028
-0.14,1.81,27.53258404334695,-1.3866005532768455,58.48032935278991,30.37,3.0,headache,S028
0.58,1.8,27.65054734348573,-1.5008989104684045,58.597864276928675,30.37,3.0,headache,S028
-0.42,1.78,27.898665017185873,-1.545606148394026,58.344691055446326,30.37,3.0,headache,S028
0.29,1.76,27.401797219023642,-1.2125997995066573,58.32588280218136,30.37,3.0,headache,S028
-0.18,1.73,27.551267173214786,-0.8188133714848796,58.25452290088385,30.37,3.0,headache,S028
-0.67,1.71,27.724877366839355,-1.6544261085133418,58.204188696052256,30.37,3.0,headache,S028
0.84,1.69,28.044132484588843,-1.1027767406986289,58.11582276397236,30.37,3.0,headache,S028
0.18,1.68,27.481677816785947,-1.4114563937270979,58.23630330367238,30.41,3.0,headache,S028
-0.8,1.67,27.865548273302878,-1.4579216008998452,58.265165097377285,30.41,3.0,headache,S028
-0.01,1.68,27.613370562673072,-1.2314249689035923,58.37632397118608,30.41,3.0,headache,S028
0.11,1.67,27.587750172800657,-1.445339673674653,58.500197942353466,30.41,3.0,headache,S028
0.51,1.67,27.887087936800942,-1.486645879926678,58.36714761685207,30.39,3.0,headache,S028
-0.83,1.67,27.777577377300453,-1.285091603227555,58.13760361570539,30.39,3.0,headache,S028
0.59,1.68,28.095852238914606,-1.1424546296238804,58.09348187108386,30.39,3.0,headache,S028
-0.04,1.7,28.108991217288473,-1.3765204022272046,58.017096274793815,30.39,3.0,headache,S028
0.35,1.71,28.02659482156051,-1.2722459579871266,58.07807711307041,30.39,3.0,headache,S028
-0.58,1.73,28.17773859862191,-1.719721951837063,58.180711437759264,30.39,3.0,headache,S028
0.87,1.73,27.56537819049452,-1.535557688982991,58.252566882309864,30.39,3.0,headache,S028
-0.47,1.72,27.51954044113478,-1.638009624021977,58.709724991323135,30.39,3.0,headache,S028
-0.52,1.71,27.87139159210612,-1.1797012753812746,58.25513221554577,30.37,3.0,headache,S028
0.45,1.7,27.41353260615452,-1.8397602222012408,58.740752952642,30.37,3.0,headache,S028
-0.21,1.69,27.47304515113243,-1.3193535438908965,58.58342912531683,30.37,3.0,headache,S028
0.31,1.69,27.763202255239804,-1.4877649673940232,58.34979537411303,30.37,3.0,headache,S028
0.1,1.71,27.450485537829593,-1.319034469061815,58.43606717837124,30.37,3.0,headache,S028
-0.09,1.75,26.960411343333906,-1.3734398072472138,58.86171569775159,30.37,3.0,headache,S028
-0.91,1.8,26.389697216273866,-0.19953326132451546,58.71955571426559,30.37,3.0,headache,S028
0.51,1.82,25.162014959534904,-0.9220447239204138,59.63617906058755,30.37,3.0,headache,S028
0.39,1.84,25.200200458502028,-1.1600049683552005,59.13432750609123,30.39,3.0,headache,S028
-0.75,1.83,25.958740392770384,-1.0795975926704118,59.25576008675629,30.39,3.0,headache,S028
-2.08,1.83,25.65108752603177,-1.375888565124887,59.188015832707634,30.39,3.0,headache,S028
4.23,1.82,25.918455586280217,-0.919106817893499,58.99149269731489,30.39,3.0,headache,S028
-1.17,1.8,26.668216195053574,-1.597844034244746,59.076748789889656,30.37,3.0,headache,S028
-0.89,1.79,25.82713901788723,-0.9761557213304164,59.123507019743734,30.37,3.0,headache,S028
0.79,1.78,26.87253891986905,-1.3855353953538123,58.92560926791201,30.37,3.0,headache,S028
-0.3,1.77,26.536816046246695,-1.341576048103516,59.0469286115245,30.37,3.0,headache,S028
0.77,1.77,26.48287260761987,-1.2990392036426681,58.96444086628783,30.41,3.0,headache,S028
-0.42,1.77,26.598500712588937,-1.175758915678153,59.02955818685912,30.41,3.0,headache,S028
-0.2,1.77,26.57405480006452,-1.0314034580769194,58.97253894415432,30.41,3.0,headache,S028
0.28,1.76,26.507520012339043,-1.4596576625722417,59.143120029121526,30.41,3.0,headache,S028
-0.13,1.76,26.61212515989545,-1.2571087883273904,58.99017612619179,30.39,3.0,headache,S028
-0.09,1.75,26.44822766038639,-1.2176011395189492,59.010358671547756,30.39,3.0,headache,S028
0.03,1.74,26.524957926296075,-1.223145627663047,58.99086059739054,30.39,3.0,headache,S028
-0.14,1.73,26.467042413219872,-1.146894508806579,59.00761571448779,30.39,3.0,headache,S028
-0.48,1.73,26.707161598861425,-1.1362279707526868,58.99394997175771,30.39,3.0,headache,S028
0.33,1.72,26.583909704196653,-1.3067611283986258,59.00459063063897,30.39,3.0,headache,S028
0.22,1.71,26.475396741181022,-1.3049701231154052,58.996435904404606,30.39,3.0,headache,S028
0.28,1.7,26.592937734410356,-1.0064282233086506,59.004248971335606,30.39,3.0,headache,S028
-0.21,1.7,26.60299637392945,-1.385783400580404,58.98437191804927,30.41,3.0,headache,S028
-0.0,1.7,26.49129257539736,-1.0396913914627828,58.86057379672544,30.41,3.0,headache,S028
-0.33,1.7,27.051771053272255,-1.4850543484528838,59.058487319845554,30.41,3.0,headache,S028
-0.25,1.69,26.86179155905946,-1.477453234927763,58.89944097255082,30.41,3.0,headache,S028
0.08,1.7,27.07004450564736,-1.532686747438741,58.61635409803533,30.41,3.0,headache,S028
0.49,1.71,27.066296410703426,-1.5754295652042662,58.60747988275703,30.41,3.0,headache,S028
0.37,1.72,27.559986505803998,-1.2102662719646882,58.619315452694906,30.41,3.0,headache,S028
-0.1,1.71,27.348370187120054,-1.4227423013546343,58.53097914574226,30.41,3.0,headache,S028
-0.8,1.71,27.028791641350953,-1.4712411102825136,58.93172593159337,30.41,3.0,headache,S028
0.36,1.71,27.182635239480604,-1.1342121892034625,58.75586656599507,30.41,3.0,headache,S028
0.15,1.7,26.973196030294684,-1.2329777145818295,58.85253201159427,30.41,3.0,headache,S028
0.32,1.69,27.02035166358681,-1.4559240377408778,59.01665650818015,30.41,3.0,headache,S028
-0.52,1.69,26.983263012689783,-1.2159559570857255,58.66347507016357,30.41,3.0,headache,S028
-0.28,1.69,27.01488823577329,-1.3056775516692156,59.00987597898965,30.41,3.0,headache,S028
0.4,1.69,26.98536675597883,-1.427544451211787,58.889638667902034,30.41,3.0,headache,S028
0.06,1.68,27.018312467703893,-1.215347597870644,58.95422274031264,30.41,3.0,headache,S028
0.2,1.68,26.888568014208154,-1.2187974117963871,58.97484692847751,30.41,3.0,headache,S028
-0.74,1.68,26.88807116636062,-1.1702028792753874,58.8819950827827,30.41,3.0,headache,S028
0.45,1.67,26.747847089127276,-1.5128971922406598,59.03119646005627,30.41,3.0,headache,S028
0.06,1.66,26.955796168034137,-1.3536779358780353,58.8923661816082,30.41,3.0,headache,S028
-0.27,1.66,27.015698446610198,-1.1166056028376399,58.95735439690321,30.41,3.0,headache,S028
0.05,1.66,26.98487075761389,-1.1298427504183024,58.990553801577974,30.41,3.0,headache,S028
0.37,1.66,27.021500846032836,-1.5126443919655204,58.848931181554946,30.41,3.0,headache,S028
-0.27,1.65,26.845606177922335,-1.5285850792171451,58.85024103403907,30.41,3.0,headache,S028
-0.2,1.65,27.075775722784737,-1.2335552122609366,58.872753705061854,30.39,3.0,headache,S028
-0.18,1.65,27.39017318006576,-1.218002463384662,58.635114083645696,30.39,3.0,headache,S028
0.26,1.65,27.06340236952608,-0.9808331857222881,58.7135204905811,30.39,3.0,headache,S028
0.29,1.64,27.141885000835735,-1.6741602563597051,58.581535962676455,30.39,3.0,headache,S028
-0.61,1.64,27.14293787518087,-1.243627835309592,58.83329692146897,30.41,3.0,headache,S028
0.4,1.64,27.37529512948153,-1.5862349413960168,58.80609877046545,30.41,3.0,headache,S028
0.37,1.64,26.947932934218855,-1.4781835363790155,58.998171244298746,30.41,3.0,headache,S028
-0.18,1.63,27.572358206973483,-1.383732307332527,58.58056357737325,30.41,3.0,headache,S028
0.23,1.64,27.479264923997036,-1.2043574376765012,58.039358361744355,30.39,3.0,headache,S028
-0.47,1.65,27.53223497846036,-1.2182343073211381,58.59469596505285,30.39,3.0,headache,S028
-0.4,1.68,27.289112165874403,-1.418625534258577,58.42472039354361,30.39,3.0,headache,S028
0.51,1.73,27.185475181283866,-1.061735981476787,58.73453010388393,30.39,3.0,headache,S028
-0.23,1.79,27.53101490122207,-1.2658536490970906,58.607733041549615,30.41,3.0,headache,S028
0.77,1.84,27.30999118397456,-1.1487520958639184,58.914854644218195,30.41,3.0,headache,S028
-0.38,1.86,27.341837422559465,-1.2375965148974706,58.932991172650844,30.41,3.0,headache,S028
-0.92,1.86,27.235007632298863,-1.5077315135133058,58.540968916043674,30.41,3.0,headache,S028
0.65,1.86,27.030203801103138,-1.113987646605254,58.698190228785606,30.39,3.0,headache,S028
0.7,1.85,27.30032077935962,-1.376871300736743,58.97676238485058,30.39,3.0,headache,S028
-0.29,1.84,27.25743823711614,-1.3763619823766802,58.56624534297161,30.39,3.0,headache,S028
-0.58,1.83,27.289993527669072,-1.4762897744637717,58.84841367422844,30.39,3.0,headache,S028
-0.03,1.83,26.983338573321532,-1.2800495199137782,58.85383226255974,30.41,3.0,headache,S028
0.34,1.84,26.997010736139906,-1.142057241369918,58.59304341683898,30.41,3.0,headache,S028
0.03,1.85,26.572846449650683,-1.2958536262015858,58.966388824952425,30.41,3.0,headache,S028
-0.57,1.83,26.945398985401113,-1.33299484594887,58.9175653636876,30.41,3.0,headache,S028
0.2,1.84,26.821268343142943,-1.0705349445940089,58.932758116728664,30.41,3.0,headache,S028
0.22,1.83,26.8112711868034,-1.2118534433616874,59.075516275338124,30.41,3.0,headache,S028
0.26,1.82,26.731270594204815,-1.2035657339978756,58.77090155548217,30.41,3.0,headache,S028
-0.38,1.81,26.85570956186077,-1.209026598897828,58.9388698063906,30.41,3.0,headache,S028
0.31,1.81,26.962632113236765,-1.260420098002017,58.92239729167365,30.41,3.0,headache,S028
0.12,1.8,26.91161819012888,-1.4697737147407455,58.94173526907633,30.41,3.0,headache,S028
-0.53,1.8,26.6590582642095,-1.1074874905686145,58.907739213545334,30.41,3.0,headache,S028
0.24,1.81,26.795253683358037,-1.1126690545257578,58.96296693810972,30.41,3.0,headache,S028
0.18,1.82,26.778459577125393,-1.2061460079916615,59.017698583627215,30.41,3.0,headache,S028
-0.11,1.83,26.552606871467276,-1.2770356361594317,58.99084687165859,30.41,3.0,headache,S028
0.16,1.83,26.770557403850635,-1.2672849852093042,59.003203687705884,30.41,3.0,headache,S028
-0.53,1.84,26.852803844676032,-1.318234336817536,59.00228515938368,30.41,3.0,headache,S028
0.31,1.84,26.965033838904052,-1.409365942303844,58.99088182105865,30.43,3.0,headache,S028
0.47,1.84,26.92371830453654,-1.29733061654124,59.02209581559647,30.43,3.0,headache,S028
-0.12,1.83,26.812742603804082,-1.6625384109050028,58.91000882560739,30.43,3.0,headache,S028
-0.76,1.83,26.551099095648464,-1.2940329999253566,58.933410880421796,30.43,3.0,headache,S028
0.27,1.82,27.036799226528572,-1.1387936539294108,59.02499505670652,30.39,3.0,headache,S028
0.46,1.82,26.78447736246268,-1.2375367712590004,58.98543052058129,30.39,3.0,headache,S028
-0.01,1.81,26.661212029611757,-1.3265843380893556,59.009198414093184,30.39,3.0,headache,S028
-0.5,1.8,26.841292849401494,-1.2361348140540043,58.99459907042776,30.39,3.0,headache,S028
0.22,1.8,26.687378886377157,-1.4316416181911673,59.00201267490754,30.43,3.0,headache,S028
-0.15,1.8,26.424921511534933,-1.3512707184702832,59.00176516732265,30.43,3.0,headache,S028
0.16,1.79,26.718427588652595,-1.0100137499115316,58.9928195379735,30.43,3.0,headache,S028
0.26,1.78,26.99496471552274,-1.3998094392724614,59.018168750794196,30.43,3.0,headache,S028
-0.34,1.78,26.973382825682553,-1.4256151159191026,58.93248571982228,30.43,3.0,headache,S028
-0.15,1.78,26.89522411320664,-1.2130198741615643,58.90902259849312,30.43,3.0,headache,S028
0.79,1.77,26.881974348051468,-1.2414137989063145,59.03313750887847,30.43,3.0,headache,S028
-1.35,1.77,26.659044425489512,-1.2366570817517364,58.97810842070496,30.43,3.0,headache,S028
0.77,1.77,26.781319326390562,-0.8835788134148082,59.01699737716154,30.41,3.0,headache,S028
-0.18,1.76,26.525228909509714,-1.1762829318713364,58.98577841356297,30.41,3.0,headache,S028
-0.26,1.76,26.977956435167762,-0.9711957606025843,59.012422329796635,30.41,3.0,headache,S028
0.24,1.76,26.58040275696889,-1.2171188439680622,58.98883899772545,30.41,3.0,headache,S028
0.41,1.75,26.958262824129445,-1.0776416421223773,59.01023218441244,30.41,3.0,headache,S028
0.38,1.75,26.56487636026784,-0.9948774142523736,58.99047360578399,30.41,3.0,headache,S028
-0.83,1.75,26.764353239836147,-0.9836390177527473,59.00897967295825,30.41,3.0,headache,S028
-0.22,1.75,26.366706200822446,-1.1812420791728335,58.99144804637678,30.41,3.0,headache,S028
0.29,1.75,26.542370765729252,-1.2172504009019993,59.0082166226761,30.41,3.0,headache,S028
0.29,1.75,26.67649136500594,-1.1155145292404347,58.992045072519794,30.41,3.0,headache,S028
-0.25,1.74,26.717000132372235,-1.0221211927723477,59.00775257351738,30.41,3.0,headache,S028
0.59,1.74,26.90968531187123,-1.208195716398352,58.99240283672395,30.41,3.0,headache,S028
-0.31,1.74,26.68051804666298,-1.2589846543242365,59.007475464192574,30.43,3.0,headache,S028
-0.49,1.74,26.518707787409735,-1.1688790103006363,58.99263090986059,30.43,3.0,headache,S028
0.29,1.73,26.771354713413913,-0.9365747517235643,59.007245347987144,30.43,3.0,headache,S028
-0.24,1.73,26.56489465145865,-1.0781641923230205,58.99296658313035,30.43,3.0,headache,S028
0.09,1.72,26.495661303342,-1.104232684380937,59.00654829170751,30.41,3.0,headache,S028
0.06,1.73,26.535542678280066,-1.2969951885698587,58.99483615258379,30.41,3.0,headache,S028
0.21,1.72,26.639304064373135,-1.2044398455320389,58.99925649942682,30.41,3.0,headache,S028
-0.01,1.72,26.631707305417972,-1.2244620593736868,58.86270629597188,30.41,3.0,headache,S028
0.4,1.72,26.796384227246683,-1.126050191662495,59.02786044595941,30.39,3.0,headache,S028
-0.81,1.72,26.96099501627556,-1.2624456730250913,58.97277631296013,30.39,3.0,headache,S028
0.42,1.71,26.992324139374585,-1.2411456727635954,59.03585723840864,30.39,3.0,headache,S028
-0.33,1.71,26.762767713751927,-1.1468204347080448,58.91543577938075,30.39,3.0,headache,S028
0.24,1.71,26.612559485016504,-1.2045160185760284,58.92532914250499,30.39,3.0,headache,S028
0.23,1.71,26.518269886628747,-1.0946355070129943,59.01779732357867,30.39,3.0,headache,S028
0.17,1.7,26.71292496418897,-1.2108226088989733,58.99348529457774,30.39,3.0,headache,S028
-0.9,1.7,26.59649861972329,-1.115737693033952,59.00112069353745,30.39,3.0,headache,S028
0.41,1.7,26.951780370118374,-1.117221972499196,59.00279041800281,30.39,3.0,headache,S028
-0.01,1.7,26.96075133667603,-1.4445740396557656,58.99310611756495,30.39,3.0,headache,S028
0.0,1.69,27.04169388850852,-1.098911535528909,59.013411268821855,30.39,3.0,headache,S028
0.4,1.69,26.956395288894353,-1.2828135727888907,58.96653600169069,30.39,3.0,headache,S028
-0.38,1.69,26.76861913905648,-1.1639618166443604,58.887313321795666,30.41,3.0,headache,S028
-0.01,1.7,26.630676866768205,-1.3227360365136602,58.89667084176617,30.41,3.0,headache,S028
0.03,1.69,26.70861018554926,-1.1480490442065132,58.98520372075106,30.41,3.0,headache,S028
-0.1,1.69,26.73958404670159,-1.175527991045052,59.00928795497939,30.41,3.0,headache,S028
0.41,1.7,26.57209413990146,-0.9547247132980551,58.9934104403039,30.43,3.0,headache,S028
0.19,1.69,26.64280004007325,-1.2890940829778523,59.004906518207974,30.43,3.0,headache,S028
-0.79,1.68,26.53239934352524,-1.3552591343353386,58.99627734393889,30.43,3.0,headache,S028
-0.12,1.68,26.88636219046855,-1.4208375548462258,59.002822960897,30.43,3.0,headache,S028
0.8,1.68,26.675747645100802,-1.1906848329499349,58.997900541851735,30.41,3.0,headache,S028
-0.06,1.68,26.8543540217891,-1.2293377105946641,59.00149080014344,30.41,3.0,headache,S028
0.18,1.67,26.961992216153423,-1.1485133267336267,58.99904134953132,30.41,3.0,headache,S028
-0.43,1.67,26.805222339823867,-1.2270488497322414,59.000476939763395,30.41,3.0,headache,S028
-0.06,1.68,26.800378486221003,-1.0237011865361554,58.99997365418083,30.43,3.0,headache,S028
-0.51,1.67,26.426572661925803,-1.1482406947691508,58.999591087004475,30.43,3.0,headache,S028
0.17,1.67,26.712091833029493,-0.9520468517599954,59.00084326185346,30.43,3.0,headache,S028
0.55,1.66,26.363309410498296,-1.0525392505573519,58.99870836916318,30.43,3.0,headache,S028
-0.04,1.66,26.719086622955267,-0.9314821040898914,59.001771529383255,30.41,3.0,headache,S028
0.04,1.66,26.72461118347653,-1.3361611059668332,58.99769401348656,30.41,3.0,headache,S028
-0.18,1.66,26.921816631841168,-1.4690060906510034,59.002928503808434,30.41,3.0,headache,S028
0.56,1.66,26.84165649196976,-1.5744881615138522,58.99630749980426,30.41,3.0,headache,S028
-0.35,1.65,26.827674534629786,-1.1032758659758635,59.00469140067605,30.41,3.0,headache,S028
-0.23,1.66,26.67390314232646,-1.2827741086206024,58.99389311046713,30.41,3.0,headache,S028
-0.46,1.65,26.867981269217985,-1.2944372713945795,59.008344791521225,30.41,3.0,headache,S028
0.42,1.65,26.555933420477302,-1.1321639946104278,58.98748081424874,30.41,3.0,headache,S028
0.44,1.65,26.620727817146967,-1.1183565114323473,59.02305234494954,30.43,3.0,headache,S028
-0.25,1.65,26.617102903144033,-0.9705485053308868,58.909911951833685,30.43,3.0,headache,S028
-0.53,1.65,26.6822582144172,-1.028067875504776,58.93030817319718,30.43,3.0,headache,S028
0.24,1.65,26.438190645624235,-1.1988957623258123,59.03601621891365,30.43,3.0,headache,S028
-0.22,1.65,26.684034579006397,-1.2911279126318431,58.95392572337874,30.41,3.0,headache,S028
0.52,1.64,26.671410567131144,-1.5181827801573902,58.893195200114604,30.41,3.0,headache,S028
0.34,1.64,26.819489680812392,-1.144903797632835,59.016445350819026,30.41,3.0,headache,S028
-0.41,1.64,26.405590242500093,-1.3331410192486695,58.99135117315966,30.41,3.0,headache,S028
0.14,1.64,26.487391821251745,-1.415555248979238,59.00638143286651,30.43,3.0,headache,S028
-0.83,1.64,26.287931629273285,-1.4256278278737684,58.99440189684416,30.43,3.0,headache,S028
0.52,1.64,26.41881162711874,-1.2278736897553257,59.0053758884726,30.43,3.0,headache,S028
0.16,1.63,26.529892259844733,-1.1272742460966096,58.994680131533926,30.43,3.0,headache,S028
0.19,1.63,26.579197250325088,-1.3340773393272596,59.00491370909449,30.43,3.0,headache,S028
-0.01,1.63,26.585789315896864,-1.4428595059682754,58.9982842227664,30.43,3.0,headache,S028
-0.49,1.62,26.63938730732443,-1.3555488516119085,58.90510336022809,30.43,3.0,headache,S028
0.29,1.62,26.95415004758624,-1.5005577784287436,58.84460666626613,30.43,3.0,headache,S028
0.07,1.63,26.939506844105615,-1.1629113574419347,59.01217526329864,30.41,3.0,headache,S028
-0.24,1.64,26.84789533623565,-1.4127569032979401,58.87181065748879,30.41,3.0,headache,S028
0.63,1.65,26.987811038612712,-1.4032355952188298,58.99450359590433,30.41,3.0,headache,S028
-0.37,1.66,26.972558972722013,-1.190655923748633,58.974292295533175,30.41,3.0,headache,S028
0.19,1.66,27.040196137129115,-1.370445264955,58.880641682463946,30.41,3.0,headache,S028
-0.63,1.66,26.83106534548698,-1.323233583426602,59.02490019904015,30.41,3.0,headache,S028
-0.4,1.66,26.89806585540812,-1.299596042504175,58.985955859712135,30.41,3.0,headache,S028
0.6,1.66,26.696107754478273,-1.305101812057102,59.00949917216386,30.41,3.0,headache,S028
0.18,1.66,26.968517193320547,-1.098520814589892,58.99312141723066,30.43,3.0,headache,S028
0.1,1.66,26.72656947591222,-0.9500162179851125,59.005108043536765,30.43,3.0,headache,S028
0.19,1.66,26.613695561045255,-1.0452676870704305,58.99621320957331,30.43,3.0,headache,S028
-0.27,1.66,26.665573428801906,-1.2396875843810156,59.00272805281325,30.43,3.0,headache,S028
-0.28,1.66,26.58625920811434,-1.2467814293828388,58.998168730720934,30.43,3.0,headache,S028
0.09,1.66,26.845095577444155,-0.9539770099139997,59.00103612561508,30.43,3.0,headache,S028
-0.35,1.65,27.02716227667034,-1.2213012276361899,58.999697035231215,30.43,3.0,headache,S028
1.15,1.65,26.49713085184865,-1.68418564725838,58.999603306652155,30.43,3.0,headache,S028
-0.41,1.64,26.671401201653463,-1.542680442336715,59.001085274462376,30.43,3.0,headache,S028
-0.0,1.64,26.823585640852002,-1.0870138702271366,58.99821773895555,30.43,3.0,headache,S028
-0.41,1.64,26.35902833520338,-1.094279231544766,59.00250638216367,30.43,3.0,headache,S028
0.19,1.63,26.38212625205391,-1.2511793508350821,58.996722520937745,30.43,3.0,headache,S028
-0.39,1.63,26.5987352759005,-1.2615294122341796,59.00411847065487,30.41,3.0,headache,S028
0.89,1.62,26.916403163749152,-1.1375394441741011,58.99494214836604,30.41,3.0,headache,S028
-0.54,1.62,26.81725180228113,-1.2221163178117935,59.00613333772405,30.41,3.0,headache,S028
-0.28,1.62,26.853195970887526,-1.147091501523195,58.99260226609849,30.41,3.0,headache,S028
0.24,1.62,26.484013779007498,-1.3820442849481716,59.00892915941832,30.43,3.0,headache,S028
0.17,1.61,26.672176850110056,-1.1420019784807243,58.989149704837104,30.43,3.0,headache,S028
-0.15,1.61,26.525204306706033,-1.2022401949596602,59.01336794926122,30.43,3.0,headache,S028
0.03,1.61,27.040234109134346,-1.2471726872705762,58.98313606235733,30.43,3.0,headache,S028
0.24,1.61,26.543767212096085,-1.722574075001105,59.02213788321859,30.41,3.0,headache,S028
0.34,1.6,26.82451469709538,-1.0467827453405898,58.968780751939306,30.41,3.0,headache,S028
-0.91,1.6,26.92785882076913,-1.0907788251480468,59.051368709373655,30.41,3.0,headache,S028
0.02,1.6,26.96803945277622,-0.718661314181433,58.84976931716018,30.41,3.0,headache,S028
0.2,1.59,26.97910254890209,-0.4478274393534249,58.7073692245491,30.39,3.0,headache,S028
-0.12,1.59,26.440098999494282,-1.507001991834939,59.050838506637554,30.39,3.0,headache,S028
1.04,1.59,26.499222456759455,-1.5636305769533245,58.97748900486033,30.39,3.0,headache,S028
-0.38,1.59,26.219585833395307,-1.7375869386843197,59.004275550102555,30.39,3.0,headache,S028
-0.41,1.59,26.08899123351229,-1.6212978670432965,59.035823056887295,30.41,3.0,headache,S028
-0.18,1.59,25.696045987955117,-2.50683362299732,59.11717900475929,30.41,3.0,headache,S028
0.15,1.59,26.512902966664655,-2.27235892890381,58.9581336842019,30.41,3.0,headache,S028
0.18,1.59,26.39592995346135,-1.4831658800869276,59.0289244160827,30.41,3.0,headache,S028
-0.22,1.58,26.994213235334144,-0.17109439975929475,58.97694482840617,30.41,3.0,headache,S028
0.16,1.58,27.119792375065202,-0.23363410440750185,59.01954214410494,30.41,3.0,headache,S028
0.06,1.58,26.465838303890994,-1.2762414340154842,58.982859513708384,30.41,3.0,headache,S028
-0.27,1.57,26.246048423071432,-1.4792151783005378,59.01536615559408,30.41,3.0,headache,S028
0.08,1.57,26.109747447332758,-1.675495374528002,58.986013164489286,30.43,3.0,headache,S028
-0.31,1.57,26.378635503302,-1.2780650426068225,59.01287509360579,30.43,3.0,headache,S028
0.81,1.57,26.441934036633096,-1.2367740317397222,58.988045730233694,30.43,3.0,headache,S028
-0.55,1.57,26.33076752402471,-1.0397505257336557,59.011175020600675,30.43,3.0,headache,S028
-0.08,1.56,26.629771250563785,-1.1775505092023968,58.98949610349495,30.41,3.0,headache,S028
0.31,1.56,26.73442711535678,-0.9834259578932307,59.0099172678267,30.41,3.0,headache,S028
0.36,1.56,26.730163246044814,-1.0592634585117868,58.99060213465791,30.41,3.0,headache,S028
-0.62,1.56,26.180994379793198,-1.2280524939693,59.00893269731143,30.41,3.0,headache,S028
0.27,1.55,26.402364196186667,-0.9716726615010106,58.9914882638829,30.41,3.0,headache,S028
-0.23,1.55,26.377638153406842,-1.0131768708695348,59.008127056630784,30.41,3.0,headache,S028
-0.15,1.55,26.21830102847219,-1.1974644699029064,58.992227749584835,30.41,3.0,headache,S028
0.38,1.55,26.278727933491833,-1.2849003203214902,59.00744201364697,30.41,3.0,headache,S028
-0.22,1.54,26.87380179050116,-0.9692194256255449,58.99286815319961,30.41,3.0,headache,S028
-0.06,1.54,26.311358137894622,-0.9094157426073576,59.00683782677659,30.41,3.0,headache,S028
0.31,1.54,26.453035368899197,-1.948062714429549,58.993443574805546,30.41,3.0,headache,S028
-0.02,1.54,26.40539023091839,-1.5408560329001924,59.006284353982075,30.41,3.0,headache,S028
0.04,1.54,26.444037354374178,-1.4051454277776714,58.99398157673646,30.41,3.0,headache,S028
-0.08,1.53,26.409711355275242,-1.2559007687663626,59.005755397771715,30.41,3.0,headache,S028
0.17,1.53,26.76935629583847,-0.9628774144202559,58.99450816316067,30.41,3.0,headache,S028
-0.62,1.53,26.156720844481914,-1.1916343517587205,59.00522389896973,30.41,3.0,headache,S028
-0.1,1.52,26.102049070440245,-1.2096080935131863,58.99505291631565,30.41,3.0,headache,S028
0.18,1.52,26.320236016727858,-1.1805195842749479,59.004655867865715,30.41,3.0,headache,S028
0.61,1.52,26.464924220951236,-1.205640806031326,58.99565683486248,30.41,3.0,headache,S028
0.35,1.52,26.524573268910185,-1.2376782022133521,59.00399948233031,30.41,3.0,headache,S028
-0.45,1.52,26.594495375120417,-1.2937059952046301,58.99638846097066,30.43,3.0,headache,S028
-0.53,1.51,26.550159358793657,-0.9128517780304508,59.003159889770735,30.43,3.0,headache,S028
0.34,1.51,26.578320329129316,-1.1773515831834545,58.99738541955353,30.43,3.0,headache,S028
-0.03,1.51,26.40611163854814,-0.9655768413936333,59.00192663048623,30.43,3.0,headache,S028
0.1,1.51,26.47072979844104,-1.0494431643885176,58.99899023320176,30.41,3.0,headache,S028
0.17,1.5,26.232767175674915,-0.9248507286806426,58.99969634676054,30.41,3.0,headache,S028
-1.1,1.5,26.548036349760498,-1.3149122955673462,59.002388095270035,30.41,3.0,headache,S028
0.48,1.51,26.516460293005842,-1.3850329183426702,58.99371552821343,30.41,3.0,headache,S028
0.41,1.5,26.5155430078009,-1.1428985951250625,59.016359139025,30.41,3.0,headache,S028
0.36,1.5,26.63640898608972,-1.099080180013762,58.89430659258508,30.41,3.0,headache,S028
-0.18,1.49,26.23297752508869,-0.96486983033254,58.95529721913192,30.41,3.0,headache,S028
-0.09,1.5,26.354380568420023,-1.0449106086975752,59.02290067135226,30.41,3.0,headache,S028
-0.28,1.49,26.310526604832667,-1.2888025606252287,58.98288609695876,30.43,3.0,headache,S028
-0.09,1.49,26.205467523414136,-1.405251493343839,59.01459322378971,30.43,3.0,headache,S028
0.49,1.49,26.28706620752179,-1.1552507559783958,58.986613081543844,30.43,3.0,headache,S028
-0.48,1.49,26.170839967126383,-1.0465825262514517,59.01300031952578,30.43,3.0,headache,S028
0.13,1.49,26.20806873844422,-1.1930857268579638,58.98653721895488,30.39,3.0,headache,S028
-0.36,1.48,26.276523375006317,-1.1850084414571977,59.01552714921259,30.39,3.0,headache,S028
0.92,1.48,26.514425121175293,-1.0879015280378905,58.97600960356331,30.39,3.0,headache,S028
-0.4,1.48,26.377992067459402,-1.08138955203032,58.88455550183506,30.39,3.0,headache,S028
0.13,1.47,26.471356650057203,-1.0290407219601996,59.007288100349705,30.41,3.0,headache,S028
-0.3,1.47,26.415814633316792,-1.1398176019249515,58.99850324936425,30.41,3.0,headache,S028
-0.08,1.47,26.309034355255378,-1.1728788022439358,58.99972753586225,30.41,3.0,headache,S028
0.14,1.47,26.439750822518217,-0.8625376596710811,59.00091016581025,30.41,3.0,headache,S028
0.07,1.47,26.227709460479748,-1.2898951356115533,58.99898331437264,30.41,3.0,headache,S028
0.09,1.46,26.006227856442237,-1.005569556409291,59.000749252374526,30.41,3.0,headache,S028
0.08,1.46,26.674918740833657,-1.2506052453050942,58.999919307320496,30.41,3.0,headache,S028
-0.55,1.46,26.64993466759803,-1.0179305286827545,58.99877055060198,30.41,3.0,headache,S028
0.36,1.46,26.667728796325743,-1.0454977316619627,59.0040501409069,30.39,3.0,headache,S028
0.18,1.45,26.429071226998055,-1.0776910185664514,58.98666942179874,30.39,3.0,headache,S028
-0.53,1.45,26.558165182635303,-1.1634799904526567,58.874341646415914,30.39,3.0,headache,S028
0.16,1.45,26.087335255721207,-1.1170341387089495,59.017109659805215,30.39,3.0,headache,S028
0.02,1.45,26.37047121772513,-0.9741603515581311,58.98947958142485,30.39,3.0,headache,S028
0.14,1.45,26.486999501357158,-0.9973301673547963,59.007884700810116,30.39,3.0,headache,S028
0.49,1.45,26.459042651320914,-1.065140382757599,58.99380557615145,30.39,3.0,headache,S028
-0.37,1.45,26.226566059938268,-1.0844032524546374,59.00468318447075,30.39,3.0,headache,S028
-0.17,1.45,26.275224871067586,-1.0770265511975934,58.997160642818336,30.41,3.0,headache,S028
-0.18,1.45,26.404916549367293,-1.0589508990468472,58.99966212526381,30.41,3.0,headache,S028
0.15,1.45,26.347838704604676,-1.0952676413061189,59.00993339719597,30.41,3.0,headache,S028
0.04,1.46,26.52456212020794,-1.1322484785492997,59.12914089778574,30.41,3.0,headache,S028
0.39,1.46,26.20685482538662,-0.9886810471042845,58.97916162059871,30.39,3.0,headache,S028
-0.26,1.46,26.47481519142222,-1.013843490514707,59.01431702655884,30.39,3.0,headache,S028
-0.18,1.46,26.51029805168762,-0.9792390253146079,58.98808744130752,30.39,3.0,headache,S028
-0.41,1.46,26.41125801756815,-1.257002350606191,59.01064314074162,30.39,3.0,headache,S028
-0.31,1.46,26.548722166402882,-0.9977378750591213,58.9901485275627,30.43,3.0,headache,S028
1.52,1.45,26.335302214890053,-1.0804475375100655,59.00930812377008,30.43,3.0,headache,S028
0.13,1.44,26.183855048421076,-1.2020000152514805,58.991088328988226,30.43,3.0,headache,S028
-1.11,1.44,26.292227717692313,-0.9554072902069625,59.00861013715162,30.43,3.0,headache,S028
0.42,1.45,26.18733128182684,-1.0429964074479934,58.991625977714165,30.41,3.0,headache,S028
-0.04,1.44,26.403846907833042,-0.9425193420334114,59.00818527988432,30.41,3.0,headache,S028
0.05,1.44,26.75382609421055,-1.1716934627737037,58.99196778264951,30.41,3.0,headache,S028
-0.49,1.43,26.15996942853502,-1.385856147383334,59.007906907145546,30.41,3.0,headache,S028
0.14,1.44,26.414512591780273,-0.9451397641308901,58.99219622676324,30.39,3.0,headache,S028
0.78,1.43,26.423818650932287,-1.2629199906159085,59.00771877261666,30.39,3.0,headache,S028
-0.14,1.43,26.363074446977485,-1.2770021516549286,58.992351102184884,30.39,3.0,headache,S028
-1.24,1.42,26.289703124104793,-0.957268770528623,59.00759186185825,30.39,3.0,headache,S028
-0.11,1.43,26.388726226210938,-1.1200574660584561,58.99245410843662,30.41,3.0,headache,S028
0.85,1.42,26.405984568742436,-1.1824532764296138,59.00750958757604,30.41,3.0,headache,S028
0.14,1.42,26.38991183350885,-0.9850919954503123,58.99251817318659,30.41,3.0,headache,S028
0.23,1.42,26.462550218585996,-0.9751558571079302,59.007461692535145,30.41,3.0,headache,S028
0.07,1.42,26.590475302638108,-1.1607392187280525,58.992551577239375,30.43,3.0,headache,S028
-0.46,1.42,26.873896375002072,-1.1412749642780518,59.007441371008284,30.43,3.0,headache,S028
0.03,1.42,26.468283879783797,-0.9533444959703612,58.992560024687904,30.43,3.0,headache,S028
0.45,1.41,26.46427013888624,-1.0275446946900222,59.0074437327076,30.43,3.0,headache,S028
-0.46,1.41,26.575131117984576,-1.1074379815967232,58.992547822844934,30.41,3.0,headache,S028
-0.26,1.41,26.281557245497655,-1.0108416312879471,59.00746485939024,30.41,3.0,headache,S028
0.37,1.41,26.363237827294043,-0.9937123947602131,58.992518672427686,30.41,3.0,headache,S028
0.21,1.41,26.465487204268502,-1.1280067802723432,59.00750110798901,30.41,3.0,headache,S028
-0.46,1.4,26.53987361135892,-1.002091194511023,58.99247631433243,30.41,3.0,headache,S028
-0.59,1.41,26.633451419315296,-1.195703453546238,59.00754848595679,30.41,3.0,headache,S028
1.14,1.4,26.57596267964598,-1.1648530042039038,58.99242513906894,30.41,3.0,headache,S028
-0.29,1.4,26.665163871571743,-1.0026412353349647,59.007602091239164,30.41,3.0,headache,S028
-0.01,1.4,26.605890064101462,-1.0641606304354574,58.992370568765125,30.41,3.0,headache,S028
0.18,1.39,26.188556924832415,-1.105595771684675,59.00765627192218,30.41,3.0,headache,S028
0.18,1.4,26.5521436639522,-1.2107100280950545,58.992317365067564,30.41,3.0,headache,S028
-0.11,1.39,26.504755310111154,-0.9996700269994623,59.007710680257844,30.41,3.0,headache,S028
-0.55,1.38,26.531555061583983,-1.0249009683746937,58.99225016096634,30.41,3.0,headache,S028
-0.41,1.39,26.549462881875073,-1.1279685431089517,59.007838967576006,30.41,3.0,headache,S028
0.52,1.38,26.421062240355013,-0.9483823650636535,58.99179184188132,30.41,3.0,headache,S028
0.26,1.38,26.48821129926258,-0.897596730874497,58.88208448217656,30.41,3.0,headache,S028
0.05,1.38,26.194132353442996,-1.393000308007228,58.99419819877651,30.41,3.0,headache,S028
0.13,1.38,26.537602083565023,-1.344429906576789,59.005811237689294,30.41,3.0,headache,S028
-0.15,1.38,26.304755905144685,-1.4863064025640222,58.99481304700827,30.41,3.0,headache,S028
-0.29,1.37,26.51231872874295,-0.9033106658558206,59.0037112404399,30.41,3.0,headache,S028
0.07,1.37,26.416939470947685,-1.0197858514751543,58.87214412227921,30.41,3.0,headache,S028
0.28,1.37,26.4148683022258,-1.1000742880267513,59.127553640834655,30.41,3.0,headache,S028
0.2,1.37,26.2619948884644,-1.1784941929759754,59.00184723941697,30.41,3.0,headache,S028
-0.8,1.37,26.106408864531335,-1.7389611063749022,58.98492607451721,30.41,3.0,headache,S028
-0.19,1.37,25.98172034624937,-2.082663817728394,59.071760548010246,30.43,3.0,headache,S028
0.89,1.37,25.891528327182048,-1.7714709970899527,59.24165677679462,30.43,3.0,headache,S028
0.39,1.37,25.59611330184951,-1.7063078463768022,58.904065422171975,30.43,3.0,headache,S028
-0.64,1.36,25.823393459988587,-1.6582571165948932,59.207347560414526,30.43,3.0,headache,S028
-0.03,1.36,25.349442784697427,-1.771044421485514,59.089829350237935,30.41,3.0,headache,S028
0.09,1.36,25.95511859811287,-1.0308710185894325,59.000412116061845,30.41,3.0,headache,S028
-0.41,1.36,25.990630746264582,-0.8213865974479728,59.01430673188581,30.41,3.0,headache,S028
0.5,1.36,25.762191151116326,-1.537142588980749,59.190571990705,30.41,3.0,headache,S028
-0.65,1.35,25.742503946649265,-0.8849973251486416,59.01970122799594,30.41,3.0,headache,S028
0.51,1.35,25.577791328529088,-1.239990951270711,59.11092158747834,30.41,3.0,headache,S028
0.05,1.35,25.460139273695496,-1.749302082105412,59.23537936725573,30.41,3.0,headache,S028
0.43,1.35,25.20161459170243,-1.7259013636005698,59.32295097569427,30.41,3.0,headache,S028
-0.43,1.34,25.883214338276787,-1.099824983123173,59.13340908442885,30.43,3.0,headache,S028
-0.24,1.34,25.456446785713354,-1.614036354675517,59.1459417657672,30.43,3.0,headache,S028
-0.03,1.35,25.752876116737404,-1.1804876852274975,59.12619788923015,30.43,3.0,headache,S028
-0.46,1.34,25.65202642159294,-1.3871192970424528,59.178011102930846,30.43,3.0,headache,S028
0.2,1.34,25.429336329400556,-1.4652481005263085,59.002082534434706,30.41,3.0,headache,S028
0.53,1.33,25.42794936809182,-1.3936030246805682,59.19211870790594,30.41,3.0,headache,S028
0.11,1.34,25.634327069555912,-1.2868650942762572,59.09760971424538,30.41,3.0,headache,S028
-0.06,1.33,25.744305384039478,-1.121720342085482,58.96595759052129,30.41,3.0,headache,S028
0.06,1.33,25.828106751912348,-1.203471458501885,59.01792841103836,30.43,3.0,headache,S028
-0.23,1.33,25.804487931660574,-1.1335460704111349,58.99085647263736,30.43,3.0,headache,S028
-0.73,1.33,25.59074017912189,-0.9518048128101848,59.002478072863845,30.43,3.0,headache,S028
0.73,1.33,25.96832014223653,-1.0422453622722345,59.13329718846715,30.43,3.0,headache,S028
0.1,1.33,25.913587460811208,-0.9554341948702846,58.97133480309847,30.43,3.0,headache,S028
-0.11,1.32,25.723765137181452,-1.0575400360925238,59.21232461801579,30.43,3.0,headache,S028
0.11,1.33,25.568198676656664,-1.0741497775261306,59.081673610831935,30.43,3.0,headache,S028
-0.35,1.32,25.842242808784235,-1.0997353576178768,58.96034650432635,30.43,3.0,headache,S028
0.15,1.32,25.490567633199824,-1.1615985666015136,59.030682091055844,30.43,3.0,headache,S028
0.16,1.32,25.726501475087098,-1.3547706462779692,58.96903900797212,30.43,3.0,headache,S028
0.16,1.32,25.765033093003453,-1.4472304001221992,59.050232007196236,30.43,3.0,headache,S028
-0.64,1.32,25.89104158635991,-1.413452211203983,59.10354860601702,30.43,3.0,headache,S028
0.85,1.32,25.786756551108237,-1.2881197875789538,58.98208134886488,30.41,3.0,headache,S028
-0.06,1.31,25.882279291787953,-1.3622267683034128,59.00957444338738,30.41,3.0,headache,S028
0.11,1.31,25.857987794843517,-1.0225003750810875,58.99261024213891,30.41,3.0,headache,S028
-0.95,1.32,26.20699882710187,-0.8339316112923777,59.007073517176295,30.41,3.0,headache,S028
-0.42,1.32,26.28648219277638,-0.6965312701914326,58.99229169401326,30.41,3.0,headache,S028
0.46,1.32,25.804681194808868,-1.2300863376042903,59.00912414008766,30.41,3.0,headache,S028
0.41,1.32,26.097426252458956,-1.1510315917653413,58.988437691981616,30.41,3.0,headache,S028
0.06,1.32,26.048715655927392,-1.1422755845560548,59.01600263283983,30.41,3.0,headache,S028
0.3,1.32,26.206175683870374,-0.8522488827087499,58.973263338745994,30.43,3.0,headache,S028
-0.28,1.31,25.9833826466749,-0.7700443809087187,59.12072369092676,30.43,3.0,headache,S028
0.2,1.31,25.96545443866466,-1.2588124190329515,59.02575913095809,30.43,3.0,headache,S028
-0.14,1.31,26.061669955507877,-1.161315312209632,58.99799004165231,30.43,3.0,headache,S028
-0.05,1.31,26.001806193582635,-1.4435128132042334,58.987545296082594,30.41,3.0,headache,S028
0.35,1.3,25.710970198362013,-1.280288229380171,59.053431935345074,30.41,3.0,headache,S028
-0.47,1.31,25.740128765808205,-1.4333346070503994,59.102533853286,30.41,3.0,headache,S028
-0.23,1.33,25.699640400053724,-1.1535431852831461,58.96692680145284,30.41,3.0,headache,S028
0.06,1.37,25.960507902753033,-0.926485742085359,59.02212268536271,30.41,3.0,headache,S028
0.54,1.41,25.688550954068056,-1.2917620170811435,59.110315880081494,30.41,3.0,headache,S028
-0.47,1.47,26.06535460583054,-1.1356036857680802,59.00937419895079,30.41,3.0,headache,S028
-0.28,1.53,26.013851003771777,-0.9766604547334256,58.99157717101398,30.41,3.0,headache,S028
0.26,1.57,25.98828449286324,-0.9966515272860678,59.00731095507105,30.43,3.0,headache,S028
0.91,1.58,26.01189565965425,-1.102527075335908,58.99364352769236,30.43,3.0,headache,S028
-0.33,1.58,25.984222419618824,-1.0431043671525406,59.005552004698025,30.43,3.0,headache,S028
-0.94,1.58,26.029376387277424,-0.9775779820976921,58.99513408224193,30.43,3.0,headache,S028
0.53,1.56,25.856377026624678,-1.0178818571433854,59.00427105443972,30.41,3.0,headache,S028
-0.23,1.55,25.84158010759127,-1.1106924950351436,58.99625317961513,30.41,3.0,headache,S028
0.59,1.54,26.05399414814422,-1.0152286323043724,59.003277841927414,30.41,3.0,headache,S028
-0.19,1.53,25.959397606246267,-0.96770988999893,58.99714747178707,30.41,3.0,headache,S028
0.07,1.52,26.036745283021382,-1.1941822929090797,59.00246198405245,30.41,3.0,headache,S028
-0.66,1.5,25.963559883355828,-1.1176896875947673,58.99790075763224,30.41,3.0,headache,S028
0.36,1.5,26.038571720142635,-0.9239581575490459,59.00175872768221,30.41,3.0,headache,S028
0.41,1.49,25.956234868291943,-1.0869426501580701,58.99856412234695,30.41,3.0,headache,S028
-0.21,1.48,26.056099595625593,-1.0305354022599218,59.00112687149681,30.41,3.0,headache,S028
0.32,1.48,25.885229740319392,-1.2661602121533708,58.99917156901292,30.41,3.0,headache,S028
-0.23,1.47,25.960682652033306,-1.179410774370499,59.00053767125755,30.41,3.0,headache,S028
-0.46,1.47,25.975714107590374,-0.9712770775064619,58.999748013512296,30.41,3.0,headache,S028
0.17,1.47,25.896673349359112,-1.1126109755541527,58.999968961251916,30.41,3.0,headache,S028
0.19,1.47,25.988695268706667,-1.1629936853776566,59.00031369660247,30.41,3.0,headache,S028
-0.7,1.46,26.028990821090357,-1.2108481557323487,58.99940180091466,30.41,3.0,headache,S028
1.1,1.46,25.950032095647654,-1.2834889967441405,59.00088668223951,30.41,3.0,headache,S028
-0.4,1.45,26.160700308386723,-1.481638659798559,58.99881887371621,30.43,3.0,headache,S028
0.13,1.45,25.88749998901226,-1.4746331209407972,59.00148306297747,30.43,3.0,headache,S028
-0.14,1.44,26.421901182158685,-1.017770656630385,58.998207321846714,30.43,3.0,headache,S028
-0.69,1.44,26.246626976837025,-1.3968604721937392,59.002105955393375,30.43,3.0,headache,S028
0.87,1.43,25.90989527912981,-1.3616510559400168,58.99759581515257,30.43,3.0,headache,S028
0.04,1.43,26.074575042765627,-1.2196420451244225,59.00260340922489,30.43,3.0,headache,S028
-0.89,1.42,26.221649826112273,-1.0761735299984323,58.99787317681391,30.43,3.0,headache,S028
0.13,1.42,26.243916210519334,-1.1412464214068478,59.13206552899002,30.43,3.0,headache,S028
0.81,1.42,26.312864492708783,-1.3883332603450116,59.116897134253804,30.41,3.0,headache,S028
-0.37,1.42,26.13014719374504,-1.6054553257452735,59.005761840148175,30.41,3.0,headache,S028
-0.06,1.42,26.016151098958982,-1.7724590462563379,59.12064484196103,30.41,3.0,headache,S028
-0.19,1.41,26.021155518835368,-1.7144861175301056,59.00219573441531,30.41,3.0,headache,S028
0.32,1.41,26.13219877904391,-1.7763985158458153,58.99560836426222,30.45,3.0,headache,S028
-0.13,1.4,26.157741554688368,-1.8423177391477206,59.00571656093565,30.45,3.0,headache,S028
1.0,1.4,26.55545944200264,-1.79472157274199,58.99307013616768,30.45,3.0,headache,S028
-0.73,1.4,26.362441332859444,-1.5131753571475046,59.008234674751826,30.45,3.0,headache,S028
-0.62,1.4,26.485819802670054,-1.360345488317066,58.990239841950974,30.43,3.0,headache,S028
0.26,1.39,26.272579556624606,-1.4426138866273015,59.01165129028748,30.43,3.0,headache,S028
-0.15,1.39,26.221390012056062,-1.3814815059346572,58.98587348103527,30.43,3.0,headache,S028
0.39,1.39,26.291217724531222,-1.366954805118839,59.017574228697406,30.43,3.0,headache,S028
-0.04,1.39,26.065089069989124,-1.4517484715503581,58.97720484246198,30.43,3.0,headache,S028
0.04,1.39,25.836921664864715,-1.497412644312734,59.03180396757627,30.43,3.0,headache,S028
-0.17,1.38,25.714459288750593,-1.8556766685360382,58.94818490811154,30.43,3.0,headache,S028
0.36,1.38,25.626837040760627,-1.683949302516386,59.15558768014298,30.43,3.0,headache,S028
-0.07,1.38,25.145601019780894,-2.2943781885770016,59.14116006670365,30.43,3.0,headache,S028
0.38,1.38,25.6402275011386,-1.7576715988241784,59.07467886948769,30.43,3.0,headache,S028
-0.41,1.38,25.584733303888143,-1.6686524097985367,59.046520076586326,30.43,3.0,headache,S028
-0.1,1.38,25.693631823878633,-1.8216758591963607,59.072109673169685,30.43,3.0,headache,S028
-0.22,1.37,25.464493300091238,-1.9049047786628244,59.06947299786618,30.43,3.0,headache,S028
0.4,1.36,25.62939311318732,-1.7568233662245367,58.94780784737224,30.43,3.0,headache,S028
-0.3,1.36,25.96583407935775,-1.7446293356294476,59.068149978222486,30.43,3.0,headache,S028
0.32,1.37,25.95387958896715,-1.6315380274670337,59.08839046827515,30.43,3.0,headache,S028
-0.26,1.36,25.9558802749325,-1.5487277765830405,58.9945457882874,30.43,3.0,headache,S028
-0.03,1.36,25.611047578805383,-1.7073476901808962,58.997127801174564,30.43,3.0,headache,S028
0.35,1.35,25.719151066354822,-1.9399814595180496,59.005326635699674,30.43,3.0,headache,S028
-0.92,1.36,26.098070623525228,-1.775245592592633,58.99404667804318,30.43,3.0,headache,S028
0.09,1.35,25.586087573330676,-1.9084580768605701,59.003988726088146,30.43,3.0,headache,S028
0.21,1.35,25.736619954816806,-1.9392640264716068,59.10104908164063,30.43,3.0,headache,S028
0.54,1.34,25.767982344764466,-1.7002886058154152,59.151222571947585,30.43,3.0,headache,S028
-0.25,1.35,25.45395215172397,-1.5764374442094253,58.98211890593757,30.43,3.0,headache,S028
0.05,1.34,25.5306412478469,-1.3853476549088488,59.078394592384335,30.43,3.0,headache,S028
-0.59,1.34,25.629034971974463,-1.8515697721262538,59.0814137807549,30.43,3.0,headache,S028
0.83,1.34,25.49730879614662,-1.7181386760771136,58.965172656197076,30.43,3.0,headache,S028
0.1,1.35,25.492095160646873,-2.113843614390161,59.0293772291171,30.43,3.0,headache,S028
-0.78,1.34,25.76105404557343,-1.9281539591654397,58.96331153609699,30.43,3.0,headache,S028
0.48,1.34,25.74360378803561,-2.0491063798065103,59.111132249216794,30.43,3.0,headache,S028
0.15,1.33,25.717329454404425,-1.9679600438709048,59.042162180217886,30.43,3.0,headache,S028
-0.48,1.33,25.569610459146453,-2.0149377312666563,59.0986909055278,30.43,3.0,headache,S028
-0.11,1.34,25.52707229265721,-2.0087622435816748,59.041377754154766,30.43,3.0,headache,S028
0.78,1.33,25.66338407096412,-1.6439852583133792,59.11176711287912,30.43,3.0,headache,S028
0.18,1.32,25.73540631347236,-1.8154840311962457,58.985156191378316,30.43,3.0,headache,S028
-0.93,1.33,25.864589363328136,-1.9371987286834482,59.11604706598202,30.43,3.0,headache,S028
0.03,1.33,25.482148953944943,-1.592981435627886,59.21910984400874,30.41,3.0,headache,S028
0.14,1.32,25.34365581084502,-1.8714535848463318,59.09622301518572,30.41,3.0,headache,S028
-0.09,1.32,25.30091750971767,-2.010346976011439,59.14490856063971,30.41,3.0,headache,S028
0.57,1.32,25.591091844957166,-1.8257025543490928,59.29986816069476,30.41,3.0,headache,S028
-0.1,1.32,25.55531393827093,-1.8822617036673244,59.11652956362046,30.43,3.0,headache,S028
-0.2,1.31,25.63514623572032,-1.819200624173755,59.08132932427621,30.43,3.0,headache,S028
-0.3,1.3,25.759549055902045,-1.9391466070473171,59.071617620714015,30.43,3.0,headache,S028
0.43,1.31,25.395025977045332,-2.0452785018690185,59.28668337788046,30.43,3.0,headache,S028
-0.34,1.31,25.669865804558047,-1.9741700538488478,59.11458453174612,30.43,3.0,headache,S028
0.19,1.3,25.42634568067497,-1.8656467398912997,59.076817546680296,30.43,3.0,headache,S028
0.18,1.3,25.5545870298516,-1.2435149167777044,59.02683628620507,30.43,3.0,headache,S028
-0.46,1.3,25.88747903711383,-1.6628222808034496,59.11232370718876,30.43,3.0,headache,S028
0.07,1.3,25.506371180756286,-1.112148118674885,59.23022049946713,30.43,3.0,headache,S028
-0.26,1.3,25.478834345397495,-1.9059926496132151,59.024400553188514,30.43,3.0,headache,S028
0.93,1.29,25.46758458024199,-1.61045548102262,59.10456808910728,30.43,3.0,headache,S028
-0.56,1.3,25.404866410674362,-1.676540164310558,59.07582004979492,30.43,3.0,headache,S028
-0.15,1.3,25.467764487171557,-1.893066019004186,59.2980797178734,30.43,3.0,headache,S028
0.11,1.29,25.302084358732376,-1.8300586649544452,59.41515128195135,30.43,3.0,headache,S028
-0.15,1.29,25.12276753643783,-1.9319156560549648,59.19046425642575,30.43,3.0,headache,S028
0.49,1.29,25.334884272757535,-2.0469378444182214,59.08740678468307,30.43,3.0,headache,S028
-0.04,1.29,25.787353135822304,-1.9589897265952307,59.07419551727217,30.43,3.0,headache,S028
-0.81,1.28,25.686797945417972,-1.8460715610768215,58.998849345874014,30.43,3.0,headache,S028
0.84,1.28,25.205309131721485,-1.8443544915596812,58.969868293885696,30.43,3.0,headache,S028
0.56,1.28,25.763950537096864,-1.9938127515399078,59.164516640908595,30.43,3.0,headache,S028
-0.87,1.28,25.56027910358154,-1.7597100382881894,59.25999660146173,30.41,3.0,headache,S028
-0.15,1.28,25.486577616252468,-1.6929937466110587,58.95751157210587,30.41,3.0,headache,S028
0.09,1.28,25.78019146714731,-1.7226023811129527,59.03288616917478,30.41,3.0,headache,S028
-0.21,1.28,25.557822328069324,-1.7662574275927305,59.157362711191915,30.41,3.0,headache,S028
0.67,1.28,25.59148806549615,-1.9597334070392105,59.09956343489907,30.45,3.0,headache,S028
-0.31,1.27,25.62446060637899,-2.1658383132712875,58.961687315045666,30.45,3.0,headache,S028
-0.04,1.28,25.841117721323382,-1.0083036131917482,59.027798144918535,30.45,3.0,headache,S028
-0.05,1.27,26.012642537657676,-0.7156764252868295,58.97655688642102,30.45,3.0,headache,S028
-0.2,1.28,25.47382348024553,-1.5368153674119167,59.02537141169569,30.41,3.0,headache,S028
0.12,1.27,25.429375017354644,-1.5414030050767393,59.15566870352426,30.41,3.0,headache,S028
0.05,1.28,25.55332149804737,-1.8261115987721435,59.21693538649024,30.41,3.0,headache,S028
0.1,1.28,25.62261507464036,-1.857841521730992,58.97798689333507,30.41,3.0,headache,S028
0.31,1.28,25.577333876060486,-1.9065924764371822,59.02148427979904,30.45,3.0,headache,S028
-0.24,1.28,25.449616331945318,-1.6140935572775266,59.18160622591893,30.45,3.0,headache,S028
0.3,1.28,25.363091338346997,-2.058652889083561,59.34290847083088,30.45,3.0,headache,S028
-0.5,1.28,25.545917888429045,-1.6404915899846106,59.19744545341,30.45,3.0,headache,S028
-0.02,1.27,25.137206981372476,-1.9035581379203068,59.485612937480724,30.43,3.0,headache,S028
0.58,1.27,25.296132718081964,-1.354158790595822,59.02114278583755,30.43,3.0,headache,S028
-0.24,1.26,25.512778899704042,-1.2192763559948923,59.105329403172725,30.43,3.0,headache,S028
-0.13,1.27,25.49363687342175,-1.4547747410860394,59.107911451397634,30.43,3.0,headache,S028
-0.05,1.26,25.84500414591447,-1.0230091714607061,59.10004836864393,30.43,3.0,headache,S028
-0.07,1.26,25.764068654322084,-1.032560833208466,59.11036466969945,30.43,3.0,headache,S028
0.36,1.26,25.885131462303878,-1.1418800245993763,59.101527446634094,30.43,3.0,headache,S028
-0.79,1.26,25.83026548669986,-0.6851721964168769,58.975127455749664,30.43,3.0,headache,S028
0.38,1.26,25.90927287761633,-1.0152138595586016,59.01503585854817,30.43,3.0,headache,S028
-0.1,1.25,26.01816273470564,-1.2059716349749083,58.99308089858447,30.43,3.0,headache,S028
-0.02,1.25,25.02990674249708,-2.1512980883746686,58.98898621681427,30.43,3.0,headache,S028
0.37,1.25,25.416653733883887,-2.4368003279654626,59.16372991163211,30.43,3.0,headache,S028
0.05,1.25,25.45292668531943,-1.9584318058147254,59.500419358470346,30.43,3.0,headache,S028
-0.3,1.24,25.784821384755165,-1.6170965696803292,59.231899300669625,30.43,3.0,headache,S028
0.04,1.24,25.74493213398575,-1.9294536672336393,58.984597174908224,30.43,3.0,headache,S028
0.81,1.24,25.280830418146753,-1.5951509642740722,59.286092395303434,30.43,3.0,headache,S028
-0.61,1.24,25.203817443866658,-1.7167410970330688,59.13185773760606,30.41,3.0,headache,S028
-0.44,1.24,25.302395232618508,-1.93175565022163,58.93900073068346,30.41,3.0,headache,S028
0.34,1.24,25.357795024595124,-1.979021975918932,59.31256076109673,30.41,3.0,headache,S028
-0.11,1.24,25.538739617115496,-1.3273853351887739,59.02074058330301,30.41,3.0,headache,S028
0.5,1.24,25.46491224568752,-1.241012567427104,59.22995486639533,30.41,3.0,headache,S028
-0.49,1.24,25.302120641433422,-1.5439704110533556,59.33712059333266,30.41,3.0,headache,S028
0.87,1.23,25.444608200352206,-1.4102944217832687,59.1804259270837,30.41,3.0,headache,S028
-1.03,1.23,25.19410835383863,-1.5838795396319074,59.15694002821873,30.41,3.0,headache,S028
-0.48,1.24,25.389487715692685,-1.5992483424997723,59.24196628909636,30.43,3.0,headache,S028
1.05,1.24,25.51284554430888,-1.7865713225554107,59.14456439105128,30.43,3.0,headache,S028
-0.67,1.23,25.117299276285113,-1.6486252676481161,59.11003251873894,30.43,3.0,headache,S028
0.49,1.24,25.3075203972594,-1.737658943836602,59.256065637746374,30.43,3.0,headache,S028
-0.25,1.23,25.029548257805743,-1.2823681053491944,59.408218033248566,30.43,3.0,headache,S028
-0.01,1.23,24.893569340116205,-1.6609912618056875,59.489821881559976,30.43,3.0,headache,S028
0.44,1.23,25.246595916177316,-2.127904100052205,59.24693901689512,30.43,3.0,headache,S028
-0.31,1.23,25.266275534445114,-2.0454102559115768,59.18435802105868,30.43,3.0,headache,S028
0.17,1.23,25.31429699895951,-1.7212394567817912,59.13186138637038,30.43,3.0,headache,S028
-0.49,1.23,25.477606853555102,-1.7825556608073005,59.34424284970885,30.43,3.0,headache,S028
0.97,1.22,25.900119667207672,-0.8279664402019101,59.003687905178616,30.43,3.0,headache,S028
-0.81,1.22,25.391102568465396,-1.1860462274261723,59.22525070015127,30.43,3.0,headache,S028
0.41,1.22,25.475253535312266,-0.8600247666283406,58.97592413961498,30.43,3.0,headache,S028
-0.63,1.22,25.2956008554157,-1.2063838877563375,59.100641290898025,30.43,3.0,headache,S028
-0.04,1.21,25.700877688193657,-1.3054651028169215,59.24147586159356,30.43,3.0,headache,S028
0.18,1.21,25.069351499885013,-1.6403929475448464,59.26039854305598,30.43,3.0,headache,S028
0.25,1.22,25.028107670759198,-2.0880970585881484,59.71496168304672,30.43,3.0,headache,S028
0.49,1.22,25.16941745481679,-1.9722889498130145,59.24010586355125,30.43,3.0,headache,S028
-0.52,1.21,25.316031937912047,-1.9904795267829933,59.021596914158366,30.43,3.0,headache,S028
-0.04,1.21,25.113484224833698,-2.0515915208367197,59.25427531049219,30.43,3.0,headache,S028
0.36,1.21,25.140851142018647,-1.7913040800981161,59.514031855176775,30.41,3.0,headache,S028
-0.51,1.21,25.151566134778815,-1.9254222399784322,59.409242523094775,30.41,3.0,headache,S028
0.51,1.2,25.02823024607304,-1.8460264036531746,59.32560390726627,30.41,3.0,headache,S028
-0.5,1.2,25.32549012789602,-1.4314539540478632,59.30586056667307,30.41,3.0,headache,S028
0.16,1.21,25.204069408368973,-1.9179315478970242,59.32210742034112,30.43,3.0,headache,S028
-0.29,1.21,25.012886654299844,-1.8334457793520458,59.77310257474227,30.43,3.0,headache,S028
0.06,1.2,25.123216672803483,-1.7715883034977362,59.36107399282865,30.43,3.0,headache,S028
0.61,1.2,25.012933591245023,-1.938299252746944,59.61200189553865,30.43,3.0,headache,S028
0.12,1.2,25.0119619740374,-1.9086679866187999,59.68981880133651,30.43,3.0,headache,S028
-0.84,1.2,24.97338190581466,-1.9718819095931863,59.83204383540544,30.43,3.0,headache,S028
0.77,1.19,25.044871698991383,-1.9051781734056,59.37016537686123,30.43,3.0,headache,S028
-0.55,1.19,24.897746985020593,-1.9410635396237235,59.3157335500653,30.43,3.0,headache,S028
0.49,1.19,25.060100077706206,-1.4882691405996689,59.55563941571504,30.43,3.0,headache,S028
-0.16,1.2,24.962062438460066,-1.683442815647078,59.481477921840344,30.43,3.0,headache,S028
-0.06,1.19,24.922708679600838,-1.7323194243183717,59.38638902109155,30.43,3.0,headache,S028
-0.07,1.19,24.988475864510058,-1.7425695596460986,59.177623991464564,30.43,3.0,headache,S028
-0.7,1.19,25.320449505419354,-1.7314660735865572,59.377463539162676,30.41,3.0,headache,S028
0.51,1.19,25.06388523836847,-1.8927010575188727,59.65789909944362,30.41,3.0,headache,S028
-0.3,1.18,25.24524424439354,-1.7662065760041574,59.57110395672445,30.41,3.0,headache,S028
0.18,1.19,25.38551453585725,-1.4164563885606227,59.51117149938268,30.41,3.0,headache,S028
0.51,1.19,24.75273373395439,-1.948671032208862,59.420559037020794,30.43,3.0,headache,S028
-0.17,1.19,24.964867814175257,-1.9118385584716102,59.17368435038257,30.43,3.0,headache,S028
-0.07,1.18,25.385651720616874,-1.7395400944180752,59.330065992632704,30.43,3.0,headache,S028
-0.09,1.18,25.32182804079567,-1.8160710927521624,59.414597497007406,30.43,3.0,headache,S028
0.86,1.18,24.92640488701727,-1.7031762451041543,59.15101796788375,30.43,3.0,headache,S028
-1.03,1.18,25.104100804047583,-1.653170978481784,59.40087981430773,30.43,3.0,headache,S028
0.06,1.17,24.981413915692052,-2.0709403170815115,59.30794450166894,30.43,3.0,headache,S028
-0.09,1.17,25.211302619044243,-1.5338865142697677,59.570351010111025,30.43,3.0,headache,S028
-0.24,1.18,25.065674950431948,-1.7888095253906133,59.27019191938856,30.43,3.0,headache,S028
0.55,1.18,25.041116920861715,-1.8246578663811062,59.60893515748055,30.43,3.0,headache,S028
0.2,1.17,25.082788259839578,-1.828526462921823,59.43373158889887,30.43,3.0,headache,S028
0.14,1.17,25.19393240294668,-2.0196059467958007,59.724300629532934,30.43,3.0,headache,S028
-0.53,1.17,25.0169642387928,-1.8223594430848447,59.5804540194325,30.43,3.0,headache,S028
-0.14,1.17,25.007669923199707,-1.7207670664442432,59.35214923822766,30.43,3.0,headache,S028
0.31,1.17,24.91313851658795,-1.7873938739043047,59.45670626816558,30.43,3.0,headache,S028
0.09,1.16,25.052377331535084,-1.7699714692466244,59.44646022653354,30.43,3.0,headache,S028
-0.16,1.17,24.965198507108365,-1.8526799624495085,59.56121450843636,30.43,3.0,headache,S028
-0.06,1.17,25.01453458397159,-1.68129484026282,59.508270541136646,30.43,3.0,headache,S028
0.73,1.17,25.041755503520495,-1.8489357527107935,59.395111695991005,30.43,3.0,headache,S028
-1.13,1.16,25.072064189731822,-1.781679957029223,59.60024581747778,30.43,3.0,headache,S028
0.09,1.17,25.272466113895604,-1.7459352902281489,59.53624514440514,30.43,3.0,headache,S028
0.25,1.17,25.16483431296202,-1.6005450002804726,59.50546512727844,30.43,3.0,headache,S028
0.97,1.16,24.907720391973665,-1.969140040291585,59.54483292138872,30.43,3.0,headache,S028
-1.13,1.16,25.074213553726644,-1.7952227213946308,59.41133803150447,30.43,3.0,headache,S028
0.0,1.16,24.93435620999196,-2.0380663192104618,59.531021342126856,30.43,3.0,headache,S028
0.64,1.16,25.06083858803875,-1.7412326911572007,59.5770782417694,30.43,3.0,headache,S028
-0.59,1.15,24.941696600780503,-1.9845655197858039,59.22693598617187,30.43,3.0,headache,S028
0.11,1.16,25.057931766480802,-1.9049389268107622,59.463869687922035,30.43,3.0,headache,S028
0.49,1.16,24.9383081250032,-1.8198704735119025,59.10983560697445,30.43,3.0,headache,S028
-0.44,1.15,25.092312261032948,-1.639621537966044,59.5622676523283,30.43,3.0,headache,S028
0.19,1.15,25.075311098647738,-2.172162122587619,59.71235254340145,30.43,3.0,headache,S028
-0.27,1.15,25.331942754492065,-1.6266095877806288,59.40802039069974,30.43,3.0,headache,S028
0.27,1.15,25.001974899382798,-1.823226464138715,59.40646546664467,30.45,3.0,headache,S028
0.29,1.15,25.184864516988505,-1.8386894902784208,59.22705124736255,30.45,3.0,headache,S028
-0.3,1.15,25.199303464824638,-1.7653335695402705,59.381890853905986,30.45,3.0,headache,S028
-0.27,1.14,24.747633286675118,-1.7641516871441234,59.74032947646381,30.45,3.0,headache,S028
0.64,1.15,24.888289804756077,-1.7458355277434123,59.537802039658814,30.43,3.0,headache,S028
-0.22,1.15,25.01582588543435,-1.906847756521176,59.27384828414498,30.43,3.0,headache,S028
-0.08,1.14,24.995565474868414,-1.9732755391344512,59.63260493309827,30.43,3.0,headache,S028
-0.09,1.14,24.976073476804267,-1.7836748898838433,59.51955524766641,30.43,3.0,headache,S028
-0.69,1.15,24.87037906999089,-1.9803700679777412,59.543989766041925,30.45,3.0,headache,S028
0.34,1.14,25.048047658777215,-1.6642146161552567,59.18696471270615,30.45,3.0,headache,S028
-0.38,1.14,24.96263519890621,-1.7597606468863183,59.47046719231851,30.45,3.0,headache,S028
0.95,1.13,25.033242623295674,-1.9345939086742892,59.26218817236227,30.45,3.0,headache,S028
-0.15,1.14,24.96887753808493,-1.9997685076885563,59.34180300204148,30.43,3.0,headache,S028
-0.17,1.14,25.02989649358176,-1.9664099253726577,59.21562676268657,30.43,3.0,headache,S028
0.73,1.13,24.970824381036593,-1.8887707655400008,59.38779519981522,30.43,3.0,headache,S028
-0.55,1.13,25.028803189585908,-1.9095208485228268,59.33479349923526,30.43,3.0,headache,S028
-1.05,1.13,24.971275415750956,-1.9715326173572603,59.29238779277693,30.43,3.0,headache,S028
0.86,1.13,25.02894949988379,-2.016727142184079,59.27624392384465,30.43,3.0,headache,S028
-0.05,1.13,24.970445991392918,-1.98941035055049,59.44697254776246,30.43,3.0,headache,S028
0.32,1.13,25.030723694030144,-2.006435599912288,59.71092405540795,30.43,3.0,headache,S028
0.33,1.13,24.9671049323366,-1.9964490349904147,59.54393123960298,30.43,3.0,headache,S028
-1.04,1.13,25.037269805360285,-2.0030092669447184,59.324346029611995,30.43,3.0,headache,S028
0.63,1.12,24.951384144126585,-1.88645485808533,59.31060152505726,30.43,3.0,headache,S028
0.25,1.12,25.198718856007474,-1.9661803592373117,59.36831786237843,30.43,3.0,headache,S028
-0.25,1.13,25.27507997910819,-1.8753622390414675,59.363922991347934,30.41,3.0,headache,S028
-0.12,1.12,25.230459089776346,-1.8712396887446763,59.420846966829316,30.41,3.0,headache,S028
-0.3,1.12,24.94232890200535,-1.9174207866835065,59.277950039277286,30.41,3.0,headache,S028
0.3,1.12,25.014598607567088,-1.9070963975345256,59.31066495506181,30.41,3.0,headache,S028
0.06,1.12,24.983173030457248,-1.9405128066077157,59.468473397345086,30.41,3.0,headache,S028
-0.2,1.12,25.019661707185644,-1.8968103420377194,59.47499413315877,30.41,3.0,headache,S028
0.1,1.11,24.975990623108213,-1.9824919559607732,59.27457853499269,30.41,3.0,headache,S028
-0.32,1.11,25.033817798477166,-1.8982712870937546,59.41530050656574,30.41,3.0,headache,S028
0.31,1.11,24.911068560662418,-1.8789310715096308,59.436165150596516,30.41,3.0,headache,S028
0.17,1.11,25.149274347841352,-1.947318649640817,59.334320071900514,30.41,3.0,headache,S028
-0.08,1.11,25.089018445403617,-1.850160671802643,59.18188773761899,30.41,3.0,headache,S028
0.27,1.1,24.81183099536195,-1.8176269766915876,59.813068285188585,30.41,3.0,headache,S028
-0.22,1.11,25.105445156051868,-1.8671428549831168,59.396846975329666,30.45,3.0,headache,S028
-0.59,1.11,25.05368411383044,-1.9964056744836736,59.271455917470185,30.45,3.0,headache,S028
0.6,1.1,24.972678038023673,-1.976879721508951,59.3296849341959,30.45,3.0,headache,S028
0.02,1.1,25.021627391771453,-1.863214338887101,59.65693079583293,30.45,3.0,headache,S028
-0.84,1.11,24.980374489615023,-2.0694758957785604,59.55765911383391,30.43,3.0,headache,S028
0.55,1.11,25.018989261591784,-1.85720728771566,59.44277581467203,30.43,3.0,headache,S028
0.66,1.1,24.980853692788298,-1.9899314412244171,59.56922826103149,30.43,3.0,headache,S028
-0.17,1.1,25.02002877083488,-1.974605087001546,59.473746773008635,30.43,3.0,headache,S028
-0.29,1.1,24.978081615644808,-2.0510125719887307,59.30226525998032,30.43,3.0,headache,S028
0.69,1.1,25.025771056877755,-1.8545996966611005,59.501224192256466,30.43,3.0,headache,S028
-0.48,1.09,24.96484204703135,-1.8360525481334753,59.47154738938123,30.43,3.0,headache,S028
-0.68,1.1,25.079245311208037,-2.035566235881892,59.63826354025942,30.43,3.0,headache,S028
-0.25,1.1,25.079542298202217,-1.9890967625885894,59.298371319079166,30.45,3.0,headache,S028
0.52,1.09,24.982346163536267,-1.996312674478753,59.19030309615542,30.45,3.0,headache,S028
0.07,1.09,25.006533629017756,-2.020166601870295,59.36320971058399,30.45,3.0,headache,S028
0.38,1.09,24.998367131837256,-1.929828713054653,59.57634309096872,30.45,3.0,headache,S028
-0.45,1.1,24.998296844719,-1.917135416332298,59.64828559370245,30.45,3.0,headache,S028
0.06,1.09,25.005191375265767,-2.014510781770925,59.325564575581694,30.45,3.0,headache,S028
0.27,1.09,25.031793626217365,-1.9986525943501359,59.43794242735671,30.45,3.0,headache,S028
-0.13,1.09,24.95448400451463,-1.6599912472441498,59.490084923155536,30.45,3.0,headache,S028
0.06,1.09,25.016684847260414,-1.7652688581597418,59.61637584329032,30.43,3.0,headache,S028
-0.54,1.09,24.987923149862436,-1.9512913719971607,59.37412763594963,30.43,3.0,headache,S028
0.51,1.08,25.010983264268386,-2.0027738442333387,59.46353783552926,30.43,3.0,headache,S028
0.23,1.08,24.98872999178928,-1.896666667351011,59.0796803676942,30.43,3.0,headache,S028
-0.48,1.08,25.012455597422548,-1.9614488019412335,59.92696131269521,30.41,3.0,headache,S028
0.09,1.08,24.985522426280244,-2.0206015133189448,59.60835492784393,30.41,3.0,headache,S028
-0.05,1.08,25.017496017631853,-1.9869947128408474,59.53815113481176,30.41,3.0,headache,S028
0.39,1.08,24.978075889564536,-2.007013416703396,59.60042618332488,30.41,3.0,headache,S028
-0.32,1.08,25.028648613024327,-1.9998991487074194,59.53389290497426,30.43,3.0,headache,S028
-0.16,1.08,24.96026500039613,-1.9876835679597196,59.50052361030221,30.43,3.0,headache,S028
0.16,1.07,25.061159480603752,-1.8975388580468748,59.37211776905476,30.43,3.0,headache,S028
0.56,1.07,24.879315301508765,-1.8549083149694061,59.42543039919787,30.43,3.0,headache,S028
0.07,1.07,25.23690461777687,-1.4942337266898402,59.23716397660687,30.43,3.0,headache,S028
-0.57,1.07,25.512211604127312,-1.7010459608165125,59.47118011947815,30.43,3.0,headache,S028
-0.5,1.08,24.929817920473976,-1.9285684129187568,59.336573407511295,30.43,3.0,headache,S028
0.1,1.07,25.04985784342543,-1.9762670169770487,59.526548526323644,30.43,3.0,headache,S028
1.02,1.07,24.96299722954951,-1.868761977071609,59.178991517155765,30.43,3.0,headache,S028
-0.83,1.07,25.028271471247262,-2.0758254737445707,59.22788065903671,30.43,3.0,headache,S028
0.45,1.07,24.978676993528893,-1.9042639936903292,59.48737090095402,30.43,3.0,headache,S028
-0.43,1.07,25.014706755356393,-1.9449503296226227,59.553358915226205,30.43,3.0,headache,S028
0.76,1.07,24.993270690235985,-1.93411293665366,59.25360765923235,30.43,3.0,headache,S028
0.03,1.07,24.992671493604014,-1.914985713620777,59.7086109141933,30.43,3.0,headache,S028
-1.52,1.07,25.07283262820661,-2.022585168906986,59.79216338169275,30.43,3.0,headache,S028
0.56,1.06,25.082962605585173,-1.9862952377011125,59.458001077362624,30.43,3.0,headache,S028
0.74,1.07,24.96349565644084,-2.017873508168879,59.19470606149609,30.45,3.0,headache,S028
-0.4,1.08,25.023725635702665,-1.924640055285036,59.37317093161848,30.45,3.0,headache,S028
0.32,1.07,24.984292701733693,-1.9113324104006615,59.2617174054571,30.45,3.0,headache,S028
-0.26,1.07,25.008307994618576,-2.0523560177565705,59.51750482557111,30.45,3.0,headache,S028
-0.14,1.07,25.000859552682048,-1.945457995885901,59.27523915775617,30.45,3.0,headache,S028
-0.23,1.07,24.98299450833092,-2.0764794199216645,59.42576132052794,30.45,3.0,headache,S028
0.59,1.07,25.086840303381067,-1.7737510234055518,59.35893043452025,30.45,3.0,headache,S028
0.53,1.07,25.319685840327576,-1.931753931608409,59.003743079156784,30.45,3.0,headache,S028
-0.34,1.07,25.19412838694291,-1.8169043285128672,59.13607552196279,30.43,3.0,headache,S028
-0.8,1.07,25.094523152837308,-1.894651384965706,59.55045773168074,30.43,3.0,headache,S028
0.09,1.07,25.00348707402581,-1.8087732126722915,59.668004813946965,30.43,3.0,headache,S028
0.12,1.07,24.811857517913978,-1.9992259635873053,59.595546987992506,30.43,3.0,headache,S028
0.22,1.06,24.842730998606694,-1.926281115249402,59.48199783564599,30.41,3.0,headache,S028
-0.27,1.07,25.06628478423922,-1.8643416709146743,59.44353733759953,30.41,3.0,headache,S028
0.74,1.07,24.681499273300567,-2.1479191175055035,59.668748087239294,30.41,3.0,headache,S028
-0.39,1.07,25.116696282870354,-1.9336109267535346,59.63984504759582,30.41,3.0,headache,S028
0.32,1.07,24.99067318888384,-1.9635712158154437,59.40379810429304,30.43,3.0,headache,S028
-0.25,1.07,24.896069454725016,-2.0286531477411893,59.788494378339834,30.43,3.0,headache,S028
0.07,1.07,24.914136445829392,-1.9732108702380262,59.358196044687595,30.43,3.0,headache,S028
-0.45,1.07,24.497812548805662,-2.0957683123459874,59.690139556026324,30.43,3.0,headache,S028
0.38,1.07,24.958906754033393,-2.2618653321476727,59.75124168736395,30.45,3.0,headache,S028
-0.16,1.07,25.475790525212325,-2.1545303088279817,58.98461142229607,30.45,3.0,headache,S028
0.13,1.09,24.91123197686259,-1.9050593158058289,59.55536526634916,30.45,3.0,headache,S028
-0.19,1.1,25.21435206080099,-1.9896316134191163,59.374813016589286,30.45,3.0,headache,S028
-0.3,1.09,24.885932528166723,-1.9815092936006866,59.55042285668446,30.43,3.0,headache,S028
-0.43,1.1,25.095651153873916,-2.000885106523952,59.72493637248072,30.43,3.0,headache,S028
0.95,1.11,24.91543068670272,-2.00441469360487,59.48517646951032,30.43,3.0,headache,S028
0.26,1.11,25.0776178213783,-1.992888299826971,59.33445529129931,30.43,3.0,headache,S028
-0.06,1.1,24.927019582673843,-2.0088957617914946,59.475258819290424,30.45,3.0,headache,S028
-0.59,1.1,25.06972323490492,-1.9897081943825736,59.924800871202315,30.45,3.0,headache,S028
0.15,1.1,24.93279237970882,-2.0115124162760374,59.507854866146175,30.45,3.0,headache,S028
-0.21,1.1,25.064621446497167,-1.9873460721759595,59.76571016247344,30.45,3.0,headache,S028
0.27,1.09,24.94040643170945,-2.0137517769549604,59.15913682651224,30.45,3.0,headache,S028
0.01,1.09,25.034671254892388,-1.985214057299912,59.476870241199414,30.45,3.0,headache,S028
0.14,1.09,24.801332224235352,-2.015643148209895,59.58827549382156,30.45,3.0,headache,S028
-0.23,1.09,25.140963122247378,-1.9840199850676248,59.73148808717874,30.45,3.0,headache,S028
0.19,1.09,24.758246545721526,-2.0147081726888363,59.74435723173836,30.43,3.0,headache,S028
-0.18,1.08,25.135803952405528,-1.9928604523596662,59.405740355736796,30.43,3.0,headache,S028
-0.19,1.1,24.972690081175788,-1.927175228661591,59.288676534632465,30.43,3.0,headache,S028
0.42,1.09,24.986701136455114,-1.9236860633377526,59.5535307892046,30.43,3.0,headache,S028
0.04,1.08,25.097014526878656,-1.8921422782723964,59.41540741293569,30.45,3.0,headache,S028
-0.53,1.07,25.529162707734905,-1.7261257793493365,59.33239547957152,30.45,3.0,headache,S028
0.22,1.08,24.92215758489448,-1.983331852638601,59.684461672801746,30.45,3.0,headache,S028
-0.09,1.07,24.32018529838267,-1.8900308359286304,59.41737515794467,30.45,3.0,headache,S028
0.48,1.08,25.034684601522716,-2.2443552703016563,59.56431161963976,30.43,3.0,headache,S028
-0.41,1.07,24.75736768315249,-2.3564231096174355,59.131815492513915,30.43,3.0,headache,S028
0.0,1.08,25.499634033353317,-1.9356160821055883,59.25081954242583,30.43,3.0,headache,S028
0.76,1.07,26.065561646047097,-2.1865073840215548,59.21680513826696,30.43,3.0,headache,S028
0.61,1.07,25.08501370475552,-2.28650607271673,59.47137830237854,30.45,3.0,headache,S028
-1.03,1.07,25.544141902951054,-2.71121680504879,59.01980768233833,30.45,3.0,headache,S028
-0.17,1.07,25.443546285640295,-2.0026242036857185,59.24587248523647,30.45,3.0,headache,S028
-0.81,1.07,25.590151770170433,-2.222104187339517,59.070387130287614,30.45,3.0,headache,S028
0.66,1.07,25.145883091794367,-2.6445206861735637,59.501069494633214,30.45,3.0,headache,S028
-0.59,1.07,24.475986916590674,-2.8113072321054133,59.58110588501241,30.45,3.0,headache,S028
0.8,1.07,24.884275000295922,-2.3621783742666693,59.49984200242044,30.45,3.0,headache,S028
0.01,1.07,24.943321653932447,-2.922623526714306,59.53747729744552,30.45,3.0,headache,S028
0.76,1.08,25.021864101364862,-2.431211152640179,59.39018277587849,30.45,3.0,headache,S028
-0.2,1.07,24.808771535310015,-2.639269731140356,59.690046857044905,30.45,3.0,headache,S028
-0.58,1.07,24.842911479752274,-2.4380309814389425,59.46797784016776,30.45,3.0,headache,S028
-0.64,1.07,25.07917190159698,-2.410816661711729,59.28736950305793,30.45,3.0,headache,S028
-0.14,1.07,24.646441972847796,-2.526088584702993,59.66474222648869,30.43,3.0,headache,S028
0.57,1.07,25.17146109498779,-2.1649262167446337,59.15304961176453,30.43,3.0,headache,S028
0.49,1.07,24.801241020562127,-2.4857238613168713,59.614845789705775,30.43,3.0,headache,S028
-0.77,1.08,25.048545324721083,-2.368623439046008,59.47726482180915,30.43,3.0,headache,S028
0.48,1.09,24.863278856410442,-2.2399085653119037,59.85123193722278,30.45,3.0,headache,S028
-0.29,1.08,25.16345807181045,-2.476775853250531,59.63273409081228,30.45,3.0,headache,S028
0.06,1.08,24.808701000663227,-2.529786048296626,59.45669807764951,30.45,3.0,headache,S028
-0.12,1.09,25.229491905333656,-2.5982368556527806,59.343257070725315,30.45,3.0,headache,S028
0.41,1.09,24.71321893931003,-2.514655300392167,59.58080558938786,30.43,3.0,headache,S028
-0.03,1.08,26.22073178253766,-2.4824253974267174,59.488523877649,30.43,3.0,headache,S028
0.06,1.08,24.98254448016862,-2.6750420234115713,59.59424401171752,30.43,3.0,headache,S028
0.24,1.08,25.835042426436658,-2.2216805486657583,59.57101826375721,30.43,3.0,headache,S028
-0.43,1.08,25.75851374194991,-2.0354901936166203,59.460000907605625,30.45,3.0,headache,S028
-0.32,1.07,25.453943961976062,-2.8937152101131476,59.47626168029741,30.45,3.0,headache,S028
0.01,1.08,25.798128231605,-2.5616589075103837,59.37355488988956,30.45,3.0,headache,S028
0.27,1.07,24.624806826814876,-2.559091841979006,59.77220678156965,30.45,3.0,headache,S028
0.66,1.07,25.193406596477608,-2.3034394704933345,59.56872412779474,30.45,3.0,headache,S028
-0.78,1.07,24.743057279315014,-2.712410834418347,59.54177764687437,30.45,3.0,headache,S028
0.33,1.07,24.798561092294126,-2.603006055552811,59.478291175899,30.45,3.0,headache,S028
-0.62,1.07,24.98751969865584,-2.0586209679211787,59.53719710777924,30.45,3.0,headache,S028
0.29,1.07,25.155690206084408,-2.538247855479888,59.6440420327489,30.45,3.0,headache,S028
0.34,1.07,24.681730017912844,-2.143978690811767,59.54205513866016,30.45,3.0,headache,S028
-0.05,1.08,25.115300870274922,-2.6011573987128327,59.52808162970815,30.45,3.0,headache,S028
-0.26,1.07,24.819620850686896,-2.5924469861224675,59.27525014777561,30.45,3.0,headache,S028
0.37,1.07,25.013697749941635,-2.304548761853238,59.45949752144653,30.45,3.0,headache,S028
-0.13,1.07,24.953157519201316,-2.5342480649989563,59.324602561569556,30.45,3.0,headache,S028
0.13,1.07,25.048331830611026,-2.5801506714627673,59.68127822256661,30.45,3.0,headache,S028
-0.13,1.07,24.95512007408247,-2.3067236506713837,59.38895231259819,30.45,3.0,headache,S028
-0.25,1.07,25.03894936157231,-2.4632747655688556,59.75546236392199,30.43,3.0,headache,S028
-0.44,1.06,24.97222993281443,-2.2331728627794476,59.39667030533035,30.43,3.0,headache,S028
0.74,1.07,24.922046110325518,-2.5401211568105704,59.476996666621446,30.43,3.0,headache,S028
-0.29,1.06,24.93810949221744,-2.061773829648918,59.452597781581694,30.43,3.0,headache,S028
0.19,1.06,25.04625076786845,-2.29082663123904,59.598259845298884,30.43,3.0,headache,S028
0.32,1.06,24.84538064578973,-2.5287670920210745,59.549431214199025,30.43,3.0,headache,S028
0.16,1.06,25.00493053702964,-2.2574572690135204,59.262785352905084,30.43,3.0,headache,S028
-0.97,1.05,25.082312070755204,-2.501437908205037,59.42678072306808,30.43,3.0,headache,S028
0.18,1.05,25.07569247480985,-2.685377828198406,59.63175386285164,30.45,3.0,headache,S028
0.1,1.05,24.94556660827734,-2.5104485912016403,59.36532276269257,30.45,3.0,headache,S028
0.52,1.06,25.047428524665815,-2.389415853416434,59.56597561945292,30.45,3.0,headache,S028
0.35,1.05,24.95572839333555,-2.553579090711086,59.34873098754227,30.45,3.0,headache,S028
-0.5,1.05,25.043750844880226,-2.279152494452869,59.50815809206652,30.47,3.0,headache,S028
-0.79,1.05,24.951345326558435,-2.335708387543795,59.47192867917125,30.47,3.0,headache,S028
0.35,1.05,25.148279364627026,-2.444727706504215,59.669154917556966,30.47,3.0,headache,S028
-0.19,1.05,24.999740050762362,-2.3720754265656474,59.49918025943086,30.47,3.0,headache,S028
0.94,1.04,24.97751411505281,-2.6223996012708204,59.66335198001972,30.45,3.0,headache,S028
-0.47,1.04,25.017060323787643,-2.7469367567472784,59.96072655501231,30.45,3.0,headache,S028
-0.38,1.05,25.01955073601148,-2.7385172702070695,59.73566755590841,30.45,3.0,headache,S028
0.92,1.05,24.97856584807011,-2.728682340894617,59.56877695565667,30.45,3.0,headache,S028
-0.38,1.04,25.021628559472585,-2.358213436963047,59.481836970184524,30.43,3.0,headache,S028
-0.55,1.04,24.978524947201343,-2.247338835825166,59.605136570258175,30.43,3.0,headache,S028
0.54,1.04,25.021229591484715,-2.491669106728122,59.327237332077274,30.43,3.0,headache,S028
-0.02,1.05,24.97902318355484,-1.953471773089802,59.513015582327576,30.43,3.0,headache,S028
-0.3,1.04,25.02075614014124,-2.3624422662543854,59.68102497109809,30.43,3.0,headache,S028
-0.56,1.04,24.979407669480704,-2.1460595000659484,59.371258646515976,30.43,3.0,headache,S028
0.95,1.04,25.02050634633802,-2.217080678339292,59.23521692169803,30.43,3.0,headache,S028
-0.3,1.05,24.97947893052687,-2.1761902466301395,59.29489104622473,30.43,3.0,headache,S028
0.12,1.05,25.02066629638264,-2.561716566159795,59.18268246036123,30.43,3.0,headache,S028
0.2,1.06,24.97901452233724,-2.0699268343422097,59.49208643005248,30.43,3.0,headache,S028
-0.29,1.08,25.021547521055375,-2.3093699526122538,59.17487809112202,30.43,3.0,headache,S028
0.11,1.08,24.977529066184143,-2.1282353676578754,59.154768625632215,30.43,3.0,headache,S028
-0.31,1.08,25.023980391697748,-2.0894283023468874,59.45014868376098,30.45,3.0,headache,S028
-0.29,1.07,24.97343676723292,-2.0270265282846536,59.47136010120819,30.45,3.0,headache,S028
0.02,1.08,25.031522363087504,-2.3059088446340743,59.23387959368055,30.45,3.0,headache,S028
0.98,1.07,24.95600434200856,-2.175412692101683,59.52449524553393,30.45,3.0,headache,S028
-0.11,1.07,25.13504157826189,-2.088620064534168,59.60761529857696,30.45,3.0,headache,S028
-0.48,1.06,25.152772342098302,-2.194692266860119,59.237964026536694,30.45,3.0,headache,S028
0.82,1.06,24.985933395037325,-2.17609155092072,59.43934030240508,30.45,3.0,headache,S028
-0.35,1.06,25.002229221117243,-2.1475404013929023,59.49712372085535,30.45,3.0,headache,S028
-0.48,1.06,25.003069256264286,-2.058980892112455,59.176131131185166,30.43,3.0,headache,S028
-0.15,1.05,24.993475120873114,-1.9809317506718016,59.51620797387118,30.43,3.0,headache,S028
0.11,1.05,25.00950967085535,-2.0221258910451048,59.591661899999444,30.43,3.0,headache,S028
0.38,1.06,24.987120003021765,-1.961510064443518,59.195389200118065,30.43,3.0,headache,S028
0.27,1.05,25.017899753628644,-2.18271984363854,59.47398644854364,30.45,3.0,headache,S028
-0.84,1.04,24.97150871244408,-2.3063272790661102,59.32387293621757,30.45,3.0,headache,S028
0.31,1.05,25.07711186534672,-2.247359869734101,59.52890720644061,30.45,3.0,headache,S028
-0.11,1.05,25.081652066177686,-2.2266599765334765,59.698255605923585,30.45,3.0,headache,S028
0.49,1.05,24.97632938687392,-2.4313069930062645,59.15323720758944,30.43,3.0,headache,S028
-0.47,1.04,25.012644634740997,-2.0643252563376358,59.290982738096375,30.43,3.0,headache,S028
0.38,1.05,24.992037379474443,-2.1022617169497524,59.569375861661605,30.43,3.0,headache,S028
0.17,1.05,25.005376202881987,-1.9262410902474179,59.50718571205974,30.43,3.0,headache,S028
0.04,1.04,24.996258848295273,-2.118413446189615,59.484706838606776,30.45,3.0,headache,S028
-1.02,1.04,25.00261805003554,-2.2059450523771016,59.40749011501794,30.45,3.0,headache,S028
0.61,1.04,24.998199299976516,-2.2756836476515057,59.48716674548712,30.45,3.0,headache,S028
0.1,1.04,25.001178488593997,-2.069970046386053,59.266991765282015,30.45,3.0,headache,S028
0.24,1.04,24.999314219062146,-2.0339515607747565,59.6906024013036,30.43,3.0,headache,S028
-0.67,1.03,25.000280111123313,-2.3125380258709214,59.33028149402934,30.43,3.0,headache,S028
0.48,1.04,25.00006847924835,-2.140602887273532,59.81290888919407,30.43,3.0,headache,S028
-0.02,1.04,24.999616662343332,-2.1292000540889267,59.58619386358697,30.43,3.0,headache,S028
0.27,1.04,25.00068500206438,-2.024841298536748,59.801207823352705,30.43,3.0,headache,S028
-0.83,1.03,24.99900585395362,-2.3451838954707416,59.38180816905067,30.43,3.0,headache,S028
0.65,1.03,25.00133386139417,-2.319582790215831,59.50648719866402,30.43,3.0,headache,S028
-0.65,1.04,24.998272533670388,-2.138289335349227,59.479212654193375,30.43,3.0,headache,S028
0.06,1.04,25.002154886648384,-2.1181355403971067,59.3324142951675,30.43,3.0,headache,S028
0.57,1.03,24.998029228334463,-2.226465974900927,59.567984193143275,30.43,3.0,headache,S028
-0.24,1.03,24.965394970608227,-2.398328244022333,59.61270200656349,30.43,3.0,headache,S028
-0.25,1.03,25.041419660740054,-2.310400623949306,59.3522570134892,30.43,3.0,headache,S028
0.89,1.03,24.991301830273184,-2.164436253947235,59.72235538221213,30.43,3.0,headache,S028
-0.44,1.02,25.004144739673627,-2.494517425047958,59.50221653338714,30.43,3.0,headache,S028
-0.23,1.03,24.99773678958348,-2.3276421988297087,59.356711298057235,30.43,3.0,headache,S028
-0.24,1.03,25.001001896272694,-2.3487169976399214,59.909013705488405,30.43,3.0,headache,S028
0.81,1.03,25.000256904116018,-2.4192749208555555,59.25907004501635,30.43,3.0,headache,S028
-0.75,1.02,24.99791452286125,-2.0880756974341104,59.69237320362401,30.43,3.0,headache,S028
0.46,1.02,25.006005685995937,-2.130273583804614,59.631879008234634,30.43,3.0,headache,S028
-0.19,1.02,24.978190172237355,-2.019663079498703,59.52934129307242,30.43,3.0,headache,S028
-0.2,1.03,24.866107897055944,-2.079219352419299,59.43954152366491,30.45,3.0,headache,S028
-0.16,1.02,24.90527914820653,-2.3954306097211733,59.24805934843744,30.45,3.0,headache,S028
0.51,1.02,24.98697669952484,-2.359501794248025,59.32579976879788,30.45,3.0,headache,S028
-0.07,1.02,25.039375298838497,-2.176616495491504,59.281226013466636,30.45,3.0,headache,S028
0.43,1.02,25.221376617372915,-2.4168333940218454,59.544161114085476,30.45,3.0,headache,S028
-0.53,1.02,24.99470727919255,-2.3193466814539767,59.423237150760045,30.45,3.0,headache,S028
0.23,1.03,25.007793512545728,-2.5622582745125295,59.510883644584624,30.45,3.0,headache,S028
-0.15,1.02,24.989881176257157,-2.10118703774529,59.60359250989944,30.45,3.0,headache,S028
-0.3,1.02,25.017564844671913,-2.289221022369242,59.44052957040598,30.43,3.0,headache,S028
-0.07,1.01,24.87737533442227,-2.4657595792790046,59.47425352170467,30.43,3.0,headache,S028
0.58,1.02,24.982260468871605,-2.152881890933154,59.38785632041457,30.43,3.0,headache,S028
-0.15,1.02,25.00298040040594,-2.319993448624352,59.584292967857834,30.43,3.0,headache,S028
-0.22,1.02,25.008037034196033,-2.2931917934026744,59.52429516864523,30.45,3.0,headache,S028
-0.26,1.01,24.957925450212862,-2.118065267620951,59.22729444642993,30.45,3.0,headache,S028
0.61,1.01,24.88675704337206,-2.1552398808059263,59.564140731952,30.45,3.0,headache,S028
-0.24,1.02,25.037965509053894,-2.2002866450942715,59.57967296999566,30.45,3.0,headache,S028
0.26,1.02,24.97306995903749,-2.267177705581052,59.43935474512743,30.41,3.0,headache,S028
-0.3,1.0,25.02271067827517,-2.0264361415739165,59.52194777675061,30.41,3.0,headache,S028
0.06,1.01,24.97933096179757,-2.215542483728865,59.484950957720436,30.41,3.0,headache,S028
-0.2,1.01,25.01961812981962,-2.0786808905482483,59.646348351916956,30.41,3.0,headache,S028
0.04,1.01,24.980899793333545,-2.0263427866462296,59.68817571751936,30.45,3.0,headache,S028
-0.2,1.0,25.01887374355366,-1.958522507421902,59.5716693632127,30.45,3.0,headache,S028
0.52,1.01,24.981258727792078,-2.0519353887617364,59.39939224752056,30.45,3.0,headache,S028
-0.22,1.01,25.018411098509254,-1.9332904763060277,59.24928634534061,30.45,3.0,headache,S028
0.34,1.01,24.982836351513935,-2.121459043281181,59.572704316374896,30.43,3.0,headache,S028
-0.33,1.0,25.012151231142617,-2.325807320078563,59.50307051771251,30.43,3.0,headache,S028
0.38,1.01,25.032168223260005,-2.2729529350323974,59.60792621455179,30.43,3.0,headache,S028
-0.67,1.01,25.12777552969243,-2.216594931801333,59.69346358000928,30.43,3.0,headache,S028
0.63,1.01,24.92866899673,-2.3574959776688496,59.558093835603444,30.45,3.0,headache,S028
-0.61,1.0,25.0666599304083,-2.1269666937897203,59.54461733367804,30.45,3.0,headache,S028
0.36,1.0,24.92478509630136,-2.355658033017095,59.575275071738865,30.45,3.0,headache,S028
-0.53,1.0,25.096315602258173,-2.1230519157475083,59.27444035148287,30.45,3.0,headache,S028
0.43,1.0,24.799493128832893,-2.269586614519997,59.61369543381695,30.45,3.0,headache,S028
0.05,1.0,25.05575928404644,-2.213431575301674,59.169711013857174,30.45,3.0,headache,S028
0.08,1.0,24.60582814473559,-2.5131852726944546,59.70241132804748,30.45,3.0,headache,S028
-0.61,1.0,25.875478237177894,-2.2681273123958614,58.904151025737455,30.45,3.0,headache,S028
0.78,1.0,29.452255002700806,-2.7054624958730003,60.42122579551411,30.45,3.0,headache,S028
-0.05,0.99,24.37044957507734,-2.7203181897897935,59.74969029862579,30.45,3.0,headache,S028
0.6,0.99,24.773077559656233,-2.344714957319713,59.996362427635354,30.45,3.0,headache,S028
0.34,1.0,24.179593599390994,-2.327253233186129,59.99195477503823,30.45,3.0,headache,S028
4.05,1.0,24.109062351473987,-2.454295710294835,60.048292186639095,30.45,3.0,headache,S028
-2.19,0.99,24.64686088819871,-2.5919357615137937,59.66938430575324,30.45,3.0,headache,S028
-3.76,1.0,24.129472298098975,-2.237054794976521,59.37496264685837,30.45,3.0,headache,S028
0.68,1.0,25.27166066372319,-2.1919428142645168,59.637596269421664,30.45,3.0,headache,S028
0.1,1.0,24.960361069534002,-1.6712300675237726,59.335430879437,30.43,3.0,headache,S028
-0.7,1.01,24.88234585396636,-1.918730292822778,59.81502153405696,30.43,3.0,headache,S028
0.2,1.03,24.920172125314195,-1.933075992937637,59.48964402790147,30.43,3.0,headache,S028
-0.32,1.1,25.197854120451595,-2.0016499645957344,59.58915352402808,30.43,3.0,headache,S028
-0.01,1.15,24.482330846021046,-2.0411725011531647,59.76891563732569,30.43,3.0,headache,S028
1.16,1.19,24.802699650130634,-2.2232053868138606,59.61678015763469,30.43,3.0,headache,S028
-1.11,1.25,24.874267913577672,-1.982631269045265,59.49380813824113,30.43,3.0,headache,S028
0.01,1.27,24.50712042831143,-2.2609514192994604,59.65298103581528,30.43,3.0,headache,S028
1.31,1.28,24.642965741388778,-2.006791021733225,59.963921527689536,30.41,3.0,headache,S028
-0.63,1.29,24.694847283648684,-2.0241698033955142,59.66561557480478,30.41,3.0,headache,S028
-0.06,1.3,24.85982340160574,-1.9713073810803958,59.74385446489827,30.41,3.0,headache,S028
-0.15,1.31,24.483051452680854,-2.029434241007559,59.85834728406757,30.41,3.0,headache,S028
0.03,1.31,24.453202248244242,-1.970341167686285,60.07163792801638,30.45,3.0,headache,S028
-0.21,1.31,24.13306847714781,-2.150696238154168,59.87251441901123,30.45,3.0,headache,S028
0.26,1.31,24.02353329967061,-1.9787674294505109,59.97096984324827,30.45,3.0,headache,S028
0.11,1.33,24.204337922671936,-2.1370494604669177,59.96096222086536,30.45,3.0,headache,S028
-0.05,1.34,24.05873646280963,-2.0695834333434044,59.88872989142828,30.45,3.0,headache,S028
0.0,1.33,24.49328523018982,-2.125701753287488,60.03596663727115,30.45,3.0,headache,S028
0.62,1.33,24.087258555369253,-2.4309340662656305,59.97480311250364,30.45,3.0,headache,S028
-1.24,1.32,24.114336781846525,-2.138722924319275,60.02247133044374,30.45,3.0,headache,S028
1.25,1.3,24.235930034675576,-2.3307261058543762,59.97601953607229,30.43,3.0,headache,S028
-1.09,1.28,24.278640939894277,-2.4819928537412412,60.03233608664441,30.43,3.0,headache,S028
0.28,1.27,24.281416552382872,-2.3226479218155283,59.91869300281058,30.43,3.0,headache,S028
-0.41,1.26,23.958218082873035,-2.2213620189006718,59.920551881335115,30.43,3.0,headache,S028
0.71,1.25,24.142905591456213,-2.431237518707298,60.02608670363115,30.45,3.0,headache,S028
0.5,1.25,24.32252952155548,-2.2184811924332792,59.98126443761955,30.45,3.0,headache,S028
-0.59,1.25,24.014659920472507,-2.3477084830050994,60.02187961948672,30.45,3.0,headache,S028
-0.53,1.25,24.292443604813332,-2.2010732997132116,59.947391324816316,30.45,3.0,headache,S028
0.48,1.24,24.712905032047004,-2.3358621812002967,59.7747511331048,30.47,3.0,headache,S028
-0.91,1.23,24.20243066427468,-2.3005415416657784,59.928188830933244,30.47,3.0,headache,S028
1.0,1.22,24.852771273675803,-2.050013318152075,59.89958202724727,30.47,3.0,headache,S028
-0.56,1.22,24.504007352677913,-1.9877662803334673,59.64353798519188,30.47,3.0,headache,S028
0.12,1.22,24.888024882310308,-2.004599968377913,59.49681692504677,30.43,3.0,headache,S028
0.27,1.21,24.901187766023643,-1.9985138386761536,59.49517024318917,30.43,3.0,headache,S028
0.31,1.21,24.852469648315505,-1.9998822015569704,59.667045604179464,30.43,3.0,headache,S028
-1.23,1.2,24.904820003530208,-2.0009959367023336,59.75633297397192,30.43,3.0,headache,S028
0.97,1.2,24.831808433742726,-1.9985753561067656,59.919787836178315,30.45,3.0,headache,S028
-0.58,1.2,24.664412988705383,-2.001496987969139,59.59326053184616,30.45,3.0,headache,S028
0.35,1.19,24.70212139406292,-1.9988065823928987,59.99672284065447,30.45,3.0,headache,S028
0.15,1.19,25.023895169631516,-2.0003507812887533,59.95831115823967,30.45,3.0,headache,S028
0.29,1.19,24.631691416441168,-2.0015339540879915,59.789964468599834,30.47,3.0,headache,S028
-0.48,1.19,24.567455443754323,-1.9937636443747944,59.70421808429176,30.47,3.0,headache,S028
0.33,1.19,24.7015745133846,-2.0251817678125312,59.97534582734458,30.47,3.0,headache,S028
0.1,1.2,24.267434706630606,-2.125290759450605,59.62060093331729,30.47,3.0,headache,S028
0.18,1.2,24.742758736800063,-1.9645600934505714,59.86461731305137,30.43,3.0,headache,S028
-0.89,1.19,24.640664593862777,-2.029513686313799,59.9425008650213,30.43,3.0,headache,S028
1.14,1.19,24.462201419392436,-1.9657936979237711,59.92209038398977,30.43,3.0,headache,S028
-0.36,1.19,24.71448047149138,-2.06689705103688,59.94500908767996,30.43,3.0,headache,S028
-0.37,1.19,24.446063315520956,-2.090537375030938,59.82385396550498,30.43,3.0,headache,S028
-0.34,1.18,24.78900807260866,-1.9819737739255827,59.49177517764134,30.43,3.0,headache,S028
0.39,1.19,24.20202077574056,-2.0071508364099597,59.96357078066216,30.43,3.0,headache,S028
0.16,1.18,24.373787680652562,-1.9973399934560587,59.9686396433404,30.43,3.0,headache,S028
0.37,1.18,24.492454101114898,-1.9998964547686566,59.912479274396276,30.47,3.0,headache,S028
-0.58,1.18,24.36922124747101,-2.002542505902427,59.92651970814409,30.47,3.0,headache,S028
0.23,1.17,24.50361919001051,-1.994112649058019,59.82252399702127,30.47,3.0,headache,S028
-0.12,1.17,24.461419254551533,-2.0147872816900065,59.937696850945166,30.47,3.0,headache,S028
0.19,1.17,24.58565634272934,-2.1227720634128,59.782443547346624,30.45,3.0,headache,S028
-0.99,1.16,24.426949622986115,-1.9875253689753358,59.86383668068792,30.45,3.0,headache,S028
1.15,1.16,23.882033371829596,-2.006057735009363,60.06231428810852,30.45,3.0,headache,S028
-0.43,1.16,24.38827772739119,-1.9967054495754952,59.863725877585914,30.45,3.0,headache,S028
0.37,1.16,24.3124369833455,-2.001275569772662,59.84521123576389,30.45,3.0,headache,S028
-0.46,1.16,24.502146858795058,-2.0008637993601686,59.98716949042827,30.45,3.0,headache,S028
0.22,1.15,24.315528739479923,-1.9960943794621333,59.87885242437253,30.45,3.0,headache,S028
-0.46,1.15,24.498652425815266,-2.0094991112913716,60.02264640279201,30.45,3.0,headache,S028
0.65,1.15,24.597743090262842,-1.9761505245434903,59.991703146341955,30.45,3.0,headache,S028
-0.93,1.15,24.271387526079113,-2.1307117909507842,60.00078415133411,30.45,3.0,headache,S028
1.17,1.15,24.663324448136695,-2.1725625427240627,60.00499884875256,30.45,3.0,headache,S028
-0.47,1.15,24.288148544199302,-1.935913588631236,59.98904321182978,30.45,3.0,headache,S028
0.3,1.14,24.285863395327556,-2.0593091140690896,60.01957628538654,30.45,3.0,headache,S028
-0.59,1.14,24.50435802476001,-1.9107065175971176,59.95687536367888,30.45,3.0,headache,S028
0.43,1.14,24.305892892682984,-2.029246274389383,59.897376920541475,30.45,3.0,headache,S028
-0.33,1.13,24.80789519309734,-2.0379317379603634,60.006147376619964,30.45,3.0,headache,S028
-0.1,1.14,24.160037164292927,-1.9874096153116314,60.013198581705495,30.43,3.0,headache,S028
-0.31,1.13,24.282891689150265,-2.004051673535436,59.9482917835015,30.43,3.0,headache,S028
0.82,1.13,24.4433171000369,-2.000369639382887,59.87992392012513,30.43,3.0,headache,S028
-0.79,1.13,24.408244593510943,-1.9967370355011376,59.77666908157843,30.43,3.0,headache,S028
0.87,1.13,24.797404684371593,-2.005512800251502,59.87260271371525,30.47,3.0,headache,S028
-0.48,1.13,24.45350160549263,-1.992469715952488,59.931856875114775,30.47,3.0,headache,S028
0.28,1.14,24.360569772505453,-2.0095764530293305,59.930580949352674,30.47,3.0,headache,S028
-0.6,1.14,24.491315942408388,-1.988104484972415,60.04327146997405,30.47,3.0,headache,S028
0.63,1.14,24.286854430436822,-2.014827025819392,59.96218810671763,30.47,3.0,headache,S028
-0.05,1.14,24.385155657303923,-1.9809876920854241,60.04258450886548,30.47,3.0,headache,S028
-0.29,1.14,23.993513055055967,-2.0258269334587795,59.843793649647026,30.47,3.0,headache,S028
-0.17,1.14,24.507570495395647,-2.0244086344801295,59.876671224304886,30.47,3.0,headache,S028
0.36,1.13,24.46547523877631,-1.968528361307796,60.005839047449804,30.45,3.0,headache,S028
-0.22,1.14,24.408037406849036,-1.8477453456412511,59.91165072120266,30.45,3.0,headache,S028
0.39,1.13,24.344621884058377,-2.011538516958855,59.78618095244059,30.45,3.0,headache,S028
0.02,1.13,24.687280685637234,-2.011452903987641,59.906798942135325,30.45,3.0,headache,S028
0.28,1.14,24.434950321886152,-1.9952918244774573,60.03038636058356,30.43,3.0,headache,S028
-1.15,1.14,24.235219626147178,-1.9998272316034726,59.986450566038336,30.43,3.0,headache,S028
0.98,1.15,24.43200868901974,-2.0044088127273683,59.98919179182442,30.43,3.0,headache,S028
-0.98,1.15,24.600569826828043,-1.991062646697792,59.861218096398794,30.43,3.0,headache,S028
1.17,1.14,24.618792309663206,-2.015038569834599,60.05303790128932,30.45,3.0,headache,S028
-0.82,1.15,24.47726061991539,-1.9736574247029444,59.88021205084549,30.45,3.0,headache,S028
0.88,1.17,24.479850461146285,-2.0677122322146304,59.85475345833711,30.45,3.0,headache,S028
-1.03,1.18,24.820688382560448,-1.985775304748527,59.75225433394374,30.45,3.0,headache,S028
0.34,1.17,25.00350544704213,-1.9173460605317953,59.66329060558089,30.45,3.0,headache,S028
0.3,1.18,25.155498664310656,-1.89105895706274,59.818258176930726,30.45,3.0,headache,S028
0.35,1.18,24.93382284334393,-2.019279877898305,59.77446995732807,30.45,3.0,headache,S028
-1.48,1.18,24.93795455171002,-1.7685582303646472,59.370763604959876,30.45,3.0,headache,S028
1.38,1.17,24.959816051442814,-1.747406633982412,59.643778792639736,30.45,3.0,headache,S028
-1.53,1.17,24.7466258377414,-1.9988344688930832,59.897861954344364,30.45,3.0,headache,S028
1.51,1.17,24.869550135604744,-1.8930655821416227,59.842274010746735,30.45,3.0,headache,S028
-0.85,1.17,24.66171025246722,-1.6455546494372115,59.64901500376066,30.45,3.0,headache,S028
1.1,1.16,24.9442339095275,-1.806101677685654,59.42895898431457,30.47,3.0,headache,S028
-0.71,1.15,24.760336537919088,-2.0391244631102072,59.63684349651652,30.47,3.0,headache,S028
0.68,1.16,24.591412228407393,-1.9792922917412052,59.86069022263084,30.47,3.0,headache,S028
-1.57,1.16,24.703961498137865,-2.01670988174166,59.490162093985525,30.47,3.0,headache,S028
1.22,1.16,24.747592328927556,-1.8846612982065638,59.69685022191942,30.45,3.0,headache,S028
-0.77,1.15,24.442020242269145,-1.9617974398125908,59.865869634919235,30.45,3.0,headache,S028
1.35,1.16,24.649949712813186,-2.0845403407069907,59.968139834174224,30.45,3.0,headache,S028
-1.86,1.17,24.46851148162494,-2.0745862675146514,60.00311368881876,30.45,3.0,headache,S028
2.13,1.17,24.359660487671132,-1.9803166938013217,60.02211913932769,30.43,3.0,headache,S028
-1.92,1.17,24.679590182152687,-2.006502085938253,59.88624521667557,30.43,3.0,headache,S028
1.94,1.18,24.39456744517094,-2.0016071433640863,59.79886451196853,30.43,3.0,headache,S028
-2.2,1.19,24.147212439676725,-1.9908363693097963,60.077025814272,30.43,3.0,headache,S028
2.56,1.19,24.55480067072971,-2.0184801867720568,59.941848301260436,30.43,3.0,headache,S028
-2.87,1.19,24.29581108706346,-1.9658740648532067,59.933517782710474,30.43,3.0,headache,S028
2.7,1.19,24.665699987891262,-2.156779237509753,59.894456675479155,30.43,3.0,headache,S028
-2.74,1.19,24.449365277564546,-1.954369210258596,59.94235696243318,30.43,3.0,headache,S028
