bvp,eda,x,y,z,temperature,pain_scale,pain_type,person_id
2.02,4.0,-25.154275076060312,8.851246697137102,52.84345045989242,4.0,3.0,headache,S029
1.93,0.0,-27.466431293146044,2.442176159792329,59.436360476193414,30.45,3.0,headache,S029
3.84,0.65,-29.358973975737644,3.6786954158174026,58.13564929523406,30.45,3.0,headache,S029
24.66,0.74,-27.82965396634358,6.814179492076565,59.02849575748907,30.45,3.0,headache,S029
111.85,0.74,-28.230109366063648,4.986228503985104,58.98791213155902,30.45,3.0,headache,S029
229.94,0.61,-28.71667425841592,3.455707554636636,58.26350742602462,30.45,3.0,headache,S029
-285.53,0.62,-27.98637570050625,5.128259643880723,59.059772735088565,30.45,3.0,headache,S029
-177.71,0.62,-28.88815700127178,3.377933887709033,58.58364379617097,30.45,3.0,headache,S029
22.2,0.61,-29.22406995909676,2.2854564012251557,58.54384787302087,30.45,3.0,headache,S029
15.56,0.61,-28.96641900598653,2.076172429717276,58.81598883867074,30.49,3.0,headache,S029
21.58,0.61,-28.0900596864661,4.696035971999273,58.943905722887735,30.49,3.0,headache,S029
4.16,0.61,-28.182087582047956,2.7800592324396107,58.67287672210038,30.49,3.0,headache,S029
8.53,0.61,-29.301313924570202,2.574265655322651,58.75324475170444,30.49,3.0,headache,S029
-2.83,0.61,-29.258763153550227,2.3398708113601314,58.704149241260524,30.45,3.0,headache,S029
-1.29,0.6,-29.674226232844102,2.654189041544805,58.137545809935716,30.45,3.0,headache,S029
-5.8,0.61,-30.84385724933916,3.5751215443690127,58.047201982586714,30.45,3.0,headache,S029
4.04,0.6,-31.710833085406996,2.586736239730818,57.390364982411164,30.45,3.0,headache,S029
1.69,0.6,-32.108290453659635,5.627526973829842,57.28584866517222,30.47,3.0,headache,S029
6.19,0.6,-31.096931709881478,3.4033285179867976,57.414909178302516,30.47,3.0,headache,S029
2.11,0.6,-32.46878092002267,4.90183678761173,55.96905669310834,30.47,3.0,headache,S029
2.28,0.59,-29.706572360195214,10.86651868863308,58.233420856327655,30.47,3.0,headache,S029
-1.05,0.59,-33.26041482765654,5.015711535099478,56.008728678676064,30.45,3.0,headache,S029
1.24,0.59,-32.46565398774161,3.992778352945614,56.49946655846901,30.45,3.0,headache,S029
-2.25,0.59,-33.469133400677734,2.071359739054594,56.46565311510808,30.45,3.0,headache,S029
2.01,0.59,-32.78496563986708,2.07893675130256,56.63548302220696,30.45,3.0,headache,S029
1.41,0.59,-31.312465523315993,1.7022314567587313,57.47799389475421,30.45,3.0,headache,S029
0.92,0.59,-31.714638550211063,2.1380027356206455,57.36131719066234,30.45,3.0,headache,S029
0.13,0.58,-30.88326213154087,1.872960398338082,57.84553439417348,30.45,3.0,headache,S029
0.6,0.58,-31.269431021238578,3.3241880459048967,57.88765788571202,30.45,3.0,headache,S029
-1.85,0.58,-30.986721150017377,2.20124109219935,57.54561055223731,30.43,3.0,headache,S029
1.43,0.57,-31.629819364906098,3.232708094112107,57.786191850057456,30.43,3.0,headache,S029
-0.48,0.58,-29.943179282849833,2.5015992788707586,58.06140100635326,30.43,3.0,headache,S029
1.44,0.58,-31.751203530569946,2.678276703918501,57.27931552415696,30.43,3.0,headache,S029
-0.89,0.57,-31.653466764575253,2.877596838785124,57.1779959591747,30.43,3.0,headache,S029
1.12,0.57,-31.792762832816024,2.8865731214987718,57.50919571413206,30.43,3.0,headache,S029
-0.78,0.57,-32.41705228918016,2.2571391306714146,57.020177513795666,30.43,3.0,headache,S029
0.8,0.57,-32.69982192408661,3.095011321877014,56.78505405165013,30.43,3.0,headache,S029
-0.64,0.57,-31.79130221074085,2.2213195801213272,56.95478867048975,30.45,3.0,headache,S029
0.81,0.57,-33.619214093702695,1.9380839529034988,56.164847967596536,30.45,3.0,headache,S029
-1.0,0.57,-32.04271921193642,3.0801710632858983,57.122872296108746,30.45,3.0,headache,S029
0.07,0.56,-32.61830805583634,3.183057530322318,56.744001885957154,30.45,3.0,headache,S029
-1.08,0.56,-31.670282892705377,4.354549901874256,56.94487032441205,30.41,3.0,headache,S029
1.25,0.56,-32.70593296457493,4.406992661893267,56.74630270307821,30.41,3.0,headache,S029
-1.04,0.55,-32.457495869294746,4.092414074389555,56.916886812524936,30.41,3.0,headache,S029
2.51,0.55,-33.403612294229426,3.47461013925146,56.49782675415054,30.41,3.0,headache,S029
0.69,0.55,-32.88025146946157,2.381332434757611,56.534932290259455,30.41,3.0,headache,S029
0.32,0.54,-33.03764695665166,3.092872875827946,56.61389802264476,30.41,3.0,headache,S029
-1.72,0.55,-33.15271572095631,3.332379225043746,56.90205894376213,30.41,3.0,headache,S029
0.04,0.54,-33.139120568104076,1.9076285679225384,56.57191500794209,30.41,3.0,headache,S029
-0.37,0.54,-33.71862294113289,1.5728713952896345,56.41013736501785,30.41,3.0,headache,S029
0.71,0.54,-33.72673969038337,3.1134838625395878,56.156076563659234,30.41,3.0,headache,S029
-0.26,0.54,-34.02682373498899,3.8054773724358957,56.26856806465429,30.41,3.0,headache,S029
1.02,0.53,-35.01415730420917,3.6067680406707194,55.30562715946257,30.41,3.0,headache,S029
-0.1,0.54,-35.281654903205535,3.2361622608066942,55.05452066215684,30.41,3.0,headache,S029
0.53,0.54,-36.32567866264301,3.533727224122479,54.60713050581761,30.41,3.0,headache,S029
-0.59,0.53,-36.0597352339998,4.609657043850408,54.6072206585244,30.41,3.0,headache,S029
0.5,0.53,-35.70765154936688,4.871724747936624,54.933370778479734,30.41,3.0,headache,S029
-1.16,0.53,-36.51155007916244,5.342966105522906,54.505049758008546,30.43,3.0,headache,S029
0.37,0.53,-36.51246747358922,6.771838328087616,54.07613904199652,30.43,3.0,headache,S029
-1.0,0.52,-36.43015359709193,6.90412685910174,54.242528543519875,30.43,3.0,headache,S029
0.57,0.52,-36.57820458432971,5.968327902641575,54.020581945459504,30.43,3.0,headache,S029
-0.61,0.52,-36.8360460316899,5.424460294182515,54.068899147484935,30.41,3.0,headache,S029
0.56,0.51,-36.79533775697923,4.84817359256439,54.08460707302242,30.41,3.0,headache,S029
1.04,0.52,-36.67203802596222,4.621927302098966,54.04506885215853,30.41,3.0,headache,S029
0.5,0.51,-36.88723633059438,4.562635751733387,54.04034118248764,30.41,3.0,headache,S029
0.47,0.51,-36.70139396294448,3.524347980511886,54.388601422837255,30.41,3.0,headache,S029
1.83,0.51,-36.78859984445846,3.0591857020889495,54.373163657097834,30.41,3.0,headache,S029
-0.8,0.51,-35.74510887808031,5.21597050700547,54.82224553276851,30.41,3.0,headache,S029
-0.89,0.51,-35.70152708602114,5.275787541276048,55.00288562720407,30.41,3.0,headache,S029
-2.21,0.51,-36.1078389310896,3.258181528001538,54.523587233899434,30.39,3.0,headache,S029
0.22,0.51,-35.43785793808783,4.033181977275263,55.028508403760114,30.39,3.0,headache,S029
-0.4,0.5,-36.27914878852686,3.923859828586084,54.95924368824639,30.39,3.0,headache,S029
0.16,0.5,-35.69733331675967,4.140427161273434,54.91175306216836,30.39,3.0,headache,S029
-0.94,0.5,-36.180927740796974,3.103945043021756,54.55901928293519,30.39,3.0,headache,S029
0.83,0.49,-36.12181601652223,4.5691303322977594,54.700983353387706,30.39,3.0,headache,S029
-0.42,0.49,-37.20213334636116,3.7177754320461425,54.33347747641664,30.39,3.0,headache,S029
0.65,0.49,-36.814696452408484,4.652764744818932,53.932521410035505,30.39,3.0,headache,S029
0.31,0.49,-37.16855285279572,4.834007662423363,53.87877330637189,30.39,3.0,headache,S029
0.42,0.48,-36.38735740479587,4.798937360666607,54.40804783302092,30.39,3.0,headache,S029
-0.8,0.49,-37.490561536533676,5.8578161838388105,53.46621960068419,30.39,3.0,headache,S029
0.43,0.49,-35.9769941477936,7.412166064962333,54.03318484647879,30.39,3.0,headache,S029
-0.6,0.48,-35.73039866727507,9.845630792551736,54.71743678959837,30.35,3.0,headache,S029
-0.48,0.48,-36.672273224880726,6.843125556200277,54.03521125772629,30.35,3.0,headache,S029
-0.68,0.48,-36.137407828708554,7.653979475680462,54.38387869093731,30.35,3.0,headache,S029
0.3,0.47,-36.487297458558054,7.515408110757672,53.84657195427577,30.35,3.0,headache,S029
0.46,0.48,-35.44560009479231,8.197721304825473,54.68634125524056,30.39,3.0,headache,S029
0.76,0.48,-36.52109395097007,6.569360229698033,54.006655706986386,30.39,3.0,headache,S029
0.31,0.47,-36.23900157656401,6.710007817862662,54.04944293170152,30.39,3.0,headache,S029
0.3,0.47,-36.123117832892866,6.591723373434249,53.93378592029012,30.39,3.0,headache,S029
-0.17,0.47,-36.5361424441154,4.302422726776525,54.212733761949366,30.39,3.0,headache,S029
0.11,0.47,-36.89146677242872,5.090979807708732,54.08265773548128,30.39,3.0,headache,S029
-0.28,0.46,-36.2849292756588,4.638125254316074,54.464989352838224,30.39,3.0,headache,S029
0.32,0.47,-35.94545555350986,5.575003725932419,54.65154743515992,30.39,3.0,headache,S029
-0.45,0.47,-35.62430874277613,5.169077453327783,54.97735554081039,30.39,3.0,headache,S029
0.21,0.46,-35.84322496957858,5.085143469598055,54.941774654876,30.39,3.0,headache,S029
-0.04,0.46,-35.08220123782228,5.886298900070538,55.079422307086794,30.39,3.0,headache,S029
-0.56,0.46,-35.46828087734845,5.681071419655729,54.857206257405515,30.39,3.0,headache,S029
0.24,0.45,-35.70665155939608,4.785645284032292,54.9933506345386,30.39,3.0,headache,S029
-0.04,0.45,-35.63922287294854,5.162387971931449,54.93967072149495,30.39,3.0,headache,S029
-0.74,0.45,-35.2953910580547,5.022559916677217,55.199883098781555,30.39,3.0,headache,S029
0.41,0.45,-35.56682520623062,5.40409488649196,54.8902810445534,30.39,3.0,headache,S029
0.03,0.45,-35.382979171364376,4.9211653923491,55.1683332044726,30.37,3.0,headache,S029
0.29,0.45,-35.10970478825483,6.454579370405198,55.237127928648135,30.37,3.0,headache,S029
-0.03,0.45,-36.07845133172613,5.554076206413007,54.515236890101924,30.37,3.0,headache,S029
0.22,0.44,-35.87309381239211,4.932593235986214,54.491392973745555,30.37,3.0,headache,S029
-0.29,0.44,-35.96753828362392,5.604063077010576,54.410834562192704,30.39,3.0,headache,S029
0.25,0.44,-35.90875771733289,6.327689791091823,54.346449857135106,30.39,3.0,headache,S029
0.14,0.44,-36.07309494707995,6.721650448972328,54.85861992345975,30.39,3.0,headache,S029
0.46,0.44,-36.01284020799754,6.8626009249784286,54.263854711269275,30.39,3.0,headache,S029
-1.26,0.44,-36.26790211442222,5.908351518011513,54.09202714800361,30.39,3.0,headache,S029
0.04,0.43,-36.32987235159688,6.060160666918451,53.97432349964486,30.39,3.0,headache,S029
0.15,0.43,-36.32761009971017,6.957739558170494,54.35092725708617,30.39,3.0,headache,S029
0.29,0.43,-35.723897182688795,7.538859362299252,54.42632666966421,30.39,3.0,headache,S029
-0.23,0.43,-36.27590311305634,6.511051517214896,54.3100765206772,30.37,3.0,headache,S029
0.21,0.42,-36.433111789074864,4.8030361435731805,54.443498369453124,30.37,3.0,headache,S029
-0.31,0.43,-35.17580276499359,6.240352694688329,54.974999667617915,30.37,3.0,headache,S029
0.46,0.43,-36.4347559023829,4.692964528843336,54.66912703898921,30.37,3.0,headache,S029
-0.37,0.42,-36.13743368876273,4.1701952387455705,54.78170072659221,30.37,3.0,headache,S029
0.18,0.42,-35.67123345031214,5.320895024357498,54.643709146458306,30.37,3.0,headache,S029
-0.38,0.42,-35.84446894010951,6.3395134923679235,54.79631328550115,30.37,3.0,headache,S029
0.41,0.42,-35.39472820461502,5.425478760022,54.56658354085579,30.37,3.0,headache,S029
-0.37,0.42,-36.95258000246273,5.175296903645484,54.0905951636131,30.39,3.0,headache,S029
1.15,0.42,-37.110038842053505,6.171078419190117,53.99004867788384,30.39,3.0,headache,S029
-0.44,0.42,-37.72339580576815,6.647031803583631,53.433611570020226,30.39,3.0,headache,S029
0.33,0.42,-37.42487616003186,6.395528162331647,53.662174472162135,30.39,3.0,headache,S029
-0.44,0.41,-37.20715296372403,6.288740932102217,53.91392365073988,30.37,3.0,headache,S029
0.06,0.41,-37.06297537812927,7.249313154038264,53.64018741815182,30.37,3.0,headache,S029
-0.4,0.41,-37.56581868902435,5.7027194643003645,53.479547976315175,30.37,3.0,headache,S029
-0.26,0.41,-36.78973960605908,8.108477603886,54.03398026697466,30.37,3.0,headache,S029
0.09,0.41,-37.13477700723628,8.634639270674715,53.80273225169191,30.39,3.0,headache,S029
0.5,0.4,-36.82587336497741,7.676452154925123,53.75022196842499,30.39,3.0,headache,S029
-0.25,0.41,-37.07332335399543,6.6372844633762185,53.64115183225071,30.39,3.0,headache,S029
-0.27,0.41,-37.10604162882357,7.706415616288643,53.82534092010626,30.39,3.0,headache,S029
-0.26,0.4,-37.309720101218275,7.783946491100382,53.569522312990244,30.39,3.0,headache,S029
1.2,0.4,-36.88058327749455,8.21604136506168,53.67631814754359,30.39,3.0,headache,S029
-0.15,0.4,-38.24987698815241,5.6698420264402065,53.25307459915422,30.39,3.0,headache,S029
-0.28,0.4,-37.8369418996633,4.9805790597451205,53.488088583586276,30.39,3.0,headache,S029
0.3,0.39,-37.56480897007018,5.821890043133593,53.825423862067645,30.39,3.0,headache,S029
0.09,0.4,-37.63181387409843,4.866118681347382,53.64812257974325,30.39,3.0,headache,S029
-0.27,0.4,-36.995453083094056,5.128465239643949,54.12661977832201,30.39,3.0,headache,S029
0.33,0.39,-37.21949095925144,5.523474205478884,53.74273693988333,30.39,3.0,headache,S029
-0.14,0.39,-37.152066346874705,5.122520899937411,54.10124202894714,30.37,3.0,headache,S029
-0.25,0.39,-37.23278688897153,6.544935784891027,53.63223660627174,30.37,3.0,headache,S029
-0.54,0.38,-37.19441524054633,6.445744788958023,53.88194838457158,30.37,3.0,headache,S029
-0.11,0.39,-37.54257836833264,5.345052589693495,53.710030269843784,30.37,3.0,headache,S029
0.38,0.39,-36.662096345434286,7.967224319204531,54.32814317000935,30.37,3.0,headache,S029
0.46,0.38,-36.99913489889097,6.725175268673023,53.79869023808317,30.37,3.0,headache,S029
-0.66,0.38,-38.49049788437116,5.263587916932504,53.510944976081795,30.37,3.0,headache,S029
-0.4,0.38,-34.257656330294004,2.798921549842689,55.6323189782794,30.37,3.0,headache,S029
0.78,0.38,-35.988010177415234,2.396433102510943,56.13741416751455,30.39,3.0,headache,S029
0.13,0.38,-37.95094725600929,-2.860231196465281,53.128819389897956,30.39,3.0,headache,S029
-0.73,0.38,-43.857290712247625,-12.361918853511767,50.38526322366533,30.39,3.0,headache,S029
-0.07,0.38,-35.02158049924776,-7.874968571368974,53.28277477566817,30.39,3.0,headache,S029
-1.12,0.37,-32.636545928367575,-7.8954466055459065,55.25541213370621,30.37,3.0,headache,S029
-2.18,0.37,-32.7878294304297,-10.439396934271901,56.53270098605238,30.37,3.0,headache,S029
3.74,0.37,-32.34288884349206,-5.7986617760961785,56.862226777336765,30.37,3.0,headache,S029
1.73,0.37,-33.86299561700664,-5.914732151332358,56.93720943102967,30.37,3.0,headache,S029
-1.8,0.37,-32.09547328442729,-8.997198138463956,56.42563062663156,30.41,3.0,headache,S029
-0.19,0.37,-32.19193614827271,-6.4018423297928315,56.711204493090946,30.41,3.0,headache,S029
-0.36,0.37,-33.060330895622876,-3.9918067826674064,57.09025827137546,30.41,3.0,headache,S029
0.52,0.37,-32.80422818062419,-4.499862827990256,57.2863344389938,30.41,3.0,headache,S029
0.45,0.37,-32.676334741187326,-4.268974129760555,57.10061587008561,30.39,3.0,headache,S029
0.19,0.37,-31.735300456524175,-6.6229989114601375,57.33939287555872,30.39,3.0,headache,S029
-1.43,0.36,-32.63134095354862,-6.512975521846008,57.3955115262138,30.39,3.0,headache,S029
-0.5,0.37,-30.108523672607152,-12.563962732217167,57.86371936503293,30.39,3.0,headache,S029
-0.04,0.37,-25.802502483717273,-13.329234931729738,56.817496803745186,30.39,3.0,headache,S029
0.92,0.36,-30.53746893264389,-9.52704816809818,57.662378875248024,30.39,3.0,headache,S029
1.46,0.36,-31.460783655589438,-7.254548154302608,57.691120381493654,30.39,3.0,headache,S029
1.6,0.36,-33.11371525709142,-4.030927258226079,56.979705265252385,30.39,3.0,headache,S029
-1.07,0.36,-32.396161007360476,-3.8981692081758834,56.949162231941045,30.39,3.0,headache,S029
-1.61,0.35,-31.613719885587475,-3.5402719405393794,57.97667373812638,30.39,3.0,headache,S029
0.61,0.36,-30.2188971846775,-6.434265539581025,57.92749945210018,30.39,3.0,headache,S029
-0.23,0.35,-32.171245276900684,-8.213414258080416,57.496428956560074,30.39,3.0,headache,S029
0.5,0.35,-32.265722506627064,-7.77704516997612,56.6319786356281,30.37,3.0,headache,S029
0.69,0.35,-31.71633931325581,-3.3878657977735074,57.29751444483196,30.37,3.0,headache,S029
-0.07,0.35,-33.21111804360015,-0.7657441002264542,57.028064873231315,30.37,3.0,headache,S029
-0.54,0.34,-33.579486486763635,-5.713318620015661,56.28123513732156,30.37,3.0,headache,S029
1.09,0.35,-33.72668595923831,-3.5157758498619507,56.66032255815333,30.37,3.0,headache,S029
-0.61,0.35,-32.38032428184095,-3.065594332119129,56.29180442358587,30.37,3.0,headache,S029
-1.16,0.34,-31.765891996101736,1.2810401024652782,57.973165844786145,30.37,3.0,headache,S029
-0.48,0.35,-32.36904237175087,0.8911743662373791,57.6234668035675,30.37,3.0,headache,S029
0.14,0.34,-33.55822234321191,-1.1296081666326325,56.28020978632536,30.39,3.0,headache,S029
0.9,0.34,-35.364848421160545,0.4367137615090873,55.27383418067834,30.39,3.0,headache,S029
-0.77,0.34,-37.762109993622964,1.2959140586202955,54.006135365312026,30.39,3.0,headache,S029
2.18,0.34,-37.474132080299874,1.7694630444822554,54.43674972609712,30.39,3.0,headache,S029
1.81,0.34,-36.25202220190313,0.256955283453901,54.68536613302833,30.39,3.0,headache,S029
0.36,0.34,-36.714847726998045,1.965750907751648,54.64141154463803,30.39,3.0,headache,S029
-1.94,0.34,-38.0725095908261,0.2829611321487617,53.939744397271824,30.39,3.0,headache,S029
-0.67,0.34,-37.86815804794611,0.5746616864834844,53.77358694873632,30.39,3.0,headache,S029
-0.86,0.33,-38.163357883322924,1.2312118367564129,53.388668731528576,30.39,3.0,headache,S029
-0.18,0.34,-38.826027254013326,1.1643825231289198,53.049481478095984,30.39,3.0,headache,S029
0.15,0.36,-38.95222916583671,1.2697555410075736,52.99935270255307,30.39,3.0,headache,S029
0.4,0.33,-38.91896888903451,1.0700583003458377,52.99454096153844,30.39,3.0,headache,S029
-0.57,0.33,-39.23077861272395,1.1749762668262773,53.01051091704993,30.37,3.0,headache,S029
0.2,0.33,-38.68496101246201,2.4161218616407347,52.980906467460834,30.37,3.0,headache,S029
0.11,0.33,-38.65352459510161,2.419307278726851,53.046538373524704,30.37,3.0,headache,S029
0.04,0.33,-39.012978095835685,0.45970142709294526,53.10372524534286,30.37,3.0,headache,S029
-0.58,0.34,-38.85956639750034,2.3327164565049308,52.98070072525978,30.37,3.0,headache,S029
0.28,0.33,-38.689703410884825,2.527811711848414,53.04627383153977,30.37,3.0,headache,S029
-0.37,0.32,-38.65401709776131,3.081276783370313,53.0455645527073,30.37,3.0,headache,S029
0.17,0.33,-38.97107998612096,3.1456784332927943,52.89479517872139,30.37,3.0,headache,S029
-0.28,0.33,-38.9929705503505,3.570290576713233,53.01055988361676,30.37,3.0,headache,S029
0.46,0.32,-38.841549435062134,4.042939134284625,53.213727602328454,30.37,3.0,headache,S029
-0.26,0.32,-39.23859828356726,2.309500463658914,52.75657629867361,30.37,3.0,headache,S029
0.66,0.32,-39.63396952882799,2.085067997860819,52.79751691652198,30.37,3.0,headache,S029
0.13,0.32,-39.06065771199143,1.6041570081640544,52.70725437332129,30.41,3.0,headache,S029
0.07,0.32,-39.03435845450188,0.08168973410736766,53.09474589663156,30.41,3.0,headache,S029
0.29,0.32,-39.333516290108406,-0.19838576551294593,53.252811311962716,30.41,3.0,headache,S029
-0.26,0.32,-39.061724887953,0.8633639353639684,53.15405687824235,30.41,3.0,headache,S029
-0.83,0.32,-38.60602139049585,1.8078319023909932,53.28131600514866,30.37,3.0,headache,S029
-0.1,0.32,-38.313895388291286,2.500829901193017,53.45921700496828,30.37,3.0,headache,S029
0.13,0.32,-39.30657997448089,1.7660859941716487,52.37225293764901,30.37,3.0,headache,S029
0.56,0.32,-38.495060081975225,2.1614397819771183,53.33950653938574,30.37,3.0,headache,S029
-0.12,0.32,-39.203625707401756,2.245024003023077,52.92198590878358,30.39,3.0,headache,S029
-0.01,0.32,-38.744500067039986,1.478456006705152,53.12251050453812,30.39,3.0,headache,S029
-0.02,0.32,-39.10146667450911,1.677159747661348,52.94601354465958,30.39,3.0,headache,S029
-0.28,0.31,-39.29822243258408,1.629344176687329,52.959382232526636,30.39,3.0,headache,S029
0.13,0.32,-39.29004930537817,1.848137408034047,52.892210230218765,30.41,3.0,headache,S029
0.6,0.32,-39.44033735599985,1.7211345851418234,52.99893090836065,30.41,3.0,headache,S029
-1.01,0.31,-39.48854864416344,1.8472675267111531,52.97910959154124,30.41,3.0,headache,S029
0.25,0.31,-39.685282713591846,2.1159432148603163,52.99247196853106,30.41,3.0,headache,S029
0.76,0.31,-39.674648021296036,1.186954987896751,52.801331320382914,30.41,3.0,headache,S029
-0.76,0.31,-39.9051454691654,1.1810772794933517,52.690287758656574,30.41,3.0,headache,S029
0.28,0.31,-39.936393223430386,2.1070445616163953,52.48925200623179,30.41,3.0,headache,S029
0.42,0.31,-39.28403207714665,3.119146622359239,52.83656196841083,30.41,3.0,headache,S029
-0.97,0.31,-39.12469055511894,2.8695584348281917,52.914826318536875,30.41,3.0,headache,S029
0.73,0.31,-39.572476548126815,1.374235676406869,52.63033028876247,30.41,3.0,headache,S029
0.11,0.31,-39.34436000978941,2.0420008921953556,53.18954668670652,30.41,3.0,headache,S029
-0.16,0.31,-39.52596610562434,2.0931811304421406,52.855406309603204,30.41,3.0,headache,S029
-0.31,0.3,-39.68528332292822,1.4491708885347452,52.700622800338046,30.41,3.0,headache,S029
0.6,0.3,-39.483816254930446,1.282259273624897,52.84313692934295,30.41,3.0,headache,S029
-0.56,0.31,-39.78943984414067,1.4587547622236055,52.74028662217789,30.41,3.0,headache,S029
0.07,0.3,-39.508805596865464,1.9076467939974737,52.60759301585049,30.41,3.0,headache,S029
-0.01,0.3,-40.00017783881754,2.0106550799193714,52.593856246076584,30.39,3.0,headache,S029
0.16,0.3,-39.40124152409017,2.942066879244112,53.01246863686519,30.39,3.0,headache,S029
-0.24,0.3,-39.5256416252851,2.3149274024514996,52.72957119233331,30.39,3.0,headache,S029
-0.08,0.3,-39.60075217958843,1.9622154693729794,53.02554075280096,30.39,3.0,headache,S029
0.19,0.3,-39.55804417174759,1.2778265312844457,52.961733280309545,30.39,3.0,headache,S029
0.37,0.3,-39.61175959566025,1.3455980258169644,53.045558316119646,30.39,3.0,headache,S029
-0.71,0.29,-39.35188966379413,1.4812860644873242,52.94079859090198,30.39,3.0,headache,S029
0.68,0.29,-39.948104892628955,2.072111540376456,52.86471462774611,30.39,3.0,headache,S029
-0.66,0.3,-39.99849925287655,1.895629473388437,52.703153738012254,30.41,3.0,headache,S029
0.4,0.29,-40.000533061182736,2.6201183772437395,52.70282173438636,30.41,3.0,headache,S029
-0.21,0.29,-40.01384249257435,2.2608679065331594,52.482807194908354,30.41,3.0,headache,S029
0.34,0.3,-40.127796364204386,1.8064384944908927,52.211840059330285,30.41,3.0,headache,S029
-0.42,0.3,-39.975311632422,2.011921951487427,52.69363174803059,30.41,3.0,headache,S029
0.39,0.29,-40.01971737189105,1.984252189098473,52.643815939909516,30.41,3.0,headache,S029
0.12,0.29,-39.94216473105979,2.0305806351754025,52.62038786518288,30.41,3.0,headache,S029
-0.63,0.29,-39.61937330374392,2.1430299638509136,52.96503472480942,30.41,3.0,headache,S029
0.1,0.29,-39.55778645733322,1.84558265719339,52.85886579685493,30.41,3.0,headache,S029
0.45,0.29,-39.760587490495105,1.7719070955076062,52.912461135312846,30.41,3.0,headache,S029
-0.06,0.29,-39.550011916921264,1.9553951720504517,53.001627714679415,30.41,3.0,headache,S029
-0.12,0.29,-40.09527590951004,1.8899793180097133,52.97857143195705,30.41,3.0,headache,S029
-0.15,0.29,-39.938557885431734,1.989202247719683,52.55729777637252,30.41,3.0,headache,S029
0.12,0.29,-40.04694340105426,2.017765467690365,52.92714133585613,30.41,3.0,headache,S029
-0.18,0.29,-39.961763804629655,1.9754270566006202,52.40930421404691,30.41,3.0,headache,S029
0.17,0.28,-40.03177868244603,2.033066317443931,52.425900270824876,30.41,3.0,headache,S029
0.27,0.28,-39.97370900246867,1.9548286260829695,52.8015063294639,30.39,3.0,headache,S029
-0.22,0.28,-39.873089210312955,2.0651609973708402,52.95869027498814,30.39,3.0,headache,S029
-0.09,0.28,-39.81184994145029,1.892459519148149,52.60012964378785,30.39,3.0,headache,S029
0.31,0.28,-39.535755997342854,2.3328755448166403,52.99621676937807,30.39,3.0,headache,S029
-0.42,0.28,-39.438712803998484,2.031618923554537,52.91514804587511,30.43,3.0,headache,S029
0.24,0.28,-39.21863406725424,2.2137197215532103,52.93416502195731,30.43,3.0,headache,S029
0.08,0.28,-39.272995625300986,2.327445020638711,52.982280043816274,30.43,3.0,headache,S029
0.15,0.28,-39.154163277425944,2.0238791823878404,53.02986517985121,30.43,3.0,headache,S029
-0.74,0.28,-39.27727943729769,2.2874517682521938,52.96220753130391,30.43,3.0,headache,S029
0.27,0.27,-39.56220326024292,1.8365099741541397,53.05027595928465,30.43,3.0,headache,S029
-0.09,0.28,-39.25786594359676,1.6343230134690527,52.889392112580374,30.43,3.0,headache,S029
0.27,0.28,-39.79530694506931,1.7854777678379765,52.9510766544462,30.43,3.0,headache,S029
-0.05,0.28,-39.28029759056255,1.9680605394086728,53.00686702660808,30.41,3.0,headache,S029
-0.16,0.27,-39.39799749458403,1.9864841093647385,52.97093136733676,30.41,3.0,headache,S029
0.06,0.28,-39.57506207066829,2.097552156227265,52.81357603156663,30.41,3.0,headache,S029
0.56,0.27,-39.670746999516815,2.513010067668567,52.60658797948581,30.41,3.0,headache,S029
-0.29,0.27,-39.97361131240428,1.960928068854743,52.1302571919732,30.43,3.0,headache,S029
0.36,0.27,-40.14715209264276,2.6353887621866363,52.21652105979495,30.43,3.0,headache,S029
-0.36,0.28,-40.14715337978451,3.061825944471912,52.363235829599155,30.43,3.0,headache,S029
0.14,0.27,-40.43666846267932,2.7280497386116047,52.34823889321224,30.43,3.0,headache,S029
-0.41,0.27,-39.896395293660106,2.6693985012987005,52.28758929091873,30.41,3.0,headache,S029
0.22,0.27,-40.09067490226259,1.9535464415677475,52.214596391601276,30.41,3.0,headache,S029
-0.14,0.27,-39.828854132509555,2.0685983751688,52.20828039274813,30.41,3.0,headache,S029
0.76,0.26,-39.91923594821869,2.9607914022530917,52.138344403853054,30.41,3.0,headache,S029
-0.47,0.27,-39.38892864824888,2.5476631036057102,52.96681989109067,30.43,3.0,headache,S029
-0.2,0.27,-39.397307614965364,1.6347432392822197,52.95325017969285,30.43,3.0,headache,S029
0.11,0.26,-39.65561095320017,2.0685455809407673,52.775251056284525,30.43,3.0,headache,S029
-0.22,0.26,-39.53342168965151,2.1182077391311513,52.98349886473937,30.43,3.0,headache,S029
-0.36,0.26,-39.73604583900959,2.2484232210897863,52.662391296874056,30.45,3.0,headache,S029
0.74,0.26,-39.63455363678136,1.8707653972940195,52.746469128151816,30.45,3.0,headache,S029
-0.25,0.26,-39.99590019698954,1.9977301967560932,52.40630102830959,30.45,3.0,headache,S029
-0.4,0.26,-40.09803944878117,1.8931540617304137,52.259583816097354,30.45,3.0,headache,S029
0.71,0.26,-40.04038070693784,2.1914504685479494,52.44005349456747,30.43,3.0,headache,S029
0.22,0.25,-40.22753800176506,2.332400467557858,52.08994494359971,30.43,3.0,headache,S029
-0.07,0.26,-40.086596513306084,3.0893238389490225,52.233023825243386,30.43,3.0,headache,S029
-0.11,0.26,-40.190818402906366,2.319938903389914,52.13646828856348,30.43,3.0,headache,S029
-0.17,0.25,-39.93368392251552,2.8672813616017705,52.41144029760538,30.45,3.0,headache,S029
0.13,0.25,-40.15141706804393,2.138518994533838,52.1750259753769,30.45,3.0,headache,S029
-0.63,0.26,-40.01593167034278,2.4045275552472103,52.27686848320545,30.45,3.0,headache,S029
0.24,0.26,-39.935828353473966,3.9256892490337023,52.6946235780882,30.45,3.0,headache,S029
0.25,0.25,-39.20596949527952,4.188100617300295,52.870027991568676,30.45,3.0,headache,S029
0.14,0.25,-39.2983479453319,3.6095102153768734,52.63332262957212,30.45,3.0,headache,S029
-0.34,0.25,-39.60269585658361,3.0003730714213637,52.870440627457455,30.45,3.0,headache,S029
0.09,0.25,-39.87444370507177,2.904674965165742,52.22213730252524,30.45,3.0,headache,S029
0.32,0.25,-39.614219364107164,2.72826166663887,52.626451622488005,30.43,3.0,headache,S029
-0.11,0.25,-39.893062297692,1.8806105234904873,52.45465795900041,30.43,3.0,headache,S029
0.23,0.25,-39.71304771269248,2.5308028587296594,52.688814043981075,30.43,3.0,headache,S029
-0.19,0.25,-39.99929360936649,1.9466876637341053,52.45213419294964,30.43,3.0,headache,S029
0.07,0.25,-39.51153194200908,1.6432800127197582,52.536872771905145,30.43,3.0,headache,S029
0.09,0.25,-39.85992716137562,1.933837260544449,53.000235674580026,30.43,3.0,headache,S029
0.09,0.24,-39.47340814650706,1.9691940090364615,52.876243590558346,30.43,3.0,headache,S029
-0.68,0.25,-40.09665207337051,2.8352616214699173,52.63035383632542,30.43,3.0,headache,S029
-0.05,0.25,-39.41746595706933,3.081624074632018,52.858007435737896,30.43,3.0,headache,S029
0.3,0.25,-39.49936852497514,2.801429088530253,52.82540705286645,30.43,3.0,headache,S029
0.28,0.24,-40.08089464187066,1.9740255068893318,52.406923820652096,30.43,3.0,headache,S029
-0.18,0.24,-39.82325953952382,2.4535945327107855,52.711346382997796,30.43,3.0,headache,S029
0.01,0.25,-40.12903266921736,2.0926837041740782,52.69015825087642,30.43,3.0,headache,S029
-0.2,0.24,-39.94031252340458,2.2914017722218536,52.01761557602187,30.43,3.0,headache,S029
-0.19,0.24,-40.036185130651305,2.824179498471981,52.081225151541275,30.43,3.0,headache,S029
0.41,0.24,-39.98167558281287,3.0104060904684453,52.06568444319924,30.43,3.0,headache,S029
0.12,0.24,-39.997223837462755,2.8311725695077006,52.02667514769661,30.41,3.0,headache,S029
0.15,0.24,-40.09126883257229,3.127776584353996,52.27252671799859,30.41,3.0,headache,S029
0.04,0.24,-40.05394347881255,2.576327012548387,52.56679721158968,30.41,3.0,headache,S029
-0.43,0.24,-39.98907032041989,2.6488376955227513,52.21820827521596,30.41,3.0,headache,S029
-0.0,0.24,-39.90019037810484,2.5588863499636934,52.40024490507006,30.45,3.0,headache,S029
0.54,0.24,-39.96259757180793,1.779434146772908,52.16474322873773,30.45,3.0,headache,S029
-0.45,0.24,-40.01436837647044,2.7391415938109396,52.285648353968256,30.45,3.0,headache,S029
0.03,0.24,-39.99845432573358,2.9582567960638286,52.264561320266324,30.45,3.0,headache,S029
-0.03,0.24,-39.98767128855497,3.1116355405268266,52.539911166378516,30.45,3.0,headache,S029
-0.15,0.24,-40.03688385163813,2.3144585703390548,52.49659205005537,30.45,3.0,headache,S029
0.45,0.24,-39.84254838945896,2.8880370662132426,52.67426811182338,30.45,3.0,headache,S029
-0.14,0.23,-39.618765979377045,2.646877055768928,52.697182997979965,30.45,3.0,headache,S029
-0.04,0.24,-39.94440831677532,2.1881530471488366,52.61185611213963,30.45,3.0,headache,S029
0.01,0.24,-39.913279476804504,2.155346245998999,52.74563941958548,30.45,3.0,headache,S029
-0.23,0.23,-40.05133009204909,2.372469690391029,52.14303954246389,30.45,3.0,headache,S029
-0.21,0.23,-39.95903857954966,3.094771652728625,52.552633175523596,30.45,3.0,headache,S029
0.28,0.24,-40.0373892872061,1.9416799397463176,52.18099835428616,30.47,3.0,headache,S029
0.38,0.24,-39.959662262852824,2.4991268048628266,52.19604442003682,30.47,3.0,headache,S029
0.46,0.23,-40.126966453449484,2.6369359199157603,52.07685496936796,30.47,3.0,headache,S029
-0.39,0.24,-40.29264244498333,2.9188229897917592,52.17771585234759,30.47,3.0,headache,S029
-0.28,0.24,-39.90870715357798,3.0363424870145312,52.55000224983791,30.43,3.0,headache,S029
-0.57,0.23,-40.19615296453302,2.969784525687259,52.36519770997016,30.43,3.0,headache,S029
0.75,0.24,-39.89032941997602,3.025845958163061,52.36060966446666,30.43,3.0,headache,S029
-0.24,0.24,-40.14542658025349,2.1245213923435635,52.677245660241034,30.43,3.0,headache,S029
0.06,0.23,-40.02308877806909,2.3220602653276328,52.419004158507214,30.45,3.0,headache,S029
0.35,0.23,-40.11846861666583,3.0866760095466823,52.15544818796138,30.45,3.0,headache,S029
-0.61,0.24,-39.87616571768194,2.765052083903203,52.612858570449795,30.45,3.0,headache,S029
0.38,0.24,-40.230077557237834,1.8344069823887565,52.257450385315686,30.45,3.0,headache,S029
-0.09,0.23,-40.21028294522156,2.197678095509973,52.272203021046906,30.47,3.0,headache,S029
-0.36,0.23,-40.11747935017026,3.008947251132516,52.1241052754947,30.47,3.0,headache,S029
0.4,0.23,-40.18959020287524,2.486865800416469,52.01879031630325,30.47,3.0,headache,S029
-0.13,0.23,-40.399300224242374,2.671562314349316,52.19848350626996,30.47,3.0,headache,S029
0.2,0.23,-40.21076001942803,2.697266653549179,52.25251956222502,30.47,3.0,headache,S029
0.01,0.23,-39.9423081015969,3.0926825480007505,52.06027600361113,30.47,3.0,headache,S029
-0.03,0.23,-40.025790518475176,2.900365247707107,51.98670440301292,30.47,3.0,headache,S029
0.32,0.22,-40.03197392117753,3.121925810268639,52.2513163702798,30.47,3.0,headache,S029
-0.76,0.23,-40.27031682818833,2.4273024469006166,51.99459896925782,30.47,3.0,headache,S029
0.49,0.23,-40.62919471106472,2.1227120619766566,52.011727215684346,30.47,3.0,headache,S029
-0.16,0.22,-40.39450993483675,3.0289300061023314,51.986677242616096,30.47,3.0,headache,S029
0.15,0.23,-40.07190959084473,3.7575425027203933,52.01447233837859,30.47,3.0,headache,S029
0.24,0.22,-40.06835497685729,3.136517306692402,51.98440673188051,30.47,3.0,headache,S029
-0.56,0.22,-40.37792809083685,2.5735444455959606,52.01670697438234,30.47,3.0,headache,S029
0.13,0.22,-40.403619275177654,3.0539364775865545,51.98244192142491,30.47,3.0,headache,S029
0.33,0.22,-40.58844341483656,2.639136852679734,52.016704337945505,30.47,3.0,headache,S029
-0.08,0.22,-40.85747058802392,1.9497287592668324,51.99994349481259,30.47,3.0,headache,S029
-0.1,0.22,-40.22681261398826,3.0211431965343145,52.19134121274379,30.47,3.0,headache,S029
0.19,0.23,-40.10027049756182,2.936442614705663,52.02218942379644,30.47,3.0,headache,S029
-0.12,0.22,-40.19353147456435,2.993565489818243,52.183196477938054,30.47,3.0,headache,S029
-0.09,0.22,-40.25310806518271,2.153101038132503,52.38047820907737,30.47,3.0,headache,S029
0.14,0.22,-40.01669779938001,2.214488506448902,52.11423512072308,30.47,3.0,headache,S029
-0.46,0.22,-40.025339492569294,2.9023241246799643,51.94987746231474,30.47,3.0,headache,S029
-0.01,0.22,-40.37097944681048,3.0080061986545803,52.146269290086046,30.47,3.0,headache,S029
0.22,0.22,-41.03306555212939,2.3073560064391745,51.99300061763695,30.45,3.0,headache,S029
0.37,0.22,-40.62150711233381,2.949306271044901,52.201753335136985,30.45,3.0,headache,S029
-0.47,0.22,-39.96701855966079,4.1985366463620055,52.06506741868706,30.45,3.0,headache,S029
0.63,0.22,-40.56111321624929,3.648690191249915,52.00117014840487,30.45,3.0,headache,S029
-0.22,0.21,-40.594377348674094,2.2690238949349926,51.97563103762448,30.51,3.0,headache,S029
-0.45,0.22,-39.930413232576285,2.560127126312887,52.074734431436575,30.51,3.0,headache,S029
0.36,0.21,-40.064928477780064,3.1244869454814523,52.13627028750336,30.51,3.0,headache,S029
-0.2,0.21,-40.08593096047556,2.9236989678013865,52.27951419308945,30.51,3.0,headache,S029
-0.01,0.21,-40.01740600962197,3.0526796714163433,52.37448961205194,30.47,3.0,headache,S029
-0.01,0.22,-39.918436161357384,2.8217995545440386,52.61673740259326,30.47,3.0,headache,S029
0.46,0.21,-39.902265758827845,2.8093056193398445,52.37576017207986,30.47,3.0,headache,S029
0.08,0.22,-39.866848698584725,2.265984261830095,52.30966583683949,30.47,3.0,headache,S029
-0.56,0.21,-40.05625602761257,2.445824230267088,52.38208221482112,30.49,3.0,headache,S029
-0.11,0.21,-39.969911789251874,2.6700587565918004,52.50293897419785,30.49,3.0,headache,S029
0.28,0.21,-40.155320095563795,2.5775403603936358,52.09995372840921,30.49,3.0,headache,S029
0.21,0.22,-40.7314296074351,2.6016181743029225,51.99532192793477,30.49,3.0,headache,S029
-0.31,0.21,-40.343263911780525,2.9226913998959927,52.14711846887608,30.49,3.0,headache,S029
0.12,0.21,-40.28106236052033,3.2290949772727617,51.95201471249541,30.49,3.0,headache,S029
0.19,0.21,-40.25031082746951,3.9412309470975577,52.03935218236008,30.49,3.0,headache,S029
0.3,0.21,-40.40286830521163,3.6463945408499057,51.96316165505358,30.49,3.0,headache,S029
-0.01,0.21,-40.12297385474018,3.0961433382839245,52.03671851703483,30.47,3.0,headache,S029
-0.16,0.21,-40.407512261545115,2.690164244148255,51.96150116530724,30.47,3.0,headache,S029
-0.66,0.21,-39.89289481385877,2.866758252679052,52.04280799711094,30.47,3.0,headache,S029
0.3,0.21,-40.1648534399365,3.011087042133958,51.94781950985287,30.47,3.0,headache,S029
0.28,0.2,-39.955815288656495,3.0490312728058706,52.27403635288045,30.49,3.0,headache,S029
0.22,0.2,-40.07019041233654,2.7787959175630186,52.15750449084965,30.49,3.0,headache,S029
-0.43,0.21,-39.847307921751096,2.3773441381868174,52.50058834944745,30.49,3.0,headache,S029
-0.23,0.21,-39.93297393577155,2.9645232842923166,52.553594786883565,30.49,3.0,headache,S029
-0.04,0.2,-39.92544691701744,2.1014902524605374,52.359147577577254,30.47,3.0,headache,S029
0.32,0.2,-39.73128912908007,2.78061858337247,52.60835643816002,30.47,3.0,headache,S029
0.04,0.21,-40.073145142083405,2.314927205435246,52.085804350566534,30.47,3.0,headache,S029
0.29,0.2,-40.6478839343521,2.2750126582875265,52.00057009408606,30.47,3.0,headache,S029
-0.5,0.2,-40.81720961342865,2.998004679968014,52.23540856050626,30.49,3.0,headache,S029
0.56,0.2,-40.81705942026436,2.854626368146086,51.86086417418547,30.49,3.0,headache,S029
-0.33,0.21,-41.1941012540719,3.072771538832009,51.69781486491417,30.49,3.0,headache,S029
0.11,0.2,-40.99944933409471,3.636090035846867,51.8928537942892,30.49,3.0,headache,S029
0.15,0.2,-41.035049478315415,4.095919637274513,51.92932943017334,30.49,3.0,headache,S029
-0.14,0.2,-40.95992418618839,3.4753105416639296,51.89225978816012,30.49,3.0,headache,S029
-0.31,0.2,-41.0424382206028,2.983417594355087,51.982632269896,30.49,3.0,headache,S029
0.52,0.2,-40.95438142559206,2.741192700686464,51.8910424005765,30.49,3.0,headache,S029
-0.4,0.2,-41.051591426806674,3.0258189570153755,51.72422874638832,30.49,3.0,headache,S029
0.31,0.2,-40.93602713405163,2.9309994103653616,52.016484056445556,30.49,3.0,headache,S029
-0.12,0.2,-41.095563984025155,2.8986552266575996,51.98448144673479,30.49,3.0,headache,S029
-0.14,0.2,-40.68693306219871,3.1294083907566237,52.01288831195429,30.49,3.0,headache,S029
-0.39,0.2,-40.60833554779861,3.162911559865382,51.98912266908256,30.49,3.0,headache,S029
0.95,0.19,-40.45703168437168,2.9965249317308404,52.0093629308046,30.49,3.0,headache,S029
-0.26,0.2,-40.40086377617583,2.8556191116928793,51.99181129827086,30.49,3.0,headache,S029
0.22,0.2,-40.888861606072304,2.2461658483716627,52.00723588866887,30.49,3.0,headache,S029
-0.82,0.19,-40.69432219421728,3.2945482253041005,51.993622055544996,30.51,3.0,headache,S029
0.01,0.19,-40.70989441124162,2.3726689680463338,52.00533814327752,30.51,3.0,headache,S029
0.07,0.19,-40.86671546274926,2.855540138800266,51.99722546794313,30.51,3.0,headache,S029
0.52,0.19,-40.66020169890733,3.589575573230452,51.88517034745428,30.51,3.0,headache,S029
-0.06,0.19,-40.95265980504131,2.817815192824679,51.98200554876741,30.51,3.0,headache,S029
-0.23,0.19,-40.87287630871932,2.788478925245366,52.01805069542406,30.51,3.0,headache,S029
0.46,0.19,-41.0255923903845,3.212164735870425,51.97566440556198,30.51,3.0,headache,S029
-0.37,0.19,-40.989836581484056,3.710972007835092,52.04490841396305,30.51,3.0,headache,S029
-0.3,0.19,-40.994928264814455,3.5521512796335424,51.74626894603055,30.49,3.0,headache,S029
0.42,0.19,-41.11315950403522,3.119642078034755,51.50681753353908,30.49,3.0,headache,S029
-0.3,0.19,-41.0185953289883,2.839849624593638,51.676653127971136,30.49,3.0,headache,S029
0.33,0.19,-41.07819301803401,2.364226696113014,51.65083790215137,30.49,3.0,headache,S029
-0.11,0.19,-41.07188148971033,3.0117960845514533,52.03269790139218,30.49,3.0,headache,S029
0.03,0.19,-40.95375936974756,2.9597477621826016,51.96391626862508,30.49,3.0,headache,S029
-0.12,0.19,-41.04797018453542,2.954488174873699,52.03561002425787,30.49,3.0,headache,S029
-0.02,0.19,-40.89314224533374,2.7657339306220337,51.96280808051099,30.49,3.0,headache,S029
0.11,0.19,-40.94501501494469,2.207513846903356,52.04194674325549,30.47,3.0,headache,S029
-0.06,0.19,-41.014786766302734,2.9456018902186774,51.83738219494615,30.47,3.0,headache,S029
0.02,0.19,-40.998977131226155,3.086601110629991,52.00868881509068,30.47,3.0,headache,S029
0.11,0.19,-41.19176995113075,2.7008735774232115,51.35461440151348,30.47,3.0,headache,S029
0.02,0.19,-41.064118611581854,2.8474715448996433,51.728188086689876,30.51,3.0,headache,S029
0.06,0.19,-40.98835562716527,3.4983264202668702,51.70105622045445,30.51,3.0,headache,S029
-0.45,0.19,-40.99920881891939,2.9164486703129575,51.791511936361694,30.51,3.0,headache,S029
-0.01,0.19,-41.05069398604307,4.321042790283611,51.712048754773654,30.51,3.0,headache,S029
0.28,0.18,-40.87860384884284,3.6002314177287382,51.98126074695238,30.51,3.0,headache,S029
0.35,0.19,-40.92958176934443,3.2352228308448474,51.9035642677797,30.51,3.0,headache,S029
-0.48,0.19,-41.03424194401364,2.6120660321256075,51.79453635964833,30.51,3.0,headache,S029
0.41,0.18,-40.96878568764103,2.979699751459215,52.060895099620204,30.51,3.0,headache,S029
-0.52,0.18,-41.04296538670362,2.7679722387658954,51.966117368425195,30.51,3.0,headache,S029
0.55,0.18,-40.80180138699643,2.989607422591711,52.02050471614405,30.51,3.0,headache,S029
-0.18,0.19,-40.79232794118814,3.0153477775257227,51.98875123501562,30.51,3.0,headache,S029
-0.18,0.18,-41.010659670720585,2.1124378631591743,52.00327738825052,30.51,3.0,headache,S029
0.23,0.18,-40.98733025650864,2.6807032561906423,52.00504365061726,30.53,3.0,headache,S029
0.04,0.18,-41.01265713875089,3.049252072797537,51.98424984371239,30.53,3.0,headache,S029
-0.23,0.18,-40.98651837461481,2.983607902954011,52.03440670899757,30.53,3.0,headache,S029
0.01,0.18,-41.01533744307053,3.0033916133775866,51.88965856058192,30.53,3.0,headache,S029
0.25,0.18,-40.98128995272792,3.005130511670033,51.976579945694056,30.49,3.0,headache,S029
-0.26,0.18,-41.02528177255543,2.9870152679519055,51.72194664531359,30.49,3.0,headache,S029
0.28,0.18,-40.957231361599405,3.0208210864672225,51.572351949188956,30.49,3.0,headache,S029
-0.03,0.18,-41.22534393976794,2.8173593264211116,51.40247130227997,30.49,3.0,headache,S029
-0.17,0.18,-41.079812260310675,3.2026692081988943,51.488381745257236,30.49,3.0,headache,S029
0.01,0.17,-40.89814460929352,3.9661266154491854,51.71670736983156,30.49,3.0,headache,S029
0.01,0.17,-40.928355319277486,4.071962485818915,51.935668862658254,30.49,3.0,headache,S029
0.33,0.18,-41.042158042659004,3.5839061158126433,51.92937264722589,30.49,3.0,headache,S029
-0.75,0.18,-40.949882194446644,2.9847113009102793,51.86842720037147,30.51,3.0,headache,S029
0.51,0.17,-41.09812859963004,2.826872001032192,51.67416458082046,30.51,3.0,headache,S029
-0.19,0.18,-41.20193185193673,2.305312774797649,51.762688307948835,30.51,3.0,headache,S029
0.23,0.18,-40.86293163334673,3.1861748165336494,52.062768565962834,30.51,3.0,headache,S029
0.43,0.17,-40.880797582932594,2.7814390905007538,51.957232666393324,30.51,3.0,headache,S029
-0.15,0.17,-40.986812744833024,2.892492571379825,52.03450388379277,30.51,3.0,headache,S029
-0.44,0.18,-40.98707153905298,3.168411422241886,51.97044181895866,30.51,3.0,headache,S029
0.08,0.17,-40.742932777755875,3.2838166838649077,52.02589086604357,30.51,3.0,headache,S029
-0.11,0.17,-40.42971238406098,3.2132991711108945,51.977413791633104,30.53,3.0,headache,S029
0.35,0.17,-40.53546943541116,3.068787580152367,52.018698099598225,30.53,3.0,headache,S029
-0.6,0.18,-41.08490121768582,2.3928188165150646,51.988347776436115,30.53,3.0,headache,S029
0.6,0.17,-40.94655304219612,3.0053682600080824,51.98293736576375,30.53,3.0,headache,S029
-0.28,0.17,-41.03940807386017,2.9644238524987885,51.85628153486013,30.55,3.0,headache,S029
0.47,0.18,-40.96871403875976,3.0525801570792277,52.081952103768224,30.55,3.0,headache,S029
-0.19,0.17,-41.02590834787691,2.911936768860995,51.79374613897005,30.55,3.0,headache,S029
0.1,0.17,-40.97793892457165,3.308543866099328,51.91139430546447,30.55,3.0,headache,S029
-0.29,0.17,-41.019200616480916,3.978083703176758,51.9444706501437,30.51,3.0,headache,S029
0.09,0.17,-40.9829142818342,3.9898228257086865,51.6383608722682,30.51,3.0,headache,S029
-0.51,0.17,-41.01566823440964,3.7018984944555795,51.579918530265374,30.51,3.0,headache,S029
0.21,0.17,-40.984888162402285,3.464889787967781,51.67383479941452,30.51,3.0,headache,S029
0.45,0.17,-41.015989110955424,3.188501518243291,51.754684582798994,30.51,3.0,headache,S029
0.18,0.17,-40.97992693217789,2.782986445873531,51.904599365864456,30.51,3.0,headache,S029
-0.15,0.17,-41.03460074813934,3.0233038217839985,52.009223371557816,30.51,3.0,headache,S029
-0.41,0.17,-40.86480080093809,3.005828285676449,51.9956637674011,30.51,3.0,headache,S029
0.11,0.17,-40.709438806953344,2.7926001099804405,52.00170389745324,30.51,3.0,headache,S029
0.58,0.16,-41.05647690660191,1.8657500645409295,52.00849687715815,30.51,3.0,headache,S029
-0.39,0.17,-40.93620688863096,3.0045291743197575,51.81938439776059,30.51,3.0,headache,S029
-0.34,0.17,-41.20568466150347,2.8574199323018914,51.550906398933435,30.51,3.0,headache,S029
0.03,0.16,-40.72369540335682,3.5517473987448747,52.04117751388186,30.51,3.0,headache,S029
0.38,0.16,-41.054080327922975,3.667326527119201,51.67485474560386,30.51,3.0,headache,S029
-0.03,0.17,-41.05474137723391,2.978514817417478,51.878656646712585,30.51,3.0,headache,S029
0.12,0.17,-41.02030058825834,3.8888999553344625,52.0368856525647,30.51,3.0,headache,S029
-0.47,0.16,-40.80882362475915,4.112767515403305,51.98837566126586,30.53,3.0,headache,S029
0.15,0.16,-40.76115467533494,3.3902792832659183,51.99760061193007,30.53,3.0,headache,S029
0.25,0.17,-41.03121602452016,3.2059744074365453,51.95656430398283,30.53,3.0,headache,S029
-0.1,0.16,-41.075689793772405,3.085398443907336,51.65678238341607,30.53,3.0,headache,S029
-0.07,0.16,-41.22606954045675,2.9250573206999673,51.88856248532294,30.49,3.0,headache,S029
0.15,0.16,-40.916676321408865,3.7389735664677013,51.45161099270909,30.49,3.0,headache,S029
-0.25,0.16,-41.055679909092916,2.6678683087713173,51.598621367570345,30.49,3.0,headache,S029
0.45,0.16,-40.95790883679637,2.724648965533395,52.12122963308423,30.49,3.0,headache,S029
-0.26,0.16,-41.03324656619115,3.0688624061313527,51.924865550097955,30.51,3.0,headache,S029
-0.04,0.17,-40.973198877617264,2.53606025162441,52.05393935900827,30.51,3.0,headache,S029
-0.08,0.16,-41.0227599149428,2.6932947560258893,51.95561529193901,30.51,3.0,headache,S029
0.25,0.17,-40.97329563004105,3.0009175345829338,51.71331820872852,30.51,3.0,headache,S029
-0.14,0.16,-41.145187992710724,2.9754390834886415,51.420021011968316,30.53,3.0,headache,S029
-0.09,0.16,-41.62143170392835,2.9740430409455527,51.38118016574191,30.53,3.0,headache,S029
0.25,0.16,-41.108972488113785,3.625861644151663,51.3498200011128,30.53,3.0,headache,S029
-0.23,0.16,-41.180127010564945,4.049456265579028,51.42631454145614,30.53,3.0,headache,S029
-0.16,0.16,-41.07459178220564,4.608156693440736,51.479521461962804,30.53,3.0,headache,S029
-0.12,0.16,-40.59148510778709,4.765512707043956,51.815242079516146,30.53,3.0,headache,S029
0.13,0.16,-41.02679326362143,3.395931761207809,51.48344008674509,30.53,3.0,headache,S029
0.05,0.16,-40.50507830734843,4.060972695628395,51.87081900559398,30.53,3.0,headache,S029
0.42,0.16,-41.29622095921032,2.6601929995839426,51.26417435661078,30.53,3.0,headache,S029
-0.08,0.16,-41.09196921347403,3.308323388769731,51.86339112556208,30.53,3.0,headache,S029
0.15,0.16,-40.831408956915425,2.9715625104170904,51.908586539415516,30.53,3.0,headache,S029
0.17,0.16,-40.87203970778985,3.3797952882009508,52.001907538921316,30.53,3.0,headache,S029
-0.27,0.16,-41.12682462935114,3.4963284596799977,51.61318937347899,30.55,3.0,headache,S029
-0.02,0.16,-41.126687315773516,1.9046915460203695,51.97677984754296,30.55,3.0,headache,S029
-0.55,0.16,-41.08227188551616,2.8362183305070965,51.772985098772985,30.55,3.0,headache,S029
0.08,0.15,-41.34991081064525,3.0461190194558356,51.595506789012035,30.55,3.0,headache,S029
0.2,0.15,-41.48116226125711,2.2209720951074394,51.275208390835736,30.51,3.0,headache,S029
0.23,0.15,-41.55530732426936,3.443407140542328,51.29546161529456,30.51,3.0,headache,S029
0.34,0.16,-41.073238464424556,3.4266292734853607,51.50049990337352,30.51,3.0,headache,S029
-0.34,0.15,-41.32402255465112,3.646255910568953,51.314775491317945,30.51,3.0,headache,S029
-0.2,0.15,-41.656378272796715,2.322798837627106,51.05761310215161,30.53,3.0,headache,S029
0.31,0.16,-41.31276391108611,4.008065111530321,51.350176113161645,30.53,3.0,headache,S029
-0.07,0.16,-41.186749396164174,4.943932826550996,51.1039281452361,30.53,3.0,headache,S029
-0.56,0.15,-41.124681423357686,5.793849234030312,51.89664924182387,30.53,3.0,headache,S029
0.02,0.16,-40.957250187401506,4.938853742210437,51.40364242215357,30.53,3.0,headache,S029
0.01,0.16,-41.14620552713531,4.974174490813223,51.56541487301087,30.53,3.0,headache,S029
0.49,0.15,-41.01605352826095,4.442757953322796,51.1837281160174,30.53,3.0,headache,S029
-0.19,0.16,-41.26207708314582,3.8838436460234274,51.37076941916051,30.53,3.0,headache,S029
0.62,0.16,-41.38963757188508,2.4098358622133187,51.41856659672739,30.53,3.0,headache,S029
-0.46,0.15,-41.11746671700059,2.7941102306430365,51.53771337334667,30.53,3.0,headache,S029
0.76,0.15,-41.049834073234955,2.633931863116883,51.8866030264754,30.53,3.0,headache,S029
-0.38,0.15,-41.022402810738356,2.075047346789984,51.64105074833723,30.53,3.0,headache,S029
-0.27,0.16,-41.368217166560584,2.3794892234263996,51.294635923758456,30.55,3.0,headache,S029
-0.16,0.15,-41.09616210958366,1.7343322608813512,51.48487713208626,30.55,3.0,headache,S029
-0.01,0.15,-41.541041847276894,2.980809393376298,51.1419211188198,30.55,3.0,headache,S029
0.04,0.15,-41.66642546771712,2.854857564820671,50.91818954825686,30.55,3.0,headache,S029
0.16,0.15,-41.4678612404199,3.788411032027366,51.56488488398512,30.53,3.0,headache,S029
0.03,0.15,-41.1956375053287,4.228127886368735,51.49626528495958,30.53,3.0,headache,S029
-0.25,0.15,-40.421423779044616,6.48353539182116,51.968451360501845,30.53,3.0,headache,S029
0.01,0.15,-40.504141320265475,5.137592637518072,51.92170885074687,30.53,3.0,headache,S029
0.05,0.15,-41.051438992752914,4.744765024322909,51.352071197672686,30.55,3.0,headache,S029
-0.21,0.15,-40.82040368170086,2.8841312674364445,51.63428447314225,30.55,3.0,headache,S029
0.05,0.15,-41.08932553792152,3.4897122035748827,51.154805425415766,30.55,3.0,headache,S029
0.74,0.15,-40.744519355540774,3.640471738844139,51.50448189794854,30.55,3.0,headache,S029
-0.23,0.15,-41.23479011380615,4.020363646202177,51.7982608767211,30.55,3.0,headache,S029
0.21,0.15,-40.8500291368349,3.401148227917719,51.713815591034894,30.55,3.0,headache,S029
-0.49,0.15,-41.260292699166115,3.315556151181986,51.62228454650949,30.55,3.0,headache,S029
0.15,0.15,-40.94712050666485,2.4971200062494483,51.8364355384742,30.55,3.0,headache,S029
-0.03,0.15,-41.095066137407116,3.0435451147524537,51.99558155903671,30.55,3.0,headache,S029
0.27,0.15,-41.11154964289385,2.69645220437743,52.002452936952274,30.55,3.0,headache,S029
-0.5,0.15,-41.501484467530325,3.006072798560884,51.18015670614971,30.55,3.0,headache,S029
0.05,0.15,-41.69986367656936,3.4599169005409034,51.089690709248075,30.55,3.0,headache,S029
0.17,0.15,-41.74790771137366,3.446522645093745,51.080093714517425,30.55,3.0,headache,S029
0.58,0.15,-40.96828335428591,4.244277001123351,51.58128828665325,30.55,3.0,headache,S029
-0.48,0.15,-41.15552911296847,5.020718861250969,51.74172639741748,30.55,3.0,headache,S029
-0.06,0.15,-40.66465161238705,4.762697692656998,52.19280966789975,30.55,3.0,headache,S029
-0.43,0.15,-41.35592637392969,4.617795293359024,51.205712104686796,30.53,3.0,headache,S029
0.16,0.15,-41.027659236817414,4.150541258621243,51.326936606915396,30.53,3.0,headache,S029
0.2,0.16,-41.009352641622066,4.054094002803524,51.541894698372616,30.53,3.0,headache,S029
-0.09,0.15,-40.8488417991428,4.784328419364911,51.554386994343105,30.53,3.0,headache,S029
0.38,0.15,-41.66694376969234,2.888426845215725,51.227189838199074,30.57,3.0,headache,S029
-0.25,0.15,-40.95615120164839,2.837268168976148,51.95337214452303,30.57,3.0,headache,S029
0.16,0.15,-41.558740542301265,2.6275235142380176,51.3160660085284,30.57,3.0,headache,S029
-0.87,0.15,-41.56108784071335,1.9216450923083106,51.348489645493906,30.57,3.0,headache,S029
-0.15,0.15,-41.48848119403517,2.4694792886858385,51.27059917557947,30.57,3.0,headache,S029
-2.7,0.15,-41.59473741330452,4.113274855702431,51.03318873980317,30.57,3.0,headache,S029
-0.2,0.15,-40.88145893319392,4.412706524709054,51.423739320720806,30.57,3.0,headache,S029
6.0,0.15,-40.83549293055077,4.958994889491347,51.46586140210102,30.57,3.0,headache,S029
-0.71,0.15,-40.74741968703345,5.5754104144831205,51.72831651465455,30.55,3.0,headache,S029
-0.93,0.15,-41.119491968181194,4.338085031626402,51.84148048264373,30.55,3.0,headache,S029
-0.29,0.15,-40.922912929414615,3.9771525739331475,52.03473257240375,30.55,3.0,headache,S029
0.05,0.14,-41.03326959720125,4.240400958973551,52.027343023336876,30.55,3.0,headache,S029
-0.07,0.15,-40.85398193674227,4.00274984931388,51.700632554484876,30.55,3.0,headache,S029
0.45,0.15,-41.130681483056875,3.8869858322970336,51.31870161895276,30.55,3.0,headache,S029
-0.57,0.14,-41.193630398918934,3.4681988297561994,51.5628040972142,30.55,3.0,headache,S029
0.29,0.15,-41.106900963425744,3.557181879708367,51.62727388635551,30.55,3.0,headache,S029
0.19,0.15,-40.93224390973216,3.8108704810032163,52.03819301098508,30.59,3.0,headache,S029
-0.16,0.15,-41.05364450019882,3.9629625978584295,51.67865779565505,30.59,3.0,headache,S029
0.01,0.14,-40.9467447006512,3.398002227517405,51.92525169387531,30.59,3.0,headache,S029
0.17,0.15,-41.24054783401374,2.814377911641911,51.72610313402084,30.59,3.0,headache,S029
-0.58,0.15,-41.572774240340415,3.120751018708188,51.810643638672495,30.59,3.0,headache,S029
0.07,0.14,-41.56915737963455,3.0020506410623327,51.331136920355476,30.59,3.0,headache,S029
0.08,0.15,-41.314560641893685,3.843071553138318,51.1965373531221,30.59,3.0,headache,S029
0.33,0.14,-41.34346113480723,3.870618123778345,51.48790302301415,30.59,3.0,headache,S029
-0.36,0.14,-40.97699732730303,4.647316779406005,51.4477920356992,30.57,3.0,headache,S029
0.24,0.14,-40.94777114912298,5.312769272943183,51.83362351150319,30.57,3.0,headache,S029
-0.29,0.15,-40.85628649837532,5.272790118516218,51.788203247282595,30.57,3.0,headache,S029
0.19,0.15,-40.83321064814111,4.0354484016832,51.99318009653144,30.57,3.0,headache,S029
-0.41,0.14,-40.99692037512461,4.136070121766125,51.88438973704096,30.59,3.0,headache,S029
0.23,0.15,-40.99616712136375,4.080305157830049,51.74665352091157,30.59,3.0,headache,S029
0.01,0.15,-41.07203684257104,4.400006776713901,51.87226069441536,30.59,3.0,headache,S029
0.59,0.14,-41.08369738781889,3.073998268690199,51.734620510302896,30.59,3.0,headache,S029
-0.32,0.14,-41.07879381704122,2.5552921937461917,52.02762529125345,30.59,3.0,headache,S029
-0.07,0.15,-41.037426158095286,2.655231999109997,51.978159258242506,30.59,3.0,headache,S029
0.12,0.15,-40.97201717216062,3.1450059472432037,51.92766020436356,30.59,3.0,headache,S029
0.18,0.14,-41.01239723772839,3.592853380976012,51.86914156787008,30.59,3.0,headache,S029
-0.46,0.15,-41.12266229679495,3.3215088872654586,51.54587760557496,30.59,3.0,headache,S029
0.19,0.15,-41.39742530217701,2.760399320626879,51.24101972699762,30.59,3.0,headache,S029
0.1,0.15,-41.10567848535162,3.843939089207092,51.27980832017483,30.59,3.0,headache,S029
0.11,0.14,-41.00950057982185,3.8317548688579275,51.59802799057636,30.59,3.0,headache,S029
-0.37,0.15,-41.24589312290187,4.547389625827631,51.305619447101215,30.59,3.0,headache,S029
0.0,0.15,-40.54978220249432,5.943875033206124,51.55978674625744,30.59,3.0,headache,S029
-0.24,0.14,-40.51770480650696,5.420019532389143,51.943834896156716,30.59,3.0,headache,S029
0.11,0.14,-41.09528731356046,4.653907123800701,51.70538428272704,30.59,3.0,headache,S029
-0.08,0.15,-40.93462974405134,4.336656200707119,51.64067656273057,30.59,3.0,headache,S029
-0.02,0.15,-41.11997493515067,3.6638913665223374,51.68914404964613,30.59,3.0,headache,S029
0.51,0.14,-41.20995666040242,3.7213073026266077,51.5166327461494,30.59,3.0,headache,S029
0.22,0.14,-41.099517506992996,3.4921281723535693,51.43535153009514,30.59,3.0,headache,S029
0.24,0.15,-40.93345315063785,4.067268749478131,51.622088191674244,30.61,3.0,headache,S029
-0.29,0.14,-41.151454329616655,3.209742025819825,51.526295521552,30.61,3.0,headache,S029
-0.43,0.14,-41.21862029267301,3.28687090100752,51.91654889884892,30.61,3.0,headache,S029
0.2,0.14,-41.059803367955844,3.5134358253483478,51.54068417430347,30.61,3.0,headache,S029
0.13,0.14,-40.85731807397765,4.254469734025532,51.76350797950046,30.61,3.0,headache,S029
-0.14,0.14,-40.99639095265625,2.938616771402221,51.996218582856415,30.61,3.0,headache,S029
-0.32,0.14,-41.09062165220822,3.1117759601528614,51.92649666727532,30.61,3.0,headache,S029
0.43,0.14,-41.11135601667088,2.6547069959590295,51.623129414961376,30.61,3.0,headache,S029
-0.1,0.13,-41.3591573534576,2.868951763655404,51.1113402069172,30.61,3.0,headache,S029
0.06,0.14,-41.96839139688987,3.810573092448594,50.995983427323395,30.61,3.0,headache,S029
-0.12,0.14,-41.566060256338325,5.045427495067906,51.097313043113985,30.61,3.0,headache,S029
0.17,0.13,-41.558923932188534,4.525582321458709,51.297428572944476,30.61,3.0,headache,S029
-0.09,0.14,-41.210030862911,4.431422837763593,51.27500190766899,30.59,3.0,headache,S029
-0.11,0.14,-40.83438766721099,6.4321465120159536,51.71209719850526,30.59,3.0,headache,S029
-0.39,0.14,-41.09300458742905,5.341510665075882,51.65716224250593,30.59,3.0,headache,S029
0.35,0.14,-41.37551447016305,4.131541424721218,51.45529595578124,30.59,3.0,headache,S029
-0.39,0.14,-40.9838527962143,4.131871691700149,51.34411312274452,30.57,3.0,headache,S029
0.16,0.14,-41.10824899785802,4.185212465722063,51.51755510031173,30.57,3.0,headache,S029
0.53,0.14,-40.98784408468023,5.084882673027296,51.4182345259277,30.57,3.0,headache,S029
-0.1,0.14,-41.67018510211939,3.2298560924917985,51.23412923517504,30.57,3.0,headache,S029
0.17,0.15,-41.19185550702001,3.5122101818638196,51.44816700549833,30.59,3.0,headache,S029
0.11,0.15,-41.02915236214754,3.205585269649912,51.61132532574855,30.59,3.0,headache,S029
0.18,0.14,-41.224477442672104,3.4777141413628097,51.763703370852824,30.59,3.0,headache,S029
-0.92,0.14,-41.097734982905614,3.2112794406001037,51.95064789657198,30.59,3.0,headache,S029
0.3,0.14,-41.20916084640337,3.248446784270036,51.315590275996804,30.61,3.0,headache,S029
0.41,0.14,-41.26406014972429,4.021440990002956,51.48474625959677,30.61,3.0,headache,S029
-0.09,0.14,-41.469653181025016,3.295375660494884,50.94660106246159,30.61,3.0,headache,S029
-0.12,0.14,-40.93092743637815,4.37272883968429,51.52248583656885,30.61,3.0,headache,S029
-0.02,0.14,-41.65068576978506,4.026440383786447,51.05963092427807,30.61,3.0,headache,S029
-0.38,0.14,-41.18566282404858,4.430122288289699,51.53524743035063,30.61,3.0,headache,S029
-0.05,0.14,-40.506577466104766,6.782450100292956,51.7539548393511,30.61,3.0,headache,S029
0.13,0.14,-40.56768712031153,5.5260641772898005,51.895576095492444,30.61,3.0,headache,S029
0.52,0.14,-41.30391350484801,4.909946830811147,51.26098272194677,30.61,3.0,headache,S029
-0.21,0.13,-41.08309488935189,3.850719626487082,51.32848664119264,30.61,3.0,headache,S029
-0.18,0.14,-41.4679942340659,3.9602310876868447,51.346097262421786,30.61,3.0,headache,S029
0.43,0.14,-41.109358185234214,4.089463917664389,51.118758924578124,30.61,3.0,headache,S029
0.33,0.13,-41.453998570033626,3.583040479865998,51.24125519285788,30.61,3.0,headache,S029
-0.41,0.14,-42.16531673361366,2.302869607598021,51.14608855588357,30.61,3.0,headache,S029
-0.41,0.14,-42.44219058359896,2.543709362508505,50.61119486222655,30.61,3.0,headache,S029
0.38,0.13,-41.47949137114372,3.825140596998695,51.026369687234734,30.61,3.0,headache,S029
-0.5,0.13,-42.263021291278946,3.6493508059779347,50.27285816256755,30.61,3.0,headache,S029
0.64,0.13,-42.64698300591308,3.5687916629947836,50.34851009931228,30.61,3.0,headache,S029
0.03,0.14,-41.78897372492935,4.504748247826557,50.752306115402504,30.61,3.0,headache,S029
-0.23,0.13,-40.99432241423702,6.874025324358372,51.425527087563346,30.61,3.0,headache,S029
-0.2,0.14,-40.852791118165996,5.546023139659063,51.56609556751166,30.61,3.0,headache,S029
-0.55,0.14,-41.23630244743958,5.172625280895988,51.32146502033584,30.61,3.0,headache,S029
0.02,0.13,-41.699108646741585,4.6464985515123685,51.19629198694452,30.61,3.0,headache,S029
0.27,0.13,-41.6664490757088,4.693202081571585,50.97906134352321,30.61,3.0,headache,S029
0.69,0.14,-41.7325657858231,3.836827433791603,50.887621553485964,30.61,3.0,headache,S029
0.24,0.14,-41.88623575802412,2.9050961293035935,50.90539431573856,30.61,3.0,headache,S029
-0.88,0.13,-41.35026908705953,3.257123978336633,51.149250824874414,30.61,3.0,headache,S029
0.5,0.15,-41.55841547903363,3.1267968943416875,51.259185711197766,30.61,3.0,headache,S029
-0.22,0.14,-41.46325519796623,3.3691320986517015,51.090783094116276,30.63,3.0,headache,S029
0.13,0.13,-41.85924865328909,3.705907309727902,50.78501297032433,30.63,3.0,headache,S029
0.13,0.13,-41.35826101816053,4.332054651644143,51.24233343173765,30.63,3.0,headache,S029
0.4,0.14,-41.793184692294396,3.987299474305879,51.04389178908164,30.63,3.0,headache,S029
-0.76,0.13,-41.21179202447413,4.929176660400202,51.42626796404225,30.61,3.0,headache,S029
0.19,0.13,-41.070518794424935,4.7601768284216055,51.44179722207225,30.61,3.0,headache,S029
-0.16,0.13,-41.28757774723429,4.183846795974179,51.29744256645557,30.61,3.0,headache,S029
0.33,0.13,-41.30445400316952,4.14235606205215,51.061868073877015,30.61,3.0,headache,S029
-0.36,0.13,-41.131147860005605,3.087556525792137,50.94453177052395,30.61,3.0,headache,S029
0.41,0.13,-41.28162742801555,3.2286394255846034,51.39659548759405,30.61,3.0,headache,S029
0.11,0.13,-41.47750494995893,3.2299315113853035,51.44964742447668,30.61,3.0,headache,S029
-0.14,0.13,-41.44078471603675,3.308285869595823,51.2825809038935,30.61,3.0,headache,S029
-0.35,0.13,-41.64730487331721,3.841652556455872,51.03894853758553,30.61,3.0,headache,S029
0.56,0.13,-41.80944377271086,4.033841638613916,50.98842745508496,30.61,3.0,headache,S029
-0.35,0.13,-41.63665927653454,3.9511575248075705,50.993328074433265,30.61,3.0,headache,S029
-0.17,0.13,-41.174161104930164,4.478578328181577,51.24946745666348,30.61,3.0,headache,S029
-0.31,0.13,-40.994681109691875,5.414468287263046,51.43990157690986,30.63,3.0,headache,S029
0.32,0.13,-41.00657101887152,5.556265281360395,51.24264254912552,30.63,3.0,headache,S029
0.06,0.13,-40.98541207610508,5.760130340052589,51.65269272451741,30.63,3.0,headache,S029
0.26,0.13,-41.305059366098206,4.195060815277229,51.40572575779959,30.63,3.0,headache,S029
-0.71,0.13,-41.13600403421497,4.447245127931947,51.619983310352715,30.63,3.0,headache,S029
0.9,0.13,-41.079212105100524,5.210719580485091,51.175930176065165,30.63,3.0,headache,S029
-0.21,0.13,-41.82497796605539,3.222092199463569,50.951054995278625,30.63,3.0,headache,S029
0.3,0.13,-41.72739961145262,2.4871538619182547,51.3220816560257,30.63,3.0,headache,S029
-0.09,0.13,-41.618955506419276,2.5887028363423252,51.25318419402876,30.63,3.0,headache,S029
-0.11,0.13,-41.67624300106873,2.9456023494326398,51.165014683986904,30.63,3.0,headache,S029
-0.22,0.13,-41.55231559933226,3.893279030947671,51.00249935801608,30.63,3.0,headache,S029
0.2,0.13,-41.320376768913185,4.39870695193092,51.164470678675364,30.63,3.0,headache,S029
-0.24,0.13,-41.473797287165134,4.1048609654974175,51.20228602369105,30.63,3.0,headache,S029
0.08,0.12,-41.21016294723733,3.904325778173447,51.1321970926378,30.63,3.0,headache,S029
0.01,0.13,-40.74613101686204,6.662298704836054,51.3580480554725,30.63,3.0,headache,S029
0.02,0.13,-40.49964521799905,6.248291860533692,51.80037503634412,30.63,3.0,headache,S029
-0.3,0.13,-41.02949164712404,4.550738252440548,51.342760962374825,30.63,3.0,headache,S029
0.11,0.13,-41.025047559599514,4.278818906678761,51.499346607456154,30.63,3.0,headache,S029
-0.65,0.13,-41.055319900792675,4.473002560727179,51.02966735890651,30.63,3.0,headache,S029
1.36,0.13,-42.14291547830033,3.4009489910338226,51.25540632118571,30.63,3.0,headache,S029
-0.29,0.13,-41.537148035537925,2.954692734106169,51.42615572210195,30.65,3.0,headache,S029
0.24,0.13,-41.67520703769079,2.7687081174992945,51.20641372508123,30.65,3.0,headache,S029
-0.6,0.13,-41.66944075729943,2.9938486107076514,51.35308243031481,30.65,3.0,headache,S029
-0.25,0.13,-41.88064580544807,3.6413440151720544,50.93322538365345,30.65,3.0,headache,S029
0.28,0.12,-41.40682661383844,4.163359767864332,50.92599456538182,30.63,3.0,headache,S029
0.05,0.13,-41.67403487716558,3.7700016901870894,51.04333435958786,30.63,3.0,headache,S029
0.16,0.13,-41.33870864553631,4.996001637535103,50.94929166533041,30.63,3.0,headache,S029
0.29,0.13,-40.688211329110345,6.874632571978721,51.662607343825265,30.63,3.0,headache,S029
-0.72,0.12,-40.9703723732798,4.829779262482381,51.46803694898133,30.65,3.0,headache,S029
0.23,0.13,-40.969593299612725,4.957751181643259,51.32706085549176,30.65,3.0,headache,S029
-0.35,0.12,-41.42429465560708,4.268347163146251,51.22583336834919,30.65,3.0,headache,S029
0.64,0.12,-41.85761884789061,3.5415046242693826,51.052325874724296,30.65,3.0,headache,S029
0.3,0.13,-41.790511511731076,3.184708829698345,51.04499970699517,30.63,3.0,headache,S029
0.02,0.13,-41.70648869150218,3.056063116986999,51.37536045768357,30.63,3.0,headache,S029
-0.52,0.12,-41.90910204216739,3.2774264501450956,50.984950536447684,30.63,3.0,headache,S029
0.17,0.13,-42.05096676645503,3.271335745835561,51.03026817872673,30.63,3.0,headache,S029
-0.24,0.13,-41.94643974071665,4.249200106490021,50.86288774629217,30.65,3.0,headache,S029
0.06,0.12,-42.07120087866914,3.757671609513355,50.99630344164081,30.65,3.0,headache,S029
0.07,0.12,-41.81643540835307,4.413188117643755,50.99551542683294,30.65,3.0,headache,S029
0.29,0.12,-41.69025788357317,4.6134700946725715,50.93929530057731,30.65,3.0,headache,S029
-0.69,0.13,-40.966918945776435,6.760923848998728,51.5493109437816,30.65,3.0,headache,S029
0.3,0.12,-41.13833229788824,6.079000562120676,51.62299789253032,30.65,3.0,headache,S029
-0.13,0.13,-41.37655321377715,4.386867098084425,51.04622298682821,30.65,3.0,headache,S029
0.33,0.13,-41.620314637951644,3.6255234591243064,51.09135658979962,30.65,3.0,headache,S029
-0.5,0.12,-41.632523660422905,3.517964003634801,50.847847296733555,30.67,3.0,headache,S029
0.71,0.12,-41.53744503769721,4.010756033247923,51.02180778719325,30.67,3.0,headache,S029
0.21,0.12,-41.540153806306456,3.5441465973038717,51.17765778311061,30.67,3.0,headache,S029
0.02,0.12,-41.44661940605393,3.26663570889978,51.52903264034928,30.67,3.0,headache,S029
-0.41,0.12,-41.45622328309869,3.123744311904757,51.16551760194422,30.65,3.0,headache,S029
-0.09,0.12,-41.49902468420956,3.271223289585651,51.28949107536183,30.65,3.0,headache,S029
-0.29,0.13,-41.744188613785795,4.053957777927128,51.22676684994834,30.65,3.0,headache,S029
0.67,0.12,-41.97770518768081,3.8864850557431536,50.99477126734513,30.65,3.0,headache,S029
-0.37,0.12,-41.69150904971601,4.015144248475081,50.99955949511938,30.67,3.0,headache,S029
0.04,0.12,-41.65845330120714,3.7862368162984192,50.999374887939155,30.67,3.0,headache,S029
-0.06,0.12,-41.378544726817736,5.610072261270031,51.03843914880583,30.67,3.0,headache,S029
-0.09,0.12,-40.87202960186408,7.199352407188317,51.68207042216011,30.67,3.0,headache,S029
-0.22,0.12,-41.73906712184553,4.543899563063123,51.07236430119591,30.67,3.0,headache,S029
0.27,0.12,-41.72970401171159,5.171787197494148,50.94573989762127,30.67,3.0,headache,S029
-0.47,0.12,-41.93064209932332,4.15171508981508,50.89180617431994,30.67,3.0,headache,S029
0.34,0.12,-42.02673964274119,3.7634528330756196,50.995757874159054,30.67,3.0,headache,S029
0.7,0.12,-41.98466482279738,3.0077287656426472,50.998994130960455,30.65,3.0,headache,S029
-0.2,0.12,-41.91108843010495,2.7387643357983373,51.12880126275938,30.65,3.0,headache,S029
-0.18,0.12,-41.711242612088114,3.345577830038979,51.08977510836348,30.65,3.0,headache,S029
0.62,0.12,-42.031137907312974,3.353975778517706,50.91309071793076,30.65,3.0,headache,S029
-0.38,0.12,-41.522660613193,4.444638874134229,51.073729136456606,30.65,3.0,headache,S029
-0.15,0.12,-41.12587264332805,5.305474751917581,51.333051492564245,30.65,3.0,headache,S029
-0.39,0.12,-41.12781384582024,4.33707695439947,51.336452117921404,30.65,3.0,headache,S029
0.3,0.12,-41.3057679107878,4.51333469495304,50.99407073624762,30.65,3.0,headache,S029
0.13,0.12,-41.565870293876536,3.858124889240124,51.012669181479964,30.67,3.0,headache,S029
-0.07,0.12,-41.703458778219655,4.079308933045259,50.99086751914694,30.67,3.0,headache,S029
-0.57,0.12,-41.73691944394153,4.123894316471182,51.006263851014275,30.67,3.0,headache,S029
0.75,0.12,-42.03001089697488,4.162135892225405,50.995826472189684,30.67,3.0,headache,S029
-0.37,0.11,-41.89110320896467,3.7825670640725795,51.00265770841809,30.69,3.0,headache,S029
0.03,0.12,-41.93199784086896,4.059969492913774,50.99840058150114,30.69,3.0,headache,S029
0.39,0.12,-41.90655708991199,3.9431671347460298,51.000986913491126,30.69,3.0,headache,S029
-0.33,0.12,-41.81242498303206,4.050938132652822,50.99903573743552,30.69,3.0,headache,S029
-0.08,0.11,-41.574778311657475,3.9546177713407245,51.00209701875583,30.67,3.0,headache,S029
0.06,0.12,-41.87576751801586,4.040302861025025,50.992849953905306,30.67,3.0,headache,S029
0.1,0.12,-41.9812528045277,3.9644341619387617,51.11596565523424,30.67,3.0,headache,S029
0.37,0.12,-42.02197552177776,4.0310050359335605,51.0229760413412,30.67,3.0,headache,S029
-0.52,0.12,-41.976462784845175,3.9735590219506283,50.98477527100127,30.67,3.0,headache,S029
0.06,0.12,-42.02508736630355,4.021655804509851,51.01319607398937,30.67,3.0,headache,S029
-0.18,0.12,-41.97299192852561,3.9836661992663016,50.987730250291825,30.67,3.0,headache,S029
0.63,0.12,-42.02948763464281,4.00991808751162,51.011364300994714,30.67,3.0,headache,S029
-0.72,0.12,-41.96750734642442,3.9988246110707344,50.99054172387915,30.67,3.0,headache,S029
0.37,0.12,-42.032977884807735,3.986290666923856,51.00352917690433,30.67,3.0,headache,S029
0.09,0.11,-41.66782848231319,4.060200847476712,51.02987445186938,30.67,3.0,headache,S029
0.28,0.12,-41.6702503773709,3.949677351413854,51.13410969270088,30.67,3.0,headache,S029
-0.49,0.12,-41.35655363772345,4.1569755236954,50.922397347929476,30.65,3.0,headache,S029
-0.27,0.11,-41.37012459508609,4.163213760464409,51.11120805323149,30.65,3.0,headache,S029
0.79,0.12,-41.65741343555039,4.006294533391111,51.035202048032616,30.65,3.0,headache,S029
-0.11,0.12,-41.91717889958882,3.2607311122064186,51.09972668711949,30.65,3.0,headache,S029
-0.51,0.11,-41.44442256380123,4.137296537500645,51.18305734531328,30.67,3.0,headache,S029
0.26,0.12,-41.243154911634235,4.080591193742121,51.023356207563744,30.67,3.0,headache,S029
-0.02,0.12,-41.60976319524348,3.4720751716460105,51.31576743211597,30.67,3.0,headache,S029
0.14,0.12,-41.65978596331975,4.160661755052603,51.02391982162696,30.67,3.0,headache,S029
-0.61,0.11,-41.846165747270554,3.8933212602192873,50.994148799201334,30.67,3.0,headache,S029
0.52,0.12,-41.92528605230017,4.083471064285532,51.006018561701325,30.67,3.0,headache,S029
-0.27,0.12,-41.98148851872034,3.929736291375676,50.99206796656884,30.67,3.0,headache,S029
0.16,0.12,-42.022519347100605,4.0615871991828385,51.010185318274054,30.67,3.0,headache,S029
-0.06,0.11,-41.97308487124379,3.944640427238259,50.98736373310032,30.67,3.0,headache,S029
0.22,0.12,-42.03753368234929,4.050612678361767,51.015425974207645,30.67,3.0,headache,S029
-0.12,0.12,-41.69670478025689,3.9531657118860544,50.981075362006166,30.67,3.0,headache,S029
0.1,0.11,-41.81600851391141,4.043727622890327,51.02405962958313,30.67,3.0,headache,S029
-0.06,0.12,-41.746986129609695,3.958891236019476,50.965968387741306,30.67,3.0,headache,S029
0.14,0.11,-41.42690653637639,4.0388577445418115,51.07305018329176,30.67,3.0,headache,S029
-0.1,0.11,-41.07950780944889,3.9631068075376596,51.08359664846082,30.67,3.0,headache,S029
0.49,0.11,-41.66216948819057,4.035158303235506,50.98560926192572,30.67,3.0,headache,S029
-0.67,0.11,-41.51187293545652,3.9663873143609543,51.00446291245614,30.69,3.0,headache,S029
0.07,0.11,-41.75152991312098,4.032227453683944,50.99321760908678,30.69,3.0,headache,S029
-0.34,0.11,-41.7653805975669,3.9690177734357817,51.093296815786644,30.69,3.0,headache,S029
0.54,0.12,-41.86630878928072,4.0298633301245665,51.061353620994026,30.69,3.0,headache,S029
-0.08,0.11,-42.04089387181432,3.971137171207086,50.95168036753344,30.69,3.0,headache,S029
0.13,0.11,-41.99191591512188,4.02797821618925,51.05205495253759,30.69,3.0,headache,S029
-0.36,0.11,-41.94328434058054,3.972787263566155,50.93467752771157,30.69,3.0,headache,S029
0.22,0.12,-41.75436290189033,4.026576448685428,51.11285174364476,30.69,3.0,headache,S029
-0.31,0.11,-41.795478445432096,3.9739116627952207,51.02357298401578,30.67,3.0,headache,S029
0.31,0.11,-41.471561121185196,4.0257800917291355,51.140619571273994,30.67,3.0,headache,S029
-0.3,0.11,-41.38964609178941,3.97429718937786,51.16332817742645,30.67,3.0,headache,S029
0.5,0.11,-41.477076616229894,4.025939219836683,51.09000566302451,30.67,3.0,headache,S029
-0.12,0.11,-41.655785147729055,3.973372882227772,51.152495491912696,30.69,3.0,headache,S029
0.5,0.11,-41.79835088296316,4.028007720967425,51.236166191770074,30.69,3.0,headache,S029
-0.5,0.11,-41.31442733395802,3.9694646055658316,51.34426775339388,30.69,3.0,headache,S029
0.01,0.11,-41.060207746802654,4.035160469456215,51.223956752857255,30.69,3.0,headache,S029
-0.09,0.11,-41.04467085834293,3.955811990436809,51.14131893684991,30.71,3.0,headache,S029
0.26,0.11,-41.90569939923382,4.0640324968482515,51.09214225400979,30.71,3.0,headache,S029
-0.82,0.11,-41.07778192502391,3.432453079877622,51.273959654638105,30.71,3.0,headache,S029
0.85,0.11,-41.09648128082596,3.4518215003009587,51.64721059180395,30.71,3.0,headache,S029
-0.35,0.11,-41.40149531193184,3.8479133785881547,51.28331798740577,30.73,3.0,headache,S029
0.05,0.11,-41.40441287316703,3.961235592269069,51.08435504295215,30.73,3.0,headache,S029
0.18,0.11,-41.76140929369946,4.0338355617925234,51.02810476697274,30.73,3.0,headache,S029
-0.29,0.11,-41.910469890463446,3.968693082720725,51.00971893437797,30.73,3.0,headache,S029
-0.2,0.11,-41.99057663809273,4.031049257445096,50.970204940826584,30.69,3.0,headache,S029
0.58,0.11,-41.877929267776516,3.9673342659775153,51.04724152976804,30.69,3.0,headache,S029
-0.25,0.11,-41.76752577953264,4.0362707873555985,50.9337038264103,30.69,3.0,headache,S029
0.33,0.11,-41.82231942253884,3.9585741001450994,51.09061602612958,30.69,3.0,headache,S029
-0.22,0.11,-41.61608447570424,4.398371283533815,50.87219636755709,30.69,3.0,headache,S029
0.27,0.11,-41.01776122984407,4.169123580748088,51.26098137953494,30.69,3.0,headache,S029
-0.76,0.11,-41.918363479201425,3.7690690107690585,50.97838619271377,30.69,3.0,headache,S029
0.77,0.11,-41.09074896167933,3.346676141190568,52.01887513723272,30.69,3.0,headache,S029
-0.79,0.11,-42.62327692005701,2.784513452531559,49.96346973848319,30.71,3.0,headache,S029
0.54,0.11,-43.311005612845825,2.467487752933023,49.47772887631406,30.71,3.0,headache,S029
-0.19,0.11,-42.44234925368909,4.639672004767799,50.877934322985276,30.71,3.0,headache,S029
0.41,0.11,-42.49072619915215,5.428674977622242,49.90733939479851,30.71,3.0,headache,S029
0.44,0.11,-42.24327743993199,4.674383163624102,50.223957332213274,30.71,3.0,headache,S029
0.92,0.11,-43.01637165258895,4.146282202946643,49.90129530542538,30.71,3.0,headache,S029
-1.65,0.11,-42.75439022160142,3.123951849808741,50.223612554177414,30.71,3.0,headache,S029
0.18,0.11,-43.176382393875336,2.976414926220652,49.83228826565051,30.71,3.0,headache,S029
0.02,0.11,-42.76719030330729,3.084681353692817,50.13824862235602,30.71,3.0,headache,S029
0.12,0.11,-42.57792204388657,3.4378992162121795,49.9229404031642,30.71,3.0,headache,S029
-0.64,0.11,-42.29963260521149,3.4834694834440794,50.294542046152685,30.71,3.0,headache,S029
1.0,0.11,-42.59759389536188,3.9899803808368923,49.96438745498347,30.71,3.0,headache,S029
-0.62,0.11,-42.583915125999404,3.9570694812561324,50.41634613369701,30.73,3.0,headache,S029
0.56,0.11,-42.86085529361226,4.036360744311748,49.90629377552849,30.73,3.0,headache,S029
-1.05,0.11,-42.91785495234719,3.9721049946273057,50.19651274485171,30.73,3.0,headache,S029
0.93,0.11,-42.869593145285414,4.012880299844387,50.0460382429431,30.73,3.0,headache,S029
-1.0,0.11,-42.832073525522354,3.8471480677511076,50.11418010177835,30.71,3.0,headache,S029
0.72,0.1,-42.9146163899574,4.051398231386273,49.935838310393905,30.71,3.0,headache,S029
-0.68,0.11,-42.59986482141821,3.9227499998756374,50.22380089650108,30.71,3.0,headache,S029
0.66,0.11,-43.03178296386321,3.9094662152452337,49.8360237113089,30.71,3.0,headache,S029
-0.49,0.1,-42.60946110768015,4.034500141007119,50.17798582863207,30.71,3.0,headache,S029
1.12,0.11,-42.80640134246122,3.9644094202224585,50.077813284396655,30.71,3.0,headache,S029
-1.22,0.11,-42.39535982597753,4.846558353537732,50.179067399922715,30.71,3.0,headache,S029
0.93,0.11,-42.44852056965067,4.589166522174481,50.1429627863218,30.71,3.0,headache,S029
-1.2,0.11,-42.816372695909045,3.669139555255447,50.16207185927072,30.71,3.0,headache,S029
1.23,0.11,-42.254578495030024,3.4880044108656167,50.22534557582363,30.71,3.0,headache,S029
-1.01,0.11,-42.4085760169605,3.42899462669842,50.47447416793802,30.71,3.0,headache,S029
0.86,0.1,-42.853571232130285,2.898863754172963,50.1686167504178,30.71,3.0,headache,S029
-1.5,0.11,-42.63532916108477,3.9852642025638993,50.3333369998584,30.71,3.0,headache,S029
2.08,0.11,-42.65404296788431,2.9575949259050986,50.22327967280965,30.71,3.0,headache,S029
-1.5,0.1,-43.86718437828479,1.002143054167309,50.020015148918304,30.71,3.0,headache,S029
1.53,0.1,-43.75687702056351,3.169932905566706,49.474912465227,30.71,3.0,headache,S029
-2.02,0.11,-43.14483323392778,4.822269595622756,49.83398879980834,30.71,3.0,headache,S029
2.12,0.11,-42.43144961129662,7.16872617028604,49.97397424513704,30.71,3.0,headache,S029
-2.21,0.1,-42.01536148678487,7.344661889746131,50.40459977350238,30.71,3.0,headache,S029
2.64,0.11,-42.4332411092236,5.651390266341375,50.13890638474197,30.71,3.0,headache,S029
-3.44,0.11,-42.412704968820414,2.489115451020915,50.758953638926656,30.71,3.0,headache,S029
3.59,0.1,-37.94344072266231,2.562445131464894,53.458264062728986,30.71,3.0,headache,S029
-7.55,0.1,-39.820282659480306,2.4278814590164455,52.2889006559318,30.71,3.0,headache,S029
-5.1,0.11,-39.02344965635946,4.220699014427283,52.71849732543809,30.71,3.0,headache,S029
-66.16,0.11,-40.79308471102503,3.0762740434986675,51.892114135109885,30.71,3.0,headache,S029
-96.27,0.11,-40.34476151873968,1.9066180646528677,52.0490485187939,30.71,3.0,headache,S029
137.64,0.11,-40.72157697524186,1.9663147539460146,51.91806134394028,30.71,3.0,headache,S029
100.03,0.12,-40.5775089924241,2.418986228469506,52.07123130042873,30.71,3.0,headache,S029
35.83,0.11,-40.611718090042324,2.9677960164174797,51.946884580304165,30.71,3.0,headache,S029
-70.09,0.11,-40.42561273737563,2.99986802640402,52.15768084907359,30.71,3.0,headache,S029
-21.13,0.11,-40.5746544606185,2.9775791814067074,52.05683243456214,30.71,3.0,headache,S029
-5.65,0.11,-40.0918296191804,3.0948468011931225,52.28536427810871,30.71,3.0,headache,S029
2.03,0.11,-39.941551744406524,3.6072328239420157,52.19115591952412,30.73,3.0,headache,S029
-1.97,0.11,-40.129711708357725,2.86953259399598,52.29378904512589,30.73,3.0,headache,S029
1.13,0.11,-40.28245445190933,2.7876156711225755,52.099914136158255,30.73,3.0,headache,S029
-1.21,0.11,-39.86505044823697,2.4012538686219282,52.09153838813263,30.73,3.0,headache,S029
1.62,0.11,-40.53352138713816,2.0539979970325066,51.98703459132764,30.75,3.0,headache,S029
-1.06,0.11,-40.078820900972076,1.9508007086118624,52.40371934975542,30.75,3.0,headache,S029
1.15,0.11,-40.23472456577748,2.340071714697422,52.19803872313918,30.75,3.0,headache,S029
0.19,0.11,-40.33124290715172,2.0821013157515034,52.26593201492385,30.75,3.0,headache,S029
-0.51,0.11,-40.097515298374475,2.0342781281475752,52.000491124122675,30.71,3.0,headache,S029
-0.91,0.11,-40.20415393142639,2.4676243041772374,52.276194186474676,30.71,3.0,headache,S029
0.88,0.1,-40.140270276918095,2.6137829545678724,51.95621631448637,30.71,3.0,headache,S029
-1.06,0.1,-39.90411228369965,3.114439823470281,52.18449679243418,30.71,3.0,headache,S029
0.72,0.11,-40.3097269883524,2.2585360734177318,52.03444264970019,30.73,3.0,headache,S029
-0.35,0.11,-40.268661709623935,2.0938291377187843,52.07511012054328,30.73,3.0,headache,S029
0.29,0.11,-40.14896129611371,2.090955475051379,51.92284578217473,30.73,3.0,headache,S029
-0.74,0.11,-40.10924003605518,2.276453329594966,52.18911138169237,30.73,3.0,headache,S029
0.84,0.1,-40.12033586814544,2.1412405686325933,51.9516598904706,30.75,3.0,headache,S029
-0.02,0.1,-39.943677283180044,2.0382869058284148,52.36337913501782,30.75,3.0,headache,S029
-0.03,0.1,-40.03775502210968,1.9767031244888433,52.14963715409059,30.75,3.0,headache,S029
-0.47,0.11,-40.06027073634424,2.16437844604895,52.3248074927808,30.75,3.0,headache,S029
0.47,0.1,-40.08715103839192,1.939895366759555,52.39351126419723,30.73,3.0,headache,S029
-0.22,0.1,-39.926615236942425,2.0523944553297335,52.206411357032295,30.73,3.0,headache,S029
1.11,0.11,-40.09156734272921,1.9497965557800947,52.083369847818474,30.73,3.0,headache,S029
-1.5,0.11,-40.063841486597354,2.050610813785653,52.14119767725725,30.73,3.0,headache,S029
0.6,0.1,-40.029647512968104,1.9451887608249818,51.97260874644201,30.73,3.0,headache,S029
-0.27,0.11,-40.33181746380985,2.076501360649995,52.02966862265246,30.73,3.0,headache,S029
-0.14,0.11,-40.405868730334674,2.086921219877357,51.96615743858024,30.73,3.0,headache,S029
0.17,0.1,-40.272116903781615,2.1436921921090155,52.041468194001176,30.73,3.0,headache,S029
0.24,0.1,-40.33076515609727,1.940647934045462,51.93931933681832,30.71,3.0,headache,S029
-0.84,0.11,-40.025738086891614,2.0958632906754646,52.18854425958184,30.71,3.0,headache,S029
0.38,0.11,-40.15309283833231,2.06321310765273,52.152010763002274,30.71,3.0,headache,S029
0.27,0.1,-40.077288870703335,2.0023922004003674,52.21259691993798,30.71,3.0,headache,S029
0.31,0.11,-40.00251348137005,1.98659620739258,51.964876709635085,30.75,3.0,headache,S029
-0.59,0.11,-40.146966937976366,2.018085022511818,52.22765736495543,30.75,3.0,headache,S029
0.16,0.1,-40.14800108339532,1.9789503838553206,52.1354982801006,30.75,3.0,headache,S029
0.13,0.1,-39.92557961622219,2.0238408349043224,52.257229188929045,30.75,3.0,headache,S029
0.21,0.1,-40.268805361076815,1.9718886845714603,52.072794944576486,30.75,3.0,headache,S029
-0.42,0.1,-40.328061360878586,2.0410051319202074,52.164115036069035,30.75,3.0,headache,S029
0.36,0.1,-40.3829557120294,2.1012535842260633,52.03990445656416,30.75,3.0,headache,S029
-0.72,0.11,-40.49307328524545,2.002866723226893,51.994874432923865,30.75,3.0,headache,S029
0.38,0.11,-40.71535361152444,1.9855529144848212,52.06101805341583,30.73,3.0,headache,S029
-0.2,0.1,-40.42536296318802,2.1294816786202366,52.16181018413515,30.73,3.0,headache,S029
0.43,0.1,-40.33991569308581,2.0058710972206555,52.008755390415615,30.73,3.0,headache,S029
-0.27,0.1,-40.077145889830646,1.9993483860029206,52.20209377193714,30.73,3.0,headache,S029
0.22,0.1,-40.14117015288088,2.0006217137539486,52.09709311973491,30.73,3.0,headache,S029
-0.36,0.1,-39.9738604383322,1.9973151327832357,51.947262890549325,30.73,3.0,headache,S029
0.03,0.1,-40.29524447172821,2.0067787203871084,52.20997586268447,30.73,3.0,headache,S029
-0.03,0.11,-40.12902516399006,1.9859877665455363,52.07384390944624,30.73,3.0,headache,S029
0.73,0.1,-40.180303712256176,2.027910149372472,51.98723863299162,30.75,3.0,headache,S029
-0.49,0.1,-40.50971550908022,1.9370117472845727,52.00238409725013,30.75,3.0,headache,S029
0.16,0.11,-40.33806187790569,2.3931147382702425,52.00461173993283,30.75,3.0,headache,S029
-0.54,0.1,-40.568640006144655,2.331837722898131,51.98353207076395,30.75,3.0,headache,S029
0.36,0.1,-40.47762023273567,1.9090032842935707,52.07544510469573,30.75,3.0,headache,S029
-0.26,0.1,-40.4767846807459,2.0624192644088852,52.082925089649294,30.75,3.0,headache,S029
0.43,0.11,-40.321872031782036,1.9503888340893218,51.968714273681094,30.75,3.0,headache,S029
-0.05,0.1,-40.15507937353293,2.0419680344292908,52.25801042091812,30.75,3.0,headache,S029
0.21,0.1,-40.19282924206703,1.9634922693596786,52.102207850276706,30.77,3.0,headache,S029
-0.48,0.1,-40.03494012752703,2.031956886810373,52.131305348752754,30.77,3.0,headache,S029
0.05,0.1,-40.348893337801925,1.9724961466750903,52.13484780739119,30.77,3.0,headache,S029
-0.04,0.1,-40.142825989882255,2.022253357824154,52.015549235857826,30.77,3.0,headache,S029
0.15,0.1,-40.280437866034525,1.9855920260773214,51.986483648523894,30.75,3.0,headache,S029
0.13,0.11,-40.438917577198104,1.9974945974859304,52.01355841570002,30.75,3.0,headache,S029
-0.24,0.1,-40.7200247413124,2.125291697307761,51.98596333129569,30.75,3.0,headache,S029
0.14,0.11,-40.60175365276487,2.1737362606869386,52.014903268699065,30.75,3.0,headache,S029
-0.18,0.11,-40.67510827931452,1.9277839819557323,51.983672354881186,30.75,3.0,headache,S029
-0.04,0.1,-40.92199759303921,2.0565939702250864,52.018521583738455,30.75,3.0,headache,S029
0.16,0.1,-40.480246730338976,1.9494297252668804,51.98080264484837,30.75,3.0,headache,S029
0.31,0.11,-40.31957625173477,2.04894774614553,52.21841966168622,30.75,3.0,headache,S029
-0.38,0.11,-40.3897352024373,1.9448700299126014,52.18058570125927,30.77,3.0,headache,S029
-0.07,0.1,-40.58090201456512,2.2518622660743963,52.0020436911112,30.77,3.0,headache,S029
0.28,0.13,-40.001117575196055,2.1096433769353293,52.139299100645744,30.77,3.0,headache,S029
-0.44,0.11,-40.597973856493546,2.0656566980015914,51.941407610789554,30.77,3.0,headache,S029
0.54,0.1,-40.66422911601189,1.9624023369021315,52.07460897487725,30.75,3.0,headache,S029
0.38,0.1,-40.406844025107716,2.0253523650282075,52.075828040206495,30.75,3.0,headache,S029
0.07,0.11,-40.57108932770596,2.011910500376353,52.09631080321596,30.75,3.0,headache,S029
-0.6,0.1,-40.087066142396395,2.26934636968646,52.08705003887344,30.75,3.0,headache,S029
0.11,0.11,-40.224696098555185,2.0801428902526724,52.173845389736364,30.75,3.0,headache,S029
-0.05,0.1,-40.36189225005635,2.0068520802038705,52.01561270707763,30.75,3.0,headache,S029
-0.41,0.11,-40.232473207699165,2.6583923697103367,52.29159437123113,30.75,3.0,headache,S029
-0.27,0.1,-40.04297726948569,3.1148603550664204,52.10732554434238,30.75,3.0,headache,S029
0.36,0.1,-40.6151386470528,2.0960643006623014,51.973930832017345,30.77,3.0,headache,S029
0.14,0.11,-40.731311508697125,2.0134744718174673,51.999554000164956,30.77,3.0,headache,S029
-0.02,0.11,-40.390878768294655,1.9952985096236207,52.06926852415055,30.77,3.0,headache,S029
0.27,0.11,-40.49636736636512,2.3029028997735237,52.215963291880854,30.77,3.0,headache,S029
-0.4,0.11,-40.56283357361121,1.8737305651754723,51.95311869008757,30.75,3.0,headache,S029
-0.19,0.11,-40.338084236164896,2.2285484088515184,52.03180597440045,30.75,3.0,headache,S029
0.41,0.1,-40.1547293098524,2.236594762618427,51.97590950863225,30.75,3.0,headache,S029
-0.1,0.1,-40.393306720684286,1.9742976113618813,52.018301209024976,30.75,3.0,headache,S029
0.36,0.11,-40.45131934066358,1.9980610249320463,51.98767370856184,30.79,3.0,headache,S029
0.03,0.11,-40.47824309394636,2.012614045111412,52.00321550138661,30.79,3.0,headache,S029
-0.46,0.1,-40.642845905021005,1.9827170186350844,52.0252264990541,30.79,3.0,headache,S029
0.02,0.1,-40.69288019148322,2.014780735783673,52.12593540668564,30.79,3.0,headache,S029
0.53,0.1,-40.50259826473642,2.175663770523248,51.95924099977111,30.75,3.0,headache,S029
-0.7,0.1,-40.565065647405554,2.2242578211923956,52.02755320087471,30.75,3.0,headache,S029
0.3,0.1,-40.66279243837985,2.1146987720102226,51.98048194755172,30.75,3.0,headache,S029
0.0,0.11,-40.61610173728799,1.96502681243649,52.00914812209197,30.75,3.0,headache,S029
-0.14,0.11,-40.66991435330546,2.0442594281396707,52.03020300859085,30.77,3.0,headache,S029
-0.41,0.1,-40.69499157078413,2.221926334938573,52.148978899465185,30.77,3.0,headache,S029
0.41,0.1,-40.5907004296154,2.9462778891618084,52.08358553045833,30.77,3.0,headache,S029
0.1,0.11,-39.93569239754651,3.3560233458345543,52.13028870648795,30.77,3.0,headache,S029
0.0,0.1,-40.1380089028262,2.8761212928621345,51.96696811402301,30.77,3.0,headache,S029
-0.23,0.1,-40.139772990088495,3.000566517906583,52.02448098921135,30.77,3.0,headache,S029
0.57,0.11,-40.13425832400412,2.1180425359151154,51.98049865864827,30.77,3.0,headache,S029
-0.51,0.11,-40.35524260562086,2.252546433269787,52.01774074409539,30.77,3.0,headache,S029
0.47,0.1,-40.3627722191208,2.1586952083055952,52.273617939075486,30.75,3.0,headache,S029
-0.19,0.1,-40.23978101911678,2.7826461273245875,52.1028134950368,30.75,3.0,headache,S029
-0.08,0.11,-40.11583959724723,2.590812026173156,52.038681820408364,30.75,3.0,headache,S029
-0.44,0.1,-40.40295378791175,1.8716455365026792,52.108486283187396,30.75,3.0,headache,S029
0.64,0.1,-40.74050325020846,2.0761785841003957,51.94554938706647,30.75,3.0,headache,S029
-0.51,0.11,-40.355450135762176,2.0800776391650153,52.03120305011471,30.75,3.0,headache,S029
0.53,0.11,-40.26855635068842,2.4684329815975192,52.08331412769655,30.75,3.0,headache,S029
0.37,0.1,-40.09596516061182,2.707787119747204,52.20639492357932,30.75,3.0,headache,S029
-0.55,0.1,-40.33267627155957,2.934036832937847,51.908816877539444,30.75,3.0,headache,S029
0.03,0.1,-40.155065766026574,2.856257474349246,52.08780300882648,30.75,3.0,headache,S029
-0.42,0.11,-40.25069552059934,2.864613588751603,52.147647092070656,30.75,3.0,headache,S029
0.42,0.1,-40.13145943906723,2.8494110618623143,52.15472994762002,30.75,3.0,headache,S029
0.12,0.1,-40.54781487069339,2.0780090609026156,52.09528537514146,30.73,3.0,headache,S029
0.27,0.11,-40.61684173163827,2.1552743477781764,52.31236540922203,30.73,3.0,headache,S029
-0.21,0.1,-40.548200704855795,1.934620076746365,51.96293401604167,30.73,3.0,headache,S029
-0.22,0.1,-40.691672662350996,2.1349045274406957,52.11951183890409,30.73,3.0,headache,S029
-0.22,0.1,-40.79142229706694,2.2496356629743177,52.030385132527414,30.75,3.0,headache,S029
0.52,0.11,-40.51969578424588,2.1586973261622395,52.02434084430729,30.75,3.0,headache,S029
-0.12,0.1,-40.30862641906918,2.965047086976766,52.09190491374099,30.75,3.0,headache,S029
-0.73,0.1,-40.458764322058805,2.215510841362176,52.03647407789768,30.75,3.0,headache,S029
0.4,0.11,-40.789290280823685,1.8738063489032835,51.95076612094569,30.77,3.0,headache,S029
0.16,0.1,-40.398211528530766,2.196328609275693,52.06289840397483,30.77,3.0,headache,S029
0.04,0.1,-40.70368588941127,2.0836374381550136,51.91419506604072,30.77,3.0,headache,S029
-0.48,0.11,-40.32568675309311,2.4109646422633224,52.213346234900534,30.77,3.0,headache,S029
0.78,0.11,-40.16609845115744,2.7850615144712405,52.18684657100737,30.77,3.0,headache,S029
-0.59,0.1,-40.30899260287728,3.437827333918203,52.10755269309512,30.77,3.0,headache,S029
0.0,0.1,-40.023938936228646,3.660374703476168,52.27487679468838,30.77,3.0,headache,S029
0.0,0.11,-40.10987551438754,3.057025842337154,52.190341138329515,30.77,3.0,headache,S029
0.37,0.11,-40.10901628268118,3.0727139317850165,52.00215361157066,30.77,3.0,headache,S029
0.05,0.1,-40.63164340825786,2.967235688378173,52.02437042842502,30.77,3.0,headache,S029
0.17,0.1,-40.3897411206092,2.9925607875772173,52.46196198659026,30.77,3.0,headache,S029
-0.51,0.11,-40.22535023530387,3.2413889392191186,52.00621966942511,30.77,3.0,headache,S029
-0.28,0.1,-40.29828822679092,3.456398850049963,52.23494371619003,30.77,3.0,headache,S029
0.4,0.1,-40.63908671016364,2.7001531271231247,52.098977144499784,30.77,3.0,headache,S029
-0.15,0.11,-40.606468985276855,2.2157331444306783,51.99969113792609,30.77,3.0,headache,S029
0.19,0.11,-40.55316207071746,2.0561927973659757,52.000224916643745,30.77,3.0,headache,S029
0.06,0.1,-40.56847106799944,1.9575622520516387,51.99120248730296,30.77,3.0,headache,S029
0.03,0.1,-40.5563291492472,2.0681877573325362,52.038815792837596,30.77,3.0,headache,S029
-0.18,0.1,-40.8232005386912,2.080302020320771,52.111737043892894,30.77,3.0,headache,S029
-0.2,0.1,-40.81606015115155,2.0133186508753433,51.974218719710635,30.77,3.0,headache,S029
0.41,0.1,-40.66245174868022,1.8025394215241268,52.00660464510565,30.77,3.0,headache,S029
-0.65,0.1,-40.60655393683794,2.3853328730922354,52.037812158644165,30.77,3.0,headache,S029
0.56,0.1,-40.25794875010227,2.8187955219520346,52.08412115912541,30.77,3.0,headache,S029
0.03,0.1,-40.351237686090215,2.083831796579862,51.98366522113243,30.77,3.0,headache,S029
0.21,0.1,-40.34713344859139,2.1182754484993094,52.11226941953515,30.77,3.0,headache,S029
-0.15,0.1,-40.68496998944172,2.812864889093224,52.04328521498679,30.77,3.0,headache,S029
-0.12,0.1,-40.77970255258876,2.0486281220159226,51.98377639527569,30.77,3.0,headache,S029
-0.2,0.1,-40.91564784500928,2.494142851995443,52.01123999288806,30.77,3.0,headache,S029
0.1,0.1,-40.15036841594298,3.3805434654696014,51.98920489680549,30.77,3.0,headache,S029
-0.09,0.1,-40.32119569423268,2.839301335916749,52.01333952457992,30.77,3.0,headache,S029
0.3,0.1,-40.54013852058597,3.13565373116937,51.97776633707481,30.77,3.0,headache,S029
-0.38,0.1,-40.070146413594614,2.8596688322965913,52.08031050958633,30.77,3.0,headache,S029
-0.01,0.1,-40.31387991310941,3.181606053764463,52.084198561363955,30.77,3.0,headache,S029
0.15,0.11,-40.43006182381583,2.400395781272041,51.9456702935374,30.77,3.0,headache,S029
0.24,0.12,-40.277414257027665,2.0846437649436087,52.15390328332149,30.77,3.0,headache,S029
0.02,0.1,-40.26704143980097,2.7784960916774137,52.34145591372702,30.77,3.0,headache,S029
0.5,0.1,-40.609266682208435,2.9933845335312426,51.99336988030932,30.79,3.0,headache,S029
-0.71,0.1,-40.32676139808056,2.458708542264464,52.02475162573857,30.79,3.0,headache,S029
0.28,0.1,-40.596740202347945,1.9252856342769886,52.08882177800124,30.79,3.0,headache,S029
0.08,0.1,-40.32482415805312,2.206651381881869,52.253974214862474,30.79,3.0,headache,S029
-0.73,0.1,-40.40026086116682,2.2751025259488884,52.26229974293004,30.77,3.0,headache,S029
0.51,0.09,-40.51170225799843,2.3469080398898305,52.05847265637903,30.77,3.0,headache,S029
-0.11,0.1,-40.6203389254923,1.878976977921527,51.95660665428991,30.77,3.0,headache,S029
-0.54,0.1,-40.3077536582711,2.0835472278225833,52.04152789563001,30.77,3.0,headache,S029
0.66,0.1,-40.292560379269936,2.3229682319626863,51.95340170055666,30.79,3.0,headache,S029
0.2,0.1,-40.51268219949928,2.4170850837526596,52.07441801762098,30.79,3.0,headache,S029
-0.15,0.1,-40.20743087595839,2.325607950589034,52.07639628542009,30.79,3.0,headache,S029
0.2,0.1,-40.78423742449589,2.5394647949986284,51.871699026635966,30.79,3.0,headache,S029
-0.27,0.1,-40.854615360463356,2.982893117114836,52.00104201136624,30.77,3.0,headache,S029
-0.1,0.1,-39.97804725796587,3.2963669253865646,52.005437615289544,30.77,3.0,headache,S029
0.14,0.1,-40.422833084677706,2.916083457720622,51.99360418666429,30.77,3.0,headache,S029
-0.33,0.1,-40.175944784683786,3.098826919501689,52.00124425130291,30.77,3.0,headache,S029
0.27,0.1,-40.07029851525503,3.4000165172336456,52.03778252937777,30.77,3.0,headache,S029
-0.21,0.1,-39.86791560780961,4.038779702752318,52.12779289661096,30.77,3.0,headache,S029
0.02,0.1,-40.43169711482132,2.9187348110309093,51.92426943813097,30.77,3.0,headache,S029
0.23,0.1,-40.16170335812833,3.6998524579882046,52.357996830423154,30.77,3.0,headache,S029
-0.22,0.1,-40.11612396189158,3.8076896788772214,52.188684713693156,30.79,3.0,headache,S029
-0.13,0.1,-40.618886482236235,2.9196716723035414,51.99384219237333,30.79,3.0,headache,S029
0.0,0.1,-40.30122919131265,3.044734226879994,51.98391977202146,30.79,3.0,headache,S029
0.18,0.1,-40.63233191922713,2.9696590549452813,52.143558194731,30.79,3.0,headache,S029
-0.06,0.1,-40.08696307489228,3.0327314769514024,51.976046604436455,30.79,3.0,headache,S029
0.14,0.1,-40.22935401645898,2.870810313242042,52.073962756280295,30.79,3.0,headache,S029
-0.2,0.1,-40.8146262035635,1.944849373469848,52.08407401731355,30.79,3.0,headache,S029
0.2,0.1,-40.63009732961754,2.172574734042907,51.97189116471588,30.79,3.0,headache,S029
0.13,0.1,-40.20575342089637,2.095893820721749,52.07270374369615,30.79,3.0,headache,S029
-0.51,0.09,-40.570932623061836,2.2852534296116342,52.100779556211116,30.79,3.0,headache,S029
0.43,0.1,-40.016716411316864,2.9901514712676858,51.91707138806249,30.79,3.0,headache,S029
0.11,0.1,-40.24025462217386,3.0091847887713397,52.25535798344575,30.79,3.0,headache,S029
-0.35,0.09,-40.69593309302029,2.5373452388155733,52.284963416188255,30.77,3.0,headache,S029
-0.32,0.1,-40.723676518580945,2.4881039433393712,52.008208922642424,30.77,3.0,headache,S029
0.68,0.1,-40.93176507226007,2.124075927233192,51.99491789540972,30.77,3.0,headache,S029
0.1,0.1,-40.648662668687855,2.483524271057602,52.00914361250432,30.77,3.0,headache,S029
-0.21,0.09,-40.48206631574047,2.6838322938005135,51.98732068924128,30.77,3.0,headache,S029
-0.29,0.1,-40.864650285456655,2.77341876931229,52.01569886941134,30.77,3.0,headache,S029
0.07,0.1,-40.562262372056146,2.2973088417775185,51.98156798730795,30.77,3.0,headache,S029
-0.06,0.1,-40.84448270926239,2.3699643670607022,52.02105073593707,30.77,3.0,headache,S029
0.71,0.1,-40.8493399301724,2.997543873680333,51.9763154527178,30.79,3.0,headache,S029
-0.61,0.1,-40.783019984819035,2.878713531077862,52.02644567635947,30.79,3.0,headache,S029
-0.24,0.1,-40.461856259159966,2.7033813044677317,51.970550562944744,30.79,3.0,headache,S029
0.16,0.1,-40.458215527730175,3.0562470165196935,52.03283489039737,30.79,3.0,headache,S029
0.16,0.1,-40.9535757253046,2.9233396556689923,51.96320542724691,30.77,3.0,headache,S029
-0.07,0.1,-40.807126693647824,3.2053474582176498,52.04163171556845,30.77,3.0,headache,S029
0.28,0.09,-40.29580575765016,3.7879839398165065,51.95209880109362,30.77,3.0,headache,S029
0.07,0.1,-40.4561847169257,3.9367041019659883,52.05687732060848,30.77,3.0,headache,S029
-0.2,0.1,-40.73283188503719,3.3001631997897376,51.92689778188517,30.79,3.0,headache,S029
-0.25,0.1,-40.29215589484119,2.9162640025372144,52.15882401604044,30.79,3.0,headache,S029
-0.13,0.1,-40.61029162195654,2.9772179419096525,52.01638506644743,30.79,3.0,headache,S029
0.1,0.1,-39.77125756371078,3.1446807167297974,52.38374000996634,30.79,3.0,headache,S029
0.51,0.1,-40.285493354138204,3.5879109888002505,51.836429132320845,30.81,3.0,headache,S029
0.03,0.09,-40.091141474621736,3.214860813083474,52.25708368823226,30.81,3.0,headache,S029
-0.11,0.09,-38.92386028559221,3.3347519366611693,53.06881690319881,30.81,3.0,headache,S029
-1.37,0.1,-38.979886059518066,3.1904298122457675,53.06512370602837,30.81,3.0,headache,S029
-2.12,0.1,-39.47696350787465,2.7621409352017983,52.74211799444025,30.81,3.0,headache,S029
-15.15,0.1,-40.00889858784648,2.613834453807366,52.49567822671702,30.81,3.0,headache,S029
-23.25,0.1,-40.10466548088425,2.593161366164778,52.307195806412956,30.81,3.0,headache,S029
31.65,0.1,-40.50201048832679,1.9396456552548005,52.25902396918593,30.81,3.0,headache,S029
24.93,0.1,-40.04846829277299,2.6053620466242,52.08726124845713,30.81,3.0,headache,S029
28.33,0.1,-40.17865560775976,2.7310071327850722,52.12474613839851,30.81,3.0,headache,S029
-26.38,0.1,-40.56220085144401,2.9996980265933173,52.25063063023621,30.81,3.0,headache,S029
-14.7,0.09,-40.462843202073294,2.533511355106418,52.135657325700755,30.81,3.0,headache,S029
-1.56,0.09,-40.298121766887775,2.5162984744556782,52.267403356233,30.81,3.0,headache,S029
-0.68,0.1,-40.803086350622685,1.9949697189805935,51.924992026286375,30.81,3.0,headache,S029
0.28,0.09,-40.29132897301203,2.2118015493477534,52.15626888701227,30.81,3.0,headache,S029
-0.02,0.09,-40.18735208154979,2.731582121699779,52.004074164490156,30.81,3.0,headache,S029
0.33,0.1,-40.79341966061768,2.0919936964413393,51.977484161783366,30.79,3.0,headache,S029
-0.17,0.1,-40.94847557620527,2.3568771089787943,51.75095016790109,30.79,3.0,headache,S029
-0.19,0.1,-40.95058142773484,3.054285980966509,52.036087454086676,30.79,3.0,headache,S029
-0.22,0.1,-40.83587579765783,2.7960782818352885,51.97323052760801,30.79,3.0,headache,S029
-0.05,0.1,-40.808759957638415,2.4153592860970035,52.02158148243641,30.79,3.0,headache,S029
-0.16,0.09,-40.7641404839534,2.9850868345036434,51.98211307302278,30.79,3.0,headache,S029
0.24,0.1,-40.606858249572824,3.54401477791305,52.01489543684573,30.79,3.0,headache,S029
-0.07,0.1,-40.280510868521496,3.6625218828379777,51.9877333239794,30.79,3.0,headache,S029
0.1,0.1,-40.300865033434604,3.8979830574085113,52.009797169346804,30.79,3.0,headache,S029
0.15,0.09,-40.204116701202295,4.110878064225475,51.99269054461616,30.79,3.0,headache,S029
0.11,0.1,-40.53809636051372,3.543942180398879,52.00456509562148,30.79,3.0,headache,S029
-0.42,0.1,-40.5132334756048,3.8058619614501414,51.99892022655934,30.79,3.0,headache,S029
0.26,0.09,-40.393623775858465,3.099650604597251,51.99536769711308,30.79,3.0,headache,S029
0.22,0.09,-40.118784755771486,2.965113873485129,52.021485406990095,30.79,3.0,headache,S029
-0.33,0.1,-40.73433276041013,3.0175720866223497,52.12409115749101,30.79,3.0,headache,S029
0.34,0.1,-40.46267376671743,3.038877771720483,51.97273507871714,30.79,3.0,headache,S029
-0.02,0.09,-40.18517766172016,3.9460291300115458,52.024371079499495,30.79,3.0,headache,S029
0.13,0.09,-40.67412224110121,2.481725496774043,51.83776975681322,30.79,3.0,headache,S029
-0.64,0.1,-40.71132907626319,2.0216658542161836,51.86222686026525,30.79,3.0,headache,S029
0.2,0.09,-40.71776213175235,1.98454704951188,52.094395077708676,30.79,3.0,headache,S029
0.75,0.09,-40.94142861254346,2.5522534801845507,52.05361096428862,30.79,3.0,headache,S029
-0.72,0.09,-40.83711721667689,2.2664972648339154,52.09717543930606,30.79,3.0,headache,S029
0.17,0.09,-40.622874380205225,1.903591557071161,52.20705496229869,30.79,3.0,headache,S029
0.18,0.09,-40.29778278849023,2.093956253381798,51.93557232963295,30.79,3.0,headache,S029
-0.27,0.1,-40.78657801030671,2.218362648335199,52.04069946421917,30.81,3.0,headache,S029
0.24,0.1,-40.86203112728137,1.9469891800542307,51.96928217777976,30.81,3.0,headache,S029
0.48,0.1,-40.382697306996114,2.7465863266067783,52.02527375735855,30.81,3.0,headache,S029
0.49,0.1,-40.53774468706827,3.0681586639106144,51.97800704599375,30.81,3.0,headache,S029
-1.06,0.1,-40.74914766077006,2.963326022903801,52.020050236262364,30.79,3.0,headache,S029
-0.38,0.09,-40.98485113201542,3.019347393760386,51.98078446408705,30.79,3.0,headache,S029
-0.19,0.09,-40.85544914352044,2.999520444780969,52.01974153919246,30.79,3.0,headache,S029
-0.24,0.1,-40.960848704070436,2.9600528143168963,51.97696498208215,30.79,3.0,headache,S029
0.55,0.09,-40.514802603734054,3.4565507116831267,52.03822790702437,30.81,3.0,headache,S029
-0.09,0.09,-40.14933167275941,4.169918984935213,52.10891440699364,30.81,3.0,headache,S029
0.51,0.1,-40.68758057438658,3.660372687007734,51.987636679401206,30.81,3.0,headache,S029
-0.64,0.1,-40.69837770230436,3.189324606391368,52.00408282700402,30.81,3.0,headache,S029
-0.02,0.1,-40.41505594290597,3.0856247568071846,51.99881491848036,30.81,3.0,headache,S029
0.08,0.1,-40.531240911763696,3.0883866298375993,51.99968992033394,30.81,3.0,headache,S029
0.71,0.1,-40.86575601907329,2.322384005175122,52.00135347600339,30.81,3.0,headache,S029
-0.48,0.09,-40.637674641371774,2.9169431682134346,51.9976687726558,30.81,3.0,headache,S029
-0.02,0.09,-40.38815693397203,3.045773455727446,52.00348844156161,30.81,3.0,headache,S029
0.21,0.1,-40.45451583886288,2.8792429258045265,51.99493567227268,30.81,3.0,headache,S029
0.39,0.1,-40.55467322590234,2.2888219365668947,52.00737307261682,30.81,3.0,headache,S029
-0.68,0.09,-40.69185362122073,2.9402861762508943,51.98913867754481,30.81,3.0,headache,S029
0.09,0.1,-40.23768100675185,3.1289201239429287,52.01577296561927,30.83,3.0,headache,S029
0.09,0.1,-40.679659302845735,2.8733389766553246,51.89805792181055,30.83,3.0,headache,S029
0.15,0.09,-40.48666768298009,3.005705362033931,52.298253985249474,30.83,3.0,headache,S029
-0.14,0.09,-40.43723285155536,2.879425333818314,52.16211366120166,30.83,3.0,headache,S029
-0.29,0.1,-40.69737267365711,2.6897925088850605,51.83441334110718,30.85,3.0,headache,S029
-0.32,0.1,-40.58282013263807,2.554310113404478,52.08083510458053,30.85,3.0,headache,S029
0.98,0.09,-41.07730081738246,2.3416570232912193,51.94176228410793,30.85,3.0,headache,S029
-0.66,0.09,-40.646483784765714,3.3025965878997345,52.040758900492456,30.85,3.0,headache,S029
0.11,0.09,-40.763189341600686,3.2201426249666785,52.02514765959507,30.85,3.0,headache,S029
0.15,0.09,-39.9790008574018,4.037611651397099,52.13461573555998,30.85,3.0,headache,S029
0.32,0.09,-40.60261531164868,3.9581750203868276,51.90349484841388,30.85,3.0,headache,S029
-0.24,0.1,-40.848380599227596,3.483982468918036,52.093706114410374,30.85,3.0,headache,S029
0.23,0.1,-40.496693914679746,2.7923598078206586,51.90030889863106,30.85,3.0,headache,S029
-0.43,0.09,-40.8109511056534,3.20493331356766,52.11315061804873,30.85,3.0,headache,S029
0.2,0.1,-40.61949052191338,2.7572692736791296,51.860654323984406,30.85,3.0,headache,S029
-0.12,0.1,-40.76978651639727,3.3394126466013074,52.2158056249994,30.85,3.0,headache,S029
0.37,0.09,-41.31777586635007,2.270345264959244,51.822703691316576,30.85,3.0,headache,S029
-0.46,0.09,-39.83596609693122,2.3019076578443847,53.20053902411624,30.85,3.0,headache,S029
0.82,0.09,-37.02616043003902,0.8824521066094322,54.48497500341545,30.85,3.0,headache,S029
-1.02,0.09,-30.818746000053228,-3.953436203702539,56.99399197320246,30.85,3.0,headache,S029
1.01,0.09,-33.85916024874369,-1.1123735151990488,56.771243454223736,30.85,3.0,headache,S029
-1.49,0.1,-32.417273596550245,-1.5932202944506757,57.05938389542187,30.85,3.0,headache,S029
2.12,0.1,-30.506418008543466,-2.385867173316964,57.82661197478672,30.85,3.0,headache,S029
-1.31,0.09,-31.231295805422807,-2.2313640358249778,57.391270367814045,30.85,3.0,headache,S029
-8.52,0.09,-31.72465236052601,-1.7335928741622653,57.4041842284855,30.81,3.0,headache,S029
-35.19,0.1,-32.96500854066437,0.5496328958633101,56.83000694032831,30.81,3.0,headache,S029
-18.55,0.1,-34.86029903679135,1.0110362199561636,55.944406382705694,30.81,3.0,headache,S029
51.85,0.09,-35.13354476420885,1.6191175133766462,55.574609689899034,30.81,3.0,headache,S029
12.24,0.1,-33.300661357449876,1.770659756944775,56.385311980464145,30.85,3.0,headache,S029
5.02,0.1,-34.4486877195911,2.1135544397129076,55.99934485784593,30.85,3.0,headache,S029
-3.23,0.09,-33.63533393009151,1.3913433225862646,56.28982299106522,30.85,3.0,headache,S029
0.02,0.09,-35.2129377741917,1.7274837591095638,55.45022830109521,30.85,3.0,headache,S029
-1.36,0.1,-35.85029797699875,3.0745112419318796,55.155447946891826,30.85,3.0,headache,S029
4.81,0.09,-36.342095083185065,3.091735161410754,54.43454379460232,30.85,3.0,headache,S029
0.89,0.09,-36.65130399779194,2.609124190691878,54.17968091950969,30.85,3.0,headache,S029
0.87,0.09,-38.024864541185345,2.938992262448317,53.46894223932927,30.85,3.0,headache,S029
12.08,0.1,-38.6913076829879,2.4165309586993016,53.31310629837888,30.83,3.0,headache,S029
27.52,0.09,-39.30539013532478,1.272190677707117,53.19851878247739,30.83,3.0,headache,S029
-22.91,0.09,-38.109008601522135,2.6341135559498463,53.58966963960239,30.83,3.0,headache,S029
-17.22,0.09,-38.58387364803228,2.201562796829558,53.15794296496781,30.83,3.0,headache,S029
-5.09,0.09,-38.905566682925226,1.188047779911422,53.06979346904048,30.85,3.0,headache,S029
-2.14,0.09,-38.46373411557561,3.395233124977002,53.21218360329582,30.85,3.0,headache,S029
-0.23,0.09,-39.03207364534337,3.259148680483947,52.82347199823024,30.85,3.0,headache,S029
-0.19,0.1,-39.5870409280966,1.8680526115371414,52.56033924103774,30.85,3.0,headache,S029
1.56,0.1,-40.806716423387634,2.8786143717036006,51.839901786754055,30.83,3.0,headache,S029
1.09,0.11,-40.09815978196267,3.609608382835968,52.07141325803779,30.83,3.0,headache,S029
-2.27,0.11,-40.136787735375556,4.125641810824756,52.45349353922157,30.83,3.0,headache,S029
1.14,0.1,-39.62718121606708,3.2192963648319783,52.53729948490152,30.83,3.0,headache,S029
-0.49,0.1,-39.42888256021683,3.1018783017853773,52.73381392751791,30.87,3.0,headache,S029
-1.52,0.11,-39.954463351257516,2.4392307436609895,52.478168562397116,30.87,3.0,headache,S029
-0.58,0.12,-39.65931320139516,2.8336043809278615,52.68546550638158,30.87,3.0,headache,S029
0.7,0.11,-39.59160626117228,2.8395072107306523,52.7317428828209,30.87,3.0,headache,S029
-0.12,0.12,-39.44826501330713,2.7661740293044637,52.67408864202676,30.85,3.0,headache,S029
0.26,0.11,-39.553125989708306,2.9289617241077646,52.89530755188303,30.85,3.0,headache,S029
-0.01,0.12,-39.52773241257545,2.81734675090501,52.68418346856084,30.85,3.0,headache,S029
0.08,0.12,-39.863392445066594,2.9297702972526287,52.683525608016716,30.85,3.0,headache,S029
-0.42,0.12,-39.80520370260722,2.9900871553227963,52.765800434626634,30.85,3.0,headache,S029
0.43,0.12,-39.42292718545425,2.9273931236994355,52.73804159610487,30.85,3.0,headache,S029
-0.74,0.12,-39.86957110851659,2.389920842777484,52.78154308479394,30.85,3.0,headache,S029
0.48,0.12,-39.907530922211,2.9566150344729447,52.647103611831845,30.85,3.0,headache,S029
0.09,0.12,-39.52961830414001,2.890865134725029,52.844065448071234,30.85,3.0,headache,S029
0.06,0.11,-39.996833596942835,2.078028078334041,52.508750501949706,30.85,3.0,headache,S029
-0.25,0.11,-39.95142266352933,1.9791876211471833,52.55873458728886,30.85,3.0,headache,S029
-0.15,0.11,-40.06673796026926,2.8876922388226713,52.45501988051666,30.85,3.0,headache,S029
0.06,0.11,-39.71052815336018,3.0184599325159684,52.69319068347445,30.85,3.0,headache,S029
0.51,0.11,-39.53598421944377,2.9928692437231437,52.64296250659343,30.85,3.0,headache,S029
-0.41,0.11,-39.544314204179635,3.0079661893455865,52.79694310781635,30.85,3.0,headache,S029
0.34,0.12,-39.51976032346543,2.979496020192635,52.950908331023435,30.85,3.0,headache,S029
-0.4,0.11,-39.40456097981559,3.1267951193814585,52.92047656428355,30.87,3.0,headache,S029
-0.27,0.11,-38.96256702518251,3.287362786865859,52.966103213919745,30.87,3.0,headache,S029
0.24,0.11,-39.002388076499244,2.951883650920566,52.888133822838086,30.87,3.0,headache,S029
0.34,0.11,-39.01865852822171,3.0551900258621387,53.05212801633562,30.87,3.0,headache,S029
-0.23,0.11,-38.975283103426705,2.8786426652624635,52.93587025292981,30.85,3.0,headache,S029
-0.09,0.11,-39.76307101790161,2.1286786210917823,52.77595209547546,30.85,3.0,headache,S029
0.06,0.11,-39.60305648079825,2.540558832572211,53.03458521592568,30.85,3.0,headache,S029
0.04,0.11,-39.54136264915208,2.674061486046947,52.7435280127206,30.85,3.0,headache,S029
0.3,0.11,-40.00032743570583,2.572870703423626,52.754200145300224,30.87,3.0,headache,S029
0.0,0.11,-39.610842051533744,2.7680050006187265,52.94011901323213,30.87,3.0,headache,S029
-0.2,0.11,-39.45957596537135,3.018272263204747,52.91256267012919,30.87,3.0,headache,S029
-0.13,0.11,-39.55709978551554,2.4230019732005252,52.78257139800839,30.87,3.0,headache,S029
0.07,0.11,-39.78133903122742,2.4663077189606004,52.971624973698574,30.85,3.0,headache,S029
0.05,0.11,-39.631212584559854,2.071101071145466,52.71332328481433,30.85,3.0,headache,S029
-0.01,0.1,-39.81865577964068,2.6215157237025655,52.7780313136665,30.85,3.0,headache,S029
0.08,0.11,-39.20594173941464,3.4750346368402605,53.05633730257886,30.85,3.0,headache,S029
0.04,0.11,-39.05048980862619,3.439281557961264,53.09464454840443,30.85,3.0,headache,S029
-0.45,0.11,-38.978965964040476,2.9984347918542467,52.87769714147934,30.85,3.0,headache,S029
0.62,0.11,-39.00858718493157,3.048182695906537,52.970742784175826,30.85,3.0,headache,S029
-0.53,0.11,-39.01898511367229,2.840075416937732,53.01543469175321,30.85,3.0,headache,S029
0.06,0.11,-39.26265090412192,3.0288717883869016,52.848836507147794,30.87,3.0,headache,S029
0.46,0.1,-38.94873579133386,2.912513814370806,53.03997891375054,30.87,3.0,headache,S029
0.07,0.1,-39.372366891983916,2.5865339427281873,52.96245112383803,30.87,3.0,headache,S029
-0.63,0.11,-39.53327240514628,2.968490493745021,53.03973872122208,30.87,3.0,headache,S029
0.05,0.11,-39.63399141876677,3.021626466345193,52.95486453871507,30.85,3.0,headache,S029
0.51,0.1,-39.106568091745224,2.970120441682176,53.05675539246666,30.85,3.0,headache,S029
-0.46,0.11,-39.16531924919196,3.047379031441414,52.7885245066381,30.85,3.0,headache,S029
0.37,0.11,-39.450824128064546,2.8781771523958337,52.701248238082435,30.85,3.0,headache,S029
-0.29,0.1,-39.62125858421772,2.611342718728492,52.65787046286928,30.85,3.0,headache,S029
0.44,0.1,-39.394696066723924,2.866629075186884,52.813576571738245,30.85,3.0,headache,S029
0.07,0.11,-39.49625832934663,2.9923522126574413,52.808927370769894,30.85,3.0,headache,S029
-0.73,0.1,-39.59265793279894,2.9854663522478853,52.81058953266321,30.85,3.0,headache,S029
0.53,0.1,-39.74345493749481,3.023770163382186,52.76578840497694,30.85,3.0,headache,S029
-0.05,0.1,-39.785263707103915,2.6467834204381266,52.6317469926897,30.85,3.0,headache,S029
-0.2,0.1,-39.94641799523876,2.4781975263293097,52.43763055244362,30.85,3.0,headache,S029
0.01,0.1,-39.58956013525324,2.8379517218635195,52.64518215043596,30.85,3.0,headache,S029
0.11,0.1,-39.373766384459365,2.5957458502995685,52.953690209306984,30.85,3.0,headache,S029
-0.23,0.1,-39.421335183941835,3.090604463653198,52.76629484645558,30.85,3.0,headache,S029
-0.08,0.1,-39.04353050373674,2.958915372409541,53.10567940867506,30.85,3.0,headache,S029
0.17,0.1,-38.994416612172294,3.622842639636567,52.91902673109106,30.85,3.0,headache,S029
0.12,0.11,-39.00691493565438,3.12996722374423,53.07711010911274,30.85,3.0,headache,S029
-0.17,0.11,-38.9826111867304,3.0314757479589787,52.86621637756027,30.85,3.0,headache,S029
0.2,0.1,-39.1043522113581,2.7453932754871992,52.96659546590821,30.85,3.0,headache,S029
-0.3,0.11,-39.40110015306445,3.053636522412436,53.006269347662105,30.85,3.0,headache,S029
-0.2,0.11,-39.04761682798904,3.2205069384951894,52.96547488389072,30.85,3.0,headache,S029
0.49,0.1,-39.57667916181692,2.9177842558112923,52.883320512739594,30.85,3.0,headache,S029
-0.04,0.1,-39.17768835508564,3.064073592449966,52.965013929350555,30.85,3.0,headache,S029
0.23,0.1,-39.64216774763037,2.920806057988872,52.85005599218776,30.85,3.0,headache,S029
-0.3,0.1,-39.47372026475618,2.787184048700887,52.90800002827173,30.85,3.0,headache,S029
0.38,0.1,-39.767580969959795,2.8552135477446123,52.82865794320558,30.85,3.0,headache,S029
-0.48,0.1,-39.37274892629165,2.8968298216626827,52.84499581081661,30.85,3.0,headache,S029
-0.31,0.1,-39.42536576796293,3.0128033380008863,52.87287721922074,30.85,3.0,headache,S029
0.37,0.1,-39.008314428399494,2.9824717973236323,52.92138875542379,30.87,3.0,headache,S029
0.68,0.1,-39.64851318666402,2.857758893542132,52.86746544638709,30.87,3.0,headache,S029
-0.28,0.1,-39.93650607330127,3.0688756911339525,52.66126657113065,30.87,3.0,headache,S029
-0.38,0.1,-39.79309625084978,2.832900985309833,52.552590324641194,30.87,3.0,headache,S029
-0.1,0.1,-39.832801084811415,2.403139565701364,52.5896375789495,30.85,3.0,headache,S029
0.19,0.1,-39.805336685752415,2.2805639451717417,52.439229834053165,30.85,3.0,headache,S029
-0.18,0.1,-39.71900332471425,2.440153701201719,52.81419768956345,30.85,3.0,headache,S029
0.22,0.1,-39.38742185322289,3.025416654592409,52.97564739225776,30.85,3.0,headache,S029
-0.04,0.1,-39.29899408951058,3.131537428656409,52.861472961216556,30.85,3.0,headache,S029
-0.17,0.1,-39.10527074985974,2.9444419435663987,52.952512359931504,30.85,3.0,headache,S029
-0.13,0.1,-38.99912824399335,3.072576412360034,52.970796033352,30.85,3.0,headache,S029
-0.11,0.1,-39.2494940551909,2.8761181590399496,52.784106038223975,30.85,3.0,headache,S029
0.22,0.1,-39.150796882641394,3.757759836679511,52.97462543938062,30.85,3.0,headache,S029
0.21,0.1,-38.935267986801094,3.514270781089592,53.036125689088195,30.85,3.0,headache,S029
-0.13,0.1,-39.080254990563446,2.992532687043203,52.873177699806405,30.85,3.0,headache,S029
0.15,0.1,-39.279933237002055,3.2682528766957284,52.984195095155435,30.85,3.0,headache,S029
-0.08,0.1,-39.05342586813785,2.8660540401279166,52.96213009593852,30.81,3.0,headache,S029
0.43,0.1,-38.9846258707956,3.104276327096861,52.76916234911135,30.81,3.0,headache,S029
-0.39,0.1,-38.999751021968045,2.907884398299007,52.83683002992969,30.81,3.0,headache,S029
-0.16,0.1,-39.026505892361904,3.088538368864085,52.670814761138885,30.81,3.0,headache,S029
0.63,0.1,-39.42584755920842,2.9066085951884553,53.0064348397231,30.85,3.0,headache,S029
-0.48,0.1,-39.42538807025584,3.117133215095587,52.67980859693032,30.85,3.0,headache,S029
0.01,0.1,-39.396828561622,2.6913785998173627,52.81019874662503,30.85,3.0,headache,S029
-0.03,0.1,-39.27244846071287,2.6684156387783386,53.01839016088014,30.85,3.0,headache,S029
0.14,0.1,-39.457975674168665,2.9233404583395544,52.94968364212522,30.85,3.0,headache,S029
0.23,0.1,-39.18831205311975,3.05369396803476,52.83859128750998,30.85,3.0,headache,S029
-0.27,0.1,-39.158220844705305,2.8378627304515045,52.94719015338128,30.85,3.0,headache,S029
-0.15,0.1,-39.28436018840958,3.028884426151266,53.007375564661466,30.85,3.0,headache,S029
0.08,0.09,-39.15720696415017,2.9386166772968187,52.99856029630772,30.87,3.0,headache,S029
0.14,0.09,-39.51714463787205,2.904257883459672,53.00010972277427,30.87,3.0,headache,S029
-0.14,0.1,-39.5126210334771,2.6839782847568623,52.99952417642592,30.87,3.0,headache,S029
0.11,0.1,-38.88534192597834,2.9598917654642505,53.0022501681,30.87,3.0,headache,S029
-0.02,0.1,-39.22944865862512,2.9674493560885216,52.99367195094609,30.87,3.0,headache,S029
-0.09,0.1,-38.87942026241609,3.066940116729154,53.01670148070437,30.87,3.0,headache,S029
-0.04,0.1,-39.18153113445771,2.8769308756066168,52.93205929076855,30.87,3.0,headache,S029
-0.26,0.1,-38.97403830199314,3.761884564665176,52.91382588250362,30.87,3.0,headache,S029
-0.01,0.1,-39.07615678151953,3.5164067410631623,52.92814069180147,30.85,3.0,headache,S029
-0.18,0.1,-38.87971994553581,2.9129261972754987,52.933871301833925,30.85,3.0,headache,S029
0.41,0.1,-39.469539975883166,2.8793033951343414,52.90351921762077,30.85,3.0,headache,S029
-0.22,0.09,-39.64413778433597,2.2733442370210746,52.5634202811481,30.85,3.0,headache,S029
0.24,0.1,-39.2343071696415,2.7412691182875877,52.9420896968692,30.85,3.0,headache,S029
0.43,0.1,-39.127333892154056,2.978765035737619,52.981401376741466,30.85,3.0,headache,S029
-0.34,0.1,-38.96023184887483,3.034890810195171,53.041424851432254,30.85,3.0,headache,S029
0.26,0.09,-39.02295679863365,2.9637149188281264,52.882131009129516,30.85,3.0,headache,S029
-0.22,0.1,-38.98401719124104,3.0357384123676447,52.97169461382587,30.85,3.0,headache,S029
0.04,0.1,-39.01424092426827,2.9649552522301477,52.95788404054322,30.85,3.0,headache,S029
-0.09,0.09,-39.16543461998298,3.034652009318211,52.774047231593954,30.85,3.0,headache,S029
0.27,0.1,-39.141400195169055,2.9652944107475054,52.98354282315083,30.85,3.0,headache,S029
-0.43,0.1,-39.056535885827536,3.035286179764744,52.87957362414339,30.87,3.0,headache,S029
0.27,0.09,-39.03313530115411,2.963514293324349,53.035856913493916,30.87,3.0,headache,S029
-0.33,0.09,-39.18169850262326,3.038449134937708,52.98938785441058,30.87,3.0,headache,S029
0.4,0.1,-39.2613009865547,2.958577135306777,52.940276645872856,30.87,3.0,headache,S029
-0.11,0.1,-39.55334839790084,3.0458429507428,52.59244262368487,30.87,3.0,headache,S029
-0.22,0.09,-39.02091695339683,2.94746831225261,52.96703249104593,30.87,3.0,headache,S029
-0.15,0.09,-39.16865205904477,3.0632123565852303,52.99285398310235,30.87,3.0,headache,S029
0.29,0.1,-39.24620665795499,2.9178138020487667,52.85444138464161,30.87,3.0,headache,S029
0.2,0.09,-39.37281077753298,3.124271957701586,52.8856169747891,30.87,3.0,headache,S029
0.08,0.09,-39.02635010699895,2.687063625438162,53.02708022765104,30.87,3.0,headache,S029
-0.18,0.1,-39.278821077887564,2.7498089505757943,52.98207320147479,30.87,3.0,headache,S029
0.01,0.1,-38.96525148271053,3.4595557451554817,53.01203694046839,30.87,3.0,headache,S029
0.23,0.09,-39.043001345949364,3.546719117405273,52.99855383823791,30.89,3.0,headache,S029
-0.14,0.09,-38.95257953125907,3.15379066072544,52.91424912346514,30.89,3.0,headache,S029
-0.21,0.1,-39.05287759112254,2.9148140137747425,52.933326409476685,30.89,3.0,headache,S029
-0.17,0.1,-38.93516145192223,3.067335336580514,53.04588921687323,30.89,3.0,headache,S029
0.24,0.09,-39.16080913759,2.9386194616460934,52.95662622409918,30.89,3.0,headache,S029
-0.12,0.09,-39.215051362809994,3.0629378302089996,53.046885541026946,30.89,3.0,headache,S029
0.16,0.1,-39.3113603021268,2.9256799110298592,52.94003553575663,30.89,3.0,headache,S029
-0.19,0.09,-39.24909969905279,3.110984882076577,52.93499594197514,30.89,3.0,headache,S029
-0.27,0.09,-39.65328510188317,2.643290416823845,52.89838833119404,30.85,3.0,headache,S029
0.21,0.1,-39.49587733959822,2.460994299551355,52.96116515360174,30.85,3.0,headache,S029
0.28,0.09,-39.389056443467,2.7128770174834793,52.922264436055706,30.85,3.0,headache,S029
-0.02,0.09,-39.144710968826885,2.794739701565582,52.793122977391356,30.85,3.0,headache,S029
-0.11,0.09,-39.10894187237673,3.278302436156029,53.03573450403319,30.87,3.0,headache,S029
0.12,0.09,-39.04549838168228,3.108345547700615,52.985160746326386,30.87,3.0,headache,S029
-0.19,0.09,-39.04242995128169,4.008481064430121,53.00404107919372,30.87,3.0,headache,S029
0.31,0.09,-38.91887711048221,3.8727539419274737,53.00547642705394,30.87,3.0,headache,S029
-0.16,0.1,-39.18815168538296,3.0930088138982783,52.96921956264679,30.87,3.0,headache,S029
-0.45,0.1,-39.39849677853309,2.9997904339770702,52.77693242526535,30.87,3.0,headache,S029
0.47,0.09,-38.811737983961095,3.3559361211619807,52.92773628328674,30.87,3.0,headache,S029
0.19,0.09,-39.30832735815064,2.7194976151158614,52.961864655300495,30.87,3.0,headache,S029
-0.19,0.09,-39.69230067455862,2.516599121363741,52.874097712188465,30.89,3.0,headache,S029
-0.1,0.09,-39.26578787870303,3.0029430436501983,53.00992300061177,30.89,3.0,headache,S029
0.21,0.09,-39.577540221645194,2.914390386189171,52.75216380147016,30.89,3.0,headache,S029
0.09,0.09,-39.8084659723014,2.927175943643901,52.68489641202267,30.89,3.0,headache,S029
-0.22,0.09,-39.79261160645485,3.0379531136861355,53.00315246688222,30.89,3.0,headache,S029
-0.08,0.09,-39.41232793290178,2.9677016817239372,52.71600314908223,30.89,3.0,headache,S029
-0.05,0.09,-39.5296998072577,3.031910659560055,52.96964018347862,30.89,3.0,headache,S029
0.03,0.09,-40.050491613982594,2.9662158830914827,52.665406067595875,30.89,3.0,headache,S029
-0.21,0.09,-39.73309972318507,3.0372963020980195,52.856030738326716,30.89,3.0,headache,S029
0.74,0.09,-39.90183143343482,2.957546071948054,52.90090257626452,30.89,3.0,headache,S029
-0.39,0.09,-39.559450091151646,3.04879457446769,52.7101106788058,30.89,3.0,headache,S029
-0.19,0.09,-39.209649872391545,2.9612424226011496,52.951562033451744,30.89,3.0,headache,S029
0.01,0.09,-38.87403250395279,3.977109189372432,53.034058108006946,30.87,3.0,headache,S029
-0.33,0.09,-38.872405006480385,3.7792448315345175,52.9351949821403,30.87,3.0,headache,S029
0.13,0.09,-39.2374170304149,3.2519084405997276,52.905181184401066,30.87,3.0,headache,S029
0.27,0.09,-39.441772712855794,2.9748663330873453,53.02855428803393,30.87,3.0,headache,S029
-0.12,0.09,-39.11561552301837,3.6112974091074648,52.94155740477601,30.87,3.0,headache,S029
0.34,0.09,-39.00031130002542,3.531516251853685,52.84193548798379,30.87,3.0,headache,S029
0.07,0.09,-39.045438121210196,3.2816287532475426,52.94886145045478,30.87,3.0,headache,S029
-0.36,0.09,-39.116326914715636,3.5876168199135474,52.798634650012715,30.87,3.0,headache,S029
-0.19,0.09,-38.97328783115748,4.16180076853853,52.94097770467831,30.85,3.0,headache,S029
0.4,0.09,-38.91083183377253,3.4857852480142157,53.026143604028185,30.85,3.0,headache,S029
-0.17,0.09,-38.953779350269585,3.374636911559094,52.98071621143313,30.85,3.0,headache,S029
0.08,0.09,-39.034633503543816,3.3339468710530156,53.01697550584866,30.85,3.0,headache,S029
0.22,0.1,-38.967913942725,2.8363741377221614,52.98348801922987,30.87,3.0,headache,S029
-0.14,0.09,-39.03458881606842,3.214587202980323,53.017239287302104,30.87,3.0,headache,S029
-0.05,0.09,-38.9470455730577,3.6779248380394938,52.980880559063976,30.87,3.0,headache,S029
0.15,0.11,-38.90153798219286,3.264679426694662,53.02259169513576,30.87,3.0,headache,S029
-0.02,0.09,-39.009102673463076,2.7450814878326786,52.97093135502748,30.87,3.0,headache,S029
-0.45,0.09,-38.99879380637293,2.680960963280249,53.043762542812146,30.87,3.0,headache,S029
0.3,0.09,-39.005609500191696,3.3190666073096238,52.88985521872258,30.87,3.0,headache,S029
0.07,0.09,-39.22619228147109,2.7671471172707833,52.94563362679906,30.87,3.0,headache,S029
-0.09,0.09,-39.55498004126476,2.8182645787818106,52.981141102585646,30.89,3.0,headache,S029
0.12,0.09,-39.33590709527466,2.7405808435196914,52.70139739075279,30.89,3.0,headache,S029
-0.26,0.09,-39.22721877497743,2.8100965774151887,52.932249371674004,30.89,3.0,headache,S029
0.22,0.09,-39.40766267485285,3.053166825976044,53.05947712939526,30.89,3.0,headache,S029
0.16,0.09,-39.47596727883631,2.9681208368666288,52.70604944164563,30.89,3.0,headache,S029
-0.32,0.09,-39.67353143175285,3.0559908778677833,52.706785068001096,30.89,3.0,headache,S029
-0.24,0.09,-39.69938476964191,3.788823099982835,52.55585458095074,30.89,3.0,headache,S029
0.53,0.09,-39.51339906608019,3.052414503986066,52.59248805966037,30.89,3.0,headache,S029
-0.11,0.09,-39.40398186717139,2.8920992892701363,52.75608194993001,30.91,3.0,headache,S029
0.01,0.09,-39.41719465806102,2.9473868415939832,52.58925220560886,30.91,3.0,headache,S029
0.06,0.09,-39.377769524018454,3.066475783980707,53.04213111530709,30.91,3.0,headache,S029
0.0,0.09,-39.62820117729818,2.8920225177295205,53.01551853883451,30.91,3.0,headache,S029
-0.62,0.09,-39.04957237701664,3.4099378186247553,53.00228170203896,30.87,3.0,headache,S029
0.54,0.09,-39.00858532292371,3.163971755336287,52.99308095469254,30.87,3.0,headache,S029
-0.02,0.09,-39.11102196338977,3.0498614192276645,53.00867888425263,30.87,3.0,headache,S029
-0.23,0.09,-39.015122476488365,3.1531041599448986,52.99042025957469,30.87,3.0,headache,S029
0.04,0.09,-38.985316302276864,3.5728338928481658,53.0103640579906,30.89,3.0,headache,S029
-0.01,0.09,-39.138175398270484,3.7103553720093263,52.86433486433307,30.89,3.0,headache,S029
0.13,0.09,-38.989316979953145,3.585852639235169,53.01142156972416,30.89,3.0,headache,S029
0.01,0.09,-39.00545290373916,4.152664082338563,52.9862782138895,30.89,3.0,headache,S029
0.07,0.09,-39.01913694306865,3.5888310532403622,53.018820503028586,30.89,3.0,headache,S029
0.07,0.09,-39.21690991213193,3.480506985212225,52.96096950281268,30.89,3.0,headache,S029
-0.36,0.09,-38.9976887974563,3.048197953566415,53.01187234760796,30.89,3.0,headache,S029
0.29,0.09,-39.037428651369886,3.0556171607035085,53.028422761189084,30.89,3.0,headache,S029
0.36,0.09,-38.944134181446806,2.9430595935500956,52.877992150945126,30.89,3.0,headache,S029
-0.11,0.09,-39.54329865438606,3.0563080509707445,52.87484866678789,30.89,3.0,headache,S029
-0.33,0.08,-39.246367692123236,2.9391993758188155,52.96636621946285,30.89,3.0,headache,S029
-0.19,0.09,-39.71051704749174,3.146930272950826,52.89508181865069,30.89,3.0,headache,S029
0.17,0.09,-39.41035549122312,2.8534939414702594,52.953593488008764,30.89,3.0,headache,S029
0.37,0.08,-39.50597526889306,2.5101021135642654,52.577558121799555,30.89,3.0,headache,S029
-0.05,0.09,-38.908228715142066,2.488179699307123,52.99159145579273,30.89,3.0,headache,S029
-0.27,0.09,-38.9260981032438,3.0652476477951485,52.88224232032314,30.89,3.0,headache,S029
0.03,0.08,-39.18003133129812,2.697693506038187,52.97633324316626,30.87,3.0,headache,S029
0.26,0.08,-39.35658118403429,2.786067110289253,52.9258124828051,30.87,3.0,headache,S029
0.23,0.09,-39.61620381714509,2.939688963392069,52.783392087014924,30.87,3.0,headache,S029
-0.25,0.09,-39.29457908460777,3.3483178063686663,53.05263172484627,30.87,3.0,headache,S029
-0.28,0.08,-38.939517739093965,3.100370844065679,52.96528586179095,30.89,3.0,headache,S029
-0.09,0.09,-39.034458722358416,3.592279526578807,53.027852366548544,30.89,3.0,headache,S029
-0.6,0.09,-38.97512051647648,3.9783987198732134,52.97518379134417,30.89,3.0,headache,S029
0.38,0.08,-39.02023668880341,3.7789539769557234,53.02394078568307,30.89,3.0,headache,S029
-0.07,0.09,-38.98220126845668,2.989015524969421,52.97490250725967,30.89,3.0,headache,S029
0.5,0.09,-39.016687541856456,3.162563469834404,53.02992475435575,30.89,3.0,headache,S029
0.07,0.09,-38.983266653886915,2.9695705710715825,52.94918043778311,30.89,3.0,headache,S029
-0.33,0.08,-39.01846594243171,3.3632220422431742,52.90018659316474,30.89,3.0,headache,S029
0.53,0.08,-38.975191360440164,3.157345521304492,53.010405597068946,30.89,3.0,headache,S029
-0.25,0.08,-39.067988831910746,2.976770171095375,52.99927306657933,30.89,3.0,headache,S029
-0.23,0.08,-39.181671014283424,2.9994988554979276,52.99743682037127,30.89,3.0,headache,S029
-0.03,0.08,-39.01873446992283,3.011527063272226,53.00313040435366,30.89,3.0,headache,S029
0.18,0.09,-39.06089654174587,2.97995841438331,53.001382436879666,30.89,3.0,headache,S029
0.04,0.09,-39.311012397865646,3.030817124710718,52.79241307080049,30.89,3.0,headache,S029
-0.2,0.08,-39.31815976602975,2.9461559360226635,52.896605879236,30.89,3.0,headache,S029
0.06,0.08,-39.13454464500956,3.6290344305028372,52.91845028314014,30.89,3.0,headache,S029
0.39,0.09,-39.26470058087454,3.2863625285855247,52.67244418813105,30.89,3.0,headache,S029
0.24,0.08,-39.045080328325334,2.964666084465696,52.918154470895594,30.89,3.0,headache,S029
-0.59,0.08,-39.40782785528097,3.259723391509323,53.001469843554275,30.89,3.0,headache,S029
-0.19,0.09,-39.07239549614883,3.185645924534445,52.89872899381348,30.89,3.0,headache,S029
0.07,0.09,-39.49887972936261,2.932027246088863,52.63289507717551,30.89,3.0,headache,S029
0.06,0.08,-39.30520099799485,3.0525566094361816,52.82724518720948,30.89,3.0,headache,S029
0.21,0.08,-38.93301064853802,2.9457192237062744,52.91089464352004,30.89,3.0,headache,S029
-0.16,0.09,-39.305838967371436,3.1645907078341,53.05995088041995,30.89,3.0,headache,S029
-0.25,0.08,-38.93055543743479,2.965039098102085,52.89390232544298,30.89,3.0,headache,S029
0.44,0.08,-39.09393658136621,3.2230016917647486,52.892484699205625,30.89,3.0,headache,S029
-0.2,0.08,-39.4678442927238,3.057100334849948,52.83167565897376,30.89,3.0,headache,S029
0.14,0.09,-39.746737031478744,2.997803722691624,52.856837390322944,30.89,3.0,headache,S029
-0.12,0.08,-39.6697796258035,2.9882891397943174,52.73511769945968,30.89,3.0,headache,S029
0.08,0.09,-39.52461791204302,3.02112780753894,52.63922165242905,30.89,3.0,headache,S029
0.06,0.09,-39.524421960798556,2.9684306496111925,52.923239771105735,30.89,3.0,headache,S029
0.1,0.08,-39.3924183601452,3.04801876865854,52.77858320738432,30.89,3.0,headache,S029
-0.37,0.08,-39.34463311596926,2.9143073607229457,52.67830873594882,30.89,3.0,headache,S029
0.21,0.08,-39.173969552948805,3.450587984000262,52.975315538379014,30.89,3.0,headache,S029
0.02,0.09,-39.14424828266125,3.289805774408006,53.01709827125726,30.89,3.0,headache,S029
0.21,0.08,-39.26025143689985,2.906367827943869,53.00052039243366,30.89,3.0,headache,S029
-0.22,0.08,-39.061495374006846,3.060001674631501,52.98050451953482,30.89,3.0,headache,S029
-0.3,0.08,-39.35114551493228,2.953400255532182,52.88850744183171,30.89,3.0,headache,S029
0.22,0.09,-39.18053957243497,3.0402404296901455,52.99248495286273,30.89,3.0,headache,S029
0.15,0.08,-38.95367298468689,2.962491253910841,53.035634015637804,30.89,3.0,headache,S029
0.0,0.08,-39.128267011184654,3.037346872973972,52.68372509156689,30.89,3.0,headache,S029
-0.22,0.09,-39.133512000316244,2.960236061647082,52.78818180540894,30.89,3.0,headache,S029
-0.16,0.08,-39.249983316580774,3.045994090608008,52.87805962516951,30.89,3.0,headache,S029
-0.12,0.08,-39.15058070010096,2.9389393063230127,52.82976426307049,30.89,3.0,headache,S029
0.56,0.09,-39.20136160222968,3.1220869723596096,53.06455941352531,30.89,3.0,headache,S029
-0.35,0.09,-39.08153255270113,3.593135714813947,52.8197023882888,30.89,3.0,headache,S029
0.27,0.08,-38.61875192034199,3.4326335757254944,53.05998300263094,30.89,3.0,headache,S029
0.24,0.08,-38.71982548030855,3.286572746394836,52.96041504687337,30.89,3.0,headache,S029
-0.42,0.08,-38.8982146955599,2.743999766755925,52.96922861321162,30.91,3.0,headache,S029
0.05,0.09,-38.969532479179215,2.826422578267287,52.763884324570974,30.91,3.0,headache,S029
0.24,0.08,-38.960692996307,3.1343029114786733,53.07059076931839,30.91,3.0,headache,S029
0.1,0.08,-39.11122890948781,3.4688983173021524,52.8906457933778,30.91,3.0,headache,S029
-0.19,0.08,-39.25455674291202,3.0500938269947033,52.82827508022644,30.89,3.0,headache,S029
-0.19,0.08,-39.25940944070473,2.726541830500077,52.9691660702377,30.89,3.0,headache,S029
-0.43,0.08,-39.07116875992359,3.092962433216185,52.955313742957486,30.89,3.0,headache,S029
0.22,0.08,-39.315907742474245,3.0729460197705176,53.068734763947425,30.89,3.0,headache,S029
0.23,0.09,-39.20127096944595,2.977832269891598,53.01723568007357,30.91,3.0,headache,S029
0.87,0.08,-39.20220934420321,3.0106271275841205,52.911285792085486,30.91,3.0,headache,S029
-0.79,0.08,-39.28842970381213,2.996023445043536,52.78492564753413,30.91,3.0,headache,S029
-0.17,0.08,-39.08119254781671,2.9983136175758878,53.055123929684115,30.91,3.0,headache,S029
-0.15,0.08,-39.1699705765357,3.0078236467196593,52.967221457626216,30.89,3.0,headache,S029
0.31,0.08,-38.934973628902675,2.9828646108279653,53.023476741942446,30.89,3.0,headache,S029
0.23,0.08,-39.510399922140465,2.7985515499891416,52.98341200227041,30.89,3.0,headache,S029
-0.23,0.08,-39.349712440925465,2.9193520677960176,52.998258518964874,30.89,3.0,headache,S029
0.22,0.08,-39.12072209032909,3.1686501278154426,52.83126147646359,30.91,3.0,headache,S029
-0.39,0.08,-38.822536146134794,3.1965135154296163,52.87743379013054,30.91,3.0,headache,S029
-0.02,0.08,-38.964401072908814,3.4450990149408645,52.78156672392852,30.91,3.0,headache,S029
-0.08,0.08,-38.8813459793856,4.034972289214995,52.955968067519436,30.91,3.0,headache,S029
-0.11,0.08,-38.98933630388869,3.8570553242075944,53.08346502942835,30.91,3.0,headache,S029
0.62,0.08,-38.997987048123534,3.7603106369276884,52.9682480839164,30.91,3.0,headache,S029
-0.56,0.08,-39.00842186003179,3.061643673902102,53.01411794334015,30.91,3.0,headache,S029
0.06,0.08,-38.9845120217498,3.042234558337543,53.00180546035182,30.91,3.0,headache,S029
0.2,0.08,-39.046677034956765,2.9531308374425436,52.926709434568565,30.91,3.0,headache,S029
0.32,0.08,-39.06471484572518,3.0469370521590005,52.809616094949796,30.91,3.0,headache,S029
-0.41,0.08,-39.04834760380753,2.9515595592600845,53.01592809026293,30.91,3.0,headache,S029
0.54,0.08,-38.92945556553409,3.0580579810929986,52.98613809772405,30.91,3.0,headache,S029
-0.27,0.08,-39.34845080169272,2.750655005466545,53.01073474198665,30.89,3.0,headache,S029
0.2,0.08,-39.136182123301346,2.7802218757140893,52.992483324365814,30.89,3.0,headache,S029
-0.17,0.08,-39.059345751046315,2.908881907691581,53.0030682706496,30.89,3.0,headache,S029
-0.05,0.08,-38.99979899928588,3.0537733575667865,53.00846459782493,30.89,3.0,headache,S029
-0.13,0.08,-39.023206500002196,2.8711089113160027,53.13143203893777,30.93,3.0,headache,S029
0.29,0.08,-39.12603253113291,2.9133491333332002,52.975302281004375,30.93,3.0,headache,S029
-0.51,0.08,-38.96337075055461,3.613754951728081,53.01742153957891,30.93,3.0,headache,S029
0.17,0.08,-39.02510167871302,3.8087307208403014,52.98517477502843,30.93,3.0,headache,S029
-0.18,0.08,-38.97986833873537,3.301852473119523,53.01389057480031,30.91,3.0,headache,S029
-0.05,0.08,-39.01722387388691,3.7706359645478678,52.98552570650193,30.91,3.0,headache,S029
0.02,0.08,-38.984741177806576,4.026413147537127,53.01899866571114,30.91,3.0,headache,S029
0.13,0.08,-39.0138076346992,3.967438400228311,52.87155724613158,30.91,3.0,headache,S029
0.08,0.08,-38.98734064700862,3.0822649674318594,52.98991634643292,30.89,3.0,headache,S029
0.03,0.08,-39.01168653805874,2.9946545048194637,53.003098305036154,30.89,3.0,headache,S029
-0.02,0.08,-38.98920864295772,2.9908389689685833,52.99838555610067,30.89,3.0,headache,S029
0.46,0.08,-39.00987060244116,3.015778883824529,53.00143585863798,30.89,3.0,headache,S029
-0.14,0.08,-38.991231127219514,2.979809773587648,52.998166147682916,30.89,3.0,headache,S029
0.28,0.08,-39.007163950186516,3.0237191043514344,53.00261839784838,30.89,3.0,headache,S029
-0.63,0.08,-38.995848883662745,2.9759416740073172,52.99622411225561,30.89,3.0,headache,S029
-0.03,0.08,-38.99584823166044,3.3372702989692247,53.00542007862755,30.89,3.0,headache,S029
0.24,0.08,-39.0707758698774,3.2215968143891875,52.99211156209851,30.89,3.0,headache,S029
-0.04,0.08,-39.19963467977229,3.242472851339288,53.01225472920328,30.89,3.0,headache,S029
-0.01,0.08,-39.09337827189759,2.903472365874564,52.97551243235675,30.89,3.0,headache,S029
-0.25,0.08,-39.050560727325,3.2851714429335925,52.885251130390245,30.89,3.0,headache,S029
0.21,0.08,-38.9750660708377,3.1612547463197456,53.006786330369195,30.91,3.0,headache,S029
0.03,0.08,-39.11610974665783,3.0273045279775124,53.0033313579191,30.91,3.0,headache,S029
-0.13,0.08,-38.99775802063303,3.248578589232872,52.989705888083414,30.91,3.0,headache,S029
0.45,0.09,-39.00511642168733,2.9344054020000745,53.01849276938005,30.91,3.0,headache,S029
-0.57,0.08,-38.989415174973644,3.043160102000307,52.96837500527829,30.91,3.0,headache,S029
0.19,0.08,-39.202433247765995,2.9657528045348935,53.06096669903274,30.91,3.0,headache,S029
-0.07,0.08,-39.3218495274882,3.0301898058614882,52.78379065659316,30.91,3.0,headache,S029
0.49,0.08,-39.6139451857345,2.971578931216097,52.622721555391834,30.91,3.0,headache,S029
-0.26,0.08,-39.123425830915096,3.0251990809415807,53.08326631780876,30.91,3.0,headache,S029
0.03,0.08,-39.13983041345184,3.0376849938675847,52.94711589776231,30.91,3.0,headache,S029
-0.23,0.08,-38.96861905956836,3.8312670092223615,53.04004745190815,30.91,3.0,headache,S029
-0.27,0.08,-39.015879999661486,3.4413460113108516,52.96711111455159,30.91,3.0,headache,S029
0.19,0.08,-39.077457277935764,3.0395328938030857,53.02828399364169,30.91,3.0,headache,S029
-0.06,0.08,-39.07359222267627,3.0160660518501157,52.97495699234982,30.91,3.0,headache,S029
-0.07,0.08,-38.93976672551122,3.1092560789501933,53.022609627222316,30.91,3.0,headache,S029
0.25,0.08,-39.068195254520134,3.0157856474667137,52.97931587839191,30.91,3.0,headache,S029
0.7,0.08,-38.9179102062787,3.5760718788032713,53.0190839613221,30.89,3.0,headache,S029
-0.31,0.08,-38.68970227079242,4.322212550623293,52.982319077045325,30.89,3.0,headache,S029
-0.54,0.07,-38.96452123860723,3.875838083996884,53.01636356192282,30.89,3.0,headache,S029
0.15,0.08,-39.03642246777518,4.127754469461505,52.98500099205395,30.89,3.0,headache,S029
-0.32,0.08,-38.941531803691376,3.7127150233746007,53.01335564806911,30.91,3.0,headache,S029
0.52,0.08,-38.938644225100745,3.0271001168900837,52.989166023231626,30.91,3.0,headache,S029
-0.6,0.08,-38.98519437429812,2.937472634139329,53.004785321120494,30.91,3.0,headache,S029
0.59,0.08,-38.80734148045566,2.620350195895743,53.10750583530568,30.91,3.0,headache,S029
0.27,0.08,-38.91180597585183,3.1330899565217183,53.02644611394992,30.93,3.0,headache,S029
0.12,0.07,-38.88288407783149,2.608471965679154,53.084565960016825,30.93,3.0,headache,S029
-0.1,0.08,-38.70444801462453,3.08152382964113,53.140049837438525,30.93,3.0,headache,S029
-0.03,0.08,-38.918430274000606,2.962622852224245,53.027938885880225,30.93,3.0,headache,S029
-0.32,0.08,-39.04642247632757,3.003685599261141,53.12990261638802,30.91,3.0,headache,S029
0.14,0.07,-39.17780094243458,3.19692582565805,52.97079138705525,30.91,3.0,headache,S029
0.0,0.08,-39.05435049050481,3.4869226845837127,53.02432260994968,30.91,3.0,headache,S029
-0.51,0.08,-38.976305292108094,3.0803494533051357,52.976201974443505,30.91,3.0,headache,S029
-0.24,0.08,-39.011855168569056,2.9970122981512275,53.025149877356526,30.89,3.0,headache,S029
0.51,0.08,-39.000410253974785,2.989485432461612,52.97106446675248,30.89,3.0,headache,S029
0.04,0.08,-38.97552034926771,3.0167166287485734,53.03957954436064,30.89,3.0,headache,S029
0.13,0.08,-39.17781415182837,2.9779847417225995,52.863059077335805,30.89,3.0,headache,S029
-0.25,0.08,-39.288590946309554,3.02868757126557,52.9703430550445,30.91,3.0,headache,S029
0.11,0.08,-38.861410288920695,2.960891682191347,53.02270170127066,30.91,3.0,headache,S029
-0.37,0.08,-39.23707883696348,3.058560709176115,52.993870763409056,30.91,3.0,headache,S029
0.45,0.08,-39.22931145728676,2.893496138508728,53.0008996384049,30.91,3.0,headache,S029
0.01,0.08,-38.97019674895936,3.4038186943836917,53.001681117477546,30.91,3.0,headache,S029
-0.18,0.08,-39.0060118064165,3.515143914197844,52.9968082021946,30.91,3.0,headache,S029
-0.01,0.08,-39.004299507071806,2.836839510162253,53.004159803831264,30.91,3.0,headache,S029
-0.17,0.08,-38.98767477512662,3.1239415265575246,52.995186368409364,30.91,3.0,headache,S029
0.08,0.08,-39.02353745461933,2.8671033407313793,53.00526816805523,30.89,3.0,headache,S029
0.06,0.08,-38.94368145979846,3.450922849517851,52.99441315842578,30.89,3.0,headache,S029
0.3,0.08,-39.02245809234907,3.60509221800301,53.005806668331154,30.89,3.0,headache,S029
-0.48,0.08,-39.00460945770497,3.7114751097896375,52.99405039804007,30.89,3.0,headache,S029
0.3,0.08,-38.85924599905595,3.9366958791699176,53.00602800314649,30.91,3.0,headache,S029
0.49,0.08,-39.05155970422311,3.4590219592743257,52.9939528139074,30.91,3.0,headache,S029
-0.56,0.08,-38.95626101192526,3.2124709968074683,53.00600617096026,30.91,3.0,headache,S029
-0.22,0.08,-39.05243503521561,2.8864071358418926,52.99410313022943,30.91,3.0,headache,S029
0.36,0.08,-38.867282365720214,3.22120523082621,53.00570115740568,30.93,3.0,headache,S029
0.51,0.08,-38.74721100237847,3.3843267550722542,52.99461605383143,30.93,3.0,headache,S029
-0.68,0.08,-38.83302211215609,2.926297950290744,53.004876914521,30.93,3.0,headache,S029
0.35,0.08,-39.043797751334175,3.2240260490859005,52.99596384547034,30.93,3.0,headache,S029
-0.48,0.08,-38.91040022463402,3.8835506124043957,53.002509719586484,30.91,3.0,headache,S029
0.31,0.08,-38.92385663668282,4.0087416450140925,53.00082673021382,30.91,3.0,headache,S029
0.11,0.08,-39.04114265120108,4.001668550352408,52.98755960755253,30.91,3.0,headache,S029
-0.2,0.08,-39.107779704060924,3.048222245932366,52.870192933072744,30.91,3.0,headache,S029
0.15,0.08,-39.001005278670014,2.796016136687147,53.02595480847956,30.91,3.0,headache,S029
-0.17,0.07,-38.92182798817943,3.334160187809667,52.98101893219932,30.91,3.0,headache,S029
-0.33,0.08,-38.91788943998683,3.7122755144693627,53.017055949966625,30.91,3.0,headache,S029
0.75,0.08,-39.060456092854146,3.7232865747213704,52.982237576380534,30.91,3.0,headache,S029
-0.44,0.08,-38.91863378030141,2.8715623891200464,52.88851460546334,30.91,3.0,headache,S029
0.45,0.07,-39.29936215364296,3.0893588794492457,52.990596752514534,30.91,3.0,headache,S029
-0.37,0.08,-39.27850718023207,2.9257239081723534,53.011066716400315,30.91,3.0,headache,S029
0.24,0.08,-38.95444904602607,3.0676939249863175,52.988245243980785,30.91,3.0,headache,S029
-0.58,0.07,-39.03189437385428,2.9330787479026688,53.01235428713072,30.91,3.0,headache,S029
0.59,0.07,-38.97281308940325,3.0814814916185145,52.986870597699095,30.91,3.0,headache,S029
-0.02,0.08,-39.02697169894334,3.1392531279691336,53.01438119719123,30.91,3.0,headache,S029
0.05,0.08,-39.201232711591906,3.140534541689723,52.98310419095579,30.91,3.0,headache,S029
-0.13,0.08,-39.161980003585015,3.0416243580386424,53.02422419441258,30.91,3.0,headache,S029
-0.13,0.07,-38.95520230581964,2.9988735308223218,52.909564290693936,30.91,3.0,headache,S029
-0.19,0.08,-39.55621110142469,2.616938424102135,52.87922504496693,30.91,3.0,headache,S029
0.01,0.08,-39.55067185638051,2.5621250453560878,52.92626518084471,30.91,3.0,headache,S029
0.06,0.07,-38.998181151427055,3.205979713529002,53.04012611367909,30.87,3.0,headache,S029
0.06,0.08,-39.39767874123508,3.015429913899973,52.94033716691427,30.87,3.0,headache,S029
0.02,0.08,-39.02230700169888,2.9398096651971066,52.90872720970505,30.87,3.0,headache,S029
0.34,0.08,-38.93873353792092,3.341366976015371,52.98757939241586,30.87,3.0,headache,S029
0.01,0.07,-38.90170005441224,3.778380620436241,52.85762913371112,30.91,3.0,headache,S029
-0.81,0.08,-38.80811132551559,4.189090027466645,53.11513541288216,30.91,3.0,headache,S029
0.24,0.08,-38.5879005114233,3.7565727551081696,53.03757656909839,30.91,3.0,headache,S029
0.0,0.07,-38.63195984779811,3.9686573502823417,52.96916605114483,30.91,3.0,headache,S029
0.13,0.07,-38.59797023031781,3.991567775721171,53.21213911603227,30.93,3.0,headache,S029
0.04,0.08,-38.536530380425454,3.614664783136235,53.32134315222023,30.93,3.0,headache,S029
0.18,0.08,-38.775173728030325,3.6399214501255654,53.08064306682125,30.93,3.0,headache,S029
0.01,0.08,-38.43405613888874,3.985377597993925,52.89181095352176,30.93,3.0,headache,S029
-0.04,0.08,-38.701124524678484,3.50624649272535,53.06080875710328,30.89,3.0,headache,S029
0.56,0.08,-38.63614207883523,3.3811112475656864,52.93618834952429,30.89,3.0,headache,S029
-0.7,0.07,-39.14309080938697,3.0976457604996583,52.91675206799732,30.89,3.0,headache,S029
-0.27,0.07,-39.274405717907655,3.060369384048423,52.635689942388474,30.89,3.0,headache,S029
0.34,0.08,-39.15944588568937,2.723906300234979,52.84707987487563,30.89,3.0,headache,S029
0.06,0.08,-39.570602120889156,2.1416335247434097,52.636176782448615,30.89,3.0,headache,S029
0.26,0.07,-39.67902143045346,2.4249554040543497,52.862047919133616,30.89,3.0,headache,S029
-0.1,0.08,-39.061759239416844,3.156149811695923,52.90913666689088,30.89,3.0,headache,S029
-0.23,0.08,-39.622961369755465,3.0733702828876366,52.88421775980019,30.91,3.0,headache,S029
0.46,0.07,-39.61879922318984,2.8024869111218025,52.57411025434758,30.91,3.0,headache,S029
-0.55,0.07,-39.51308505868074,2.371814006644723,52.694338547745474,30.91,3.0,headache,S029
0.42,0.08,-39.51851329732134,3.4035330753103694,52.7651582622637,30.91,3.0,headache,S029
-0.27,0.08,-39.51299373844906,2.9998644269375387,52.91316398186989,30.93,3.0,headache,S029
0.19,0.07,-38.990038532042675,3.830906692193195,53.04706932650582,30.93,3.0,headache,S029
-0.31,0.07,-39.077722817789066,4.092010593982952,52.88583402074506,30.93,3.0,headache,S029
0.12,0.08,-39.15142315216773,4.2342690423038585,52.82342441830602,30.93,3.0,headache,S029
-0.56,0.07,-38.48814696033048,3.91297504190078,53.028637385010384,30.89,3.0,headache,S029
0.34,0.07,-39.1785827360824,4.060813273885692,52.978224026964355,30.89,3.0,headache,S029
0.33,0.08,-38.656581081530064,4.037943230687804,53.02023584177378,30.89,3.0,headache,S029
0.07,0.08,-39.054974625547075,4.112982657060593,52.979587059831346,30.89,3.0,headache,S029
0.07,0.08,-38.69355960634659,3.8911011998349077,53.02127737511222,30.89,3.0,headache,S029
-0.58,0.08,-38.81488636543388,4.154290641811866,52.978563889220354,30.89,3.0,headache,S029
0.46,0.08,-38.26597406980172,4.038029126058192,53.15486393120216,30.89,3.0,headache,S029
-0.3,0.08,-38.6964626100495,3.2762984557588184,52.95959889630121,30.89,3.0,headache,S029
-0.02,0.08,-38.742000217454795,3.053755884128542,53.047248523699,30.89,3.0,headache,S029
0.34,0.09,-38.83962372645776,3.7922269181609556,52.936455920996,30.89,3.0,headache,S029
0.6,0.09,-38.61522155808229,3.7078049774746686,53.11197017570825,30.89,3.0,headache,S029
-0.31,0.08,-39.47322277588345,2.8467215304895244,52.69808248990524,30.89,3.0,headache,S029
-0.45,0.08,-39.57062329458739,3.244163230436995,52.572355462178955,30.89,3.0,headache,S029
-0.25,0.09,-39.11032301122196,2.918846095912161,52.90020650919003,30.89,3.0,headache,S029
0.89,0.08,-39.580907385572765,2.9120408960265896,52.63976437366322,30.89,3.0,headache,S029
1.08,0.08,-39.531251184107866,2.528763527238661,52.812500372333524,30.89,3.0,headache,S029
-1.79,0.09,-39.82520768626509,2.969602392883436,52.819196893291675,30.89,3.0,headache,S029
-0.25,0.09,-39.046559167199575,3.4999449915908016,52.7079951334492,30.89,3.0,headache,S029
-0.88,0.08,-39.86681005904855,3.001065055845632,52.4865676668056,30.89,3.0,headache,S029
0.52,0.08,-39.12019490602445,3.84063597699187,52.96912607642332,30.89,3.0,headache,S029
0.7,0.09,-39.511141817023784,3.730427350291569,52.399151598411535,30.89,3.0,headache,S029
-0.36,0.09,-40.01523944278762,4.3836069712992005,52.20833033921266,30.89,3.0,headache,S029
0.47,0.08,-39.94230361514711,5.172441239131335,52.2151961936245,30.89,3.0,headache,S029
0.41,0.09,-39.36619734909797,4.689676964959943,52.78855631282557,30.89,3.0,headache,S029
-0.29,0.09,-39.41911887008335,3.865324726354855,52.40083930089554,30.89,3.0,headache,S029
0.15,0.08,-39.03333487670692,4.122850144254081,52.58570142807156,30.89,3.0,headache,S029
-0.46,0.08,-39.22545814384516,3.8372019886236934,52.72238640976201,30.89,3.0,headache,S029
0.05,0.09,-39.55423415580886,4.595957557695798,52.50768611258286,30.89,3.0,headache,S029
-0.09,0.09,-40.01488337254319,4.026449028776065,52.35246237754235,30.91,3.0,headache,S029
0.28,0.08,-40.67062602077006,3.552778259254656,51.827261103267716,30.91,3.0,headache,S029
-0.51,0.08,-40.180330785285605,3.089426799203104,52.246165788175766,30.91,3.0,headache,S029
0.1,0.08,-40.10557390311639,3.676951744587209,52.126246094229494,30.91,3.0,headache,S029
0.69,0.08,-40.08551110285008,2.846461862168501,52.29351206143648,30.91,3.0,headache,S029
-0.52,0.08,-39.7382637248581,3.3847724813369613,52.609059634227606,30.91,3.0,headache,S029
-0.93,0.08,-40.76332690129938,2.7074491019545057,52.00553120260037,30.91,3.0,headache,S029
0.7,0.09,-40.412751758083914,2.663521032899243,51.983126813282304,30.91,3.0,headache,S029
-0.13,0.08,-40.22603660493384,3.5776131537442204,52.11102537347951,30.91,3.0,headache,S029
-0.34,0.08,-39.79020900549604,4.239027665352343,52.38972344184284,30.91,3.0,headache,S029
1.04,0.08,-39.196323611151556,4.894513409522448,52.66262352082262,30.91,3.0,headache,S029
0.1,0.08,-38.921580965941374,4.887638831713426,52.839665727634575,30.91,3.0,headache,S029
-0.16,0.08,-39.04740310043754,4.132933519729757,52.93207496735184,30.89,3.0,headache,S029
-0.49,0.08,-39.33972242268566,3.9950609350953807,52.92020757838797,30.89,3.0,headache,S029
-0.8,0.08,-39.27815918768458,3.394968086148407,52.8641819279452,30.89,3.0,headache,S029
0.77,0.08,-39.08273815919514,4.174142426372053,52.94844612677219,30.89,3.0,headache,S029
0.05,0.08,-38.96855753407002,4.291945042946148,53.01069129398696,30.89,3.0,headache,S029
0.03,0.08,-39.016420210997964,3.950440548697821,52.997080288418246,30.89,3.0,headache,S029
0.16,0.08,-38.98991728695843,4.0283256896084865,52.99963919989017,30.89,3.0,headache,S029
0.25,0.08,-39.009722915625986,3.981427134668077,53.00210206056066,30.89,3.0,headache,S029
0.17,0.08,-38.97251782015764,4.011190821350323,52.9972202081868,30.91,3.0,headache,S029
-0.54,0.08,-38.75590515261455,3.997248096999767,53.00096528283799,30.91,3.0,headache,S029
0.37,0.08,-39.03183220753298,3.9879262501899273,52.86907327597287,30.91,3.0,headache,S029
-0.12,0.07,-38.959740327689644,4.059554507816119,52.902614722939596,30.91,3.0,headache,S029
-0.22,0.08,-39.437060268835445,3.9348136487115997,52.42858011202449,30.93,3.0,headache,S029
-0.08,0.08,-39.22809285822971,3.2808528483835597,52.808138170476425,30.93,3.0,headache,S029
0.06,0.08,-39.507886848474556,3.3841432575124726,52.99211385474698,30.93,3.0,headache,S029
0.26,0.08,-39.205124942199156,3.4289676029960723,52.919770776265636,30.93,3.0,headache,S029
-0.01,0.08,-39.028445899731544,3.462817388038953,52.85038022927926,30.89,3.0,headache,S029
-0.33,0.08,-39.099997681197415,3.4014844163147764,52.99016423224339,30.89,3.0,headache,S029
0.56,0.08,-39.5917349882434,2.9266007610115223,52.92456778803907,30.89,3.0,headache,S029
-0.28,0.08,-39.14180544171121,3.0333465176665944,52.89185273114849,30.89,3.0,headache,S029
0.28,0.08,-39.70393125366584,2.995517856309832,52.65532143848283,30.91,3.0,headache,S029
-0.52,0.08,-39.872589003399135,3.1381094471734285,52.08839840722959,30.91,3.0,headache,S029
0.35,0.08,-39.80896829088784,2.9731611507369764,52.69471685592178,30.91,3.0,headache,S029
-0.08,0.08,-39.72217848300554,3.0127225426748288,52.399562986998056,30.91,3.0,headache,S029
-0.14,0.08,-39.244179220288345,3.8347527164272237,52.8163631285921,30.93,3.0,headache,S029
-0.57,0.07,-38.987892999516454,3.857768762718057,52.4853453338088,30.93,3.0,headache,S029
0.51,0.08,-39.20820741004669,4.252382235011459,52.73572742179214,30.93,3.0,headache,S029
0.14,0.08,-39.1900054363622,4.8905284018900765,52.920204005599466,30.93,3.0,headache,S029
-0.08,0.07,-38.962219245786976,5.651146251790196,52.73489902994713,30.91,3.0,headache,S029
-0.4,0.08,-38.432961011535035,6.7554247785364545,53.04569008369932,30.91,3.0,headache,S029
-0.33,0.08,-38.9128862780671,5.456467358520256,52.97047837764895,30.91,3.0,headache,S029
0.62,0.07,-38.772559391763394,6.045775829369741,53.034802576724765,30.91,3.0,headache,S029
0.74,0.08,-38.38000369492895,5.939833980251091,53.14149795948722,30.93,3.0,headache,S029
0.02,0.08,-39.213095171403,4.382840920846748,52.84949258771408,30.93,3.0,headache,S029
-0.26,0.08,-38.98155203114614,4.077320486901369,52.69851281775276,30.93,3.0,headache,S029
-0.0,0.07,-39.04888509527157,3.58825524017025,52.82126000204015,30.93,3.0,headache,S029
-0.06,0.07,-39.25854342111395,4.002623861107819,52.88500348601804,30.91,3.0,headache,S029
-0.51,0.08,-39.3158502851509,3.9856334838348304,52.7313271928683,30.91,3.0,headache,S029
-0.15,0.07,-39.44154279575069,4.019811415023157,52.9126789764555,30.91,3.0,headache,S029
0.34,0.07,-39.49505053056468,3.929790758210775,52.55602835864531,30.91,3.0,headache,S029
-0.29,0.08,-39.18252180785415,3.984966177431678,52.8629530407449,30.89,3.0,headache,S029
0.33,0.08,-39.42806864293272,3.612374769197451,52.745726204652364,30.89,3.0,headache,S029
-0.16,0.07,-39.668077963836474,3.2521581292694464,52.70838599708809,30.89,3.0,headache,S029
0.33,0.08,-39.95647477474274,3.4460542223670343,52.75590739703139,30.89,3.0,headache,S029
0.47,0.08,-39.22427014537485,3.649894601751369,52.707070182832396,30.93,3.0,headache,S029
-0.07,0.08,-39.114845250028345,3.9905256997539578,52.81346045331358,30.93,3.0,headache,S029
-0.64,0.08,-39.31515026908962,3.9473344676623285,52.59957278685534,30.93,3.0,headache,S029
0.18,0.08,-39.40823605708435,3.3397393457484696,52.82362388793683,30.93,3.0,headache,S029
-0.3,0.08,-39.89353891985049,3.49380459405104,52.349830741274346,30.93,3.0,headache,S029
0.07,0.07,-39.78903391902727,3.8478625412348983,52.43515980001806,30.93,3.0,headache,S029
0.08,0.08,-39.68267743913361,3.884093395944662,52.38244936736867,30.93,3.0,headache,S029
-0.11,0.08,-39.71237589153887,3.9946281909920813,52.54106934330547,30.93,3.0,headache,S029
0.25,0.08,-39.790004049429655,3.904201457358939,52.55861047964559,30.93,3.0,headache,S029
-0.14,0.07,-39.58252351555931,3.950623369900569,52.833314267835284,30.93,3.0,headache,S029
-0.24,0.08,-39.25159563337237,4.012400912559099,52.891429694143376,30.93,3.0,headache,S029
0.02,0.08,-38.91799231866118,4.003834828879975,52.7403236312611,30.93,3.0,headache,S029
0.18,0.08,-39.175053819035504,3.975745639518615,52.9177425454804,30.93,3.0,headache,S029
-0.2,0.08,-39.161090066083446,4.143962369870031,52.839460881248264,30.93,3.0,headache,S029
0.28,0.08,-39.0865352308279,4.711551512363821,52.90677760048919,30.93,3.0,headache,S029
-0.15,0.07,-38.98034142266655,4.743821383992755,52.98392463115332,30.93,3.0,headache,S029
0.15,0.08,-39.018286145856045,4.253239094333374,52.94764949266235,30.91,3.0,headache,S029
-0.45,0.08,-38.97548696133541,4.050373523258397,53.07566063705872,30.91,3.0,headache,S029
0.36,0.07,-39.55662447421431,4.2194125982672706,52.75639904220443,30.91,3.0,headache,S029
0.15,0.07,-39.106558265456485,4.404515777637202,52.59155233225781,30.91,3.0,headache,S029
-0.33,0.08,-38.9662517099596,4.3375419818213645,52.546903723949505,30.91,3.0,headache,S029
0.23,0.08,-39.005164176033986,4.596659130233893,52.7919912318013,30.91,3.0,headache,S029
-0.33,0.08,-39.07473078758646,4.467694145019006,52.87734370593791,30.91,3.0,headache,S029
0.35,0.08,-39.57067283393085,3.6570830515813286,52.83870697124161,30.91,3.0,headache,S029
0.08,0.08,-39.28379370741005,3.7348975395249693,52.81624529398869,30.91,3.0,headache,S029
-0.15,0.07,-39.65915395531909,3.682465776378715,52.77160990108444,30.91,3.0,headache,S029
0.25,0.08,-39.40005184213269,3.756432906579903,52.73109496464105,30.91,3.0,headache,S029
0.27,0.08,-39.528819499773334,3.5073873672470386,52.76941763066995,30.91,3.0,headache,S029
-0.37,0.07,-39.76730123960933,3.141736913456204,52.861412714316174,30.93,3.0,headache,S029
-0.18,0.07,-39.96249445836626,3.064567234960578,52.51245008981122,30.93,3.0,headache,S029
0.13,0.08,-39.60729882301584,3.9186291661241506,52.696566844238376,30.93,3.0,headache,S029
-0.13,0.08,-39.7069274741585,3.999466855700478,52.2696598683952,30.93,3.0,headache,S029
-0.05,0.08,-39.97676055794356,4.015509237139845,52.447986358527736,30.93,3.0,headache,S029
0.09,0.08,-39.24796344313459,4.773720849131017,52.769784075204576,30.93,3.0,headache,S029
-0.26,0.08,-39.42495678625928,4.110982583456324,52.537940505094916,30.93,3.0,headache,S029
0.37,0.07,-39.57245635224986,3.969859886295482,52.74749838615954,30.93,3.0,headache,S029
-0.04,0.08,-39.68755135000679,3.9983172925621435,52.540695975561604,30.91,3.0,headache,S029
-0.37,0.08,-39.35690506916617,4.065658619289434,52.827414966624474,30.91,3.0,headache,S029
0.31,0.08,-39.150498811879984,4.05255311773891,52.99140649834231,30.91,3.0,headache,S029
0.11,0.07,-39.16280228292502,4.300897601777293,53.02836031712796,30.91,3.0,headache,S029
-0.39,0.08,-39.143629812364594,5.140991126709692,52.93594390034554,30.95,3.0,headache,S029
0.15,0.08,-38.95132588893789,4.899910033749458,52.779810654552705,30.95,3.0,headache,S029
-0.01,0.07,-39.02760738566608,5.083758103257937,53.020883415123,30.95,3.0,headache,S029
0.41,0.08,-38.982921202407894,4.928841544807882,52.99371993043012,30.95,3.0,headache,S029
-0.29,0.08,-39.00946981991719,5.0000960704953314,53.00052305521144,30.91,3.0,headache,S029
0.09,0.07,-38.99831287808818,4.1766683187027125,53.00387136308741,30.91,3.0,headache,S029
0.09,0.07,-38.98919038921517,4.3164725345795265,52.880976593408896,30.91,3.0,headache,S029
0.1,0.08,-39.05786761520346,4.49705930435033,52.710127566596746,30.91,3.0,headache,S029
0.06,0.07,-39.09451090567498,4.506607189779926,52.79881520164231,30.91,3.0,headache,S029
-0.3,0.07,-39.01471859717914,4.779020943256454,52.73544056319326,30.91,3.0,headache,S029
-0.19,0.08,-39.24284362936146,4.262969938763711,52.67422526033984,30.91,3.0,headache,S029
0.24,0.07,-39.48203443663755,3.249513802883294,52.610683416225406,30.91,3.0,headache,S029
-0.25,0.07,-39.70285163728125,3.873834427019705,52.806709919977415,30.91,3.0,headache,S029
0.21,0.08,-39.198627899962275,3.831060027352261,52.70654126091525,30.91,3.0,headache,S029
0.03,0.08,-39.08139489777388,3.8969506203390187,52.8234049232235,30.91,3.0,headache,S029
0.05,0.07,-39.36639033457319,3.972757233635099,53.00186777351164,30.91,3.0,headache,S029
0.03,0.08,-39.46418103656466,3.592582274814372,52.995403200419325,30.91,3.0,headache,S029
0.01,0.07,-39.18765219379869,3.9397392270581073,53.008182864262785,30.91,3.0,headache,S029
-0.06,0.07,-39.0662113672074,4.023841641955004,52.98604175958132,30.91,3.0,headache,S029
0.33,0.07,-39.0693073060578,3.983011637126235,53.02864199029176,30.91,3.0,headache,S029
-0.54,0.07,-39.010917677197064,4.0148097774494635,52.82403321242994,30.93,3.0,headache,S029
0.0,0.07,-39.24823022807597,3.9860784833918443,52.77282621824539,30.93,3.0,headache,S029
-0.05,0.07,-38.92594447440972,4.013343250712427,52.81204520142515,30.93,3.0,headache,S029
-0.01,0.08,-39.55545577558436,3.9875035249104736,52.67785863066309,30.93,3.0,headache,S029
0.29,0.08,-39.36468320483208,4.010426460062436,52.76769975819563,30.93,3.0,headache,S029
0.14,0.07,-39.2671971528301,3.9966809201102733,52.726141616021735,30.93,3.0,headache,S029
-0.19,0.08,-39.26448988649525,3.9056425107404147,52.68791271197166,30.93,3.0,headache,S029
-0.19,0.08,-39.15989406671668,3.947195531094014,52.802218338448675,30.93,3.0,headache,S029
-0.12,0.07,-39.28412686958062,4.040667976363691,52.77271013876628,30.93,3.0,headache,S029
0.41,0.07,-39.2840883459604,3.9599601039348182,52.55010712987289,30.93,3.0,headache,S029
-0.08,0.08,-39.5172111948999,4.042925032433693,52.7181893573169,30.93,3.0,headache,S029
0.24,0.07,-39.30991729169964,3.9528464937230203,52.88623554996206,30.93,3.0,headache,S029
0.11,0.07,-39.48332847782055,3.9768474612445517,52.72822862273406,30.91,3.0,headache,S029
-0.24,0.08,-39.32313555909579,3.488314351673887,52.84315659664357,30.91,3.0,headache,S029
-0.75,0.08,-39.470272922007844,3.7857766145218696,52.702544452371086,30.91,3.0,headache,S029
0.57,0.07,-39.31998278057007,3.4077516581888228,52.60580785505475,30.91,3.0,headache,S029
0.42,0.08,-40.106281521698385,2.9588155450265976,52.031092492776494,30.93,3.0,headache,S029
-0.24,0.08,-39.59750726496818,3.1694932382373557,52.72399446460393,30.93,3.0,headache,S029
-0.07,0.07,-39.535341710433634,4.012023511001222,52.71718345827945,30.93,3.0,headache,S029
0.14,0.07,-39.5660345399084,3.916536523668564,52.32917611904803,30.93,3.0,headache,S029
-0.47,0.08,-39.176666207742336,4.431331740746632,52.73241148679894,30.91,3.0,headache,S029
0.29,0.07,-39.16004385917324,5.47085743582043,52.80876180993743,30.91,3.0,headache,S029
0.05,0.07,-39.317161041491,5.202067832950353,52.917394233569894,30.91,3.0,headache,S029
-0.15,0.08,-39.273774379433576,4.661694574073158,52.84007688542788,30.91,3.0,headache,S029
-0.08,0.08,-39.57626488258596,3.6307478571867615,52.26620470222597,30.91,3.0,headache,S029
-0.04,0.07,-39.93169755059015,3.9032906669377985,52.44712870675769,30.91,3.0,headache,S029
0.31,0.08,-39.39839739346966,4.386258165950904,52.62742455249461,30.91,3.0,headache,S029
0.19,0.08,-39.50448600559222,4.126304395514389,52.38343120970445,30.91,3.0,headache,S029
-0.47,0.08,-39.64637592981555,4.211364968566298,52.583724100545034,30.93,3.0,headache,S029
0.02,0.08,-40.0829212726717,3.79985330105619,52.31479339216706,30.93,3.0,headache,S029
0.32,0.08,-40.0352523198557,3.977777112171489,51.975502550126706,30.93,3.0,headache,S029
-0.01,0.07,-39.88669007573237,4.004251610900491,52.116122258233595,30.93,3.0,headache,S029
-0.3,0.07,-40.09922450333441,3.93661165045538,52.21740502944094,30.91,3.0,headache,S029
0.71,0.08,-39.71351165425803,4.145354099554309,52.41713955042834,30.91,3.0,headache,S029
-0.76,0.08,-40.01221020813352,4.062008718026576,52.385817357951446,30.91,3.0,headache,S029
0.56,0.07,-39.29485869053731,4.647107328946167,52.62563735002804,30.91,3.0,headache,S029
-0.04,0.08,-39.043932615756525,4.738300224568768,52.77259427112306,30.91,3.0,headache,S029
-0.72,0.08,-38.89618610755374,5.100415017542963,52.861815094898944,30.91,3.0,headache,S029
0.43,0.07,-38.81532813678367,5.021382308933806,52.828572211180855,30.91,3.0,headache,S029
0.19,0.07,-39.81620384291292,3.4470555827168683,52.65893403386719,30.91,3.0,headache,S029
-0.4,0.08,-39.19758660862251,3.877875190868573,52.7378418172892,30.95,3.0,headache,S029
-0.32,0.07,-39.195101307276985,4.042519623532129,52.7834030930517,30.95,3.0,headache,S029
0.43,0.07,-39.385533909830194,3.857200209531949,52.857462263270996,30.95,3.0,headache,S029
-0.11,0.08,-39.49469459189336,4.006081906365895,52.85891832259157,30.95,3.0,headache,S029
-0.08,0.08,-39.19308006938781,4.143597370632867,52.85475360240459,30.91,3.0,headache,S029
0.25,0.07,-39.049116855340344,4.373236441150071,52.84862711493767,30.91,3.0,headache,S029
-0.0,0.08,-39.4588321853741,4.42332329714743,52.859923331709254,30.91,3.0,headache,S029
0.19,0.08,-39.18253145159263,4.044890398407653,52.55261286073458,30.91,3.0,headache,S029
0.12,0.07,-39.43564415748538,4.213241957004261,52.64534667417099,30.91,3.0,headache,S029
-0.6,0.07,-38.96259006259358,4.1299911085661005,52.905952228264596,30.91,3.0,headache,S029
0.32,0.08,-39.06521775300185,4.155335759153459,52.962029862498625,30.91,3.0,headache,S029
0.03,0.07,-38.92971540565968,4.162295092034278,52.76912757115365,30.91,3.0,headache,S029
-0.16,0.07,-38.84272123873367,3.9574713637219316,53.01429438206468,30.89,3.0,headache,S029
0.17,0.07,-39.17481582903137,4.1517292027156545,52.99861911882257,30.89,3.0,headache,S029
0.33,0.08,-38.95295413999254,3.8280866810799576,53.00276065481418,30.89,3.0,headache,S029
-0.2,0.07,-39.44002899753824,3.2388486290181735,52.88922038168818,30.89,3.0,headache,S029
-0.04,0.08,-39.6071963097413,3.0320031642102285,52.71444666973336,30.91,3.0,headache,S029
0.07,0.08,-39.459999641963165,3.8272486377191237,52.600435712783096,30.91,3.0,headache,S029
-0.31,0.07,-39.73731700450402,3.873817701970005,52.71323993777053,30.91,3.0,headache,S029
0.07,0.07,-38.973144753132964,4.666621320014074,52.97374176149882,30.91,3.0,headache,S029
-0.22,0.08,-38.73281256305444,5.709133077694431,52.947275836915566,30.93,3.0,headache,S029
-0.13,0.07,-39.041794628437664,4.501790765843883,52.93095110111254,30.93,3.0,headache,S029
0.01,0.07,-38.874553153353375,3.5543308226851815,52.731193574810845,30.93,3.0,headache,S029
0.35,0.08,-39.34206490880945,5.053881996641854,52.58056282201532,30.93,3.0,headache,S029
-0.04,0.08,-39.18396510566291,4.938037493873319,52.69033560323611,30.91,3.0,headache,S029
0.73,0.07,-38.56203215883249,4.940876293922744,52.967151948784156,30.91,3.0,headache,S029
0.83,0.08,-39.133584186691024,4.9005224702238,52.64825627510688,30.91,3.0,headache,S029
-0.69,0.08,-39.1664334015506,5.147447769548952,52.69453592236299,30.91,3.0,headache,S029
-1.02,0.07,-39.30123059969222,4.315951242642367,53.03777548449708,30.93,3.0,headache,S029
0.33,0.07,-39.051006439880226,4.571600998812241,52.60303689082501,30.93,3.0,headache,S029
-0.58,0.08,-38.91776963192878,5.005508592663749,52.69629475252789,30.93,3.0,headache,S029
0.0,0.08,-39.400047582825614,4.772680049359661,52.43061280696826,30.93,3.0,headache,S029
0.06,0.07,-39.93119425826722,3.3033412511064633,52.294486753448645,30.93,3.0,headache,S029
0.57,0.08,-39.484010151456225,3.306525727979662,52.67982258497493,30.93,3.0,headache,S029
-0.2,0.08,-39.46355306343585,4.188948839485464,52.807002728224965,30.93,3.0,headache,S029
-0.22,0.07,-39.60378205673054,4.0742689061091255,52.168016787042006,30.93,3.0,headache,S029
0.48,0.07,-39.56038173983922,4.1636964606438855,52.77426441977278,30.91,3.0,headache,S029
-0.04,0.08,-39.56521119896833,3.914159364856534,52.5240148639866,30.91,3.0,headache,S029
-0.61,0.08,-39.2906343937312,4.0549943929424,52.67767107786904,30.91,3.0,headache,S029
0.11,0.07,-39.295685054435516,4.174143675729433,52.85803021008645,30.91,3.0,headache,S029
-0.12,0.08,-39.38780835855151,4.099780193762704,52.82691980373145,30.91,3.0,headache,S029
0.3,0.08,-39.69223380883901,3.882176714201549,52.51099645882158,30.91,3.0,headache,S029
0.38,0.07,-39.75322162265607,3.7711570333421567,52.42737839595557,30.91,3.0,headache,S029
0.12,0.07,-39.46968495379672,4.195719507822586,52.61212553155935,30.91,3.0,headache,S029
-0.24,0.08,-38.951843479991,4.1882920629486176,52.67912279186327,30.91,3.0,headache,S029
-0.15,0.07,-39.187979044192716,3.806263803208141,52.58812743707306,30.91,3.0,headache,S029
-0.26,0.07,-38.8928737447621,5.1762171195612625,52.84189514917818,30.91,3.0,headache,S029
-0.07,0.08,-38.97232577471843,5.265581834841254,52.91305815466156,30.91,3.0,headache,S029
0.22,0.07,-39.000373785668195,4.898468250418356,52.86972195066087,30.93,3.0,headache,S029
-0.45,0.07,-39.0043640959546,4.9789626840533545,52.96189550131652,30.93,3.0,headache,S029
0.0,0.07,-38.99640359829176,4.842551980302117,52.86311011409862,30.93,3.0,headache,S029
0.84,0.08,-38.996154413256626,4.8871117638426,52.77509201183486,30.93,3.0,headache,S029
-0.63,0.07,-39.081287063666,4.503112177912902,52.889118214449645,30.89,3.0,headache,S029
0.33,0.07,-39.08983418216003,3.9008052235902704,52.618181588894636,30.89,3.0,headache,S029
-0.03,0.08,-39.282666326504454,4.055393327738541,53.002121292953575,30.89,3.0,headache,S029
-0.02,0.08,-39.51261357343401,3.9613323759328405,52.93964486385332,30.89,3.0,headache,S029
-0.01,0.07,-39.358191978270774,4.029711256039025,52.866190779840004,30.91,3.0,headache,S029
0.12,0.08,-39.05127677769621,3.975634912239375,52.69040229313303,30.91,3.0,headache,S029
0.04,0.08,-39.01472224439432,4.03134283754462,52.992880404257896,30.91,3.0,headache,S029
0.24,0.07,-39.07915726087162,4.25580624209104,52.981998502761066,30.91,3.0,headache,S029
-0.66,0.08,-39.256978728213575,4.131669389234677,52.76365218363974,30.89,3.0,headache,S029
0.16,0.08,-39.75073257172367,3.841019133354151,52.67242872094532,30.89,3.0,headache,S029
0.06,0.07,-39.28405882777744,4.1579814425836625,52.427956480030836,30.89,3.0,headache,S029
0.29,0.07,-40.03417595177068,3.9905985478449404,52.4098135304392,30.89,3.0,headache,S029
-0.85,0.08,-39.07764829174588,5.036133316165436,52.75588482662008,30.93,3.0,headache,S029
0.96,0.07,-39.48085774724764,4.325757731453221,52.865245307002965,30.93,3.0,headache,S029
0.11,0.07,-39.47901285143674,3.8427452935232833,52.55059293207116,30.93,3.0,headache,S029
-0.55,0.08,-39.305800598746245,4.033905565704344,52.401817929224485,30.93,3.0,headache,S029
-0.2,0.08,-39.280190442107575,3.976597696194446,52.78361603569593,30.91,3.0,headache,S029
0.44,0.07,-39.27680602022531,4.071600511183751,52.932074883441416,30.91,3.0,headache,S029
0.01,0.07,-39.11375455751282,4.722719582834873,52.829931277467516,30.91,3.0,headache,S029
-0.04,0.08,-39.07314957596974,4.807995451831306,52.85794898443144,30.91,3.0,headache,S029
-0.35,0.07,-39.11591093466688,5.121649285581767,52.90198358928026,30.93,3.0,headache,S029
-0.08,0.07,-39.00260285327448,4.391731847541346,52.837920754494974,30.93,3.0,headache,S029
0.37,0.08,-39.02888042750029,4.501611257995377,52.914579859410644,30.93,3.0,headache,S029
-0.13,0.08,-39.24395430960226,4.493529309963823,52.92036100986316,30.93,3.0,headache,S029
0.18,0.07,-38.989290526495786,4.36792019962806,52.66219968451955,30.93,3.0,headache,S029
-0.03,0.07,-39.30718538933568,4.177651313223956,52.825595546683935,30.93,3.0,headache,S029
-0.37,0.07,-39.20176192200572,3.9801169084566834,52.8120234171027,30.93,3.0,headache,S029
0.65,0.07,-39.254727468181365,3.974811646488419,53.0392869757039,30.93,3.0,headache,S029
-0.23,0.07,-39.093319741632,4.391840596109533,52.91137309890736,30.91,3.0,headache,S029
0.34,0.08,-38.97681201937441,4.234773912094126,52.57410061973866,30.91,3.0,headache,S029
-0.5,0.08,-39.17443020701315,4.343370113661409,52.855594453752985,30.91,3.0,headache,S029
-0.04,0.07,-39.36575529382609,4.234540860629545,52.8751714617978,30.91,3.0,headache,S029
-0.09,0.08,-39.26499601370148,4.318913177859733,52.64456140319775,30.93,3.0,headache,S029
0.29,0.08,-39.02961876257804,4.251767068181279,53.020975184160754,30.93,3.0,headache,S029
-0.07,0.07,-39.454942560475004,3.9984257458208243,52.650021215690295,30.93,3.0,headache,S029
-0.2,0.07,-39.18680618564207,3.9964457470831873,52.79734148889527,30.93,3.0,headache,S029
0.23,0.08,-39.05531294233714,4.062858513681292,52.72083552328079,30.91,3.0,headache,S029
0.24,0.08,-39.10500738999588,4.114252185770014,52.675247408020255,30.91,3.0,headache,S029
-0.2,0.07,-39.96725160535832,4.069066885640814,52.35143948588822,30.91,3.0,headache,S029
-0.3,0.08,-40.06140782658284,4.048064458243887,52.12641873095008,30.91,3.0,headache,S029
0.11,0.08,-39.489510842708974,4.669913371412788,52.22224901094867,30.95,3.0,headache,S029
0.07,0.07,-39.75096379037783,4.312557688222168,52.48155543426897,30.95,3.0,headache,S029
-0.24,0.07,-39.7794137396821,3.993041544412277,52.53241639432214,30.95,3.0,headache,S029
0.23,0.08,-39.3762940032822,4.706864235507883,52.342168486537915,30.95,3.0,headache,S029
-0.05,0.07,-39.62465450881367,4.009019224266923,52.7443013815248,30.93,3.0,headache,S029
0.68,0.07,-39.71958664173361,4.046747348409415,52.144243497163345,30.93,3.0,headache,S029
-0.59,0.08,-39.67431737704883,3.953007327967346,52.3331701412619,30.93,3.0,headache,S029
-0.3,0.08,-39.21336716126233,4.787867064759634,52.60323028107445,30.93,3.0,headache,S029
0.37,0.07,-39.235910447778416,4.64292146355093,52.78610562511718,30.89,3.0,headache,S029
-0.35,0.08,-39.432199069446874,4.890254404867952,52.58315519234321,30.89,3.0,headache,S029
0.42,0.08,-39.06480199956783,4.795238283547993,52.63410989428183,30.89,3.0,headache,S029
-0.04,0.07,-39.007643611892206,4.394988096365141,52.47312897012767,30.89,3.0,headache,S029
-0.3,0.07,-39.00062342869774,4.967414344615043,53.046933745690254,30.93,3.0,headache,S029
0.43,0.08,-39.309580626248334,4.590227396880431,52.7409220306208,30.93,3.0,headache,S029
0.31,0.08,-39.21426287059471,4.984462601565731,52.64204261220964,30.93,3.0,headache,S029
-0.07,0.07,-38.953763302513906,4.979719968417221,52.81482203414259,30.93,3.0,headache,S029
-0.97,0.08,-39.02923771369135,5.019163925214023,53.040527479358744,30.93,3.0,headache,S029
0.44,0.08,-39.09592114859025,4.987477238912987,52.836622243506156,30.93,3.0,headache,S029
-0.16,0.07,-39.03214240859696,4.885678700413133,52.9237916667976,30.93,3.0,headache,S029
0.46,0.07,-38.96935656083131,4.995371300999556,52.957256529957625,30.93,3.0,headache,S029
0.22,0.07,-39.033452857550536,4.973944882801352,53.03083043146763,30.93,3.0,headache,S029
-0.48,0.08,-38.957047767761225,4.7518370555849305,52.98924208957359,30.93,3.0,headache,S029
0.11,0.07,-39.091161880353,4.987757202153876,52.70905306188953,30.93,3.0,headache,S029
0.43,0.08,-39.06637573136994,4.380479632491406,52.55249907019501,30.93,3.0,headache,S029
-0.67,0.08,-39.00041754619555,4.7766712722673175,52.96030805317849,30.91,3.0,headache,S029
0.56,0.07,-39.297305100029114,4.851077281604238,52.5496881071148,30.91,3.0,headache,S029
-0.45,0.07,-39.12120894331343,5.036672437689883,52.97361521254152,30.91,3.0,headache,S029
-0.09,0.08,-39.201319935507264,4.995015692027602,52.67184079567674,30.91,3.0,headache,S029
-0.17,0.08,-39.00790745220296,4.923485666012938,52.82821050653089,30.93,3.0,headache,S029
0.4,0.07,-39.1674487680976,4.944664709323229,52.8024624639306,30.93,3.0,headache,S029
-0.53,0.08,-39.22818317927667,4.8588776228025745,52.83112082494553,30.93,3.0,headache,S029
0.33,0.08,-38.935649294647185,4.850443074995657,52.87905782847667,30.93,3.0,headache,S029
0.58,0.07,-39.108803285179626,5.015783986168774,52.84168786726565,30.95,3.0,headache,S029
-0.47,0.07,-39.33421995690211,3.965115477546325,52.661252205706816,30.95,3.0,headache,S029
-0.15,0.08,-38.94684630749485,4.18074833924631,52.799210340350584,30.95,3.0,headache,S029
0.34,0.08,-39.03216107951228,4.190111194149434,52.74076838933402,30.95,3.0,headache,S029
0.23,0.07,-38.965822886955614,4.606121820484961,52.86080136168868,30.93,3.0,headache,S029
-0.06,0.08,-39.13097966744419,3.838377788571835,52.71451272817037,30.93,3.0,headache,S029
-0.3,0.07,-39.24476346591232,4.3778371037146195,52.966320729395385,30.93,3.0,headache,S029
-0.24,0.07,-39.24763425824054,4.363347974527161,52.84026168178496,30.93,3.0,headache,S029
0.15,0.07,-39.306754465372045,4.230587607108852,52.73430791606619,30.93,3.0,headache,S029
0.25,0.08,-39.64832187094776,3.9734781085697866,52.80219372698729,30.93,3.0,headache,S029
-0.02,0.08,-39.43659992588094,4.080860549312889,52.83199611760083,30.93,3.0,headache,S029
-0.21,0.07,-39.36286155180878,4.281073033578742,52.782530965840195,30.93,3.0,headache,S029
-0.36,0.07,-39.237986363569846,4.052247764288086,52.78229365778258,30.93,3.0,headache,S029
0.68,0.08,-39.52079067373883,4.082627894677735,52.5844292574695,30.93,3.0,headache,S029
0.05,0.07,-39.58356973231238,4.048107648020579,52.35411496998513,30.93,3.0,headache,S029
-0.32,0.07,-39.68294390495582,4.0074542297103015,52.433167304997255,30.93,3.0,headache,S029
-0.35,0.08,-39.32229727583146,5.356644803938542,52.488305422297906,30.93,3.0,headache,S029
0.5,0.07,-39.65237196010455,4.300394056237506,52.47904692621478,30.93,3.0,headache,S029
-0.19,0.07,-39.495864891482256,4.220078268491078,52.44736423436112,30.93,3.0,headache,S029
-0.08,0.07,-39.5919002005957,4.048744622245298,52.35151201198827,30.93,3.0,headache,S029
-0.22,0.07,-39.506383506407694,4.47926838898816,52.61020021773911,30.91,3.0,headache,S029
0.36,0.07,-39.45046824790362,4.758093877137984,52.60246509997699,30.91,3.0,headache,S029
-0.14,0.07,-39.04897492093075,4.944539373436778,52.67624473431872,30.91,3.0,headache,S029
0.56,0.07,-39.21252894234275,5.037024104099346,52.83519738245019,30.91,3.0,headache,S029
-0.83,0.07,-38.91287665761555,4.890852605643103,52.92061779536942,30.91,3.0,headache,S029
0.62,0.07,-38.85439693954615,4.943879368158963,52.95272536773673,30.91,3.0,headache,S029
0.06,0.08,-38.77698957075191,5.090141173931818,53.05396791262987,30.91,3.0,headache,S029
0.22,0.08,-39.04380363113728,5.1301733981206175,52.90005017599467,30.91,3.0,headache,S029
-0.44,0.07,-38.75658688982202,5.004249877512898,53.09189165975008,30.93,3.0,headache,S029
-0.19,0.07,-39.021720832864204,4.36795483970692,52.82611585322149,30.93,3.0,headache,S029
-0.18,0.08,-38.84631375039906,4.723752260715906,52.785562494812915,30.93,3.0,headache,S029
0.07,0.08,-39.117730006803306,4.872325564313512,52.8397554590982,30.93,3.0,headache,S029
0.81,0.07,-39.04167040247035,4.987843729099735,52.85736804942635,30.93,3.0,headache,S029
-0.32,0.08,-39.37469343156469,4.825022679187012,52.36263892508815,30.93,3.0,headache,S029
-0.9,0.07,-39.46492326713661,4.194244059936654,52.910763608526224,30.93,3.0,headache,S029
0.37,0.07,-39.44562228586658,4.5632807000076765,52.5189885492341,30.93,3.0,headache,S029
0.39,0.07,-39.74211218392855,4.3608818341399305,52.56906233721896,30.93,3.0,headache,S029
-0.21,0.08,-39.74241730153825,4.542455914598077,52.60754363807427,30.93,3.0,headache,S029
0.11,0.08,-39.412771262603506,4.89257934507331,52.75664508964171,30.93,3.0,headache,S029
-0.09,0.07,-39.202282367964266,4.038373445673682,52.60343276474439,30.93,3.0,headache,S029
0.39,0.07,-39.45725149623848,4.0566310949473765,52.36199953726344,30.91,3.0,headache,S029
0.01,0.07,-39.415027460908526,3.883515620719542,52.554153387442156,30.91,3.0,headache,S029
-0.49,0.07,-39.059539867557476,4.481111655742394,52.53120069956768,30.91,3.0,headache,S029
0.55,0.07,-39.494365778658526,4.693307960503233,52.63922025844924,30.91,3.0,headache,S029
-0.42,0.08,-39.48144113576648,3.8451624085678944,52.51297728033115,30.91,3.0,headache,S029
0.51,0.08,-39.50494446441482,4.267182850041206,52.46894550275846,30.91,3.0,headache,S029
-0.61,0.07,-39.847549882751636,4.340657122948949,52.30835696260968,30.91,3.0,headache,S029
0.06,0.08,-39.514152922102575,4.56071294171541,52.46177758536583,30.91,3.0,headache,S029
-0.17,0.08,-39.245885713991875,5.0802095440429405,52.50937071690807,30.91,3.0,headache,S029
0.99,0.07,-39.24598083551173,4.94477367388325,52.81426333015636,30.91,3.0,headache,S029
-0.83,0.07,-39.34672112364835,5.080163581677436,52.75453717430306,30.91,3.0,headache,S029
-0.19,0.08,-38.94495729600407,5.075765262270968,52.664371400540055,30.91,3.0,headache,S029
0.01,0.07,-39.03757152285937,5.004514452722945,52.818161464674525,30.93,3.0,headache,S029
0.52,0.07,-38.96326238570854,4.970519307626137,52.78647778580423,30.93,3.0,headache,S029
-0.16,0.08,-39.03314204850752,5.089352128585047,53.05769497783341,30.93,3.0,headache,S029
-0.0,0.08,-38.97537602956626,5.471987770317896,52.94557817961694,30.93,3.0,headache,S029
-0.08,0.07,-38.96330227739498,5.570861804175735,53.06434444335755,30.91,3.0,headache,S029
0.1,0.07,-38.86354181001376,5.6001267828233905,52.75260043425725,30.91,3.0,headache,S029
-0.31,0.08,-39.377635383359646,4.841006540046209,52.75708148490073,30.91,3.0,headache,S029
0.62,0.07,-39.12721390033663,4.612568683267929,52.8074978193068,30.91,3.0,headache,S029
-0.2,0.07,-38.91186103681167,4.824401336172705,52.96294175276201,30.93,3.0,headache,S029
-0.01,0.07,-39.01705382183019,5.030552439197347,52.69238643164725,30.93,3.0,headache,S029
-0.09,0.08,-39.051731224172606,4.940705544133966,52.68157687260379,30.93,3.0,headache,S029
0.1,0.07,-39.33117689623838,4.595760070268814,52.8698758612335,30.93,3.0,headache,S029
-0.13,0.07,-39.703932799956334,4.162435467761571,52.730437039113035,30.91,3.0,headache,S029
-0.53,0.07,-39.472034862302564,3.994025309922454,52.83382774757729,30.91,3.0,headache,S029
0.65,0.07,-39.652016168737504,3.9897264459493735,52.6326247195564,30.91,3.0,headache,S029
-0.25,0.07,-39.550399049793356,4.017542483000451,52.6336780572932,30.91,3.0,headache,S029
-0.11,0.08,-40.06653936333547,3.975368707592768,52.60791783855022,30.93,3.0,headache,S029
0.11,0.07,-39.556704897914614,4.15501996967094,52.503088028024735,30.93,3.0,headache,S029
0.18,0.07,-39.830153843724624,3.958805546495573,52.79963899786425,30.93,3.0,headache,S029
0.22,0.08,-39.57728558097816,4.779428545276768,52.29435766394939,30.93,3.0,headache,S029
-0.4,0.08,-39.097184734548286,5.057119839946239,52.5919262917608,30.89,3.0,headache,S029
0.29,0.07,-39.106951353955225,4.965056635910388,52.773483985949994,30.89,3.0,headache,S029
-0.76,0.1,-39.174092968631605,5.0344085787844275,52.844861155008125,30.89,3.0,headache,S029
0.63,0.08,-39.22103434912476,4.930222306527268,52.84776641711683,30.89,3.0,headache,S029
0.09,0.07,-39.14098697427723,4.974139403245216,52.95658270822787,30.93,3.0,headache,S029
-0.12,0.07,-38.938699393293966,6.016780878841259,53.03407187549663,30.93,3.0,headache,S029
0.03,0.08,-39.05407192576671,5.321112559591563,52.881732712198065,30.93,3.0,headache,S029
0.11,0.08,-38.93297377584845,4.994099984212554,52.9766345702077,30.93,3.0,headache,S029
-0.42,0.07,-39.17626257287364,4.761369870808145,52.89884773876558,30.93,3.0,headache,S029
0.11,0.07,-39.16434172091918,4.981692840357294,52.737125627726584,30.93,3.0,headache,S029
0.07,0.08,-39.06925398852401,4.983271276271695,52.81261365552785,30.93,3.0,headache,S029
0.69,0.07,-39.05196640020298,4.873733433963677,52.61863075346986,30.93,3.0,headache,S029
-0.91,0.07,-39.11110399724861,5.03291769402729,52.94804028855378,30.95,3.0,headache,S029
0.32,0.08,-38.92829423180137,4.928833403205221,52.66871870234669,30.95,3.0,headache,S029
-0.35,0.07,-39.24065442339571,4.311366730399447,52.756545314051124,30.95,3.0,headache,S029
0.37,0.07,-39.40128558753822,3.9038705804333644,52.89822413983969,30.95,3.0,headache,S029
-0.34,0.08,-39.34872254038026,4.463765690174639,52.903845709772334,30.93,3.0,headache,S029
0.19,0.07,-38.843103825659014,5.04920103572888,52.99687599409127,30.93,3.0,headache,S029
0.26,0.07,-39.39704501905244,4.813435341023652,52.75111498086048,30.93,3.0,headache,S029
-0.26,0.08,-39.40108834189246,4.59452857180385,52.6297869555202,30.93,3.0,headache,S029
-0.16,0.07,-39.792038731230576,4.453597679364721,52.551070298144346,30.91,3.0,headache,S029
0.19,0.07,-39.481293499612214,3.9071373540532837,52.585664932074955,30.91,3.0,headache,S029
0.36,0.07,-39.015360974560586,4.961012266599392,52.90163138667506,30.91,3.0,headache,S029
0.03,0.07,-38.97397083661865,4.922674282197705,52.92460061259214,30.91,3.0,headache,S029
-0.52,0.09,-39.22968098334712,4.191494341552786,52.824503201128245,30.93,3.0,headache,S029
0.48,0.07,-39.598108255797456,3.8835015157903894,52.467288201232506,30.93,3.0,headache,S029
-0.37,0.08,-39.28162437207512,4.110931445426369,52.72683803345088,30.93,3.0,headache,S029
0.19,0.07,-39.878653105842474,4.136577079973294,52.39375794980588,30.93,3.0,headache,S029
-0.06,0.07,-39.686554809131046,4.447018577776206,52.21626847641843,30.93,3.0,headache,S029
0.92,0.07,-39.49780327381087,4.856829481221732,52.65276017338376,30.93,3.0,headache,S029
0.59,0.07,-39.169179510254,4.689212635648163,52.66598028223408,30.93,3.0,headache,S029
-0.74,0.07,-39.841153510469326,4.985511245625561,52.45494394822107,30.93,3.0,headache,S029
-1.28,0.07,-39.020346605910234,5.123578437808099,52.455536835660226,30.93,3.0,headache,S029
0.05,0.07,-38.731033248565325,5.343481666984048,53.05676903203382,30.93,3.0,headache,S029
0.41,0.07,-38.90496188351749,5.174371082378325,53.01665188852249,30.93,3.0,headache,S029
0.27,0.07,-39.570125134255186,5.635817997510371,52.57222704784301,30.93,3.0,headache,S029
-0.79,0.08,-38.92923393001316,5.216816070057466,52.65503755522135,30.91,3.0,headache,S029
0.3,0.07,-39.55523247549525,4.936906039806486,52.61467444910572,30.91,3.0,headache,S029
-0.41,0.07,-39.38346541060967,5.131301942751846,52.45515971569044,30.91,3.0,headache,S029
0.46,0.07,-39.40171430213017,4.537618190065672,52.68319292354121,30.91,3.0,headache,S029
0.76,0.07,-40.038484225540024,3.98539601474996,52.22260953628871,30.93,3.0,headache,S029
-1.0,0.07,-39.866504617737654,3.9789673133237087,52.52508193893163,30.93,3.0,headache,S029
-0.44,0.07,-39.74453706047727,4.029208395977014,52.431755044511654,30.93,3.0,headache,S029
0.3,0.08,-39.385813627014095,4.1882780124476895,52.945061047571066,30.93,3.0,headache,S029
0.38,0.07,-39.347716276261785,4.095861983393008,52.830152476018654,30.91,3.0,headache,S029
0.57,0.07,-39.3604894965386,4.164947631579051,52.80734846000107,30.91,3.0,headache,S029
-0.62,0.07,-39.746382971507614,4.085324507537504,52.754696766809346,30.91,3.0,headache,S029
0.52,0.07,-40.048460053720035,3.879201765952599,52.30390760872526,30.91,3.0,headache,S029
-0.17,0.07,-39.74672713021041,4.255982457960444,52.46758382245242,30.93,3.0,headache,S029
0.03,0.07,-39.35048713924788,4.0760834848606,52.8201594365006,30.93,3.0,headache,S029
-0.23,0.08,-39.31128072999722,4.512704427600684,52.883094545053154,30.93,3.0,headache,S029
0.31,0.07,-39.210077516891985,4.217717905248023,52.643087011834474,30.93,3.0,headache,S029
-0.29,0.07,-38.976663482878905,5.098171907296939,52.822846129220885,30.97,3.0,headache,S029
0.41,0.07,-38.52007282980964,5.448348379969957,53.08331564975036,30.97,3.0,headache,S029
-0.76,0.07,-38.98997828074709,4.7643549449921245,52.932350884854806,30.97,3.0,headache,S029
0.5,0.07,-39.03747058496973,4.736998249750395,53.06614989334457,30.97,3.0,headache,S029
-0.38,0.08,-39.12079813789806,4.7389466283424255,52.89713313892376,30.93,3.0,headache,S029
-0.02,0.07,-38.911865473493606,4.566705536343945,52.81728809110761,30.93,3.0,headache,S029
-0.01,0.07,-39.29770061068014,4.494980167022169,52.629872136762,30.93,3.0,headache,S029
0.39,0.08,-38.99192325041825,5.1086501630288,52.819130432731896,30.93,3.0,headache,S029
-0.3,0.07,-39.4653727758285,4.315203873758348,52.64087700337616,30.93,3.0,headache,S029
0.06,0.07,-39.395592252387445,4.706766302095846,52.661656454849826,30.93,3.0,headache,S029
-0.43,0.07,-39.71875643374959,4.6938551759789,52.234368351703885,30.93,3.0,headache,S029
0.63,0.07,-40.036962737860065,3.8879619249776183,52.07432888797508,30.93,3.0,headache,S029
0.16,0.07,-39.62885554062352,4.728525973973479,52.10354367921038,30.93,3.0,headache,S029
0.48,0.07,-39.580819618266574,4.610269268264066,52.33169414966784,30.93,3.0,headache,S029
-1.3,0.07,-39.767351719747786,4.92107355709337,52.25144229707843,30.93,3.0,headache,S029
0.46,0.07,-39.7858529108144,4.591905235495339,52.54952531504591,30.93,3.0,headache,S029
0.13,0.07,-39.62835169409544,3.9453910245890333,52.473311984632645,30.91,3.0,headache,S029
-0.09,0.07,-39.71133635657861,4.036333544780044,52.62752223628402,30.91,3.0,headache,S029
-0.38,0.08,-39.82209790642832,3.9867102124522917,52.62876605556738,30.91,3.0,headache,S029
0.82,0.07,-39.9591543771473,3.9802779251713245,52.276560073847314,30.91,3.0,headache,S029
-0.59,0.07,-39.995117338289425,4.32102605173157,52.539662778462244,30.91,3.0,headache,S029
0.77,0.07,-39.81684062546956,4.21910525141204,52.418979319445626,30.91,3.0,headache,S029
-0.3,0.07,-39.95825892249698,4.184187599778027,52.26424561086012,30.91,3.0,headache,S029
-0.17,0.07,-39.519629699153,5.184248737080548,52.18224267224517,30.91,3.0,headache,S029
-0.02,0.08,-39.60751915574689,4.792995530169619,52.31304135719409,30.91,3.0,headache,S029
0.1,0.08,-39.78945192101029,4.9367574735208075,52.372871841035696,30.91,3.0,headache,S029
-0.1,0.07,-39.69500481162215,4.626366395187652,52.45795456871663,30.91,3.0,headache,S029
-0.16,0.07,-39.76110022749386,4.57129639704276,52.44540589703539,30.91,3.0,headache,S029
-0.38,0.07,-39.27580616282839,4.981180580975207,52.51701699532384,30.91,3.0,headache,S029
0.44,0.07,-39.29467748278533,5.028933757352712,52.51603087736755,30.91,3.0,headache,S029
0.02,0.07,-39.10940064249105,4.888798388757279,52.460578716809735,30.91,3.0,headache,S029
0.26,0.07,-39.10089037928861,4.042042668074816,52.655526847476374,30.91,3.0,headache,S029
-0.13,0.08,-39.4439122376108,4.0074606356227775,52.41618031974231,30.91,3.0,headache,S029
0.32,0.07,-39.09204141321112,4.908343377418406,52.69050403406658,30.91,3.0,headache,S029
-0.08,0.07,-38.91096460114112,4.999649270941996,52.73663469247458,30.91,3.0,headache,S029
-0.15,0.08,-38.62857701052913,5.172389632290918,52.95388538881477,30.91,3.0,headache,S029
-0.2,0.07,-38.94424370321574,5.198803110408802,53.01534139536284,30.91,3.0,headache,S029
0.25,0.07,-39.02885859579439,5.0947133329351715,52.99571408722734,30.91,3.0,headache,S029
-0.05,0.08,-38.87924601941059,5.768096226360967,52.98544421717375,30.91,3.0,headache,S029
-0.68,0.08,-39.19479228024649,4.949698107106574,52.584727817935565,30.91,3.0,headache,S029
0.72,0.07,-39.20799728035748,4.0294825558539955,53.04013631888937,30.91,3.0,headache,S029
-0.0,0.08,-38.920477526462534,4.760958727852594,52.70134196563239,30.91,3.0,headache,S029
-0.42,0.08,-39.16708628056818,4.601477338455099,52.46628860401034,30.91,3.0,headache,S029
-0.02,0.07,-39.51997422277894,4.383350435829376,52.58286868411209,30.91,3.0,headache,S029
0.53,0.07,-39.854261710531055,4.637122977797832,52.506919339732015,30.95,3.0,headache,S029
-0.4,0.07,-39.87755482239704,3.9535962869671,52.235045726864605,30.95,3.0,headache,S029
-0.41,0.07,-39.836513839767385,4.587505364122868,52.32647899492358,30.95,3.0,headache,S029
0.37,0.07,-39.724789543476234,4.372083734492857,52.54598538829776,30.95,3.0,headache,S029
-0.19,0.07,-39.53620653244064,4.870044808205643,52.660501099842094,30.93,3.0,headache,S029
0.38,0.08,-39.43539787868427,3.8657367767376254,52.582015092837565,30.93,3.0,headache,S029
-0.4,0.07,-40.58708198592527,4.291169088985533,52.1579320994195,30.93,3.0,headache,S029
0.4,0.07,-39.95544680768759,3.4662392883491533,52.15192080361457,30.93,3.0,headache,S029
-0.0,0.08,-39.88203199264067,4.399608280420403,52.499747719766,30.91,3.0,headache,S029
0.38,0.08,-40.04200058931215,4.124617861021141,52.09799866188955,30.91,3.0,headache,S029
-0.06,0.07,-40.23201704192575,4.514873172875346,52.22005345078202,30.91,3.0,headache,S029
0.17,0.08,-39.594567569909316,4.906927720681239,52.5291489436071,30.91,3.0,headache,S029
-0.79,0.08,-39.35863552259175,5.714464144555036,52.467364862784,30.93,3.0,headache,S029
0.14,0.07,-38.85702218600548,5.384236356513107,52.749132532053764,30.93,3.0,headache,S029
-0.41,0.07,-39.07677042233732,5.555022656901411,52.65762557243537,30.93,3.0,headache,S029
0.43,0.07,-38.97443138709513,5.3320783510742045,53.02702602402011,30.93,3.0,headache,S029
-0.07,0.07,-39.0900505094797,4.938305329227619,52.83102458725449,30.95,3.0,headache,S029
0.06,0.07,-39.23779823012105,5.000667858818144,52.168322862836696,30.95,3.0,headache,S029
-0.21,0.07,-39.17610074444376,5.056763649841702,52.45342304858026,30.95,3.0,headache,S029
0.24,0.07,-39.434689440036806,4.712109131308042,52.67492178287724,30.95,3.0,headache,S029
0.36,0.07,-39.47876835107379,4.463986192180375,52.55460027016789,30.91,3.0,headache,S029
0.11,0.07,-39.336752948810634,4.974213329738356,52.42147965415021,30.91,3.0,headache,S029
-0.41,0.08,-39.68876707663221,4.379655900993336,52.199746112034546,30.91,3.0,headache,S029
0.06,0.07,-39.17957072282553,4.133100743462641,52.579548336186136,30.91,3.0,headache,S029
-0.03,0.07,-39.84498183832978,3.987721164492818,52.415918366861035,30.93,3.0,headache,S029
0.14,0.07,-39.72313058298663,3.784425471759705,52.29977812227679,30.93,3.0,headache,S029
0.09,0.07,-40.03094902480969,3.952127301944901,52.01245333486518,30.93,3.0,headache,S029
-0.04,0.07,-39.698607893493836,3.978665384747838,52.28885729568791,30.93,3.0,headache,S029
-0.24,0.08,-39.898717867386154,4.622176744946767,52.169002338530916,30.91,3.0,headache,S029
-0.03,0.08,-40.01929210947344,4.725777562950617,52.183133624313335,30.91,3.0,headache,S029
-0.3,0.07,-39.21755160247281,5.193613003315744,52.50257964190739,30.91,3.0,headache,S029
0.78,0.07,-38.99700063561977,5.295352889383517,52.67798446625986,30.91,3.0,headache,S029
-0.75,0.07,-39.13964054825465,5.188680795311532,52.80227535689736,30.93,3.0,headache,S029
0.06,0.07,-38.9169919544346,5.701630229850463,52.96902167395062,30.93,3.0,headache,S029
0.31,0.07,-39.41990055919222,4.750515107332142,52.46554929533401,30.93,3.0,headache,S029
-0.23,0.07,-39.440963148745986,5.237679081427695,52.50950127136748,30.93,3.0,headache,S029
0.07,0.08,-39.702123606914064,4.535283386369238,52.53207427807964,30.95,3.0,headache,S029
0.33,0.07,-39.75507498548219,4.825594072898388,52.1967171225524,30.95,3.0,headache,S029
-0.0,0.08,-39.49442020828559,5.008304680159741,52.49808787303596,30.95,3.0,headache,S029
0.2,0.08,-39.75501451424587,4.730069004242703,52.19324827935904,30.95,3.0,headache,S029
-0.33,0.07,-39.67753449066767,4.4476730150425805,52.32656569139514,30.93,3.0,headache,S029
-0.02,0.07,-39.39400976946482,4.343062991308984,52.69112478700003,30.93,3.0,headache,S029
-0.49,0.07,-39.55241169933993,3.9654734178421243,52.56870796667582,30.93,3.0,headache,S029
0.46,0.07,-39.990875734383096,4.205679215686621,52.516694270708285,30.93,3.0,headache,S029
0.09,0.07,-40.09604715057636,3.9335175241992832,52.240907082617596,30.93,3.0,headache,S029
0.07,0.07,-39.65407039521517,4.205210820102018,52.19285951735135,30.93,3.0,headache,S029
-0.15,0.07,-39.915080914505445,4.02901522657871,52.44892356956712,30.93,3.0,headache,S029
0.09,0.07,-40.09862351164245,4.70156557125969,52.221158828170616,30.93,3.0,headache,S029
0.23,0.07,-39.5101595512829,4.9553184006425655,52.25518196206234,30.91,3.0,headache,S029
-0.2,0.07,-39.057104292050774,5.459343473480024,52.48788839952103,30.91,3.0,headache,S029
-0.38,0.07,-39.190935540105706,5.126122035731454,52.830005144794825,30.91,3.0,headache,S029
-0.29,0.07,-38.913302344251385,5.825526718206637,52.70109727781269,30.91,3.0,headache,S029
0.17,0.07,-38.751845067621225,5.771660883345226,52.86944736687605,30.91,3.0,headache,S029
1.12,0.07,-38.88254356812067,6.194602778828714,53.10732475792774,30.91,3.0,headache,S029
-0.8,0.07,-39.398431797529895,5.079965249525496,52.56383568646768,30.91,3.0,headache,S029
-0.02,0.07,-39.12738400890679,4.768925211716831,52.81926531750415,30.91,3.0,headache,S029
-0.11,0.07,-39.028027953892604,4.571883545964139,52.75595079912864,30.91,3.0,headache,S029
0.12,0.07,-39.42287146703466,4.815584459177953,52.34316286489585,30.91,3.0,headache,S029
-0.22,0.07,-39.47777460240789,4.8212002828433835,52.3180293305652,30.91,3.0,headache,S029
0.4,0.08,-39.98247593638415,4.288372334123167,52.52360051707497,30.91,3.0,headache,S029
-0.58,0.07,-39.58196567048466,5.315661994489472,52.55840416752974,30.91,3.0,headache,S029
0.41,0.07,-39.16645607051767,5.092060217785934,52.11057291772201,30.91,3.0,headache,S029
-0.07,0.08,-39.76766760149158,4.828436802609461,52.218431513362205,30.91,3.0,headache,S029
0.03,0.07,-39.857448817292685,3.9364634792194013,52.40705458949136,30.91,3.0,headache,S029
-0.14,0.07,-39.72291291681268,4.015373102981828,52.641494202070675,30.89,3.0,headache,S029
0.4,0.08,-39.82058260658784,4.330493849811406,52.30245128942519,30.89,3.0,headache,S029
-0.22,0.08,-39.692630990017896,5.018854858356097,52.174935263915,30.89,3.0,headache,S029
0.61,0.07,-40.069518698211134,4.344915214326056,52.16271713890965,30.89,3.0,headache,S029
-0.58,0.07,-39.94242829220517,4.315948801515046,52.15286522375382,30.91,3.0,headache,S029
-0.27,0.07,-40.09119706659102,4.423908337759402,52.1693622622039,30.91,3.0,headache,S029
0.32,0.07,-39.58669144189681,5.7274776100585045,52.396577164442945,30.91,3.0,headache,S029
0.23,0.07,-39.318240205645616,5.35804582641728,52.37930422813806,30.91,3.0,headache,S029
-0.43,0.08,-38.92249708314236,5.506526944610186,52.51563833585752,30.89,3.0,headache,S029
0.32,0.08,-39.25540187392976,4.883064485388896,52.72225489425936,30.89,3.0,headache,S029
-0.52,0.07,-39.30996709056769,4.940542473327064,52.79458199510825,30.89,3.0,headache,S029
0.61,0.07,-39.51197432033982,4.178049993440236,52.43189167012436,30.89,3.0,headache,S029
-0.38,0.08,-39.37622918749243,5.144676291859397,52.39220256356945,30.89,3.0,headache,S029
-0.08,0.07,-39.878796335392046,5.0400693344377805,52.10804572776635,30.89,3.0,headache,S029
0.1,0.07,-40.04004867063365,5.242464735942613,52.20141518778643,30.89,3.0,headache,S029
0.4,0.08,-39.610699590728515,5.026569514828349,52.293148177688245,30.89,3.0,headache,S029
-0.18,0.07,-39.90700468230756,4.800900605702152,52.221762456648364,30.91,3.0,headache,S029
-0.29,0.07,-40.18699681400343,4.274041175725129,52.18138887988264,30.91,3.0,headache,S029
-0.04,0.07,-40.28972643039607,3.4570140224452603,52.162666761292805,30.91,3.0,headache,S029
0.41,0.08,-39.82852782034895,4.593609101020744,52.12246521777337,30.91,3.0,headache,S029
-0.33,0.07,-39.50218721068219,4.9369246899853865,52.24101006466344,30.93,3.0,headache,S029
0.34,0.07,-39.342246947366455,5.310676264977493,52.534089543766186,30.93,3.0,headache,S029
-0.31,0.07,-39.341908114080155,5.174034040498007,52.707413295818924,30.93,3.0,headache,S029
-0.06,0.07,-39.4790843452962,4.654263937019128,52.389270010624976,30.93,3.0,headache,S029
0.18,0.07,-39.84775431274906,4.532299812452204,52.25986074745525,30.93,3.0,headache,S029
0.61,0.07,-39.69412710766437,4.338854599222779,52.30816618044694,30.93,3.0,headache,S029
-0.83,0.07,-40.003958317531634,4.590432600487035,52.092024643951,30.93,3.0,headache,S029
0.36,0.07,-39.76969898890464,4.6555480968882215,52.35455417666976,30.93,3.0,headache,S029
-0.4,0.08,-40.24361922729871,4.57278331909324,52.11736588336958,30.93,3.0,headache,S029
0.16,0.08,-39.969340170628435,4.034527416770546,52.23538083762201,30.93,3.0,headache,S029
0.17,0.07,-39.51702822950496,5.019351313404288,52.2308720647067,30.93,3.0,headache,S029
0.37,0.07,-39.59665286280613,4.910242284558811,52.20511568395635,30.93,3.0,headache,S029
-0.55,0.08,-39.471565707693784,5.050756163202481,52.21671825956423,30.93,3.0,headache,S029
0.49,0.07,-39.54308881179776,4.620214722665773,52.42963660717354,30.93,3.0,headache,S029
-0.45,0.07,-40.020933760923114,4.267231035016599,52.11618493000682,30.93,3.0,headache,S029
-0.08,0.07,-39.74137796651066,4.185498287575234,52.272892247217804,30.93,3.0,headache,S029
0.04,0.07,-38.98984200664717,5.17620922892925,52.548467585075215,30.93,3.0,headache,S029
0.48,0.07,-38.925388966128224,5.319096564877604,52.68544270810369,30.93,3.0,headache,S029
-0.5,0.07,-38.49413264355755,5.102227298018771,53.02984715539844,30.93,3.0,headache,S029
0.55,0.07,-39.18601180881424,5.2665547048803285,52.82989914401403,30.93,3.0,headache,S029
-0.53,0.07,-38.78844753408451,5.098197100722167,52.99066446378507,30.95,3.0,headache,S029
0.04,0.07,-39.19182633719742,5.17369396335986,52.74493730040956,30.95,3.0,headache,S029
-0.02,0.07,-38.86078176381771,4.745350821216383,52.93923303275146,30.95,3.0,headache,S029
0.39,0.07,-39.396710406078306,5.08971778629414,52.70132524092287,30.95,3.0,headache,S029
-0.44,0.07,-38.87328347233041,4.7580575754436145,52.639806876600915,30.93,3.0,headache,S029
0.63,0.07,-39.249672521025495,4.9730270855868035,52.83635620971288,30.93,3.0,headache,S029
0.33,0.07,-39.738669243060826,4.571673671558657,52.20345266661522,30.93,3.0,headache,S029
-0.56,0.07,-39.049211855954944,5.155158505443025,52.60305461259341,30.93,3.0,headache,S029
0.07,0.07,-39.472734248670434,4.900787901364207,52.43280877719091,30.93,3.0,headache,S029
0.61,0.07,-39.170123529554225,5.063039154338251,52.38574176044103,30.93,3.0,headache,S029
-1.85,0.07,-39.93337162489591,4.973548988771152,52.278053750115575,30.93,3.0,headache,S029
1.19,0.07,-39.53723826200629,4.946188535175475,52.33182523169077,30.93,3.0,headache,S029
-0.8,0.07,-40.05759309944878,4.764606397735086,52.17640856297271,30.93,3.0,headache,S029
0.24,0.07,-39.941134313806636,5.053691132592253,52.086079153495575,30.93,3.0,headache,S029
-0.14,0.07,-39.74362480937561,5.016569933529719,52.15568146725401,30.93,3.0,headache,S029
0.7,0.08,-39.99083482850897,4.666988904903785,52.00510482626787,30.93,3.0,headache,S029
-0.41,0.08,-39.992702518444545,4.367103699498478,52.15036574298633,30.93,3.0,headache,S029
0.37,0.07,-39.93400842907774,5.114866945292645,52.11566933975595,30.93,3.0,headache,S029
-0.88,0.07,-40.08329928198406,4.911367749734281,52.010482903832724,30.93,3.0,headache,S029
1.28,0.08,-39.35299290874049,5.836104731967803,51.95593649797782,30.93,3.0,headache,S029
-0.7,0.07,-39.64949760787376,5.907055267816644,52.19590024006075,30.91,3.0,headache,S029
0.29,0.07,-39.594534728474095,5.2271230991374535,52.305312893141334,30.91,3.0,headache,S029
-0.79,0.08,-39.67605752997704,5.436069724569758,52.52614933163335,30.91,3.0,headache,S029
0.74,0.07,-39.42298310202423,5.4771177789434295,52.52849910563225,30.91,3.0,headache,S029
-0.69,0.07,-39.171500634418685,6.24049051065249,52.54945919321133,30.93,3.0,headache,S029
1.17,0.07,-39.06091925161395,6.929313281712242,52.629598366818314,30.93,3.0,headache,S029
-1.16,0.08,-38.98344695970015,6.2122321499422455,52.74975154145159,30.93,3.0,headache,S029
0.68,0.07,-39.143004696814536,6.3426093041431795,52.51250942055096,30.93,3.0,headache,S029
-0.39,0.08,-38.99292262674456,5.210221271266013,52.35721893379052,30.91,3.0,headache,S029
0.53,0.07,-39.44676509396238,5.906154040793426,52.682108032257176,30.91,3.0,headache,S029
-0.55,0.07,-39.124378420013265,5.380604416355598,52.25330689236091,30.91,3.0,headache,S029
0.45,0.07,-39.42558465849259,5.038466742176606,52.70089675245432,30.91,3.0,headache,S029
-0.94,0.07,-40.12090004113869,4.00989900550231,52.211387174917405,30.93,3.0,headache,S029
0.6,0.08,-39.625903120964544,4.017198899848193,52.72713576766462,30.93,3.0,headache,S029
-0.54,0.07,-39.93449445804776,4.089804678798976,52.187778555489956,30.93,3.0,headache,S029
0.2,0.07,-39.87179786871431,4.04097781542222,52.35359570684727,30.93,3.0,headache,S029
0.04,0.07,-39.14892739947507,4.6869877536559725,52.7702800935963,30.91,3.0,headache,S029
0.55,0.07,-39.69157406943778,4.816978420918882,52.20569412614648,30.91,3.0,headache,S029
-0.76,0.07,-39.06967273305047,4.746935782658361,52.813161265852486,30.91,3.0,headache,S029
0.27,0.07,-39.40253258734257,5.425225983772832,52.42521134845155,30.91,3.0,headache,S029
-0.17,0.07,-39.15537551744001,6.042853613020131,52.77855800415196,30.91,3.0,headache,S029
-0.24,0.07,-39.10598916567347,5.5189935886973425,52.53472808591256,30.91,3.0,headache,S029
-0.69,0.08,-39.339824504527975,5.610847954604126,52.53761914166847,30.91,3.0,headache,S029
0.86,0.08,-39.43645900222774,5.893275223849842,52.50605329502833,30.91,3.0,headache,S029
-0.24,0.07,-39.06930414889236,5.90307310577512,52.47155800694521,30.93,3.0,headache,S029
1.94,0.07,-39.03181074323407,6.097768745282754,52.80156601896122,30.93,3.0,headache,S029
-1.15,0.07,-38.97251613862812,5.899451144118804,52.41889628868052,30.93,3.0,headache,S029
0.27,0.07,-39.03101054466503,6.109294747438012,52.80437585218814,30.93,3.0,headache,S029
0.0,0.07,-38.94431083315422,5.3584889456672125,52.65201281411484,30.91,3.0,headache,S029
0.35,0.07,-38.88995563883054,6.155369290434275,52.690065769883375,30.91,3.0,headache,S029
-1.09,0.07,-39.178645730198504,5.491890202067575,52.765992231314954,30.91,3.0,headache,S029
1.14,0.07,-38.951561444274816,5.554133880927524,52.78261330058417,30.91,3.0,headache,S029
-0.36,0.07,-38.899191560775655,5.893498717403354,52.95055740655476,30.91,3.0,headache,S029
-0.08,0.07,-39.0021792643873,5.611088564018168,52.6917239104837,30.91,3.0,headache,S029
-0.32,0.07,-39.112706506086866,5.871711194815644,52.55902493248745,30.91,3.0,headache,S029
0.5,0.09,-39.106477947370536,5.977670675260797,52.736148726183565,30.91,3.0,headache,S029
-0.51,0.08,-39.54672583167551,5.754676832565129,52.62439630594096,30.93,3.0,headache,S029
0.66,0.07,-39.424643653781835,5.20602010264413,52.36595576540572,30.93,3.0,headache,S029
-0.72,0.07,-39.5081496802123,5.409179295586261,52.516971332358835,30.93,3.0,headache,S029
0.54,0.07,-39.10894102377384,5.226966362094868,52.57302150425467,30.93,3.0,headache,S029
-1.18,0.07,-39.36295268299302,4.925053159125274,52.60643377802951,30.93,3.0,headache,S029
1.55,0.07,-39.673912299266846,4.751887661328592,52.514050787201825,30.93,3.0,headache,S029
-0.74,0.08,-39.313757275064276,5.106829426372381,52.4877116927448,30.93,3.0,headache,S029
0.67,0.07,-39.72935975412517,4.614963230601512,52.359968250556754,30.93,3.0,headache,S029
-1.13,0.07,-39.84927314958952,4.356320046726475,52.08603686419047,30.93,3.0,headache,S029
0.99,0.08,-39.96494907884231,5.104516919281004,52.36316563567185,30.93,3.0,headache,S029
-0.68,0.08,-39.84921506521645,4.765604097002295,52.00004538950758,30.93,3.0,headache,S029
0.84,0.07,-39.72028782813684,5.1907324517687305,52.23117377803125,30.93,3.0,headache,S029
-1.4,0.07,-40.152481123575605,4.775835657296934,52.13994297819143,30.93,3.0,headache,S029
1.81,0.08,-39.61955314884341,5.612687790019375,52.39997443079044,30.93,3.0,headache,S029
-1.49,0.07,-39.65166275639117,5.6183663429502335,52.3891290381711,30.93,3.0,headache,S029
0.68,0.07,-39.58865667750006,6.027094888459555,52.49924553681436,30.93,3.0,headache,S029
-1.04,0.08,-39.59663561049114,5.87680992054127,52.445658439116535,30.93,3.0,headache,S029
1.48,0.07,-38.95271198855889,6.532992066560222,52.831364330836614,30.93,3.0,headache,S029
-1.51,0.07,-39.080747304024946,6.511752372678944,52.720870736498156,30.93,3.0,headache,S029
1.63,0.08,-38.838291169467226,6.382509511736574,52.721559346395864,30.93,3.0,headache,S029
-1.41,0.08,-39.09219758942365,6.004774162842242,52.59201521295424,30.93,3.0,headache,S029
1.78,0.07,-39.447392174427605,4.492691698606443,52.35558908852204,30.93,3.0,headache,S029
-2.09,0.07,-39.230754388700134,5.709665974460269,52.71914519296815,30.93,3.0,headache,S029
2.52,0.08,-39.24481541784697,5.571345662238396,52.47900872292321,30.93,3.0,headache,S029
-2.38,0.07,-39.64950119753883,5.85263570755443,52.147350012475,30.93,3.0,headache,S029
1.72,0.07,-38.89846136683878,6.047212604735305,52.81426259138136,30.93,3.0,headache,S029
-2.57,0.07,-39.48835645736047,5.140979550521309,52.209884050713725,30.93,3.0,headache,S029
2.7,0.07,-40.198525589942356,4.681549918850578,52.254629274395285,30.93,3.0,headache,S029
-2.85,0.07,-38.829117209510315,5.484738058413968,52.71023329484959,30.91,3.0,headache,S029
3.27,0.07,-40.620699589309375,4.5173158690803215,52.11138426300434,30.91,3.0,headache,S029
-4.08,0.08,-39.137458648717356,3.652152327189093,52.818374499795674,30.91,3.0,headache,S029
4.43,0.07,-39.710648710504366,2.934294572163746,52.55140274784434,30.91,3.0,headache,S029
-10.17,0.08,-40.29158595929344,2.602151234005509,52.40791030938084,30.91,3.0,headache,S029
-13.61,0.08,-40.21110625450656,3.8243737269818117,51.86570801024911,30.91,3.0,headache,S029
-75.96,0.07,-39.60497914517363,5.444684219050982,52.56131767440457,30.91,3.0,headache,S029
55.21,0.07,-39.37328093661821,5.3622562257616995,52.378418771414985,30.91,3.0,headache,S029
67.72,0.07,-38.94239348761379,5.826763525037897,53.038127355855934,30.95,3.0,headache,S029
56.98,0.08,-38.9044812680521,6.021208624900462,52.80243059562199,30.95,3.0,headache,S029
-28.25,0.07,-38.89970430367923,5.87934704721309,53.10994394784904,30.95,3.0,headache,S029
-46.59,0.08,-38.76725429313548,5.164418542431499,52.87207213272126,30.95,3.0,headache,S029
-0.6,0.08,-38.88833678495397,5.2727336258988515,52.95179123559077,30.93,3.0,headache,S029
-7.1,0.07,-39.15485616066138,4.42931755771317,52.87243490422645,30.93,3.0,headache,S029
3.78,0.07,-39.23165981983111,4.560520390752309,52.969647425843064,30.93,3.0,headache,S029
-3.22,0.08,-39.41482156264448,4.084024103899426,52.61842272827696,30.93,3.0,headache,S029
3.05,0.07,-38.935007550865684,4.244871515211975,52.99574436277686,30.93,3.0,headache,S029
-3.0,0.07,-39.135737679168464,4.972460867652781,52.86775102619823,30.93,3.0,headache,S029
2.2,0.08,-38.8596536068505,4.515795518391385,53.0971179340794,30.93,3.0,headache,S029
-2.4,0.07,-39.202434185157706,5.0298472306794615,52.88972512761415,30.93,3.0,headache,S029
1.74,0.07,-39.00129661365975,4.954425109868033,52.73220692181286,30.93,3.0,headache,S029
-2.39,0.07,-39.065847451526466,4.064208807681913,52.928617888806144,30.93,3.0,headache,S029
2.53,0.08,-39.0409353942942,4.3327760952527115,53.05353025155982,30.93,3.0,headache,S029
-2.55,0.07,-39.040965033411425,4.114464793999863,52.952463994161384,30.93,3.0,headache,S029
1.76,0.08,-38.92736585676491,4.721417382727141,53.029473026801995,30.93,3.0,headache,S029
-0.84,0.08,-39.129630364533206,3.8902543269851777,52.63203812055661,30.93,3.0,headache,S029
0.92,0.07,-38.73070723940099,5.1759437626237865,53.003023782592834,30.93,3.0,headache,S029
-1.44,0.07,-38.53890432080921,5.335877973667939,52.96136928915906,30.93,3.0,headache,S029
1.37,0.08,-38.87407932472272,4.973625445328433,53.04433149943958,30.91,3.0,headache,S029
-1.23,0.07,-38.85714612634094,5.29992459191968,52.95297931905626,30.91,3.0,headache,S029
0.87,0.07,-38.81626833470296,4.991942898817246,53.04933584528614,30.91,3.0,headache,S029
-1.31,0.08,-38.777781651421655,4.942591099206563,52.947899641213596,30.91,3.0,headache,S029
1.3,0.08,-38.95131463162119,4.078047773838148,53.05596912045663,30.91,3.0,headache,S029
-0.35,0.07,-38.89356157903245,4.723594954265053,52.93796188212299,30.91,3.0,headache,S029
0.41,0.08,-38.97333683006738,4.506609772547549,53.07329766786195,30.91,3.0,headache,S029
-1.03,0.08,-39.138367059923205,3.856377720701307,52.893495110866226,30.91,3.0,headache,S029
0.92,0.07,-39.1266253384638,4.101942573071119,52.970603910569075,30.91,3.0,headache,S029
-0.7,0.08,-38.982210356222026,4.065665745526899,52.8580823173933,30.91,3.0,headache,S029
0.64,0.08,-39.138574516002556,4.364007836857956,53.021084664354525,30.91,3.0,headache,S029
-0.87,0.07,-39.19249887701101,4.121057310851024,52.619788592025394,30.91,3.0,headache,S029
1.21,0.07,-39.1695618519356,4.726294202036841,52.75630321791318,30.93,3.0,headache,S029
-0.92,0.07,-39.17991459053374,4.894178528079082,52.84495576084016,30.93,3.0,headache,S029
0.69,0.08,-39.18824035622224,5.02629409010938,52.39196456295519,30.93,3.0,headache,S029
-1.25,0.07,-38.85681904290809,4.948609316265876,52.990202784547726,30.93,3.0,headache,S029
0.74,0.08,-39.06164529745484,5.090952551602502,52.97912162116993,30.91,3.0,headache,S029
0.15,0.08,-38.911578856261755,4.697020130252017,53.01821133970415,30.91,3.0,headache,S029
-0.07,0.07,-38.91476146336071,5.274186897608113,52.977152043056435,30.91,3.0,headache,S029
-0.42,0.07,-38.122093608849006,6.108802906833249,53.075492891082725,30.91,3.0,headache,S029
1.13,0.07,-38.262138524738944,6.275682959015988,53.090204626722134,30.93,3.0,headache,S029
-0.77,0.07,-38.16091158609899,5.822986096799536,52.94541228465337,30.93,3.0,headache,S029
0.73,0.07,-38.36880438149528,5.929336169602279,53.142926268758174,30.93,3.0,headache,S029
-0.86,0.08,-38.74105323619746,4.819742465622433,53.00660281335951,30.93,3.0,headache,S029
0.23,0.07,-38.59621480402399,5.037064155949435,53.000557576378796,30.91,3.0,headache,S029
0.12,0.07,-39.06209957287588,4.822241716237348,52.75455551430933,30.91,3.0,headache,S029
0.33,0.08,-39.222321272171,4.696792848093768,52.71000851981759,30.91,3.0,headache,S029
-0.1,0.08,-39.243775483713414,4.5553922716043616,52.76076731824315,30.91,3.0,headache,S029
0.95,0.07,-39.26035826156802,4.149474746390133,52.92657108717467,30.93,3.0,headache,S029
1.41,0.08,-39.807818165029374,4.093379821160216,52.531748238637945,30.93,3.0,headache,S029
-1.9,0.08,-40.96684208484851,4.038477063886367,51.19316929679979,30.93,3.0,headache,S029
-1.67,0.07,-41.738080442432356,5.291862445071001,50.77763065460115,30.93,3.0,headache,S029
0.96,0.07,-41.60582137056845,5.373980872492572,50.829576672241906,30.91,3.0,headache,S029
0.01,0.08,-39.08439805049682,5.046666617615623,52.47619810685217,30.91,3.0,headache,S029
1.27,0.07,-39.090713010618444,5.015363541259998,52.437817752538635,30.91,3.0,headache,S029
-1.12,0.07,-39.10144273632749,5.124305561019489,52.629837622555854,30.91,3.0,headache,S029
-0.8,0.08,-38.91213487115735,6.012186303604836,52.9828966688642,30.93,3.0,headache,S029
-1.39,0.08,-38.836156400286384,5.956308684944717,52.896354382924976,30.93,3.0,headache,S029
1.22,0.07,-38.735452482736434,6.262863253208692,52.95657030139733,30.93,3.0,headache,S029
-0.01,0.07,-38.99089991210362,5.971486364112228,53.02425352791775,30.93,3.0,headache,S029
0.62,0.08,-38.95674540835014,5.0873109061874,52.69429985199991,30.93,3.0,headache,S029
-0.2,0.07,-39.04856330507021,5.0829554854208,52.76786220652128,30.93,3.0,headache,S029
0.09,0.1,-38.95039003122298,5.085371853269844,53.02293763528931,30.93,3.0,headache,S029
-0.02,0.08,-39.04974915203672,5.625848650785545,52.84051728741398,30.93,3.0,headache,S029
0.52,0.08,-38.950249280248535,5.2277228488513785,53.07986906101131,30.93,3.0,headache,S029
-0.74,0.08,-39.04990952391444,5.074887071142097,52.873656388230096,30.93,3.0,headache,S029
0.89,0.08,-38.94956663796653,5.048060164690618,52.96611964894291,30.93,3.0,headache,S029
-0.67,0.08,-39.0516140479002,5.069254437860582,52.87519134714009,30.93,3.0,headache,S029
0.19,0.07,-38.94586790746278,5.109032032702176,52.999771934026626,30.93,3.0,headache,S029
-0.16,0.08,-39.060665779145566,5.531858455116366,52.987813207730106,30.93,3.0,headache,S029
-0.04,0.08,-38.819845867510494,4.9299446574899495,53.02578911334353,30.93,3.0,headache,S029
-0.31,0.07,-39.02898143148344,5.133360476152218,52.8953455617052,30.93,3.0,headache,S029
0.85,0.08,-38.97506379697446,5.193322771338723,52.9502239975521,30.93,3.0,headache,S029
-0.2,0.08,-39.04281458401379,4.911839655600559,53.01830028549789,30.93,3.0,headache,S029
-0.17,0.08,-38.93991758889983,4.948142536307063,52.99295770702383,30.93,3.0,headache,S029
-0.52,0.07,-39.145787669586866,4.813430186708872,52.88542737474002,30.93,3.0,headache,S029
0.45,0.08,-39.30734399136776,3.8898920719603365,52.80720432456453,30.93,3.0,headache,S029
-0.09,0.08,-39.11205110730038,4.5605168827634825,52.94251553489709,30.93,3.0,headache,S029
0.32,0.08,-38.943091952048185,4.6823040744454145,52.925011952963494,30.93,3.0,headache,S029
-0.81,0.08,-39.06126173279261,4.928033206552583,52.919313447290605,30.93,3.0,headache,S029
0.74,0.08,-38.8808996241573,5.000750016322304,52.78987076933343,30.91,3.0,headache,S029
-0.23,0.07,-38.95971950360855,5.023599805157697,52.97610606673692,30.91,3.0,headache,S029
0.35,0.07,-38.99350455051964,4.893139338530045,53.00310196874452,30.91,3.0,headache,S029
-0.61,0.08,-39.023985747460095,4.953958762387471,53.02168567129529,30.91,3.0,headache,S029
0.43,0.07,-39.49652522417287,5.0192725897779455,52.81667898640532,30.93,3.0,headache,S029
-0.15,0.07,-39.59121685547368,4.775719509928889,52.276752757134936,30.93,3.0,headache,S029
0.29,0.08,-38.385378254619596,4.972142074822641,53.2306233206707,30.93,3.0,headache,S029
-0.72,0.08,-38.49596130668147,5.04380595596992,53.00024210644962,30.93,3.0,headache,S029
-0.47,0.07,-39.6505511179167,5.320554734617845,52.33938416699603,30.93,3.0,headache,S029
-3.12,0.08,-39.601155072028426,5.1455312200595,52.25849421701946,30.93,3.0,headache,S029
-3.17,0.08,-39.2036300193461,5.213792978012511,52.64154073433651,30.93,3.0,headache,S029
6.4,0.07,-39.454490003652424,5.065929152550418,52.39778617888221,30.93,3.0,headache,S029
2.46,0.07,-39.25180889692884,5.38403796478124,52.60865307475992,30.93,3.0,headache,S029
-0.91,0.08,-39.232035906107846,5.19323784401479,52.45287764258535,30.93,3.0,headache,S029
0.34,0.08,-39.33340540528166,5.000149419178759,52.59630822762893,30.93,3.0,headache,S029
-0.93,0.07,-39.25139291359597,5.047591467431993,52.78130982234805,30.93,3.0,headache,S029
0.04,0.08,-39.26817718239931,5.1380122172341345,52.54349512144888,30.95,3.0,headache,S029
0.31,0.08,-39.31771821559836,4.9039062598748515,52.65154378952274,30.95,3.0,headache,S029
0.12,0.07,-39.18308098523584,5.038018789311659,52.539102180461434,30.95,3.0,headache,S029
-0.24,0.07,-39.03106295177995,4.99837454857656,52.736808764662996,30.95,3.0,headache,S029
0.2,0.08,-39.09998751561104,4.993354867343841,52.654263074436244,30.95,3.0,headache,S029
-0.33,0.07,-39.05552888910182,5.038981668843,52.98389844290801,30.95,3.0,headache,S029
0.47,0.07,-39.551774023588344,4.438437038508621,52.694000614698204,30.95,3.0,headache,S029
-0.3,0.08,-39.50293923534019,4.395024405603774,52.56147192885193,30.95,3.0,headache,S029
0.26,0.08,-38.7747473722241,5.513501554840851,52.85321226115388,30.95,3.0,headache,S029
-0.01,0.07,-39.58147778304325,3.8425508537681234,52.57990909767711,30.95,3.0,headache,S029
0.25,0.08,-39.53682749883163,4.809056893808061,52.59961135203328,30.95,3.0,headache,S029
-0.41,0.08,-39.05668798821855,5.038336689136628,52.71269404662209,30.95,3.0,headache,S029
-0.23,0.07,-39.24539394563801,4.9000503743057875,52.57426507725194,30.91,3.0,headache,S029
-0.0,0.07,-39.294311381439414,5.033838637723562,52.417192159259116,30.91,3.0,headache,S029
0.19,0.08,-39.2136270050137,5.14961623716303,52.89999383478936,30.91,3.0,headache,S029
-0.35,0.08,-38.84281082958011,6.311027078231767,52.78147104682177,30.91,3.0,headache,S029
0.16,0.07,-39.0798948636723,5.182133999788027,52.96767753817572,30.93,3.0,headache,S029
-0.2,0.08,-39.02070391586058,5.029961871376854,52.84025973226343,30.93,3.0,headache,S029
0.29,0.08,-38.85359752408594,5.770939356938195,53.00833582809219,30.93,3.0,headache,S029
-0.2,0.07,-39.04043939992174,4.82729403559713,52.95621803091821,30.93,3.0,headache,S029
0.11,0.08,-38.96907917530297,5.481977469520598,53.065398958960664,30.93,3.0,headache,S029
0.14,0.08,-39.028202221148355,5.438135001297594,52.8452871915123,30.93,3.0,headache,S029
-0.08,0.07,-38.971955359045374,4.899094290821493,53.019697607581676,30.93,3.0,headache,S029
0.29,0.07,-39.02968852562983,5.047813900193768,52.81824223926238,30.93,3.0,headache,S029
-0.36,0.08,-38.9664369022441,4.974010469616136,52.9482597667094,30.93,3.0,headache,S029
-0.18,0.08,-39.04188224370714,5.135528793564861,52.70758867791777,30.93,3.0,headache,S029
0.27,0.07,-38.935617679782204,5.604564916856328,52.66606114216326,30.93,3.0,headache,S029
-0.23,0.08,-39.422024506150755,4.86891104206719,52.37126537398322,30.93,3.0,headache,S029
0.64,0.08,-39.236354898190626,4.601184294287709,52.960765825384094,30.95,3.0,headache,S029
-0.46,0.08,-39.14223069785206,5.076336386588375,52.994287346766946,30.95,3.0,headache,S029
-0.3,0.08,-38.968228674519594,4.958889257330147,52.97826105554507,30.95,3.0,headache,S029
0.57,0.08,-39.29195820617479,5.157744440037446,52.57204408285962,30.95,3.0,headache,S029
0.38,0.08,-39.44464463634556,4.961685747464412,52.66160806135969,30.93,3.0,headache,S029
-0.67,0.08,-38.7166178737215,5.140690208926237,52.83726069325767,30.93,3.0,headache,S029
0.09,0.08,-38.545278856796074,5.720048778038659,52.832057234997386,30.93,3.0,headache,S029
-0.63,0.08,-39.03897964134832,5.563764413426679,52.85157415688315,30.93,3.0,headache,S029
0.64,0.08,-38.78061743890671,4.570041043616196,52.88078904641864,30.93,3.0,headache,S029
1.34,0.08,-39.19746764368149,4.646361942353227,52.78576283789207,30.93,3.0,headache,S029
-1.18,0.08,-39.217470017175614,4.192426160011657,52.93917609232309,30.93,3.0,headache,S029
0.16,0.08,-39.28549349585428,4.6014239281215925,52.73460341698898,30.93,3.0,headache,S029
-0.08,0.08,-39.14106531242482,4.645937766864356,52.868262963730665,30.91,3.0,headache,S029
-0.63,0.08,-39.57252872423347,5.0980191369060615,52.3571759597193,30.91,3.0,headache,S029
0.21,0.08,-38.70441865975231,6.279520921418638,52.81059854678455,30.91,3.0,headache,S029
-0.07,0.07,-38.5533217305789,4.757896335575632,52.67461418363003,30.91,3.0,headache,S029
-0.12,0.08,-38.7572856764356,5.601849231018391,52.89313833179636,30.91,3.0,headache,S029
0.11,0.08,-39.256381097734625,5.459860479250042,52.85874227416669,30.91,3.0,headache,S029
0.57,0.07,-38.77442224566521,5.533608784987978,52.87204482890258,30.91,3.0,headache,S029
0.28,0.08,-38.703358388149454,7.497024161057403,52.82168380161873,30.91,3.0,headache,S029
-0.38,0.08,-37.89946949812906,6.929234767531926,53.07141192595493,30.93,3.0,headache,S029
-0.73,0.07,-38.67280433869355,6.7785573445463365,52.93612903008071,30.93,3.0,headache,S029
0.48,0.08,-39.046045112129875,5.452456005436275,52.69851327499179,30.93,3.0,headache,S029
-0.8,0.08,-38.99810627244476,5.707597952631975,52.852028177160484,30.93,3.0,headache,S029
1.01,0.07,-38.63104984844385,6.186493146591964,53.09577977986981,30.91,3.0,headache,S029
-0.41,0.07,-38.63161818358371,5.7845867681155285,52.76859632305811,30.91,3.0,headache,S029
0.21,0.08,-40.107387988557484,3.5041802044920414,52.30685632029885,30.91,3.0,headache,S029
-0.32,0.08,-39.411604699313955,4.098704351924727,52.7596055106243,30.91,3.0,headache,S029
0.01,0.07,-39.41135627813054,4.593652251042717,52.88159472026596,30.91,3.0,headache,S029
-0.36,0.08,-39.21140575447539,5.125698193158594,52.568669173099494,30.91,3.0,headache,S029
0.66,0.07,-39.48576588345044,5.05127198526005,52.24404009493489,30.91,3.0,headache,S029
-0.2,0.07,-39.9748932585315,5.001997572558333,52.25687406363663,30.91,3.0,headache,S029
0.12,0.07,-39.432837666488325,5.026764744142616,52.45357941997973,30.91,3.0,headache,S029
0.06,0.08,-39.36880605390252,5.990692381444026,52.62522320673519,30.91,3.0,headache,S029
-0.11,0.08,-39.14858614242357,5.610844838625449,52.68076245978573,30.91,3.0,headache,S029
-0.13,0.07,-39.04455136241294,5.637906403249541,52.711469564030054,30.91,3.0,headache,S029
-0.2,0.08,-38.93025798866034,5.597014740748908,52.30751949730548,30.91,3.0,headache,S029
-0.02,0.08,-38.532445078704896,6.716045083359512,52.837505417591146,30.91,3.0,headache,S029
0.04,0.07,-38.48998221134358,7.2349551319271095,52.756116003583166,30.91,3.0,headache,S029
0.43,0.08,-38.629702356911295,6.624362020818554,52.91648213843136,30.91,3.0,headache,S029
0.59,0.08,-39.07013250004552,6.025989200350596,52.5103315990316,30.93,3.0,headache,S029
-0.87,0.07,-38.78492863110669,6.054282535817954,52.79410391300503,30.93,3.0,headache,S029
0.08,0.07,-38.9560997247955,5.937027068615329,52.58090527546092,30.93,3.0,headache,S029
-0.15,0.08,-39.12445606241178,5.30195520351389,52.63337668794525,30.93,3.0,headache,S029
-0.34,0.08,-39.52856687935718,5.218513886309028,52.45359565716251,30.91,3.0,headache,S029
0.28,0.07,-39.34817594565114,4.162873177946987,52.46952909813838,30.91,3.0,headache,S029
0.29,0.07,-39.25255326995833,4.734168147411365,52.773844167949015,30.91,3.0,headache,S029
-0.08,0.08,-38.90069098347446,4.815663753364334,52.74485991294755,30.91,3.0,headache,S029
0.43,0.07,-39.030957415156195,4.903913888801917,52.876441382650896,30.91,3.0,headache,S029
-0.18,0.07,-38.969472112655104,5.0094136136718275,52.87161716930416,30.91,3.0,headache,S029
-0.11,0.08,-39.17270265217276,4.696117040512923,52.55167629841301,30.91,3.0,headache,S029
0.25,0.08,-38.922559025061645,5.134758056183617,52.835682248242435,30.91,3.0,headache,S029
-0.19,0.07,-39.15634101506338,4.847831407425076,52.89466086103837,30.93,3.0,headache,S029
0.03,0.08,-39.13390149836601,5.576832808016997,52.68175650936275,30.93,3.0,headache,S029
0.02,0.08,-39.05650857084001,5.71915113140579,52.54834600317909,30.93,3.0,headache,S029
0.01,0.07,-39.08435031273102,6.098127328916237,52.83025046574906,30.93,3.0,headache,S029
-0.15,0.08,-39.11726944525969,5.33108147662721,52.45329935276953,30.93,3.0,headache,S029
-0.44,0.08,-39.47754511291702,4.690017298966923,52.80663636176813,30.93,3.0,headache,S029
0.08,0.07,-39.35612302622669,5.029956113920438,52.75932943321731,30.93,3.0,headache,S029
0.16,0.07,-39.27752090182215,4.706355001159083,52.653432458745165,30.93,3.0,headache,S029
0.22,0.08,-38.992663310488005,5.133060119934726,52.62683051443932,30.93,3.0,headache,S029
-0.31,0.07,-39.03752023821147,5.483999194950257,52.767611960863675,30.93,3.0,headache,S029
0.1,0.07,-38.96122201393893,5.483217127385097,53.09144321954698,30.93,3.0,headache,S029
-0.26,0.08,-39.02061099075082,5.463486049697548,52.93888596533552,30.93,3.0,headache,S029
0.41,0.08,-38.60564048191305,5.878375010158289,53.04870566356541,30.93,3.0,headache,S029
-0.26,0.07,-39.056422554644534,5.98445715449256,52.956629851808195,30.93,3.0,headache,S029
0.24,0.08,-38.8653021920653,6.017150233513134,53.04264495341998,30.93,3.0,headache,S029
0.16,0.08,-38.98026197402604,6.006932087298744,52.95275370069606,30.93,3.0,headache,S029
0.04,0.07,-38.97515282514958,5.644985175707931,53.06412927645232,30.93,3.0,headache,S029
-0.22,0.07,-38.949974227434375,5.7458721515360764,52.796226926677036,30.93,3.0,headache,S029
0.08,0.08,-38.866999498754986,6.1953596955367445,52.734565844348005,30.93,3.0,headache,S029
-0.2,0.08,-39.497365263894025,4.722075331245205,52.4923269532509,30.93,3.0,headache,S029
0.07,0.08,-39.60375312182102,4.775650576581494,52.1622050292281,30.95,3.0,headache,S029
-0.14,0.08,-38.90570555323429,5.013465130884434,52.897564990028094,30.95,3.0,headache,S029
0.35,0.08,-38.792326577115816,5.6611935587242685,52.9437176730642,30.95,3.0,headache,S029
-0.15,0.08,-38.82766967609315,5.138353086393038,52.91533464675166,30.95,3.0,headache,S029
0.22,0.08,-39.1421137999748,4.67018152619469,52.914144396545446,30.93,3.0,headache,S029
-0.4,0.08,-40.12275177824495,4.23553508626932,52.07788829198194,30.93,3.0,headache,S029
0.36,0.08,-38.70038005736136,5.3477278936076145,52.97943629178447,30.93,3.0,headache,S029
0.48,0.07,-39.98947881235737,4.5200782503690045,52.06283319412388,30.93,3.0,headache,S029
-0.3,0.08,-39.31466428748317,5.676048430912307,52.54223300618638,30.91,3.0,headache,S029
-0.81,0.07,-39.16701431671351,5.579977211538439,52.81758857376981,30.91,3.0,headache,S029
-0.72,0.08,-39.28852273453435,5.322670893106905,52.21900394225522,30.91,3.0,headache,S029
0.76,0.08,-39.042974140713106,6.067181535257854,52.87015029539199,30.91,3.0,headache,S029
0.17,0.08,-38.850548678083804,6.773721052792177,52.6835456172162,30.93,3.0,headache,S029
0.07,0.07,-38.224533515440456,7.044975434435049,52.81520680608665,30.93,3.0,headache,S029
0.27,0.08,-38.507649622518464,6.772582117553297,53.064867830072565,30.93,3.0,headache,S029
-0.57,0.08,-38.455448808783295,5.985739742959704,52.88324259438303,30.93,3.0,headache,S029
1.0,0.08,-38.87072177330274,5.825004129342354,52.94593519193724,30.93,3.0,headache,S029
0.37,0.07,-38.85811864626852,5.621484693860633,53.04565149008841,30.93,3.0,headache,S029
-0.44,0.08,-38.92200158443614,6.180476924310417,52.891467180570714,30.93,3.0,headache,S029
-0.01,0.07,-39.004322975709584,5.0845360046493315,52.95451774713431,30.93,3.0,headache,S029
-0.31,0.07,-39.145880246617324,4.4128588492085825,52.993126901447766,30.93,3.0,headache,S029
0.21,0.07,-38.95112847240673,4.7832376941176005,53.03436764507624,30.93,3.0,headache,S029
-0.38,0.08,-39.35515525936632,4.081917574250312,52.455456673160796,30.93,3.0,headache,S029
0.26,0.07,-39.33800686297407,4.126594046009814,52.81221852300646,30.93,3.0,headache,S029
0.02,0.08,-39.79028519221221,3.972751507340957,52.414184672725646,30.95,3.0,headache,S029
-0.12,0.08,-39.30281422236994,5.202136932469045,52.5302307131959,30.95,3.0,headache,S029
-0.07,0.07,-38.82724088165519,6.124693220851539,52.79926475561648,30.95,3.0,headache,S029
0.09,0.07,-38.923952914466504,5.66370096741203,52.71526450234184,30.95,3.0,headache,S029
-0.04,0.07,-38.66167699719091,5.913288594836966,52.882085191739,30.95,3.0,headache,S029
-0.34,0.07,-37.88174563489892,7.219011051353526,52.98263925528781,30.95,3.0,headache,S029
-0.09,0.08,-38.16561146820294,6.676846597447841,53.27126219934248,30.95,3.0,headache,S029
0.21,0.08,-38.64745421327774,5.882663844471525,52.97896829273262,30.95,3.0,headache,S029
0.73,0.08,-38.46650344300199,5.96781561721434,53.00820333622798,30.95,3.0,headache,S029
-0.46,0.07,-38.69408981885531,5.843997062766528,52.82560161522803,30.95,3.0,headache,S029
-0.42,0.08,-38.939785415566426,5.0419895856722,52.8779424384047,30.95,3.0,headache,S029
0.27,0.08,-39.03443790142583,5.197399508950787,52.88964812423048,30.95,3.0,headache,S029
0.18,0.07,-39.139067847857355,4.563611627592147,52.79634876173623,30.93,3.0,headache,S029
-0.42,0.08,-39.29744110079157,5.144333844927172,52.71416200297935,30.93,3.0,headache,S029
-0.07,0.08,-39.069866734310885,4.683233020099831,52.72211915110155,30.93,3.0,headache,S029
0.09,0.07,-39.89623549709528,3.9493058811416555,52.449499116197934,30.93,3.0,headache,S029
0.2,0.08,-39.76734477545222,4.608452088636364,52.39599411707317,30.95,3.0,headache,S029
0.11,0.08,-39.184414621527544,5.609039042077102,52.94901892847569,30.95,3.0,headache,S029
0.07,0.08,-38.99132915778573,6.059164115930155,52.247582623764984,30.95,3.0,headache,S029
0.27,0.07,-38.12569946226694,7.743057039611477,52.886671126238774,30.95,3.0,headache,S029
-0.28,0.08,-38.100877822471666,7.7998332076142605,52.982970189981266,30.95,3.0,headache,S029
-0.51,0.08,-38.122822265142446,7.503508555246208,53.03540983289212,30.95,3.0,headache,S029
-0.19,0.07,-38.234926391423166,6.770712918444457,52.94440604842195,30.95,3.0,headache,S029
1.03,0.08,-37.878894966762225,7.212644376060392,52.949375828550885,30.95,3.0,headache,S029
-0.56,0.07,-38.855755125813,6.2493697739920115,52.837931419029005,30.93,3.0,headache,S029
0.66,0.07,-38.832003559867836,6.123339949684147,52.762704592976824,30.93,3.0,headache,S029
0.01,0.07,-39.83185459462049,5.068629846967445,52.54902817977094,30.93,3.0,headache,S029
0.15,0.08,-39.55778557635665,4.279995457306826,52.13843929133212,30.93,3.0,headache,S029
-0.61,0.08,-39.234743485946844,4.847075425834258,52.878703786646795,30.91,3.0,headache,S029
-1.27,0.07,-39.484037962626054,5.014725647725026,52.74198245700285,30.91,3.0,headache,S029
0.97,0.08,-38.97373900139654,5.33807493895391,52.839956391864376,30.91,3.0,headache,S029
0.74,0.08,-38.90823432715243,6.151627939876513,52.71673845536815,30.91,3.0,headache,S029
-0.41,0.07,-38.830151397563974,5.814142031584011,52.99951041157862,30.93,3.0,headache,S029
-0.35,0.08,-38.782755200163706,5.8086627404863105,52.99403927857551,30.93,3.0,headache,S029
-0.01,0.08,-38.73670841245821,6.015177105986936,52.972941547324325,30.93,3.0,headache,S029
0.24,0.07,-39.03471452300908,5.08348853281129,52.64343332027979,30.93,3.0,headache,S029
0.17,0.07,-38.9810555071666,5.2559136474772,53.02550921550958,30.91,3.0,headache,S029
-0.33,0.08,-39.01298331080434,5.892129244717314,52.97378859948364,30.91,3.0,headache,S029
-0.01,0.08,-38.99049664916935,5.790515159392863,52.99691173726099,30.91,3.0,headache,S029
0.19,0.07,-39.006699862110715,5.397345594420556,52.846749133033796,30.91,3.0,headache,S029
-0.11,0.08,-38.99641147495841,5.4586771644482805,53.07870418905712,30.93,3.0,headache,S029
0.04,0.08,-38.998772523449034,4.9741399870584475,52.91815223512691,30.93,3.0,headache,S029
0.13,0.08,-39.01230269688916,5.454700978822087,52.913958122438366,30.93,3.0,headache,S029
-0.0,0.07,-38.92375521760665,5.434915706254639,52.75799723341763,30.93,3.0,headache,S029
-0.55,0.08,-38.91745011809023,5.563585609716629,52.69834009559874,30.91,3.0,headache,S029
0.37,0.08,-39.040998142679896,5.7704146101052105,52.763353781448394,30.91,3.0,headache,S029
0.45,0.07,-38.967516706110494,5.565431549482255,53.07818181028362,30.91,3.0,headache,S029
-0.49,0.07,-39.02949625960546,5.228234383020699,52.887608419522564,30.91,3.0,headache,S029
-0.37,0.08,-38.971402848374424,5.427801473888045,52.82410514199847,30.95,3.0,headache,S029
0.22,0.07,-39.02886003446793,5.665805262870295,52.980787504788445,30.95,3.0,headache,S029
0.52,0.08,-38.9700084424092,5.188665875929588,53.038255218031544,30.95,3.0,headache,S029
-0.01,0.08,-39.03196631316522,5.2501197190685875,52.949805902207146,30.95,3.0,headache,S029
-0.37,0.07,-38.96501181741751,5.184446480027212,53.065367556615676,30.93,3.0,headache,S029
-0.09,0.07,-39.03972454628048,5.5090564532499995,52.88366475840127,30.93,3.0,headache,S029
0.25,0.08,-38.95120688751134,5.129885423383034,52.96107097568766,30.93,3.0,headache,S029
-0.26,0.07,-39.088402107340066,5.408156739554831,52.97545147265222,30.93,3.0,headache,S029
0.03,0.07,-39.13209194629786,4.92102408897703,52.752469110997225,30.93,3.0,headache,S029
0.19,0.08,-39.79195474049021,4.697604654827064,52.15885491561883,30.93,3.0,headache,S029
0.18,0.08,-39.67453300576467,4.812943356158893,52.4470273580106,30.93,3.0,headache,S029
-0.07,0.08,-39.233937360253385,5.114385306053603,52.62694196876007,30.93,3.0,headache,S029
-0.27,0.08,-39.45592694436113,5.8295505095192,52.4910811600565,30.91,3.0,headache,S029
-0.41,0.08,-39.208026991991915,5.440078847403141,52.474370049049,30.91,3.0,headache,S029
0.53,0.07,-39.02233853334001,6.473735238273426,52.54525467421402,30.91,3.0,headache,S029
-0.13,0.07,-38.94574386775648,6.637760167365004,53.00865842088635,30.91,3.0,headache,S029
-0.04,0.08,-38.68070882763424,6.695971021432607,52.95731564844684,30.93,3.0,headache,S029
0.43,0.07,-39.00143578511838,5.834752356315621,52.8471122310221,30.93,3.0,headache,S029
-0.89,0.08,-39.14066929095446,5.889553409525476,52.66507753792569,30.93,3.0,headache,S029
0.62,0.08,-38.85446634255402,6.1247123443247045,52.8018630203079,30.93,3.0,headache,S029
0.44,0.07,-39.07216794635454,5.460075674723191,53.014405696218404,30.91,3.0,headache,S029
-0.07,0.07,-38.99690208396064,4.944355622623719,52.545476926536544,30.91,3.0,headache,S029
-0.2,0.08,-39.144538533903074,4.8190608959349035,52.95479236759379,30.91,3.0,headache,S029
-0.07,0.08,-39.37623721281807,5.349995946809027,52.37602906327086,30.91,3.0,headache,S029
0.12,0.07,-39.78875228638737,6.659367217212513,52.05993569882147,30.93,3.0,headache,S029
0.27,0.08,-39.17964795645878,5.315956135364978,52.783883824225114,30.93,3.0,headache,S029
-0.45,0.08,-37.91230594208362,2.5742126429090244,53.6197571690047,30.93,3.0,headache,S029
0.68,0.07,-39.0595206168478,6.355255655280631,52.97461325463833,30.93,3.0,headache,S029
0.46,0.08,-39.02687229003679,6.145142967434115,52.53367263733244,30.91,3.0,headache,S029
-1.07,0.08,-39.32067670734053,4.082505106002393,52.80954474052444,30.91,3.0,headache,S029
0.91,0.07,-39.39037188425693,5.053098140708801,52.692934810002384,30.91,3.0,headache,S029
-1.69,0.07,-38.94759552706002,5.645182760771278,52.609957884697494,30.91,3.0,headache,S029
0.23,0.08,-38.62833725895086,5.79300136706155,52.829790060452005,30.91,3.0,headache,S029
0.39,0.08,-38.6666683317991,5.715867131246792,53.12554794653852,30.91,3.0,headache,S029
0.35,0.08,-39.025172415762945,5.305876992836029,52.60808711511827,30.91,3.0,headache,S029
-0.28,0.08,-38.97638851019195,4.782932057312917,52.83309375250905,30.91,3.0,headache,S029
0.53,0.08,-39.20994460390682,5.429118093976453,52.70588972783477,30.93,3.0,headache,S029
-0.3,0.07,-39.24170562140688,5.070361669420151,52.720580224091016,30.93,3.0,headache,S029
-0.19,0.08,-39.264593207094066,5.276825939159664,52.38788132049558,30.93,3.0,headache,S029
-0.15,0.08,-39.21343555771486,4.970850275487805,52.44305400665953,30.93,3.0,headache,S029
-0.37,0.07,-39.196825314047906,5.445347772390841,52.557094561951125,30.93,3.0,headache,S029
0.2,0.07,-39.00797854656284,5.549049842127051,52.665369920810654,30.93,3.0,headache,S029
0.04,0.08,-38.79548562555987,5.854914998373869,52.84873505202957,30.93,3.0,headache,S029
-0.15,0.08,-39.14571411861762,4.895063453549719,52.77671123875058,30.93,3.0,headache,S029
-0.02,0.07,-38.92884190190861,5.798270625554081,53.031257323470136,30.93,3.0,headache,S029
0.32,0.08,-39.05925558814332,5.42718894442918,52.79330872094299,30.93,3.0,headache,S029
-0.26,0.08,-39.08396490693062,4.561715836180866,52.81071267381813,30.93,3.0,headache,S029
0.41,0.07,-39.025543629439134,4.822008711155198,53.01300841612757,30.93,3.0,headache,S029
-0.41,0.07,-38.97153068344254,5.241066796550115,52.93800701418904,30.95,3.0,headache,S029
0.3,0.08,-39.02996704064866,5.726486321854654,52.75214719272024,30.95,3.0,headache,S029
-0.02,0.08,-38.96781923432153,5.2362444027804065,52.8313826028143,30.95,3.0,headache,S029
0.01,0.08,-39.0359229909804,5.121086577787013,52.8033849028499,30.95,3.0,headache,S029
-0.19,0.08,-38.957474255968776,5.220095892185934,52.78939434712443,30.95,3.0,headache,S029
-0.19,0.08,-39.05636500334867,5.56178114744432,53.00211478251956,30.95,3.0,headache,S029
0.39,0.08,-38.88538390065226,5.816169960444311,52.87696173328116,30.95,3.0,headache,S029
-0.0,0.08,-38.76457958741873,5.769952373523242,52.70156054243254,30.95,3.0,headache,S029
-0.31,0.08,-39.20467576861494,5.792866039360525,52.67730063064081,30.93,3.0,headache,S029
-0.2,0.08,-39.5002822233565,4.599006150250801,52.236954827671155,30.93,3.0,headache,S029
0.54,0.08,-39.59105311647488,4.496537532699602,52.49966850593195,30.93,3.0,headache,S029
-0.02,0.08,-39.49763324286309,5.100242047260812,52.72549463555481,30.93,3.0,headache,S029
-0.57,0.08,-40.04399306751957,4.154444772439492,52.42814461597227,30.93,3.0,headache,S029
0.13,0.08,-38.87213346254915,5.693279591025779,52.588911154830036,30.93,3.0,headache,S029
0.48,0.08,-39.4832786593853,5.423377671797027,52.521436720511495,30.93,3.0,headache,S029
-0.14,0.08,-38.97083226796317,5.486248742495442,52.598214789300926,30.93,3.0,headache,S029
0.13,0.08,-39.373046742126476,4.939469705587771,52.45911567052705,30.93,3.0,headache,S029
-0.19,0.08,-39.31148433780283,5.075069382618396,52.66883228012414,30.93,3.0,headache,S029
-0.41,0.08,-39.52087659459343,4.746007127054885,52.41370766695802,30.93,3.0,headache,S029
0.89,0.08,-39.209875853391125,5.174240043234047,52.68143679859306,30.93,3.0,headache,S029
-0.33,0.08,-39.117944402793995,5.045732826794364,52.48797734922392,30.97,3.0,headache,S029
0.25,0.08,-39.08399090852625,5.746797416660253,52.89014831502566,30.97,3.0,headache,S029
-0.33,0.08,-39.07838564275899,5.123051215648664,52.510693728136076,30.97,3.0,headache,S029
0.18,0.08,-39.22036309058567,5.353732555206112,52.46221148922472,30.97,3.0,headache,S029
-0.28,0.08,-38.98031804129347,6.3323183425902245,52.61015806450835,30.93,3.0,headache,S029
0.1,0.08,-39.010964862695985,6.002343011889971,52.77950715568355,30.93,3.0,headache,S029
-0.32,0.08,-39.008496300312004,5.813075534568955,52.782966556944615,30.93,3.0,headache,S029
0.42,0.08,-39.50793772639502,4.855781764475753,52.47526805605718,30.93,3.0,headache,S029
-0.6,0.08,-39.515421334236954,4.512520374813246,52.704765962871186,30.93,3.0,headache,S029
0.14,0.07,-38.94183496113224,5.05642316939963,52.547136896518,30.93,3.0,headache,S029
0.57,0.08,-39.02939592902303,5.835030745707107,52.88369215117678,30.93,3.0,headache,S029
0.05,0.08,-39.044377153004234,5.182462242768039,52.62053680744861,30.93,3.0,headache,S029
-0.22,0.07,-39.733657505117336,4.746104743683398,52.36853605006908,30.93,3.0,headache,S029
0.12,0.07,-39.38912456235459,4.902376925363901,52.574115342533446,30.93,3.0,headache,S029
-0.23,0.08,-39.19127637807207,5.423596158938332,52.602410053273495,30.93,3.0,headache,S029
-0.24,0.08,-38.992743689285795,5.8813401676538835,52.340441822904324,30.93,3.0,headache,S029
0.17,0.08,-39.26207482407895,5.082255321103832,52.409090931056205,30.93,3.0,headache,S029
0.16,0.08,-39.371576930429484,5.307844885764999,52.393764878291414,30.93,3.0,headache,S029
0.06,0.08,-39.218429366386935,4.968140819584502,52.645597572129766,30.93,3.0,headache,S029
-0.05,0.08,-39.03830728684334,5.040282565731705,52.66637609028818,30.93,3.0,headache,S029
-0.4,0.08,-39.000372501591386,4.959680106650851,52.53124640205837,30.93,3.0,headache,S029
0.46,0.08,-39.029842393615645,5.039369017477555,52.74017886646558,30.93,3.0,headache,S029
-0.19,0.08,-39.20093243376401,4.96148878536654,52.537041611956255,30.93,3.0,headache,S029
0.26,0.07,-39.005919748743224,5.038026543558428,52.84023180374845,30.93,3.0,headache,S029
0.06,0.08,-39.12459688604153,4.96193336698344,52.35251862703223,30.95,3.0,headache,S029
-0.11,0.08,-39.06156970948796,5.038841014677065,52.91877821890659,30.95,3.0,headache,S029
-0.69,0.07,-39.18841920406247,4.959204509351978,52.96166402528208,30.95,3.0,headache,S029
0.74,0.08,-39.25442568005417,5.045119992498604,52.46148982766049,30.95,3.0,headache,S029
-0.1,0.08,-39.101451950858504,4.943637574451577,52.37403226357061,30.95,3.0,headache,S029
-0.16,0.07,-39.03608756607213,5.123717944991839,52.206735914910595,30.95,3.0,headache,S029
-0.04,0.08,-39.06978598957202,5.033129030711031,52.35093809998257,30.95,3.0,headache,S029
0.39,0.08,-39.11952179336119,5.008518535379567,52.686640886034866,30.95,3.0,headache,S029
-0.21,0.07,-39.07382533550763,4.9792313012014136,52.85018141074101,30.95,3.0,headache,S029
0.07,0.08,-38.9618444399933,5.03050078121958,52.70743415374869,30.95,3.0,headache,S029
-0.06,0.08,-39.14674574686499,4.955659896371973,52.85692993549622,30.95,3.0,headache,S029
-0.17,0.08,-38.966449599879034,5.076070761819167,52.66323107761164,30.95,3.0,headache,S029
0.11,0.07,-39.32697716776645,4.722494938476619,52.627734470981764,30.95,3.0,headache,S029
0.2,0.08,-39.55629312264258,4.808097939895728,52.60809709453807,30.95,3.0,headache,S029
-0.12,0.08,-39.542775507911344,5.069396408068561,52.08125801147579,30.95,3.0,headache,S029
-0.05,0.07,-39.7948622353205,4.986246697403528,52.40267286820052,30.95,3.0,headache,S029
-0.38,0.08,-39.3711280198353,5.2894607451867275,52.307116137876335,30.93,3.0,headache,S029
0.57,0.08,-39.18168807613281,5.323487923735362,52.41995650286041,30.93,3.0,headache,S029
-0.31,0.07,-39.68275784144982,5.247776356020728,52.424951568589364,30.93,3.0,headache,S029
0.3,0.08,-39.475900501713085,5.390399850416533,52.43612302067099,30.93,3.0,headache,S029
-0.02,0.08,-38.90033353696568,5.930758592248736,52.45589246328993,30.93,3.0,headache,S029
-0.35,0.07,-39.53169066531061,5.507232524299798,52.29155975708917,30.93,3.0,headache,S029
0.03,0.08,-39.364612535271384,4.884289990813381,52.38133757267873,30.93,3.0,headache,S029
0.25,0.08,-39.14866425444897,5.068355676852988,52.68820581996309,30.93,3.0,headache,S029
-0.22,0.08,-39.4481435168394,4.950409123020401,52.79903189801123,30.97,3.0,headache,S029
0.33,0.07,-39.06949667054411,5.0395589568721855,52.78005214192231,30.97,3.0,headache,S029
-0.18,0.08,-39.23589574793636,4.96673199779514,52.73493077132579,30.97,3.0,headache,S029
-0.38,0.08,-39.082921918051355,5.028788058693294,52.48354257702466,30.97,3.0,headache,S029
0.29,0.07,-39.1851460185444,4.975353960898298,52.722096817922846,30.95,3.0,headache,S029
0.29,0.08,-39.1237610274847,4.901226286158243,52.43559627050844,30.95,3.0,headache,S029
-0.35,0.08,-39.232181236111614,4.971097532748702,52.83907453063476,30.95,3.0,headache,S029
0.05,0.08,-39.257331979947914,5.029038983273253,52.42479690485062,30.95,3.0,headache,S029
-0.07,0.08,-39.242902421208626,4.96735697733287,52.554139136141785,30.91,3.0,headache,S029
0.18,0.08,-39.3157894814025,5.7275338226123775,52.608700446043116,30.91,3.0,headache,S029
0.31,0.07,-39.074679656604914,5.438562698103471,52.25401526966445,30.91,3.0,headache,S029
0.12,0.07,-39.23352187500919,5.0418484661426834,51.974442780172424,30.91,3.0,headache,S029
-0.63,0.08,-39.01209741635279,5.39439675863145,52.772478431570015,30.93,3.0,headache,S029
0.22,0.08,-39.13571766033643,5.343128751661104,52.422926993822664,30.93,3.0,headache,S029
0.08,0.08,-39.28089685793167,4.911392938396373,52.43401909576204,30.93,3.0,headache,S029
-0.08,0.08,-39.302099061094204,5.0646289788691075,52.5244720484091,30.93,3.0,headache,S029
-0.06,0.08,-39.25071680781481,4.94256332050191,52.49895890822476,30.93,3.0,headache,S029
0.17,0.07,-39.607225911316334,5.059920304716214,52.91240594445952,30.93,3.0,headache,S029
-0.02,0.08,-39.46659130901112,4.920209186350742,52.364218856039265,30.93,3.0,headache,S029
0.06,0.08,-39.03427287681757,5.222085831171728,52.58814411449743,30.93,3.0,headache,S029
-0.18,0.08,-39.12296174272152,5.924311561711489,52.910613217305965,30.93,3.0,headache,S029
0.27,0.07,-39.34244570887834,5.015886206406952,52.50435944115719,30.93,3.0,headache,S029
-0.38,0.08,-39.281357698684516,5.102122130111301,52.859323037653596,30.93,3.0,headache,S029
0.08,0.08,-39.50473507351147,5.047265524045457,52.303477984442324,30.93,3.0,headache,S029
-0.16,0.08,-39.72234891304455,4.976699253687975,52.31200847031022,30.95,3.0,headache,S029
0.16,0.08,-39.08792412014754,5.016816022939723,52.359985004873934,30.95,3.0,headache,S029
-0.19,0.08,-39.39132008505715,4.986486769984573,52.54365919551907,30.95,3.0,headache,S029
0.4,0.07,-39.201589469753294,5.011198451867958,52.30164119524028,30.95,3.0,headache,S029
0.21,0.08,-39.20588487125338,4.990788929667427,52.5974360975034,30.95,3.0,headache,S029
-0.26,0.08,-38.88919884964084,5.0072645218047125,52.83444456261797,30.95,3.0,headache,S029
-0.3,0.07,-39.271113095365095,4.994813998288371,52.32604392836254,30.95,3.0,headache,S029
0.38,0.08,-39.242602029593066,5.002835315463206,52.637082035609005,30.95,3.0,headache,S029
-0.58,0.08,-39.56176813962837,4.999910485411716,52.484969351151605,30.93,3.0,headache,S029
0.68,0.08,-39.692030801622806,4.996960169131594,52.064575183141216,30.93,3.0,headache,S029
-0.35,0.07,-39.750633226113166,5.0053227733194605,52.365716815278915,30.93,3.0,headache,S029
0.46,0.08,-39.28792704798573,5.013214573060566,52.593736494847974,30.93,3.0,headache,S029
-0.45,0.08,-39.07964870098427,5.8431055034950115,52.35246756925481,30.93,3.0,headache,S029
0.27,0.07,-39.064572675890105,5.759009096496629,52.79350004221652,30.93,3.0,headache,S029
-0.64,0.07,-39.07561420386166,5.0333470469015404,52.458821446235135,30.93,3.0,headache,S029
0.49,0.08,-39.7156836238838,4.702790313047158,52.34442274999421,30.93,3.0,headache,S029
-0.12,0.08,-39.27117424123381,4.8531865448099,52.49868900003833,30.97,3.0,headache,S029
0.27,0.08,-39.151752178208945,5.068603865650087,52.26481295342158,30.97,3.0,headache,S029
-0.54,0.08,-39.030043883470604,4.956387883781939,52.80074141606945,30.97,3.0,headache,S029
0.64,0.08,-39.14644623823424,5.022505540091054,52.586625193213415,30.97,3.0,headache,S029
-0.06,0.08,-39.26716236718459,5.052176239617964,52.35569530525542,30.93,3.0,headache,S029
-0.26,0.08,-38.90568804741308,5.100466297164576,52.31041964456447,30.93,3.0,headache,S029
-0.15,0.08,-39.43330102064042,5.063348883127789,52.39997629494672,30.93,3.0,headache,S029
0.4,0.08,-39.36556139914247,5.052994096649629,52.51148758133007,30.93,3.0,headache,S029
-0.63,0.08,-39.42910471465858,4.9534081112083586,52.70798744231875,30.91,3.0,headache,S029
0.67,0.08,-39.235346907779814,5.043103711331615,52.63414277196776,30.91,3.0,headache,S029
-0.24,0.08,-39.10439433945339,4.959005651255222,52.513574045320034,30.91,3.0,headache,S029
0.45,0.08,-39.41099645866157,5.039797891164428,52.64693861791651,30.91,3.0,headache,S029
-1.11,0.08,-39.21382428843391,4.9606185788720065,52.32572348839065,30.93,3.0,headache,S029
1.02,0.08,-39.33503078958874,5.039825375962088,52.63848014981548,30.93,3.0,headache,S029
-0.51,0.08,-39.41145648916703,4.958498632100945,52.396689385443075,30.93,3.0,headache,S029
0.44,0.08,-39.15123920270033,5.045492812778256,52.45479858742943,30.93,3.0,headache,S029
-0.49,0.08,-39.548004671729444,4.944553291413439,52.6148584475369,30.93,3.0,headache,S029
0.38,0.08,-39.14888421152577,5.389031857004177,52.78391637817279,30.93,3.0,headache,S029
-0.59,0.08,-39.735191158984236,5.006043888437689,52.039080889094095,30.93,3.0,headache,S029
0.73,0.08,-39.49834098897901,5.129547766473463,52.57900215318581,30.93,3.0,headache,S029
-0.68,0.08,-39.77671939924364,4.997928024247041,52.33176163399167,30.95,3.0,headache,S029
0.61,0.08,-39.3479109372446,5.121092979625051,52.53905148342175,30.95,3.0,headache,S029
-0.57,0.08,-39.55938470960092,5.015615595189372,52.38179302939272,30.95,3.0,headache,S029
0.49,0.08,-39.70617969464302,4.996524736315369,52.4667400688284,30.95,3.0,headache,S029
-0.5,0.08,-39.657962539802,4.999680828975218,52.7549227522014,30.93,3.0,headache,S029
0.81,0.08,-39.324462712446405,5.00243851159254,52.32608378066914,30.93,3.0,headache,S029
-0.71,0.08,-39.7392534150935,4.993142888174102,52.32841129119221,30.93,3.0,headache,S029
0.6,0.08,-39.40330075325901,5.108162513173688,52.303767098010105,30.93,3.0,headache,S029
-0.41,0.08,-39.57717375656149,5.041797421656036,52.46289636695049,30.91,3.0,headache,S029
0.25,0.08,-39.82070779588874,4.948546778200092,52.02234407357725,30.91,3.0,headache,S029
-0.77,0.08,-39.47341631727312,5.118746094709007,52.509897513272676,30.91,3.0,headache,S029
1.22,0.08,-39.33565866183993,5.307254570812143,52.386323563905556,30.91,3.0,headache,S029
-1.38,0.08,-39.41763855906454,5.3820856742123695,52.28628799142758,30.93,3.0,headache,S029
1.13,0.08,-39.19460560693371,5.9760441888369815,52.675529551063,30.93,3.0,headache,S029
-0.69,0.1,-39.636197250886866,4.971151670433677,52.74665717025519,30.93,3.0,headache,S029
0.5,0.08,-39.102316340850145,5.051535216724343,52.67783759667573,30.93,3.0,headache,S029
-0.85,0.08,-39.3680270355239,4.950445275504883,52.57819739545281,30.93,3.0,headache,S029
1.16,0.08,-38.904247031408985,5.047000712105518,52.7098168760493,30.93,3.0,headache,S029
-0.94,0.08,-39.334537899035844,4.954809730093652,52.257807303110646,30.93,3.0,headache,S029
0.91,0.08,-39.108689302206166,5.0441114366232505,52.63904263422409,30.93,3.0,headache,S029
-0.95,0.08,-39.07543656276491,4.956338532785222,52.730629083556394,30.93,3.0,headache,S029
0.92,0.07,-39.150338651904526,5.04378005802553,52.5249896052581,30.93,3.0,headache,S029
-0.78,0.08,-39.33171651620861,4.955536783405756,52.27666323460573,30.93,3.0,headache,S029
1.1,0.08,-39.390759454304664,5.045769567925377,52.34056019273278,30.93,3.0,headache,S029
-1.67,0.07,-39.06967569614858,4.952159196615801,52.08475685598293,30.93,3.0,headache,S029
1.88,0.08,-39.40643873939039,5.050954753188388,52.14186488335856,30.93,3.0,headache,S029
-2.13,0.08,-39.62372451340408,4.9443399174174525,52.05944217704253,30.93,3.0,headache,S029
1.58,0.08,-39.37561835132974,5.063171895012169,52.7290498767007,30.93,3.0,headache,S029
-0.87,0.08,-39.702395459378955,4.923003465648273,52.25154592774101,30.97,3.0,headache,S029
1.12,0.08,-39.353374622063384,5.236325823982413,52.608128676508876,30.97,3.0,headache,S029
-1.52,0.08,-39.01950336101209,5.310010137391364,52.992254177716504,30.97,3.0,headache,S029
1.69,0.08,-38.964194616330666,5.556064685350849,52.9430653011709,30.97,3.0,headache,S029
-1.8,0.08,-39.05004605567436,5.472344777219174,52.56086738673543,30.93,3.0,headache,S029
2.35,0.08,-38.93876745093508,4.943000090300116,53.0295855264787,30.93,3.0,headache,S029
-2.37,0.08,-39.06159596160885,5.112004990295738,52.940690885565616,30.93,3.0,headache,S029
2.33,0.08,-39.114680673615815,4.875213859005868,52.90976282382305,30.93,3.0,headache,S029
-2.8,0.08,-40.172474560236765,3.814120254279024,52.00728482345688,30.93,3.0,headache,S029
3.39,0.08,-38.93844215310371,5.183099481094184,52.884463523224085,30.93,3.0,headache,S029
-3.72,0.08,-38.99923769547905,5.60018820727554,52.86367429585315,30.93,3.0,headache,S029
3.8,0.08,-38.02850909587658,4.93376192628791,53.38667669559312,30.93,3.0,headache,S029
-10.24,0.08,-37.87817031147465,4.301238987693519,53.29147212294298,30.93,3.0,headache,S029
-6.17,0.08,-37.97886648138966,3.79418197513187,53.645130444637516,30.93,3.0,headache,S029
-59.98,0.09,-37.70527961074059,4.044831367060097,53.65633626772678,30.93,3.0,headache,S029
-36.08,0.09,-37.587260084635915,4.057116457668772,54.04544031661202,30.93,3.0,headache,S029
91.24,0.08,-37.318807632626594,4.123613649969394,53.706107387499344,30.95,3.0,headache,S029
20.56,0.08,-37.04599518171774,3.972468814661408,54.28565991435422,30.95,3.0,headache,S029
6.41,0.09,-36.82274376702643,3.779238719045919,53.74917207093639,30.95,3.0,headache,S029
-1.51,0.09,-38.130633854562944,4.387238665202925,54.01140609673615,30.95,3.0,headache,S029
0.71,0.08,-37.90785123933136,4.5599359068461744,53.47375275320015,30.95,3.0,headache,S029
1.84,0.09,-38.25671992400103,4.607094688360816,53.19108654380716,30.95,3.0,headache,S029
3.04,0.09,-37.837539571196466,5.014329629110161,53.54815652996775,30.95,3.0,headache,S029
25.45,0.08,-38.12303918801783,5.050130687363142,53.1888842801242,30.95,3.0,headache,S029
13.21,0.09,-37.935012055251725,5.2910731506241735,53.2909013250961,30.91,3.0,headache,S029
-32.78,0.09,-38.331804117993805,4.62540439389121,53.31349231709079,30.91,3.0,headache,S029
1.27,0.08,-37.84383262897339,5.065709654548378,52.92835318466047,30.91,3.0,headache,S029
23.53,0.08,-38.63646601834033,3.9298740728634485,53.038720886535515,30.91,3.0,headache,S029
5.29,0.09,-38.185722840246164,4.613700154988396,53.027967963871866,30.93,3.0,headache,S029
-32.27,0.09,-38.164973762709955,4.285507454486851,53.18060008829088,30.93,3.0,headache,S029
-10.36,0.08,-38.36079208451901,4.301048154589759,53.16512352109874,30.93,3.0,headache,S029
-5.56,0.08,-37.98020188721184,4.509175091690314,52.987532712970555,30.93,3.0,headache,S029
3.0,0.09,-38.03703043485327,4.6141712463521145,52.99575694480183,30.93,3.0,headache,S029
-2.59,0.08,-38.27350198575721,5.131320257434155,53.01044676885969,30.93,3.0,headache,S029
2.61,0.08,-38.47413281226744,4.91590255164348,52.98590322087413,30.93,3.0,headache,S029
-2.67,0.08,-38.184472762290376,5.058043274981937,53.01712070388084,30.93,3.0,headache,S029
1.87,0.08,-38.73054163179334,4.967928329587592,52.979551242242195,30.93,3.0,headache,S029
-1.75,0.08,-38.41907051019535,4.889875037781554,53.025162467125185,30.93,3.0,headache,S029
1.3,0.09,-38.442457425096414,4.533615006728004,52.96577610270698,30.93,3.0,headache,S029
-1.55,0.09,-38.5321666419659,4.229031787926291,53.06914549801032,30.93,3.0,headache,S029
1.54,0.08,-38.41642064074465,4.031983281787231,53.09959074776331,30.93,3.0,headache,S029
-1.22,0.08,-38.72816913316006,4.013392850184376,53.14895057802109,30.93,3.0,headache,S029
1.63,0.08,-38.21655064332181,4.135458417473093,53.06804141378429,30.93,3.0,headache,S029
-1.05,0.08,-38.098762132166144,5.092839845294647,53.27856253039815,30.93,3.0,headache,S029
2.1,0.08,-38.444855290896264,4.7668479664866865,53.13894547212244,30.93,3.0,headache,S029
-1.6,0.08,-38.277867768843144,5.149455216069727,52.94561011424282,30.93,3.0,headache,S029
-1.03,0.08,-38.77298826788473,4.623478665769344,53.03979997946864,30.93,3.0,headache,S029
-0.41,0.08,-38.86959658458918,3.984151654723724,52.95803704816414,30.93,3.0,headache,S029
0.96,0.08,-38.75010768679536,3.9956970137451338,53.127761243200545,30.93,3.0,headache,S029
-0.66,0.08,-38.41831068546387,4.172468637467403,53.02420641842401,30.93,3.0,headache,S029
1.03,0.08,-38.504473887265085,4.638791684513022,52.9976006513519,30.93,3.0,headache,S029
-1.11,0.08,-38.240883877381954,4.730671024196501,52.99161551967254,30.93,3.0,headache,S029
1.06,0.08,-37.86590912181805,5.0511527544634545,53.118190270216026,30.93,3.0,headache,S029
-1.23,0.08,-38.89776728564272,4.35863982659538,53.020290956836796,30.93,3.0,headache,S029
1.04,0.08,-38.85957411387805,3.7463724328743075,52.989495602024284,30.93,3.0,headache,S029
-0.56,0.08,-38.709525715637696,4.105791219367733,53.00734821346422,30.93,3.0,headache,S029
0.34,0.08,-39.027964967174775,3.8911563428317573,52.99430319330959,30.91,3.0,headache,S029
-0.9,0.08,-38.8569514315319,4.1400687966569,53.00459713272354,30.91,3.0,headache,S029
0.91,0.09,-39.032987163213924,3.9752775653476693,52.99627247976658,30.91,3.0,headache,S029
-0.85,0.08,-38.94136340342981,4.489486817555093,53.002938307222266,30.91,3.0,headache,S029
0.76,0.08,-38.90105325097791,4.916367988323695,52.99786283607386,30.91,3.0,headache,S029
-0.14,0.08,-38.992837943869205,4.3489814384540075,53.00124543714759,30.91,3.0,headache,S029
-0.03,0.09,-38.68369664943499,4.628620188077208,52.99983137707346,30.91,3.0,headache,S029
-0.72,0.08,-38.71501281482808,5.005226476011813,52.99875300570025,30.91,3.0,headache,S029
1.29,0.08,-38.664731106617204,4.554933871178695,53.00332832188647,30.91,3.0,headache,S029
-0.75,0.08,-38.45685331150949,4.767217386343808,52.99296522415176,30.91,3.0,headache,S029
0.48,0.08,-38.13349401397917,5.08220377889844,53.01752808477551,30.91,3.0,headache,S029
-0.73,0.08,-38.7947783005112,4.349861170407098,53.12047524790667,30.91,3.0,headache,S029
0.7,0.08,-38.39524922873233,3.843171725872762,52.98943277757826,30.91,3.0,headache,S029
-0.52,0.09,-38.44239422918273,4.509640195391595,53.001209633043985,30.91,3.0,headache,S029
0.78,0.08,-38.32617305656666,4.341287906458273,53.006216233892935,30.91,3.0,headache,S029
-0.81,0.08,-38.49849887932464,4.5216338791142245,52.98067739104147,30.91,3.0,headache,S029
0.89,0.08,-38.84519905025068,4.483426320736345,53.09261805863428,30.93,3.0,headache,S029
-0.99,0.08,-38.65298017049132,4.6046235946825025,53.06244111662154,30.93,3.0,headache,S029
0.22,0.08,-38.930245249180196,4.111615716274338,52.97539257674694,30.93,3.0,headache,S029
0.0,0.08,-38.79821954605793,4.252440517815569,53.01318424991396,30.93,3.0,headache,S029
0.78,0.08,-38.78904550157762,4.386945193363644,52.99557279471256,30.91,3.0,headache,S029
-0.99,0.08,-38.723233730632536,4.803042443184768,52.99067768693032,30.91,3.0,headache,S029
0.42,0.09,-38.38072100249887,4.803064696176292,53.082913141629,30.91,3.0,headache,S029
-0.46,0.09,-38.208156905215894,3.994448657877268,53.07245051246511,30.91,3.0,headache,S029
1.01,0.08,-38.40150181192601,4.020117031519746,52.96429831491615,30.93,3.0,headache,S029
-0.69,0.08,-38.511581202877444,4.045093186060734,53.02624280251041,30.93,3.0,headache,S029
1.05,0.08,-38.67107690924831,4.102451582811444,52.97843291858535,30.93,3.0,headache,S029
0.32,0.08,-38.433867019010066,3.9629743576780867,53.01857971583094,30.93,3.0,headache,S029
-0.59,0.08,-38.768575812128624,4.0100648759558055,52.98363867807762,30.91,3.0,headache,S029
-0.92,0.08,-38.62204727499304,4.56317770341885,53.01452751932851,30.91,3.0,headache,S029
0.09,0.09,-38.919800447586816,4.250727792172472,52.987124743732664,30.91,3.0,headache,S029
-0.57,0.08,-39.007720551470435,3.8941350847618,53.01127158866743,30.91,3.0,headache,S029
0.59,0.09,-38.88091127226023,4.077514298788896,52.99039296353674,30.93,3.0,headache,S029
-0.3,0.08,-38.98613185804678,3.9358618036212936,53.00776762861418,30.93,3.0,headache,S029
0.59,0.08,-39.02723975367496,4.0523387657339365,52.99439248318517,30.93,3.0,headache,S029
-0.57,0.08,-38.87838094813869,4.06029452821144,53.00290670080142,30.93,3.0,headache,S029
0.3,0.09,-38.97780226452984,4.0736346625596385,53.00071590340035,30.91,3.0,headache,S029
0.22,0.08,-38.982472905924666,3.9581353764373177,52.993980192911394,30.91,3.0,headache,S029
0.12,0.08,-38.79939337252944,4.3465132446689605,53.0147819370941,30.91,3.0,headache,S029
-0.67,0.08,-38.91483474845483,3.8147085350807832,52.83937659773042,30.91,3.0,headache,S029
0.31,0.08,-38.17443332693421,4.3062854829621005,53.135868636034495,30.93,3.0,headache,S029
0.14,0.08,-38.638190237145636,4.398851098440106,53.16068762673948,30.93,3.0,headache,S029
0.06,0.08,-38.95944785850761,4.21564539634003,53.01783242352274,30.93,3.0,headache,S029
-0.1,0.09,-38.3710449479701,4.919406295116613,53.12224355207376,30.93,3.0,headache,S029
0.1,0.08,-38.7439286950331,4.675725046172577,52.93835129371439,30.91,3.0,headache,S029
-0.85,0.08,-39.09421732988734,4.365163929349118,53.044513745196475,30.91,3.0,headache,S029
0.68,0.09,-38.710799630749456,4.257003543386366,52.97531909374725,30.91,3.0,headache,S029
-0.3,0.08,-38.34325467848611,4.687795780941356,53.26201203118934,30.91,3.0,headache,S029
0.39,0.08,-38.51683546967349,4.302682553013426,52.979374310511176,30.93,3.0,headache,S029
-0.57,0.08,-38.6770224628177,4.203776191895644,53.028548929836624,30.93,3.0,headache,S029
1.11,0.08,-38.80455549853557,4.118903174239893,52.971784852205325,30.93,3.0,headache,S029
-0.73,0.08,-38.61344505118695,4.69141685558798,53.026895347142855,30.93,3.0,headache,S029
0.38,0.08,-38.95789480579915,3.917785520670056,52.974757301440505,30.93,3.0,headache,S029
-0.47,0.08,-38.730794015811945,4.068572835636396,53.023237828189245,30.93,3.0,headache,S029
-0.33,0.08,-38.77892101464213,3.9409408959585916,52.97938518961632,30.93,3.0,headache,S029
-0.05,0.08,-38.95421445223585,3.842147279777508,53.01676259792692,30.93,3.0,headache,S029
0.9,0.08,-38.952817611706124,3.894572183719411,52.98985589582075,30.93,3.0,headache,S029
-0.43,0.08,-38.78872466802974,4.083077476766119,52.995527995815465,30.93,3.0,headache,S029
0.04,0.08,-38.840034946195466,3.9019935790184683,53.06411177834018,30.93,3.0,headache,S029
-0.01,0.08,-38.59984275666825,4.683796844206381,53.244439217194255,30.93,3.0,headache,S029
0.19,0.08,-39.07684564578856,4.160511547992909,52.91293216668415,30.93,3.0,headache,S029
-0.29,0.08,-38.978910081603644,3.9285307213262084,53.06669161678352,30.93,3.0,headache,S029
-0.02,0.08,-38.85109816174901,4.13073841003495,52.94041200867123,30.93,3.0,headache,S029
0.25,0.08,-38.652459586525346,4.01539952214143,53.056999803796565,30.93,3.0,headache,S029
0.13,0.08,-39.00908498529033,4.299988232839498,52.94287303371475,30.93,3.0,headache,S029
-0.37,0.08,-38.95815256097835,4.080856603961918,53.060262760986596,30.93,3.0,headache,S029
0.11,0.09,-38.75117944713557,4.245381323750954,52.929858848027735,30.93,3.0,headache,S029
-0.38,0.08,-39.06651075739474,5.147023379757179,53.124392275978515,30.93,3.0,headache,S029
0.48,0.08,-38.61773208962198,4.854963167106756,53.0350041242393,30.93,3.0,headache,S029
0.09,0.08,-38.400327251578744,4.20183260588436,53.016032659987665,30.93,3.0,headache,S029
-0.03,0.09,-38.66101823221623,3.861581904566655,52.97441107325608,30.93,3.0,headache,S029
-0.66,0.08,-38.28623021964158,4.212690469368283,53.025975254271216,30.93,3.0,headache,S029
0.92,0.08,-38.76868217870644,4.526328840217781,53.07879568484569,30.93,3.0,headache,S029
0.02,0.08,-38.43926357245446,4.0864342045167845,52.93670150765398,30.93,3.0,headache,S029
0.46,0.08,-39.08991416067587,3.036416332266607,52.94350421791463,30.93,3.0,headache,S029
-0.17,0.08,-38.71732368219214,3.4918099910459968,53.06056048189697,30.93,3.0,headache,S029
-0.49,0.08,-39.245757026179206,3.48575166631655,52.93259304562905,30.93,3.0,headache,S029
-0.16,0.08,-38.673664215250085,4.175349738712173,53.0636607922777,30.93,3.0,headache,S029
0.08,0.08,-38.6784059962027,4.025339196950382,53.097174454589045,30.93,3.0,headache,S029
-0.66,0.09,-38.97598251133118,4.2940083098359265,53.0248427956655,30.93,3.0,headache,S029
0.59,0.08,-39.10799994081251,3.578846884289071,52.9292922813934,30.93,3.0,headache,S029
-0.28,0.08,-38.51072706851571,5.026657696287573,52.96157126165293,30.93,3.0,headache,S029
-0.04,0.09,-38.58965076714116,4.555017988445079,52.82829549435233,30.93,3.0,headache,S029
-0.38,0.09,-38.733691090417274,5.144487942652145,52.881261376418315,30.93,3.0,headache,S029
0.28,0.08,-38.568847535272866,5.220841875412796,52.64457996262284,30.93,3.0,headache,S029
0.37,0.09,-38.98832577952984,5.104725881194372,52.97567880451765,30.93,3.0,headache,S029
-0.17,0.09,-38.4115390643871,6.357506512488504,52.99910070662736,30.93,3.0,headache,S029
-0.41,0.09,-38.728506085734274,5.740393180637541,53.01915463399357,30.93,3.0,headache,S029
0.29,0.08,-38.39019391458753,6.206521811068748,52.96124376913876,30.93,3.0,headache,S029
-0.52,0.09,-38.41112270175111,5.864008209252453,53.08883058188583,30.93,3.0,headache,S029
1.06,0.08,-39.246125655218535,4.6257511908816,52.824634825069644,30.93,3.0,headache,S029
-0.31,0.08,-39.12169414641629,4.400698174152312,52.989091484818225,30.93,3.0,headache,S029
0.63,0.09,-38.94521635983203,4.310700296287247,53.082546123800704,30.93,3.0,headache,S029
-0.07,0.09,-38.880558001826685,4.596595242408922,53.173393347455615,30.93,3.0,headache,S029
-0.28,0.08,-38.92576926760523,4.902742808225531,52.98681573573575,30.93,3.0,headache,S029
0.51,0.11,-38.25472138192951,5.2002469338770565,53.02674380752778,30.93,3.0,headache,S029
0.99,0.09,-39.1387211999118,4.245454976098175,52.882834761293424,30.93,3.0,headache,S029
-1.6,0.08,-39.44708231107504,3.934675781393371,52.71616166062325,30.93,3.0,headache,S029
0.06,0.08,-39.44914150636167,3.4001324514496867,52.37366462047657,30.93,3.0,headache,S029
-0.36,0.09,-39.18267685562681,3.954612658971052,52.53591784435193,30.93,3.0,headache,S029
0.1,0.08,-39.82865827447769,4.573526370095415,52.27323026550516,30.95,3.0,headache,S029
-0.54,0.08,-38.986219408376854,4.5532666435789935,52.72301643126767,30.95,3.0,headache,S029
0.53,0.08,-39.68879386392327,4.549172249390832,52.49502111978732,30.95,3.0,headache,S029
-0.3,0.09,-39.00162935620849,5.366516294114166,52.747575408713445,30.95,3.0,headache,S029
-0.29,0.08,-38.8325771996492,5.691500489963372,52.61913510239862,30.91,3.0,headache,S029
0.05,0.09,-38.722117412790006,8.717454706163657,53.03374067597408,30.91,3.0,headache,S029
-0.19,0.09,-39.55729627861078,5.462318245967146,52.22956018131166,30.91,3.0,headache,S029
0.86,0.08,-40.00577148313892,4.332040787196692,52.20205188813735,30.91,3.0,headache,S029
-0.18,0.08,-39.9955106082693,4.757224759268133,52.06563362262883,30.93,3.0,headache,S029
-1.11,0.08,-39.811883198289536,4.765968018641191,52.14270441414762,30.93,3.0,headache,S029
0.78,0.08,-39.76096717448031,5.102536439299251,52.521998934321296,30.93,3.0,headache,S029
-0.06,0.08,-39.35682992999479,4.733703950662255,52.453832274488065,30.93,3.0,headache,S029
0.34,0.09,-39.28323806751027,4.979736397240325,52.65631597909435,30.93,3.0,headache,S029
0.08,0.09,-39.10054147799872,4.959228556716278,52.81916553436756,30.93,3.0,headache,S029
-0.37,0.08,-39.07595627653339,5.046468027554237,52.732496228808024,30.93,3.0,headache,S029
0.55,0.09,-38.99261993744666,4.953435344478259,53.01574475018866,30.93,3.0,headache,S029
0.26,0.08,-38.97641194484021,5.045297124018458,52.515268192766385,30.93,3.0,headache,S029
-0.35,0.09,-38.873274129568806,4.956369013610509,52.70526729381273,30.93,3.0,headache,S029
-0.02,0.1,-39.040780464682605,5.041838655282625,52.891002809195946,30.93,3.0,headache,S029
-0.18,0.11,-38.96733413150184,4.960030736102944,53.03204861090261,30.93,3.0,headache,S029
0.05,0.1,-39.032131603582044,5.0379645047365145,52.758286523008806,30.93,3.0,headache,S029
0.0,0.1,-38.964792503665834,4.964328498619396,52.705238268561295,30.93,3.0,headache,S029
-0.14,0.11,-39.042236302900044,5.032787632039875,52.94899113047027,30.93,3.0,headache,S029
0.68,0.11,-38.94230167974798,4.971323468064578,52.72375642150465,30.93,3.0,headache,S029
-0.36,0.1,-39.12228900708224,5.02174716033624,52.984676009432846,30.91,3.0,headache,S029
0.12,0.1,-39.01879400115014,4.993439731321913,52.91363482195098,30.91,3.0,headache,S029
0.06,0.11,-39.10056658986589,4.944014265615031,52.859461097774386,30.91,3.0,headache,S029
-0.58,0.1,-39.400879317661484,4.746156011231685,52.59493836043132,30.91,3.0,headache,S029
0.13,0.1,-39.15036032214573,5.100361496084856,52.86837972761543,30.95,3.0,headache,S029
0.31,0.1,-39.1101113923678,4.919022553500366,52.690296907552785,30.95,3.0,headache,S029
0.51,0.1,-39.102421118557814,4.945434785926222,52.71184450537002,30.95,3.0,headache,S029
-0.63,0.1,-39.20133894934222,4.936057988705827,52.825138984583745,30.95,3.0,headache,S029
-0.05,0.1,-38.9223904828865,5.063744069436312,53.02968351167771,30.93,3.0,headache,S029
0.05,0.1,-39.05233675683812,4.936133369481054,52.955860482530625,30.93,3.0,headache,S029
0.18,0.1,-38.95911240940638,5.066489970715375,52.901277055056134,30.93,3.0,headache,S029
-0.17,0.1,-39.034661974704164,5.207331801503215,52.999243535441316,30.93,3.0,headache,S029
-0.17,0.1,-38.967629877780716,5.609881411412838,52.96519434080925,30.95,3.0,headache,S029
-0.28,0.1,-39.04311451340048,4.990300561125322,52.799076970411384,30.95,3.0,headache,S029
0.42,0.1,-39.20525753257378,5.091288833109803,52.5774868856636,30.95,3.0,headache,S029
-0.05,0.1,-39.027664156184954,5.051492402863074,52.70644906199416,30.95,3.0,headache,S029
-0.04,0.1,-38.97622480893492,5.044400632939645,52.96209928869473,30.95,3.0,headache,S029
-0.02,0.1,-39.18654291259868,4.6634197131195485,52.867038736678396,30.95,3.0,headache,S029
-0.02,0.1,-39.25905370808252,4.880299526035092,53.00792704322425,30.95,3.0,headache,S029
-0.01,0.1,-38.621809635750296,5.354287800555233,52.97397790453465,30.95,3.0,headache,S029
0.62,0.09,-38.85115294497152,5.717552383423729,53.049702966867066,30.93,3.0,headache,S029
-0.43,0.1,-38.93963656726459,4.710936681279644,52.84976566986666,30.93,3.0,headache,S029
0.34,0.1,-38.29113513527181,5.077164457817553,52.86434849296722,30.93,3.0,headache,S029
-0.49,0.09,-38.882282914164094,4.669857344258812,53.164072688544515,30.93,3.0,headache,S029
0.45,0.1,-38.815936241182904,5.10437474517019,52.88629633096175,30.93,3.0,headache,S029
-0.09,0.1,-39.10027579583816,4.828834567989892,52.945377888775816,30.93,3.0,headache,S029
-0.02,0.09,-38.816353447279305,5.795116096098628,52.908640868033714,30.93,3.0,headache,S029
-0.27,0.09,-38.78551889411175,5.947602287269764,52.86269746576319,30.93,3.0,headache,S029
0.17,0.1,-38.905430377635525,6.542143657835187,52.83613413523759,30.93,3.0,headache,S029
-0.25,0.09,-38.69871146600804,5.498470679653627,52.81667166798218,30.93,3.0,headache,S029
0.54,0.09,-38.58589999708164,5.314803231036198,53.09956211227431,30.93,3.0,headache,S029
-0.12,0.1,-39.01975751679317,5.103054936421977,53.01523551850345,30.93,3.0,headache,S029
-0.86,0.09,-38.32469002761473,4.9628163048449485,52.890191725492954,30.93,3.0,headache,S029
0.27,0.09,-39.17614837145726,4.850320972179864,52.820908822786855,30.93,3.0,headache,S029
0.13,0.1,-38.527280853164385,5.0999539304676444,53.03981720962445,30.93,3.0,headache,S029
-0.19,0.09,-39.32114078265212,4.3258268536333135,52.70730295590374,30.93,3.0,headache,S029
0.38,0.09,-39.293980767809,4.970434594874201,52.286411258102085,30.93,3.0,headache,S029
0.1,0.1,-38.34402050717253,6.6734361536030615,52.83514421571799,30.93,3.0,headache,S029
0.09,0.09,-39.96223152526031,5.986203119863322,52.33873728547405,30.93,3.0,headache,S029
-0.61,0.09,-38.203493513894216,6.673888451846747,52.93914293031727,30.93,3.0,headache,S029
0.4,0.09,-40.14363957167637,4.263138066081597,52.41008153305594,30.91,3.0,headache,S029
-0.7,0.09,-38.351203226126515,6.223364028485524,52.88206917232993,30.91,3.0,headache,S029
0.99,0.09,-39.33924522545867,5.101959838098584,52.7302994240246,30.91,3.0,headache,S029
0.11,0.09,-39.23178170300505,4.432028344192969,52.716451308943434,30.91,3.0,headache,S029
0.12,0.1,-39.37085437846727,4.5306719537965705,52.40026131063793,30.91,3.0,headache,S029
-0.97,0.1,-39.488653223857945,4.6486556038475575,52.868909402115754,30.91,3.0,headache,S029
0.58,0.09,-39.150728657731435,5.011746593704311,52.70523482640524,30.91,3.0,headache,S029
0.08,0.09,-38.948236565778686,6.0792203336709285,52.66568532685489,30.91,3.0,headache,S029
-0.23,0.09,-39.70373794145351,3.962621106634601,52.31468697794117,30.91,3.0,headache,S029
-0.25,0.09,-39.32713619919007,5.087273983318661,52.4937926202037,30.91,3.0,headache,S029
-0.06,0.09,-39.03778024534104,5.6771113395351325,52.678568672321916,30.91,3.0,headache,S029
-0.15,0.1,-39.11508225800838,5.833328616727908,52.4851747467956,30.91,3.0,headache,S029
0.74,0.09,-38.83282056429756,5.856432124183635,53.04179900078136,30.91,3.0,headache,S029
-0.94,0.09,-39.10839804593196,6.0290903270674425,52.92341636529242,30.91,3.0,headache,S029
0.15,0.1,-38.903040108019916,5.653083785753331,52.90595725691401,30.91,3.0,headache,S029
0.54,0.09,-39.19062148044452,4.933854305357249,52.645132733091074,30.91,3.0,headache,S029
0.24,0.09,-39.10623839029054,5.038387666633774,52.77618723297556,30.93,3.0,headache,S029
-0.59,0.09,-39.01606156569048,5.6791070239910235,52.974133879983675,30.93,3.0,headache,S029
0.89,0.09,-38.930059815095596,5.559856721256051,52.55812978743434,30.93,3.0,headache,S029
-0.49,0.09,-39.058203379537034,5.132096269439695,52.732130481161775,30.93,3.0,headache,S029
-0.02,0.09,-39.120049051441825,4.984628677428243,52.86931810262761,30.93,3.0,headache,S029
0.27,0.09,-39.03931839955285,4.983877977539739,52.75575477474733,30.93,3.0,headache,S029
-0.39,0.09,-39.12050879874908,5.414512903994901,52.94601790536267,30.93,3.0,headache,S029
0.13,0.09,-38.940938763717185,5.41478813535878,52.893799425412794,30.93,3.0,headache,S029
0.03,0.09,-39.05311437396894,5.11977458513512,52.82425837963098,30.95,3.0,headache,S029
-0.28,0.09,-39.016507299693245,5.212334121338907,52.813941341712045,30.95,3.0,headache,S029
0.44,0.09,-39.274070916744485,4.974452094929282,52.944948100016845,30.95,3.0,headache,S029
-0.37,0.1,-39.242419545550256,4.999309067267506,52.52982311726998,30.95,3.0,headache,S029
0.59,0.1,-39.3608345933476,5.031774094348526,52.79107907334682,30.95,3.0,headache,S029
-0.48,0.1,-39.61044751601502,4.779684913441595,52.75834137780264,30.95,3.0,headache,S029
-0.4,0.11,-39.950484605906965,4.778827328975597,52.42886167791514,30.95,3.0,headache,S029
0.12,0.11,-39.762783978660885,5.064451151805669,52.187992786625735,30.95,3.0,headache,S029
0.24,0.11,-39.34107477945403,4.95980222236437,52.38974097714729,30.93,3.0,headache,S029
-0.06,0.11,-39.42803889163046,5.0278704535193075,52.81259778633877,30.93,3.0,headache,S029
0.42,0.11,-38.9923529955809,4.978182293477007,52.72279819828262,30.93,3.0,headache,S029
-0.54,0.11,-39.15551636289159,5.051574250566767,52.56959958523065,30.93,3.0,headache,S029
0.09,0.11,-38.9407116704563,5.859561257871979,52.9935669474731,30.93,3.0,headache,S029
-0.18,0.11,-39.03261297262303,5.655898863626151,52.945722851690064,30.93,3.0,headache,S029
0.2,0.11,-39.07159769200013,4.911505180825,52.86740468122414,30.93,3.0,headache,S029
0.27,0.1,-39.15019778194267,5.056632823706233,52.694051058855294,30.93,3.0,headache,S029
-0.03,0.11,-38.902277494637865,4.9198768439217035,52.9162072325881,30.93,3.0,headache,S029
0.18,0.11,-38.76089031340415,4.521612667000762,52.894040058544896,30.93,3.0,headache,S029
0.04,0.1,-38.594832062226295,5.436752311236965,52.85216304238593,30.93,3.0,headache,S029
-0.76,0.11,-39.02202987723953,5.21411923353069,53.11975768286386,30.93,3.0,headache,S029
0.91,0.11,-39.09729280170955,4.631067111841302,52.555992851912286,30.95,3.0,headache,S029
-0.37,0.1,-38.93638323953167,4.321688232123139,52.83538864696693,30.95,3.0,headache,S029
0.15,0.1,-38.92655272603064,4.317283518482758,52.938078441271834,30.95,3.0,headache,S029
-0.45,0.11,-39.05155661754979,5.188783034850509,52.96097534080818,30.95,3.0,headache,S029
0.57,0.1,-38.955558127677996,4.86316761535958,53.03818279833148,30.93,3.0,headache,S029
-0.53,0.1,-39.04191965085885,5.112902234949508,52.94089715018571,30.93,3.0,headache,S029
0.31,0.11,-38.954759791580294,4.9010835607921495,52.90366058147137,30.93,3.0,headache,S029
0.04,0.11,-39.13104904127665,5.089698937378215,53.01282467252026,30.93,3.0,headache,S029
-0.11,0.1,-39.06904570632064,4.916815688276204,53.00350632007594,30.95,3.0,headache,S029
0.06,0.1,-39.13297673472821,5.078381007919624,52.83898088416272,30.95,3.0,headache,S029
0.29,0.11,-39.0591214880152,4.925242696456092,52.799170408723505,30.95,3.0,headache,S029
-0.67,0.1,-39.1297094289794,5.072013180382777,52.83889391215559,30.95,3.0,headache,S029
-0.26,0.1,-38.99894625398512,4.9300098357491695,53.01873993467767,30.93,3.0,headache,S029
0.38,0.11,-39.00867431533517,5.068657049603324,53.00798569229089,30.93,3.0,headache,S029
-0.25,0.1,-38.98911218376067,4.9317834003413425,52.94378704263907,30.93,3.0,headache,S029
0.46,0.1,-39.0116655567143,5.069814771093278,52.902342251471566,30.93,3.0,headache,S029
0.26,0.1,-38.98815062409567,4.915697935872538,53.02913257167798,30.91,3.0,headache,S029
-0.41,0.11,-39.011727415961374,4.854557319801036,52.98370499658753,30.91,3.0,headache,S029
-0.01,0.1,-38.98858036775112,4.90547673190101,52.87640451771341,30.91,3.0,headache,S029
-0.24,0.11,-39.01097837756116,5.075700755071868,53.01249557188014,30.91,3.0,headache,S029
0.55,0.11,-38.98957824994073,4.924536731987948,52.71853044385727,30.93,3.0,headache,S029
-0.26,0.1,-39.00974469261354,5.0811724813164645,52.88826897964912,30.93,3.0,headache,S029
0.14,0.11,-38.99108078866367,4.900307082734676,52.98943876500616,30.93,3.0,headache,S029
-0.22,0.11,-39.00788415477236,5.271375206702757,52.87644866385612,30.93,3.0,headache,S029
-0.06,0.1,-38.99348562743581,5.033617320709704,52.91936929025593,30.93,3.0,headache,S029
-0.06,0.1,-39.00452042346602,5.007195139546877,52.96005058990192,30.93,3.0,headache,S029
-0.04,0.1,-38.999208581584554,5.0179979309332,53.03006063138485,30.93,3.0,headache,S029
-0.09,0.1,-39.07128231725471,5.155396088875116,52.91935401717057,30.93,3.0,headache,S029
0.86,0.1,-38.91426248086547,4.848550890319276,52.787506642941565,30.93,3.0,headache,S029
-0.27,0.1,-39.18522176042467,4.487720096741913,52.86211896554716,30.93,3.0,headache,S029
-0.18,0.11,-39.07177547455454,4.893014964453873,52.83947410138131,30.93,3.0,headache,S029
-0.33,0.1,-39.01582315801823,5.540657193461371,52.70531856544376,30.93,3.0,headache,S029
0.47,0.11,-38.97784890460949,5.029708782753537,52.7783795889806,30.93,3.0,headache,S029
-0.38,0.11,-39.1386885349329,4.87442882398081,52.97801988405846,30.93,3.0,headache,S029
0.07,0.1,-38.88442092259238,4.3457305965139446,52.90889224053355,30.93,3.0,headache,S029
-0.12,0.11,-38.98465767358238,5.154480849750757,52.59961153997936,30.93,3.0,headache,S029
0.15,0.11,-38.906629617170594,4.612655356043839,52.83064330270721,30.91,3.0,headache,S029
0.34,0.1,-39.05916762787122,5.063315133370393,52.74302376793926,30.91,3.0,headache,S029
0.51,0.1,-38.77521959181193,5.533927038068252,53.05937815718486,30.91,3.0,headache,S029
-1.02,0.11,-39.011243011287725,4.9168607453666855,52.9424741264851,30.91,3.0,headache,S029
0.21,0.1,-39.04516609738006,5.019664693866364,52.90586584081621,30.91,3.0,headache,S029
-0.43,0.1,-39.10574660674347,5.020334763411165,53.00082335694509,30.91,3.0,headache,S029
-0.18,0.1,-38.96571141834909,4.9275371602072635,52.982801258863944,30.91,3.0,headache,S029
0.73,0.11,-39.01260825166676,5.2887545376684155,52.84188523680194,30.91,3.0,headache,S029
0.53,0.1,-39.02479743013783,5.319773429258168,52.90042358128525,30.91,3.0,headache,S029
-0.54,0.1,-39.247747745822195,4.761584959963532,52.84301559117637,30.91,3.0,headache,S029
-0.28,0.11,-38.70703427575253,5.104051692657954,52.8623851394188,30.91,3.0,headache,S029
0.02,0.1,-38.97795743075678,4.879919227072278,52.92301661624174,30.91,3.0,headache,S029
0.12,0.1,-38.8674678603191,4.9492898572969235,53.038085826594674,30.93,3.0,headache,S029
0.11,0.11,-39.17900392339216,4.992886621170421,52.968968275086226,30.93,3.0,headache,S029
-0.4,0.1,-38.97945539826017,5.015557661241229,53.02834271759456,30.93,3.0,headache,S029
-0.09,0.1,-39.03174483840949,4.978343145740217,52.97279962565626,30.93,3.0,headache,S029
0.62,0.11,-38.966497809944094,5.033604170383765,53.02696001315364,30.91,3.0,headache,S029
-0.29,0.11,-39.03408776899262,4.68069198256356,52.972483951730354,30.91,3.0,headache,S029
0.39,0.1,-38.96537253225014,4.7710908336225355,53.02907032173692,30.91,3.0,headache,S029
-0.34,0.11,-39.035442966947926,5.035689612669773,52.96771708459087,30.91,3.0,headache,S029
0.15,0.11,-38.96327067535419,5.009774429427639,53.039142344671596,30.95,3.0,headache,S029
0.14,0.1,-39.03873472537361,5.135988538272314,52.9407773798764,30.95,3.0,headache,S029
-0.02,0.1,-38.95807766093589,4.951365615547745,52.93444724208313,30.95,3.0,headache,S029
-0.64,0.11,-39.04738416630413,5.0380968760450076,52.78789405443877,30.95,3.0,headache,S029
0.38,0.1,-38.94116850110178,5.1449702479334105,52.78612150087385,30.91,3.0,headache,S029
0.02,0.1,-39.189865066034834,4.683111208447028,52.94406171869836,30.91,3.0,headache,S029
0.22,0.11,-38.94486964451784,4.991137415433909,52.873938084122905,30.91,3.0,headache,S029
-0.34,0.11,-38.69347302210953,5.136046875402521,52.96550909183011,30.91,3.0,headache,S029
-0.04,0.1,-38.94703470484105,4.681076566276704,52.88861098971438,30.93,3.0,headache,S029
-0.02,0.11,-39.1711612570606,4.566261880428115,52.794559745056425,30.93,3.0,headache,S029
0.98,0.11,-38.98582355096881,4.743623846933359,52.8851254386516,30.93,3.0,headache,S029
0.34,0.1,-38.89383557123357,4.742515244713471,52.90578157483253,30.93,3.0,headache,S029
-0.84,0.1,-38.79547137873633,5.060451858201335,53.03623019491269,30.93,3.0,headache,S029
-0.48,0.11,-39.06377784454857,4.97487259343583,52.972749089303015,30.93,3.0,headache,S029
-0.11,0.11,-38.94796249058383,5.009703836311662,53.02408811353909,30.93,3.0,headache,S029
-0.06,0.1,-39.05160212059909,4.7541616497867505,52.976878439623846,30.93,3.0,headache,S029
0.35,0.11,-38.943639890831925,4.9860501422306704,53.023796698932024,30.93,3.0,headache,S029
-0.2,0.11,-39.067034046505924,5.017715325159754,52.97312170724975,30.93,3.0,headache,S029
0.12,0.1,-38.9085421401402,4.976999594287167,53.036521247538886,30.93,3.0,headache,S029
-0.35,0.11,-39.20162693566271,5.029433720085655,52.90443722562069,30.93,3.0,headache,S029
0.46,0.11,-39.09865707898391,4.961192368491664,52.936797488868194,30.93,3.0,headache,S029
-0.02,0.11,-39.230421494983375,5.06090063401352,52.800407327529506,30.93,3.0,headache,S029
-0.17,0.11,-39.01451905812694,5.208413170510964,52.8424948219678,30.93,3.0,headache,S029
0.18,0.11,-39.09864826560781,5.018570352501953,53.00377465088393,30.93,3.0,headache,S029
0.22,0.11,-39.039118172830825,4.960549771195214,52.953052890624974,30.93,3.0,headache,S029
-0.24,0.1,-39.00447132448564,5.0308199305354915,52.91089165380781,30.93,3.0,headache,S029
-0.29,0.11,-39.07589242055615,4.50440600908576,52.91225883246283,30.93,3.0,headache,S029
0.33,0.11,-39.311144134918955,4.635793056094524,52.75190638951637,30.93,3.0,headache,S029
0.23,0.11,-39.15128395061051,4.905626231585525,52.97898869866675,30.93,3.0,headache,S029
-0.22,0.11,-38.96078920248299,4.316984916397773,52.78189068972603,30.93,3.0,headache,S029
-0.08,0.11,-38.86522605007406,5.080360339483038,52.985345994511036,30.93,3.0,headache,S029
-0.59,0.11,-38.820747545991765,5.177686189382843,52.700126377431786,30.93,3.0,headache,S029
0.72,0.11,-39.16498458420716,4.6886611244169965,52.87550625365963,30.93,3.0,headache,S029
-0.31,0.11,-38.96214136472767,4.927262664398893,53.01578128778025,30.93,3.0,headache,S029
-0.29,0.11,-38.73265524079466,5.105216674640321,53.010677003733015,30.93,3.0,headache,S029
0.37,0.1,-38.77580424742645,4.717328717614696,52.94121172470324,30.93,3.0,headache,S029
-0.07,0.11,-38.763359830004525,4.925524415375888,52.79264487396154,30.91,3.0,headache,S029
0.25,0.11,-38.88883428549971,3.803125846017585,52.99381310558106,30.91,3.0,headache,S029
0.3,0.1,-39.08102480102831,4.202699813511052,52.87146867872836,30.91,3.0,headache,S029
-0.13,0.11,-38.8761688851088,4.3501876393391194,52.91303181627106,30.91,3.0,headache,S029
-0.43,0.11,-38.923464914849504,4.162556872600346,52.94300312710867,30.93,3.0,headache,S029
-0.15,0.11,-39.10306316631637,4.357297345003178,52.805195531901354,30.93,3.0,headache,S029
0.29,0.11,-39.12847064934981,4.534798720664656,52.822701747938325,30.93,3.0,headache,S029
0.65,0.11,-39.313741600137355,4.6597469778135086,52.53564256482636,30.93,3.0,headache,S029
0.05,0.11,-39.287366723829685,5.280291866088899,52.33373693242879,30.93,3.0,headache,S029
-1.08,0.1,-39.15609738174115,5.250860448439789,52.805781836426064,30.93,3.0,headache,S029
0.16,0.11,-39.54842538165214,5.050820546106546,52.43123598189665,30.93,3.0,headache,S029
0.49,0.11,-39.11391292441605,4.956946271287454,52.83689230957409,30.93,3.0,headache,S029
-0.49,0.1,-38.814158843979286,5.209796547707147,52.895111322350736,30.93,3.0,headache,S029
-0.29,0.11,-39.20624441685863,4.414554432581111,52.72791647808805,30.93,3.0,headache,S029
0.54,0.11,-39.154184946733345,4.98047219945919,52.8833024555854,30.93,3.0,headache,S029
0.08,0.1,-39.130212403883,4.3450445014809755,52.78713283760578,30.93,3.0,headache,S029
0.07,0.11,-39.30572146855002,3.9393401300433064,53.08228502368473,30.93,3.0,headache,S029
-0.4,0.11,-39.00471025029058,4.864959280786041,52.731344395481955,30.93,3.0,headache,S029
0.35,0.1,-39.18365074068071,5.035777267799784,52.83938231333419,30.93,3.0,headache,S029
-0.35,0.1,-39.08266458552638,4.967574531869108,53.02297694584807,30.93,3.0,headache,S029
0.59,0.11,-38.95191625456647,5.046206485425898,52.99126137239136,30.95,3.0,headache,S029
-0.39,0.1,-39.21860723932255,4.9030566344691495,53.003854196050376,30.95,3.0,headache,S029
-0.13,0.1,-39.08404402643359,4.820014129811815,52.99837710257601,30.95,3.0,headache,S029
0.5,0.11,-38.959174984035876,4.818507000655544,53.00048183641846,30.95,3.0,headache,S029
-0.43,0.11,-39.02988448927562,4.796523272080797,53.00008899042479,30.93,3.0,headache,S029
-0.29,0.1,-38.974915857900996,4.956853074620991,52.99972488633297,30.93,3.0,headache,S029
0.34,0.11,-39.02251099879713,4.642168893135176,53.00009356532579,30.93,3.0,headache,S029
0.1,0.11,-38.97898489618718,4.815523071377689,53.00062624447242,30.93,3.0,headache,S029
0.19,0.1,-39.02014550239146,4.859846866606238,52.99744533984882,30.93,3.0,headache,S029
-0.54,0.11,-38.980303598864964,4.65444955834135,53.00898953154839,30.93,3.0,headache,S029
0.31,0.11,-39.01956847112687,4.816834108985082,52.92325013591678,30.93,3.0,headache,S029
0.14,0.11,-38.9802819041181,4.88717211670738,52.79548738466764,30.93,3.0,headache,S029
0.06,0.11,-39.020137983262245,4.783397360201579,52.60195811769091,30.91,3.0,headache,S029
-0.42,0.1,-38.97914754931982,4.7884340596275985,52.890007954859165,30.91,3.0,headache,S029
-0.07,0.1,-39.0219236228336,4.731927396932486,53.069679250686455,30.91,3.0,headache,S029
0.13,0.11,-38.976527272938874,4.598751658993251,52.83322594571114,30.91,3.0,headache,S029
0.05,0.11,-39.02573437984285,4.407550283719052,52.855040329164005,30.95,3.0,headache,S029
-0.06,0.11,-38.970793338339405,4.643068954741228,53.030082552296754,30.95,3.0,headache,S029
0.56,0.1,-39.03517195082316,4.746589298282517,52.8138099403844,30.95,3.0,headache,S029
-0.38,0.11,-38.951500113993966,4.601201045271369,52.923394211579044,30.95,3.0,headache,S029
0.07,0.11,-39.132658159588026,4.229597826767454,52.873296631028765,30.93,3.0,headache,S029
-0.43,0.11,-39.01445683858124,4.364081546154178,53.01829841107389,30.93,3.0,headache,S029
-0.27,0.11,-39.031663353934775,4.305959103481702,52.97833011442732,30.93,3.0,headache,S029
0.55,0.11,-38.98142764347458,4.596166305908144,53.03372885796392,30.93,3.0,headache,S029
0.37,0.11,-39.145746179243226,4.662386961998947,52.88245459729259,30.93,3.0,headache,S029
-0.29,0.11,-38.9780025757625,4.653341401000465,52.97349593817475,30.93,3.0,headache,S029
-0.01,0.11,-38.99319952645947,4.430678285452487,52.91833904041595,30.93,3.0,headache,S029
-0.77,0.11,-39.000433880773436,4.306285087996095,52.93377990099652,30.93,3.0,headache,S029
0.92,0.11,-39.00600682858221,4.4944776496800865,53.03579150993296,30.95,3.0,headache,S029
0.09,0.11,-38.98591075063565,4.342684950510452,52.97124399294709,30.95,3.0,headache,S029
-0.37,0.1,-39.032753530667954,4.477415338009429,53.02764532728483,30.95,3.0,headache,S029
0.26,0.11,-39.108079664721046,4.577386919948857,52.968732203529974,30.95,3.0,headache,S029
-0.41,0.11,-38.997162368176966,4.577250445652078,53.04512770512647,30.95,3.0,headache,S029
-0.23,0.11,-38.982930680866076,4.623901389039153,52.82830221242384,30.95,3.0,headache,S029
0.46,0.11,-39.06643922128224,4.247106994643935,52.872106998673004,30.95,3.0,headache,S029
0.16,0.11,-39.0884856340912,4.231263019709254,53.03147664741716,30.95,3.0,headache,S029
-0.05,0.11,-38.97691947534525,4.4457564149562785,52.989578303535914,30.93,3.0,headache,S029
-0.1,0.11,-39.00800956817167,4.266065950431876,52.90798258547508,30.93,3.0,headache,S029
0.19,0.11,-39.002095466324,4.078387439457135,52.9457619229224,30.93,3.0,headache,S029
-0.6,0.11,-38.98557870169815,4.4170411268438246,53.045914778053486,30.93,3.0,headache,S029
0.26,0.11,-39.04791833630616,4.562510064304728,52.832241034790734,30.93,3.0,headache,S029
0.26,0.11,-39.100277854036335,4.032805651066427,52.912557579880215,30.93,3.0,headache,S029
-0.22,0.11,-38.989391762743395,4.455341691270411,52.90485832798813,30.93,3.0,headache,S029
-0.1,0.11,-38.978088594751625,4.73468356772442,52.93576362081235,30.93,3.0,headache,S029
-0.07,0.11,-39.211942870361234,4.8535459286336335,52.652957876420444,30.93,3.0,headache,S029
0.05,0.11,-39.216618677440486,4.4656184733240325,53.00316047728285,30.93,3.0,headache,S029
0.46,0.11,-38.94488621581857,4.817285151144436,52.914295199164116,30.93,3.0,headache,S029
-0.02,0.11,-39.038564521844556,4.672650395201548,52.791450329814644,30.93,3.0,headache,S029
-0.54,0.11,-38.969085688700595,4.298786523072401,53.03013812867476,30.95,3.0,headache,S029
0.24,0.11,-39.02638305236129,4.402949585575223,52.84583357988122,30.95,3.0,headache,S029
0.01,0.11,-38.976643525528665,4.260061914082962,53.046347993747304,30.95,3.0,headache,S029
0.37,0.11,-39.021192171977624,4.160048813013815,52.96737673817952,30.95,3.0,headache,S029
0.05,0.11,-38.98041619889717,4.135378458961896,53.025994473611156,30.93,3.0,headache,S029
-0.47,0.11,-39.0183718474535,4.221522505090014,52.9782287184315,30.93,3.0,headache,S029
-0.26,0.11,-38.98252346794525,4.154344798688002,53.01865442787681,30.93,3.0,headache,S029
0.05,0.11,-39.016879303756994,4.40796042329032,52.98393362353255,30.93,3.0,headache,S029
0.29,0.11,-38.98335311531414,4.316617133327478,53.013633497206854,30.93,3.0,headache,S029
-0.53,0.11,-39.01707855861453,4.469103007098607,52.98902754245291,30.93,3.0,headache,S029
0.56,0.11,-38.98025931186701,4.888814260313573,53.00744736336978,30.93,3.0,headache,S029
0.15,0.11,-39.13668539164494,4.721140487021384,52.99819481008311,30.93,3.0,headache,S029
-0.09,0.11,-38.99575446556882,4.822856804912982,52.82347552349866,30.93,3.0,headache,S029
-0.16,0.11,-39.00763691531611,4.980282081329607,52.901618017160224,30.93,3.0,headache,S029
0.41,0.11,-38.991638482728284,4.8734538081056975,53.04139733056249,30.93,3.0,headache,S029
-0.97,0.11,-39.008417092942075,4.947157984913069,52.96698167806387,30.93,3.0,headache,S029
0.61,0.11,-38.99184827473431,4.7536832744511575,53.03305269733194,30.93,3.0,headache,S029
0.29,0.11,-39.00763333725897,4.741633939509959,52.94847526521847,30.93,3.0,headache,S029
-0.13,0.11,-38.993182693885174,4.328138404321151,52.795502368164,30.93,3.0,headache,S029
-0.32,0.11,-39.00554696498148,4.429996683700442,52.98134816680811,30.93,3.0,headache,S029
0.23,0.11,-38.99655332608566,4.395700986322727,53.01432660486876,30.95,3.0,headache,S029
0.01,0.11,-38.99951779433366,4.324742049659473,52.98620828390719,30.95,3.0,headache,S029
0.11,0.11,-39.00985751591451,4.8705014734136,53.013523304281314,30.95,3.0,headache,S029
-0.15,0.11,-38.94543307533981,4.648748128138359,52.986777805547256,30.95,3.0,headache,S029
-0.2,0.11,-38.89496255421764,4.115117012182161,53.01278090537491,30.95,3.0,headache,S029
0.28,0.11,-39.04561201793151,4.4831068051717375,52.987973901210644,30.95,3.0,headache,S029
-0.05,0.11,-38.96203911801972,4.49075943198804,53.01051110780396,30.95,3.0,headache,S029
0.17,0.11,-39.04498719861103,4.572071266828263,52.9932802052097,30.95,3.0,headache,S029
-0.16,0.11,-38.7926729341971,5.12317191797797,52.9914807865141,30.95,3.0,headache,S029
-0.19,0.11,-38.69076009205793,4.73699806878853,52.86471509091737,30.95,3.0,headache,S029
0.12,0.11,-38.8731915759873,4.6015256897185015,52.95074261382731,30.95,3.0,headache,S029
-0.01,0.1,-39.18169556012225,4.483442125136018,52.84369825340781,30.95,3.0,headache,S029
0.37,0.11,-38.81254533263856,4.55252103495021,52.8464093778068,30.93,3.0,headache,S029
0.45,0.11,-39.26339507096618,4.287058063434054,52.6714143877405,30.93,3.0,headache,S029
-0.81,0.1,-38.775043230571164,4.583998299420526,52.95553012314104,30.93,3.0,headache,S029
-0.43,0.11,-38.96318342688825,4.843026331955418,52.98717068632252,30.93,3.0,headache,S029
0.5,0.11,-39.015224096210574,4.280729296267964,52.8756876773706,30.93,3.0,headache,S029
-0.25,0.11,-39.13280398896158,3.8852077840978296,53.023089103423516,30.93,3.0,headache,S029
0.24,0.11,-38.93539558777792,4.355223670452258,52.98674916934552,30.93,3.0,headache,S029
-0.39,0.11,-38.89937572313325,4.571700555340097,53.01087152885381,30.93,3.0,headache,S029
0.11,0.11,-39.150060106130454,4.547973798397915,52.983580059243536,30.93,3.0,headache,S029
0.59,0.11,-39.16121125010653,4.314932486268749,52.68531650495929,30.93,3.0,headache,S029
-0.8,0.11,-39.00801103703835,4.383454483125759,52.75137422631185,30.93,3.0,headache,S029
0.12,0.11,-39.00355778982712,4.930894233436208,52.591731818598056,30.93,3.0,headache,S029
0.52,0.1,-38.944093741448455,4.9070302975662505,52.57880485604905,30.91,3.0,headache,S029
-0.62,0.11,-38.95673248724413,5.801089501740605,52.84255793398738,30.91,3.0,headache,S029
0.7,0.13,-39.03826730302417,5.010225825674915,52.82895615490119,30.91,3.0,headache,S029
-0.1,0.11,-39.38816210186542,4.3351958457958295,52.56496944852999,30.91,3.0,headache,S029
-0.23,0.11,-39.15955311065966,4.156925252979522,52.65811356951768,30.95,3.0,headache,S029
-0.09,0.11,-38.932523159060786,4.772994825349472,53.02260286169061,30.95,3.0,headache,S029
0.13,0.1,-39.20148418982392,4.469421739033782,52.951331381014974,30.95,3.0,headache,S029
-0.21,0.11,-38.861339598616226,4.326290398805058,52.891090463578,30.95,3.0,headache,S029
0.39,0.11,-38.96370245155348,4.327493001235335,53.031941787050606,30.95,3.0,headache,S029
-0.38,0.11,-38.98530405855331,4.449900154777646,52.97771014470826,30.95,3.0,headache,S029
0.51,0.11,-39.015855396761566,4.11519692421333,53.01899540566036,30.95,3.0,headache,S029
-0.32,0.11,-38.84866519955641,4.349483918585636,52.9823896156046,30.95,3.0,headache,S029
0.35,0.11,-39.03675839798876,3.8769214018007143,53.01708464300479,30.95,3.0,headache,S029
-0.21,0.1,-38.96693928244383,4.138871817683967,52.98292583071403,30.95,3.0,headache,S029
-0.28,0.11,-39.03227945573637,4.031402640533519,53.01747248041451,30.95,3.0,headache,S029
0.13,0.11,-38.96740244086261,4.0231893774818746,52.981696468088856,30.95,3.0,headache,S029
-0.09,0.11,-39.03375903310786,3.9676657244287448,53.01973697451772,30.93,3.0,headache,S029
0.07,0.11,-38.96415910703099,4.350629077291939,52.97774171179256,30.93,3.0,headache,S029
-0.03,0.11,-39.0391184099161,4.218020668531601,53.02746640507906,30.93,3.0,headache,S029
0.02,0.1,-38.95596758368718,4.815529021744447,52.95518285026206,30.93,3.0,headache,S029
-0.08,0.11,-39.05015339324377,4.393950450648088,52.90068179931554,30.95,3.0,headache,S029
-0.21,0.11,-38.992680319800876,4.786120991996013,52.991960443178094,30.95,3.0,headache,S029
0.44,0.1,-39.38500611620231,4.409197264865715,52.645335116182466,30.95,3.0,headache,S029
-0.02,0.1,-39.2652975982671,4.560297897858506,52.808514565610416,30.95,3.0,headache,S029
0.36,0.11,-38.93759277383607,4.331800419023784,52.93168530226826,30.93,3.0,headache,S029
-0.56,0.1,-39.023065164295595,4.577041402170035,52.90989920692491,30.93,3.0,headache,S029
-0.02,0.1,-38.999445229007925,4.272635248147152,52.88233891735184,30.93,3.0,headache,S029
0.17,0.11,-38.97129227417612,4.595614096874111,52.756073951492326,30.93,3.0,headache,S029
0.11,0.11,-39.33711590098486,4.256359257566383,52.74021194085446,30.95,3.0,headache,S029
0.12,0.1,-39.08688259851143,4.413597719194658,52.90825081946969,30.95,3.0,headache,S029
-0.23,0.11,-38.95897846779736,4.343770673951025,52.9299008799902,30.95,3.0,headache,S029
-0.08,0.11,-39.02703739774031,4.855399940459576,52.985242948667384,30.95,3.0,headache,S029
0.24,0.1,-38.980384276277746,4.367899771289928,52.89984168337842,30.93,3.0,headache,S029
0.04,0.11,-39.01456831044105,4.368972296218874,52.87754200613068,30.93,3.0,headache,S029
-0.28,0.11,-38.98958204812252,5.18770855802684,52.98961383703397,30.93,3.0,headache,S029
0.04,0.1,-39.00616099703318,4.873671192255837,52.98391749549818,30.93,3.0,headache,S029
-0.47,0.11,-38.99998389883638,5.102209703350162,52.8980406586175,30.95,3.0,headache,S029
0.24,0.11,-38.98250257982507,4.899910456387364,52.923364601006284,30.95,3.0,headache,S029
-0.01,0.11,-38.871257127475985,4.5923487650129,52.878192680358524,30.95,3.0,headache,S029
0.46,0.1,-39.21346438663461,4.914193249622297,52.82521771400071,30.95,3.0,headache,S029
0.08,0.11,-38.922058771672425,4.814277858732728,52.59548886281705,30.93,3.0,headache,S029
-0.3,0.11,-39.016124132780156,4.957432972450443,53.02910744842588,30.93,3.0,headache,S029
0.03,0.1,-38.98164828101377,5.059285425483649,52.98429327539028,30.93,3.0,headache,S029
-0.24,0.11,-39.08923877976941,4.867979300526068,53.004149156730385,30.93,3.0,headache,S029
-0.14,0.1,-39.11292490664151,4.213660640002925,53.01374681374745,30.93,3.0,headache,S029
0.28,0.1,-39.069767555662494,4.80569326084624,52.9121889323431,30.93,3.0,headache,S029
-0.0,0.1,-38.98468235228692,4.779681918245435,52.75960312619933,30.93,3.0,headache,S029
0.43,0.11,-39.04952751834409,4.741516869445795,52.906797665858996,30.93,3.0,headache,S029
0.24,0.1,-39.10124908818251,4.521666485803094,52.51653078129915,30.93,3.0,headache,S029
-0.62,0.1,-39.13708338046304,4.7274090831092215,52.57663316609788,30.93,3.0,headache,S029
-0.08,0.1,-39.15960345819957,5.099604452726726,52.867464544188046,30.93,3.0,headache,S029
0.2,0.11,-39.08213724769827,4.916005001897706,52.795205295641644,30.93,3.0,headache,S029
-0.33,0.1,-38.95525595033943,5.099583176307261,52.8802989901597,30.97,3.0,headache,S029
0.17,0.1,-38.92453181708047,4.8021114721671365,53.03814753819596,30.97,3.0,headache,S029
0.05,0.1,-38.914355847335706,4.778606240297336,52.97029001782507,30.97,3.0,headache,S029
0.24,0.1,-38.78831636408409,5.155171193973827,53.03022819407274,30.97,3.0,headache,S029
-0.38,0.1,-39.026527409104034,4.907452744892585,52.96318514136557,30.93,3.0,headache,S029
-0.15,0.11,-38.977138483617686,4.898791504789001,53.05746670623739,30.93,3.0,headache,S029
0.49,0.1,-39.239496931976674,5.155479773009029,52.655854068392806,30.93,3.0,headache,S029
-0.18,0.1,-39.03810986939454,5.643951252703191,52.91219752966536,30.93,3.0,headache,S029
0.39,0.1,-38.966871882543096,5.4368496946128015,53.03431743045958,30.95,3.0,headache,S029
-0.35,0.11,-39.19304768154463,4.043012627426125,52.911635098790434,30.95,3.0,headache,S029
-0.51,0.1,-39.367059769101054,4.396801458408944,52.75510641450649,30.95,3.0,headache,S029
-0.05,0.1,-39.1660564576129,4.980136592960547,52.95311647134122,30.95,3.0,headache,S029
0.79,0.1,-39.11442620652287,4.816272251302122,52.815593603443936,30.95,3.0,headache,S029
-0.24,0.1,-39.20199934910958,4.882425883378696,52.52445987852536,30.95,3.0,headache,S029
-0.32,0.1,-39.134141435484956,5.104471656987303,52.86170318171585,30.95,3.0,headache,S029
0.3,0.1,-39.26271627747324,4.70545983053659,52.47264988507432,30.95,3.0,headache,S029
0.07,0.1,-39.28931229397486,4.1886349891347825,52.7786611447979,30.93,3.0,headache,S029
0.09,0.1,-39.19140202489417,4.516594256227469,52.71659824555648,30.93,3.0,headache,S029
0.22,0.11,-38.979724112035605,4.766172264843354,52.84422047521554,30.93,3.0,headache,S029
-0.26,0.11,-38.87574843058375,5.020092431639514,52.97306338947245,30.93,3.0,headache,S029
0.3,0.1,-38.93758706334841,5.102052263219594,52.79178627250853,30.97,3.0,headache,S029
-0.19,0.1,-38.8318403340345,5.731490620875192,52.94322645034968,30.97,3.0,headache,S029
-0.83,0.1,-38.620578055559314,6.101539534228843,53.03736227761328,30.97,3.0,headache,S029
0.19,0.1,-39.193571945177446,5.544586489592821,52.95878754647484,30.97,3.0,headache,S029
0.44,0.1,-38.82328674005602,5.190239702896729,52.59724157914931,30.97,3.0,headache,S029
-0.21,0.1,-39.95537836880169,5.598761008235915,52.11950444492124,30.97,3.0,headache,S029
-0.08,0.1,-39.2036898093308,4.883223653855792,52.56693950237607,30.97,3.0,headache,S029
0.56,0.1,-38.61318205721314,4.953988324744787,53.016992287778024,30.97,3.0,headache,S029
0.22,0.11,-39.218652283312224,4.612464466883463,52.79318740497904,30.93,3.0,headache,S029
-0.14,0.11,-39.244185843111964,4.689056780032642,52.90751461696921,30.93,3.0,headache,S029
-0.27,0.1,-39.066131528734246,4.8062435131371,52.87222666424658,30.93,3.0,headache,S029
-0.04,0.1,-39.094278749221345,5.040595501224263,52.59336498898085,30.93,3.0,headache,S029
-0.21,0.1,-39.166073397729015,4.42898513245581,52.799264468757215,30.93,3.0,headache,S029
0.54,0.1,-39.216755145341665,4.780011898626249,52.70501215030423,30.93,3.0,headache,S029
-0.74,0.11,-38.845003101589185,5.040108093506126,52.85293652687647,30.93,3.0,headache,S029
0.17,0.1,-39.32962637679248,5.164503708921443,52.720975178944684,30.93,3.0,headache,S029
-1.08,0.1,-38.9829472328527,4.94548679643605,52.68814637491703,30.93,3.0,headache,S029
0.87,0.1,-39.32086289361061,4.645964270626114,52.49773409538029,30.93,3.0,headache,S029
1.02,0.11,-39.24891822063525,5.030569764365033,52.59782588568139,30.93,3.0,headache,S029
-0.02,0.11,-38.96176098337904,5.026415870613333,52.774296862685674,30.93,3.0,headache,S029
-0.33,0.1,-39.122271393752875,4.9921416466422,52.74612965852969,30.93,3.0,headache,S029
-0.1,0.11,-38.95344464824893,4.813464616184341,52.872398640853994,30.93,3.0,headache,S029
-0.26,0.11,-38.79055322167501,5.283888012082867,52.954141762110574,30.93,3.0,headache,S029
-0.27,0.1,-39.00717480172635,4.55237506540612,52.85006763013533,30.93,3.0,headache,S029
0.5,0.1,-39.018943889931634,4.718415378112394,52.61752038486815,30.93,3.0,headache,S029
-0.47,0.11,-38.3785363895744,6.259202979780405,52.917074748761564,30.93,3.0,headache,S029
0.29,0.11,-38.58778459296669,6.7997889981176005,52.90922853205124,30.93,3.0,headache,S029
0.15,0.11,-38.668404488464496,5.7792668104130716,52.8480852738459,30.93,3.0,headache,S029
-0.16,0.11,-39.145242031184196,5.250776869554783,52.61345573281176,30.95,3.0,headache,S029
-0.17,0.12,-38.952322999366885,5.612825406670005,52.90942355582085,30.95,3.0,headache,S029
0.22,0.11,-39.13445406786444,5.792876782417628,52.91025757628947,30.95,3.0,headache,S029
0.08,0.12,-38.42999221316909,6.325116817851139,52.73091783485715,30.95,3.0,headache,S029
0.44,0.11,-38.831173910879016,5.923182661804036,52.90542246322693,30.97,3.0,headache,S029
-0.0,0.11,-38.53465759901113,5.550633833539715,52.93420377403204,30.97,3.0,headache,S029
-0.47,0.11,-38.923167366343606,5.516623613346432,52.75081084910844,30.97,3.0,headache,S029
-0.02,0.12,-39.114986830440586,4.8316850500835375,52.726161406235626,30.97,3.0,headache,S029
0.12,0.12,-39.43560312510978,4.468427685576475,52.69610671787731,30.97,3.0,headache,S029
-0.07,0.12,-39.36345798340371,4.839209492373732,52.3636591175975,30.97,3.0,headache,S029
-0.05,0.12,-39.45356981233921,4.978748894122309,52.684206740901104,30.97,3.0,headache,S029
-0.16,0.12,-39.34182457416574,4.862152216129831,52.429072488065756,30.97,3.0,headache,S029
0.09,0.11,-39.040197160090585,5.315966453708181,52.56289127646854,30.97,3.0,headache,S029
-0.26,0.11,-38.87589029201044,6.058485514997494,52.90515252675312,30.97,3.0,headache,S029
-0.05,0.12,-39.08227034337419,5.337892520389458,52.725022169996464,30.97,3.0,headache,S029
0.09,0.11,-39.22328461158749,5.45578188543605,52.58465094706283,30.97,3.0,headache,S029
0.19,0.12,-38.37990178006545,6.3216361216671,52.98334622565309,30.97,3.0,headache,S029
0.04,0.12,-38.28539995920962,6.993815006919773,53.05097687603455,30.97,3.0,headache,S029
0.34,0.12,-38.2919757562548,6.700909461886414,53.002286218035216,30.97,3.0,headache,S029
-0.25,0.12,-38.52188054886528,5.804786727691002,52.93141264506496,30.97,3.0,headache,S029
-0.17,0.12,-39.14431422984988,4.895673368122163,52.78436082025016,30.97,3.0,headache,S029
0.22,0.12,-38.67416854574599,6.030071348111162,52.932126544893,30.97,3.0,headache,S029
0.06,0.12,-39.097384501231666,5.203735812919781,52.7673759642924,30.97,3.0,headache,S029
-0.15,0.12,-38.71094919290432,5.838644398248801,53.1633644202132,30.97,3.0,headache,S029
0.24,0.12,-39.487397799544745,4.804071407862041,52.53404555157091,30.97,3.0,headache,S029
0.13,0.12,-39.799856640196424,3.7402615167478874,52.35263778336704,30.97,3.0,headache,S029
-0.19,0.11,-39.43332795351475,4.494567399599517,53.076254125723224,30.97,3.0,headache,S029
-0.04,0.12,-39.12385088935552,4.49864001241809,52.54478050233117,30.97,3.0,headache,S029
-0.34,0.12,-39.24460407020231,4.990745233263824,52.63519468527903,30.99,3.0,headache,S029
0.07,0.12,-38.78783995783787,5.285536735505812,52.9661179036985,30.99,3.0,headache,S029
0.28,0.12,-39.110050793222,5.133868014717835,52.47527042495163,30.99,3.0,headache,S029
-0.04,0.12,-38.77745689286561,5.388093509631159,52.824972340229074,30.99,3.0,headache,S029
0.26,0.12,-38.94553827157504,4.8150351895535275,52.7562381338368,30.99,3.0,headache,S029
-0.52,0.12,-38.76854609110204,4.906019117942342,53.011557366418394,30.99,3.0,headache,S029
-0.46,0.12,-38.655217916160275,5.525364089166203,52.95384009314685,30.99,3.0,headache,S029
0.37,0.12,-38.59339974507467,6.941133775695529,53.13244153958904,30.99,3.0,headache,S029
0.53,0.12,-37.93372800798117,6.365184267541137,53.123066870687616,31.01,3.0,headache,S029
-0.31,0.12,-38.42383302723545,6.128663258581443,53.00315519198766,31.01,3.0,headache,S029
-0.01,0.12,-38.658149574411794,4.839141596123556,53.104017972846236,31.01,3.0,headache,S029
0.04,0.12,-38.63146708610152,5.223818869738246,53.06952617456967,31.01,3.0,headache,S029
0.19,0.12,-38.393790664164484,4.9704396867503755,52.946566821205366,30.97,3.0,headache,S029
0.57,0.12,-38.598317053394396,5.71494820547682,53.06489520224436,30.97,3.0,headache,S029
-0.1,0.12,-38.94405676277465,5.049334464494543,52.73573758865908,30.97,3.0,headache,S029
-0.73,0.12,-38.802453635982225,5.291242691892522,52.854482517056695,30.97,3.0,headache,S029
-0.23,0.12,-39.03180404104436,4.798223778440888,52.93925823396921,30.97,3.0,headache,S029
0.14,0.12,-39.1732277491896,4.128171729670787,52.778484085015,30.97,3.0,headache,S029
0.17,0.12,-39.17656070403862,3.9671968319302264,53.00245711292651,30.97,3.0,headache,S029
-0.58,0.12,-38.93455712909807,4.347918808299859,52.73485918814398,30.97,3.0,headache,S029
0.48,0.12,-39.129397696863904,5.182554987553561,52.96399383004653,30.97,3.0,headache,S029
-0.18,0.12,-38.89535987756961,4.730198644956344,52.86412228264604,30.97,3.0,headache,S029
0.32,0.12,-38.74278835816194,5.483343423202126,52.68468145099971,30.97,3.0,headache,S029
0.3,0.12,-38.32932573758676,6.605305206499759,53.1616730594237,30.97,3.0,headache,S029
-0.45,0.12,-38.30774125325074,6.007398613776127,52.98907007929827,30.97,3.0,headache,S029
-0.24,0.12,-38.46538914647433,5.977882539989441,53.004589239868885,30.97,3.0,headache,S029
0.03,0.12,-38.42083011625205,5.8090601906304755,52.99939778522107,30.97,3.0,headache,S029
-0.02,0.12,-38.48120748069537,5.616928768366297,52.995908172473506,30.97,3.0,headache,S029
0.08,0.14,-38.83653743588806,4.8975727837219925,53.01984438324942,30.97,3.0,headache,S029
0.32,0.12,-38.29195200607785,5.04115962234804,53.25454875148007,30.97,3.0,headache,S029
0.42,0.11,-38.564131628001164,5.048179911440805,52.955842846702694,30.97,3.0,headache,S029
-0.14,0.11,-38.41404801399086,5.198981085367721,53.10408896447336,30.97,3.0,headache,S029
0.06,0.11,-38.35349903553244,4.782510272914276,53.05617690677055,30.97,3.0,headache,S029
-0.51,0.11,-38.485941276538185,5.173227449013648,52.98241002780756,30.97,3.0,headache,S029
0.31,0.11,-38.48699684457,4.783610243844043,53.007202063367195,30.97,3.0,headache,S029
0.21,0.11,-38.75097550975633,4.925982305787581,53.002503817496354,30.97,3.0,headache,S029
0.49,0.11,-38.9492494727838,4.14732673825547,52.964798641558055,30.95,3.0,headache,S029
-1.1,0.11,-39.036172125262596,4.497436643744294,52.89692542072472,30.95,3.0,headache,S029
0.05,0.11,-38.82500339275881,5.088240388177174,53.02495078562335,30.95,3.0,headache,S029
0.12,0.13,-39.074287105816815,4.953109420102691,52.96596359519807,30.95,3.0,headache,S029
0.14,0.1,-38.76047641889162,5.034390651948244,53.044466562230404,30.95,3.0,headache,S029
-0.38,0.11,-38.92325993319858,4.962874745973272,52.88700795314814,30.95,3.0,headache,S029
-0.21,0.11,-38.73859097332207,4.78326210598246,52.95798712861184,30.95,3.0,headache,S029
0.26,0.11,-38.60769723730296,4.956256542178135,52.9956913470704,30.95,3.0,headache,S029
0.05,0.11,-38.28817515940086,5.171202026467332,53.046235949110056,30.97,3.0,headache,S029
0.15,0.11,-38.60305480215264,5.125240698364021,53.10621173176152,30.97,3.0,headache,S029
0.04,0.11,-38.60243288656108,5.070856827214817,52.970109106073956,30.97,3.0,headache,S029
0.01,0.11,-38.298743038606126,5.639783296430721,53.01754566951077,30.97,3.0,headache,S029
-0.16,0.11,-39.041554973861835,4.167648611797319,52.98774636179326,30.97,3.0,headache,S029
-0.02,0.12,-38.780183445421784,5.348050635681954,53.00925389895996,30.97,3.0,headache,S029
-0.3,0.13,-38.94123456886757,4.330260674303236,52.992701412603104,30.97,3.0,headache,S029
0.1,0.11,-38.98931723033771,4.608804705586807,53.00590831044991,30.97,3.0,headache,S029
0.14,0.11,-38.68430034030276,5.3273932377194155,52.99514323887369,30.97,3.0,headache,S029
-0.04,0.11,-38.588788426270305,4.987543011215387,53.004022039686205,30.97,3.0,headache,S029
0.28,0.11,-38.943296528482016,5.006478845043646,52.996668012656365,30.97,3.0,headache,S029
-0.35,0.11,-38.624767929936034,4.9991442255800305,53.002740593110076,30.97,3.0,headache,S029
0.34,0.11,-39.055499218067,4.997215801039018,52.997783447913974,30.97,3.0,headache,S029
-0.13,0.11,-38.61162700562881,5.005127425676376,53.00173717409087,30.97,3.0,headache,S029
0.11,0.12,-38.87020541389354,4.993358148021858,52.99871514927828,30.97,3.0,headache,S029
-0.25,0.12,-39.00213018432364,5.007601275858161,53.000844799746154,30.97,3.0,headache,S029
0.08,0.11,-39.02014867110514,4.991832903005926,52.99959657522788,30.95,3.0,headache,S029
-0.15,0.12,-38.925482843613494,5.008436069280816,52.99994688016231,30.95,3.0,headache,S029
-0.07,0.12,-38.95640322589164,4.99153416123855,53.00054050656034,30.95,3.0,headache,S029
0.02,0.11,-38.85551622590366,5.008288529595769,52.998921600992404,30.95,3.0,headache,S029
0.6,0.11,-39.00899353889663,4.992082255839139,53.00169399341314,30.97,3.0,headache,S029
-0.23,0.12,-38.97330840744428,5.007351526240109,52.99757133792962,30.97,3.0,headache,S029
-0.06,0.12,-39.04328536953009,4.993427726671258,53.003352054868934,30.97,3.0,headache,S029
0.08,0.11,-38.8997711417263,5.005543483510678,52.995403577364094,30.97,3.0,headache,S029
0.13,0.12,-38.952799538151055,4.995798031474782,53.00645629980398,30.95,3.0,headache,S029
-0.68,0.12,-38.925571838050324,5.002441892370609,52.99023715935633,30.95,3.0,headache,S029
0.54,0.11,-38.77974565480288,4.999918394077807,53.018064297516545,30.95,3.0,headache,S029
-0.04,0.12,-38.90498877989679,4.996789065838019,52.922000634262965,30.95,3.0,headache,S029
-0.62,0.12,-38.889143323303166,5.008109331960554,52.83505402372322,30.99,3.0,headache,S029
-0.04,0.11,-38.86565745041938,4.983771702438897,52.972063756940656,30.99,3.0,headache,S029
0.49,0.11,-38.757256194889635,5.03276668440882,53.021857299694915,30.99,3.0,headache,S029
0.45,0.12,-39.005034490386834,4.908441650063562,52.87262289253099,30.99,3.0,headache,S029
-0.29,0.12,-38.98541701918233,4.797261855391937,52.98866184006819,30.95,3.0,headache,S029
-0.11,0.11,-39.02074638266554,4.985461443381424,52.99620039175537,30.95,3.0,headache,S029
-0.32,0.13,-38.94737449071874,4.876866070693742,53.01762904341867,30.95,3.0,headache,S029
0.15,0.13,-38.89423156667114,5.059060266474143,52.92953432343287,30.95,3.0,headache,S029
-0.02,0.13,-39.034080867804086,4.956889713709494,52.91281143186494,30.95,3.0,headache,S029
0.52,0.13,-38.97587882087232,5.034793781145464,53.03061374328325,30.95,3.0,headache,S029
-0.32,0.13,-39.01910098326767,4.970938734878228,52.981939554715694,30.95,3.0,headache,S029
-0.35,0.13,-38.9915691080542,5.024158783209411,53.010464074867514,30.95,3.0,headache,S029
0.27,0.13,-38.91252380785249,4.981344646414975,52.999928338407,30.97,3.0,headache,S029
0.14,0.13,-38.690591003423435,5.007997529252212,52.91819589135113,30.97,3.0,headache,S029
-0.19,0.13,-39.080266910283235,4.736239432496506,52.84938859639698,30.97,3.0,headache,S029
0.34,0.12,-38.889889965800194,4.883622197686574,52.956056277418014,30.97,3.0,headache,S029
-0.07,0.13,-38.89804806157219,4.730678014749527,52.87848053176638,30.97,3.0,headache,S029
-0.82,0.13,-39.08701747509137,4.8358176863021205,53.03272529400406,30.97,3.0,headache,S029
0.27,0.13,-38.81783960636293,4.940554035272329,52.97559692288887,30.97,3.0,headache,S029
0.62,0.12,-38.99757421986522,4.945747945457519,53.02179083371742,30.97,3.0,headache,S029
-0.47,0.13,-39.00842079504691,4.906571384684963,52.97898401494189,30.97,3.0,headache,S029
0.11,0.13,-38.85228883224731,5.023497060750389,53.01948663138311,30.97,3.0,headache,S029
0.59,0.13,-39.08247298866391,4.740276053126118,52.81502942636881,30.97,3.0,headache,S029
-0.37,0.13,-39.27311993249462,4.921111992902513,52.788972829502534,30.97,3.0,headache,S029
-0.26,0.13,-38.70934496854674,4.611261689190153,52.96672290236205,30.97,3.0,headache,S029
0.31,0.13,-38.593084697354136,5.0064470181008165,52.87104765517449,30.97,3.0,headache,S029
-0.02,0.13,-38.97719719685004,4.941710457747543,52.90806062986756,30.97,3.0,headache,S029
0.07,0.13,-39.00946891502835,5.05014557952545,53.02656874798115,30.97,3.0,headache,S029
-0.03,0.13,-38.99314419223199,4.954718981667665,52.98099861465677,30.95,3.0,headache,S029
-0.47,0.13,-39.0054046168977,5.042031199038593,53.01682886013119,30.95,3.0,headache,S029
0.08,0.13,-38.99570596841501,4.960325424175082,52.98379819314933,30.95,3.0,headache,S029
0.12,0.13,-39.00335452356677,5.037866742555179,53.01625981037351,30.95,3.0,headache,S029
0.25,0.12,-38.99747474831108,4.963578770496401,52.98328639822993,30.97,3.0,headache,S029
-0.29,0.13,-39.001774224490646,5.035226523134883,53.0173719601742,30.97,3.0,headache,S029
0.31,0.13,-38.99891962975162,4.96579002028511,52.98228724011121,30.97,3.0,headache,S029
-0.09,0.12,-39.00042794706757,5.033319912961815,53.013927103616176,30.97,3.0,headache,S029
-0.22,0.12,-39.000195760933956,4.9674847799656545,52.83963889172326,30.97,3.0,headache,S029
-0.08,0.13,-38.99919838969989,5.031757693397185,53.069729730100626,30.97,3.0,headache,S029
0.54,0.12,-39.00139922112516,4.968996391234347,52.77656157805656,30.97,3.0,headache,S029
-0.33,0.12,-38.998002853821625,5.030189644259253,52.71198585275546,30.97,3.0,headache,S029
0.29,0.13,-39.002602281450045,4.970799707096901,52.83837830147025,30.97,3.0,headache,S029
-0.2,0.13,-38.99678265824203,5.02776975359543,52.844724739145015,30.97,3.0,headache,S029
-0.2,0.12,-39.00383227187214,4.974927458423944,53.06825226146807,30.97,3.0,headache,S029
-0.15,0.13,-38.99560714833847,5.01653194155192,52.925653714961776,30.97,3.0,headache,S029
0.48,0.13,-39.00465777693165,4.845012005531358,52.77368952383004,30.97,3.0,headache,S029
-0.13,0.12,-38.996821367010966,5.045811427284486,53.03808506547298,30.97,3.0,headache,S029
0.17,0.12,-38.97004657185168,4.959753259413366,52.9508337770915,30.97,3.0,headache,S029
-0.1,0.13,-39.02663125308166,5.038828617882217,52.903945593351615,30.97,3.0,headache,S029
-0.17,0.13,-39.136181893959616,4.96109512477711,52.89630208242271,30.97,3.0,headache,S029
0.31,0.12,-38.98042539456035,5.04021240464126,52.982207293841306,30.97,3.0,headache,S029
-0.41,0.13,-39.0431226301505,4.956572875980879,52.90954093645175,30.97,3.0,headache,S029
-0.23,0.13,-39.10284967101182,5.051520680917291,52.6629187543361,30.97,3.0,headache,S029
0.5,0.12,-39.11818106357831,4.913178869363859,52.94216088290649,30.97,3.0,headache,S029
-0.06,0.12,-38.97715248961938,5.054014867987731,52.92241268013458,30.97,3.0,headache,S029
-0.12,0.13,-38.87720150757044,4.999830593306257,52.92348335865061,30.97,3.0,headache,S029
-0.09,0.12,-39.030533163439706,5.011548065417628,53.02191081030349,30.97,3.0,headache,S029
0.32,0.12,-38.8553695566552,4.984009287378981,52.98842326978038,30.95,3.0,headache,S029
-0.24,0.13,-39.0166403288933,5.018291458252101,53.00784444835048,30.95,3.0,headache,S029
0.17,0.13,-38.978990676024495,4.980343673989148,52.99294040187985,30.95,3.0,headache,S029
-0.04,0.12,-39.05202027561193,5.020528791716052,53.011217513207974,30.95,3.0,headache,S029
0.44,0.12,-39.11084884076972,4.978893205729731,52.91222497444495,30.97,3.0,headache,S029
-0.35,0.13,-38.947942987153766,5.021484982251253,52.84102135949163,30.97,3.0,headache,S029
-0.38,0.12,-39.13863197820189,4.978307437353781,52.840027131401115,30.97,3.0,headache,S029
-0.11,0.12,-39.157500947514535,5.0216149160394865,52.89526048204562,30.97,3.0,headache,S029
0.27,0.13,-38.89979905451669,5.102587957840943,52.88260201236735,30.95,3.0,headache,S029
0.32,0.13,-38.94869633447799,5.023115425671887,52.86797944885983,30.95,3.0,headache,S029
-0.38,0.12,-39.01233097325849,4.9771079520840065,53.00912477887933,30.95,3.0,headache,S029
0.05,0.13,-38.98843190316054,5.02284605757497,52.9846555408901,30.95,3.0,headache,S029
0.59,0.13,-39.015019051779284,4.977171070923541,52.90530324811825,30.95,3.0,headache,S029
-0.1,0.12,-38.976233213329714,5.022813855583548,52.91166889204814,30.95,3.0,headache,S029
-0.54,0.12,-39.05990944889991,4.977206583752496,52.66218155123497,30.95,3.0,headache,S029
0.19,0.13,-39.096215424547076,5.0227652315212135,52.93932305635633,30.95,3.0,headache,S029
0.06,0.13,-38.97628293934042,4.977271503296527,52.65593147270609,30.97,3.0,headache,S029
-0.01,0.12,-39.01166302343048,5.022682887448376,52.63086244911797,30.97,3.0,headache,S029
-0.3,0.13,-38.99391402508891,4.977371848547754,52.8938125639902,30.97,3.0,headache,S029
0.11,0.13,-39.00230234706677,5.022563933050703,52.916733973712425,30.97,3.0,headache,S029
0.25,0.12,-39.001056529176914,4.977510317715181,52.82298466111341,30.95,3.0,headache,S029
0.1,0.12,-38.9951471683305,5.022404591755311,52.91598792900598,30.95,3.0,headache,S029
-0.06,0.13,-39.01039125422861,4.977692464278945,52.856350605653326,30.95,3.0,headache,S029
-0.3,0.12,-38.978186731367735,5.022196996661583,52.83398712182508,30.95,3.0,headache,S029
0.31,0.12,-39.07532685838641,4.977929032901371,52.803270588426884,30.97,3.0,headache,S029
-0.31,0.13,-39.08308628383209,5.021926812639522,52.74116617647774,30.97,3.0,headache,S029
0.05,0.13,-38.97096779070804,4.978238923397427,52.97674522908644,30.97,3.0,headache,S029
0.4,0.12,-39.01756682386266,5.021569196035738,52.88968803252253,30.97,3.0,headache,S029
-0.46,0.12,-38.98804010146929,4.9786549197473855,53.047981263807216,30.97,3.0,headache,S029
0.17,0.13,-39.00791679303049,5.021080469502953,52.96586087927256,30.97,3.0,headache,S029
0.3,0.12,-38.996256214601694,4.979236070821114,53.032162796340764,30.97,3.0,headache,S029
-0.18,0.12,-38.997067928419696,5.020379213915892,52.86655280583888,30.97,3.0,headache,S029
-0.15,0.12,-39.024718345746436,4.9800975133155205,52.9761621412564,30.95,3.0,headache,S029
0.05,0.12,-39.125242088748124,5.019297328108721,52.63739033481583,30.95,3.0,headache,S029
-0.24,0.13,-38.96449589019174,4.981494848716842,52.853476665376576,30.95,3.0,headache,S029
0.05,0.13,-39.026314769235405,5.017425112387595,53.0508777676741,30.95,3.0,headache,S029
0.37,0.13,-38.976096950218704,4.984133211569204,52.80410693146031,30.97,3.0,headache,S029
-0.41,0.12,-39.02429031344564,5.013418691454504,52.88621802681015,30.97,3.0,headache,S029
0.18,0.13,-38.972734964834,4.991022954869729,53.06972113391235,30.97,3.0,headache,S029
-0.15,0.12,-39.0347009906609,4.998063658296216,52.8361849223158,30.97,3.0,headache,S029
0.49,0.12,-38.94454903964614,5.093638498813014,52.88829599083708,30.97,3.0,headache,S029
0.22,0.12,-39.217260225286964,5.053328904760576,52.84134734977932,30.97,3.0,headache,S029
-0.58,0.13,-39.0877363800128,4.975376994817385,52.68606515072744,30.97,3.0,headache,S029
-0.13,0.14,-38.97791878716015,4.9844771828315,52.74812456038835,30.97,3.0,headache,S029
-0.09,0.12,-39.148178284408594,4.857516953846709,52.85043348709234,30.99,3.0,headache,S029
0.24,0.13,-38.965174404573844,5.079840729786364,52.866952596745726,30.99,3.0,headache,S029
0.14,0.13,-39.026048384135585,4.842109546133512,52.990048731618145,30.99,3.0,headache,S029
-0.26,0.12,-38.977083796920084,5.002722851300976,53.01453112836752,30.99,3.0,headache,S029
0.43,0.13,-39.02189420304449,4.979046164849741,52.982950638219926,30.97,3.0,headache,S029
-0.32,0.12,-38.97807488445488,5.02481088830511,53.01938606848212,30.97,3.0,headache,S029
-0.01,0.12,-39.02091570333696,4.973845819106454,52.97761715867777,30.97,3.0,headache,S029
0.05,0.13,-39.07595597321624,5.026712158382182,52.90128345168792,30.97,3.0,headache,S029
-0.35,0.13,-39.10592376349943,4.973040565417501,52.966385752150174,30.99,3.0,headache,S029
0.5,0.12,-39.04414434755883,5.02706786454766,53.05371000332901,30.99,3.0,headache,S029
-0.04,0.12,-39.17153598249834,4.972889532081077,52.78171301144808,30.99,3.0,headache,S029
-0.18,0.13,-39.10879598837152,5.027121663367085,52.58212052120209,30.99,3.0,headache,S029
0.25,0.13,-38.99629562751383,4.972881125481648,52.815801338963475,30.97,3.0,headache,S029
-0.2,0.13,-39.13847163241404,5.027111377857579,53.072220562239785,30.97,3.0,headache,S029
-0.07,0.13,-38.952245423960186,4.972895706062323,52.89019370857053,30.97,3.0,headache,S029
0.28,0.13,-39.16729948925472,5.027100525714206,52.813428492219145,30.97,3.0,headache,S029
-0.27,0.12,-38.96478658157117,4.9728982435271085,52.82442726685353,30.97,3.0,headache,S029
0.09,0.13,-39.02697433861773,5.027108988777298,52.94849696578966,30.97,3.0,headache,S029
-0.13,0.13,-38.975999204193755,4.972877152164218,52.88775359362315,30.97,3.0,headache,S029
0.15,0.12,-39.02312220133557,5.027143759127719,52.81608686391345,30.97,3.0,headache,S029
0.46,0.12,-38.976033370330285,4.972827942939068,53.007639749870116,30.97,3.0,headache,S029
-0.61,0.13,-39.02733288024808,5.027208055400078,52.83856383067839,30.97,3.0,headache,S029
0.04,0.13,-38.96285071906185,4.972747903040066,52.8470509647227,30.97,3.0,headache,S029
-0.08,0.12,-39.09040928233644,5.027304593194417,52.90544196863405,30.97,3.0,headache,S029
-0.04,0.13,-39.069073277286414,4.972633939167325,52.929723236352224,30.95,3.0,headache,S029
0.19,0.13,-38.98302629170847,5.027437161204232,53.004650177094916,30.95,3.0,headache,S029
-0.08,0.12,-39.00632164612752,4.972481252263912,53.00277791033103,30.95,3.0,headache,S029
0.1,0.13,-38.99863371530013,5.027611928156524,52.99628015041568,30.95,3.0,headache,S029
-0.2,0.13,-38.99794340361658,4.9722818495380885,53.001594003905154,30.97,3.0,headache,S029
0.31,0.12,-39.005425727730724,5.0278393264533525,53.006506602293165,30.97,3.0,headache,S029
-0.15,0.13,-38.98968775701306,4.972021984750359,52.92748071434322,30.97,3.0,headache,S029
0.34,0.13,-39.022840555481245,5.028137704953608,52.893095176343564,30.97,3.0,headache,S029
0.05,0.13,-39.11099898085807,4.971676739413512,52.92397310106232,30.97,3.0,headache,S029
-0.46,0.12,-39.23183677806842,5.028541665990972,52.89567282876431,30.97,3.0,headache,S029
-0.13,0.12,-39.02362519068817,4.97119668687725,52.89656956226635,30.97,3.0,headache,S029
-0.32,0.13,-38.987358494307706,5.02912437690875,52.61715434240324,30.97,3.0,headache,S029
0.87,0.12,-39.00845571302237,4.970468482341412,52.980818630119536,30.97,3.0,headache,S029
-0.34,0.12,-38.99408208254625,5.030072094948913,52.82195820251896,30.97,3.0,headache,S029
0.12,0.12,-39.0039019000787,4.969160734984972,52.76222953678454,30.97,3.0,headache,S029
0.03,0.12,-38.99813161152442,5.0320453950108295,53.05468313757395,30.97,3.0,headache,S029
-0.1,0.12,-38.99925686864106,4.965696370694624,52.68244677144989,30.95,3.0,headache,S029
-0.02,0.12,-39.00511828847254,5.040423221935666,52.897244679861714,30.95,3.0,headache,S029
0.07,0.13,-38.984245137610316,4.849926409662584,52.99122986483297,30.95,3.0,headache,S029
0.07,0.12,-39.087099906648774,5.011938827303493,52.860507565384545,30.95,3.0,headache,S029
-0.23,0.13,-39.07237317014151,4.979405247046009,53.07759060002562,30.95,3.0,headache,S029
0.26,0.12,-38.95347607508215,5.02335834205127,52.8299394915556,30.95,3.0,headache,S029
-0.32,0.12,-39.112564221944226,4.975209510304753,52.817644697374156,30.95,3.0,headache,S029
0.34,0.12,-39.362253149374375,5.025717916201956,52.349192397851844,30.95,3.0,headache,S029
-0.65,0.12,-39.06538198538407,4.973593427957132,52.985600241210406,30.97,3.0,headache,S029
0.56,0.12,-38.97191115666378,5.026969218695593,52.75921255325091,30.97,3.0,headache,S029
0.02,0.12,-39.02201470117312,4.9725370886382425,52.97542802823926,30.97,3.0,headache,S029
-0.21,0.12,-38.97888335870257,5.027920753808723,52.75281892060686,30.97,3.0,headache,S029
-0.03,0.12,-39.023430232855084,4.971635477435622,52.83556572880615,30.95,3.0,headache,S029
0.14,0.12,-38.967394906295844,5.028810534732071,52.94777237587815,30.95,3.0,headache,S029
0.28,0.12,-39.103040369001484,4.970727151943781,52.91756567623693,30.95,3.0,headache,S029
-0.1,0.13,-39.05743585926349,5.02976541999051,52.93598358200319,30.95,3.0,headache,S029
-0.03,0.12,-38.9678106231547,4.969695943323989,52.911600903828415,30.97,3.0,headache,S029
-0.35,0.12,-39.0755722953957,5.030908815717599,52.91961148921681,30.97,3.0,headache,S029
-0.11,0.12,-39.23010311242325,4.968392207520205,52.82954210083876,30.97,3.0,headache,S029
0.02,0.12,-39.20443376669475,5.032444202797773,52.68250231796128,30.97,3.0,headache,S029
0.31,0.12,-39.009463612647856,4.966508357752676,52.69102536832525,30.97,3.0,headache,S029
0.09,0.12,-39.00192139954022,5.034892393967412,52.89938677854609,30.97,3.0,headache,S029
-0.22,0.12,-39.13901129162469,4.96302477322841,52.924160319529385,30.97,3.0,headache,S029
-0.06,0.12,-38.966509406217334,5.040752260633629,52.81543240662853,30.97,3.0,headache,S029
0.38,0.12,-39.02798152576785,4.948118655018118,52.908974962342995,30.95,3.0,headache,S029
-0.52,0.13,-38.97278382718419,4.9121520393158296,52.81263473035184,30.95,3.0,headache,S029
0.2,0.12,-39.027990986643054,4.980749984068645,52.8099049477149,30.95,3.0,headache,S029
0.12,0.12,-38.9708055887864,5.026209622186015,52.82911016169181,30.95,3.0,headache,S029
0.55,0.13,-39.02731662687984,4.974644634350004,52.602984543802975,30.97,3.0,headache,S029
-0.47,0.12,-39.230493997327606,4.989533776647953,52.843443101670864,30.97,3.0,headache,S029
-0.23,0.12,-39.55458861733697,4.158057158889759,52.16790254797551,30.97,3.0,headache,S029
-0.31,0.12,-39.30790524409625,4.724190382431143,52.67241121047347,30.97,3.0,headache,S029
0.47,0.12,-39.13576860610608,5.002925690243952,53.030986763897616,30.97,3.0,headache,S029
-0.1,0.12,-39.54252585505314,4.787411814538713,52.70020388294497,30.97,3.0,headache,S029
0.38,0.12,-38.952782526024556,5.214988125465442,52.79939540856442,30.97,3.0,headache,S029
-0.48,0.12,-38.98826809895737,5.086967099161178,53.01275916922656,30.97,3.0,headache,S029
0.26,0.12,-38.861548511241885,5.234479205894682,52.877388957400434,30.99,3.0,headache,S029
-0.05,0.13,-39.024501283696004,4.780292170759133,52.98512929600293,30.99,3.0,headache,S029
-0.03,0.12,-39.012226929656045,4.880760448903044,53.0056985563239,30.99,3.0,headache,S029
0.23,0.12,-38.99900175605365,5.0445973721538415,53.00025691012288,30.99,3.0,headache,S029
-0.15,0.12,-39.064702934235996,4.967999425331749,52.84415907146683,30.97,3.0,headache,S029
-0.4,0.12,-39.12896486233406,5.0278655441359374,52.61567442005436,30.97,3.0,headache,S029
0.33,0.12,-39.06357986964132,4.973791766423373,52.90421060643712,30.97,3.0,headache,S029
-0.07,0.12,-38.9961375514478,5.025519804153523,53.01242552269639,30.97,3.0,headache,S029
-0.42,0.12,-38.99702629206063,4.974725046547896,52.995460626397424,30.95,3.0,headache,S029
0.32,0.12,-39.0049997072915,5.025254094812635,53.001773945360156,30.95,3.0,headache,S029
0.53,0.12,-38.994055285306345,4.9746461491378655,52.99990434709862,30.95,3.0,headache,S029
-0.12,0.12,-39.00673579442258,5.025521333138943,52.99849202966072,30.95,3.0,headache,S029
-0.5,0.12,-38.99212266484624,4.974272218226314,53.003682278105565,30.97,3.0,headache,S029
0.57,0.12,-39.01013284962846,5.02595681182576,52.992438793228224,30.97,3.0,headache,S029
-0.09,0.12,-38.98360446007084,4.973801269853353,53.01747658755305,30.97,3.0,headache,S029
-0.46,0.13,-39.12873669653236,5.026447603843416,52.88938621772585,30.97,3.0,headache,S029
0.14,0.12,-39.00340070888186,4.973300335903594,52.96284510792302,30.97,3.0,headache,S029
0.02,0.12,-39.11479357305042,5.026952394062025,53.01541333021643,30.97,3.0,headache,S029
-0.11,0.12,-39.0204958767981,4.972796017864801,52.996952332963,30.97,3.0,headache,S029
0.1,0.12,-38.98808213107265,5.027452975887968,52.93719911295591,30.97,3.0,headache,S029
0.43,0.12,-39.00915329647171,4.972301952889478,52.775996194838044,30.97,3.0,headache,S029
-0.34,0.12,-38.99218214266699,5.027937816445866,52.89598350230894,30.97,3.0,headache,S029
-0.27,0.12,-39.00703735437744,4.971829294203048,53.03154152877415,30.97,3.0,headache,S029
0.07,0.12,-38.99352247849883,5.028394796700801,52.777538085635804,30.97,3.0,headache,S029
0.32,0.12,-39.005884249294155,4.971392322622529,52.72633562571676,30.95,3.0,headache,S029
0.02,0.12,-38.99544301482319,5.0288062621473895,52.87980005343119,30.95,3.0,headache,S029
-0.31,0.12,-39.13199352869365,4.9710134348015105,52.71208838315491,30.95,3.0,headache,S029
-0.19,0.11,-38.990295672362734,5.029143406456923,53.05639516480037,30.95,3.0,headache,S029
0.52,0.12,-39.00945794689762,4.970729979607861,52.65302080522682,30.95,3.0,headache,S029
-0.04,0.12,-39.119040564634936,5.029357528775496,52.900619696894125,30.95,3.0,headache,S029
-0.04,0.12,-39.00194726280344,4.970605773600134,53.05147481575013,30.95,3.0,headache,S029
-0.56,0.12,-38.9997561795021,5.029364618890889,52.8876436111704,30.95,3.0,headache,S029
0.22,0.12,-38.99174071755584,4.970751839140119,52.95551225237382,30.97,3.0,headache,S029
0.7,0.12,-39.10677998350087,5.0290177294510965,52.93136491321495,30.97,3.0,headache,S029
-0.57,0.12,-39.31498182683634,4.971361764878865,52.86212059387267,30.97,3.0,headache,S029
0.03,0.12,-39.14370269970467,5.028067144687328,52.50404315935914,30.97,3.0,headache,S029
0.35,0.12,-39.31244174918655,4.972736114422133,52.66453123962993,30.95,3.0,headache,S029
-0.36,0.12,-39.09184997372826,5.026236136475869,52.77212546337607,30.95,3.0,headache,S029
0.03,0.12,-39.03233566679274,4.974758976727856,52.71722971219616,30.95,3.0,headache,S029
-0.08,0.12,-39.03899375641763,5.025225832619683,52.76960584104214,30.95,3.0,headache,S029
-0.13,0.12,-39.124206402762916,4.683124841713846,52.47929575031994,30.95,3.0,headache,S029
0.13,0.12,-38.94048409221949,4.866007199825436,52.685447539766194,30.95,3.0,headache,S029
-0.06,0.12,-39.05271201364298,5.296513081620682,53.002718106722504,30.95,3.0,headache,S029
0.02,0.12,-38.94376508709979,5.604143540606555,52.8793879829568,30.95,3.0,headache,S029
0.39,0.13,-39.07989328270072,4.866884487321432,52.99394026484606,30.97,3.0,headache,S029
-0.06,0.12,-39.07023183998802,5.0303323565471185,52.92673124712488,30.97,3.0,headache,S029
-0.22,0.12,-39.020834093195596,4.668993026933878,52.753290304190735,30.97,3.0,headache,S029
0.17,0.12,-38.7287023447066,5.658811115641742,53.13122782293393,30.97,3.0,headache,S029
0.22,0.12,-39.01621372937756,4.782580930627508,52.78627936679164,30.97,3.0,headache,S029
-0.44,0.12,-38.98170443525358,4.177537479764894,52.903360464197014,30.97,3.0,headache,S029
0.15,0.11,-38.951340783184,5.128438900532658,52.97480595242245,30.97,3.0,headache,S029
0.05,0.12,-38.988495491504715,4.97284411644722,52.956078214880044,30.97,3.0,headache,S029
0.11,0.12,-39.42696016658276,3.7957786844317,52.62803000045353,30.95,3.0,headache,S029
-0.3,0.12,-38.94875041731684,5.0545209871264705,52.72607111718834,30.95,3.0,headache,S029
0.08,0.11,-39.32823765727929,4.630636011212848,52.6229727231653,30.95,3.0,headache,S029
0.07,0.12,-39.38746125034228,4.941450122642531,52.49251919225292,30.95,3.0,headache,S029
0.04,0.12,-39.56334681738358,4.840574321943459,52.10229909432471,30.95,3.0,headache,S029
0.17,0.12,-39.91458938328398,5.746074789598245,52.090747467714145,30.95,3.0,headache,S029
-0.29,0.11,-40.52624404404479,5.610278213407309,51.63878116613722,30.95,3.0,headache,S029
0.03,0.12,-41.12045763594012,5.424393273330318,51.573655615401336,30.95,3.0,headache,S029
-0.16,0.12,-40.82827315226739,5.670413541770253,51.26622103587545,30.97,3.0,headache,S029
-0.08,0.11,-41.10252498308234,5.4488183730613,51.472898563828586,30.97,3.0,headache,S029
-0.21,0.12,-41.15080404331868,4.4055562145482785,51.5294088743037,30.97,3.0,headache,S029
0.3,0.12,-41.11217716299651,4.916416119447184,51.2129909791726,30.97,3.0,headache,S029
0.43,0.11,-40.769637370351006,5.043398333454043,51.632758201983606,30.95,3.0,headache,S029
-0.84,0.11,-40.85472611212798,5.305050493970047,51.72482516115626,30.95,3.0,headache,S029
0.09,0.12,-40.80638426473034,5.282583840460018,52.025342420203216,30.95,3.0,headache,S029
-0.29,0.11,-40.163172728410345,5.987436286944546,51.983438552466616,30.95,3.0,headache,S029
1.0,0.11,-39.93190205012454,5.116913436466084,51.99725123173385,30.93,3.0,headache,S029
0.11,0.12,-39.762631557682425,5.248832151363367,52.109308590417534,30.93,3.0,headache,S029
-0.43,0.12,-39.783983811272535,4.967422389182581,52.016188484256155,30.93,3.0,headache,S029
-0.16,0.11,-39.92431901200329,4.961942339637757,52.11092705821471,30.93,3.0,headache,S029
0.53,0.12,-39.712194219310426,4.572584945735388,52.444906125200966,30.95,3.0,headache,S029
-0.24,0.11,-40.13040559926782,4.068083748969552,51.913749797290016,30.95,3.0,headache,S029
0.48,0.11,-39.448964137137054,5.1467543487468275,52.09321895628962,30.95,3.0,headache,S029
-0.16,0.11,-39.778296598031204,4.894450680292922,52.1528608724255,30.95,3.0,headache,S029
-0.25,0.12,-39.83842631339015,5.08183433662096,52.258581453038204,30.97,3.0,headache,S029
0.2,0.12,-39.983804648675886,4.933496775424631,52.24411054258804,30.97,3.0,headache,S029
0.08,0.11,-39.85537540919598,5.055562417301196,52.10110747329238,30.97,3.0,headache,S029
-0.41,0.12,-39.67453307418475,4.952786914549074,52.06412609035645,30.97,3.0,headache,S029
-0.1,0.11,-39.62682830230431,5.040519516996044,52.17924651683417,30.97,3.0,headache,S029
0.2,0.11,-40.15805425477594,4.965063951217253,52.10355076065223,30.97,3.0,headache,S029
0.21,0.11,-39.72573025318197,5.0301121759022545,52.12395017109854,30.97,3.0,headache,S029
0.01,0.12,-39.739448854968906,4.9741998349309124,52.22953912629999,30.97,3.0,headache,S029
-0.12,0.12,-39.89051772485429,5.02180423456074,52.34998285734067,30.95,3.0,headache,S029
-0.15,0.11,-39.51723829157836,4.98205411843937,52.39925689264554,30.95,3.0,headache,S029
-0.14,0.12,-39.44345277197323,5.014030586610121,52.54833919343806,30.95,3.0,headache,S029
-0.12,0.12,-39.467903033820555,4.9902004332894165,52.428893161655616,30.95,3.0,headache,S029
0.46,0.11,-39.46275952267348,5.0048315252251045,51.99910457523155,30.97,3.0,headache,S029
-0.31,0.11,-39.05189994727399,5.001717060139002,52.52558341374659,30.97,3.0,headache,S029
0.11,0.11,-39.446864687953465,4.987981292194058,52.476979682673615,30.97,3.0,headache,S029
-0.18,0.12,-39.125992911519084,5.034516903118321,52.58546901626489,30.97,3.0,headache,S029
-0.09,0.11,-39.62191629614094,4.810776267931487,52.387433519427034,30.97,3.0,headache,S029
0.55,0.12,-39.386959273947376,4.885507953177094,52.32515781466005,30.97,3.0,headache,S029
-0.09,0.12,-39.42063085263918,5.044012884769558,52.27790768452698,30.97,3.0,headache,S029
-0.22,0.11,-39.65443227231423,4.976528044740814,52.43854309896276,30.97,3.0,headache,S029
0.11,0.11,-39.50824776635899,5.008178257223664,52.61806282700907,30.95,3.0,headache,S029
-0.09,0.12,-39.618444837738025,5.012980156629782,52.55401577622649,30.95,3.0,headache,S029
-0.08,0.12,-39.61864991567186,4.919019180180383,52.50455545544871,30.95,3.0,headache,S029
0.18,0.11,-39.84131507641781,4.702592034141377,52.23808753144777,30.95,3.0,headache,S029
-0.03,0.12,-39.77652782774508,4.7138743644012715,52.2150776365939,30.99,3.0,headache,S029
-0.19,0.12,-39.54285036681564,4.851047371632224,52.210004660128504,30.99,3.0,headache,S029
0.27,0.11,-39.57182335383711,5.0893249583720275,52.14975277876956,30.99,3.0,headache,S029
-0.25,0.11,-39.50385152203373,4.9267661934691835,52.28689129472472,30.99,3.0,headache,S029
0.1,0.12,-39.39586155253716,5.0667317459439065,52.48556435599221,30.99,3.0,headache,S029
0.06,0.11,-39.72740943398887,4.935319805761927,52.36040130895535,30.99,3.0,headache,S029
0.03,0.11,-39.322034160885266,5.065999922334402,52.61076480072059,30.99,3.0,headache,S029
-0.29,0.11,-39.91241486382043,4.928405939426578,52.178555460205516,30.99,3.0,headache,S029
-0.01,0.12,-39.752340665577755,5.087149819991379,52.643773362364364,30.99,3.0,headache,S029
0.38,0.11,-39.82695125067567,4.828204489744153,52.17568590646428,30.99,3.0,headache,S029
0.07,0.12,-39.29586767676659,4.695263582376667,52.58057324501872,30.99,3.0,headache,S029
-0.31,0.12,-39.456605429342886,4.861666201772131,52.32649384657571,30.99,3.0,headache,S029
-0.02,0.11,-39.15318818689021,5.224185035942134,52.75283972876671,30.99,3.0,headache,S029
0.37,0.11,-39.586380485296125,4.5891842516581125,52.246723555747636,30.99,3.0,headache,S029
-0.07,0.11,-39.36237999628709,4.850144372073496,52.66211521409944,30.99,3.0,headache,S029
-0.14,0.12,-39.2560919678992,5.026438582418557,52.55821447995182,30.99,3.0,headache,S029
-0.1,0.11,-39.11461671164198,5.542634054705185,53.02158623964133,30.97,3.0,headache,S029
0.05,0.11,-38.95329398881657,5.275355609164407,52.72478763816645,30.97,3.0,headache,S029
0.18,0.11,-39.03906095296612,4.832787478818731,52.580214457347665,30.97,3.0,headache,S029
-0.37,0.11,-39.242230225968854,4.824092581905916,52.36425176154613,30.97,3.0,headache,S029
0.03,0.11,-39.01418500157138,5.042385612200846,52.48969495529101,30.97,3.0,headache,S029
0.15,0.11,-39.26270471734751,4.967060807063584,52.38769607333197,30.97,3.0,headache,S029
-0.23,0.11,-39.30992110196614,5.035322374327696,52.34524730536483,30.97,3.0,headache,S029
0.37,0.11,-39.65149039516988,4.957423789920543,52.387089306317925,30.97,3.0,headache,S029
0.26,0.11,-39.322454332205474,5.054767095957052,52.84493679491379,30.97,3.0,headache,S029
-0.27,0.11,-39.597833539795076,4.924691120652382,52.21223947480001,30.97,3.0,headache,S029
-0.2,0.11,-39.216418460555474,5.257087976133324,52.62305527823417,30.97,3.0,headache,S029
-0.23,0.11,-39.236868401706424,4.554897148626645,52.7377451049881,30.97,3.0,headache,S029
0.06,0.12,-39.79477418325675,4.443477656076647,52.32479309026108,30.99,3.0,headache,S029
0.23,0.11,-39.655308386782195,4.792397183985633,52.26295894912727,30.99,3.0,headache,S029
0.31,0.11,-39.9938415555325,4.3564028421697865,52.327920054996945,30.99,3.0,headache,S029
-0.03,0.11,-39.62374595356805,4.973475867824872,52.34658247599747,30.99,3.0,headache,S029
-0.02,0.11,-39.90432281134858,4.876859440532014,52.42784329492246,30.99,3.0,headache,S029
-0.42,0.11,-39.87446026310055,5.096600265981661,52.14473960312017,30.99,3.0,headache,S029
0.15,0.11,-39.509797708900294,5.100283119588021,52.58290982294202,30.99,3.0,headache,S029
-0.2,0.11,-39.850476908663516,4.854201420313821,51.95625006653648,30.99,3.0,headache,S029
0.3,0.11,-39.68410761919563,4.825699543841254,52.17402220892461,30.97,3.0,headache,S029
-0.26,0.11,-39.608894082158784,5.060279764686129,51.97094853217346,30.97,3.0,headache,S029
0.25,0.11,-39.471388176676804,4.955987648903482,52.301097278794174,30.97,3.0,headache,S029
-0.5,0.11,-39.95224780925872,4.880369327837756,52.150176031542244,30.97,3.0,headache,S029
0.2,0.11,-39.04586113284359,5.0414231014636,52.47324789039666,30.99,3.0,headache,S029
0.05,0.11,-39.597798104938754,4.91919355302605,52.13795415878201,30.99,3.0,headache,S029
0.39,0.11,-39.46664741525133,5.219578029359498,52.40738883330082,30.99,3.0,headache,S029
0.1,0.11,-39.27538448518736,5.348255791606836,52.84409888273242,30.99,3.0,headache,S029
-0.14,0.11,-39.09243380294481,5.4854481306593605,52.33775140647624,30.99,3.0,headache,S029
-0.31,0.11,-39.22230792999378,5.6066121541476885,52.4894724154289,30.99,3.0,headache,S029
0.19,0.11,-39.119842175805246,5.64134904776634,52.609878008699226,30.99,3.0,headache,S029
-0.12,0.11,-39.01456195083009,5.524598470998995,52.6131767745704,30.99,3.0,headache,S029
0.07,0.11,-39.49408765748337,4.991683900828049,52.34074932942108,30.99,3.0,headache,S029
0.06,0.11,-39.43866952393017,4.928776553623234,52.66210853321984,30.99,3.0,headache,S029
-0.17,0.11,-39.109577456197385,5.4906454693363,52.09813232824321,30.99,3.0,headache,S029
0.13,0.11,-39.43535488828177,5.442996285209788,52.465700877031374,30.99,3.0,headache,S029
-0.04,0.12,-39.78878422587702,4.515871933211025,52.403828823109734,30.97,3.0,headache,S029
0.26,0.11,-39.673180084269475,5.180279799487554,52.417655283920375,30.97,3.0,headache,S029
-0.11,0.11,-39.99653143890963,4.8821837198976805,52.027973674518115,30.97,3.0,headache,S029
-0.29,0.11,-39.881599816235315,4.751859004643469,51.973152451955464,30.97,3.0,headache,S029
-0.04,0.11,-40.03386954217813,4.863880892657527,52.033693960298436,31.01,3.0,headache,S029
-0.24,0.11,-39.992762442071694,5.101772228318671,51.95557015392031,31.01,3.0,headache,S029
0.51,0.11,-39.987225187955474,4.92014336440028,52.06245781000917,31.01,3.0,headache,S029
0.25,0.11,-40.02531283448558,5.049789418484873,51.89774969552511,31.01,3.0,headache,S029
-0.11,0.11,-39.364210092261736,5.314502411761386,52.30956660283142,30.99,3.0,headache,S029
-0.5,0.11,-39.19375578149946,5.836339672663518,52.800909421315744,30.99,3.0,headache,S029
0.72,0.11,-39.34147052645809,5.423501193546261,52.490383558945105,30.99,3.0,headache,S029
-0.22,0.11,-39.23550016294589,5.746431021508256,52.6848948950703,30.99,3.0,headache,S029
0.02,0.11,-39.319235198852596,5.338645488375346,52.54850246762156,30.95,3.0,headache,S029
-0.44,0.11,-39.18106461003229,5.2989269596553905,52.448904431635825,30.95,3.0,headache,S029
0.09,0.11,-39.49614084442474,4.684987489841175,52.404774519555,30.95,3.0,headache,S029
0.03,0.11,-39.685077880239106,4.554803556246552,52.067085783343785,30.95,3.0,headache,S029
-0.14,0.11,-39.08630751426068,5.674398851421682,52.59659193668276,30.97,3.0,headache,S029
0.5,0.11,-39.628488696468686,4.925302023397401,52.25067367296094,30.97,3.0,headache,S029
0.09,0.11,-39.96156551135606,4.4070202586184015,51.96615492047105,30.97,3.0,headache,S029
-0.76,0.11,-39.99175844342685,4.666773430619998,52.162388115530376,30.97,3.0,headache,S029
-0.02,0.11,-39.99900413652127,4.979914537753456,52.17414108747081,30.97,3.0,headache,S029
0.57,0.11,-40.015898377420285,5.011590159925483,52.055119381108156,30.97,3.0,headache,S029
-0.31,0.11,-39.95034985493898,5.022762947719115,51.96500613671728,30.97,3.0,headache,S029
0.24,0.11,-39.8279585693129,5.425560233114978,52.02257854069142,30.97,3.0,headache,S029
0.13,0.11,-39.49582158957389,5.327515299589151,52.43849509232341,30.97,3.0,headache,S029
0.05,0.11,-39.543413566500696,5.321102787366057,52.314018951774,30.97,3.0,headache,S029
-0.07,0.1,-39.576199498150594,4.928203742719454,52.07131274092851,30.97,3.0,headache,S029
-0.57,0.11,-39.40068203975972,5.327298833330938,52.25645915850243,30.97,3.0,headache,S029
0.69,0.11,-39.26678263804547,5.741471389179028,52.573794274384596,30.99,3.0,headache,S029
-0.02,0.11,-39.157645359136936,5.625202834605022,52.69986065089662,30.99,3.0,headache,S029
-0.4,0.11,-39.193554064891536,5.346224501462931,52.55811525099089,30.99,3.0,headache,S029
0.02,0.11,-39.1427172590274,5.279884110870308,52.36842784998936,30.99,3.0,headache,S029
0.28,0.11,-39.26147058880378,5.196085475921848,52.44165339697246,30.97,3.0,headache,S029
-0.34,0.11,-39.73447103524574,5.605092976309132,52.51277956964181,30.97,3.0,headache,S029
-0.15,0.11,-39.8347240276748,5.341485779660232,52.027730058212384,30.97,3.0,headache,S029
0.48,0.11,-39.34513764815155,5.623987211723514,52.20258152919975,30.97,3.0,headache,S029
-0.21,0.11,-40.19957096713539,4.32163695583103,52.22544286884666,30.97,3.0,headache,S029
-0.1,0.11,-39.830510538129005,4.364665180415387,52.10524147808357,30.97,3.0,headache,S029
0.09,0.11,-39.879399610398025,5.108577749645834,52.12952216162451,30.97,3.0,headache,S029
0.16,0.11,-39.924289955637605,4.950450566412652,52.199920037763306,30.97,3.0,headache,S029
-0.4,0.11,-40.126175613558175,5.20153365581181,52.136716712622544,30.97,3.0,headache,S029
0.33,0.11,-39.31279206719076,5.12491088436942,52.40071273144635,30.97,3.0,headache,S029
0.16,0.11,-39.32336003512298,5.308479928789946,52.466184758880274,30.97,3.0,headache,S029
-0.18,0.11,-39.14409572950662,5.912287706281041,52.40567066166527,30.97,3.0,headache,S029
0.38,0.11,-39.889843651213354,4.778768608288427,52.216982124297004,30.97,3.0,headache,S029
0.11,0.11,-39.677691716781645,4.924288685265878,52.42082191097199,30.97,3.0,headache,S029
-0.47,0.11,-39.18809683496342,5.6727517903685465,52.43929642191721,30.97,3.0,headache,S029
-0.44,0.11,-39.31485308030772,5.653369667873693,52.17364249282962,30.97,3.0,headache,S029
0.33,0.11,-39.98334470041191,4.866055169313043,52.313691784589025,30.95,3.0,headache,S029
0.17,0.11,-39.874621217887615,4.801410749802045,52.127843448456865,30.95,3.0,headache,S029
-0.25,0.11,-39.97216479142282,5.028418980305112,52.14554777428391,30.95,3.0,headache,S029
-0.08,0.11,-39.97146486656622,4.982923788488282,51.995036450082786,30.95,3.0,headache,S029
0.23,0.11,-40.06515120724015,5.015069098556766,51.98213232256046,30.99,3.0,headache,S029
0.2,0.11,-39.79652707887468,4.997251171029295,52.094103805923226,30.99,3.0,headache,S029
0.02,0.11,-39.28909148852701,5.747875555002195,52.60947124290131,30.99,3.0,headache,S029
-0.43,0.11,-39.717248005499926,4.839567996555163,52.35807713579028,30.99,3.0,headache,S029
0.31,0.11,-39.684214071206156,5.218205717903686,52.359896754220266,30.99,3.0,headache,S029
0.15,0.11,-39.53356904112689,5.278462198385534,52.18437224239236,30.99,3.0,headache,S029
0.16,0.11,-39.7312967944928,5.094229000283503,52.52809500503123,30.99,3.0,headache,S029
-0.4,0.11,-39.476851174078526,5.442296638235239,52.56711173162868,30.99,3.0,headache,S029
-0.03,0.11,-39.42600688596904,5.158920961416993,52.52197497144986,30.97,3.0,headache,S029
-0.53,0.1,-39.19684218318463,5.440960212987004,52.62451649371081,30.97,3.0,headache,S029
0.77,0.11,-39.367388187848015,5.818719650076829,52.15358298418395,30.97,3.0,headache,S029
0.08,0.11,-39.46778686618177,5.231545450342242,52.324227884999615,30.97,3.0,headache,S029
-0.6,0.11,-39.45064356561403,5.084920536289805,52.33621785974646,30.97,3.0,headache,S029
0.35,0.1,-39.67980618391472,5.599642968173679,52.111486776703394,30.97,3.0,headache,S029
-0.03,0.11,-39.8751571957348,5.016890959008315,51.9881923593012,30.97,3.0,headache,S029
0.09,0.11,-39.695913429616006,5.511797181640101,52.00643051681547,30.97,3.0,headache,S029
0.01,0.11,-39.933693421948,5.3735090170500674,51.99047169452766,30.99,3.0,headache,S029
-0.3,0.11,-40.01997165720112,4.972362386848577,52.043267912349755,30.99,3.0,headache,S029
0.22,0.11,-39.974871566739324,5.045426829697654,52.239680820130395,30.99,3.0,headache,S029
-0.01,0.11,-40.04928734685425,4.987285707048107,51.93796952932952,30.99,3.0,headache,S029
0.21,0.1,-39.72315678473367,5.0350297479370685,52.13526079449894,30.97,3.0,headache,S029
-0.35,0.11,-39.379018707493735,5.206398232961279,52.65878525626434,30.97,3.0,headache,S029
0.25,0.11,-39.60420045778699,5.389405937680489,52.095585169657646,30.97,3.0,headache,S029
-0.04,0.11,-39.39104907967871,5.910498287680836,52.629717354978894,30.97,3.0,headache,S029
0.07,0.11,-39.18110632937751,5.8873105833955535,52.49582688729324,30.95,3.0,headache,S029
-0.22,0.11,-39.3352330028366,5.9263834303772995,52.486118993599604,30.95,3.0,headache,S029
-0.3,0.11,-39.14337199026482,5.025933107192564,52.59401389038294,30.95,3.0,headache,S029
0.46,0.12,-39.838485253631454,4.978246157296237,52.151446098128865,30.95,3.0,headache,S029
0.36,0.11,-39.627501282683376,4.598180468509823,52.34132519522343,30.97,3.0,headache,S029
-0.26,0.11,-39.44007851796535,5.4644016531652335,52.40555886963603,30.97,3.0,headache,S029
-0.09,0.11,-39.29367905439847,5.207448271756372,52.55309094384655,30.97,3.0,headache,S029
-0.44,0.1,-39.16628990237367,5.534897108176852,52.44401547380433,30.97,3.0,headache,S029
0.09,0.11,-39.1919518543948,5.6897303266393475,52.373141870965696,30.95,3.0,headache,S029
-0.05,0.11,-39.739451611603826,4.797639415413086,52.34800132038738,30.95,3.0,headache,S029
0.28,0.1,-40.24073341825736,4.872202485087573,51.91634605585509,30.95,3.0,headache,S029
-0.19,0.11,-39.833119863997595,5.4365491347818695,52.058892631645406,30.95,3.0,headache,S029
0.33,0.11,-40.043019011203484,4.834204550769911,51.940523932453665,30.97,3.0,headache,S029
-0.15,0.1,-39.58692216663028,5.340636396000328,52.08998548387374,30.97,3.0,headache,S029
0.23,0.1,-39.99668981258203,5.962102610606712,52.04901184093842,30.97,3.0,headache,S029
0.24,0.11,-39.57923369163685,5.559057573785011,52.105056222298934,30.97,3.0,headache,S029
-0.02,0.11,-39.62909673889623,5.697843505667285,52.34108260413121,30.99,3.0,headache,S029
-0.46,0.11,-39.132488359513964,6.310621268420015,52.21955697488608,30.99,3.0,headache,S029
-0.22,0.1,-39.31585946425285,6.303938156247418,52.508182354192286,30.99,3.0,headache,S029
-0.01,0.11,-39.54677687811698,5.818952106720704,52.11831874722904,30.99,3.0,headache,S029
0.23,0.11,-39.7577209611958,5.9165710931232045,52.28425190753113,30.97,3.0,headache,S029
-0.28,0.1,-39.442766472584076,6.119883636010548,52.22156135144813,30.97,3.0,headache,S029
0.22,0.11,-39.34949636460512,5.637264287225768,52.28071012016757,30.97,3.0,headache,S029
0.18,0.11,-39.51298278414809,5.850351257859106,52.20315279576492,30.97,3.0,headache,S029
0.05,0.1,-38.9205302544418,6.177801890359453,52.48372550377374,30.97,3.0,headache,S029
-0.4,0.1,-39.163226446155754,6.028980303117001,52.26510274252073,30.97,3.0,headache,S029
0.36,0.11,-38.97775866012476,6.222435478382109,52.234961141428876,30.97,3.0,headache,S029
0.34,0.11,-39.12731901776311,6.486162032921659,52.44006907958343,30.97,3.0,headache,S029
-0.47,0.1,-39.924699168519574,5.392049512980989,52.056026538022465,30.99,3.0,headache,S029
-0.03,0.11,-40.58084994619053,4.002719769677529,52.03142805109053,30.99,3.0,headache,S029
0.8,0.11,-40.35123726458079,4.031664750204182,52.233308748347234,30.99,3.0,headache,S029
-1.12,0.1,-40.02643387633229,5.251276311129768,52.44328630937835,30.99,3.0,headache,S029
0.34,0.1,-39.82043078731346,4.918111870084099,52.17968555222427,31.01,3.0,headache,S029
-0.09,0.11,-39.47070075750627,5.1553634303668225,52.0014880865899,31.01,3.0,headache,S029
0.43,0.11,-40.025133873120566,5.146498015160639,52.068565962616816,31.01,3.0,headache,S029
0.07,0.1,-39.58283340612223,6.295963974544174,52.264536330695975,31.01,3.0,headache,S029
-0.42,0.12,-39.47845565653964,6.6388112847660254,52.5431833770345,30.99,3.0,headache,S029
0.23,0.11,-39.228349270105404,6.234972494878353,52.3869057321978,30.99,3.0,headache,S029
-0.05,0.1,-39.24010730712089,6.001914390954691,52.54856158794559,30.99,3.0,headache,S029
-0.23,0.1,-39.27873400344227,5.886930357443908,52.322656204928755,30.99,3.0,headache,S029
-0.22,0.11,-39.11033018619667,6.150310930244048,52.848232809223255,30.97,3.0,headache,S029
0.43,0.11,-38.66405363568243,5.960817290829868,52.83577071877746,30.97,3.0,headache,S029
0.12,0.1,-38.73494893483693,5.145136318072488,52.61140981374744,30.97,3.0,headache,S029
0.19,0.1,-39.09185408545031,5.317642653353526,52.69320932361942,30.97,3.0,headache,S029
-0.32,0.11,-39.28742096490878,4.708648056963013,52.704505214879276,30.95,3.0,headache,S029
-0.63,0.1,-39.63075719293743,4.539346135374455,52.59833776135802,30.95,3.0,headache,S029
0.36,0.1,-39.355273521260344,4.694267444794432,52.38660299234799,30.95,3.0,headache,S029
0.7,0.11,-39.60319853444177,5.026245407484522,52.696020980443116,30.95,3.0,headache,S029
-0.41,0.11,-39.53972577245193,3.8495950081283263,52.5863823275577,30.97,3.0,headache,S029
-0.29,0.1,-40.229162781295116,4.959447836889259,52.04086574330697,30.97,3.0,headache,S029
0.35,0.11,-38.65739742415449,6.420224009960039,52.93119215748564,30.97,3.0,headache,S029
0.0,0.11,-39.98997939776851,3.7289116973068337,52.15213891939713,30.97,3.0,headache,S029
0.67,0.1,-39.46116321511942,5.590511710425175,52.051798014357345,30.95,3.0,headache,S029
0.18,0.11,-38.36415969479695,7.648121751740253,52.98671770655206,30.95,3.0,headache,S029
-0.94,0.11,-39.13070600139062,8.277797607251285,52.43148366456288,30.95,3.0,headache,S029
-0.51,0.11,-39.166129390332266,7.3240795452491945,52.52759444832647,30.95,3.0,headache,S029
-0.51,0.11,-39.65291046889431,7.113331693510131,52.200755089256624,30.97,3.0,headache,S029
-0.33,0.11,-38.475882793640395,7.3486113390031855,52.62323217656677,30.97,3.0,headache,S029
0.77,0.12,-40.2678745951873,6.8393362698332245,51.63526017548314,30.97,3.0,headache,S029
0.51,0.11,-39.685972255949316,5.781087529961073,52.25518683813008,30.97,3.0,headache,S029
0.6,0.11,-39.65498132931672,6.003745684786093,52.21061411477874,30.95,3.0,headache,S029
-0.02,0.12,-39.679099735952,5.369532529072614,52.3119378521042,30.95,3.0,headache,S029
-0.69,0.12,-39.98734950800192,5.165358596975286,52.0689575651066,30.95,3.0,headache,S029
0.61,0.12,-39.76806457015608,4.9336877903180465,52.15195195126496,30.95,3.0,headache,S029
-0.21,0.12,-40.432389040848946,5.444662314937303,51.86856143672079,30.97,3.0,headache,S029
-0.12,0.12,-38.906780091837156,7.283792935052439,52.3455142966734,30.97,3.0,headache,S029
-0.19,0.12,-39.11148052262203,6.726434359333134,52.406123829130784,30.97,3.0,headache,S029
-0.25,0.12,-39.494257873336096,5.744003668079062,52.14171766458995,30.97,3.0,headache,S029
0.02,0.12,-39.6841765400707,6.42149473726281,52.02793091657249,30.95,3.0,headache,S029
0.58,0.12,-38.895142929083164,6.94882350960517,52.376673265322104,30.95,3.0,headache,S029
0.56,0.12,-38.897168050172,7.3876720440396735,52.60378862689584,30.95,3.0,headache,S029
-0.7,0.12,-39.12498363218086,6.614434075883411,52.403572203609976,30.95,3.0,headache,S029
-0.72,0.13,-40.064056207307544,5.553932462505025,52.08008807873009,30.99,3.0,headache,S029
0.09,0.12,-39.88712673928163,5.1933176540882755,52.217060584324216,30.99,3.0,headache,S029
0.56,0.12,-39.316606821288204,6.434630211975195,52.35533114318924,30.99,3.0,headache,S029
0.35,0.12,-39.3057359745282,6.382300280850027,52.30513297759314,30.99,3.0,headache,S029
-0.62,0.12,-39.761456790736545,6.238780320822957,52.05455248918301,30.97,3.0,headache,S029
0.16,0.12,-39.92547039317997,6.089945026074224,52.089419794591265,30.97,3.0,headache,S029
-0.2,0.12,-40.066109165412904,5.5040195514127594,52.04781554955964,30.97,3.0,headache,S029
0.28,0.12,-40.00074740358147,5.454269791136694,51.99263567437586,30.97,3.0,headache,S029
-0.19,0.14,-39.90206684296424,6.281973650430297,51.978532836244725,30.95,3.0,headache,S029
-0.09,0.12,-40.412224584494595,6.111888854383528,52.14927296745882,30.95,3.0,headache,S029
0.26,0.12,-39.26434861198083,6.3289455458139905,52.280451046293784,30.95,3.0,headache,S029
0.07,0.12,-39.825926346772015,5.797329655244146,51.93349081770111,30.95,3.0,headache,S029
0.01,0.12,-39.27489515613498,6.988653211340535,52.15996815540909,30.95,3.0,headache,S029
-0.23,0.12,-38.976557245518336,8.02303136648854,52.39832936222598,30.95,3.0,headache,S029
0.04,0.12,-39.109144388808815,7.365008818248007,52.216311055379435,30.95,3.0,headache,S029
-0.04,0.12,-39.15735129953083,6.61230227548413,52.108100838832634,30.95,3.0,headache,S029
0.03,0.12,-39.35758705937343,6.619056119155298,52.09865380552364,30.95,3.0,headache,S029
-0.39,0.12,-39.37590885411898,6.6900439296709315,52.061785127017835,30.95,3.0,headache,S029
0.4,0.12,-39.83689435600637,5.981030383117065,52.147955631331484,30.95,3.0,headache,S029
0.46,0.12,-39.818230571087106,5.585729817845494,52.32026620321801,30.95,3.0,headache,S029
-0.27,0.12,-39.705127442034076,5.843315716775225,52.18219563512293,30.95,3.0,headache,S029
-0.5,0.12,-39.633088731628504,6.123278119360778,52.12870030463143,30.95,3.0,headache,S029
0.28,0.12,-39.818784549454584,5.775290283277953,52.24859702973967,30.95,3.0,headache,S029
0.53,0.12,-40.13783080761911,5.010484647506095,51.91153637292876,30.95,3.0,headache,S029
-0.67,0.12,-39.1762401620501,7.561431125763742,52.45078758838985,30.95,3.0,headache,S029
0.04,0.11,-38.69137624341176,8.297212424372793,52.564505589251155,30.95,3.0,headache,S029
0.38,0.12,-39.470027501804,6.36107517926024,52.13284251060082,30.95,3.0,headache,S029
-0.03,0.12,-39.18530009083938,6.997806021007225,52.49206858219635,30.95,3.0,headache,S029
-0.47,0.12,-39.316107782333404,6.668962448659022,52.02947903197281,30.99,3.0,headache,S029
0.29,0.11,-39.15253972500382,7.1160341353745755,52.37882245042396,30.99,3.0,headache,S029
0.06,0.12,-38.97067549898805,7.128694203076615,52.350362557165184,30.99,3.0,headache,S029
-0.35,0.12,-39.153616899857525,7.224131780419613,52.185760448514095,30.99,3.0,headache,S029
0.12,0.11,-39.243035962138656,6.762060094457205,52.1935086805283,30.97,3.0,headache,S029
0.1,0.12,-39.11991963633474,7.4059428593136,52.03269230464254,30.97,3.0,headache,S029
-0.07,0.12,-39.206928271222736,7.304717773383134,51.954146512897964,30.97,3.0,headache,S029
0.16,0.11,-39.14879586750924,7.342166018983069,52.23157879396301,30.97,3.0,headache,S029
-0.05,0.11,-39.10160309224679,7.175044178512019,52.246363494517205,30.97,3.0,headache,S029
-0.1,0.12,-39.45319960945493,6.648028910288634,51.86932407727356,30.97,3.0,headache,S029
0.19,0.12,-39.295134372978296,6.880259056620511,52.2590370495157,30.97,3.0,headache,S029
0.37,0.11,-39.498543372200395,5.951556097385326,52.17568503580024,30.97,3.0,headache,S029
-0.61,0.12,-39.373479270961276,6.700993239711481,52.21354612771356,30.97,3.0,headache,S029
0.22,0.12,-39.06908200483951,6.7469322714323985,52.302731861441,30.97,3.0,headache,S029
0.13,0.11,-39.15671092071424,6.516598885028363,52.672625617199195,30.97,3.0,headache,S029
-0.25,0.11,-38.98373154993296,6.420600073151859,52.47456770794442,30.97,3.0,headache,S029
-0.07,0.11,-39.248813899565896,5.714662671000444,52.32337805509251,30.95,3.0,headache,S029
0.42,0.12,-39.21473247524927,6.219525458297972,52.60345504591898,30.95,3.0,headache,S029
-0.46,0.11,-38.97166654156972,6.575840509346234,52.68222066572772,30.95,3.0,headache,S029
0.35,0.11,-39.00658854502497,6.263993428518083,52.41418097464018,30.95,3.0,headache,S029
-0.14,0.12,-39.445551564293815,5.539655437646356,52.25015529504571,30.95,3.0,headache,S029
0.11,0.11,-39.728196224090276,6.1903013096529325,52.159433960745716,30.95,3.0,headache,S029
-0.29,0.11,-39.39919193966667,6.046903907696809,52.112686009548746,30.95,3.0,headache,S029
0.06,0.12,-39.75965351469664,6.056089969353328,52.12207778187174,30.95,3.0,headache,S029
0.24,0.12,-39.12794881532031,6.93058935363776,52.35353733305523,30.95,3.0,headache,S029
0.17,0.11,-39.20207191829608,7.177817567652662,52.52559562162581,30.95,3.0,headache,S029
-0.44,0.12,-38.917659349876764,6.585004899282372,52.52853320903975,30.95,3.0,headache,S029
0.1,0.12,-39.13363070266805,6.934161141217771,52.68055240002602,30.95,3.0,headache,S029
0.01,0.11,-39.00300468903946,6.986441227041974,52.285828149558846,30.99,3.0,headache,S029
-0.19,0.11,-39.1164078104293,6.198729338586678,52.450793743922375,30.99,3.0,headache,S029
0.1,0.11,-39.05568398351515,6.494159169015739,52.90114977268436,30.99,3.0,headache,S029
-0.1,0.12,-38.959431800371455,6.21561646968783,52.76981469792592,30.99,3.0,headache,S029
-0.14,0.11,-39.057576566917184,6.78742207259691,52.801664898455975,30.97,3.0,headache,S029
0.33,0.11,-39.34002032918846,6.000961539475507,52.34260847733453,30.97,3.0,headache,S029
0.28,0.12,-39.01504080744302,7.05142259636952,52.30029654944089,30.97,3.0,headache,S029
-0.09,0.13,-39.47380859098377,6.711075078560934,52.227297202871384,30.97,3.0,headache,S029
-0.38,0.11,-39.36621588707789,5.918881295248743,52.23038910798756,30.95,3.0,headache,S029
0.16,0.12,-39.67403600984513,5.872201821593672,52.128867622906704,30.95,3.0,headache,S029
-0.53,0.11,-39.4446279855738,6.269596772336538,52.33624015731073,30.95,3.0,headache,S029
0.84,0.11,-39.32301046354218,6.010029657601206,52.59965058754656,30.95,3.0,headache,S029
0.28,0.11,-39.58375308412283,5.755494395097978,52.13437396726436,30.97,3.0,headache,S029
-1.3,0.11,-39.328602983725325,5.903102650992315,52.46347496243091,30.97,3.0,headache,S029
0.4,0.11,-39.356861117125355,5.931982503920567,52.256420431794304,30.97,3.0,headache,S029
0.65,0.11,-39.531046762433625,5.803667359150484,52.11853953651236,30.97,3.0,headache,S029
-0.41,0.11,-39.70492811745227,5.978906642693744,51.984861778683964,30.95,3.0,headache,S029
0.55,0.11,-39.232153117957814,6.747130237560426,52.22465567162432,30.95,3.0,headache,S029
-0.66,0.11,-39.070702153110915,6.66098655300732,52.273569671840164,30.95,3.0,headache,S029
-0.01,0.11,-39.45340784301626,6.123208156284866,52.18886365767076,30.95,3.0,headache,S029
0.11,0.11,-39.43029349077913,5.880642585348427,52.06314697187214,30.99,3.0,headache,S029
0.26,0.11,-39.47038174249487,6.41178868452098,52.24285328951934,30.99,3.0,headache,S029
0.23,0.11,-39.197689157065284,6.575122085362167,52.237894709786005,30.99,3.0,headache,S029
-0.43,0.11,-38.89714412064676,7.027394255457885,52.49945563426045,30.99,3.0,headache,S029
-0.23,0.11,-39.16051668621141,6.526257026071875,52.304062310179425,31.01,3.0,headache,S029
0.11,0.11,-39.04417091785389,6.3696640444711585,52.278904485190836,31.01,3.0,headache,S029
0.22,0.11,-39.44793880167493,6.698120939391556,52.54035001812502,31.01,3.0,headache,S029
-0.07,0.11,-39.35650785446488,6.526772639656597,52.22852149391062,31.01,3.0,headache,S029
0.07,0.11,-39.69718966218886,5.355017440777608,52.21749164432875,30.97,3.0,headache,S029
-0.24,0.11,-39.39388112232357,6.436996442666794,52.2420896222175,30.97,3.0,headache,S029
0.3,0.11,-39.27268192753286,6.237288115580865,52.30353554287675,30.97,3.0,headache,S029
0.05,0.11,-39.30385106831726,6.252520997560174,52.40283134419788,30.97,3.0,headache,S029
-0.55,0.11,-39.06367106133777,7.194682420595985,52.392152301343955,30.95,3.0,headache,S029
0.61,0.11,-39.657788226736415,5.959486962642112,52.47840364433262,30.95,3.0,headache,S029
0.11,0.11,-39.41351685112974,6.446832265198593,52.151252626589034,30.95,3.0,headache,S029
-0.68,0.11,-39.163052091952906,6.243458128890912,52.46040094870106,30.95,3.0,headache,S029
0.5,0.11,-40.04108307514796,5.087307102012479,52.137394351515375,30.97,3.0,headache,S029
-0.07,0.11,-39.352412044633496,6.346535736959698,52.37723540166036,30.97,3.0,headache,S029
-0.1,0.1,-38.92874215817947,6.374168761342338,52.02313610033334,30.97,3.0,headache,S029
0.27,0.11,-39.02090678783544,6.131274349067678,52.666069928281466,30.97,3.0,headache,S029
0.38,0.11,-39.169715142348636,6.043278407048549,52.19895987970641,30.97,3.0,headache,S029
-0.78,0.11,-39.34636170147579,6.096621291077594,52.15518110574512,30.97,3.0,headache,S029
-0.04,0.1,-39.04081209369731,6.993722979135556,52.57903581110466,30.97,3.0,headache,S029
-0.07,0.11,-38.97871803433523,6.904823899451569,52.29294360522399,30.97,3.0,headache,S029
0.1,0.11,-39.2748884619812,6.1298096339558885,52.202987147313635,30.97,3.0,headache,S029
-0.09,0.11,-38.975467148073655,6.737880706914983,52.812356868485686,30.97,3.0,headache,S029
0.47,0.11,-39.22237958015505,6.436539756391915,52.37251767518979,30.97,3.0,headache,S029
-0.41,0.11,-38.880215336735155,7.110252791742529,52.68469778861294,30.97,3.0,headache,S029
0.14,0.11,-38.88004839490667,6.752468887724726,52.453219791638624,30.97,3.0,headache,S029
0.05,0.1,-39.27224264777291,6.449464330275198,52.38086282243384,30.97,3.0,headache,S029
0.02,0.11,-39.253061994179795,6.833555154542122,52.6244510662342,30.97,3.0,headache,S029
-0.28,0.11,-39.856655865737615,6.262940419141751,51.964856869585425,30.97,3.0,headache,S029
-1.61,0.11,-39.565236633519476,6.606692390744616,52.14600239856876,30.97,3.0,headache,S029
-1.54,0.11,-39.872033102398376,6.469523884239288,51.887051344938975,30.97,3.0,headache,S029
2.46,0.11,-39.72484755676852,5.969219862885413,52.167094150532854,30.97,3.0,headache,S029
1.3,0.11,-39.7528677391764,6.118935081050151,52.135410346929504,30.97,3.0,headache,S029
0.02,0.1,-40.280399843710526,5.101125837039497,52.014998554842634,30.97,3.0,headache,S029
-0.0,0.1,-39.747667490312,6.616734313238811,51.96864852381758,30.97,3.0,headache,S029
0.12,0.11,-39.61356961835943,6.307854994223512,52.06285560633762,30.97,3.0,headache,S029
0.01,0.1,-39.577684931046036,6.442737022693054,52.13154184774892,30.97,3.0,headache,S029
-0.12,0.11,-39.38018659328499,7.399130321433747,52.303018169952175,30.95,3.0,headache,S029
-0.37,0.11,-38.95667111828357,7.4608684471821505,52.526882087798015,30.95,3.0,headache,S029
0.22,0.11,-39.04050367492815,7.5485841236587365,52.383506339335355,30.95,3.0,headache,S029
-0.03,0.1,-39.029268277586205,7.283855552038033,52.20638132235157,30.95,3.0,headache,S029
-0.59,0.1,-39.189201921722244,7.135655600259208,52.290134481445605,30.97,3.0,headache,S029
0.62,0.11,-38.92734341312597,7.005046068839588,51.9892742590817,30.97,3.0,headache,S029
0.09,0.11,-39.420380132202766,7.090368316051004,51.971435394096,30.97,3.0,headache,S029
-0.16,0.11,-39.76416634553847,6.284173639241735,51.87737898143592,30.97,3.0,headache,S029
-0.19,0.11,-40.092399232619584,5.766307626620781,52.04372732895449,30.97,3.0,headache,S029
0.63,0.11,-40.06459967179846,5.752117988902853,51.96899894249873,30.97,3.0,headache,S029
-0.3,0.11,-39.53057259835156,6.365082847684948,52.025164500894576,30.97,3.0,headache,S029
-0.15,0.11,-39.771466019944775,6.373367648224643,51.97911990616796,30.97,3.0,headache,S029
0.29,0.12,-39.72564616807394,6.21016819345082,52.014149509472475,30.95,3.0,headache,S029
-0.67,0.11,-39.59604880119822,6.48843322904444,52.036775373561106,30.95,3.0,headache,S029
0.22,0.11,-39.31281543206934,6.830439393216023,52.23854720536388,30.95,3.0,headache,S029
0.11,0.11,-39.63899234585518,6.108751018173252,52.33698906473509,30.95,3.0,headache,S029
0.23,0.12,-39.31082961357293,7.242259529806404,52.444310775381325,30.97,3.0,headache,S029
-0.44,0.11,-39.06808505533635,6.7625559710459875,52.15705777348939,30.97,3.0,headache,S029
0.35,0.11,-38.972188299884415,6.550968206097139,52.37302936219408,30.97,3.0,headache,S029
0.53,0.11,-39.00370726097832,7.241329802776142,52.44741343420963,30.97,3.0,headache,S029
-0.5,0.11,-39.10728313052686,6.992812913695248,52.313220495914585,30.97,3.0,headache,S029
0.05,0.11,-39.494275984173186,5.6254320127619115,51.95727987934771,30.97,3.0,headache,S029
0.21,0.11,-39.48099027652154,5.971945977460313,51.93099200324292,30.97,3.0,headache,S029
-0.61,0.11,-39.10629834294773,6.200006800818486,52.39674402376273,30.97,3.0,headache,S029
0.0,0.11,-39.53346958204674,6.0450361306839575,52.23605697221912,30.97,3.0,headache,S029
0.13,0.12,-39.57027596741298,5.852804100263371,52.28559311665837,30.97,3.0,headache,S029
0.22,0.11,-40.08924934991966,6.121573825998351,51.9474622855217,30.97,3.0,headache,S029
-0.23,0.11,-39.85433487237374,5.743956854540496,52.03191698879387,30.97,3.0,headache,S029
-0.24,0.11,-39.99643858788697,5.941514731042669,51.97263368912912,30.99,3.0,headache,S029
0.1,0.11,-39.86302957572459,5.898569257982435,52.148061686046,30.99,3.0,headache,S029
0.56,0.11,-39.79118675786728,5.966430842728968,51.97305380961504,30.99,3.0,headache,S029
-0.17,0.11,-39.58051014993033,6.241773845549369,52.13925994824774,30.99,3.0,headache,S029
0.0,0.11,-39.46944010306415,6.673091497291952,52.250413097985515,30.97,3.0,headache,S029
-0.17,0.12,-38.95397387822126,6.857186261641519,52.18155164289919,30.97,3.0,headache,S029
-0.06,0.11,-38.972351986996635,7.039101090811989,52.73087367007029,30.97,3.0,headache,S029
-0.06,0.11,-38.88257118425436,6.9216861355483505,52.35045411026248,30.97,3.0,headache,S029
0.37,0.11,-39.272169975638434,6.557438953904881,52.136741973950784,30.97,3.0,headache,S029
-0.72,0.12,-39.17782338420868,6.10630971534517,52.128248424768856,30.97,3.0,headache,S029
0.34,0.11,-39.61696185846216,6.363917755931651,52.09448139306676,30.97,3.0,headache,S029
0.21,0.11,-39.08494385290638,6.935970847061184,52.37926817702089,30.97,3.0,headache,S029
-0.3,0.12,-39.14421982823691,6.811231811012363,52.69240590942953,30.97,3.0,headache,S029
0.01,0.11,-39.21277724295034,6.402948085723955,52.24524284976212,30.97,3.0,headache,S029
0.89,0.11,-39.06117231854448,6.719754271047871,52.300216576261505,30.97,3.0,headache,S029
-0.62,0.12,-39.37316062849647,6.187447454702466,52.06835427036076,30.97,3.0,headache,S029
-0.11,0.12,-39.813634780819825,6.19732293819048,52.22084505440207,30.97,3.0,headache,S029
0.19,0.11,-39.89978257435906,5.457694789941393,52.118929874538004,30.97,3.0,headache,S029
-0.19,0.11,-40.25606203118404,5.780526899223887,51.971863660828404,30.97,3.0,headache,S029
0.02,0.12,-39.72773081578155,6.399704227754573,51.891132473022,30.97,3.0,headache,S029
-0.15,0.12,-40.10135329730236,6.063306935667329,51.802714306969996,30.97,3.0,headache,S029
0.29,0.11,-40.469631799205445,5.596964974706863,51.95722664381442,30.97,3.0,headache,S029
-0.11,0.12,-40.01186177626594,6.925806281915463,51.983977260367844,30.97,3.0,headache,S029
-0.08,0.12,-39.87794695541203,6.769529913561177,51.99245680807798,30.97,3.0,headache,S029
-0.09,0.11,-39.974465493115915,7.088183346244715,51.59274282021039,30.97,3.0,headache,S029
-0.37,0.12,-38.5727984251088,8.230562752301246,52.299233353009214,30.97,3.0,headache,S029
0.54,0.12,-39.19993760454944,8.251020335416575,52.299837126754184,30.97,3.0,headache,S029
0.57,0.11,-38.49855405450711,8.861799329365908,52.26075146760496,30.97,3.0,headache,S029
-0.25,0.11,-38.73887938935749,8.456758347820516,52.52025754676,30.97,3.0,headache,S029
0.13,0.12,-38.86014469258222,8.309180564984318,52.50927716886959,30.97,3.0,headache,S029
-0.52,0.12,-38.606467515231415,7.9702756056227475,52.48271640300436,30.97,3.0,headache,S029
0.56,0.11,-39.02700567464212,8.052330940631418,52.400041798865146,30.97,3.0,headache,S029
-0.03,0.12,-39.09360627839738,7.86526115665412,52.610543185197486,30.97,3.0,headache,S029
0.46,0.12,-39.46257736869528,6.986410521464755,52.27524294789085,30.97,3.0,headache,S029
0.91,0.11,-39.39994816526031,7.114433109669372,52.06160592869755,30.97,3.0,headache,S029
-0.89,0.11,-39.8546655597254,6.518151368795767,51.97718849930283,30.97,3.0,headache,S029
-0.97,0.12,-39.56026530719433,7.091836475396413,51.92790612257379,30.97,3.0,headache,S029
-0.48,0.12,-39.132776387462044,7.343128864196955,52.05719723437549,30.97,3.0,headache,S029
0.64,0.11,-39.40809193514122,7.096654833880478,51.96442398774243,30.97,3.0,headache,S029
-0.68,0.11,-39.5842971563437,6.689329128710443,52.02904974720754,30.97,3.0,headache,S029
0.28,0.12,-39.38469697123649,7.257915283377544,51.975038071854236,30.97,3.0,headache,S029
0.01,0.11,-39.37373895551094,6.891762531162927,52.02222640148998,30.97,3.0,headache,S029
0.21,0.11,-39.52424213268865,7.086342284262494,52.160567052334066,30.97,3.0,headache,S029
-0.2,0.12,-39.81381641047857,6.717032702194054,52.12777008753141,30.97,3.0,headache,S029
0.15,0.12,-39.465245508672744,6.744579359628219,52.07253277716306,30.97,3.0,headache,S029
0.01,0.11,-39.04352028373965,7.042729928073747,52.01120510931333,30.97,3.0,headache,S029
-0.17,0.12,-39.43007500039909,7.000557536029447,51.98323659523728,30.97,3.0,headache,S029
0.42,0.12,-39.24586532732829,7.019260059882194,52.02157727556634,30.97,3.0,headache,S029
-0.58,0.12,-39.6187968591648,7.421514678396941,52.1228608790019,30.97,3.0,headache,S029
0.28,0.11,-39.62114011817889,6.607386819858162,51.967643413900376,30.97,3.0,headache,S029
0.52,0.12,-39.395495353707894,7.801686355853313,52.14248886768772,30.97,3.0,headache,S029
-0.68,0.12,-38.920471176660925,8.215173539873337,52.326581419172825,30.97,3.0,headache,S029
0.04,0.11,-39.83376268945382,7.082053297921062,52.075008638748315,30.99,3.0,headache,S029
0.18,0.12,-38.51083536548959,9.465004776165188,52.40921624641685,30.99,3.0,headache,S029
0.04,0.12,-38.67634722737681,9.174018186656653,52.531268176712,30.99,3.0,headache,S029
0.08,0.11,-39.13120500234163,7.755934542656051,52.19897778942993,30.99,3.0,headache,S029
-0.03,0.11,-38.73335100252358,8.36869352605679,52.48015499644315,30.97,3.0,headache,S029
-0.36,0.12,-39.21238128707194,7.9507770773080395,52.2645253493899,30.97,3.0,headache,S029
0.54,0.12,-39.424966773955276,7.755820073505398,51.74124739187203,30.97,3.0,headache,S029
-0.06,0.11,-39.37490880405749,7.640562785355598,52.14312601776614,30.97,3.0,headache,S029
-0.12,0.12,-39.49770872493284,7.663538644222402,52.3108476692662,30.99,3.0,headache,S029
-0.55,0.12,-39.41745249355919,7.1715005379897905,52.44889235875093,30.99,3.0,headache,S029
0.29,0.11,-38.63243101576568,7.168866448720673,52.56942125804764,30.99,3.0,headache,S029
0.12,0.11,-38.974942292411896,7.387390072790318,52.279285124524364,30.99,3.0,headache,S029
-0.12,0.12,-39.14414747520904,6.373505519465607,52.11667960139194,30.99,3.0,headache,S029
1.03,0.12,-40.16998914840364,5.958501437365082,52.08689257631084,30.99,3.0,headache,S029
-0.03,0.12,-39.145695438720736,5.246365761459676,52.26009977193107,30.99,3.0,headache,S029
-0.97,0.12,-39.49750329373483,6.576626975114922,52.426075212492336,30.99,3.0,headache,S029
-0.31,0.12,-39.50814913736508,6.262768004701709,52.230224279386576,30.99,3.0,headache,S029
-0.29,0.11,-39.28715100397586,6.869171274673784,52.01999915553598,30.99,3.0,headache,S029
0.78,0.11,-39.49546550755341,6.812040458876733,52.14275418738846,30.99,3.0,headache,S029
-0.52,0.12,-39.164989828971656,7.579646013151966,52.198847232061176,30.99,3.0,headache,S029
0.84,0.11,-38.962703852889526,7.600310385371934,52.203440945037514,30.99,3.0,headache,S029
-0.85,0.11,-39.038105436922635,7.289460380773054,52.191590450171745,30.99,3.0,headache,S029
0.01,0.11,-39.2449000909489,6.749071145333879,52.353175397635255,30.99,3.0,headache,S029
0.34,0.12,-39.17925837023003,7.020869803851757,52.25346067129618,30.99,3.0,headache,S029
0.17,0.11,-39.01923574996157,7.882035602990922,52.57029284211984,30.97,3.0,headache,S029
0.07,0.12,-38.31476646872413,8.563703895790887,52.88743243742948,30.97,3.0,headache,S029
0.41,0.12,-38.51094185659085,7.993428534145257,52.78827091500269,30.97,3.0,headache,S029
-0.28,0.12,-38.75678713165424,7.830426149514362,52.908855483498755,30.97,3.0,headache,S029
-0.58,0.11,-38.82543928618385,7.46091279938433,52.426709373260074,30.95,3.0,headache,S029
0.33,0.12,-38.85719578923588,7.362756077566773,52.34425447784322,30.95,3.0,headache,S029
-0.27,0.12,-39.033119869538524,7.380014057933972,52.41420855193138,30.95,3.0,headache,S029
0.23,0.12,-38.79523801864316,7.01193769331176,52.36845762404567,30.95,3.0,headache,S029
0.4,0.12,-39.2336032631258,7.045080494047257,52.4407865993338,30.97,3.0,headache,S029
0.1,0.12,-39.488986489079835,6.808399940179242,52.220345049897546,30.97,3.0,headache,S029
-0.64,0.11,-39.0970953504303,6.642204385834385,52.54102233059263,30.97,3.0,headache,S029
0.13,0.11,-39.07782241537008,7.058923938836048,52.424207061275276,30.97,3.0,headache,S029
-0.54,0.12,-39.21212948798232,6.744171060442154,52.20918816958648,30.99,3.0,headache,S029
0.16,0.12,-39.275162207904216,6.246000143165565,52.22480738061265,30.99,3.0,headache,S029
0.1,0.11,-38.95761349412717,6.805814174731786,52.68545454734025,30.99,3.0,headache,S029
0.15,0.12,-39.1007720642396,6.825200195277098,52.26766280968329,30.99,3.0,headache,S029
0.2,0.12,-39.18766142721526,6.340132682520891,52.32262739719756,30.95,3.0,headache,S029
0.1,0.11,-39.01236697908117,6.919632167916918,52.433986348836854,30.95,3.0,headache,S029
-0.21,0.12,-38.97260859073219,7.449613804116873,52.51244978144509,30.95,3.0,headache,S029
0.29,0.12,-39.03788995753872,7.9728940340385845,52.446305073347546,30.95,3.0,headache,S029
0.21,0.11,-38.90260265216716,6.8610098346599875,52.6063147172631,30.97,3.0,headache,S029
-0.36,0.11,-39.243914788115326,6.78648066508544,52.501715930476315,30.97,3.0,headache,S029
-0.37,0.12,-39.339106031209774,7.019110549765606,52.187788949259634,30.97,3.0,headache,S029
0.02,0.12,-38.95845382264053,6.99033630391413,52.00417838334997,30.97,3.0,headache,S029
0.46,0.11,-39.259975947831435,7.009418879691371,51.99213385150999,30.99,3.0,headache,S029
-0.41,0.12,-39.43514613626775,6.98526016777191,52.302665960250124,30.99,3.0,headache,S029
0.05,0.11,-39.1243871222579,7.04665111820142,52.47997716643012,30.99,3.0,headache,S029
-0.01,0.11,-38.862258327938264,7.360094119527627,52.31098707786852,30.99,3.0,headache,S029
0.2,0.11,-38.81420235007925,6.962937213591651,52.82003436026079,30.99,3.0,headache,S029
0.0,0.12,-39.06036288348303,7.788021639659608,52.32750365162975,30.99,3.0,headache,S029
0.08,0.12,-38.960286108517046,7.7266945178845114,52.43205579939981,30.99,3.0,headache,S029
-0.14,0.11,-39.031647187908355,7.655505512062399,52.12700341452247,30.99,3.0,headache,S029
0.08,0.12,-38.9721087969369,7.3049455179170835,52.58576886507749,30.95,3.0,headache,S029
-0.12,0.12,-39.02654433926739,7.1682731375693916,52.31315254806429,30.95,3.0,headache,S029
0.08,0.11,-38.97267664506184,7.539032973004151,52.54834928932416,30.95,3.0,headache,S029
-0.19,0.11,-39.03108488240592,6.847511514027539,52.34019153731683,30.95,3.0,headache,S029
0.14,0.12,-38.95843514409153,6.875269275264658,52.30395671163089,31.01,3.0,headache,S029
0.01,0.12,-39.20443255860278,6.649631507643707,52.39042181154454,31.01,3.0,headache,S029
0.62,0.12,-39.06555022958612,6.8167614912370755,52.44940330212168,31.01,3.0,headache,S029
-0.65,0.12,-39.08295376650934,6.995603553375915,52.49422308466643,31.01,3.0,headache,S029
0.18,0.12,-39.04552663626475,7.144685816273336,52.12212758252262,30.97,3.0,headache,S029
0.06,0.11,-39.13324961374399,7.476679128904022,52.18336601107153,30.97,3.0,headache,S029
-0.81,0.11,-39.168337288469516,7.340549007981907,52.145255432288664,30.97,3.0,headache,S029
0.79,0.12,-38.91443579383561,7.262644275489329,52.25867304735454,30.97,3.0,headache,S029
0.27,0.11,-39.03468559140153,7.823744481046929,52.58678725550617,30.97,3.0,headache,S029
-0.61,0.11,-38.554566334582354,8.036394379315164,52.81518519369476,30.97,3.0,headache,S029
0.11,0.12,-39.0146132975949,7.93598665222132,52.39837496167584,30.97,3.0,headache,S029
-0.01,0.12,-38.87739714593386,6.933477199467239,52.36084880117647,30.97,3.0,headache,S029
-0.2,0.11,-39.82630873988339,7.320097238734644,52.09089689201988,30.97,3.0,headache,S029
0.37,0.11,-39.726699305754565,7.288201571458883,52.11117301690052,30.97,3.0,headache,S029
0.15,0.12,-39.24374037342636,7.158905331913827,52.06181169660815,30.97,3.0,headache,S029
-0.29,0.11,-40.03420966608412,7.370984519905255,52.002097171984644,30.97,3.0,headache,S029
-0.5,0.11,-39.80245930076734,6.021552055729812,52.27355090026223,30.95,3.0,headache,S029
-0.02,0.12,-39.70236144436185,6.199833697932922,52.15880694078653,30.95,3.0,headache,S029
0.33,0.12,-40.228134331546244,5.098314826116043,51.94662573585911,30.95,3.0,headache,S029
0.6,0.11,-40.118235078298376,6.00569980674127,52.02101941289741,30.95,3.0,headache,S029
-0.12,0.12,-39.27365701411733,6.779905592548087,52.054900108921004,30.97,3.0,headache,S029
-0.29,0.12,-39.56871203880948,7.846548838332287,52.109735944284694,30.97,3.0,headache,S029
0.12,0.11,-38.829267884794056,6.962073012462881,52.32275433229837,30.97,3.0,headache,S029
0.41,0.12,-39.375196464807374,6.638875820125065,52.21734936088277,30.97,3.0,headache,S029
-0.7,0.12,-39.296583913092704,6.177825676614148,52.11546605720077,30.99,3.0,headache,S029
-0.07,0.12,-39.00396166953403,7.392964418085812,52.503072997336396,30.99,3.0,headache,S029
0.61,0.12,-38.75334678648671,8.035324141117712,52.17336318565558,30.99,3.0,headache,S029
-0.84,0.14,-38.389192686987016,8.551413583045584,52.481990511956525,30.99,3.0,headache,S029
0.91,0.12,-38.671220158023814,8.46734461956168,52.44967546234307,30.99,3.0,headache,S029
-0.69,0.11,-38.48960434094446,8.180335274983797,52.654319353784636,30.99,3.0,headache,S029
1.07,0.11,-39.4031006949509,6.029423117801511,52.13985037966583,30.99,3.0,headache,S029
-0.54,0.12,-38.33145457762453,8.629498855460612,52.83997015141389,30.99,3.0,headache,S029
-0.42,0.12,-38.71117070556093,8.254044806605814,52.444457122666144,30.97,3.0,headache,S029
0.53,0.11,-38.25049858986332,7.526216459232185,52.904205170281074,30.97,3.0,headache,S029
-0.28,0.12,-38.94686877305703,7.509285967494194,52.52554453365954,30.97,3.0,headache,S029
-0.1,0.12,-38.78888894189715,7.120503267247623,52.39794646317032,30.97,3.0,headache,S029
0.06,0.11,-38.90704114584238,7.92426866463777,52.35548047669223,30.99,3.0,headache,S029
0.01,0.11,-39.76572257512616,7.05232136316246,52.0017764402458,30.99,3.0,headache,S029
-0.18,0.12,-40.14701656063379,6.053952083407139,51.745848290906146,30.99,3.0,headache,S029
0.16,0.11,-39.484372576134525,6.6597965358989875,52.169888470938325,30.99,3.0,headache,S029
-0.1,0.11,-39.23459995424935,7.456022840536819,52.30909082191707,30.97,3.0,headache,S029
0.23,0.12,-39.185368142916545,7.161682454265136,52.091154167117544,30.97,3.0,headache,S029
-0.43,0.12,-39.51722057085088,6.716793711934921,51.96362981231775,30.97,3.0,headache,S029
0.3,0.11,-40.058992215811216,6.539144315323676,52.21018519329441,30.97,3.0,headache,S029
0.25,0.12,-39.325624561905656,7.079054745159128,52.10744456267015,30.97,3.0,headache,S029
-0.12,0.12,-39.38604851458153,6.995773488391402,52.193814156553806,30.97,3.0,headache,S029
-0.16,0.11,-39.7641722066637,6.193105772895568,51.99607334126573,30.97,3.0,headache,S029
0.25,0.11,-39.29223602082342,7.0995154627544,52.13663561185495,30.97,3.0,headache,S029
0.04,0.12,-38.95222383620274,7.448835083359862,52.394666145195096,30.97,3.0,headache,S029
-0.4,0.12,-39.02480311249149,7.363285763149187,52.33500239157146,30.97,3.0,headache,S029
0.28,0.11,-38.99707215423954,6.99028290789638,52.54566166497122,30.97,3.0,headache,S029
-0.24,0.12,-39.24463307945867,7.068052475688512,52.355623766721365,30.97,3.0,headache,S029
0.0,0.12,-39.14542511562928,6.676530081065326,52.341970376777894,31.01,3.0,headache,S029
-0.17,0.11,-39.187421496821784,6.696863345890027,52.01415049200155,31.01,3.0,headache,S029
0.49,0.11,-39.0320581650292,7.344364038911622,52.51883765316365,31.01,3.0,headache,S029
-0.27,0.12,-38.809276182616046,8.368809723098973,52.46035824345789,31.01,3.0,headache,S029
-0.29,0.12,-38.94133045461244,8.496303324220898,52.189131655228316,30.99,3.0,headache,S029
-0.09,0.11,-38.94177999551453,7.986233082682991,52.27169963938952,30.99,3.0,headache,S029
0.66,0.12,-38.737176538833104,8.587755724352457,52.24795432991427,30.99,3.0,headache,S029
-0.43,0.12,-39.183038393238945,7.660414746681532,52.38174752689448,30.99,3.0,headache,S029
0.12,0.11,-39.185239085893706,7.277985985778757,52.18727235105993,30.97,3.0,headache,S029
0.31,0.11,-39.35807665680818,6.765694845879964,51.89495720263799,30.97,3.0,headache,S029
0.05,0.12,-38.89583580566324,7.608394758827881,52.39834227397551,30.97,3.0,headache,S029
0.14,0.12,-39.33534732628352,6.546216148896748,52.39685389885176,30.97,3.0,headache,S029
-0.11,0.11,-39.39837304207444,6.243225830996879,52.03029067531568,30.97,3.0,headache,S029
-0.66,0.11,-39.00740101708654,6.910176580608767,52.750801734105934,30.97,3.0,headache,S029
0.69,0.12,-39.28893441086367,6.6932182885181915,52.17217427902487,30.97,3.0,headache,S029
-0.56,0.11,-39.744607956352766,6.1756252400069895,52.08740712279819,30.97,3.0,headache,S029
0.38,0.11,-39.27009821756728,7.092834126265009,52.25231280088632,30.99,3.0,headache,S029
0.3,0.12,-39.123465624647714,6.8762805161628355,52.18101306709348,30.99,3.0,headache,S029
-0.61,0.12,-39.074530605252825,7.1870058457335055,52.252345470543546,30.99,3.0,headache,S029
-0.04,0.11,-38.82931656638185,7.067936086903196,52.14612366562526,30.99,3.0,headache,S029
0.12,0.12,-39.67899054578141,6.488763689064289,52.14795530043143,30.99,3.0,headache,S029
-0.27,0.12,-39.24556097354906,6.96308683737072,52.05808576152688,30.99,3.0,headache,S029
-0.04,0.11,-39.49382569560876,6.9440603761838675,51.983278117990636,30.99,3.0,headache,S029
0.86,0.12,-39.32899017196933,7.307438363873944,52.1500866928094,30.99,3.0,headache,S029
-0.69,0.12,-39.55432582217106,7.891281817475626,52.15956612364581,30.99,3.0,headache,S029
-0.27,0.11,-39.33800251868222,7.842957352334493,52.09800732490787,30.99,3.0,headache,S029
0.37,0.11,-39.32066520825036,8.025924651786875,52.095660889407796,30.99,3.0,headache,S029
0.2,0.11,-39.049339198365814,7.186214781260681,52.04362838487781,30.99,3.0,headache,S029
-0.42,0.12,-39.00934628157522,7.596162055296616,52.41773200146426,30.99,3.0,headache,S029
0.33,0.11,-38.96844965597902,8.010075139813102,52.06622651163343,30.99,3.0,headache,S029
-0.04,0.13,-39.19562853525566,7.5244203272156325,52.178268635306225,30.99,3.0,headache,S029
0.22,0.12,-39.106394241172644,6.630271287208006,52.12058957579615,30.99,3.0,headache,S029
-0.02,0.11,-39.22843119374455,7.08406302673226,52.052507724187706,30.97,3.0,headache,S029
0.16,0.11,-38.981964085276694,6.848936305200208,52.08273463526956,30.97,3.0,headache,S029
-0.25,0.12,-39.71823585884649,7.092826631540682,52.22570945507136,30.97,3.0,headache,S029
-0.12,0.12,-39.400400067134456,6.228657811683235,51.87982065754807,30.97,3.0,headache,S029
0.28,0.11,-39.12070630673665,6.889340527727963,52.22729625114782,30.99,3.0,headache,S029
0.05,0.12,-39.07622314461522,7.757924723890273,52.09217942762087,30.99,3.0,headache,S029
-0.37,0.12,-39.12138755088773,6.8068165756737375,52.155284068617874,30.99,3.0,headache,S029
0.39,0.11,-38.8487256389134,7.210147384832203,52.310943547840154,30.99,3.0,headache,S029
-0.48,0.12,-38.98382198830272,7.1650623774826,52.433137583956935,30.97,3.0,headache,S029
-0.29,0.12,-39.15171462911472,7.116880393895729,52.27817795868672,30.97,3.0,headache,S029
0.6,0.12,-38.95588895357542,6.903620137273606,52.30692608360477,30.97,3.0,headache,S029
0.23,0.11,-38.9069018344988,7.117278040075534,52.41270413217144,30.97,3.0,headache,S029
0.24,0.12,-38.68121936813531,7.805640564540104,52.49970897213526,30.95,3.0,headache,S029
-0.65,0.12,-38.64017265740785,8.639326625144337,52.40254305052757,30.95,3.0,headache,S029
-0.23,0.11,-38.7159261669213,8.22870057683854,52.7185099204018,30.95,3.0,headache,S029
-0.69,0.12,-39.11481986188656,7.708929203079503,52.1683698619635,30.95,3.0,headache,S029
0.27,0.12,-38.89654882143003,7.97814147738189,52.66522462255768,30.95,3.0,headache,S029
0.86,0.11,-38.732939735963434,8.020130228694578,52.553024879750936,30.95,3.0,headache,S029
0.01,0.11,-38.803729483860906,7.992598616647503,52.47591481760504,30.95,3.0,headache,S029
0.2,0.12,-39.06103014213005,7.918790630375555,52.501964818416404,30.95,3.0,headache,S029
-0.67,0.12,-38.73495680121169,7.242674566326162,52.393920323113896,30.99,3.0,headache,S029
0.38,0.11,-38.98301376788087,7.474398594264564,52.34741053058033,30.99,3.0,headache,S029
0.3,0.12,-38.94726426219956,7.388294662497192,52.509292110094975,30.99,3.0,headache,S029
-0.18,0.12,-39.23688909106784,6.626423256629333,52.41294392057567,30.99,3.0,headache,S029
0.11,0.11,-39.47080254872423,6.588893128160926,52.073611250699514,30.97,3.0,headache,S029
-0.67,0.11,-39.073233224542165,7.111434300099356,52.166425104427915,30.97,3.0,headache,S029
0.46,0.12,-39.16410638056041,6.9077424273379595,52.060507881947515,30.97,3.0,headache,S029
0.06,0.12,-39.305179627126556,7.0954591795097555,52.07896605802396,30.97,3.0,headache,S029
-0.13,0.11,-39.40157316873433,6.881760943911356,52.1923291947543,30.99,3.0,headache,S029
-0.26,0.12,-39.1177688688077,7.232064226227703,51.98941885056497,30.99,3.0,headache,S029
0.29,0.12,-39.035498513452346,7.580238019577794,52.054196292064,30.99,3.0,headache,S029
0.14,0.11,-38.96296823405322,7.936197552232553,52.22875051293834,30.99,3.0,headache,S029
-0.4,0.12,-39.1259159489667,7.19601019003664,52.21727744832013,31.01,3.0,headache,S029
0.21,0.12,-39.025607774751485,7.108426140153435,52.11840765472146,31.01,3.0,headache,S029
0.33,0.12,-38.91896241192462,7.788395528451789,52.548331321234556,31.01,3.0,headache,S029
-0.75,0.12,-38.621265057223575,7.895099573112412,52.6484813575776,31.01,3.0,headache,S029
0.47,0.11,-38.94289637958629,8.045606857165938,52.55124407316596,30.99,3.0,headache,S029
0.38,0.12,-39.02488355666985,7.5504704972857,52.395147616028545,30.99,3.0,headache,S029
-1.0,0.12,-38.83870235757919,7.279968409305532,52.19453797860353,30.99,3.0,headache,S029
0.38,0.12,-38.38316973310068,8.084837534881837,52.95212070283205,30.99,3.0,headache,S029
0.64,0.12,-38.811421858670215,7.508602602637032,52.345086490812534,30.97,3.0,headache,S029
-0.46,0.12,-38.937535773424536,6.993336242925522,52.52713491267339,30.97,3.0,headache,S029
-0.07,0.11,-39.031173078486276,6.959962855669821,52.10916256366112,30.97,3.0,headache,S029
0.0,0.12,-38.94627000731448,7.158839763602605,52.31581332304624,30.97,3.0,headache,S029
0.28,0.12,-39.2886443846765,6.770242046305218,52.45675578454281,31.01,3.0,headache,S029
-0.01,0.12,-39.05754188308742,6.545172595610985,52.62992646782324,31.01,3.0,headache,S029
-0.66,0.11,-39.33697495101979,7.1642768791383045,52.4394101006268,31.01,3.0,headache,S029
0.11,0.12,-39.04372374221921,6.872266075322029,52.744015619759686,31.01,3.0,headache,S029
-0.82,0.12,-38.88152529063044,6.936249585036275,52.485726990296335,31.01,3.0,headache,S029
0.91,0.11,-39.18557147146291,5.793522240670407,52.687277739523594,31.01,3.0,headache,S029
0.58,0.11,-38.981008274259324,6.30837766776115,52.54504920544294,31.01,3.0,headache,S029
0.31,0.12,-39.019633530597844,6.970258061999215,52.304257434941626,31.01,3.0,headache,S029
-0.03,0.12,-39.03675143453766,7.023549628373083,52.47677542096267,30.99,3.0,headache,S029
-0.18,0.11,-39.245598433281565,6.98818857248027,52.325648404303514,30.99,3.0,headache,S029
-0.59,0.12,-39.15568369089022,6.983133765096846,52.29200086278043,30.99,3.0,headache,S029
0.16,0.12,-38.829167109429974,7.6428968051359965,52.70390941440603,30.99,3.0,headache,S029
-0.02,0.11,-38.89941207939692,8.139434313194812,52.544817037582625,31.01,3.0,headache,S029
0.15,0.11,-38.69956759101663,7.324972665294339,52.8303407765463,31.01,3.0,headache,S029
-0.17,0.12,-38.76118369129088,7.6550533013347675,52.651213716886,31.01,3.0,headache,S029
0.01,0.12,-38.89458341741085,7.584053385776808,52.394566531434016,31.01,3.0,headache,S029
0.27,0.11,-38.949024643622906,6.792372097640003,52.352342613995994,31.01,3.0,headache,S029
-0.45,0.12,-39.50680765509627,6.0849968735607405,52.37270711024665,31.01,3.0,headache,S029
0.64,0.12,-39.03654130481371,6.300933600692,52.45460796688611,31.01,3.0,headache,S029
-0.23,0.11,-39.130760889475056,5.8550624915104805,52.36170891126047,31.01,3.0,headache,S029
-0.33,0.12,-38.95596355008756,6.92239243206349,52.14281112753035,30.99,3.0,headache,S029
-0.12,0.12,-39.031945008157486,7.058559037774165,52.07573668247791,30.99,3.0,headache,S029
0.14,0.12,-38.92933829525857,8.10632244536602,52.72296633334029,30.99,3.0,headache,S029
0.34,0.12,-38.90652681112102,7.461271269317992,52.342992031947894,30.99,3.0,headache,S029
-0.03,0.12,-38.8655452065471,7.177610315314938,52.65138701543754,31.01,3.0,headache,S029
0.19,0.12,-39.051483898312114,6.902954850521721,52.53892363792443,31.01,3.0,headache,S029
-0.47,0.11,-39.437009217624876,5.862239936424397,52.53253698914039,31.01,3.0,headache,S029
-0.45,0.11,-39.23323249426607,6.736774207485689,52.696552835584576,31.01,3.0,headache,S029
0.92,0.11,-38.884990155889405,7.054924528859674,52.64849300155391,30.99,3.0,headache,S029
-0.13,0.11,-39.128644718777416,6.964364419543745,52.3835865365828,30.99,3.0,headache,S029
-0.54,0.12,-39.05476444412068,7.0341110406346425,52.43693877889321,30.99,3.0,headache,S029
0.68,0.12,-39.28049983884923,6.9598309269613505,52.17546073814728,30.99,3.0,headache,S029
-0.42,0.12,-39.153633978728436,7.08149236822795,52.07285790640621,31.03,3.0,headache,S029
0.05,0.11,-39.23357442351307,7.239262748587345,52.06178834937812,31.03,3.0,headache,S029
0.19,0.11,-38.91477761741275,7.738213343331536,52.23868920964166,31.03,3.0,headache,S029
0.0,0.12,-39.06186802163388,7.545236539964459,52.21357028220082,31.03,3.0,headache,S029
-0.62,0.12,-38.67158412662336,8.016143591955531,52.59097392289552,30.99,3.0,headache,S029
0.14,0.11,-39.104697449070066,7.3115887655162615,52.19032532869787,30.99,3.0,headache,S029
0.7,0.11,-39.104860235096396,6.763869767224881,52.266156456133544,30.99,3.0,headache,S029
-0.1,0.12,-39.215783523260825,6.905804749745261,51.98647766770433,30.99,3.0,headache,S029
-0.17,0.11,-38.95649277273591,7.114583092023229,52.11200425138006,30.99,3.0,headache,S029
-0.27,0.11,-39.191420096473145,6.745570242662964,52.16321513021069,30.99,3.0,headache,S029
0.32,0.12,-39.206112421828706,6.673982908247073,52.36785868823015,30.99,3.0,headache,S029
-0.5,0.12,-39.59560730127447,6.875055266907736,52.08113853931033,30.99,3.0,headache,S029
0.17,0.11,-39.186733564782834,6.702592354664155,52.23933672421557,30.97,3.0,headache,S029
0.49,0.11,-39.20904594639155,7.092828210147997,52.0207574372798,30.97,3.0,headache,S029
-0.2,0.12,-38.924980519732635,7.105846337725957,52.33736780046863,30.97,3.0,headache,S029
-0.18,0.11,-39.16047811931314,6.932989094267942,52.57929364357787,30.97,3.0,headache,S029
0.45,0.11,-39.124278570161394,6.985245544511725,52.269830866101785,30.99,3.0,headache,S029
-0.03,0.12,-39.19400650628899,6.4888597906711105,52.50222185931464,30.99,3.0,headache,S029
-0.38,0.12,-39.29266602472897,6.792863965062107,52.43792038951407,30.99,3.0,headache,S029
-0.2,0.11,-38.96760634602005,7.975833245021797,52.34428035770504,30.99,3.0,headache,S029
0.39,0.11,-38.70028237833492,8.16115207793112,52.74306155805181,30.99,3.0,headache,S029
-0.31,0.12,-38.71570660234784,7.880350928630659,52.33162344938225,30.99,3.0,headache,S029
-0.29,0.11,-39.13256110305236,7.2111603095075525,52.354825460852155,30.99,3.0,headache,S029
0.09,0.11,-39.02352709158986,7.375107001093777,52.50675843546199,30.99,3.0,headache,S029
-0.13,0.12,-39.10368220742444,7.40394926651859,52.54097838274213,30.99,3.0,headache,S029
0.8,0.12,-38.72893540581873,7.408348918605123,52.44686388008821,30.99,3.0,headache,S029
0.3,0.11,-38.58665483778712,7.565021888854662,52.75214571335762,30.99,3.0,headache,S029
-0.18,0.11,-38.953239126922014,7.2920256194099835,52.49793779831255,30.99,3.0,headache,S029
-0.49,0.11,-38.83608320896751,7.326371464920261,52.85689677741209,30.99,3.0,headache,S029
0.0,0.11,-38.75316350838324,7.3645178268521425,52.913906957234516,30.99,3.0,headache,S029
0.39,0.11,-38.93313101892911,7.132289410075057,52.68880230667891,30.99,3.0,headache,S029
-0.33,0.11,-39.067789181607,6.783284806487804,52.460656140515006,30.99,3.0,headache,S029
-0.02,0.12,-39.09066952805678,6.431439837022681,52.275393693153646,30.97,3.0,headache,S029
-0.05,0.11,-38.9910270246852,7.445390636276948,52.90883209580072,30.97,3.0,headache,S029
0.04,0.12,-39.00776268398113,7.189819576520102,52.47846627644803,30.97,3.0,headache,S029
-0.11,0.12,-38.90409509835463,7.097634662657913,52.75260080344576,30.97,3.0,headache,S029
0.28,0.11,-38.94332216948454,7.361480224890891,52.635813905104385,30.97,3.0,headache,S029
-0.46,0.11,-39.041745212814696,6.999612736453361,52.44287266094688,30.97,3.0,headache,S029
0.08,0.12,-38.96341920464686,6.7412102064970165,52.52881983694596,30.97,3.0,headache,S029
0.53,0.12,-39.19990078081413,6.767404319031532,52.571825739388295,30.97,3.0,headache,S029
-0.12,0.11,-38.64102389846668,7.159994263888273,52.89856944731851,30.97,3.0,headache,S029
-0.4,0.11,-38.926715954292845,7.093637438057051,52.50225017926933,30.97,3.0,headache,S029
0.45,0.11,-38.91851382247595,7.005777178956222,52.57650492852113,30.97,3.0,headache,S029
0.64,0.12,-38.944202378992735,6.950860706454395,52.39000649013493,30.97,3.0,headache,S029
-0.66,0.11,-39.01215706756978,7.142220521460442,52.60567693595556,30.99,3.0,headache,S029
-0.32,0.11,-39.00809567888617,7.4140198889997055,52.94460489987117,30.99,3.0,headache,S029
-0.05,0.12,-38.93746389517627,7.059657959167669,52.732285267511585,30.99,3.0,headache,S029
0.03,0.11,-38.83673569347247,7.442801426286679,52.69184922762847,30.99,3.0,headache,S029
0.19,0.11,-38.946481682591106,6.964056655881136,52.74726516187243,30.97,3.0,headache,S029
0.25,0.11,-39.061592284228496,7.008785914036841,52.39183728084655,30.97,3.0,headache,S029
-0.47,0.12,-39.08163807417212,7.064108550855563,52.58250658897545,30.97,3.0,headache,S029
0.16,0.11,-39.06106851795799,7.239354068334775,52.33444927919929,30.97,3.0,headache,S029
0.33,0.12,-39.08736700360736,6.918384295432946,52.4625898615291,30.99,3.0,headache,S029
-0.17,0.11,-38.96608493964039,7.056698486779628,52.307605688122926,30.99,3.0,headache,S029
-0.72,0.11,-39.02179807545894,6.954511653397054,52.67191272483832,30.99,3.0,headache,S029
0.42,0.11,-38.982730771323666,7.038778860899036,52.61027681165092,30.99,3.0,headache,S029
0.11,0.11,-39.01854268935246,6.965821394031869,52.52804440851465,30.99,3.0,headache,S029
0.13,0.12,-38.87211307002129,7.030764137623048,53.00225398367279,30.99,3.0,headache,S029
0.11,0.11,-38.989487254586116,6.971906543694069,52.73995302371067,30.99,3.0,headache,S029
-0.01,0.11,-39.005160377449165,7.0259240168062576,52.901813958284116,30.99,3.0,headache,S029
-0.38,0.11,-38.99566425746086,6.975890598554062,52.82009056342971,31.01,3.0,headache,S029
0.29,0.11,-39.00442148400129,7.022554678129638,52.7082654687783,31.01,3.0,headache,S029
-0.44,0.11,-38.99520687771256,6.978805325777031,52.584149378413194,31.01,3.0,headache,S029
0.44,0.12,-39.005272150120476,7.019982385891597,52.549560667143105,31.01,3.0,headache,S029
-0.08,0.11,-38.994201247968995,6.981117694790149,52.51116057834766,30.99,3.0,headache,S029
0.01,0.11,-39.00635629668355,7.017866298875161,52.53124865760207,30.99,3.0,headache,S029
-0.18,0.11,-38.993050480730396,6.983089136866203,52.62540773784367,30.99,3.0,headache,S029
0.52,0.12,-39.007599239985126,7.015995112768067,52.70140935342304,30.99,3.0,headache,S029
-0.0,0.12,-38.99165620997496,6.984900895708391,52.77328202336039,30.99,3.0,headache,S029
-0.35,0.11,-39.00923569652127,7.014202185548154,52.993317878155196,30.99,3.0,headache,S029
-0.38,0.12,-38.98977285687877,6.986718948587733,52.68269850494113,30.99,3.0,headache,S029
0.2,0.12,-39.00888244484485,7.012307055558079,52.677994189822165,30.99,3.0,headache,S029
0.45,0.11,-38.7925919566072,6.988758003223545,52.915802022749745,30.97,3.0,headache,S029
-0.08,0.11,-38.93909879170064,7.010030826563745,52.86232269697535,30.97,3.0,headache,S029
-0.41,0.11,-38.84240303203172,6.991412148698709,52.937644346437864,30.97,3.0,headache,S029
0.56,0.11,-38.88809411203575,7.006768022395066,52.746489530973335,30.97,3.0,headache,S029
-0.32,0.11,-38.91650850160512,6.9957001464524575,52.922656483487856,31.01,3.0,headache,S029
0.02,0.11,-38.895390426244106,7.000602130621849,52.664095199319156,31.01,3.0,headache,S029
-0.41,0.12,-38.959910836011176,7.005848788054447,52.65732226626694,31.01,3.0,headache,S029
-0.04,0.11,-39.02185444874677,6.97918744217633,52.34046795824477,31.01,3.0,headache,S029
0.47,0.11,-38.98275514692503,7.109131439243957,52.533193145610326,31.01,3.0,headache,S029
0.26,0.12,-39.015639047832316,7.188451491597505,52.770525379380025,31.01,3.0,headache,S029
-0.59,0.11,-38.98435959739392,6.94772718263805,52.70443063020662,31.01,3.0,headache,S029
0.13,0.11,-39.018474762314284,7.036582413018103,52.95015942759026,31.01,3.0,headache,S029
0.01,0.11,-38.95663173903896,6.969964327237451,52.632053259432546,31.01,3.0,headache,S029
0.13,0.12,-38.758699428355925,7.026378572722821,52.81244550331831,31.01,3.0,headache,S029
0.63,0.11,-38.81780814282766,6.975984068848621,52.56645257064725,31.01,3.0,headache,S029
-0.79,0.11,-38.83482192118527,7.02234941401582,52.87428886591194,31.01,3.0,headache,S029
0.18,0.12,-38.99977237701833,6.978895648214503,52.61834433124113,30.97,3.0,headache,S029
0.23,0.11,-38.90989384102375,7.020138572869838,52.885950102709835,30.97,3.0,headache,S029
-0.31,0.11,-38.82891844190959,6.98062587677555,52.36902077404599,30.97,3.0,headache,S029
0.37,0.11,-39.018504673479256,7.018770204477179,52.389341564021244,30.97,3.0,headache,S029
-0.4,0.11,-38.97850235124373,6.981685653132882,52.556942729582545,30.97,3.0,headache,S029
-0.08,0.11,-39.02355323140669,7.018027210617205,52.4260395723343,30.97,3.0,headache,S029
0.46,0.11,-38.97244579645714,6.982010129044677,52.567154049479285,30.97,3.0,headache,S029
-0.26,0.11,-39.037818986350295,7.018436220052795,52.86576409714968,30.97,3.0,headache,S029
-0.03,0.11,-38.90505458558032,6.979887322406674,52.86467923599725,30.97,3.0,headache,S029
0.2,0.11,-38.934742513604235,7.026326223671629,52.86070555131894,30.97,3.0,headache,S029
-0.61,0.11,-39.01947195243309,6.925261646598108,52.73748551599058,30.97,3.0,headache,S029
0.08,0.11,-38.983401590323794,6.881050012271021,52.433610004668516,30.97,3.0,headache,S029
0.74,0.11,-39.10339227689523,6.529774487556123,52.036352755193384,30.97,3.0,headache,S029
-0.56,0.11,-39.05727508384956,7.072461735905603,52.41681881592483,30.97,3.0,headache,S029
0.27,0.11,-38.881958671107924,7.46069255739292,52.48506531178961,30.97,3.0,headache,S029
0.14,0.11,-38.96197889066691,7.14618077200639,52.408394040754715,30.97,3.0,headache,S029
-0.12,0.11,-38.97962091232877,6.951866691379899,52.5922829792546,30.99,3.0,headache,S029
-0.13,0.11,-38.73589341154823,7.0234130012897005,52.60696150973801,30.99,3.0,headache,S029
0.41,0.11,-38.79870578107626,7.0376285615280505,52.888280426297435,30.99,3.0,headache,S029
-0.55,0.11,-38.941391142022695,7.123655973476607,52.8923303890926,30.99,3.0,headache,S029
0.09,0.11,-38.9020514729498,6.915644219606659,52.84514112519672,30.99,3.0,headache,S029
-0.11,0.12,-38.754964527041416,7.100648675875293,52.840308018874296,30.99,3.0,headache,S029
0.02,0.11,-38.95570933267938,6.681807202447493,52.51682411819711,30.99,3.0,headache,S029
0.47,0.11,-38.87107736809117,6.83052118456797,52.54905768303845,30.99,3.0,headache,S029
0.15,0.11,-38.909643059021306,7.2437112687776795,52.30807601091756,30.97,3.0,headache,S029
-0.88,0.11,-39.05541732771673,8.074581355962547,52.4999295160701,30.97,3.0,headache,S029
0.45,0.11,-38.95465440235508,7.854148472811883,52.50582451093583,30.97,3.0,headache,S029
0.05,0.11,-39.04094411012637,7.6074799542444635,52.44534497067951,30.97,3.0,headache,S029
-0.47,0.11,-38.9595594225703,6.976149415031044,52.44557340330598,30.95,3.0,headache,S029
0.45,0.11,-38.90918451775076,7.548892855783148,52.35178893211633,30.95,3.0,headache,S029
-0.07,0.11,-38.97021236614693,7.456662468021245,52.42846740930159,30.95,3.0,headache,S029
0.01,0.11,-38.900330233841636,7.327238592091165,52.51351195696762,30.95,3.0,headache,S029
0.05,0.11,-38.98147083015061,7.164067095206987,52.57823818660952,30.99,3.0,headache,S029
0.02,0.11,-39.01654856917192,6.930688599849207,52.66310949653143,30.99,3.0,headache,S029
-0.12,0.11,-38.99526639606816,6.7412090501639295,52.57207798697612,30.99,3.0,headache,S029
0.01,0.11,-38.79754394064746,7.078062709311059,52.764951447279046,30.99,3.0,headache,S029
0.41,0.11,-38.91659714811677,7.066529799385864,52.60805937147242,30.97,3.0,headache,S029
-0.43,0.11,-39.068221068355896,7.0292925378473825,52.43932166266951,30.97,3.0,headache,S029
-0.19,0.11,-38.90133228570383,7.3159297054839865,52.68594679141324,30.97,3.0,headache,S029
0.36,0.11,-38.82423099200811,7.893021274019139,52.636208811311135,30.97,3.0,headache,S029
-0.11,0.11,-38.97642176833077,7.678501538643018,52.36409028989138,30.99,3.0,headache,S029
-0.06,0.11,-39.028914502239516,6.888096008033759,52.35023465444835,30.99,3.0,headache,S029
0.01,0.12,-38.96664084863868,7.200210494283703,52.786765789452126,30.99,3.0,headache,S029
0.13,0.11,-39.041511354068916,7.133729195334849,52.514506045375555,30.99,3.0,headache,S029
-0.2,0.11,-38.827444675529634,6.940419987299194,52.66037745072644,30.97,3.0,headache,S029
0.07,0.11,-38.53338575782696,7.727123363646072,53.01315680366987,30.97,3.0,headache,S029
0.14,0.11,-38.43153460362229,7.954897865995139,52.89485174359323,30.97,3.0,headache,S029
0.3,0.11,-38.78874630318415,7.589353110905908,52.83578828433796,30.97,3.0,headache,S029
-0.34,0.11,-39.864359117253734,7.213006479602634,52.30231150944619,30.97,3.0,headache,S029
0.02,0.11,-39.63590369190677,7.229067236244028,52.064592739070314,30.97,3.0,headache,S029
0.04,0.11,-39.52033537997213,7.565204830819179,51.901265049488806,30.97,3.0,headache,S029
0.05,0.11,-39.85207518582546,6.688483124366486,52.05152625678951,30.97,3.0,headache,S029
-0.78,0.11,-39.42835130296441,6.90168964128313,51.96974321774813,30.97,3.0,headache,S029
0.59,0.11,-39.55825953586406,6.814446105630643,52.03204107973214,30.97,3.0,headache,S029
0.46,0.11,-39.400319803016615,6.9179504369742215,52.122250776008784,30.97,3.0,headache,S029
-0.22,0.11,-40.09333053238358,5.784402280096744,51.960720256695254,30.97,3.0,headache,S029
-0.26,0.11,-39.603627800754786,7.471159653434982,52.2083183927034,30.97,3.0,headache,S029
0.13,0.11,-39.33182947114874,6.976611092095724,52.08322599087005,30.97,3.0,headache,S029
0.32,0.11,-39.513635741558495,6.870179420032335,51.987163786500574,30.97,3.0,headache,S029
-0.43,0.11,-38.87190441437215,7.5746467108401365,52.54166323288165,30.97,3.0,headache,S029
-0.18,0.11,-38.87675234910988,7.7692384633565625,52.3758935406485,30.97,3.0,headache,S029
0.21,0.11,-39.163391502959726,7.422748111980878,52.33733284090045,30.97,3.0,headache,S029
-0.02,0.11,-39.0497807218102,6.903895734827163,52.107604651792954,30.97,3.0,headache,S029
-0.02,0.11,-39.098739233984894,7.043614412421425,52.16239878574084,30.97,3.0,headache,S029
-0.24,0.11,-39.43279852600286,6.955961446951503,51.93934195828835,30.97,3.0,headache,S029
0.19,0.11,-39.503590248639675,6.850483203360087,52.348637373907074,30.97,3.0,headache,S029
-0.24,0.11,-38.74982876311217,7.93022151049024,52.557780655311525,30.97,3.0,headache,S029
0.29,0.11,-39.34565724021903,6.723898080049623,52.26506328676873,30.97,3.0,headache,S029
0.07,0.12,-39.28232493522536,6.995530884394642,51.97794836779366,30.97,3.0,headache,S029
-0.15,0.11,-39.31472203495566,7.544590198539134,52.00460019329181,30.97,3.0,headache,S029
0.34,0.11,-39.95401864739902,6.294588158799481,52.01173006909953,30.97,3.0,headache,S029
0.28,0.12,-39.44981533852805,7.249329640389535,52.18486180098937,30.97,3.0,headache,S029
-0.69,0.11,-38.93579674610616,7.0249442756893075,52.21186359124489,30.97,3.0,headache,S029
0.72,0.11,-39.29698343548609,7.081005193147853,52.12204747013184,30.97,3.0,headache,S029
-0.73,0.11,-39.759018307464245,6.928226903335748,51.95241324813873,30.97,3.0,headache,S029
0.01,0.11,-39.536392436102595,6.832681799936492,52.03782785750089,30.97,3.0,headache,S029
0.32,0.12,-39.49364850565628,7.090869127424688,52.269838422563666,30.99,3.0,headache,S029
-0.08,0.11,-39.21999960664523,7.340003304510198,52.279578753562944,30.99,3.0,headache,S029
0.18,0.11,-39.464097101589196,6.80904437310193,52.162981583948245,30.99,3.0,headache,S029
0.34,0.11,-39.47038761427599,7.160781903377823,52.03227568555858,30.99,3.0,headache,S029
-0.57,0.11,-39.355688883349586,6.848537781162597,51.972222749753726,30.99,3.0,headache,S029
-0.37,0.11,-39.77523795404866,7.1549858322207465,52.0222986567187,30.99,3.0,headache,S029
0.15,0.11,-39.303131522026895,6.961298632386239,52.09139118801089,30.99,3.0,headache,S029
0.02,0.11,-39.59960715838738,6.99150642923815,52.05255999021577,30.99,3.0,headache,S029
0.09,0.11,-39.00724294995713,7.216072020970717,52.10845714085009,30.99,3.0,headache,S029
0.1,0.11,-39.050482682833845,7.188829016348267,52.13998712963067,30.99,3.0,headache,S029
0.45,0.11,-39.42304407880544,6.841365826146384,51.93928658736196,30.99,3.0,headache,S029
-0.3,0.11,-38.88841888570129,7.560668884504499,52.18758659010588,30.99,3.0,headache,S029
-0.24,0.11,-39.07599854918003,8.005133227815294,52.328966735127125,30.95,3.0,headache,S029
0.11,0.11,-38.94010151625249,8.058768719091907,52.23913299002184,30.95,3.0,headache,S029
-0.14,0.11,-39.05062371095755,7.5744294083578225,52.18168958105893,30.95,3.0,headache,S029
-0.15,0.11,-38.95518655749612,7.60825298065087,52.464526818902144,30.95,3.0,headache,S029
0.37,0.11,-39.041304879526436,7.436106600250358,52.41553351534069,30.97,3.0,headache,S029
-0.15,0.11,-38.96013082084382,7.356177090259996,52.20220279028774,30.97,3.0,headache,S029
0.39,0.11,-39.041155929282965,7.5917083418850115,52.22163763408314,30.97,3.0,headache,S029
-0.21,0.11,-38.952404446886376,8.076174668099224,52.04251862635353,30.97,3.0,headache,S029
0.22,0.12,-39.01296021046695,7.807576445293812,52.17563912220361,31.01,3.0,headache,S029
-0.4,0.11,-39.16787515725841,7.173023886220642,52.43067186106326,31.01,3.0,headache,S029
-0.24,0.11,-39.0879101857133,7.12377122704696,51.98568725822775,31.01,3.0,headache,S029
0.38,0.12,-39.01339501782047,6.974736913005949,52.173953729351055,31.01,3.0,headache,S029
-0.11,0.11,-38.988505763451656,7.457252070945337,52.51517471084141,30.99,3.0,headache,S029
0.36,0.11,-39.0119416356344,8.056602771405235,52.41881917680928,30.99,3.0,headache,S029
-0.17,0.11,-38.98546063805344,7.937388600903164,52.52411374261142,30.99,3.0,headache,S029
0.08,0.11,-39.019961014247855,8.096385795741726,52.35305349461241,30.99,3.0,headache,S029
-0.32,0.11,-38.96825403695779,7.377139600040167,52.10705736681377,30.99,3.0,headache,S029
-0.17,0.11,-39.078328789097576,6.921223115954081,52.41121894779462,30.99,3.0,headache,S029
0.25,0.11,-39.073658551598555,7.188046030860048,52.51887882831686,30.99,3.0,headache,S029
-0.34,0.11,-39.00370300224241,6.899639677496123,52.290322029994876,30.99,3.0,headache,S029
0.3,0.11,-38.91994113083241,7.505972276326994,52.208199159828794,31.01,3.0,headache,S029
0.18,0.11,-38.93629006547881,7.775639990095894,52.4568748952014,31.01,3.0,headache,S029
-0.47,0.11,-39.1286719132952,6.802186539862077,52.3492627537182,31.01,3.0,headache,S029
0.49,0.11,-39.23830014351546,6.540114376893392,52.24207470644348,31.01,3.0,headache,S029
-0.07,0.11,-39.19633801501493,6.860086391388695,52.099599497140844,30.99,3.0,headache,S029
0.29,0.12,-39.141762187939136,6.894046450535109,52.67621376691607,30.99,3.0,headache,S029
0.09,0.11,-39.14535454050528,6.640326705116625,52.176562882117445,30.99,3.0,headache,S029
-0.24,0.11,-39.134215009143,6.800706025622153,52.49263786721356,30.99,3.0,headache,S029
-0.5,0.11,-39.027083834173865,7.254618417273977,52.36493011109486,30.99,3.0,headache,S029
-0.06,0.11,-38.985704009176665,6.867187942376279,52.42834913612962,30.99,3.0,headache,S029
0.5,0.11,-39.02962067931125,6.971120763534919,52.22006149561041,30.99,3.0,headache,S029
0.01,0.11,-38.90897286463979,7.468525442032728,52.64119364430346,30.99,3.0,headache,S029
-0.46,0.11,-38.93168901255841,7.072142100396088,52.26703975894162,30.99,3.0,headache,S029
0.38,0.11,-39.02417388125474,7.006736834068134,52.241567783857064,30.99,3.0,headache,S029
-0.29,0.11,-38.983683512360194,7.237141309712834,52.67178765003468,30.99,3.0,headache,S029
0.36,0.11,-39.01193839191487,7.560781008622237,52.809966443925276,30.99,3.0,headache,S029
0.16,0.11,-38.78158375647853,7.701588823223943,52.49224543630402,31.01,3.0,headache,S029
-0.07,0.11,-38.71119107681518,7.5725160402970015,52.47787828834511,31.01,3.0,headache,S029
-0.1,0.11,-39.57519730059495,6.629569958972283,52.102412226106395,31.01,3.0,headache,S029
0.13,0.11,-39.2631129041969,7.075182743235952,52.2318436844718,31.01,3.0,headache,S029
-0.66,0.11,-39.08252471124267,6.723038474457286,52.19861620645649,30.99,3.0,headache,S029
-0.03,0.11,-39.36205871591523,6.892789558382445,52.31545554739602,30.99,3.0,headache,S029
0.78,0.11,-39.60284110985925,6.1155644253129395,52.378754612106796,30.99,3.0,headache,S029
-0.12,0.11,-38.99416967777216,7.022080583961081,52.7084193396175,30.99,3.0,headache,S029
-0.36,0.11,-38.987409221862265,6.8099372473578725,52.331632665545,31.01,3.0,headache,S029
0.22,0.11,-38.89327692844024,6.448455716929095,52.27890404909395,31.01,3.0,headache,S029
0.36,0.11,-39.03445234643388,6.593825510758785,52.538437959352756,31.01,3.0,headache,S029
-0.49,0.11,-39.137047087109806,6.504445009963073,52.419220162599,31.01,3.0,headache,S029
0.19,0.11,-39.22387858006946,6.8540981039086155,52.62999896629752,31.01,3.0,headache,S029
0.03,0.11,-39.142210904391426,6.987007677421119,52.36678546481283,31.01,3.0,headache,S029
-0.17,0.11,-38.908731744791595,6.99104220051778,52.44819071117332,31.01,3.0,headache,S029
0.13,0.11,-39.11284786715643,7.626476429808508,52.3369616405853,31.01,3.0,headache,S029
-0.37,0.11,-38.795270813061556,7.690929213948831,52.58052764839919,31.01,3.0,headache,S029
-0.12,0.11,-38.55322090097218,8.143137867504107,52.54580124765297,31.01,3.0,headache,S029
0.25,0.1,-38.92325874687942,7.142027749227611,52.517035280902284,31.01,3.0,headache,S029
-0.31,0.11,-38.985653911806466,7.392966422080276,52.36873046625143,31.01,3.0,headache,S029
0.21,0.11,-38.85026218156909,7.57448547367621,52.695278223383006,30.99,3.0,headache,S029
0.51,0.1,-38.93786358630508,7.3888101095698575,52.244873288158495,30.99,3.0,headache,S029
-0.43,0.11,-39.02832946807583,7.307790902867773,52.414676782096095,30.99,3.0,headache,S029
0.27,0.11,-39.26543535887889,6.775447167053444,52.16990591984414,30.99,3.0,headache,S029
-0.15,0.11,-38.96945443813317,7.188754150083652,52.715666824891485,31.01,3.0,headache,S029
-0.47,0.11,-39.546268621766686,6.337924018778501,52.17772106665162,31.01,3.0,headache,S029
-2.22,0.11,-39.236026236750455,6.396544152506287,52.3274120719643,31.01,3.0,headache,S029
1.49,0.11,-39.14558832760924,5.997555462101576,52.550241555645094,31.01,3.0,headache,S029
1.5,0.11,-39.48309011129526,6.769426769677048,52.1241360040598,31.03,3.0,headache,S029
-0.14,0.11,-38.93945286899807,7.035178816022741,52.66649763489989,31.03,3.0,headache,S029
0.16,0.11,-38.94587540339127,6.98987100040052,52.717852686113865,31.03,3.0,headache,S029
-0.01,0.11,-38.98618344557416,7.006526096155709,52.55978743584524,31.03,3.0,headache,S029
-0.09,0.11,-39.21432369629746,6.9827491717063,52.24115222825031,30.99,3.0,headache,S029
0.81,0.11,-39.181620533696126,7.085077705203237,52.342909029555074,30.99,3.0,headache,S029
-0.62,0.11,-38.81507473282414,7.231826301798837,52.69770376952321,30.99,3.0,headache,S029
-0.62,0.11,-38.70045029967674,6.906004029806062,52.813938956845845,30.99,3.0,headache,S029
0.39,0.11,-38.813502330089115,7.0793646784234605,52.83646088550381,30.99,3.0,headache,S029
0.25,0.11,-38.87381102943859,6.91718727279908,52.849357861850656,30.99,3.0,headache,S029
0.2,0.11,-38.67907869706255,7.108524198546628,52.86382986699757,30.99,3.0,headache,S029
-0.61,0.11,-38.689816337900346,7.236156063887616,52.69173683039638,30.99,3.0,headache,S029
-0.09,0.11,-38.71547383499629,6.967285050270318,52.85409605573395,30.99,3.0,headache,S029
0.45,0.11,-38.63046054123434,6.9262307843559405,52.6379488166276,30.99,3.0,headache,S029
-0.19,0.11,-38.156064165910436,7.369791438971991,52.761204531938475,30.99,3.0,headache,S029
0.46,0.11,-38.064943883940586,7.398353490971203,53.028998588537135,30.99,3.0,headache,S029
-0.36,0.11,-38.38347414958863,7.206524205770069,52.988270276745105,30.99,3.0,headache,S029
-0.11,0.11,-38.23756287564517,6.941221869312371,53.006281087978785,30.99,3.0,headache,S029
-0.18,0.11,-38.071360426816675,7.032363879925582,52.97837046155395,30.99,3.0,headache,S029
0.24,0.11,-38.98244594558207,6.92140337524525,52.43132495819731,30.99,3.0,headache,S029
0.23,0.11,-39.182205302620204,7.319966445479944,52.432498707559425,31.01,3.0,headache,S029
-0.27,0.11,-38.93217158819866,6.974123928292592,52.39096066847196,31.01,3.0,headache,S029
-0.56,0.11,-39.010469428844274,7.058584915077316,52.53485374443257,31.01,3.0,headache,S029
0.22,0.11,-38.86966410219398,7.093955974589881,52.979820810373575,31.01,3.0,headache,S029
-0.11,0.11,-39.00722167297576,6.978154447442592,52.292344848895986,31.01,3.0,headache,S029
0.85,0.11,-39.037474641135674,7.176352552467064,52.525649436305386,31.01,3.0,headache,S029
-0.62,0.11,-38.799675961488994,7.150040133258245,52.84248822366878,31.01,3.0,headache,S029
-0.2,0.11,-38.91969755548398,6.8479777946308,52.514725609146495,31.01,3.0,headache,S029
0.51,0.11,-38.62893854348218,7.702911139286709,52.78362042444089,31.03,3.0,headache,S029
-0.01,0.11,-38.87033070646886,6.9705774572415855,52.34370563336568,31.03,3.0,headache,S029
0.23,0.11,-39.14816067924263,6.473196561716144,52.14150785041999,31.03,3.0,headache,S029
-0.06,0.11,-38.995366228225365,7.071113844827649,52.50290851774439,31.03,3.0,headache,S029
-0.18,0.11,-38.81741281841987,7.08456972570182,52.32618847340665,31.01,3.0,headache,S029
-0.24,0.11,-39.18416546412137,7.306850904945833,52.17487730428454,31.01,3.0,headache,S029
0.24,0.11,-39.500816317979094,6.7060573728899255,52.339765430715886,31.01,3.0,headache,S029
0.1,0.11,-38.70772288531658,6.648584938170668,52.70860997780229,31.01,3.0,headache,S029
-0.37,0.11,-39.118002355933186,6.215040534663532,52.65692657003908,31.01,3.0,headache,S029
-0.02,0.11,-38.9231933485284,6.88094085884767,52.38375519086524,31.01,3.0,headache,S029
0.44,0.11,-39.23100890868224,5.994790017380703,52.23528189935383,31.01,3.0,headache,S029
0.18,0.11,-38.9111702378757,6.5798648548923095,52.46742759261235,31.01,3.0,headache,S029
-0.46,0.11,-38.07932101353774,9.468260681828166,52.83186282785638,30.99,3.0,headache,S029
-0.35,0.11,-37.301131139716226,9.388931296314246,53.101971929716605,30.99,3.0,headache,S029
0.05,0.11,-38.21406222494412,7.592225438108353,52.882877872475184,30.99,3.0,headache,S029
0.02,0.11,-38.32076243996077,7.782348023831466,52.827205051117936,30.99,3.0,headache,S029
0.72,0.11,-38.58690080510394,7.369054358254826,52.68397442461737,30.99,3.0,headache,S029
-0.1,0.11,-38.58465431766259,7.266168612432,52.857414871582456,30.99,3.0,headache,S029
-0.2,0.11,-38.788369665650166,6.92106282653512,52.529817735231184,30.99,3.0,headache,S029
0.22,0.11,-38.77851804516174,7.085707559950645,52.96726716236963,30.99,3.0,headache,S029
-0.48,0.11,-38.51401101102832,7.346383497311441,52.63083592061667,31.01,3.0,headache,S029
-0.05,0.11,-38.501909880280834,7.310281533433266,52.50929543933333,31.01,3.0,headache,S029
0.12,0.11,-38.90399587431856,6.366339115681298,52.751258120662115,31.01,3.0,headache,S029
0.33,0.11,-38.47460331421616,6.915487391369303,52.85832614731353,31.01,3.0,headache,S029
-0.25,0.11,-38.53275107091255,7.659330596725917,52.68646139695094,31.01,3.0,headache,S029
-0.14,0.11,-38.59170851956125,7.545309444046899,52.888251718292544,31.01,3.0,headache,S029
-0.06,0.1,-39.02601641706698,7.5338286996659045,52.37566640915025,31.01,3.0,headache,S029
0.48,0.11,-39.1386360435552,7.1727643134872,52.38340990757098,31.01,3.0,headache,S029
-0.58,0.11,-39.09224048862925,6.89308278171818,52.447404788031875,30.99,3.0,headache,S029
0.32,0.11,-38.88983689511115,7.164134434488048,52.802986549461586,30.99,3.0,headache,S029
-0.07,0.11,-39.173785735432574,6.402673828157768,52.39970013950933,30.99,3.0,headache,S029
0.08,0.11,-39.117273830923,6.690696503827288,52.47524117958106,30.99,3.0,headache,S029
-0.07,0.11,-38.91540415146452,6.698026111941268,52.48013771331475,31.01,3.0,headache,S029
-0.04,0.11,-38.89759582227798,7.043448463038616,52.53390002794507,31.01,3.0,headache,S029
-0.11,0.11,-38.733179267475506,7.21940047443624,52.770628241148415,31.01,3.0,headache,S029
0.44,0.11,-38.50788173032742,6.979298240059924,52.90624813974977,31.01,3.0,headache,S029
0.16,0.1,-38.98882927542551,7.159490854171176,52.498423027398516,31.01,3.0,headache,S029
-0.56,0.11,-38.45762589662518,7.874013761088732,52.78393126628423,31.01,3.0,headache,S029
-0.37,0.11,-37.97035663442384,7.957968754702226,53.03267590817608,31.01,3.0,headache,S029
0.42,0.11,-37.96883546275833,8.077324725962326,52.996540034163736,31.01,3.0,headache,S029
0.1,0.11,-38.234673462813525,7.287503247951883,52.925233540036594,31.03,3.0,headache,S029
0.07,0.11,-38.60780657343599,7.226861535460097,52.505856403193825,31.03,3.0,headache,S029
0.05,0.11,-38.32120386907038,7.36657165345858,53.00940807547485,31.03,3.0,headache,S029
0.22,0.1,-39.36718433373997,6.371663596182553,52.46405369802517,31.03,3.0,headache,S029
-0.69,0.11,-38.95041369418702,7.114630498587853,52.65711023753672,31.01,3.0,headache,S029
0.5,0.11,-38.764411930866515,7.325465671181743,52.47818222588856,31.01,3.0,headache,S029
-0.52,0.11,-38.90730534779747,7.053554914395832,52.71151722444362,31.01,3.0,headache,S029
-0.05,0.11,-39.02477214321611,6.575565589657618,52.56891456712602,31.01,3.0,headache,S029
0.12,0.11,-39.146747497411454,6.678767594805445,52.86248747353008,31.01,3.0,headache,S029
0.21,0.11,-38.78702688858168,7.108184261938899,52.765575326625644,31.01,3.0,headache,S029
0.1,0.11,-38.98586921896886,6.555117567592099,52.72019381785882,31.01,3.0,headache,S029
0.26,0.11,-38.96597674438248,6.631493247941067,52.69393230447363,31.01,3.0,headache,S029
0.09,0.11,-38.93955890096838,7.382166967694222,52.49449105111706,31.01,3.0,headache,S029
-0.22,0.11,-38.750462683270115,7.7774584732465835,52.32199820174882,31.01,3.0,headache,S029
-0.18,0.1,-39.179201076702455,6.894795726269096,52.70614394668485,31.01,3.0,headache,S029
0.1,0.11,-38.717786474314714,6.212812757862469,52.71817008969804,31.01,3.0,headache,S029
-0.6,0.11,-39.076406610649755,6.3951219878584435,52.72576679130215,30.99,3.0,headache,S029
-0.19,0.11,-38.64470066083958,7.266496216016069,52.711454236853115,30.99,3.0,headache,S029
0.53,0.11,-37.61103628290543,8.75021008495765,52.849902783127924,30.99,3.0,headache,S029
0.45,0.11,-37.86909729409519,8.40082800096943,53.02159238797777,30.99,3.0,headache,S029
-0.65,0.11,-38.51309271823003,7.628551191371399,52.75390485485284,30.99,3.0,headache,S029
0.76,0.11,-38.234576455214615,8.11007835579409,52.91688631007293,30.99,3.0,headache,S029
-0.14,0.11,-38.566050964117636,7.8256633442177845,52.54969620111583,30.99,3.0,headache,S029
-0.14,0.11,-38.54971615461376,7.613571889464444,52.72818789051467,30.99,3.0,headache,S029
0.14,0.11,-39.34228258903616,7.3295772692894765,52.58053114604564,31.01,3.0,headache,S029
-0.14,0.11,-38.05525710594333,8.311457193718788,52.84354113126479,31.01,3.0,headache,S029
-0.43,0.11,-38.8111078081966,7.17762825004655,52.36280905233164,31.01,3.0,headache,S029
0.32,0.1,-38.854953380169974,6.457671722358656,52.69949362108,31.01,3.0,headache,S029
0.06,0.11,-38.56797604111246,6.768378573036066,53.03458287657074,31.01,3.0,headache,S029
0.02,0.11,-38.37920190710566,7.353382444839794,52.97802118022631,31.01,3.0,headache,S029
-0.55,0.11,-38.53306673131171,7.029762233803686,53.06624189650749,31.01,3.0,headache,S029
0.43,0.11,-38.86043784705692,6.786896732639576,52.87669445890174,31.01,3.0,headache,S029
0.33,0.13,-38.21902046211841,7.069941311742514,52.949176191404135,31.01,3.0,headache,S029
0.04,0.11,-38.87613887576917,6.994243029444874,52.90611677897812,31.01,3.0,headache,S029
-0.5,0.1,-38.96042590481176,6.568352306258576,52.60511773830578,31.01,3.0,headache,S029
0.34,0.11,-38.93722750261695,7.002039754539036,52.630057128068344,31.01,3.0,headache,S029
-0.09,0.11,-39.08300315993742,6.84431783898334,52.33526854796435,31.03,3.0,headache,S029
0.2,0.11,-38.437689917845745,7.156675202564769,52.56959143236348,31.03,3.0,headache,S029
-0.38,0.11,-39.108775278882284,6.485685499396703,52.65149557830659,31.03,3.0,headache,S029
-0.18,0.11,-38.62726043398648,6.919499806950965,52.818669618716726,31.03,3.0,headache,S029
0.31,0.11,-38.64114537498654,6.861661366519816,52.7276694551654,30.99,3.0,headache,S029
-0.44,0.1,-38.41826906191494,7.050149510777384,53.004704842966966,30.99,3.0,headache,S029
0.02,0.11,-38.18513054372531,7.178747067186522,52.992687429137774,30.99,3.0,headache,S029
1.11,0.11,-38.52173098133638,6.71356678863617,52.5390560697328,30.99,3.0,headache,S029
-0.76,0.11,-38.40092327586443,7.163889803329892,52.81297394386117,31.01,3.0,headache,S029
-0.36,0.11,-38.188642206249035,7.297668683917899,52.99842973854973,31.01,3.0,headache,S029
0.53,0.11,-38.3611530065262,6.96139735700541,52.86573392159166,31.01,3.0,headache,S029
-0.02,0.11,-38.193983967912146,7.71221114618954,53.055994972863246,31.01,3.0,headache,S029
-0.32,0.1,-38.13341795155024,7.5038910494341655,52.995802018654366,31.01,3.0,headache,S029
0.06,0.11,-38.12511251584643,8.031953541292365,52.92154496307552,31.01,3.0,headache,S029
0.13,0.11,-38.741619192744594,6.620108578641013,52.57306878081601,31.01,3.0,headache,S029
-0.19,0.11,-38.05939005243071,7.891389084923624,53.232572163719674,31.01,3.0,headache,S029
0.69,0.11,-38.66753471496173,7.223682284608853,52.536791597844896,30.99,3.0,headache,S029
-0.47,0.11,-39.063738574199775,5.783807023968215,52.48628429761353,30.99,3.0,headache,S029
-0.3,0.13,-38.808638241916285,6.5006254565695185,52.55360846467215,30.99,3.0,headache,S029
-0.01,0.11,-39.04988150534528,5.968720812135622,52.476464582377154,30.99,3.0,headache,S029
0.57,0.11,-38.981566640239514,6.322310340590734,52.87803050812033,31.03,3.0,headache,S029
-0.14,0.11,-39.02269172186128,6.787078032311721,52.9004908791216,31.03,3.0,headache,S029
0.77,0.11,-38.87374796311811,6.837138798322851,52.752962861647546,31.03,3.0,headache,S029
-1.2,0.11,-38.80500265030524,7.5955684775302075,52.9405738132561,31.03,3.0,headache,S029
-0.02,0.11,-39.22857350342424,6.860895100481244,52.633590268669046,31.01,3.0,headache,S029
0.73,0.11,-38.6564846225608,7.00393327094193,52.58121290445212,31.01,3.0,headache,S029
-0.3,0.1,-38.85061044224269,6.659620003158684,52.6612036974951,31.01,3.0,headache,S029
-0.41,0.11,-38.71106639760781,7.176065361875862,52.55938280063298,31.01,3.0,headache,S029
-0.17,0.11,-38.42804713833443,7.802407427622041,52.937585632583634,31.01,3.0,headache,S029
0.69,0.1,-37.80935325323012,9.247484592335601,52.89072516861683,31.01,3.0,headache,S029
-0.17,0.1,-38.36246392527669,8.101466521232647,52.791738149956295,31.01,3.0,headache,S029
-0.33,0.11,-37.935606952375835,8.64172297201375,53.16688178006111,31.01,3.0,headache,S029
0.35,0.11,-38.66593701461132,7.076564835786543,52.51734796721359,31.03,3.0,headache,S029
0.21,0.11,-38.219110920763086,7.4672857294963455,53.21363422385407,31.03,3.0,headache,S029
-0.31,0.11,-39.129456487304715,6.894496681155644,52.52790324712801,31.03,3.0,headache,S029
0.32,0.11,-38.3698755727225,6.875684758914161,52.915126399485686,31.03,3.0,headache,S029
-0.35,0.1,-38.53219573589059,7.559806629010787,52.85466045644451,31.03,3.0,headache,S029
-0.1,0.11,-39.208759794672126,6.24344178960536,52.56481417485962,31.03,3.0,headache,S029
-0.03,0.11,-38.44588159481279,7.607386321694665,52.76822764082055,31.03,3.0,headache,S029
0.44,0.11,-38.88097555898135,6.755685238736486,52.823220034999004,31.03,3.0,headache,S029
-0.34,0.11,-39.19975882032305,6.174732968727779,52.75447390720886,31.01,3.0,headache,S029
0.57,0.11,-38.78297651520734,6.5115133866276285,52.9800033874498,31.01,3.0,headache,S029
-0.52,0.11,-38.76270926674272,6.848644965719585,52.73033789303203,31.01,3.0,headache,S029
0.09,0.11,-38.89282963926292,7.0349624937977815,52.807083863847524,31.01,3.0,headache,S029
0.14,0.11,-38.68494486991357,6.827037141806112,52.86930131255761,31.01,3.0,headache,S029
-0.34,0.1,-38.61822626578135,7.485695566198746,52.70750761436911,31.01,3.0,headache,S029
0.14,0.1,-38.74019119141287,7.52733439234196,52.663875596373735,31.01,3.0,headache,S029
-0.35,0.1,-38.046737108267074,8.770582891616,52.825785238958645,31.01,3.0,headache,S029
0.05,0.11,-38.01657828120348,8.33927179191185,52.74818045758051,31.01,3.0,headache,S029
-0.25,0.11,-38.19799093136551,7.575525585766533,52.86256291201924,31.01,3.0,headache,S029
0.63,0.1,-38.490327440190896,7.369988817541016,52.83517617444523,31.01,3.0,headache,S029
-0.3,0.11,-38.27650200607509,7.620252764987739,52.780326601423134,31.01,3.0,headache,S029
-0.07,0.11,-38.336645513449014,7.786926191602866,52.8495690000336,31.01,3.0,headache,S029
0.68,0.1,-38.66511364593468,7.146933492584666,52.95146813193926,31.01,3.0,headache,S029
-0.21,0.11,-38.78878952617258,7.2792446174380485,52.92953247986281,31.01,3.0,headache,S029
-0.27,0.11,-38.18040404291764,7.671804885633384,52.947233491865724,31.01,3.0,headache,S029
0.04,0.1,-39.0040869801976,6.841136746518524,52.49613176901692,31.03,3.0,headache,S029
0.06,0.1,-38.72146088971694,6.316661939338677,52.85986839837463,31.03,3.0,headache,S029
-0.14,0.11,-39.13749041286475,6.5670420085135754,52.48552171529382,31.03,3.0,headache,S029
0.36,0.11,-38.45191685477019,7.364875618116047,52.8304550411599,31.03,3.0,headache,S029
-0.1,0.1,-38.54209927493719,6.334052439293958,52.95749038924602,31.01,3.0,headache,S029
-0.31,0.11,-38.43676590020586,7.2723904634612735,52.88836876744433,31.01,3.0,headache,S029
-3.34,0.11,-38.50492173783206,6.5417764077696665,52.65633306423337,31.01,3.0,headache,S029
-3.49,0.1,-38.73613601821184,6.891151868812828,52.94036539945599,31.01,3.0,headache,S029
3.95,0.1,-38.85831893767583,6.10792672719408,52.86981831986987,31.01,3.0,headache,S029
3.63,0.11,-38.0469282426643,6.847553411327861,53.17646749208363,31.01,3.0,headache,S029
0.43,0.11,-38.42209303614985,6.977851573348668,53.23124024151991,31.01,3.0,headache,S029
-0.36,0.1,-39.012327952850455,5.712396648989855,52.48415882079324,31.01,3.0,headache,S029
0.3,0.11,-38.07842936397739,6.712303639259884,53.13634453405339,31.03,3.0,headache,S029
-0.73,0.11,-38.119986944782816,7.142776138612058,52.911458254778616,31.03,3.0,headache,S029
-0.3,0.11,-37.946570401866616,6.827538763361182,53.06247422144103,31.03,3.0,headache,S029
0.76,0.1,-38.027384596086144,7.590444806263688,52.95574669103379,31.03,3.0,headache,S029
0.21,0.11,-38.25680527397617,6.680047087791923,53.14202052962808,31.05,3.0,headache,S029
-0.54,0.11,-37.75759866773773,6.878485810183869,53.08324032983355,31.05,3.0,headache,S029
0.23,0.11,-38.35407498236197,6.423262058404217,53.058544089600154,31.05,3.0,headache,S029
0.13,0.11,-37.996458695668295,6.02018956369542,52.986861689316314,31.05,3.0,headache,S029
0.08,0.11,-38.10711520952786,6.924384732591379,52.93089940770137,31.01,3.0,headache,S029
0.8,0.1,-38.339468085165194,6.626276695123221,52.845073264691834,31.01,3.0,headache,S029
-0.87,0.11,-38.489681872190374,6.414080848942927,53.17034525688541,31.01,3.0,headache,S029
-0.16,0.11,-38.96418434263238,5.883866897508319,52.776953490659764,31.01,3.0,headache,S029
-0.71,0.1,-38.09556816307962,7.0657339297122475,52.90304516402303,31.01,3.0,headache,S029
0.69,0.1,-38.893353482213975,6.402852520996811,52.817896165122406,31.01,3.0,headache,S029
0.25,0.11,-38.85882639099513,6.3361435530218015,52.71600124329615,31.01,3.0,headache,S029
-0.31,0.11,-38.96713181687723,6.231813364991047,52.79585418407009,31.01,3.0,headache,S029
-0.2,0.12,-38.39023327433731,6.828303783666621,52.88668030398423,31.01,3.0,headache,S029
0.17,0.11,-38.33335796989141,6.790101319608452,52.82662824840819,31.01,3.0,headache,S029
-0.04,0.11,-38.71655401896256,6.995039964044729,52.838981468379,31.01,3.0,headache,S029
0.32,0.1,-38.51696154148457,6.293375852865157,53.00902064170078,31.01,3.0,headache,S029
-0.64,0.11,-38.6274907641138,6.0683964747331185,52.8885299951834,31.03,3.0,headache,S029
-0.2,0.11,-38.26750972652038,6.982831728279174,52.95166558979819,31.03,3.0,headache,S029
-0.01,0.11,-37.91721548780977,7.403872990613549,53.14239470860176,31.03,3.0,headache,S029
0.86,0.1,-38.052630653371544,6.444502236942764,53.01043555406683,31.03,3.0,headache,S029
-0.77,0.11,-37.93309872665903,6.163527856127238,53.13638964713243,31.05,3.0,headache,S029
0.28,0.11,-38.180270837066956,6.113124111254227,52.959254539580684,31.05,3.0,headache,S029
0.39,0.1,-38.0753131713784,6.950627874389105,53.03057577182837,31.05,3.0,headache,S029
0.11,0.13,-38.05169742636753,6.682189017454032,52.97342752099066,31.05,3.0,headache,S029
0.03,0.11,-37.94761678070909,6.432111632255099,53.02466684776188,31.03,3.0,headache,S029
-0.61,0.1,-38.09167428756713,7.005704952354269,52.97592288572803,31.03,3.0,headache,S029
-0.22,0.11,-38.07968248594389,6.797362340905817,53.02496255728219,31.03,3.0,headache,S029
0.52,0.11,-37.95698206747843,7.128524880647988,52.971134821381625,31.03,3.0,headache,S029
0.02,0.11,-38.32492376675656,6.325214829967809,53.04620700198443,31.03,3.0,headache,S029
-0.02,0.1,-38.18596884496078,6.852768635384859,53.102600867259795,31.03,3.0,headache,S029
-0.02,0.11,-38.25543669980607,6.444288630274908,52.9908245174515,31.03,3.0,headache,S029
-0.29,0.11,-37.97841549438752,6.946973956350712,53.00064622593699,31.03,3.0,headache,S029
0.35,0.1,-38.376296716178544,6.375570413832072,53.001763415954706,31.05,3.0,headache,S029
0.08,0.11,-38.15711807156518,6.888225887186891,52.99945978462983,31.05,3.0,headache,S029
-0.58,0.11,-38.26730956447448,7.050161596141703,52.94787817147666,31.05,3.0,headache,S029
0.42,0.11,-38.8198413005637,6.0623493681394685,53.055833072570046,31.05,3.0,headache,S029
0.09,0.11,-38.9272373965111,5.616281325321603,52.994838062902346,31.03,3.0,headache,S029
-0.07,0.11,-38.597740827065415,6.408154250720636,53.00119648781852,31.03,3.0,headache,S029
-0.06,0.11,-38.53593105810511,7.098871434849695,52.99854745314829,31.03,3.0,headache,S029
0.66,0.1,-38.66193619870584,7.042238425626427,53.00675886544701,31.03,3.0,headache,S029
-0.08,0.11,-38.71998897025352,7.235629132936539,52.9194440016158,31.03,3.0,headache,S029
-0.49,0.11,-39.03892991464584,6.922439049060417,52.72103761730364,31.03,3.0,headache,S029
-1.12,0.1,-38.656609393764136,6.999693456994795,52.97443208999754,31.03,3.0,headache,S029
0.44,0.1,-38.75435196076424,6.856508586945311,53.006226876713335,31.03,3.0,headache,S029
0.69,0.11,-38.22658582955662,7.076413039315852,52.997303274019316,31.03,3.0,headache,S029
0.05,0.11,-38.29242219473134,6.942225913283243,53.00236514627643,31.03,3.0,headache,S029
-0.15,0.1,-38.698576964007756,7.046927778016413,52.993394448466944,31.03,3.0,headache,S029
-0.01,0.11,-38.847742622038794,6.9608380231440075,52.8625251204576,31.03,3.0,headache,S029
0.06,0.11,-38.84315645626131,7.033047903523432,52.88931062814824,31.03,3.0,headache,S029
0.26,0.11,-38.58528908315286,6.972035546505556,53.00405668823632,31.03,3.0,headache,S029
-0.34,0.11,-38.546541285387036,7.023582779638172,52.99948568662865,31.03,3.0,headache,S029
-0.22,0.11,-38.31071364413402,6.980294602427431,52.99948277026722,31.03,3.0,headache,S029
-0.15,0.11,-38.43927912112716,7.016202560270353,53.00102779722288,31.03,3.0,headache,S029
0.58,0.1,-38.38510561822745,6.987017277353453,52.99860580175282,31.03,3.0,headache,S029
-0.2,0.11,-37.92464956522017,7.009977038369889,53.00174682315615,31.03,3.0,headache,S029
-0.12,0.11,-38.253077270986616,6.99286974124115,52.997840981516894,31.03,3.0,headache,S029
0.09,0.11,-38.04324265069302,7.0043946499409255,53.00269557833644,31.05,3.0,headache,S029
0.29,0.11,-38.18743790259431,6.998274880024328,52.99656666529435,31.05,3.0,headache,S029
-0.01,0.11,-38.51776770742185,6.999074226459765,53.00446696944288,31.05,3.0,headache,S029
-0.29,0.1,-38.69878448812819,7.003614504856197,52.99418678028821,31.05,3.0,headache,S029
-0.12,0.11,-38.77515006806874,6.993582226545871,53.005744072807,31.05,3.0,headache,S029
-0.03,0.11,-38.81625394253479,7.009454764068777,52.8344818060847,31.05,3.0,headache,S029
-0.43,0.11,-39.012373345528225,6.987061354556389,52.91598249776517,31.05,3.0,headache,S029
0.7,0.1,-38.58082916993609,7.017318062703492,52.93015920267186,31.05,3.0,headache,S029
0.05,0.11,-38.618778842652105,6.976227957023231,52.79646304666382,31.03,3.0,headache,S029
-0.57,0.11,-38.6890169735299,7.036830484340948,53.038181846978816,31.03,3.0,headache,S029
0.35,0.1,-38.72080955376105,6.893389503995959,52.874839452866844,31.03,3.0,headache,S029
0.31,0.12,-38.46276932948375,6.950791591540947,52.894172056507145,31.03,3.0,headache,S029
-0.5,0.11,-38.60098228284654,7.008524933257862,52.94367765875682,31.05,3.0,headache,S029
0.25,0.11,-38.504671696343735,7.001997208367709,53.03708157220551,31.05,3.0,headache,S029
0.22,0.11,-38.5636452019346,6.993301316165189,52.963816004220796,31.05,3.0,headache,S029
0.07,0.11,-38.39153817646036,6.88869106448218,53.04498943552921,31.05,3.0,headache,S029
-0.64,0.11,-38.44851850452823,6.980168850322314,52.8881580195237,31.05,3.0,headache,S029
0.42,0.1,-38.737786034330576,7.021680517720517,52.95357303485021,31.05,3.0,headache,S029
-0.0,0.1,-38.70422315459236,6.975688033991542,53.007966551003406,31.05,3.0,headache,S029
0.06,0.11,-38.84802539428095,7.027192586520259,53.000844283694974,31.05,3.0,headache,S029
0.05,0.11,-39.05055468767327,6.969603657997059,52.99521950925622,31.05,3.0,headache,S029
-0.05,0.1,-38.94474226284906,7.0345692248165115,53.00703517055761,31.05,3.0,headache,S029
-0.12,0.11,-38.60195040426527,6.839689495134405,52.991541753377625,31.05,3.0,headache,S029
0.09,0.11,-38.5756869440292,7.036972441289377,53.00927711616192,31.05,3.0,headache,S029
-0.41,0.1,-38.445118359365296,6.953686836010006,52.990632807784564,31.03,3.0,headache,S029
0.56,0.11,-38.50665666507965,6.787051805032341,53.008034530683545,31.03,3.0,headache,S029
-0.51,0.11,-38.47277726745874,6.980314287632543,52.997489307792186,31.03,3.0,headache,S029
0.11,0.1,-38.733907293271926,6.941759585153719,52.9719209807547,31.03,3.0,headache,S029
0.1,0.1,-38.68243629451567,6.9001397178154065,52.86804984754729,31.03,3.0,headache,S029
0.06,0.11,-38.8770618205085,7.082176546560124,53.0628042393573,31.03,3.0,headache,S029
0.25,0.11,-38.85996371001815,6.9207876630848055,52.943232221493034,31.03,3.0,headache,S029
-0.04,0.1,-39.045956144657985,7.066440273890644,52.9729929421224,31.03,3.0,headache,S029
-0.64,0.11,-38.65776867015713,7.119287687631711,52.67312104889028,31.03,3.0,headache,S029
0.22,0.11,-38.10330342406536,8.103047157715785,52.85097249444736,31.03,3.0,headache,S029
-0.11,0.1,-38.925976169095144,6.56590833307223,52.650445907973584,31.03,3.0,headache,S029
0.43,0.1,-38.597445726322704,5.871917517001538,52.808295684678114,31.03,3.0,headache,S029
-0.01,0.11,-39.07903428276893,5.8701320839108835,52.579274637292066,31.03,3.0,headache,S029
-0.17,0.11,-39.32391252094365,5.959467999775375,52.515521321238104,31.03,3.0,headache,S029
-0.02,0.1,-38.77960619448663,5.72272538157309,52.85453383018354,31.03,3.0,headache,S029
0.22,0.11,-39.46235144936437,4.788876325653773,52.49212149970644,31.03,3.0,headache,S029
-0.9,0.11,-38.199452790930415,6.797237143932527,52.82059210781956,31.03,3.0,headache,S029
0.44,0.1,-38.656146857730235,6.4102216561508945,52.92623148772056,31.03,3.0,headache,S029
0.45,0.11,-38.452367044102736,6.302825113575385,52.86332939689356,31.03,3.0,headache,S029
0.46,0.11,-38.36165764822413,5.992135409896343,53.03640028753192,31.03,3.0,headache,S029
-0.55,0.1,-38.27657956240171,6.627064486531172,52.96660619179807,31.03,3.0,headache,S029
-0.3,0.1,-38.129200188297666,7.405553261887319,53.04976005949559,31.03,3.0,headache,S029
0.43,0.11,-38.42574267419301,6.237611334547414,52.82529521597637,31.03,3.0,headache,S029
-0.05,0.11,-39.17192808377344,5.377006345089827,52.62154026670686,31.03,3.0,headache,S029
-0.3,0.1,-38.67389481801132,5.520842276238229,52.78929060157924,31.03,3.0,headache,S029
-0.07,0.11,-38.62998572938786,5.749466100185397,52.98088892972287,31.03,3.0,headache,S029
0.35,0.11,-38.023362888306345,6.703484503703829,52.99506372946818,31.03,3.0,headache,S029
-0.18,0.1,-38.760983778870745,6.469007562840178,53.02345502917528,31.03,3.0,headache,S029
-0.27,0.1,-38.777102770688295,6.047365077199885,52.596476947468354,31.03,3.0,headache,S029
0.15,0.11,-38.7183962654276,6.7927297740814465,52.88937988771825,31.03,3.0,headache,S029
0.27,0.11,-38.99366954212448,6.640958404504325,52.738704602403274,31.03,3.0,headache,S029
-0.1,0.1,-39.17073846322185,5.894763945879113,52.82823545221338,31.03,3.0,headache,S029
0.23,0.1,-38.841123663071066,6.159328707956174,52.8279736804748,31.03,3.0,headache,S029
-0.13,0.1,-38.648604651010864,6.913551146201101,52.96866316150079,31.03,3.0,headache,S029
-0.5,0.1,-38.73783783917974,6.4337007358177924,52.93724456456236,31.03,3.0,headache,S029
0.27,0.1,-39.03040487693801,5.940991260230422,52.89819927854984,31.03,3.0,headache,S029
0.16,0.11,-38.66003370675604,5.988605971869061,52.92495323607598,31.01,3.0,headache,S029
0.58,0.11,-38.33280440287802,6.534950053141222,53.01438989117107,31.01,3.0,headache,S029
-0.14,0.1,-38.756043662651244,6.2255304405168586,52.855569627200616,31.01,3.0,headache,S029
-0.03,0.11,-38.959281576729204,5.771692525249274,53.0144275362959,31.01,3.0,headache,S029
-0.62,0.11,-38.676751991235605,6.309768662816761,52.863346550864044,31.05,3.0,headache,S029
0.25,0.1,-38.86127463748257,6.297341976496658,52.813942185582825,31.05,3.0,headache,S029
-0.04,0.1,-38.9321320919589,6.166994877578942,52.80194267006221,31.05,3.0,headache,S029
0.16,0.11,-38.70347153071832,7.164428222902112,52.848907324584175,31.05,3.0,headache,S029
-0.65,0.1,-38.59159963216224,6.975775602693694,53.06089005470472,31.05,3.0,headache,S029
0.68,0.1,-37.91129782218962,7.446978080382258,52.95449383431336,31.05,3.0,headache,S029
-0.93,0.11,-38.54038594131172,6.329850123988069,53.039297182776934,31.05,3.0,headache,S029
0.78,0.11,-38.287815579054815,6.41301218842141,52.96369544707261,31.05,3.0,headache,S029
-0.13,0.1,-38.58668590159173,6.10762387305282,53.03507239850936,31.03,3.0,headache,S029
0.68,0.11,-38.39153791747639,6.459807721784779,52.96475002043439,31.03,3.0,headache,S029
-0.8,0.11,-38.12664993553865,6.533964112945169,53.037112987637784,31.03,3.0,headache,S029
0.58,0.11,-38.39620007820337,6.136536200254244,52.95796927241027,31.03,3.0,headache,S029
-0.92,0.11,-38.524765840058336,6.044671462532371,53.05594873152968,31.05,3.0,headache,S029
0.78,0.11,-38.65067640316515,6.564595560134092,52.8628954734966,31.05,3.0,headache,S029
-0.22,0.11,-39.38208152639422,5.79925751103307,52.29557992703401,31.05,3.0,headache,S029
0.02,0.11,-39.099845050721655,5.693018547995,52.368843845975874,31.05,3.0,headache,S029
-0.38,0.11,-38.996208350728395,5.901946653154368,52.808109571420985,31.05,3.0,headache,S029
0.59,0.11,-39.19689351321669,6.026087150376341,52.845128218060744,31.05,3.0,headache,S029
-0.65,0.1,-38.895530598548724,5.983513060407868,52.893800706598476,31.05,3.0,headache,S029
0.49,0.1,-39.065492407912835,6.015471572304792,53.02298764755512,31.05,3.0,headache,S029
-0.01,0.11,-38.980314974962354,5.856874115678557,52.99942838337745,31.03,3.0,headache,S029
0.35,0.11,-38.71519625790509,6.055023068906689,52.959777233831886,31.03,3.0,headache,S029
-0.22,0.1,-38.220794308239135,6.178871084546016,52.88649297340811,31.03,3.0,headache,S029
0.14,0.11,-38.934031673367905,6.019534054506316,53.03966102617571,31.03,3.0,headache,S029
-0.33,0.11,-38.21661934326317,7.040877775773696,52.971936596828776,31.05,3.0,headache,S029
-0.01,0.1,-37.9661477911981,7.5386482289155,53.02382694708269,31.05,3.0,headache,S029
-0.5,0.1,-38.06230480477799,7.393182758224257,52.9777270225238,31.05,3.0,headache,S029
0.19,0.11,-38.43377798671805,6.942956542142996,53.02221851495493,31.05,3.0,headache,S029
-0.37,0.11,-38.25504645562339,6.994331601118485,52.976068586433584,31.05,3.0,headache,S029
0.76,0.1,-39.06913633405354,5.96254033727289,52.81976098521893,31.05,3.0,headache,S029
-0.04,0.11,-38.39651501171436,5.775632914705581,52.59437431445124,31.05,3.0,headache,S029
0.66,0.11,-38.71700908777002,6.486789702565596,52.84105477057987,31.05,3.0,headache,S029
-0.71,0.1,-38.26699875663235,6.94706340904484,53.00043650178779,31.05,3.0,headache,S029
0.41,0.11,-38.24058437017746,7.312605122807323,53.0281670260472,31.05,3.0,headache,S029
-1.1,0.1,-39.018757376912504,5.046772903849691,52.74668173162037,31.05,3.0,headache,S029
0.74,0.1,-38.86513231533191,5.980287668162173,52.99395258187084,31.05,3.0,headache,S029
0.24,0.1,-38.43458880005046,6.402826050821579,52.78509408535839,31.03,3.0,headache,S029
-0.1,0.11,-38.303821525628415,6.910278077457618,52.85274766272539,31.03,3.0,headache,S029
-0.5,0.11,-38.84196157202228,6.044771001633362,52.82514908491901,31.03,3.0,headache,S029
0.6,0.1,-39.310031986844606,5.623137524349154,52.480897647175674,31.03,3.0,headache,S029
-0.8,0.11,-38.9776244414661,5.4458607712005564,52.90901856525579,31.05,3.0,headache,S029
0.91,0.11,-38.92315854157303,5.8219997271745125,52.97342108108762,31.05,3.0,headache,S029
-0.27,0.1,-38.92390131830196,5.302442221907171,52.77461561375286,31.05,3.0,headache,S029
0.08,0.1,-39.06604538480645,6.305794881338199,52.709309524804816,31.05,3.0,headache,S029
-0.12,0.11,-38.44182928138863,6.312349260263705,53.08041275768965,31.05,3.0,headache,S029
0.54,0.11,-38.59070156726893,6.158609106205903,52.96234469263369,31.05,3.0,headache,S029
-0.3,0.12,-38.66985866334823,5.875127990533495,52.98963681694404,31.05,3.0,headache,S029
-0.01,0.11,-38.55787280467445,7.0741792104625665,52.86497423536319,31.05,3.0,headache,S029
-1.03,0.11,-37.87291782449284,7.186533656414659,52.964266038244034,31.03,3.0,headache,S029
0.61,0.11,-38.26000531193755,7.277866042696441,53.03679647415839,31.03,3.0,headache,S029
-0.47,0.11,-38.146225885287485,7.582160113721223,52.997748840137,31.03,3.0,headache,S029
0.61,0.11,-38.64132271574655,6.911036427256364,52.787859287265924,31.03,3.0,headache,S029
-0.09,0.11,-38.30304272976038,6.337587438150465,53.00725900599682,31.05,3.0,headache,S029
0.12,0.1,-38.533910128950424,7.1495176734201005,52.985195957255236,31.05,3.0,headache,S029
-0.23,0.11,-37.97156683661126,6.083983471160271,52.808582925463355,31.05,3.0,headache,S029
0.62,0.1,-38.919242667580534,6.858055503864502,52.510425185612476,31.05,3.0,headache,S029
-0.49,0.1,-38.84319228883015,6.064467173570676,52.89697639970098,31.03,3.0,headache,S029
0.39,0.1,-39.48469255311577,6.216571440715791,52.353380875886295,31.03,3.0,headache,S029
-0.85,0.1,-39.9216957992299,6.942131839372534,52.21391427278942,31.03,3.0,headache,S029
0.68,0.11,-39.2067073492229,6.50434538333369,52.52810784288327,31.03,3.0,headache,S029
-0.58,0.1,-39.28900580179966,6.037954183440871,52.484247217848115,31.05,3.0,headache,S029
0.62,0.11,-39.42421569708559,5.82633392679066,52.296750006373266,31.05,3.0,headache,S029
-0.69,0.11,-38.7662222737847,6.200131979267582,52.85782519628903,31.05,3.0,headache,S029
1.11,0.1,-39.286131018686234,5.896572193748622,52.35079714694114,31.05,3.0,headache,S029
-1.02,0.11,-38.58053009790315,6.509991732875141,52.87370284947334,31.05,3.0,headache,S029
1.15,0.11,-39.03202354257888,5.841348230522366,52.88625365659052,31.05,3.0,headache,S029
-1.41,0.1,-38.86946765780398,6.210526461298759,53.0831285699528,31.05,3.0,headache,S029
1.36,0.1,-38.71449127103686,6.402536164675583,52.72095316216745,31.05,3.0,headache,S029
