bvp,eda,x,y,z,temperature,pain_scale,pain_type,person_id
26.61,4.0,-2.216383798700745,5.751856924957082,55.93487273891984,4.0,2.0,headache,S067
-2.08,0.0,-24.159818258532827,-21.534134136875963,59.047324235275575,34.41,2.0,headache,S067
4.25,0.47,-20.178753397056468,-16.068947729725984,59.416364932276885,34.41,2.0,headache,S067
21.98,0.56,-22.867093818638306,-19.33162193130544,59.00728850470066,34.41,2.0,headache,S067
91.46,0.56,-20.740238160426266,-16.964409251522486,59.243794786441484,34.41,2.0,headache,S067
152.19,0.56,-21.9599092192856,-19.10764961309612,58.98340247564069,34.41,2.0,headache,S067
-456.11,0.56,-20.98503417316275,-17.8439838327575,59.01975831367502,34.41,2.0,headache,S067
-30.79,0.56,-22.077562996944955,-18.623274093055983,58.98764607894191,34.41,2.0,headache,S067
181.66,0.57,-20.95241236340169,-17.974812507262765,59.0000717750947,34.41,2.0,headache,S067
20.55,0.56,-21.212974346765105,-18.348541829976046,59.35587233715197,34.41,2.0,headache,S067
-6.28,0.56,-20.62423227292121,-18.321965868175827,59.192504498829116,34.41,2.0,headache,S067
2.03,0.56,-21.610636870991502,-18.908943797003413,58.89770010682161,34.41,2.0,headache,S067
33.86,0.56,-20.46811833272551,-18.4798046053471,59.47157437029066,34.41,2.0,headache,S067
-13.09,0.56,-21.43697294937983,-18.652495802483827,59.30689583785295,34.39,2.0,headache,S067
18.56,0.57,-20.91479909725151,-18.457993179267053,59.20493631073201,34.39,2.0,headache,S067
-9.64,0.56,-21.197914837278265,-18.377631959067838,59.26966137955986,34.39,2.0,headache,S067
-3.85,0.56,-20.788440706885606,-17.89908854842178,59.08845284850499,34.39,2.0,headache,S067
-8.69,0.56,-21.216026348445315,-18.349487690129926,59.071035284557695,34.39,2.0,headache,S067
-0.85,0.56,-20.77576838532867,-17.846606374240324,59.17977196446281,34.39,2.0,headache,S067
-3.27,0.56,-21.291842029186352,-18.574649595316384,59.17196139396222,34.39,2.0,headache,S067
7.78,0.56,-20.868940549587943,-17.998183464288477,59.42267295282983,34.39,2.0,headache,S067
-22.66,0.56,-21.16326541524164,-18.448902522990966,59.39100367040388,34.39,2.0,headache,S067
30.75,0.56,-20.8315486372462,-18.072938583234105,59.55359337064898,34.39,2.0,headache,S067
-10.35,0.56,-21.16958411755767,-18.142627818563337,59.1217619773612,34.39,2.0,headache,S067
6.6,0.56,-20.82928663568599,-18.18965281195117,59.19272826537042,34.39,2.0,headache,S067
2.4,0.56,-21.18101715483129,-18.242841046364763,59.30545497973331,34.41,2.0,headache,S067
-19.19,0.56,-21.060906595695357,-18.211641976723772,59.3218081018847,34.41,2.0,headache,S067
15.15,0.56,-21.17748588928745,-17.996487638542227,59.43408133933013,34.41,2.0,headache,S067
-33.16,0.56,-20.83448560206088,-17.83626482026999,59.5562801983773,34.41,2.0,headache,S067
11.09,0.56,-21.163911573955673,-18.10640204500347,59.228085931830364,34.41,2.0,headache,S067
26.34,0.56,-20.83239215592301,-18.013728717518326,59.42230996260928,34.41,2.0,headache,S067
-8.34,0.56,-21.273935760295654,-18.11861677141809,59.32541539230369,34.41,2.0,headache,S067
28.16,0.56,-20.867318708503745,-17.895650437319688,59.58051418995156,34.41,2.0,headache,S067
-18.99,0.56,-21.139147802772662,-18.096985898180137,59.24292354682472,34.41,2.0,headache,S067
11.97,0.56,-20.861648770455226,-17.908707962615278,59.47352417439881,34.41,2.0,headache,S067
4.25,0.56,-21.133198788433333,-18.086156743747495,59.1779778231302,34.41,2.0,headache,S067
-14.1,0.56,-20.88804129516306,-17.918980564798847,59.52968964251757,34.41,2.0,headache,S067
13.13,0.56,-21.26282479488291,-18.075239632667177,59.28544190861803,34.39,2.0,headache,S067
-11.86,0.56,-20.825597792849358,-17.932565291511604,59.45806469307545,34.39,2.0,headache,S067
-5.42,0.56,-21.16700123089292,-18.052841674808224,59.21190680651467,34.39,2.0,headache,S067
11.57,0.56,-20.829682291088563,-18.003501541587077,59.45003351469745,34.39,2.0,headache,S067
-16.1,0.56,-21.203107506413158,-18.31001373751186,59.22813924289365,34.41,2.0,headache,S067
0.96,0.56,-20.95673607784712,-17.830370856185237,59.449734573348685,34.41,2.0,headache,S067
-5.66,0.56,-21.11573399951234,-18.312839347975984,59.37700148725258,34.41,2.0,headache,S067
-15.3,0.56,-21.025488300238315,-17.773067897574876,59.213241371463674,34.41,2.0,headache,S067
8.29,0.56,-21.059769694960472,-18.005680570487584,59.26953351045444,34.39,2.0,headache,S067
-15.79,0.56,-21.047951921902303,-18.062029124075803,59.23073980484455,34.39,2.0,headache,S067
4.51,0.56,-21.159954125488607,-17.920233598466233,59.27465269177174,34.39,2.0,headache,S067
10.91,0.56,-20.482362819789547,-18.111441217134,59.57787314956091,34.39,2.0,headache,S067
-20.01,0.56,-21.30846432224453,-18.045172918416522,59.41713919896936,34.41,2.0,headache,S067
19.78,0.56,-20.884876130446656,-17.960816482522933,59.67202836666569,34.41,2.0,headache,S067
-5.96,0.55,-21.18620124677667,-18.03237802206419,59.49390461061356,34.41,2.0,headache,S067
1.62,0.56,-20.818229984719473,-17.982645983901126,59.44516784668419,34.41,2.0,headache,S067
17.59,0.56,-20.996700851740155,-17.91471757030628,59.59976800822797,34.39,2.0,headache,S067
-18.98,0.55,-20.726252683193675,-18.191739232587995,59.5212070253391,34.39,2.0,headache,S067
15.54,0.56,-21.082880028128674,-18.201022164766005,59.20353900417813,34.39,2.0,headache,S067
6.14,0.55,-20.810027021175852,-17.90244294763843,59.26713491658553,34.39,2.0,headache,S067
-14.07,0.56,-21.197116704445083,-18.082851842824738,59.3284563329128,34.39,2.0,headache,S067
20.31,0.56,-20.7988524450363,-17.922725434325173,59.18401828106034,34.39,2.0,headache,S067
-7.45,0.55,-21.204847906922765,-18.075242191117802,59.154125680252214,34.39,2.0,headache,S067
-2.29,0.56,-20.79123872018285,-17.92434967691005,59.16306343416447,34.39,2.0,headache,S067
11.7,0.56,-21.2130666646877,-18.079067289011157,59.38725028047713,34.41,2.0,headache,S067
-20.01,0.55,-20.782145522661057,-17.910227115564016,59.51242794332279,34.41,2.0,headache,S067
5.84,0.56,-21.223193047042535,-18.161623905543287,59.340736388110415,34.41,2.0,headache,S067
-10.47,0.56,-20.7708498750852,-17.995029772969442,59.322981850216784,34.41,2.0,headache,S067
-3.26,0.55,-21.23580195303877,-18.040123362818363,59.60672490167402,34.37,2.0,headache,S067
13.93,0.56,-20.756761848078515,-17.954272981308325,59.49777254408652,34.37,2.0,headache,S067
-21.39,0.56,-21.251563623588805,-18.157707512292742,59.09585466167647,34.37,2.0,headache,S067
19.75,0.55,-20.739110177114256,-17.80791221428885,59.25483442929963,34.37,2.0,headache,S067
5.39,0.56,-21.271234157007324,-18.112924053845862,59.21831291270287,34.39,2.0,headache,S067
-15.08,0.56,-20.590986905560296,-17.879905135806563,59.60582063991133,34.39,2.0,headache,S067
25.39,0.56,-21.298583839950158,-18.21575159396805,59.13958381154166,34.39,2.0,headache,S067
-19.58,0.56,-20.685665566272533,-17.92539907732011,59.46002513347842,34.39,2.0,headache,S067
8.85,0.56,-21.332987484130857,-18.107218464956805,59.43447104335771,34.37,2.0,headache,S067
3.2,0.56,-20.64494390721735,-17.87158042897508,59.51680555615705,34.37,2.0,headache,S067
-34.42,0.56,-21.381041363534518,-18.1514054670071,59.45350758211296,34.37,2.0,headache,S067
24.74,0.55,-20.595303403564508,-17.819990739085682,59.42811078721967,34.37,2.0,headache,S067
18.91,0.56,-22.087216510463335,-18.218191488336256,58.99196556667567,34.39,2.0,headache,S067
-14.61,0.56,-21.119162629691907,-17.727063024293926,59.04545546501218,34.39,2.0,headache,S067
17.98,0.56,-22.30663839508715,-18.362966603267076,59.1621919445567,34.39,2.0,headache,S067
-25.45,0.56,-21.48256871371457,-17.27175209602888,59.144914139067126,34.39,2.0,headache,S067
9.59,0.56,-22.20527291702667,-18.36842139053769,58.92854415858823,34.41,2.0,headache,S067
10.61,0.55,-21.05572875626871,-17.16125694536281,59.74551815824333,34.41,2.0,headache,S067
-5.8,0.55,-22.55321525667695,-22.955757100258072,62.72832279837584,34.41,2.0,headache,S067
0.89,0.55,8.560643761161964,-20.35371905981615,54.81296006607215,34.41,2.0,headache,S067
13.49,0.56,8.89924572808759,-11.781366570012697,64.62272573806591,34.39,2.0,headache,S067
47.77,0.56,1.083707188007537,-4.878711518428834,65.06769373784199,34.39,2.0,headache,S067
193.23,0.56,5.955961839307622,-0.1892433304451167,64.64335439699755,34.39,2.0,headache,S067
-161.28,0.57,5.865582859399435,-3.666024752437224,64.17842718833771,34.39,2.0,headache,S067
-52.92,0.57,9.410169633831025,-2.380445422946249,63.86908603529589,34.39,2.0,headache,S067
51.91,0.56,8.504925333542646,-3.826234530950798,63.45276170774026,34.39,2.0,headache,S067
-141.3,0.57,10.401783687153726,-2.6732753623310557,63.84285174757238,34.39,2.0,headache,S067
70.63,0.58,14.219847461328918,-2.2135321610804253,62.57429068604301,34.39,2.0,headache,S067
19.25,0.56,14.81341592506751,-0.7422947954098501,63.10259465469131,34.39,2.0,headache,S067
-17.58,0.57,14.256441998315701,-2.6878455984375944,63.04392494801657,34.39,2.0,headache,S067
-89.8,0.56,13.97069978364933,-0.8124768961637314,62.74589913968173,34.39,2.0,headache,S067
-31.1,0.56,13.59588242017711,-1.8405978291206295,62.67786192204736,34.39,2.0,headache,S067
33.3,0.57,14.070512460589466,-1.1956090563333792,62.95904346654378,34.37,2.0,headache,S067
56.59,0.56,12.600166813456378,-2.185365131369304,63.215460256349424,34.37,2.0,headache,S067
-34.73,0.56,13.846602918835782,-1.5626709712929716,63.444700556247646,34.37,2.0,headache,S067
5.78,0.56,12.797337928408266,-2.4911832039883848,62.956811354821255,34.37,2.0,headache,S067
-3.46,0.56,13.326409088995145,-1.557360935340642,63.01423463492628,34.39,2.0,headache,S067
-32.57,0.57,12.340029371418298,-3.281696077855129,63.13736013804843,34.39,2.0,headache,S067
3.85,0.57,12.411984790370225,-1.7979547774255702,63.006693750654776,34.39,2.0,headache,S067
14.07,0.56,12.481973555621845,-3.0907199961965803,63.49336486403196,34.39,2.0,headache,S067
-14.49,0.57,12.88612488109745,-1.63137289550254,62.848365059541614,34.39,2.0,headache,S067
11.27,0.57,12.768811389027606,-3.0454323785931505,63.30904024262886,34.39,2.0,headache,S067
7.97,0.57,13.132028557618868,-0.9677817682718252,62.86257643767296,34.39,2.0,headache,S067
-9.5,0.57,12.534606348947118,-4.455150955463085,63.74659861837825,34.39,2.0,headache,S067
1.56,0.57,13.881433733819678,6.682637303308371,60.508841687187974,34.41,2.0,headache,S067
10.24,0.57,7.461900603033622,-2.460523071839625,63.638350621109005,34.41,2.0,headache,S067
-7.06,0.57,-10.582441192193304,-17.31865687749084,64.85682855045447,34.41,2.0,headache,S067
16.23,0.57,-11.047836380328807,3.096156837140375,66.30707183066029,34.41,2.0,headache,S067
19.78,0.57,-19.018207758161097,2.4676269024588824,61.754884412856235,34.39,2.0,headache,S067
-91.3,0.58,-12.798487171952402,4.312088579832801,64.09053923723073,34.39,2.0,headache,S067
239.13,0.58,-14.994268742114468,3.988497223179858,63.25397231773958,34.39,2.0,headache,S067
-163.36,0.58,-12.95188173684217,4.26754981321266,63.56768745836036,34.39,2.0,headache,S067
-233.81,0.58,-15.700077333459161,3.202246343871317,62.77577374138683,34.37,2.0,headache,S067
58.23,0.58,-11.11577861982964,5.21007862107067,65.3010697892921,34.37,2.0,headache,S067
118.43,0.59,-16.16298401684344,3.523014796276673,62.492573235357945,34.37,2.0,headache,S067
79.01,0.59,-15.684800109763717,-4.7474836645702725,61.66483269803909,34.37,2.0,headache,S067
25.75,0.59,-20.242063749458914,0.08404129877669428,61.04239333267377,34.39,2.0,headache,S067
93.43,0.59,-29.615866036264347,4.480267238602437,58.92144212338065,34.39,2.0,headache,S067
89.0,0.59,-26.16122767128749,3.207246856964952,59.88688150852296,34.39,2.0,headache,S067
38.77,0.59,-24.24652645428736,2.3052738223744735,60.37603596342761,34.39,2.0,headache,S067
-173.69,0.59,-15.898713878637952,0.25275389078259647,63.29406770485603,34.39,2.0,headache,S067
-394.96,0.59,-26.33390681509607,4.094787594474012,59.33965707892577,34.39,2.0,headache,S067
194.75,0.59,-27.1801087520555,2.433490861211636,59.296073702164016,34.39,2.0,headache,S067
310.74,0.59,-27.65793201988693,3.521627315786189,58.76539110946811,34.39,2.0,headache,S067
66.6,0.59,-26.92159794725354,2.534355797670341,59.31039083859919,34.34,2.0,headache,S067
-525.96,0.59,-27.746456322163628,3.421072095200585,59.04903915931466,34.34,2.0,headache,S067
118.98,0.59,-26.991701416380348,2.614354014382226,59.21217029179728,34.34,2.0,headache,S067
152.14,0.59,-27.82445295423096,3.3565489076716073,59.18434313036418,34.34,2.0,headache,S067
6.93,0.59,-26.934836197692128,2.669817473348458,59.619551734303556,34.33,2.0,headache,S067
4.49,0.59,-27.476142456332926,3.165962213280095,58.91814185075622,34.33,2.0,headache,S067
-16.55,0.59,-27.680972450090916,2.9465352623382013,59.142329068736856,34.33,2.0,headache,S067
9.32,0.59,-28.756932206381936,4.499174421678166,58.775202192551305,34.33,2.0,headache,S067
-9.07,0.6,-27.42868822426314,2.4040912413953652,59.06372693943527,34.34,2.0,headache,S067
-10.44,0.59,-28.096301187940735,3.4404405263562534,58.89865418227434,34.34,2.0,headache,S067
-8.54,0.6,-28.207785776562016,2.634371617101445,59.15161251905054,34.34,2.0,headache,S067
-11.29,0.6,-27.769404966679794,3.1293281164316795,59.01878925520297,34.34,2.0,headache,S067
59.58,0.6,-27.850999879646146,3.216313824666278,59.043069182346706,34.37,2.0,headache,S067
11.95,0.6,-27.3802352283893,2.9369159372647156,58.95429199192785,34.37,2.0,headache,S067
-22.94,0.6,-27.721548924738467,2.8352337836891475,59.27237224255311,34.37,2.0,headache,S067
-8.5,0.59,-28.339024046547916,2.9782109030469073,58.997475522301485,34.37,2.0,headache,S067
-2.04,0.6,-27.724840521099857,3.5076201219319847,58.93956967221827,34.34,2.0,headache,S067
-4.7,0.6,-28.64482767821016,3.2448682804057434,58.905307478268895,34.34,2.0,headache,S067
0.6,0.6,-28.056334028132728,2.6147659863410975,59.055433489077615,34.34,2.0,headache,S067
-15.85,0.6,-28.131898402391087,2.2350595357583902,58.96203092131353,34.34,2.0,headache,S067
-13.53,0.6,-28.41991671152523,2.1937522854697185,58.92161434814314,34.37,2.0,headache,S067
30.21,0.6,-28.85277014967462,2.7177116541801922,58.78479762882739,34.37,2.0,headache,S067
21.09,0.6,-28.200973705256335,2.578675234445494,58.814206140258996,34.37,2.0,headache,S067
-8.92,0.6,-28.01492894335328,1.9054765217974108,59.184431267750305,34.37,2.0,headache,S067
-7.5,0.6,-27.899821707203802,2.0136728077946295,59.09339571973323,34.39,2.0,headache,S067
-13.02,0.6,-28.198041489619573,2.2197856515120953,58.9404463247417,34.39,2.0,headache,S067
12.58,0.6,-27.950601998436014,1.8396013562369762,59.0469790634889,34.39,2.0,headache,S067
17.08,0.6,-28.151897096850085,2.194648023497248,58.961089554846836,34.39,2.0,headache,S067
-12.66,0.6,-27.99909279941729,2.1288371096407808,59.032403955615784,34.34,2.0,headache,S067
-5.89,0.6,-28.070594265706923,2.086416784339863,58.9735765319608,34.34,2.0,headache,S067
-9.09,0.6,-27.919199580969,2.1774743112939836,59.020373859767545,34.34,2.0,headache,S067
1.63,0.6,-28.085179828625396,2.1880740493598143,58.98634735339828,34.34,2.0,headache,S067
-2.89,0.6,-27.90686336145987,2.8164569705013456,59.00517213129007,34.34,2.0,headache,S067
-5.94,0.6,-28.193181345872855,2.7046315022125276,59.00841079699771,34.34,2.0,headache,S067
7.83,0.6,-28.408222205012684,2.5473252171770513,58.94873368645142,34.34,2.0,headache,S067
-7.88,0.6,-28.442997948575634,2.3560642778709937,58.899739721648324,34.34,2.0,headache,S067
11.62,0.6,-28.33329725639015,2.2331546531649478,59.024026806619034,34.34,2.0,headache,S067
-10.76,0.6,-28.30973547575711,2.8473935701820405,58.99580741853269,34.34,2.0,headache,S067
5.97,0.6,-28.288943106796985,2.314164299822583,58.98735377469373,34.34,2.0,headache,S067
-1.78,0.6,-28.31447965279871,2.8781976220321868,59.03695553850633,34.34,2.0,headache,S067
-2.51,0.6,-28.12264150603422,2.5222387181085066,58.89214213059642,34.34,2.0,headache,S067
11.12,0.6,-28.6232699696915,2.077394392171709,58.964753790562035,34.34,2.0,headache,S067
-9.36,0.6,-28.059478760884993,3.0830432361678484,59.10108248346872,34.34,2.0,headache,S067
11.12,0.6,-28.888768339088873,1.7659400260710698,58.94177339438285,34.34,2.0,headache,S067
0.63,0.6,-26.671331764859563,3.009576387893127,59.86132661578887,34.34,2.0,headache,S067
-8.06,0.6,-24.859031735493442,3.493547978824967,60.22610290123504,34.34,2.0,headache,S067
16.0,0.6,-26.053502836203073,2.5309614799891498,59.83449083400679,34.34,2.0,headache,S067
-5.75,0.6,-27.970083138673633,2.0266011434414533,59.95111099141458,34.34,2.0,headache,S067
3.82,0.6,-19.85842591329845,3.0721855436958045,61.99117352919392,34.34,2.0,headache,S067
-3.24,0.6,-5.468873151167217,-2.4766236672655193,64.48949231690924,34.34,2.0,headache,S067
10.6,0.6,-15.317918106031923,-3.5780219344557835,64.1750814373278,34.34,2.0,headache,S067
20.17,0.6,-22.671492869135026,1.33862763283623,61.828039471173796,34.34,2.0,headache,S067
40.9,0.6,-26.777285872278892,-1.2630034717576482,59.30673619821899,34.34,2.0,headache,S067
-177.97,0.6,-23.705933778590172,4.872602253891797,60.100290954110314,34.34,2.0,headache,S067
-85.63,0.6,-21.009237676997216,-0.9465361306174013,62.05860052639844,34.34,2.0,headache,S067
177.72,0.6,-22.05146537706736,5.075373225713537,60.46897782357084,34.34,2.0,headache,S067
18.01,0.6,-19.877114403912223,5.758647185026562,61.69866422058493,34.37,2.0,headache,S067
-53.78,0.6,-23.350548736017284,2.5015000578628137,60.304232012527734,34.37,2.0,headache,S067
86.54,0.6,-24.079931363187825,3.5031573699513117,61.46059044760103,34.37,2.0,headache,S067
32.06,0.6,-24.2150727283032,-0.07952910495812789,60.790352314950866,34.37,2.0,headache,S067
42.1,0.6,-25.596812622931875,1.2357397234419376,60.18077135499837,34.37,2.0,headache,S067
-85.03,0.6,-27.290403993628942,-1.332384044693006,59.32562263821123,34.37,2.0,headache,S067
13.18,0.6,-26.543926357034177,6.784953018531447,59.4332894528652,34.37,2.0,headache,S067
0.44,0.6,-28.62563036082902,2.906433678983422,58.94235383829645,34.37,2.0,headache,S067
-25.58,0.6,-26.559089133566655,1.4595265562298316,59.83518630097362,34.39,2.0,headache,S067
-28.31,0.6,-27.31443278712916,5.386356571393885,59.397261932441424,34.39,2.0,headache,S067
-16.45,0.6,-27.708754767319952,3.659469271568618,59.24054255049179,34.39,2.0,headache,S067
48.31,0.6,-26.998844714658734,5.5357509563151615,59.34887505212727,34.39,2.0,headache,S067
-41.23,0.6,-28.448000569252223,4.373605638479401,58.98770442023937,34.34,2.0,headache,S067
-16.03,0.6,-28.439581750748783,3.353390224114758,58.51648308849208,34.34,2.0,headache,S067
-1.87,0.6,-27.91399072166861,3.783859311254564,59.11099222867277,34.34,2.0,headache,S067
30.52,0.6,-28.82350472322304,4.216870783900137,58.93651401071553,34.34,2.0,headache,S067
44.27,0.6,-28.399036166399895,4.331861474929024,58.77809516373153,34.37,2.0,headache,S067
-24.27,0.6,-29.09764395497583,4.4332019901384045,58.15403847329632,34.37,2.0,headache,S067
5.56,0.6,-28.91011963178739,3.8233912264924172,58.53364464775661,34.37,2.0,headache,S067
10.63,0.6,-29.079608596069427,4.2573053863383565,58.455070426150215,34.37,2.0,headache,S067
-16.21,0.6,-28.92903240377408,3.7922600719490416,58.554166139276504,34.37,2.0,headache,S067
7.49,0.6,-29.06312218673161,4.1625757023222105,58.49635951990957,34.37,2.0,headache,S067
-8.93,0.6,-28.944804732196026,4.408102213035307,58.58259963359164,34.37,2.0,headache,S067
-1.47,0.6,-29.04609491797461,4.233379823052331,58.76070151804749,34.37,2.0,headache,S067
5.98,0.6,-28.96643690374216,3.9099017746550055,58.93896645004759,34.34,2.0,headache,S067
-13.08,0.6,-29.00852020972698,4.394316005641011,58.82717012877108,34.34,2.0,headache,S067
9.19,0.6,-28.75377691620227,4.316170419407165,58.75038733394923,34.34,2.0,headache,S067
-9.32,0.6,-29.202969028376778,4.550289064299746,58.39055707172205,34.34,2.0,headache,S067
-9.68,0.6,-28.977356272064135,3.5845383229454173,58.67468241639746,34.37,2.0,headache,S067
9.93,0.6,-29.399965899847345,4.338432703770434,58.028910552373375,34.37,2.0,headache,S067
-21.19,0.6,-29.243653340194594,4.018180171805798,58.04580003298302,34.37,2.0,headache,S067
10.79,0.6,-29.02724291100723,4.103874986438601,58.36823611481723,34.37,2.0,headache,S067
22.16,0.6,-29.49780979247112,3.929497872317735,58.26029632945529,34.37,2.0,headache,S067
-6.1,0.6,-29.873080028656986,4.386156300267418,57.94008792651804,34.37,2.0,headache,S067
2.41,0.6,-29.782778596654886,4.06014994958424,58.048113431395734,34.37,2.0,headache,S067
-17.82,0.61,-29.939662433841594,4.092631993807756,57.98126662750024,34.37,2.0,headache,S067
5.36,0.61,-29.528012074399577,4.345312237152213,58.15918834267445,34.37,2.0,headache,S067
5.66,0.6,-29.871380545383996,4.341163053663115,57.973193565953295,34.37,2.0,headache,S067
-9.74,0.6,-29.297296409971132,4.672880968750685,58.457817872876575,34.37,2.0,headache,S067
4.98,0.6,-30.087053655104626,4.790802676373845,57.97231260312388,34.37,2.0,headache,S067
-12.26,0.6,-29.507415587281688,4.068332968675251,58.39122184401083,34.37,2.0,headache,S067
3.38,0.6,-29.986885108748545,4.436973288172093,58.171703031499625,34.37,2.0,headache,S067
1.08,0.6,-29.877009059065944,4.142246873436041,58.06168622393882,34.37,2.0,headache,S067
-4.57,0.6,-29.55844620369329,5.374854249878444,58.30257695283999,34.37,2.0,headache,S067
21.39,0.61,-29.428166617861915,3.496726710762577,58.335708936089944,34.37,2.0,headache,S067
-9.81,0.6,-29.6386385431711,3.922246488734856,58.05202486367863,34.37,2.0,headache,S067
-0.89,0.61,-29.47788244297197,4.822739569996492,58.162845314346406,34.37,2.0,headache,S067
-2.31,0.61,-29.581391180279773,4.141209171483548,57.9243723426271,34.37,2.0,headache,S067
5.44,0.6,-29.356444752501734,4.009980512556651,58.06159835026269,34.37,2.0,headache,S067
8.64,0.61,-29.742146447002114,4.130911286953545,57.95397191760925,34.37,2.0,headache,S067
-13.89,0.61,-29.579389730008113,4.651650859508798,58.18397232478879,34.37,2.0,headache,S067
-4.6,0.6,-30.24331104989605,4.273041490600702,57.92424115495269,34.37,2.0,headache,S067
8.65,0.61,-29.485103437239204,4.955223146185027,58.065826137274215,34.34,2.0,headache,S067
-8.86,0.61,-30.202110731887483,4.306954379760676,57.94502883926067,34.34,2.0,headache,S067
8.3,0.6,-29.27247736320101,3.081646295304544,58.20543321996268,34.34,2.0,headache,S067
2.11,0.61,-29.768688549342844,5.21336800989923,58.04050173980391,34.34,2.0,headache,S067
-7.57,0.61,-29.76470601912497,3.9875921489552653,58.066619273893785,34.34,2.0,headache,S067
10.03,0.6,-29.442013644203183,4.138205834132635,58.07253662309046,34.34,2.0,headache,S067
-8.78,0.61,-29.82784223877445,3.847466994397079,58.03275083358892,34.34,2.0,headache,S067
6.45,0.61,-29.422201360889943,4.160118644935968,58.1760598838701,34.34,2.0,headache,S067
0.07,0.61,-29.909278569100614,3.822315827158348,58.086998528126266,34.37,2.0,headache,S067
-11.29,0.61,-30.056614564767397,4.300247225389179,57.94048446762737,34.37,2.0,headache,S067
17.91,0.61,-29.947476160833347,4.03127521247781,58.05105941412917,34.37,2.0,headache,S067
-14.4,0.6,-30.052521648446994,4.182916919355047,57.96185283444761,34.37,2.0,headache,S067
6.72,0.61,-29.945912579742227,3.998568804985944,58.178386220323986,34.39,2.0,headache,S067
9.98,0.61,-30.057299910002005,4.147364467185985,57.92709063167366,34.39,2.0,headache,S067
-14.07,0.6,-29.936089108694077,3.977061245840547,58.06760845703896,34.39,2.0,headache,S067
13.53,0.61,-30.08158111387947,4.63237562826641,57.92825570384566,34.39,2.0,headache,S067
-10.92,0.61,-29.799417548325,3.6528153010325397,58.11772842568946,34.37,2.0,headache,S067
0.56,0.6,-29.604708058829864,4.103323899704262,58.157666514753856,34.37,2.0,headache,S067
15.07,0.61,-29.772283383351922,3.886964938845785,58.01885102819369,34.37,2.0,headache,S067
-17.55,0.61,-29.787879640911786,4.245429484468523,58.07280623612622,34.37,2.0,headache,S067
3.06,0.61,-29.983061301021074,3.872688932254259,58.076346222239756,34.39,2.0,headache,S067
7.27,0.61,-30.008901127244027,4.131743987040898,57.9435914137872,34.39,2.0,headache,S067
-15.52,0.61,-29.995985401856707,3.860705923112822,58.0494503945541,34.39,2.0,headache,S067
13.27,0.61,-29.99465688170106,4.619556757210277,57.95628746701106,34.39,2.0,headache,S067
9.71,0.61,-30.027306448935086,3.8777392815197214,58.034746200961564,34.37,2.0,headache,S067
-15.88,0.61,-29.87306671261982,4.205766170684798,58.0001552641442,34.37,2.0,headache,S067
14.09,0.61,-29.69229866565277,4.559998239054645,58.26634496725467,34.37,2.0,headache,S067
-1.83,0.61,-29.88353557720301,4.1477357307318785,57.94226517999291,34.37,2.0,headache,S067
-11.86,0.61,-29.8566575247027,4.138281738149063,58.04661297022121,34.37,2.0,headache,S067
13.17,0.61,-30.089824770931834,4.062387312158248,58.041168136046025,34.37,2.0,headache,S067
-12.71,0.61,-29.841818634307984,3.911929573654035,58.19523868221931,34.37,2.0,headache,S067
-5.19,0.61,-29.96839097489106,4.105213558913848,57.984980358532034,34.37,2.0,headache,S067
27.65,0.61,-29.71560238941435,3.873019187847059,58.16935246637625,34.37,2.0,headache,S067
-23.53,0.61,-29.79096471318816,4.196704971312025,57.93331470851593,34.37,2.0,headache,S067
-10.8,0.61,-29.74893849264988,4.068793676472334,58.06232717364482,34.37,2.0,headache,S067
19.51,0.61,-29.629929763613045,4.1732622945550135,57.93039200415964,34.37,2.0,headache,S067
-14.7,0.61,-29.76316719841188,4.114204695068267,58.26239919557312,34.37,2.0,headache,S067
7.85,0.61,-30.011580592332695,4.063683713771701,58.054096272650405,34.37,2.0,headache,S067
13.05,0.61,-29.749638147207197,3.9939862811662765,58.10999356895152,34.37,2.0,headache,S067
-15.72,0.61,-29.673020395027702,3.867761045559323,58.03094305252719,34.37,2.0,headache,S067
15.89,0.61,-30.003259638254804,3.835120309510855,58.10767399651884,34.37,2.0,headache,S067
7.94,0.61,-29.988645156599066,4.1968220086249,58.092802398626596,34.37,2.0,headache,S067
-13.19,0.61,-29.769439699575802,3.9051210867428234,58.19428283649675,34.37,2.0,headache,S067
11.36,0.61,-30.005831141650468,4.366036748894929,57.87260898524956,34.37,2.0,headache,S067
-24.02,0.61,-29.86562726854383,3.886431966466033,58.1028268456292,34.39,2.0,headache,S067
-34.49,0.61,-30.10350620437578,4.2391494183201806,57.91942099178876,34.39,2.0,headache,S067
20.85,0.6,-30.205482056625563,4.35480458344635,58.087199168438374,34.39,2.0,headache,S067
-9.67,0.61,-30.374608871339603,3.9833709066352965,57.89176401135782,34.39,2.0,headache,S067
37.88,0.61,-30.010601127733672,4.082309685157561,58.356761943857556,34.37,2.0,headache,S067
88.06,0.61,-30.008311497017374,3.315439513532022,58.257964411262954,34.37,2.0,headache,S067
-54.47,0.61,-29.485964154962517,2.873458926409627,58.49198048174045,34.37,2.0,headache,S067
-20.12,0.61,-29.00509955388664,2.585957958593481,58.19558380093043,34.37,2.0,headache,S067
1.9,0.61,-29.515787489401482,4.12107141887981,58.40955688488365,34.39,2.0,headache,S067
-3.13,0.61,-29.88353394145557,4.588290066822264,58.062311687117486,34.39,2.0,headache,S067
44.9,0.61,-29.75460263761968,4.651547321750098,58.230454415282296,34.39,2.0,headache,S067
-40.69,0.61,-30.17922289231232,4.408347289055436,57.8734297452492,34.39,2.0,headache,S067
-32.22,0.61,-29.612716543604993,3.9347701162243127,58.27177476678434,34.37,2.0,headache,S067
8.43,0.61,-29.73344160555523,4.1790129982100135,58.1206775515525,34.37,2.0,headache,S067
-12.68,0.61,-29.738190647217323,4.482905512992026,58.14196210922227,34.37,2.0,headache,S067
8.56,0.61,-29.61303215128567,4.200691614406323,58.07084609204018,34.37,2.0,headache,S067
12.56,0.61,-29.90724255955973,4.134463923845318,58.11700230459262,34.39,2.0,headache,S067
-15.18,0.61,-29.960390145927175,4.523477749270142,58.03623121507389,34.39,2.0,headache,S067
6.61,0.61,-29.953716977314297,3.9373535494287184,58.09080354569234,34.39,2.0,headache,S067
6.52,0.61,-29.755785191971995,4.168498382896396,58.02770481820658,34.39,2.0,headache,S067
-19.26,0.62,-29.698191132904896,3.7938026665766222,58.108478559223784,34.37,2.0,headache,S067
12.51,0.61,-29.87797213525508,4.179089410173111,57.90273786336575,34.37,2.0,headache,S067
-2.48,0.61,-29.733643958667077,3.9572521110682617,58.250921154738606,34.37,2.0,headache,S067
-11.42,0.61,-30.143334111961426,4.196715429546719,57.82259962691579,34.37,2.0,headache,S067
13.58,0.61,-29.75993846980183,4.2066947105651,58.33023622334219,34.39,2.0,headache,S067
-11.28,0.61,-29.716889947562105,3.4569249591224294,58.36462951599005,34.39,2.0,headache,S067
3.36,0.61,-29.34987715686254,4.5818547016038105,58.41502144006952,34.39,2.0,headache,S067
16.37,0.61,-29.555445027245828,3.4282456542295834,58.37822009891158,34.39,2.0,headache,S067
-7.35,0.61,-27.80230342514232,2.3033634158744523,58.5402345717126,34.37,2.0,headache,S067
17.46,0.62,-29.19305201699385,4.1152975662210505,58.58668127649299,34.37,2.0,headache,S067
-70.27,0.62,-30.076020498940203,4.000111749040714,57.96761187615243,34.37,2.0,headache,S067
-16.34,0.62,-29.8591176937495,4.226071480637984,58.106997195323515,34.37,2.0,headache,S067
-62.92,0.62,-29.96399715344938,4.298768454411432,58.056076785547006,34.39,2.0,headache,S067
150.19,0.62,-29.882002024006297,4.369421080064304,57.950296329923795,34.39,2.0,headache,S067
53.16,0.61,-30.031608194174368,4.242886169427839,58.061006312137145,34.39,2.0,headache,S067
-56.16,0.62,-29.575241577944826,4.087386829282001,58.1500457201613,34.39,2.0,headache,S067
0.66,0.62,-29.565947773788274,4.228595376159195,58.236869700039435,34.39,2.0,headache,S067
-0.52,0.61,-29.861326147841964,4.1431196508759704,58.08674108953858,34.39,2.0,headache,S067
-8.3,0.61,-29.67636505874846,3.9069767543485643,58.133775855142304,34.39,2.0,headache,S067
0.63,0.61,-29.97067602064379,4.05069139964618,58.11180263076217,34.39,2.0,headache,S067
6.03,0.61,-29.935392926464484,4.44741565216695,57.99942082025649,34.39,2.0,headache,S067
-16.69,0.62,-30.050490029748044,5.204451086585989,57.989947841782666,34.39,2.0,headache,S067
18.22,0.62,-29.970629699810694,3.8430341954475455,58.01361571163271,34.39,2.0,headache,S067
-17.49,0.62,-30.189865950580614,4.605716637600419,57.98818275383454,34.39,2.0,headache,S067
2.02,0.62,-29.803582721649054,4.88830505701659,57.847937491976666,34.37,2.0,headache,S067
2.35,0.61,-31.034633205806852,5.328518636399365,57.52620917528822,34.37,2.0,headache,S067
-7.16,0.62,-30.04090938298811,4.834907099800367,57.89146022570022,34.37,2.0,headache,S067
-4.23,0.62,-29.903387993972892,4.550249070043528,57.97753130357576,34.37,2.0,headache,S067
-1.75,0.61,-30.141596350611177,5.198940024703699,58.01685888977936,34.37,2.0,headache,S067
-5.71,0.62,-30.11791420404588,5.897542288887949,57.9445974066175,34.37,2.0,headache,S067
22.43,0.62,-30.418254462912824,4.78566922630718,58.0874952148501,34.37,2.0,headache,S067
-11.88,0.61,-30.264266902886575,5.361359466671825,57.920539022335795,34.37,2.0,headache,S067
-19.64,0.62,-29.866335987245286,4.760877100458229,58.14981477939749,34.39,2.0,headache,S067
21.43,0.62,-29.980570943607553,5.050183033257762,58.00741104186437,34.39,2.0,headache,S067
28.66,0.61,-29.98578593388854,4.800405090914144,58.02598477163479,34.39,2.0,headache,S067
-17.72,0.62,-30.02440715176909,5.136579210503622,57.9633648819036,34.39,2.0,headache,S067
5.96,0.62,-29.971645022856972,4.990673520327393,58.05110366015532,34.37,2.0,headache,S067
-13.91,0.62,-30.096434690109678,5.039183457818007,58.08911029734377,34.37,2.0,headache,S067
1.16,0.62,-30.047812422508187,4.947394901855771,58.016283168132034,34.37,2.0,headache,S067
1.16,0.61,-30.008876694582963,5.064376024633601,57.97621566904691,34.37,2.0,headache,S067
-3.04,0.62,-30.166667843632993,5.101642745435881,58.02621274466427,34.39,2.0,headache,S067
-2.33,0.62,-30.047579688806458,4.987883049582675,57.973110420737214,34.39,2.0,headache,S067
5.26,0.61,-29.880370103520583,5.073755740951953,58.02642121231339,34.39,2.0,headache,S067
-13.48,0.62,-30.012731531006906,5.257417686416991,57.97526008481365,34.39,2.0,headache,S067
7.38,0.62,-29.8641294480246,4.846724852752484,58.021184564156165,34.37,2.0,headache,S067
-3.23,0.62,-30.010895996303375,5.14744307073973,57.98642605683042,34.37,2.0,headache,S067
1.15,0.62,-30.088477447614462,4.833268835150964,57.99141209595555,34.37,2.0,headache,S067
8.19,0.62,-29.96730603052168,4.916482256797324,57.923463570202706,34.37,2.0,headache,S067
-0.68,0.62,-29.904795149282105,4.744773995581027,58.13100178295224,34.37,2.0,headache,S067
-3.64,0.62,-30.152615870986335,5.626052602796266,57.925602205894606,34.37,2.0,headache,S067
13.86,0.62,-30.16253278359451,4.020690967501336,58.06313829567704,34.37,2.0,headache,S067
-12.9,0.62,-29.973028911696105,4.918734973610531,57.9246231890501,34.37,2.0,headache,S067
5.68,0.62,-30.377560988014668,4.520867422239067,57.808396447609354,34.37,2.0,headache,S067
-5.33,0.62,-29.935226863158285,6.489885759535776,57.874995310759786,34.37,2.0,headache,S067
-0.91,0.62,-30.031255525176277,6.0007231253687054,58.02965313483535,34.37,2.0,headache,S067
-2.0,0.62,-30.413183312839916,5.297835940971631,57.92158835055066,34.37,2.0,headache,S067
-22.36,0.62,-29.804054716669523,6.218055325252649,58.06594046991664,34.39,2.0,headache,S067
-52.28,0.62,-30.11882225878983,5.719090373329649,57.94517890743569,34.39,2.0,headache,S067
53.13,0.62,-29.911498391287957,5.982475985750443,57.937949665628224,34.39,2.0,headache,S067
26.14,0.62,-30.060011180091447,5.728697008282574,57.931719371313505,34.39,2.0,headache,S067
-10.49,0.62,-30.109863707750808,5.8529188190552,58.0487718355981,34.39,2.0,headache,S067
13.23,0.62,-29.887020522603283,6.228433195292046,58.03014950553259,34.39,2.0,headache,S067
0.83,0.62,-29.691550409738607,6.508558709070931,58.12235813447269,34.39,2.0,headache,S067
6.56,0.62,-29.99091419259618,5.123979841737163,57.91538920449032,34.39,2.0,headache,S067
1.87,0.62,-29.83716448925172,5.533428530813712,58.064639781802754,34.41,2.0,headache,S067
-32.81,0.62,-30.06143339625574,5.111449226990326,58.016688157493796,34.41,2.0,headache,S067
40.14,0.62,-29.774110554013518,4.706513843894859,58.128315109936054,34.41,2.0,headache,S067
33.62,0.62,-29.7350123554069,5.159287744868131,57.97869042852972,34.41,2.0,headache,S067
-10.77,0.62,-29.7736705875818,4.8974077732774415,58.168990266240755,34.39,2.0,headache,S067
-1.2,0.62,-30.00069527158203,5.41825847344858,57.87849503837348,34.39,2.0,headache,S067
-26.52,0.62,-30.232803157904275,4.814043736637839,58.07806644853931,34.39,2.0,headache,S067
-10.89,0.62,-29.912263102777587,4.780117245762602,57.970687460135345,34.39,2.0,headache,S067
13.37,0.62,-29.896526921722717,5.620608097022186,58.07553872042316,34.39,2.0,headache,S067
-20.16,0.62,-31.17318317509434,4.698798338442839,57.41607449644942,34.39,2.0,headache,S067
24.75,0.62,-28.16376181982516,4.728029703208719,59.504127918612674,34.39,2.0,headache,S067
-3.37,0.62,-26.126455328375123,3.7090646926537425,59.06994412805045,34.39,2.0,headache,S067
-2.47,0.63,-26.848509093413657,4.057172057936476,59.267981182451734,34.37,2.0,headache,S067
54.1,0.64,-27.877832417976375,4.72050211529941,59.368926195342915,34.37,2.0,headache,S067
-63.15,0.63,-27.992398305493865,4.7916232612211385,58.792896289583595,34.37,2.0,headache,S067
-314.32,0.63,-28.36237156527477,5.1225087125538575,58.9834680977947,34.37,2.0,headache,S067
262.24,0.62,-28.37427801866394,4.908290980243309,58.984744818744225,34.37,2.0,headache,S067
80.7,0.63,-28.54414551582051,5.074345164590047,58.994486128847115,34.37,2.0,headache,S067
-73.57,0.63,-28.395603667805602,4.937791797164806,58.70061252802985,34.37,2.0,headache,S067
30.14,0.62,-28.759658942357486,5.052058164917618,58.87311898131966,34.37,2.0,headache,S067
-22.87,0.63,-28.53422279298742,4.956301016782952,58.67845612384431,34.37,2.0,headache,S067
31.28,0.63,-28.723173277138756,4.834882935610411,58.87380699668348,34.37,2.0,headache,S067
-15.77,0.63,-28.398416021016143,4.884193209304423,58.96050916498959,34.37,2.0,headache,S067
9.86,0.63,-28.660305579555196,4.934688998116644,58.593698308451565,34.37,2.0,headache,S067
15.95,0.63,-28.527708349743943,4.738313902327866,59.007116093731405,34.39,2.0,headache,S067
-17.85,0.62,-28.6623963252683,4.649974453201469,58.84058034531488,34.39,2.0,headache,S067
16.32,0.63,-28.120050552628204,4.941086540862292,58.85555703376033,34.39,2.0,headache,S067
5.23,0.63,-28.39496751461924,4.929762822143413,58.910536007609444,34.39,2.0,headache,S067
-11.08,0.62,-28.1189878754278,4.910877164965794,58.748297172927494,34.37,2.0,headache,S067
31.38,0.63,-28.149887903121492,4.937241790821714,58.69220677248837,34.37,2.0,headache,S067
-20.23,0.63,-28.043793355150306,4.731983984149842,59.04686497090916,34.37,2.0,headache,S067
4.87,0.63,-28.422489210095407,4.801057535365316,58.67353581616153,34.37,2.0,headache,S067
18.52,0.63,-27.969202059752664,4.702362272768252,59.10834830663862,34.39,2.0,headache,S067
-19.92,0.62,-28.41395224245727,5.023558859483465,58.89284834697739,34.39,2.0,headache,S067
4.07,0.63,-27.705439831323268,4.544457646320844,59.09539454595342,34.39,2.0,headache,S067
10.24,0.63,-30.374520832645114,5.061220009322494,57.9332227200922,34.39,2.0,headache,S067
-14.39,0.62,-29.014481674561402,5.2271638020137505,58.41160735960958,34.37,2.0,headache,S067
21.5,0.63,-29.179452218566944,4.685016257684127,57.94271347720476,34.37,2.0,headache,S067
-12.07,0.63,-28.831557672917302,4.95808407600884,58.50207925052586,34.37,2.0,headache,S067
-36.84,0.63,-29.392746742751626,4.013317738132777,58.18250245564045,34.37,2.0,headache,S067
39.7,0.63,-28.06368576586786,5.457500460003444,58.57010655859637,34.39,2.0,headache,S067
-0.63,0.63,-29.74928846953286,6.06167944915368,58.23906288115501,34.39,2.0,headache,S067
-9.48,0.62,-28.974389258292124,4.048016619381218,58.50993370509693,34.39,2.0,headache,S067
15.14,0.63,-27.407742357115783,4.447778659960367,59.6596721081325,34.39,2.0,headache,S067
-19.48,0.63,-25.013672617602328,3.159225257608548,59.64324047290522,34.39,2.0,headache,S067
18.66,0.64,-26.237431059378448,4.9566280669365135,59.68998078859561,34.39,2.0,headache,S067
84.21,0.65,-28.022142835888975,4.6754458625590996,59.014353496614106,34.39,2.0,headache,S067
-99.11,0.63,-28.8551069246712,4.229978575664313,58.470744607378876,34.39,2.0,headache,S067
-158.94,0.63,-29.08479594740229,4.102117795862208,58.78904874166582,34.41,2.0,headache,S067
245.81,0.63,-29.006975325806014,4.2224825970019735,58.49778379520726,34.41,2.0,headache,S067
22.66,0.63,-28.89714794764044,3.8640868389781704,58.37521432175872,34.41,2.0,headache,S067
-145.34,0.63,-28.833800696788828,4.1677115623061365,58.7175334161108,34.41,2.0,headache,S067
-75.86,0.63,-28.839200299628132,4.189381838771798,58.49950955458312,34.39,2.0,headache,S067
-16.54,0.63,-28.723823596423237,4.438248019780812,58.643127960684275,34.39,2.0,headache,S067
44.3,0.63,-29.048181982267263,4.813987462776341,58.36878527407994,34.39,2.0,headache,S067
7.55,0.63,-29.257598367017437,5.011203581507296,58.36609967337741,34.39,2.0,headache,S067
78.98,0.63,-29.214272191199637,4.594484258147489,57.93978571756546,34.39,2.0,headache,S067
22.45,0.63,-29.369336226645945,4.959963144085151,58.08179139479748,34.39,2.0,headache,S067
-13.71,0.63,-29.280759311701956,4.469538173527566,58.413191561882876,34.39,2.0,headache,S067
5.17,0.63,-29.24726706655955,4.680273944548822,58.240394428393486,34.39,2.0,headache,S067
-24.26,0.63,-29.44143704605758,4.659457988328426,58.1100608234149,34.39,2.0,headache,S067
9.89,0.63,-28.980542718065774,4.277532890522311,58.610343813228866,34.39,2.0,headache,S067
-0.74,0.63,-29.021549458890185,3.2335991346757975,58.585553909728034,34.39,2.0,headache,S067
-12.82,0.63,-28.822069842929412,3.901517793356995,58.389326328628485,34.39,2.0,headache,S067
33.01,0.63,-28.26266099936088,4.385024955631178,59.049844616745226,34.39,2.0,headache,S067
3.29,0.63,-28.06218137593475,4.658897847671743,58.832769313183526,34.39,2.0,headache,S067
21.76,0.63,-28.090818806034516,4.40829889795089,58.909348448946105,34.39,2.0,headache,S067
24.59,0.63,-27.952601537885382,4.994130496832936,59.028790080302805,34.39,2.0,headache,S067
5.99,0.63,-27.99525471651103,4.751847055057354,58.99849320869353,34.39,2.0,headache,S067
-37.75,0.63,-28.021591359915192,4.9696471863944724,58.93489787240956,34.39,2.0,headache,S067
-42.7,0.63,-27.90154095772965,4.933083876825901,58.91207486857248,34.39,2.0,headache,S067
-31.7,0.63,-27.935493646428426,4.952799422024373,59.03508094872586,34.39,2.0,headache,S067
18.87,0.63,-28.106598534759595,4.918329947985467,58.978155822932095,34.39,2.0,headache,S067
-15.41,0.63,-28.0543226886301,5.094212097427568,59.01699183060816,34.39,2.0,headache,S067
2.8,0.63,-28.01575497469432,4.81065172260643,58.88151671900979,34.39,2.0,headache,S067
15.6,0.63,-28.30261292539594,5.042934763990092,58.72356242126123,34.39,2.0,headache,S067
-10.66,0.63,-28.13313348879086,4.835728506553476,58.745032625306884,34.39,2.0,headache,S067
3.4,0.63,-28.36045333373349,4.825625437191355,59.01415903809763,34.39,2.0,headache,S067
11.71,0.63,-28.38332199236532,4.741605126776634,58.78290610842369,34.39,2.0,headache,S067
-18.74,0.63,-28.340056368144076,5.0316398986390976,58.979388906445436,34.39,2.0,headache,S067
14.86,0.63,-27.93129127032826,4.842869958450663,58.88593700922365,34.39,2.0,headache,S067
-9.95,0.63,-28.305020847373164,5.127703718283739,58.8477175997274,34.39,2.0,headache,S067
-4.88,0.63,-27.890966375639188,4.8916907106764365,58.98810215586194,34.39,2.0,headache,S067
17.86,0.63,-28.27501860657911,5.02739713602652,58.86630973387192,34.39,2.0,headache,S067
-13.55,0.63,-28.17789174256796,4.823164879564813,59.0459962049213,34.39,2.0,headache,S067
2.93,0.63,-28.194932357654913,5.113391591528764,58.96607840564589,34.39,2.0,headache,S067
12.96,0.63,-28.052516606139,4.845778119918438,59.02846741245603,34.39,2.0,headache,S067
-22.07,0.63,-28.00920638942668,4.945931257619757,58.97545952374525,34.39,2.0,headache,S067
17.68,0.63,-27.970121376072687,4.781148538881078,59.02028436835741,34.41,2.0,headache,S067
-4.2,0.63,-28.05347898404708,5.067060934977598,58.98647503362516,34.41,2.0,headache,S067
-9.43,0.63,-28.176075163292964,4.880534478246244,58.99593820236131,34.41,2.0,headache,S067
10.83,0.63,-28.219087649413083,5.134198707184418,58.87407060796419,34.41,2.0,headache,S067
-1.31,0.63,-27.887959382855232,4.855312175251852,58.94407333319278,34.39,2.0,headache,S067
-4.77,0.63,-28.16258074407478,5.155849314233359,58.8158466272983,34.39,2.0,headache,S067
17.94,0.63,-28.07265830915678,4.829339738938673,58.83000331135472,34.39,2.0,headache,S067
-22.87,0.63,-28.146815339778495,5.187911308854182,58.72124529825463,34.39,2.0,headache,S067
14.79,0.63,-28.661202051859892,3.973234466580331,58.72295148400825,34.39,2.0,headache,S067
2.17,0.63,-28.320218118695003,4.587462207558308,58.878374963595114,34.39,2.0,headache,S067
21.38,0.63,-28.45775007288942,4.2942810319427664,58.88066701336874,34.39,2.0,headache,S067
-3.09,0.63,-28.502499899877368,4.058668017855967,58.727688666286156,34.39,2.0,headache,S067
-39.39,0.63,-27.85562905651282,4.505134223171859,58.99636537278467,34.39,2.0,headache,S067
-54.4,0.63,-28.5168287716772,4.893920662850921,59.02660219000464,34.39,2.0,headache,S067
5.55,0.63,-26.96096350263306,3.798997274035175,59.35272864023775,34.39,2.0,headache,S067
5.17,0.64,-22.146578257882855,2.735307632721047,60.244742381539425,34.39,2.0,headache,S067
-51.03,0.66,-26.93458989677736,4.2751182847020415,59.953097295044984,34.41,2.0,headache,S067
19.8,0.65,-27.199093127330922,3.5919247658078497,59.19364294907497,34.41,2.0,headache,S067
-37.24,0.64,-23.97239485213604,2.168068327748827,59.68927309751079,34.41,2.0,headache,S067
17.57,0.65,-26.443896151140372,3.9825998175632082,59.75396809885174,34.41,2.0,headache,S067
401.84,0.65,-27.128357479176213,4.437277414826875,59.1394779064472,34.39,2.0,headache,S067
-208.04,0.65,-27.59499563250916,4.48215110017365,59.15402963347027,34.39,2.0,headache,S067
-144.68,0.64,-27.163941349804368,3.7897490626417554,59.22752703884531,34.39,2.0,headache,S067
145.2,0.64,-27.477842369135818,4.776903650921413,59.17189506005658,34.39,2.0,headache,S067
-19.3,0.64,-27.412688573759407,4.1753705032779544,59.18832869160043,34.39,2.0,headache,S067
2.53,0.63,-28.905878542061842,3.261680659541493,58.42109173730523,34.39,2.0,headache,S067
-74.64,0.64,-29.531893324539343,2.8853513844667447,58.49467286763188,34.39,2.0,headache,S067
32.28,0.64,-31.127310887724924,2.799278938745067,57.48905130791793,34.39,2.0,headache,S067
17.36,0.63,-34.28060977844609,-0.18957944433728913,55.47256890144999,34.39,2.0,headache,S067
-86.19,0.63,-37.756964677103745,0.0038151143709665445,54.241888856087044,34.39,2.0,headache,S067
-68.21,0.63,-33.680928654205054,0.21324982348815397,56.28357249155865,34.39,2.0,headache,S067
25.25,0.63,-32.05584584937071,5.517225834544066,57.4174573697225,34.39,2.0,headache,S067
-197.47,0.63,-31.07000587232418,5.88828152206326,57.150945174655945,34.41,2.0,headache,S067
39.97,0.63,-34.07003413435934,1.893227113493509,57.07064280976867,34.41,2.0,headache,S067
242.86,0.63,-29.91310245644415,-0.8262773935645693,58.00137756215432,34.41,2.0,headache,S067
-110.95,0.63,-18.428988700355067,4.304794627070102,61.443900593205456,34.41,2.0,headache,S067
89.3,0.63,-8.366493300900189,10.080989904954423,66.87580287143629,34.43,2.0,headache,S067
125.38,0.63,-24.16931035466203,-3.096297166075853,59.03740196123342,34.43,2.0,headache,S067
-52.55,0.64,-26.890707642028648,1.794714004222142,59.306645263405876,34.43,2.0,headache,S067
-148.91,0.64,-20.23532908568815,4.064377775940648,62.42443792158739,34.43,2.0,headache,S067
-56.17,0.63,-23.3938088613307,2.6574377074994824,60.461267121393334,34.39,2.0,headache,S067
255.25,0.64,-21.90898286174429,1.5964251063876778,61.37765843044018,34.39,2.0,headache,S067
-133.26,0.64,-23.859728736002246,2.256343590288175,60.74499489546959,34.39,2.0,headache,S067
69.24,0.63,-21.53930130453312,2.584753085104685,61.387283456469014,34.39,2.0,headache,S067
51.8,0.64,-22.45470555551874,3.151398701199806,61.09098584069804,34.43,2.0,headache,S067
-14.22,0.64,-22.173559881899525,2.1224045442021535,61.224643800482,34.43,2.0,headache,S067
14.26,0.64,-22.99745688488646,2.7449571952742,60.8613518138296,34.43,2.0,headache,S067
-44.24,0.64,-22.80445331359351,2.5073702985988393,61.12103395440035,34.43,2.0,headache,S067
6.96,0.64,-23.083917957957834,2.582821460653098,60.894185951070924,34.41,2.0,headache,S067
-2.77,0.63,-22.287456207464803,2.7469060742559166,61.2040863272178,34.41,2.0,headache,S067
-2.29,0.64,-22.948125398799696,2.604626401532335,60.944528412607184,34.41,2.0,headache,S067
24.2,0.64,-22.29907714524008,2.592890153775394,61.045133514244355,34.41,2.0,headache,S067
-37.88,0.64,-22.825010180437623,2.6664429326760213,61.02980820952945,34.41,2.0,headache,S067
22.0,0.64,-22.26979921699799,2.600136426532172,61.23814139487182,34.41,2.0,headache,S067
-1.84,0.64,-22.515835925660195,2.8157618915666456,60.92365418543032,34.41,2.0,headache,S067
-30.13,0.64,-22.10035036535817,2.6248227235359805,61.11193023920402,34.41,2.0,headache,S067
33.58,0.64,-22.680653721850298,2.8217110354683754,61.05348555695283,34.43,2.0,headache,S067
-14.71,0.64,-22.228851250124173,2.695550335220305,61.22700356945168,34.43,2.0,headache,S067
-11.84,0.64,-22.597970030666602,2.204005539235929,61.02435671471768,34.43,2.0,headache,S067
37.14,0.64,-22.359826158823456,2.4250760044092634,60.999804557272675,34.43,2.0,headache,S067
-28.43,0.64,-22.59866982998973,2.2358491090589383,60.996759614920585,34.43,2.0,headache,S067
4.97,0.64,-22.219750824086596,2.3968995689885966,61.00275402963409,34.43,2.0,headache,S067
17.65,0.64,-22.521522852368705,2.3781520391286515,60.999520848901234,34.43,2.0,headache,S067
-38.37,0.64,-22.115891883094115,2.21118896172637,60.9966943436243,34.43,2.0,headache,S067
3.26,0.64,-22.48634054342852,2.227207978415919,61.009232955655406,34.43,2.0,headache,S067
8.21,0.64,-22.032726319751394,2.0464477655543556,60.98146085424534,34.43,2.0,headache,S067
-28.64,0.64,-22.132676736552913,2.12826988876553,61.31804056314993,34.43,2.0,headache,S067
35.25,0.64,-22.008011847427667,2.784282271881913,61.08804545573677,34.43,2.0,headache,S067
-14.97,0.65,-22.096471392774692,2.4923159002374193,60.97267685927803,34.45,2.0,headache,S067
-13.43,0.64,-22.091921283622604,2.4973385376071606,61.010314666768295,34.45,2.0,headache,S067
34.74,0.64,-22.24631705929782,2.5032464257771374,61.00289149255497,34.45,2.0,headache,S067
-24.8,0.64,-22.228373865616852,2.319299603338496,60.97646470377425,34.45,2.0,headache,S067
0.59,0.64,-22.141137969554922,2.4030274972369496,61.12646675498495,34.43,2.0,headache,S067
13.76,0.64,-21.954323957089372,2.4875092581781213,61.19437383210885,34.43,2.0,headache,S067
-30.36,0.64,-22.241234144948013,2.1771058482606267,61.152237385798855,34.43,2.0,headache,S067
23.29,0.64,-22.027317433101086,2.6550026282134094,61.066708618971276,34.43,2.0,headache,S067
-16.28,0.64,-21.993471930278236,2.2092002424829325,60.9741248865075,34.43,2.0,headache,S067
-12.0,0.64,-22.17858299267765,2.333070859657724,61.324257150200694,34.43,2.0,headache,S067
24.34,0.64,-22.39520397563376,2.513215111531542,61.16098069796656,34.43,2.0,headache,S067
-28.44,0.64,-22.19542298749214,2.8321936886536707,61.090244686411324,34.43,2.0,headache,S067
10.44,0.64,-22.093157769538777,2.3340448352038763,61.06733366304014,34.45,2.0,headache,S067
13.21,0.64,-22.516297190330853,2.005372493420203,60.98665101324138,34.45,2.0,headache,S067
-30.22,0.64,-21.90738380163902,2.9796453512380103,61.17046922461919,34.45,2.0,headache,S067
25.31,0.64,-22.004554115585165,2.102701334685171,61.242908822728836,34.45,2.0,headache,S067
-8.89,0.64,-21.803538958259796,2.3399079093071156,61.2406059385629,34.45,2.0,headache,S067
-21.01,0.64,-21.995359597490324,2.187241421421652,61.175437966735906,34.45,2.0,headache,S067
23.73,0.64,-21.82449493263538,2.4086109267390023,61.30805871767047,34.45,2.0,headache,S067
-21.63,0.64,-21.731340829208534,2.6148422071120283,61.22599414798172,34.45,2.0,headache,S067
-2.78,0.64,-22.332084803729995,2.324689386401973,61.01200598641549,34.43,2.0,headache,S067
17.21,0.64,-21.988565513420983,2.03005073389764,61.22488371381532,34.43,2.0,headache,S067
-35.07,0.64,-22.258302324750616,2.597692038227812,61.15892223919582,34.43,2.0,headache,S067
9.61,0.64,-22.719141485557966,2.408860956271269,61.004442807363745,34.43,2.0,headache,S067
30.47,0.64,-22.782715621715255,2.2394320804732315,61.01350174947652,34.41,2.0,headache,S067
-2.16,0.64,-22.776729498393596,2.2613863062536885,60.958238796659074,34.41,2.0,headache,S067
16.97,0.64,-22.523531861361892,2.2110398947573526,61.32903846783033,34.41,2.0,headache,S067
-13.07,0.64,-22.17484205861028,2.0874465835731724,61.01755033780536,34.41,2.0,headache,S067
-8.13,0.64,-22.094381611343913,2.2883920126345716,61.2170195368705,34.43,2.0,headache,S067
5.77,0.64,-21.926587767687714,2.755304066282837,61.069646431053904,34.43,2.0,headache,S067
-38.45,0.64,-22.04289272951164,2.4680372297319124,61.17734289976362,34.43,2.0,headache,S067
19.5,0.64,-21.31763673506864,3.411717462171787,61.61452445415561,34.43,2.0,headache,S067
-3.73,0.64,-21.64525681906125,3.1625640152227636,61.39443053541166,34.43,2.0,headache,S067
-20.07,0.64,-21.779574155152172,1.805831668707806,61.38674819662588,34.43,2.0,headache,S067
33.63,0.64,-21.884401554681833,1.9757916411751217,61.277537465042485,34.43,2.0,headache,S067
-16.84,0.64,-21.96534023141002,2.1756027840097842,61.128729325824914,34.43,2.0,headache,S067
12.27,0.64,-21.963174977708732,2.148234240107045,61.445963356529624,34.41,2.0,headache,S067
36.26,0.64,-21.932298878258415,2.0748124197717988,61.165697844814446,34.41,2.0,headache,S067
-8.39,0.64,-21.98912179019288,2.1448209289700793,61.15655905144512,34.41,2.0,headache,S067
7.49,0.64,-21.841567497015777,2.324774054410719,61.003221552028,34.41,2.0,headache,S067
-12.53,0.64,-22.123833186313394,1.8753408984953308,61.27264311993869,34.41,2.0,headache,S067
-24.8,0.64,-21.92751654630476,2.1773496288817804,61.27987883750694,34.41,2.0,headache,S067
24.75,0.64,-22.111281180333876,2.248282477928478,61.163876893779154,34.41,2.0,headache,S067
-7.38,0.64,-21.726558626585717,2.2848567377888873,61.427426110114496,34.41,2.0,headache,S067
-17.45,0.64,-21.797523681620813,2.411557483993208,61.246559399596975,34.43,2.0,headache,S067
24.61,0.64,-21.990006692244886,1.9778218412803954,61.19928185876334,34.43,2.0,headache,S067
-9.3,0.64,-21.99478874644297,2.0835522699685716,61.293104053005614,34.43,2.0,headache,S067
-0.69,0.64,-22.016184638326198,2.043405036412105,60.97157490422598,34.43,2.0,headache,S067
3.7,0.64,-22.018195796728506,2.461759072652618,61.26007161018209,34.45,2.0,headache,S067
-13.73,0.64,-21.945264867913405,2.227731595078584,61.137332539544126,34.45,2.0,headache,S067
23.77,0.64,-22.04413691288852,2.427753870719933,61.20206073899747,34.45,2.0,headache,S067
2.61,0.64,-21.95976311569312,2.164124395036764,61.255535605312105,34.45,2.0,headache,S067
-22.95,0.64,-21.93091126891465,2.349300778451478,61.212398249614246,34.43,2.0,headache,S067
4.75,0.64,-21.923792906865923,2.1981427167942953,61.0420498147271,34.43,2.0,headache,S067
-20.04,0.64,-22.09664520383285,2.159920236253282,61.14612370811642,34.43,2.0,headache,S067
15.01,0.64,-21.686616852292584,1.8726723193067958,61.28772204173977,34.43,2.0,headache,S067
-11.97,0.64,-21.870946672478556,2.2633257874098653,61.31340529951954,34.43,2.0,headache,S067
-13.3,0.64,-21.711861277460574,2.0421056247053846,61.31868637171029,34.43,2.0,headache,S067
15.88,0.64,-21.891584839053504,2.389079107850149,61.19358233819412,34.43,2.0,headache,S067
-19.65,0.64,-22.062082179379765,2.1687730295413408,61.31065550990887,34.43,2.0,headache,S067
16.86,0.64,-21.895624428127576,2.2802992499554806,61.49035311443575,34.43,2.0,headache,S067
-6.14,0.64,-21.58349539438112,2.4411599083783315,61.43786745401189,34.43,2.0,headache,S067
-6.44,0.64,-21.955765227554956,2.3229831995655483,61.32477863220055,34.43,2.0,headache,S067
21.76,0.65,-21.732671832963444,2.2297157284083733,61.10221091075692,34.43,2.0,headache,S067
-24.07,0.64,-21.830298425275124,1.8873949914965402,61.26498905318492,34.43,2.0,headache,S067
9.95,0.65,-21.926000100768373,2.080606371979294,61.284483448559655,34.43,2.0,headache,S067
-4.25,0.65,-21.915944833442314,1.9305504625527123,61.145737940357336,34.43,2.0,headache,S067
-1.4,0.65,-21.999501970692993,2.0948443681441042,61.24521498773724,34.43,2.0,headache,S067
25.19,0.65,-21.771098099865213,2.082377800508877,61.028292205057596,34.43,2.0,headache,S067
-18.78,0.65,-21.951773208493726,1.9454564292862513,61.2435401277871,34.43,2.0,headache,S067
5.58,0.64,-21.818167952396593,2.3066095042948405,61.212392415946944,34.43,2.0,headache,S067
23.27,0.65,-21.619748826994673,2.2536185001647047,61.487882137272344,34.43,2.0,headache,S067
-25.58,0.65,-21.558565825451442,2.2784378651356634,61.330748152620366,34.41,2.0,headache,S067
16.59,0.64,-21.402446217601717,2.3759071694616254,61.62767559310209,34.41,2.0,headache,S067
-0.33,0.65,-21.610482763875474,2.18644299733933,61.41399481280298,34.41,2.0,headache,S067
-26.65,0.65,-21.498031876701127,2.0501503199327944,61.105127357852254,34.41,2.0,headache,S067
20.09,0.64,-21.472618134252322,2.2648381118707688,61.576523727270036,34.43,2.0,headache,S067
-7.06,0.65,-21.43313527975234,2.1445441918022485,61.50606733713034,34.43,2.0,headache,S067
3.45,0.65,-21.54191616359353,2.0512151871496163,61.57307071772712,34.43,2.0,headache,S067
23.32,0.65,-21.158984957697403,2.000894018750336,61.58296746395624,34.43,2.0,headache,S067
-27.05,0.65,-21.145485412072144,2.1061518488447883,61.25110131845312,34.43,2.0,headache,S067
15.44,0.65,-21.32693671952232,2.0307057035135467,61.50067363153016,34.43,2.0,headache,S067
3.03,0.64,-21.810008082904794,1.9729169394649992,60.99603365059192,34.43,2.0,headache,S067
-8.5,0.65,-21.44624241667482,2.0410117459171073,61.58821309021114,34.43,2.0,headache,S067
23.91,0.64,-21.607624971383125,2.6230693405357886,61.245974347924005,34.41,2.0,headache,S067
-18.98,0.65,-21.266782167755917,2.6321566072099825,61.61891944870118,34.41,2.0,headache,S067
12.91,0.65,-21.804778527360973,2.402252300892592,61.23499890050112,34.41,2.0,headache,S067
-1.39,0.65,-21.459157936389417,2.3195186681929574,61.41688987537088,34.41,2.0,headache,S067
-25.01,0.65,-21.701803934497836,2.4674966431052443,61.65453973691456,34.43,2.0,headache,S067
22.68,0.65,-21.492700381165168,2.487568203097078,61.47467635197607,34.43,2.0,headache,S067
-23.26,0.64,-21.59208055983017,2.6199853139287312,61.13542434920572,34.43,2.0,headache,S067
10.25,0.65,-21.351362224386246,2.423524069033651,61.22653305525464,34.43,2.0,headache,S067
4.23,0.65,-21.686665313568113,2.281873402060982,61.52241235015811,34.41,2.0,headache,S067
-21.21,0.64,-21.079984712235927,2.615635169327571,61.68450896277855,34.41,2.0,headache,S067
26.56,0.65,-21.508693406226342,1.9451908263173427,61.47491749511855,34.41,2.0,headache,S067
-20.73,0.65,-21.33476379750924,2.0636533541900763,61.3597798419382,34.41,2.0,headache,S067
8.53,0.65,-21.67544529206835,2.3683344426543007,61.50863458640912,34.45,2.0,headache,S067
7.51,0.65,-21.428041791966322,2.231618179191597,61.36030134625208,34.45,2.0,headache,S067
-26.85,0.65,-21.583029189446787,2.120539695697873,61.37019563496412,34.45,2.0,headache,S067
30.41,0.65,-21.51838670523739,2.005040220581928,61.333644887289275,34.45,2.0,headache,S067
-0.66,0.65,-21.808702852127784,1.966826339910205,61.04022278444594,34.41,2.0,headache,S067
-9.87,0.65,-21.70084028022945,2.1181453223448004,61.317578705801225,34.41,2.0,headache,S067
19.15,0.65,-21.44874317996406,2.032721416075461,61.422965006467955,34.41,2.0,headache,S067
-22.41,0.65,-21.67716735895867,2.000981454578672,61.476337692056994,34.41,2.0,headache,S067
7.39,0.65,-21.3906343351659,1.9878328322500973,61.445968450273064,34.43,2.0,headache,S067
6.27,0.65,-21.564015613856952,2.1691985600023522,61.231114219312396,34.43,2.0,headache,S067
-26.71,0.65,-21.432143433635943,2.1427556704921304,61.65434101239342,34.43,2.0,headache,S067
27.79,0.65,-21.32746703401556,2.195329740187769,61.47710253510548,34.43,2.0,headache,S067
-21.04,0.65,-21.273362030926677,2.165317703232866,61.62742522233283,34.43,2.0,headache,S067
-1.58,0.65,-21.256249911105243,1.9230072238355738,61.60958166809265,34.43,2.0,headache,S067
21.63,0.65,-21.469747481758247,2.1755689402001694,61.6261248182368,34.43,2.0,headache,S067
-20.67,0.65,-21.401503648538505,2.347446987577681,61.3082929658135,34.43,2.0,headache,S067
31.12,0.65,-21.36375993479945,2.1509645506925836,61.292074147279195,34.43,2.0,headache,S067
-6.01,0.65,-21.604376871407247,2.3504565253941267,61.43313685224614,34.43,2.0,headache,S067
-13.27,0.65,-21.388093183262157,2.1790660960132313,61.051281411395884,34.43,2.0,headache,S067
21.1,0.65,-21.4223014985084,2.261726361420394,61.27805568564138,34.43,2.0,headache,S067
-30.36,0.65,-21.197059404876995,1.9096286110000609,61.38914016970802,34.41,2.0,headache,S067
9.52,0.65,-21.400596928693272,2.0726586144108707,61.51258247164852,34.41,2.0,headache,S067
17.43,0.65,-21.533128266938057,2.3260453717314546,61.32576395934847,34.41,2.0,headache,S067
-25.09,0.65,-21.220981015718166,2.3433024209902853,61.56609898641567,34.41,2.0,headache,S067
19.55,0.65,-21.255541361445747,2.276059233807939,61.44710269670358,34.43,2.0,headache,S067
-3.61,0.65,-21.061618413902575,2.1350438137386814,61.60223091645583,34.43,2.0,headache,S067
-14.7,0.65,-21.374990765482487,2.003428967737047,61.69615847519672,34.43,2.0,headache,S067
18.82,0.65,-21.00363303319088,2.0162778692158287,61.52137252336602,34.43,2.0,headache,S067
-24.73,0.65,-21.235092569442973,1.9768298378748654,61.65426028194366,34.41,2.0,headache,S067
7.02,0.65,-21.036301540555296,2.028303305857823,61.608283529355326,34.41,2.0,headache,S067
11.72,0.65,-21.26803295373566,1.9626765294580688,61.64540498565,34.41,2.0,headache,S067
-21.81,0.65,-21.241287624969164,2.1330760320074877,61.35947159283952,34.41,2.0,headache,S067
26.38,0.65,-21.342211985710072,2.017261721229048,61.36821900476852,34.43,2.0,headache,S067
-6.53,0.65,-21.421222766012356,1.986665957287143,61.37976781391158,34.43,2.0,headache,S067
-8.19,0.65,-21.39457404257953,2.22025007186261,61.468930219502745,34.43,2.0,headache,S067
15.08,0.65,-21.345090802541527,2.0628819769216364,61.53139705002755,34.43,2.0,headache,S067
-24.43,0.65,-21.267918582135227,1.9569980931680706,61.61193020792528,34.41,2.0,headache,S067
12.3,0.65,-21.13532019640892,2.0379097807420012,61.444276306347206,34.41,2.0,headache,S067
-5.16,0.65,-20.986444996044774,1.9672575799786771,61.67694995846616,34.41,2.0,headache,S067
-13.45,0.65,-21.288808719836194,2.2536897505304556,61.413328942736925,34.41,2.0,headache,S067
25.53,0.65,-21.286023704661876,2.0034428824003476,61.57559511292001,34.43,2.0,headache,S067
-19.11,0.65,-21.006635217209222,2.0175646437332913,61.59795413734775,34.43,2.0,headache,S067
2.89,0.65,-21.259115302632374,1.9786662267833155,61.30145193133398,34.43,2.0,headache,S067
15.38,0.65,-21.375445842805362,2.026576990903198,61.44522685077049,34.43,2.0,headache,S067
-17.79,0.65,-21.678011301538255,2.155676714249874,61.26797721965444,34.43,2.0,headache,S067
16.9,0.65,-21.326325574069653,2.247183438823587,61.604449896240496,34.43,2.0,headache,S067
6.98,0.65,-21.46212429013671,2.056854682016719,61.320023812707795,34.43,2.0,headache,S067
-16.91,0.65,-21.77002491002131,2.156009120099417,61.407349187979094,34.43,2.0,headache,S067
16.09,0.65,-21.456100330552896,2.0078015522907573,61.16578777188486,34.43,2.0,headache,S067
-8.75,0.65,-21.32142975396896,2.5240834749890793,61.384617849590434,34.43,2.0,headache,S067
-16.79,0.65,-21.21788110473358,2.48878299160305,61.159998034368,34.43,2.0,headache,S067
21.73,0.65,-21.374375283429252,2.4635772274551884,61.63145899472885,34.43,2.0,headache,S067
-24.12,0.65,-21.553243577599094,2.077536905804051,61.81772094733351,34.45,2.0,headache,S067
3.35,0.65,-21.42574974493584,2.357794144963164,61.57333271206722,34.45,2.0,headache,S067
20.84,0.65,-21.239455446499953,2.294541016190224,61.61156424264113,34.45,2.0,headache,S067
-29.29,0.65,-21.138204365258368,2.053698178366823,61.636217368906806,34.45,2.0,headache,S067
17.86,0.65,-21.340656907282106,2.1646071694342734,61.222769986376264,34.41,2.0,headache,S067
-6.85,0.65,-21.281408601208966,2.171705214621029,61.46790740101691,34.41,2.0,headache,S067
-8.41,0.65,-21.447101967021844,1.968962478966285,61.40097007510577,34.41,2.0,headache,S067
26.12,0.65,-21.447031217965144,2.3318662348710175,61.126120742181776,34.41,2.0,headache,S067
-21.78,0.65,-21.691036555545416,2.6080247451743483,61.41495770324691,34.39,2.0,headache,S067
8.95,0.65,-21.58843966100008,2.255699407442118,61.26890098698761,34.39,2.0,headache,S067
17.71,0.65,-21.494489728356932,1.9968571848755736,61.57712850538954,34.39,2.0,headache,S067
-19.49,0.65,-21.759626591719577,2.622456745744122,61.50502973423552,34.39,2.0,headache,S067
13.25,0.65,-21.38107777879862,2.4622033372674665,61.42991507785027,34.41,2.0,headache,S067
-9.84,0.65,-21.456042210362078,2.2333615071285915,61.74884646581456,34.41,2.0,headache,S067
-7.37,0.65,-21.2948220948208,2.118090747262323,61.29104910417521,34.41,2.0,headache,S067
24.38,0.65,-21.41865380213283,2.08761355282097,61.52009542629306,34.41,2.0,headache,S067
-23.98,0.65,-21.202676430664688,2.298450175918412,61.528608027476814,34.43,2.0,headache,S067
14.61,0.65,-21.454301376926175,2.022733008979157,61.552523410465206,34.43,2.0,headache,S067
13.85,0.65,-21.33416282844092,2.1414468958625528,61.46797299961132,34.43,2.0,headache,S067
-24.43,0.65,-21.330751374767367,2.299247210449081,61.28317586956553,34.43,2.0,headache,S067
24.32,0.65,-21.21148997074925,2.020867205540954,61.50265681596765,34.41,2.0,headache,S067
-7.81,0.65,-21.34423356808338,2.3487445779501175,61.48476873087527,34.41,2.0,headache,S067
-12.85,0.65,-21.106035581489476,2.1596660748195995,61.636714679445575,34.41,2.0,headache,S067
24.75,0.65,-21.457677594014594,2.3759526839730745,61.60854371051533,34.41,2.0,headache,S067
-19.07,0.65,-20.99244332999708,1.9897477671981694,61.85272849948134,34.43,2.0,headache,S067
1.91,0.65,-21.314822462899848,2.322143388649204,61.31687423886356,34.43,2.0,headache,S067
14.81,0.65,-21.79185685216657,2.352698843208555,61.280751425846724,34.43,2.0,headache,S067
-20.17,0.66,-21.33921514691878,2.1706635121418985,61.34808389007789,34.43,2.0,headache,S067
14.63,0.65,-21.690790213542524,2.1121015337982123,61.541784128561666,34.41,2.0,headache,S067
4.27,0.65,-21.578356936742466,1.9312459818469656,61.60592287617567,34.41,2.0,headache,S067
-16.69,0.66,-21.316285940625622,2.1369108527701584,61.55913017545341,34.41,2.0,headache,S067
8.29,0.65,-21.206986125907203,2.2099050038158152,61.38075011120397,34.41,2.0,headache,S067
-17.86,0.65,-21.346520414009962,2.3487873521409375,61.73876983696552,34.43,2.0,headache,S067
9.39,0.66,-21.444379734691516,2.20163090791547,61.300813945820025,34.43,2.0,headache,S067
5.08,0.66,-21.371705026831624,2.1291661427689577,61.56338605101551,34.43,2.0,headache,S067
-26.65,0.66,-21.49648309060714,2.0693145597818683,61.365905598201756,34.43,2.0,headache,S067
21.06,0.66,-21.244363184436335,2.048440286944196,61.67682752615282,34.41,2.0,headache,S067
-14.58,0.65,-21.315538358097896,2.1307373555885607,61.33016537371117,34.41,2.0,headache,S067
0.39,0.66,-21.305619533782572,2.5354724328443545,61.73256253569813,34.41,2.0,headache,S067
8.02,0.66,-21.129043432326064,2.1219707694647885,61.65359233681165,34.41,2.0,headache,S067
-18.06,0.65,-21.7788629557457,2.291294569197643,61.2022570103151,34.45,2.0,headache,S067
24.57,0.66,-21.646840423266266,2.20788555842695,61.6157332801215,34.45,2.0,headache,S067
-21.54,0.66,-21.88498098642514,2.2692158535697895,61.522393222863464,34.45,2.0,headache,S067
14.66,0.65,-21.364790993014363,2.111537449067068,61.593929180076465,34.45,2.0,headache,S067
43.41,0.66,-21.825103888497136,1.9497715086800818,61.26198824981124,34.43,2.0,headache,S067
-28.75,0.66,-21.501583411071245,2.28930292209147,61.36526830002144,34.43,2.0,headache,S067
14.54,0.65,-21.710435136897313,2.1707913040806197,61.35111098326541,34.43,2.0,headache,S067
-27.09,0.66,-21.193470310206287,2.0889427771473135,61.54802836749294,34.43,2.0,headache,S067
-2.55,0.66,-21.440582413029325,2.0534967646702316,61.633949334408136,34.43,2.0,headache,S067
9.02,0.65,-21.13587832569543,2.1341793753054765,61.509747564313116,34.43,2.0,headache,S067
-29.72,0.66,-21.192941378330772,2.0303991999966797,61.53696883074852,34.43,2.0,headache,S067
40.65,0.66,-21.252031627613025,2.0210225237867254,61.450181613578856,34.43,2.0,headache,S067
-12.76,0.66,-21.229760082966074,2.158134059108243,61.52501473437368,34.43,2.0,headache,S067
-7.62,0.66,-21.250261236163297,2.2831927873805777,61.23051992328242,34.43,2.0,headache,S067
30.19,0.66,-21.132781247632632,2.2425778846987763,61.359969061459,34.43,2.0,headache,S067
-30.98,0.65,-20.96742485203353,2.3268771483159756,61.700788129649474,34.43,2.0,headache,S067
14.44,0.66,-21.284124976426913,1.9550342833144574,61.72013266970265,34.43,2.0,headache,S067
24.41,0.66,-21.01468575949128,2.0321380349194498,61.68813767603584,34.43,2.0,headache,S067
-43.78,0.65,-21.141847691607115,1.965285277329469,61.5903467928096,34.43,2.0,headache,S067
27.46,0.66,-21.159599208689635,2.1037899639357445,61.50396854261307,34.43,2.0,headache,S067
8.18,0.66,-21.27546278606236,2.088981145073534,61.380420875993394,34.43,2.0,headache,S067
-34.85,0.65,-20.740858401291277,2.168172566546439,61.89089262862973,34.43,2.0,headache,S067
37.03,0.66,-21.586363472648426,2.1666598807465096,61.36281007400771,34.43,2.0,headache,S067
-6.59,0.65,-20.704411446922396,2.077672959451776,61.58366810000766,34.43,2.0,headache,S067
-25.51,0.66,-21.84706986183185,2.142432389645698,61.16543698437563,34.43,2.0,headache,S067
41.63,0.66,-18.317740083476522,1.3002069356899242,62.36967629270658,34.43,2.0,headache,S067
-22.23,0.65,-20.262555317976453,-0.6250748141082306,62.04758685562315,34.43,2.0,headache,S067
-2.95,0.66,-24.628934638888367,0.13554977079057776,60.37660145154637,34.43,2.0,headache,S067
58.52,0.65,-22.637871917006933,0.6336931938337096,61.32904229250039,34.41,2.0,headache,S067
128.17,0.65,-22.93098619198445,1.1245533338043647,60.988400020492264,34.41,2.0,headache,S067
-114.92,0.65,-22.995358544603494,1.0827907645972374,61.02955352829406,34.41,2.0,headache,S067
-206.25,0.65,-19.74363949651839,1.5817026539279373,62.076009301064005,34.41,2.0,headache,S067
8.51,0.65,-21.417786793503637,2.250826036022024,61.359633900914034,34.41,2.0,headache,S067
19.14,0.66,-21.10598874413699,2.177443916736677,61.65220788346433,34.41,2.0,headache,S067
39.79,0.66,-20.914770359886802,1.9775750771775462,61.81732728951725,34.41,2.0,headache,S067
-185.6,0.65,-21.080131391468374,2.0152856282487983,61.647460019568854,34.41,2.0,headache,S067
78.36,0.66,-20.832039459877848,1.9858028661741998,61.75782005280968,34.43,2.0,headache,S067
161.47,0.66,-21.01416678223753,2.0137000704593433,61.68130659764852,34.43,2.0,headache,S067
-29.09,0.65,-20.975513869763095,1.987072554444428,61.988819114831344,34.43,2.0,headache,S067
48.51,0.66,-21.030161238524194,2.0116217958517164,61.643366904695824,34.43,2.0,headache,S067
-0.72,0.66,-20.875074705706584,1.9904155395031975,61.97812727951924,34.43,2.0,headache,S067
-14.21,0.65,-20.981160680492657,2.0065159273276945,61.66725828714525,34.43,2.0,headache,S067
37.92,0.66,-20.932034106466375,1.9981339088945775,62.05177736823342,34.43,2.0,headache,S067
-5.43,0.66,-20.771277397776476,1.994515043808831,61.67108635191477,34.43,2.0,headache,S067
-15.51,0.65,-21.098290207637262,2.018158257082893,61.898445655703426,34.41,2.0,headache,S067
30.27,0.66,-20.900913548728298,1.9560753089093244,61.57025088004258,34.41,2.0,headache,S067
-24.32,0.66,-21.271643306347148,2.121436394092216,62.05929009464227,34.41,2.0,headache,S067
12.35,0.65,-19.17306224140446,1.4965846140404422,61.684278966941946,34.41,2.0,headache,S067
20.16,0.66,-19.97216574966764,1.4148429680453705,61.67290902867571,34.43,2.0,headache,S067
-28.06,0.66,-20.935395574910004,3.401049342961956,61.74366403574194,34.43,2.0,headache,S067
44.52,0.66,-19.939605154647612,3.1301576068015473,62.23968934288421,34.43,2.0,headache,S067
41.81,0.66,-16.06163403071386,1.9034554296304986,63.18254404821939,34.43,2.0,headache,S067
21.54,0.66,-15.487907505591613,2.2740476459169074,62.49351195872066,34.45,2.0,headache,S067
34.02,0.66,-19.929029138014474,3.939521787138354,62.35435286480746,34.45,2.0,headache,S067
-9.57,0.66,-19.60091554446513,4.0376359046770975,61.65690385861854,34.45,2.0,headache,S067
-172.28,0.66,-20.470975676311564,4.095262600717368,62.0084982762508,34.45,2.0,headache,S067
-49.52,0.66,-19.87158268053653,3.9106360780864393,61.93980471228328,34.43,2.0,headache,S067
7.7,0.66,-20.250003726692935,4.089769890683047,61.769336926547474,34.43,2.0,headache,S067
18.1,0.66,-19.914779478316472,3.902454312342776,61.76519984763966,34.43,2.0,headache,S067
-4.21,0.65,-20.11252534397774,4.140692213439722,62.006360181061474,34.43,2.0,headache,S067
-4.02,0.66,-19.92677209573796,4.017063497950343,61.851879439646424,34.43,2.0,headache,S067
23.28,0.66,-20.032944804867732,4.04787779758313,62.02584900938136,34.43,2.0,headache,S067
-38.17,0.65,-19.98613799501199,3.936835685622555,61.98747576097261,34.43,2.0,headache,S067
37.44,0.66,-20.4105111306632,4.075624064171678,61.942480717749184,34.43,2.0,headache,S067
-10.75,0.66,-19.99960826146485,3.9049848252187336,61.80400556566467,34.43,2.0,headache,S067
-10.74,0.65,-20.21187100266131,4.153808152629474,62.01140092310069,34.43,2.0,headache,S067
44.67,0.66,-20.12076704375808,4.214168676717901,61.995536180862224,34.43,2.0,headache,S067
-15.71,0.66,-20.015379544165068,3.92690566492762,61.9075107033808,34.43,2.0,headache,S067
-6.1,0.65,-19.967097034563533,4.004818581184653,61.93579014164357,34.41,2.0,headache,S067
28.41,0.66,-20.039950982613206,4.0142349137783855,61.89893657863478,34.41,2.0,headache,S067
-27.83,0.66,-19.951770424197658,3.9762563553512513,62.0172114601388,34.41,2.0,headache,S067
11.51,0.66,-20.099893096415265,4.029685955305266,61.92154805771042,34.41,2.0,headache,S067
19.86,0.66,-20.103827200657374,3.9660712089602415,61.576711916205966,34.45,2.0,headache,S067
-26.11,0.65,-20.09468793749847,4.037257101444016,62.01145027061547,34.45,2.0,headache,S067
24.73,0.66,-20.04721318175096,3.9599342718608312,61.83162134966612,34.45,2.0,headache,S067
-0.58,0.66,-20.34894856822571,4.042581292512678,61.75031401862377,34.45,2.0,headache,S067
-24.01,0.65,-20.317391568345535,3.955050308312375,61.87238516620642,34.41,2.0,headache,S067
32.06,0.66,-20.412737911537683,4.04727626239644,61.92486162254339,34.41,2.0,headache,S067
-14.49,0.66,-20.191590505219185,3.950353052902981,61.882552776858404,34.41,2.0,headache,S067
-11.0,0.66,-20.232841504713594,4.052141399565467,61.82525143216704,34.41,2.0,headache,S067
17.74,0.66,-20.174349051010008,3.9451569523649455,61.97250244414965,34.43,2.0,headache,S067
-28.57,0.66,-20.029576820469302,4.05784909416198,61.76993663549869,34.43,2.0,headache,S067
14.54,0.66,-20.23733492187852,3.938716881521154,62.045837680682936,34.43,2.0,headache,S067
-0.76,0.66,-19.975027459426983,4.065313921484155,61.962250632431754,34.43,2.0,headache,S067
-23.47,0.66,-20.03456639245443,3.9298128272430737,62.033246509727284,34.43,2.0,headache,S067
33.01,0.66,-20.21875878810692,4.076283597792177,61.81722343880975,34.43,2.0,headache,S067
-20.19,0.66,-20.196420403737303,3.9157641730380757,61.868805824558834,34.43,2.0,headache,S067
3.33,0.66,-20.038286639632517,4.095187430912238,61.8909205836272,34.43,2.0,headache,S067
25.16,0.66,-20.20261452076856,3.888568036375508,62.06712954501692,34.41,2.0,headache,S067
-29.67,0.66,-20.393669552552094,4.137923486223142,61.721209022515474,34.41,2.0,headache,S067
21.43,0.66,-20.280476922995877,3.8687391997724725,61.62306673798755,34.41,2.0,headache,S067
-1.47,0.66,-20.724112190862506,4.743437710746545,61.477122022579366,34.41,2.0,headache,S067
14.82,0.66,-20.565538685246466,4.705144749140819,61.42491619549787,34.43,2.0,headache,S067
16.89,0.66,-20.98660949447954,5.419161690722909,61.21849905509838,34.43,2.0,headache,S067
-52.51,0.66,-21.008608051239378,5.606588988022453,61.156270204256245,34.43,2.0,headache,S067
6.32,0.66,-21.140622840236,4.90719214544803,60.934147092400515,34.43,2.0,headache,S067
18.64,0.66,-20.949186659912176,5.0986030174001,61.12009656878102,34.41,2.0,headache,S067
-23.27,0.66,-21.167338546368967,5.0771863758319835,61.01433451910674,34.41,2.0,headache,S067
23.95,0.66,-20.960025995744424,4.98857979907795,61.26581021773885,34.41,2.0,headache,S067
-15.07,0.66,-21.023101765708372,5.012190926498683,61.21732497083342,34.41,2.0,headache,S067
-20.06,0.66,-21.057659681068955,4.982327642321874,61.34599204430387,34.43,2.0,headache,S067
26.59,0.66,-21.104918824294625,5.0244607221343465,61.58514312119294,34.43,2.0,headache,S067
-29.22,0.66,-20.71154073456082,4.967534015909716,61.42603847581688,34.43,2.0,headache,S067
10.07,0.66,-21.000182650404504,5.042645037982947,61.34420346048103,34.43,2.0,headache,S067
18.65,0.66,-20.986346175672423,4.942521535398792,61.515454022231815,34.41,2.0,headache,S067
-36.37,0.66,-21.014613418101327,5.084542009780874,61.46297900464135,34.41,2.0,headache,S067
31.89,0.66,-20.987044108429615,4.831355013123156,61.2004945952759,34.41,2.0,headache,S067
0.16,0.66,-21.009975143937965,5.292029919116774,61.41058794700121,34.41,2.0,headache,S067
-13.38,0.66,-20.994398148784338,5.4500381512404905,61.23806054129171,34.41,2.0,headache,S067
33.0,0.66,-20.998751736429938,5.107220877379219,61.25500535767507,34.41,2.0,headache,S067
-22.91,0.66,-21.01520500041481,5.02560807719524,60.98903166507219,34.41,2.0,headache,S067
23.6,0.66,-20.9009398448221,4.993294022100809,61.397011936961036,34.41,2.0,headache,S067
7.72,0.66,-20.945201909056156,4.981806694813197,61.37690812745813,34.43,2.0,headache,S067
-32.15,0.66,-20.771528981758504,4.631954205037937,61.13270452610408,34.43,2.0,headache,S067
19.45,0.66,-21.0124479506912,5.0096023929123685,61.432577116631855,34.43,2.0,headache,S067
-26.07,0.66,-20.89004499463727,4.8700089373001525,61.487700962808496,34.43,2.0,headache,S067
14.53,0.66,-20.83595107870436,5.005821961253236,61.484589452365555,34.45,2.0,headache,S067
-0.66,0.66,-20.810913199187567,5.003808063455462,61.59688924650267,34.45,2.0,headache,S067
-19.48,0.66,-20.754358403924517,4.986615996409999,60.98569502162567,34.45,2.0,headache,S067
38.61,0.66,-21.114344778182378,4.8856870820987774,61.238699995221324,34.45,2.0,headache,S067
-25.75,0.66,-20.91032639066114,4.992545950223916,61.34112909758701,34.43,2.0,headache,S067
13.79,0.66,-21.081698478068155,5.016577107761612,61.216702844995936,34.43,2.0,headache,S067
13.68,0.66,-20.914422259941563,4.974179841250923,60.92861895641214,34.43,2.0,headache,S067
-27.7,0.66,-21.143111770874373,5.041842366103366,61.15912819437416,34.43,2.0,headache,S067
22.4,0.67,-21.017818564560514,4.889226449792348,61.10545035658735,34.43,2.0,headache,S067
-19.16,0.66,-21.02671681715229,4.966448652045466,61.28619005698072,34.43,2.0,headache,S067
-8.55,0.66,-20.957540644532937,4.925980674642945,61.427878049131934,34.43,2.0,headache,S067
27.68,0.67,-21.14383370942915,4.564993018665106,61.39996916460793,34.43,2.0,headache,S067
-37.38,0.66,-21.000713460691966,4.886461590424957,61.42380994594857,34.45,2.0,headache,S067
18.61,0.66,-21.01426127434177,4.983034852313131,61.24535860736324,34.45,2.0,headache,S067
12.93,0.67,-20.98178165790615,5.013771264743932,61.41159684822244,34.45,2.0,headache,S067
-33.08,0.66,-21.01971402593347,4.988240218686525,61.34452945334474,34.45,2.0,headache,S067
35.12,0.66,-20.979779654285462,5.0117257142142,61.30846651318852,34.47,2.0,headache,S067
-1.93,0.66,-21.020184801391046,4.9853594274462045,61.41793078222185,34.47,2.0,headache,S067
-21.21,0.66,-20.980243468765707,5.02486375764289,61.436550374047705,34.47,2.0,headache,S067
35.13,0.66,-21.01894080439455,4.912889317211811,61.13304524833689,34.47,2.0,headache,S067
-17.29,0.66,-20.98239213863171,4.930716281462931,61.44817886336541,34.45,2.0,headache,S067
-9.84,0.66,-21.015379600268982,5.016872666568141,61.183196442941245,34.45,2.0,headache,S067
29.57,0.66,-20.9888496773572,4.874698363659592,61.006546173714256,34.45,2.0,headache,S067
-23.84,0.66,-21.000362125976096,4.832518300157698,61.350571275723865,34.45,2.0,headache,S067
-0.38,0.66,-21.0802398749812,4.594383387143195,61.249848471532445,34.45,2.0,headache,S067
9.58,0.66,-21.073896122558047,4.958367731590745,61.17166061250776,34.45,2.0,headache,S067
-35.95,0.66,-20.954284926786798,4.971271554954704,61.1265654298318,34.45,2.0,headache,S067
27.34,0.66,-21.038789025418055,5.036120132827729,61.38262104259491,34.45,2.0,headache,S067
-15.69,0.66,-20.964067402136887,4.959606026620363,61.53340543078687,34.45,2.0,headache,S067
-20.65,0.66,-21.034660059295962,5.046745674109938,61.30372738288033,34.45,2.0,headache,S067
35.3,0.66,-20.96571760023941,4.832671943429729,61.3584553400242,34.45,2.0,headache,S067
-30.69,0.66,-21.03459422478898,5.0399648167578,61.02715198821724,34.45,2.0,headache,S067
14.76,0.66,-20.964386741036577,4.948054752033478,61.295146832741686,34.47,2.0,headache,S067
23.58,0.66,-21.03756123258249,5.0680851309368355,61.18886451311332,34.47,2.0,headache,S067
-25.14,0.66,-20.958982772161008,4.878724042537579,61.18348665842711,34.47,2.0,headache,S067
33.67,0.66,-21.047515050029087,4.978311765587,61.56578212296278,34.47,2.0,headache,S067
-11.57,0.67,-20.93761514342284,4.905899730604428,61.19375137311349,34.45,2.0,headache,S067
-15.1,0.66,-21.124997440526887,4.965798434975149,61.01730161236326,34.45,2.0,headache,S067
24.88,0.67,-21.063056462448927,4.869601714231557,61.48136690832965,34.45,2.0,headache,S067
-32.36,0.67,-20.958782038844046,5.057657382596209,61.67046166510828,34.45,2.0,headache,S067
17.93,0.67,-20.77251157094997,4.780175799217483,61.19450236279755,34.45,2.0,headache,S067
9.51,0.66,-20.992932707695765,4.867149830176733,61.26810919641633,34.45,2.0,headache,S067
-39.15,0.67,-20.99550964526022,5.05026784917639,60.9400842456944,34.45,2.0,headache,S067
37.99,0.66,-21.009275474777635,4.972023285314611,61.245421281372714,34.45,2.0,headache,S067
-1.85,0.67,-20.987234778939097,5.014415729464031,61.773505314457275,34.45,2.0,headache,S067
-25.34,0.67,-21.016181268056503,5.000391438272142,61.220306030615525,34.45,2.0,headache,S067
43.69,0.67,-20.979390220273157,4.896644879782168,61.20223777211428,34.45,2.0,headache,S067
-16.09,0.67,-21.02875971503592,4.851745616662131,61.35853077495907,34.45,2.0,headache,S067
-13.3,0.67,-20.941825512834406,4.901190906748479,61.13753376503812,34.45,2.0,headache,S067
37.18,0.66,-20.904535238860763,4.9520770706871025,61.01554314068318,34.45,2.0,headache,S067
-28.16,0.67,-21.01486451791741,5.04130374140983,61.45190078017881,34.45,2.0,headache,S067
-5.65,0.67,-20.996110782257876,4.884334130776219,61.37494768482429,34.45,2.0,headache,S067
23.58,0.66,-21.000147323725617,4.957451881074831,61.06792339658647,34.45,2.0,headache,S067
-40.22,0.66,-20.99868062487103,5.018372141049389,61.27844014860561,34.45,2.0,headache,S067
16.66,0.67,-20.865854820712556,4.982314873729065,61.37014342903913,34.45,2.0,headache,S067
19.54,0.66,-21.02025405749041,4.883392017492842,61.20383982853168,34.45,2.0,headache,S067
-41.96,0.67,-20.98040519123782,5.000174181746095,61.32769406108242,34.47,2.0,headache,S067
32.68,0.67,-21.02241873720733,5.00456383450433,61.27463159613057,34.47,2.0,headache,S067
3.28,0.67,-20.971552690411656,4.991205864000648,61.24473675869341,34.47,2.0,headache,S067
-30.82,0.66,-21.042405073931466,5.018398060489528,61.24882347070412,34.47,2.0,headache,S067
36.28,0.67,-20.888912489248288,4.921567714132471,61.45923820120824,34.47,2.0,headache,S067
-12.87,0.67,-20.97136781741526,4.917894244357232,61.043637787741,34.47,2.0,headache,S067
-20.41,0.67,-20.78449770352384,4.961995766586537,61.54370338146009,34.47,2.0,headache,S067
30.22,0.67,-20.60043924134337,4.807040224495428,61.476019641878565,34.47,2.0,headache,S067
-32.04,0.67,-21.087424427140757,4.901909690000846,61.30675245690899,34.47,2.0,headache,S067
6.99,0.66,-20.622042334710226,4.617718685105956,61.697695887205896,34.47,2.0,headache,S067
28.28,0.67,-20.756000877610084,4.759180406416999,61.196713026914594,34.47,2.0,headache,S067
-41.8,0.67,-20.84098217522361,4.881965004652447,61.09881957431011,34.47,2.0,headache,S067
26.9,0.67,-20.789069439222096,4.882970034687362,61.601993659831294,34.47,2.0,headache,S067
11.7,0.67,-21.011220847289625,4.955986426934041,61.11252068768975,34.47,2.0,headache,S067
-35.48,0.66,-20.994762063503217,5.002335712685737,61.39383127561728,34.47,2.0,headache,S067
39.13,0.67,-21.004700892874236,5.005661842062938,61.17616572894174,34.47,2.0,headache,S067
-7.17,0.67,-20.99335013110675,4.991367522408178,61.03589137952843,34.49,2.0,headache,S067
-25.06,0.66,-21.04502277376326,5.010028269740112,61.43620719638522,34.49,2.0,headache,S067
27.26,0.67,-20.945942340324464,4.989231638013155,61.10084505520582,34.49,2.0,headache,S067
-27.09,0.67,-21.03136930468411,5.011185878562739,61.25406668636022,34.49,2.0,headache,S067
5.65,0.67,-20.89136039688926,4.98857604760211,61.43906802401599,34.47,2.0,headache,S067
26.73,0.67,-20.953390986830208,5.0115507926973875,61.08652417271344,34.47,2.0,headache,S067
-44.08,0.67,-21.019483545303878,4.98839921376799,61.277493341571734,34.47,2.0,headache,S067
30.96,0.66,-20.98707503884311,5.011591279303498,61.49978342542612,34.47,2.0,headache,S067
6.4,0.67,-21.01019806290664,4.988469974044198,61.279679892961866,34.47,2.0,headache,S067
-29.69,0.56,-20.99108543367485,5.011418567650776,61.161931881562914,34.47,2.0,headache,S067
40.26,0.5,-21.008468624287868,4.988746428832616,61.11591123919519,34.47,2.0,headache,S067
-1.74,0.49,-20.99110069733476,5.011026890262816,61.0294004902423,34.47,2.0,headache,S067
-32.02,0.49,-21.01164294543439,4.98927550350622,61.22094301879757,34.5,2.0,headache,S067
32.75,0.49,-20.871256432844884,5.010323938145039,61.35176513786388,34.5,2.0,headache,S067
-16.22,0.5,-20.99637728385552,4.990210712856193,60.957207068043246,34.5,2.0,headache,S067
-18.15,0.5,-21.00033094244626,5.009061049798992,61.007432423154995,34.5,2.0,headache,S067
39.55,0.49,-21.000013601336388,4.991965319157411,61.0310453705254,34.49,2.0,headache,S067
-26.73,0.5,-21.00094434461961,5.006509775332638,61.18231450055077,34.49,2.0,headache,S067
-18.0,0.5,-20.996185651059662,4.995949844840631,61.110905235796096,34.49,2.0,headache,S067
43.02,0.49,-21.01241862212416,4.999498309410344,61.03626645990341,34.49,2.0,headache,S067
-23.68,0.5,-20.843728577765535,5.011545929341153,61.32026476874824,34.49,2.0,headache,S067
-12.42,0.49,-20.86956625247784,4.9257116642725665,61.34417517087186,34.49,2.0,headache,S067
30.25,0.49,-20.90671876978315,4.915664446576883,61.37645361740746,34.49,2.0,headache,S067
-34.22,0.5,-20.98710056285271,5.040924422532211,61.11226447188981,34.49,2.0,headache,S067
-10.44,0.5,-21.018110842384754,4.968452252976915,61.099503671023534,34.5,2.0,headache,S067
28.46,0.49,-20.97956965036808,5.027670735326818,61.22881566366825,34.5,2.0,headache,S067
-43.78,0.5,-21.022964548207703,4.974213597651454,61.234483284135344,34.5,2.0,headache,S067
14.0,0.5,-20.97336703838577,5.024972824015993,61.12523273896157,34.5,2.0,headache,S067
34.71,0.49,-21.032822375411477,4.975014654334104,61.04614263977321,34.49,2.0,headache,S067
-32.25,0.49,-20.953523170001628,5.025946283700239,61.16529803104376,34.49,2.0,headache,S067
28.95,0.5,-21.132685681136984,4.971476933371812,61.128728456986146,34.49,2.0,headache,S067
12.76,0.51,-21.011793483872946,5.035248554383533,60.91245548402384,34.49,2.0,headache,S067
-31.33,0.5,-21.047875412280245,4.936103103842071,61.39628940910693,34.49,2.0,headache,S067
27.86,0.5,-21.09465732869183,4.908971328982059,61.45274928116424,34.49,2.0,headache,S067
-16.15,0.5,-20.999521824405438,5.011929071744603,60.9052748223811,34.49,2.0,headache,S067
-18.5,0.49,-20.905534225762803,4.9984836368043775,61.19946206257153,34.49,2.0,headache,S067
38.59,0.5,-20.94689028102506,4.997694423693709,61.10682079825381,34.49,2.0,headache,S067
-31.5,0.49,-21.02175210205377,5.004122823145913,61.068772541654134,34.49,2.0,headache,S067
4.21,0.49,-20.987884225739975,4.99492309383584,61.284573185771,34.49,2.0,headache,S067
38.3,0.5,-21.007071750170446,5.005597413947031,61.00540204430242,34.49,2.0,headache,S067
-34.46,0.5,-20.995931314447844,4.994100004376715,61.020299479156556,34.49,2.0,headache,S067
15.38,0.49,-21.00260172206739,5.006136653948883,61.17981553046871,34.49,2.0,headache,S067
21.28,0.51,-20.996702256384758,4.993524615950894,61.35318075453501,34.49,2.0,headache,S067
-35.67,0.49,-21.010104278512117,5.007201696601987,61.75891669011765,34.49,2.0,headache,S067
17.39,0.49,-20.88899768330043,4.9910167083643815,61.367755868308244,34.49,2.0,headache,S067
3.51,0.5,-20.974203498762684,5.013951741906176,61.31067488877862,34.49,2.0,headache,S067
-34.69,0.5,-20.951577660856064,4.965787066703163,61.2230790943759,34.49,2.0,headache,S067
34.25,0.49,-20.71012501677555,4.759724775540448,61.14255842449329,34.49,2.0,headache,S067
-13.44,0.5,-21.09621481665315,4.945210343110175,61.604350149405136,34.49,2.0,headache,S067
-25.63,0.5,-21.02305872833651,4.5959926005818454,61.32488373906414,34.49,2.0,headache,S067
37.0,0.49,-20.809580763743128,5.110578791276772,61.69946411678728,34.49,2.0,headache,S067
-27.61,0.5,-21.146142069666958,4.290253039565962,61.55073680653507,34.49,2.0,headache,S067
-12.1,0.5,-20.539185831449956,4.679057885635149,61.57612589443697,34.49,2.0,headache,S067
38.96,0.49,-20.13745715976092,5.068244336791826,61.68437113727394,34.49,2.0,headache,S067
-28.19,0.5,-20.19112938987685,5.144866826832626,61.770473577470696,34.49,2.0,headache,S067
8.39,0.5,-20.359884966316187,4.819848763606337,61.63446145305691,34.49,2.0,headache,S067
18.71,0.5,-21.21213960374085,4.885574363562122,61.44472104824027,34.49,2.0,headache,S067
-38.29,0.5,-21.892206248001866,4.751734555925404,61.37977264750015,34.49,2.0,headache,S067
14.68,0.5,-21.475755497142615,4.162004504450756,61.56416541151508,34.49,2.0,headache,S067
3.41,0.49,-20.80396293496334,4.165134682802345,61.361976155123635,34.49,2.0,headache,S067
8.57,0.5,-25.50551320498666,5.129166749679489,59.91242978053977,34.5,2.0,headache,S067
62.79,0.5,-26.79075507341411,5.766398456771618,59.43490398823901,34.5,2.0,headache,S067
-26.12,0.5,-23.325846807375793,3.917995631756213,60.63687520626334,34.5,2.0,headache,S067
-6.49,0.5,-23.908869441660798,3.2400289640887916,60.26784355670041,34.5,2.0,headache,S067
8.13,0.5,-23.08151416949687,2.4818229179210642,61.000316836850274,34.5,2.0,headache,S067
-71.37,0.5,-23.292403528794367,2.7201880814070845,61.04988694027542,34.5,2.0,headache,S067
18.0,0.5,-21.881806168206033,2.5622653923743983,61.38006470691052,34.5,2.0,headache,S067
15.93,0.5,-22.172056990588977,2.5367725293800785,61.12311440410539,34.5,2.0,headache,S067
-36.75,0.5,-20.817161926178215,1.8656625262551731,61.667238404992595,34.53,2.0,headache,S067
10.45,0.5,-20.679628107548456,3.306215073619774,61.92917520636483,34.53,2.0,headache,S067
9.36,0.5,-20.854444522443163,2.604966055255108,61.47266383064687,34.53,2.0,headache,S067
43.87,0.5,-21.81892519799636,2.426138409975077,61.39663857999586,34.53,2.0,headache,S067
56.79,0.5,-21.673641394564978,2.16407081262802,61.41118745770122,34.5,2.0,headache,S067
-55.05,0.5,-21.50203693923637,2.147301801693925,61.80339799090379,34.5,2.0,headache,S067
-39.71,0.49,-21.47454729096812,2.6243602991518196,61.27029165655222,34.5,2.0,headache,S067
-10.75,0.5,-21.620228436372372,2.56135922233109,61.55597197517318,34.5,2.0,headache,S067
-37.26,0.5,-22.475838552484454,2.0017524352522194,61.139508853270364,34.5,2.0,headache,S067
36.32,0.5,-22.719029651721563,2.3394786561589385,61.05497882889154,34.5,2.0,headache,S067
2.55,0.5,-23.096454788635935,1.9354718875235528,60.90464480150701,34.5,2.0,headache,S067
-0.22,0.5,-22.969188592159483,2.082235001218442,61.02439700781754,34.5,2.0,headache,S067
55.69,0.5,-23.030034070625465,1.9110026136641398,60.98390144860744,34.53,2.0,headache,S067
-34.52,0.5,-22.94333938758817,2.0950871301277663,61.01270959910348,34.53,2.0,headache,S067
13.84,0.49,-22.9005501192989,1.896721591467518,60.98938663800494,34.53,2.0,headache,S067
-23.84,0.5,-23.02141361437549,2.116781578388024,61.009001682809775,34.53,2.0,headache,S067
-21.69,0.5,-22.988151003344207,1.8554942979543918,60.99247461113647,34.53,2.0,headache,S067
30.81,0.49,-23.01220066441644,2.2518322214256683,61.00578332219443,34.53,2.0,headache,S067
-41.89,0.5,-22.942266949286605,2.0469591999484185,60.99771824082417,34.53,2.0,headache,S067
39.82,0.5,-22.79898419564277,2.3891604631653043,60.883662655283345,34.53,2.0,headache,S067
11.33,0.5,-22.86061259349739,2.1997829194903855,60.985211458342725,34.53,2.0,headache,S067
-35.03,0.5,-23.021878033400473,2.0709159263630963,61.011398164055194,34.53,2.0,headache,S067
28.92,0.5,-22.992277183800837,1.991742784266428,60.989324912077514,34.53,2.0,headache,S067
-7.79,0.5,-23.00028585903244,2.0172763213288696,61.01094305727645,34.53,2.0,headache,S067
-11.84,0.5,-23.006470081659774,1.973914663930572,60.98789062890378,34.53,2.0,headache,S067
40.24,0.5,-22.984720916342102,2.0367198265825497,61.01462769394056,34.53,2.0,headache,S067
-29.06,0.5,-23.031065087930305,2.09383910556452,60.9799920063016,34.53,2.0,headache,S067
-3.39,0.5,-22.920753029371674,2.2776618363576175,61.03459067211398,34.53,2.0,headache,S067
47.55,0.5,-23.022952086399634,1.9775375694598616,60.83002726824801,34.53,2.0,headache,S067
-31.7,0.5,-23.205017511507712,2.4464593440715725,60.87900334910989,34.53,2.0,headache,S067
-2.7,0.5,-23.178946657430153,2.209213645195118,61.02933209349714,34.53,2.0,headache,S067
21.67,0.5,-23.047802881687176,1.967981554158219,60.98070902631174,34.53,2.0,headache,S067
-40.91,0.5,-22.95983110744046,2.0035807253343174,61.01492277445595,34.5,2.0,headache,S067
18.4,0.5,-23.037031740397804,2.008587078767967,60.98744441214544,34.5,2.0,headache,S067
21.86,0.5,-22.962364152881797,1.9835964081035578,61.01111978509686,34.5,2.0,headache,S067
-48.44,0.5,-23.04577788323572,2.023816216021634,60.98981069073721,34.5,2.0,headache,S067
20.67,0.5,-22.873768680177392,1.9639213277144159,61.009561194507924,34.53,2.0,headache,S067
13.93,0.5,-22.971389037612052,2.098974071745132,60.9908733698767,34.53,2.0,headache,S067
-37.11,0.5,-23.002672066756947,2.0675516506148455,61.00882214307529,34.53,2.0,headache,S067
33.93,0.5,-23.00348731683066,2.2212960915800415,60.99139173024788,34.53,2.0,headache,S067
-3.04,0.5,-22.993819412772606,2.0130675816124524,61.008459209354214,34.53,2.0,headache,S067
-27.99,0.5,-23.007929074377262,1.991616019835191,60.991642615469026,34.53,2.0,headache,S067
37.45,0.5,-22.99032580524822,2.0142657173175764,61.008290392770334,34.53,2.0,headache,S067
-11.75,0.5,-23.011786416958675,1.9654126456340704,60.99175079457236,34.53,2.0,headache,S067
-20.61,0.5,-23.01630890205517,2.147952015961507,61.008227055234435,34.53,2.0,headache,S067
24.7,0.5,-23.036983205546477,2.3044915473757253,60.99178127848726,34.53,2.0,headache,S067
-31.66,0.5,-23.099897121261584,1.9123483246715185,61.00822005381152,34.53,2.0,headache,S067
3.76,0.5,-22.8822980589793,2.0641107423901928,60.9917723573795,34.53,2.0,headache,S067
24.7,0.5,-22.94919526731383,1.9449360983316613,61.00823858247433,34.53,2.0,headache,S067
-43.51,0.5,-23.01213932170223,2.0508505394072074,60.991749706780574,34.53,2.0,headache,S067
26.32,0.5,-22.995654153950255,1.9507827188455418,61.00826037684807,34.53,2.0,headache,S067
19.99,0.5,-23.000687433506464,2.050032597923081,60.99173350614316,34.53,2.0,headache,S067
-36.36,0.51,-23.001967315256152,1.9434904101563497,61.00826624646259,34.55,2.0,headache,S067
32.93,0.5,-22.99546557085555,2.1563255149253755,60.991742942864896,34.55,2.0,headache,S067
8.86,0.5,-23.007542307579328,1.9890133101025018,61.008236030056565,34.55,2.0,headache,S067
-27.31,0.5,-22.98839789346187,2.0224957084661432,60.99180021994549,34.55,2.0,headache,S067
32.11,0.5,-23.017537783247224,1.9826567960901027,61.00814420741007,34.53,2.0,headache,S067
-10.22,0.5,-23.106568781353563,2.1287828616276387,60.991935814139595,34.53,2.0,headache,S067
-19.73,0.5,-23.08190126399335,1.990411627910932,61.00795311141916,34.53,2.0,headache,S067
28.99,0.5,-23.061535962692272,2.0243409705111817,60.99219777599532,34.53,2.0,headache,S067
-31.96,0.5,-22.994414266078998,1.9733573308586747,61.007599547147194,34.53,2.0,headache,S067
0.08,0.51,-22.930987008405616,2.0270485380537324,60.99267183962185,34.53,2.0,headache,S067
28.71,0.5,-22.915576488192045,1.9732685144923294,61.006963248429706,34.53,2.0,headache,S067
-38.62,0.5,-23.039022366064504,2.025973128745646,60.993533227141526,34.53,2.0,headache,S067
20.35,0.5,-22.97242026641987,1.9750381681215823,61.00577717445166,34.55,2.0,headache,S067
17.09,0.5,-23.02195406243774,2.024890644625769,60.99521230772907,34.55,2.0,headache,S067
-34.4,0.5,-22.981565836710335,2.231910441320263,61.00329528474656,34.55,2.0,headache,S067
33.5,0.51,-23.015869968322612,2.007408588593494,60.999139962047245,34.55,2.0,headache,S067
-1.01,0.5,-22.98637982477109,2.003594566603224,60.99631647412429,34.53,2.0,headache,S067
-23.85,0.5,-23.01040082993437,1.9685564153226212,61.014775495052334,34.53,2.0,headache,S067
33.15,0.5,-23.01622270827401,2.171424231596037,60.92117096537868,34.53,2.0,headache,S067
-27.76,0.51,-22.738743732847308,2.301106057920397,60.920461765919086,34.53,2.0,headache,S067
2.3,0.5,-22.984972624831062,1.8790363738897198,61.03717329450579,34.53,2.0,headache,S067
25.48,0.5,-23.011270438528598,2.090182979951275,60.97224301700938,34.53,2.0,headache,S067
-40.36,0.51,-22.989611122040685,1.9221631352367916,61.02364747753952,34.53,2.0,headache,S067
19.86,0.5,-23.009911150482562,2.0715728721539453,60.97864135485404,34.53,2.0,headache,S067
10.22,0.5,-22.99037316269247,1.9318319761748575,61.019902631864255,34.55,2.0,headache,S067
-29.12,0.5,-23.009508654777722,2.06646169723318,60.98111011394261,34.55,2.0,headache,S067
36.36,0.5,-22.990423253602195,1.9339877888749983,61.01813343755686,34.55,2.0,headache,S067
-9.03,0.5,-23.009887908445435,2.066752554444511,60.982470414379236,34.55,2.0,headache,S067
-16.61,0.5,-22.98944381793424,1.9310262808076222,61.01701271419364,34.53,2.0,headache,S067
37.2,0.5,-23.01181635188149,2.073652091335714,60.983465234680764,34.53,2.0,headache,S067
-28.42,0.51,-22.98578253746792,1.9159274021950687,61.016053739544866,34.53,2.0,headache,S067
-4.35,0.5,-23.019377535412417,2.120762051951361,60.984475158889495,34.53,2.0,headache,S067
28.54,0.5,-22.96528710736558,2.0148655289556263,61.01489013613082,34.55,2.0,headache,S067
-35.75,0.5,-23.213742651043482,2.3702062932693377,60.985938779900245,34.55,2.0,headache,S067
12.28,0.5,-23.39774867323676,2.728367332055452,61.012882249060716,34.55,2.0,headache,S067
28.47,0.5,-23.386202380116742,2.7664352970242363,60.988965539517665,34.55,2.0,headache,S067
-38.05,0.5,-23.35367620689668,2.4389795300144548,61.00772778647548,34.53,2.0,headache,S067
20.15,0.51,-23.728459644205188,2.3894031017211126,60.99971305084238,34.53,2.0,headache,S067
8.62,0.5,-23.462942692808912,2.344763294146779,60.97010735310259,34.53,2.0,headache,S067
-30.58,0.5,-22.96391995960253,2.6021193603034796,60.87481657589957,34.53,2.0,headache,S067
41.44,0.51,-23.031979141140155,2.845596167458387,61.04722504922876,34.53,2.0,headache,S067
-44.9,0.51,-22.96415229317069,2.294896181939346,60.96347094576255,34.53,2.0,headache,S067
-39.69,0.5,-23.13537953174974,2.1897083603014997,61.032510949246074,34.53,2.0,headache,S067
37.82,0.5,-23.008823872574894,2.1006613216635945,60.96941842624176,34.53,2.0,headache,S067
-34.37,0.5,-23.00788223069475,1.9264255150762812,61.029606401916965,34.57,2.0,headache,S067
36.02,0.5,-23.125427346724003,2.16757442410362,60.97081946836264,34.57,2.0,headache,S067
26.36,0.51,-22.986092305693305,1.9799590981564013,61.02913736534502,34.57,2.0,headache,S067
-20.82,0.5,-23.02066694902275,2.029236921579321,60.97058422835963,34.57,2.0,headache,S067
33.06,0.51,-22.816454542719544,2.0868793334535134,61.03002111918881,34.55,2.0,headache,S067
-19.6,0.51,-22.89213448066266,2.0448756282926186,60.968973629285756,34.55,2.0,headache,S067
-25.28,0.5,-23.04678983159238,1.9576428293712216,61.03261358455173,34.55,2.0,headache,S067
47.2,0.5,-22.964103917898772,2.041546351655885,60.964790161980865,34.55,2.0,headache,S067
-23.01,0.5,-23.03068422960112,1.9590575266280363,61.039974311365135,34.55,2.0,headache,S067
-18.81,0.51,-22.9771366219984,2.0402192392441134,60.948645602715345,34.55,2.0,headache,S067
32.52,0.5,-22.966212859953167,1.9608264580622794,61.116137839633375,34.55,2.0,headache,S067
-24.67,0.51,-22.857135924707613,2.0375402482158966,61.041765153872774,34.55,2.0,headache,S067
8.75,0.51,-23.29327144017557,1.965175656430903,61.00072839176342,34.55,2.0,headache,S067
20.98,0.5,-22.98120080823565,2.0298330397435853,60.98929949646527,34.55,2.0,headache,S067
-17.5,0.51,-22.928086797114883,1.981962429580105,61.01558466912178,34.55,2.0,headache,S067
48.74,0.51,-22.87676866736799,2.1377694549437267,60.98097869814894,34.55,2.0,headache,S067
-1.76,0.5,-22.99736410998255,2.050319724319025,61.022540712945876,34.53,2.0,headache,S067
-41.26,0.5,-22.894729341526954,2.0667891674234022,60.970529917941114,34.53,2.0,headache,S067
18.62,0.51,-22.94337162381397,2.2977542252186187,60.896083758109,34.53,2.0,headache,S067
-27.91,0.5,-22.83537629677273,2.2744384527064474,60.98850934807323,34.53,2.0,headache,S067
1.77,0.51,-22.814912956245042,1.8553978220652672,61.01671600799977,34.57,2.0,headache,S067
13.68,0.51,-22.997180330114617,2.3591149368266335,60.980981594535926,34.57,2.0,headache,S067
-22.4,0.5,-22.988850337727797,2.0527060402436295,61.02053031315884,34.57,2.0,headache,S067
22.8,0.51,-22.849789586673555,2.0776618955681707,60.97828051033663,34.57,2.0,headache,S067
-12.17,0.51,-23.078361886790344,1.9243180766168344,61.02275575795095,34.53,2.0,headache,S067
-10.35,0.5,-22.845707179732937,2.3084655489755845,60.97627890153182,34.53,2.0,headache,S067
16.43,0.51,-22.73491789786381,2.049325447360917,61.024664863357195,34.53,2.0,headache,S067
-20.09,0.51,-22.92662666468202,2.1886761192890605,60.97437639267315,34.53,2.0,headache,S067
4.05,0.5,-22.94756138913836,2.220935344887637,61.026630482054415,34.55,2.0,headache,S067
9.81,0.51,-23.022859169736858,2.3426240674993566,60.97227851573801,34.55,2.0,headache,S067
-25.24,0.51,-22.608627764916157,2.06021275273003,61.02894145808335,34.55,2.0,headache,S067
9.0,0.5,-22.990111606092572,2.5083088462055807,60.969648996625345,34.55,2.0,headache,S067
-6.01,0.52,-23.019464686832737,1.934577588313952,61.03203004563843,34.55,2.0,headache,S067
-15.69,0.51,-22.939755395001534,2.1661665733774527,60.96597258727173,34.55,2.0,headache,S067
9.44,0.5,-22.919113246384068,2.1157392598769,61.03560158112477,34.55,2.0,headache,S067
-6.37,0.51,-22.89683119678603,2.1611141757046433,61.00112209953257,34.55,2.0,headache,S067
-2.07,0.51,-22.845245574845322,2.2371480716729915,61.30313300217752,34.57,2.0,headache,S067
15.49,0.5,-22.692403614292154,2.4031149048018823,60.943076596112114,34.57,2.0,headache,S067
-19.19,0.51,-22.85350930285576,2.1549201286390045,60.98099158541805,34.57,2.0,headache,S067
4.75,0.51,-23.0438429600617,2.1074728704088184,60.862670741757,34.57,2.0,headache,S067
2.27,0.5,-22.701175750089792,1.934997431510554,61.031818073092985,34.55,2.0,headache,S067
-16.01,0.5,-22.984845493278435,2.0209622185746774,60.96636006125142,34.55,2.0,headache,S067
24.83,0.51,-22.970208335608902,1.9889211081817069,61.038621174182204,34.55,2.0,headache,S067
-8.33,0.51,-23.020673134873388,2.0545239936468778,60.952770986955194,34.55,2.0,headache,S067
8.57,0.5,-22.999080825704798,1.9563242140397055,61.27123153673707,34.57,2.0,headache,S067
17.71,0.51,-22.893355245217126,1.9626192085833127,60.984082360380874,34.57,2.0,headache,S067
-3.33,0.51,-22.332326245758974,2.2286081308364203,61.088046736523516,34.57,2.0,headache,S067
25.94,0.5,-23.084615278199223,2.3010443915380607,60.9452545583571,34.57,2.0,headache,S067
-12.87,0.51,-23.021175571354334,2.5499307759942322,60.98685970438063,34.53,2.0,headache,S067
-8.97,0.51,-22.857688494860234,2.3735125233087317,60.997190055474746,34.53,2.0,headache,S067
-7.62,0.51,-23.43148638867525,2.2910157729483216,61.01002613656011,34.53,2.0,headache,S067
-5.53,0.51,-23.189524692561857,2.693614459069815,60.98548508355911,34.53,2.0,headache,S067
24.81,0.5,-23.465798807975602,2.614529794714232,61.017914817661605,34.59,2.0,headache,S067
-26.03,0.51,-23.431437099887663,2.7150710258479305,60.9788643945981,34.59,2.0,headache,S067
19.28,0.51,-23.165417582981274,2.6890759900191314,61.02593677592889,34.59,2.0,headache,S067
-9.13,0.5,-23.772447793904952,2.6479278313064305,60.85066807184558,34.59,2.0,headache,S067
-7.78,0.51,-23.362080326829325,2.686594683390291,61.03791797520466,34.59,2.0,headache,S067
25.79,0.51,-23.04341381234646,2.795870997511193,61.111068589811005,34.59,2.0,headache,S067
-20.85,0.51,-23.73853029260439,2.1008690063013717,60.815559947377054,34.59,2.0,headache,S067
2.29,0.51,-23.5601396085252,3.1694994465878614,60.89938482044997,34.59,2.0,headache,S067
21.36,0.51,-23.5759869752801,2.5469754656088486,60.881164166955635,34.55,2.0,headache,S067
-31.04,0.51,-23.97596027440949,2.793460169941223,60.59697693414366,34.55,2.0,headache,S067
32.44,0.5,-24.505369066084018,1.8800413202364246,60.564788867523774,34.55,2.0,headache,S067
-0.12,0.51,-24.66480913958394,2.704887770577029,60.41110719957724,34.55,2.0,headache,S067
-37.69,0.51,-24.640175085089336,2.0587847696647463,60.37314448526987,34.55,2.0,headache,S067
38.76,0.51,-24.566956562803995,2.9136949858485983,60.48027371167581,34.55,2.0,headache,S067
15.09,0.51,-24.27225050582879,2.4788872038687746,60.59258726691819,34.55,2.0,headache,S067
-18.31,0.51,-25.022274253653592,2.030898757858006,60.48901746974513,34.55,2.0,headache,S067
9.52,0.51,-24.365076363937785,1.8182014474344954,60.832999494210924,34.57,2.0,headache,S067
-7.0,0.51,-24.523388997160193,2.234736991586668,60.431460415816844,34.57,2.0,headache,S067
-13.49,0.51,-24.339217418534027,2.152164848523087,60.37954627651653,34.57,2.0,headache,S067
41.92,0.51,-23.783640119836857,2.415857745062966,60.99460708408972,34.57,2.0,headache,S067
-13.0,0.51,-23.794946262032273,2.3841473052861883,60.87661703515923,34.59,2.0,headache,S067
-49.45,0.51,-23.88683277558372,2.288040261970889,60.976546047623046,34.59,2.0,headache,S067
10.1,0.5,-23.70728970036526,2.179172687145176,60.89443271483115,34.59,2.0,headache,S067
1.15,0.51,-23.741686999791074,2.245895794536474,60.98568681894038,34.59,2.0,headache,S067
-18.33,0.51,-23.854815775427284,2.115116384702849,61.02436078288327,34.57,2.0,headache,S067
23.84,0.51,-23.913513573846735,2.245586623864543,60.96878355747724,34.57,2.0,headache,S067
5.38,0.51,-23.492538847258345,2.074556755535519,61.0374918843,34.57,2.0,headache,S067
-18.8,0.51,-23.71092297906114,2.1227047187223023,60.95569645287142,34.57,2.0,headache,S067
12.19,0.51,-23.799388282806568,2.269934008368585,61.053178288672925,34.59,2.0,headache,S067
-1.94,0.51,-23.673261559899455,2.4464202766987686,60.72445797239647,34.59,2.0,headache,S067
-20.02,0.51,-23.240947179946048,1.799582125324135,61.00565596348161,34.59,2.0,headache,S067
24.1,0.51,-23.379991706599608,2.344627606768777,60.7163100127428,34.59,2.0,headache,S067
-9.95,0.51,-23.550785318989334,2.183866134320579,61.058904698984605,34.57,2.0,headache,S067
-0.97,0.51,-23.743427756621166,2.1360596674557444,60.92254906770657,34.57,2.0,headache,S067
34.12,0.51,-23.621845872224487,2.023848766676454,61.09982093276252,34.57,2.0,headache,S067
-53.79,0.53,-23.96531877323313,2.112689214616549,60.778027693551685,34.57,2.0,headache,S067
-0.39,0.51,-23.895345981479853,2.0478217308832494,61.10993313134522,34.57,2.0,headache,S067
33.94,0.51,-23.263109080146688,1.9837136903713963,60.81554415046634,34.57,2.0,headache,S067
-24.74,0.51,-22.84779547776607,1.8916566665445205,61.51715370516163,34.57,2.0,headache,S067
14.29,0.51,-22.16404063019423,1.1573455483353148,61.00899511155378,34.57,2.0,headache,S067
13.12,0.51,-23.204219511413697,1.4423823766191604,60.75151699946198,34.59,2.0,headache,S067
-14.44,0.51,-22.89635440153581,2.2605473203122326,61.14780224525222,34.59,2.0,headache,S067
-11.5,0.51,-23.35040886105649,1.7828845806737368,60.908913263866324,34.59,2.0,headache,S067
73.3,0.51,-22.913933090319034,2.2461026669557294,60.97135616458042,34.59,2.0,headache,S067
112.35,0.51,-23.140648826450025,2.035731066958758,60.89669458182742,34.57,2.0,headache,S067
-128.47,0.51,-23.33675177970877,2.1596699756885642,61.066014961872526,34.57,2.0,headache,S067
-83.76,0.51,-23.075254891873808,1.8084322619923223,60.930944856765855,34.57,2.0,headache,S067
-14.79,0.51,-23.244164231111004,2.2970072517765314,60.853000909822825,34.57,2.0,headache,S067
37.47,0.51,-23.18253071756886,2.146004716792765,60.924719077682994,34.59,2.0,headache,S067
-10.02,0.51,-23.472698174609544,2.1828448626376598,60.994211990982684,34.59,2.0,headache,S067
9.11,0.51,-23.377561963294582,2.1112631473292733,60.89661745183923,34.59,2.0,headache,S067
27.44,0.51,-23.162501512136775,2.2137106675333253,60.85517245602537,34.59,2.0,headache,S067
-22.8,0.51,-23.462636427439687,2.126171443705559,60.863318966503435,34.57,2.0,headache,S067
4.66,0.51,-23.233288474001064,2.179017889113722,60.912372890345544,34.57,2.0,headache,S067
3.02,0.51,-23.20573345742651,2.0681797634986854,60.967819435968146,34.57,2.0,headache,S067
-15.41,0.51,-23.044590197936888,2.416409157831007,60.88360213908048,34.57,2.0,headache,S067
26.59,0.51,-22.96877156863316,1.7421711913560438,61.023672467377224,34.57,2.0,headache,S067
-17.57,0.51,-23.0594823720061,2.2542446331482666,60.98238529829354,34.57,2.0,headache,S067
-7.28,0.51,-23.103300448250856,1.702074674230381,61.01723619347931,34.57,2.0,headache,S067
32.35,0.51,-22.976300008531748,2.634221195625976,60.981513974781194,34.57,2.0,headache,S067
-17.01,0.51,-23.530822666178246,2.120350470887798,61.0204712259528,34.59,2.0,headache,S067
10.32,0.52,-22.93886751126748,2.206508993125936,60.97706831063414,34.59,2.0,headache,S067
14.87,0.51,-23.320579920840053,1.8776824676704185,61.025840961813195,34.59,2.0,headache,S067
-18.76,0.51,-23.047810450820467,2.2440113059895648,60.9706015499265,34.59,2.0,headache,S067
17.73,0.51,-23.082594235711984,1.8914122861009708,61.03470408303729,34.55,2.0,headache,S067
-8.45,0.51,-23.029742798991265,2.286788932593983,60.84166635940898,34.55,2.0,headache,S067
-9.02,0.51,-23.347824739808154,1.8152347491100604,61.03262213704841,34.55,2.0,headache,S067
16.73,0.51,-23.241022545333283,2.3543954292642413,60.960535505807705,34.55,2.0,headache,S067
-22.01,0.52,-23.13429767244994,1.7135721716452528,61.04530356871912,34.59,2.0,headache,S067
6.78,0.51,-23.13830947594244,2.3102892811380333,60.948395993059044,34.59,2.0,headache,S067
4.77,0.51,-23.102661314213282,1.6523935643759478,61.05886261908893,34.59,2.0,headache,S067
-25.98,0.51,-22.994555862047932,2.3975691264445205,60.93267279910233,34.59,2.0,headache,S067
29.05,0.51,-23.411260510538145,1.549790010880061,61.07523653431256,34.59,2.0,headache,S067
-6.44,0.51,-22.961441301079038,3.7820833928872015,60.87285924404165,34.59,2.0,headache,S067
-9.88,0.51,-23.479784046772384,1.9323285258777456,61.06096359227519,34.59,2.0,headache,S067
30.02,0.51,-21.659377918110824,2.5956812700068026,60.9166827801163,34.59,2.0,headache,S067
-17.0,0.51,-24.60785768193948,-0.21031071301048163,60.807482586318585,34.57,2.0,headache,S067
11.51,0.51,-22.924839392783014,7.682578383210879,60.03932988803935,34.57,2.0,headache,S067
20.98,0.51,-25.23982872859837,1.5740782783345606,60.95882249162188,34.57,2.0,headache,S067
-72.02,0.51,-22.006577167032233,5.69679867510304,60.82564575902452,34.57,2.0,headache,S067
30.41,0.51,-22.87628613445937,6.337743508364804,61.671698468386104,34.57,2.0,headache,S067
26.3,0.51,-20.152036216009304,2.632198073959849,62.00458525992462,34.57,2.0,headache,S067
-48.35,0.51,-21.09768030556166,6.573764413095211,61.18827364859248,34.57,2.0,headache,S067
33.14,0.51,-19.55840429424815,3.108377649520029,62.10713091305475,34.57,2.0,headache,S067
-25.73,0.51,-19.913557639542805,4.748664109088033,61.68524509319064,34.59,2.0,headache,S067
1.35,0.51,-21.433825863380783,3.797328745864013,61.585557474876104,34.59,2.0,headache,S067
36.63,0.51,-20.51190376923435,4.813166391018448,61.2924855448291,34.59,2.0,headache,S067
-7.88,0.51,-21.615869091788618,4.168450186397769,61.24807967775504,34.59,2.0,headache,S067
33.82,0.51,-20.05374781253639,8.99985246252383,61.400571103756576,34.57,2.0,headache,S067
-7.18,0.51,-20.586749282402607,6.6713617854043585,61.47596679214673,34.57,2.0,headache,S067
-20.65,0.51,-20.53143586730143,5.187490680250306,61.47332854470583,34.57,2.0,headache,S067
-9.96,0.51,-19.36629555354819,6.091780136995421,61.70381225167686,34.57,2.0,headache,S067
-27.25,0.51,-19.613927547078028,5.295203498387335,61.9009447017754,34.59,2.0,headache,S067
0.04,0.51,-18.92136870491335,6.312610057051331,61.75615471085455,34.59,2.0,headache,S067
-17.57,0.51,-19.42204865014561,6.85261914996122,61.918682288076916,34.59,2.0,headache,S067
14.2,0.51,-19.90939179127811,6.3508538168552215,61.43241579241012,34.59,2.0,headache,S067
7.52,0.51,-20.162706964768404,6.422621162518347,61.44962465432659,34.57,2.0,headache,S067
-20.06,0.51,-20.67609351375004,5.864107951955321,61.2635946048293,34.57,2.0,headache,S067
56.15,0.51,-20.209249761612114,5.533864095575062,61.549731502021864,34.57,2.0,headache,S067
-30.2,0.51,-19.99306167843445,5.227531498938826,61.40910048234267,34.57,2.0,headache,S067
-49.72,0.52,-19.594113183290112,6.738755498716652,61.53577044520934,34.59,2.0,headache,S067
45.47,0.53,-20.333115561003645,4.5834355794158625,61.411808310130226,34.59,2.0,headache,S067
3.47,0.51,-19.08598431014872,6.397220923753414,61.58484791014798,34.59,2.0,headache,S067
65.08,0.52,-19.505675883439835,5.5702388700945455,61.93846779237446,34.59,2.0,headache,S067
14.63,0.52,-19.033684700277938,6.117276371088331,61.91338412333707,34.57,2.0,headache,S067
-43.56,0.51,-20.247962076294638,5.205526702640469,61.454396976495694,34.57,2.0,headache,S067
-3.17,0.52,-20.441564727641012,5.502015538078395,61.546281020641494,34.57,2.0,headache,S067
-30.93,0.52,-19.63266662687771,5.945818008628691,61.89508303780449,34.57,2.0,headache,S067
-11.05,0.51,-20.18940971049383,3.7434200025986675,61.472335174696894,34.55,2.0,headache,S067
54.67,0.52,-21.047079565196544,6.115054141055137,61.18588879747812,34.55,2.0,headache,S067
-23.3,0.52,-19.321700326281437,7.074040798973552,62.18050871081457,34.55,2.0,headache,S067
-8.92,0.51,-27.812087444872105,1.4174229113343821,58.91143333275012,34.55,2.0,headache,S067
13.37,0.53,-26.92491837506646,0.12119659874343906,58.28075933938587,34.57,2.0,headache,S067
-12.35,0.51,-25.687070374974116,2.3116971475482337,60.63871629919768,34.57,2.0,headache,S067
73.45,0.51,-23.662245088824534,4.811617604888433,60.69803598988878,34.57,2.0,headache,S067
76.71,0.51,-25.607444750290888,0.7457435113966917,60.38231603316422,34.57,2.0,headache,S067
-40.83,0.51,-24.82671674299749,2.6785265611032125,60.18153060355993,34.57,2.0,headache,S067
-95.15,0.51,-24.241495481718072,3.1228049249865206,60.753055716109166,34.57,2.0,headache,S067
-62.41,0.51,-24.727011127620575,1.8587828698833604,60.276085293293086,34.57,2.0,headache,S067
13.23,0.51,-24.3101540657252,1.963456910263306,60.612743310830545,34.57,2.0,headache,S067
18.11,0.51,-24.247247824987863,2.0805088853449716,60.871321031147126,34.57,2.0,headache,S067
-52.83,0.51,-24.47711994842323,1.8848200384802187,60.62321630718095,34.57,2.0,headache,S067
58.59,0.52,-23.99316483991575,1.915550637366024,60.471128586127506,34.57,2.0,headache,S067
7.48,0.52,-24.04639502861487,2.0305766583429175,60.878602426156036,34.57,2.0,headache,S067
-8.56,0.51,-23.999095658778604,2.006880266640939,60.85723709652416,34.59,2.0,headache,S067
25.41,0.51,-23.871297494184923,1.9832329930451935,61.05763382259635,34.59,2.0,headache,S067
-45.28,0.51,-23.697712872546695,2.0204683972510527,60.94970343902104,34.59,2.0,headache,S067
24.53,0.51,-24.06601682463614,1.9783344363130997,61.04663710252091,34.59,2.0,headache,S067
9.72,0.52,-23.676505458511148,2.0214328563310935,60.95614671188628,34.59,2.0,headache,S067
-26.17,0.52,-24.108460900074036,1.979990481161284,61.041422224065286,34.59,2.0,headache,S067
30.83,0.51,-23.54922933180242,2.0170424677153127,60.96082871655358,34.59,2.0,headache,S067
-11.64,0.52,-23.93479326401594,1.9886120286544378,61.03700977712286,34.59,2.0,headache,S067
-7.95,0.52,-23.812393001645013,2.062169898749529,60.965135365344175,34.57,2.0,headache,S067
32.93,0.51,-23.488599743724848,1.5166375712271656,61.03265396027728,34.57,2.0,headache,S067
-20.05,0.53,-23.80174996231123,2.092339086943301,60.969737152677965,34.57,2.0,headache,S067
8.31,0.51,-23.383235472571318,1.8794977687277414,61.02750063882142,34.57,2.0,headache,S067
13.45,0.51,-23.419158600097745,1.9534884500103709,60.976004098954654,34.59,2.0,headache,S067
-38.33,0.51,-23.59964870417614,1.9933627973062946,61.01886397380543,34.59,2.0,headache,S067
26.3,0.52,-23.803861122064916,2.0145402829122463,60.99080303630594,34.59,2.0,headache,S067
-2.47,0.51,-24.020804596541026,1.9830964261551658,60.974921531962806,34.59,2.0,headache,S067
-19.29,0.51,-24.011200489720306,2.0176434089068027,60.872433014566454,34.59,2.0,headache,S067
32.39,0.52,-23.894510694521262,1.9822645016353804,61.04673425950179,34.59,2.0,headache,S067
-15.17,0.51,-23.81455447387863,2.0175232396877463,60.97561437332868,34.59,2.0,headache,S067
-1.76,0.51,-23.98007032819799,1.9828466918802174,60.93382204946612,34.59,2.0,headache,S067
10.84,0.52,-23.887800881131163,2.0166966667156854,60.917577976615185,34.59,2.0,headache,S067
-27.44,0.51,-24.034106485912893,1.9838093913463124,61.05381819091331,34.59,2.0,headache,S067
16.37,0.51,-23.818989480692398,2.015655654643307,60.959673483159236,34.59,2.0,headache,S067
-18.42,0.51,-24.111654836772306,1.9848970507690946,60.99881063832029,34.59,2.0,headache,S067
-10.66,0.52,-23.71166700322358,2.014537376205687,60.75853772627241,34.57,2.0,headache,S067
25.29,0.51,-23.855026149274053,1.9860420673181876,61.03114905402325,34.57,2.0,headache,S067
-32.07,0.52,-24.000013246407715,2.013354398677086,60.954642705282154,34.57,2.0,headache,S067
16.76,0.52,-23.78842942823975,1.9873067104900939,61.04856012137531,34.57,2.0,headache,S067
16.2,0.51,-23.945627402753573,2.0118529278540427,60.94796745618111,34.57,2.0,headache,S067
-24.98,0.52,-24.032347774274015,1.9898849771859255,61.06032589944039,34.57,2.0,headache,S067
26.21,0.52,-23.977544715110955,1.8903798541383157,60.83469121004559,34.57,2.0,headache,S067
3.68,0.51,-23.79823436057933,1.860289419663506,61.02460604651881,34.57,2.0,headache,S067
-24.56,0.52,-23.809578562504658,2.0084306843912065,60.961964923136264,34.57,2.0,headache,S067
24.26,0.52,-23.705579401806634,1.990705452916452,60.92562329121139,34.57,2.0,headache,S067
-10.12,0.51,-23.663489812703876,2.009141399659462,60.93491373191371,34.57,2.0,headache,S067
-19.62,0.52,-23.888701435607153,1.9912041053799185,61.085207347607714,34.57,2.0,headache,S067
35.7,0.52,-23.548057573266597,2.008391593031849,60.720779041174104,34.61,2.0,headache,S067
-10.58,0.51,-23.7540191541833,1.9920340409980324,60.99228730340172,34.61,2.0,headache,S067
-22.31,0.51,-23.629691074449802,2.007532697774664,60.958270553485356,34.61,2.0,headache,S067
31.33,0.52,-23.95227625212263,1.9929023660606267,61.07937829957339,34.61,2.0,headache,S067
-15.2,0.51,-23.852993137832744,2.0066634394508442,60.786810154514804,34.59,2.0,headache,S067
-10.75,0.51,-24.055517117720544,1.9937686567596997,60.77678846126301,34.59,2.0,headache,S067
33.52,0.52,-23.955607611845767,2.0058018391471344,60.95696767653457,34.59,2.0,headache,S067
-23.73,0.52,-24.03728418183747,1.9946249908157745,60.80659653675408,34.59,2.0,headache,S067
-13.51,0.52,-23.969896532971664,2.0049506814480345,60.9088661192175,34.61,2.0,headache,S067
24.89,0.52,-24.020521480375585,1.9954714901031956,60.806118476612795,34.61,2.0,headache,S067
-31.1,0.52,-23.997265072809252,2.0041080137337444,61.026135610082235,34.61,2.0,headache,S067
8.67,0.52,-23.905094395096633,1.9963114063553427,60.73833703272315,34.61,2.0,headache,S067
23.73,0.52,-23.971187130241074,2.0032695328107395,61.03129591867878,34.57,2.0,headache,S067
-30.09,0.52,-23.77155082824095,1.9971500141619456,60.97986946945106,34.57,2.0,headache,S067
28.16,0.51,-23.760062787045204,2.0024289557729102,60.915784619827555,34.57,2.0,headache,S067
7.19,0.51,-23.551287520589995,1.9979947431447356,60.921283837445934,34.57,2.0,headache,S067
-32.81,0.52,-23.668005092360744,2.0015774576347782,60.80363244628874,34.57,2.0,headache,S067
24.55,0.52,-23.865922407265916,1.9988562056077608,60.985447306911546,34.57,2.0,headache,S067
-2.89,0.52,-23.72388563892107,2.0007020364590913,61.00809878985612,34.57,2.0,headache,S067
-19.87,0.52,-23.879176687839546,1.9997507312339091,61.0002451750805,34.57,2.0,headache,S067
36.83,0.52,-23.616874933930625,1.9997815228553424,60.89523085899162,34.61,2.0,headache,S067
-13.47,0.51,-23.638874609851744,2.000706889692745,60.962705908270735,34.61,2.0,headache,S067
-15.83,0.52,-23.858138484171175,1.9987753205722965,61.025946524130426,34.61,2.0,headache,S067
34.12,0.52,-23.878551179717554,2.0017863891743475,60.9764066145463,34.61,2.0,headache,S067
-20.84,0.51,-23.866064944729644,1.9975806893921688,61.024206952335206,34.57,2.0,headache,S067
-4.34,0.52,-23.935771434887897,2.0031839570430585,60.972070554953206,34.57,2.0,headache,S067
35.82,0.52,-23.689601300513676,1.9957452170183425,61.039511486017304,34.57,2.0,headache,S067
-25.43,0.51,-23.857355736601026,2.00647097397374,60.83857711472641,34.57,2.0,headache,S067
-6.73,0.52,-23.554289710171233,1.8715943838175317,60.8709778171045,34.59,2.0,headache,S067
21.83,0.52,-23.864370785102174,2.000526958266856,61.02330786049411,34.59,2.0,headache,S067
-33.33,0.52,-23.78669451848629,1.9969880891690575,60.989612061972366,34.59,2.0,headache,S067
7.19,0.52,-23.797102378659932,2.004315815102561,61.0042286427654,34.59,2.0,headache,S067
10.39,0.52,-23.714921645951573,1.9946036527574056,61.003616193384765,34.59,2.0,headache,S067
-27.58,0.52,-23.885382920017392,2.0064632907950184,60.9213572300077,34.59,2.0,headache,S067
24.29,0.51,-23.76134974680561,1.9923843874975657,60.858168196306075,34.59,2.0,headache,S067
10.23,0.52,-23.807681112499306,2.0089375900419086,60.96532335615861,34.59,2.0,headache,S067
-28.42,0.52,-23.912401969037738,1.9894642043680582,60.97130963220503,34.59,2.0,headache,S067
26.41,0.51,-23.86356163703543,2.0125777178697133,60.875735736890896,34.59,2.0,headache,S067
-3.51,0.52,-23.980987492977007,1.9846331075919803,61.05142852663118,34.59,2.0,headache,S067
-18.27,0.52,-23.854173294847996,2.019536591677983,60.952488959673545,34.59,2.0,headache,S067
25.0,0.51,-23.750322815614478,1.9733140199709038,61.061595153423355,34.57,2.0,headache,S067
-22.66,0.52,-24.054928541319548,2.042401252340336,60.82175095223096,34.57,2.0,headache,S067
1.94,0.52,-23.765011299596566,1.889575871163947,60.86978789533935,34.57,2.0,headache,S067
16.53,0.52,-23.723914788837728,1.8036330873288942,61.03044387803741,34.57,2.0,headache,S067
-35.31,0.52,-23.601084238689168,2.0451069496050294,60.987831712945756,34.63,2.0,headache,S067
19.49,0.52,-23.417990206780686,1.975444867100769,61.00326154020438,34.63,2.0,headache,S067
-0.85,0.52,-23.588944590125,2.0161256258854214,61.00346146569846,34.63,2.0,headache,S067
-27.12,0.52,-23.70428000984774,1.9885434386670438,60.989182756246066,34.63,2.0,headache,S067
41.65,0.52,-23.921779054630047,2.0084428990800514,61.02276282895355,34.61,2.0,headache,S067
-8.56,0.52,-23.870322115224564,1.9936955732776498,60.938884117848666,34.61,2.0,headache,S067
-12.38,0.52,-23.410240555276605,2.0046848374718973,60.917189903988614,34.61,2.0,headache,S067
33.89,0.52,-24.041010040987267,1.9966018821732134,60.93987552976795,34.61,2.0,headache,S067
-24.45,0.52,-23.601539827897557,2.002337578262065,60.913693913054075,34.61,2.0,headache,S067
-3.52,0.51,-23.750455914961382,1.998562428619613,61.042275334933045,34.61,2.0,headache,S067
19.45,0.52,-23.584973613015347,2.0006554243289147,60.96895480354991,34.61,2.0,headache,S067
-26.2,0.52,-23.862224723611,2.0000378631861033,61.026102727896806,34.61,2.0,headache,S067
24.33,0.52,-23.985557789055303,1.9993372520651673,60.97612447240287,34.59,2.0,headache,S067
4.93,0.52,-24.04404351013741,2.0012341335870696,61.023607896443345,34.59,2.0,headache,S067
-31.73,0.52,-23.84203154462893,1.9982368023440222,60.97409774565853,34.59,2.0,headache,S067
31.07,0.52,-24.021262246900438,2.0022585536066972,61.03499360118459,34.59,2.0,headache,S067
-7.66,0.52,-23.9652808481453,1.997272982636175,60.87993147350682,34.61,2.0,headache,S067
-16.31,0.52,-24.02859726196663,2.00317413058927,60.96740552718998,34.61,2.0,headache,S067
30.84,0.52,-23.68887740888406,1.9963954692899524,61.00900651383762,34.61,2.0,headache,S067
-25.99,0.52,-24.112144799439754,2.0040222230743288,60.99684914199518,34.61,2.0,headache,S067
3.87,0.52,-23.69048020530489,1.9955692091011277,61.000702054625094,34.59,2.0,headache,S067
8.37,0.52,-23.77691556867362,2.0048335673373887,61.0004683326137,34.59,2.0,headache,S067
-31.87,0.52,-23.79573143264357,1.9947662123043073,60.99915557091771,34.59,2.0,headache,S067
28.37,0.52,-23.716731361581566,2.0056347368469245,61.0000968446073,34.59,2.0,headache,S067
-19.0,0.52,-23.90200094539068,1.9939600934674815,61.004647255924105,34.61,2.0,headache,S067
-15.15,0.52,-23.790355453324143,2.006453179454864,60.942849962184425,34.61,2.0,headache,S067
37.56,0.52,-23.844871816366577,1.9931209374237915,60.76860838408929,34.61,2.0,headache,S067
-33.54,0.53,-24.101298706266874,2.0073230025755033,60.76584028323564,34.61,2.0,headache,S067
11.18,0.52,-23.814895569311677,1.9922081644449574,61.025642237178424,34.61,2.0,headache,S067
30.55,0.52,-23.889804930823875,2.0082944580645967,60.98955343294258,34.61,2.0,headache,S067
-34.1,0.52,-23.908002885396435,1.9911571276244455,61.00337051013457,34.61,2.0,headache,S067
23.06,0.52,-23.95590671936107,2.0094538885728155,61.005764530251845,34.61,2.0,headache,S067
13.05,0.52,-23.992055708598954,1.989847964140615,60.88875749023605,34.61,2.0,headache,S067
-26.69,0.52,-24.02723662145955,2.01097483704119,60.969700812126746,34.61,2.0,headache,S067
30.88,0.52,-23.604256389584886,1.9880169396485974,61.01921239000616,34.61,2.0,headache,S067
-11.64,0.52,-23.87473414801256,2.013282510242131,60.983344846603856,34.61,2.0,headache,S067
-19.25,0.52,-23.818284296486183,1.9849237816821268,61.01650236356202,34.63,2.0,headache,S067
22.38,0.52,-23.587330429525263,2.017812648808836,60.98194871541023,34.63,2.0,headache,S067
-30.55,0.52,-23.77511749460585,1.9772623631208828,61.02208060063671,34.63,2.0,headache,S067
14.81,0.52,-23.67282183275099,2.0354557518136907,60.9665438430398,34.63,2.0,headache,S067
13.31,0.54,-23.645546600459113,2.0821671881557675,60.90767100079324,34.61,2.0,headache,S067
-37.82,0.53,-23.72954856319122,1.881435594165779,60.91320618376179,34.61,2.0,headache,S067
36.41,0.52,-23.79148181974689,2.019398713117289,60.93438171950134,34.61,2.0,headache,S067
-10.17,0.53,-23.77629489091352,1.9921914490713637,61.024453981418226,34.61,2.0,headache,S067
-20.74,0.53,-23.642547116871107,2.003037255523628,60.98568772252391,34.59,2.0,headache,S067
31.85,0.52,-23.534303797442494,1.999642058754268,61.00942045802071,34.59,2.0,headache,S067
-23.32,0.52,-23.521774639886672,1.998601792686746,60.99381817117351,34.59,2.0,headache,S067
10.65,0.53,-23.580992992332323,2.0026640259427904,61.00327529904125,34.59,2.0,headache,S067
18.29,0.52,-23.75149413563625,1.9963622735924933,61.00062312829466,34.61,2.0,headache,S067
-35.29,0.52,-24.057538685809483,2.0044231409286124,60.989731811657684,34.61,2.0,headache,S067
34.52,0.52,-23.81012257640409,1.9949199865099272,60.879876594502925,34.61,2.0,headache,S067
-11.28,0.53,-24.104189362567848,2.0056452011203842,60.952900972836034,34.61,2.0,headache,S067
-12.83,0.52,-23.654120108742916,1.993857295671435,60.825039087760274,34.63,2.0,headache,S067
29.72,0.52,-23.948816801735664,2.006588843912785,60.98111748901966,34.63,2.0,headache,S067
-36.73,0.52,-23.656294426203946,1.9930048784823071,60.97113230309118,34.63,2.0,headache,S067
17.44,0.52,-23.807112221689042,2.0073698899188264,60.88461794019915,34.63,2.0,headache,S067
-2.42,0.52,-23.86809193169791,1.9922806262063781,61.020935277877015,34.61,2.0,headache,S067
-30.72,0.53,-23.92361240839052,2.0080483179668462,60.988702802956475,34.61,2.0,headache,S067
40.54,0.52,-23.574398525762337,1.99163958716918,61.00796210906114,34.61,2.0,headache,S067
-29.47,0.52,-23.496367444437368,2.008658581608676,60.99331226498906,34.61,2.0,headache,S067
1.54,0.52,-23.68495757939121,1.9910548207443404,61.006705149782164,34.63,2.0,headache,S067
38.64,0.52,-23.66706543989424,2.009222133295298,60.9915153321095,34.63,2.0,headache,S067
-42.26,0.52,-23.513296754243797,1.990508954416298,61.01576693417349,34.63,2.0,headache,S067
18.48,0.53,-23.843854173095867,2.0097532672289784,60.90338877024847,34.63,2.0,headache,S067
30.23,0.53,-23.49751111041913,1.9899900452723354,60.925511116025746,34.61,2.0,headache,S067
-36.86,0.52,-23.96374981420287,2.0102621127504694,60.90266135721292,34.61,2.0,headache,S067
32.15,0.52,-23.907600749342457,1.989489372687052,61.009861996961924,34.61,2.0,headache,S067
10.0,0.53,-23.95431068583046,2.010756291949451,60.99730329035444,34.61,2.0,headache,S067
-35.03,0.52,-23.905811123626417,1.989000171238992,61.0000533510248,34.61,2.0,headache,S067
32.08,0.52,-23.889506133334923,2.0112419057001913,61.00169990888116,34.61,2.0,headache,S067
-6.67,0.53,-23.769670655472478,1.988516848892338,60.99655292930224,34.61,2.0,headache,S067
-27.87,0.52,-24.130288255836494,2.0117241662756125,61.00575157687821,34.61,2.0,headache,S067
29.64,0.53,-23.44460981982099,1.9880344633518476,60.99045210029393,34.65,2.0,headache,S067
-27.64,0.53,-23.51436455758355,2.0122078421589036,61.017773212766855,34.65,2.0,headache,S067
-8.6,0.52,-23.406176531073783,1.9875483328642183,60.9487422641958,34.65,2.0,headache,S067
28.6,0.53,-23.582195494683297,2.012697610165188,60.895277345306006,34.65,2.0,headache,S067
-46.66,0.53,-23.627088212952323,1.987053705702823,61.03023408570196,34.61,2.0,headache,S067
14.71,0.52,-23.52591686459057,2.0131983779890046,60.980909696256354,34.61,2.0,headache,S067
16.93,0.52,-23.72976351727256,1.9865454327737007,61.01463637489971,34.61,2.0,headache,S067
-35.9,0.53,-23.817032154403798,2.0137156293344227,60.98772290977428,34.61,2.0,headache,S067
41.99,0.52,-23.48809570705779,1.9860175908959514,61.01085842139489,34.63,2.0,headache,S067
-1.65,0.52,-23.77325020216119,2.014255848015334,60.99003286854806,34.63,2.0,headache,S067
-26.59,0.53,-24.02417557474766,1.9854629924255152,61.009442381528665,34.63,2.0,headache,S067
40.86,0.52,-23.981843276596077,2.014827098098982,60.990740045920575,34.63,2.0,headache,S067
-17.38,0.53,-24.028922088900288,1.9848724852530744,61.00955741398276,34.63,2.0,headache,S067
-8.08,0.53,-23.858101305093687,2.015439883241858,60.98908423009752,34.63,2.0,headache,S067
28.1,0.53,-23.60483310479903,1.9842338813050684,61.01633776938689,34.63,2.0,headache,S067
-34.57,0.52,-24.046443888418857,2.016108502321129,60.88135467564843,34.63,2.0,headache,S067
17.94,0.53,-23.76841183601369,1.9835302170708806,60.968911357392685,34.65,2.0,headache,S067
-0.45,0.53,-23.60519384587098,2.016853313229343,60.88474384826498,34.65,2.0,headache,S067
-30.95,0.53,-23.652363191160735,1.9827367640842901,60.88430526770655,34.65,2.0,headache,S067
36.82,0.52,-23.593524416902497,2.017704742270527,60.99304455330484,34.65,2.0,headache,S067
-28.33,0.53,-23.724121334902698,1.9818155612702217,61.00327793693915,34.63,2.0,headache,S067
-14.25,0.52,-23.63483489436746,2.0187108780971896,60.99960693894316,34.63,2.0,headache,S067
39.65,0.53,-23.38328638025737,1.980704651149912,60.996362303952736,34.63,2.0,headache,S067
-31.07,0.53,-23.81680012871261,2.0199530819161278,61.011981512129076,34.63,2.0,headache,S067
20.12,0.53,-23.83369696876918,1.9792948423526346,60.954312874326014,34.63,2.0,headache,S067
20.38,0.52,-23.96275644920296,2.0215816379732985,60.88961573051491,34.63,2.0,headache,S067
-35.63,0.53,-23.896022764128997,1.9773730474723488,61.03618766839282,34.63,2.0,headache,S067
36.3,0.53,-23.91244278371722,2.023909689486862,60.9748967892696,34.63,2.0,headache,S067
-4.16,0.53,-23.779797223299745,1.9744583423152575,61.02072368259207,34.63,2.0,headache,S067
-22.31,0.53,-24.03155884861552,2.0277183841936033,60.98155043899802,34.63,2.0,headache,S067
30.4,0.53,-23.84387102823712,1.969184336717325,61.01711778468764,34.63,2.0,headache,S067
-31.36,0.52,-24.073134462004457,2.035659846942242,60.983700738252296,34.63,2.0,headache,S067
0.21,0.53,-23.741357059309223,1.9555067205472996,61.015801038561165,34.63,2.0,headache,S067
22.49,0.53,-23.93704077183063,2.066293469022742,60.984473769588625,34.63,2.0,headache,S067
-45.06,0.52,-23.45232218861871,1.7779478552324524,61.01542423610158,34.63,2.0,headache,S067
26.78,0.53,-23.85234124148947,1.913398352238462,60.98452948908149,34.63,2.0,headache,S067
10.92,0.53,-23.65694019123387,2.0241828177942973,61.015658164573665,34.63,2.0,headache,S067
-35.3,0.52,-23.61412689965137,1.9913120213367916,60.98400446331551,34.63,2.0,headache,S067
33.02,0.52,-23.55268085957211,2.0015541576869174,61.01650822790359,34.63,2.0,headache,S067
-5.0,0.53,-23.43777093475462,2.0026088085768405,60.98275326264131,34.63,2.0,headache,S067
-12.87,0.53,-23.927312973878536,1.9946216026266599,61.018304758164255,34.63,2.0,headache,S067
38.09,0.52,-23.77606081884201,2.0073842782583133,60.980136568545724,34.63,2.0,headache,S067
-23.2,0.53,-23.787876824725178,1.9910726786903443,61.02231287625028,34.63,2.0,headache,S067
2.9,0.53,-23.964948080384378,2.0101695102125463,60.97333125792201,34.63,2.0,headache,S067
25.15,0.53,-24.028491538062806,1.9887941445947352,61.036672742269204,34.65,2.0,headache,S067
-34.21,0.53,-23.855391615972813,2.0120958209173088,60.91415602036968,34.65,2.0,headache,S067
17.31,0.53,-23.713822976540154,1.9871214229477137,60.92061941677106,34.65,2.0,headache,S067
-9.23,0.53,-24.053881085521805,2.013581023746965,60.88418086817983,34.65,2.0,headache,S067
-17.08,0.53,-23.69339204491409,1.9857777103265732,60.899792805800665,34.63,2.0,headache,S067
26.22,0.53,-23.805765630802217,2.0148163897487867,60.952372943753744,34.63,2.0,headache,S067
-39.03,0.53,-23.545534947279375,1.984626136351385,60.783940099389085,34.63,2.0,headache,S067
18.83,0.53,-23.599400293447953,2.0159028222378113,60.887233368364164,34.63,2.0,headache,S067
-2.42,0.53,-23.997208694764836,1.9835903657275828,60.98952970853325,34.65,2.0,headache,S067
-17.06,0.52,-23.796447569846567,2.0168993839788305,60.91042207726646,34.65,2.0,headache,S067
33.17,0.53,-23.747693351129797,1.9826238270450283,60.94156272372457,34.65,2.0,headache,S067
-31.29,0.53,-23.878797161442048,2.0178433035966044,60.91335529821919,34.65,2.0,headache,S067
31.32,0.53,-23.55360548326742,1.9816966481829634,60.77778830012945,34.65,2.0,headache,S067
-7.18,0.53,-24.051614776988846,2.0187581011864384,60.9497530324123,34.65,2.0,headache,S067
-9.33,0.53,-23.709761487002915,1.9807917523969687,60.998813383556794,34.65,2.0,headache,S067
23.31,0.53,-23.710832303757844,2.0196526439100277,61.01733574529347,34.65,2.0,headache,S067
-41.22,0.53,-23.765522410742037,1.979913498651956,60.94494348584982,34.65,2.0,headache,S067
32.42,0.53,-23.70427870002496,2.0204969773129307,60.90218359789124,34.65,2.0,headache,S067
-8.62,0.53,-23.92589746884489,1.979148518908431,61.0194530696956,34.65,2.0,headache,S067
-16.72,0.53,-23.924339170279737,2.0210628777944604,61.000176392583356,34.65,2.0,headache,S067
39.38,0.53,-23.754227342013245,1.9791312938651886,60.969769012181686,34.65,2.0,headache,S067
-34.49,0.53,-24.001825084683645,2.019374965200535,60.90013347037821,34.65,2.0,headache,S067
16.13,0.53,-23.714188652571078,1.938820283136277,60.730151376178064,34.65,2.0,headache,S067
27.68,0.55,-23.84215181528775,2.0882773237871066,60.84377203312745,34.65,2.0,headache,S067
-36.1,0.53,-24.004243151876192,1.8885681577238653,60.949783720949405,34.65,2.0,headache,S067
24.94,0.53,-24.017939585776087,1.946463721085952,60.951769674872466,34.65,2.0,headache,S067
3.16,0.53,-23.973929442195743,2.001422262339759,61.05625616217352,34.65,2.0,headache,S067
-29.15,0.53,-24.0294336534456,1.885165302020641,60.78736111394758,34.65,2.0,headache,S067
26.94,0.53,-23.970053908186898,1.984127865808992,60.93356972769658,34.66,2.0,headache,S067
-23.12,0.53,-24.027066013257027,2.01653056431927,60.88842857515392,34.66,2.0,headache,S067
-12.54,0.53,-23.987971756365788,1.9831194094872997,60.979252424819784,34.66,2.0,headache,S067
37.87,0.53,-23.844920929460777,2.0166291332857034,61.00929413265835,34.66,2.0,headache,S067
-36.04,0.53,-23.879994370582118,1.9843925221096947,60.99017187019574,34.63,2.0,headache,S067
9.97,0.53,-23.95731509459773,2.013425711304111,61.0203170478602,34.63,2.0,headache,S067
20.32,0.53,-23.761366656285283,1.9908349042898703,60.90857160771743,34.63,2.0,headache,S067
-37.53,0.53,-24.104139523602512,2.000354908555358,60.94317065429386,34.63,2.0,headache,S067
30.28,0.53,-23.905132302691136,2.0222313131318748,60.95196978322051,34.63,2.0,headache,S067
6.82,0.53,-24.099487337565595,1.8516818740136882,60.89640682680345,34.63,2.0,headache,S067
-29.02,0.53,-23.930817858422376,1.6925176547493506,61.067634303779606,34.63,2.0,headache,S067
34.56,0.53,-23.923704348480456,2.105360738864644,60.80170025581159,34.63,2.0,headache,S067
-12.71,0.53,-23.955799800743062,1.9180514836231441,60.91452205312778,34.65,2.0,headache,S067
-20.98,0.53,-23.915354294134037,2.073527610331268,61.002419487381765,34.65,2.0,headache,S067
23.46,0.53,-23.781666030196906,1.9299125354620448,60.9725171212978,34.65,2.0,headache,S067
-29.7,0.53,-24.044530860671497,2.0690421171541042,60.86750266526751,34.65,2.0,headache,S067
3.68,0.53,-23.776626775324914,1.9305530864977603,61.06135641892288,34.65,2.0,headache,S067
32.13,0.53,-23.8660209444856,2.0709045858021065,60.94781981132001,34.65,2.0,headache,S067
-40.71,0.53,-23.796041741590177,1.9267459147259032,61.04946534813593,34.65,2.0,headache,S067
20.84,0.53,-24.161081779344823,2.0764631061733514,60.95192317124679,34.65,2.0,headache,S067
19.79,0.53,-23.839736575694186,1.9194085608768412,61.03997450362762,34.63,2.0,headache,S067
-36.52,0.53,-24.16606365397441,2.085788527817083,60.741124611782126,34.63,2.0,headache,S067
29.03,0.53,-23.825195383405298,1.9076808352538326,61.009709504135806,34.63,2.0,headache,S067
15.44,0.53,-24.184193740478648,2.1006318189808693,60.96552083556494,34.63,2.0,headache,S067
-37.67,0.53,-23.814447777857204,1.888476057778186,60.93367265944446,34.65,2.0,headache,S067
29.48,0.53,-23.958458518262052,2.126596444861534,60.773430828369115,34.65,2.0,headache,S067
-10.22,0.53,-23.217258282915097,1.850136047311574,61.129078841140355,34.65,2.0,headache,S067
-23.6,0.53,-24.468973262537443,2.1966523647678273,60.80835199169936,34.65,2.0,headache,S067
34.26,0.54,-22.44248117708025,1.5578597197686064,61.066738434888755,34.63,2.0,headache,S067
-21.06,0.53,-22.483636733003745,2.015525660078403,61.21549097981089,34.63,2.0,headache,S067
-14.35,0.53,-21.024158376106985,2.212895313526394,61.8307104007935,34.63,2.0,headache,S067
44.88,0.54,-21.404642208210202,3.426265030643105,61.06425562136812,34.63,2.0,headache,S067
-24.3,0.54,-21.123105583350593,3.266812653367553,61.69080247441572,34.66,2.0,headache,S067
-83.66,0.54,-21.087178534967567,4.022826785126543,61.02896637143506,34.66,2.0,headache,S067
-47.79,0.54,-21.230553976719435,2.990615037823228,61.64446034369784,34.66,2.0,headache,S067
105.63,0.54,-22.272911313264682,1.2567181132582923,61.18986002733971,34.66,2.0,headache,S067
110.48,0.54,-23.924102390812696,2.4105101825564472,60.83095247593247,34.65,2.0,headache,S067
-60.86,0.53,-22.95442918730525,1.7395068656436334,61.10292184721076,34.65,2.0,headache,S067
169.59,0.54,-23.458975378095094,2.198323322377242,60.92307823033824,34.65,2.0,headache,S067
-188.17,0.54,-23.381521842012276,1.8395406358541238,61.068107149586744,34.65,2.0,headache,S067
-141.56,0.54,-23.72311254505526,2.134652080657623,60.83546535732925,34.68,2.0,headache,S067
-18.48,0.54,-23.487266269523037,1.884410429628316,61.0173257159089,34.68,2.0,headache,S067
86.46,0.54,-23.746814555817174,2.100036400238668,60.976610630208874,34.68,2.0,headache,S067
3.66,0.54,-23.282068690414352,1.9163258997110542,61.024186216417,34.68,2.0,headache,S067
-1.66,0.54,-23.76567130578358,2.034671182184633,60.974068595062896,34.65,2.0,headache,S067
50.18,0.54,-23.262595533398176,1.7674682297407085,60.91242930511231,34.65,2.0,headache,S067
-42.47,0.53,-23.22977955213337,1.8015522815635168,60.889656976301616,34.65,2.0,headache,S067
30.44,0.54,-22.951247891089466,1.8798153162689193,61.000096917550735,34.65,2.0,headache,S067
37.72,0.54,-23.07801118117005,1.9644935370430843,61.05297550655829,34.66,2.0,headache,S067
-47.53,0.53,-22.91950969033135,1.9041140695162768,61.039047511017586,34.66,2.0,headache,S067
62.19,0.54,-23.0794969651789,1.8102246191670472,60.99354581629555,34.66,2.0,headache,S067
4.23,0.54,-22.921711763163653,1.9892831758249756,61.00006900558535,34.66,2.0,headache,S067
-16.69,0.53,-23.078420464930296,2.0243028409314823,61.00283046715622,34.68,2.0,headache,S067
65.58,0.54,-22.917072908120545,1.9719957601424705,60.99522185815262,34.68,2.0,headache,S067
-23.72,0.54,-23.232542391286465,2.02889822466691,61.00638347162714,34.68,2.0,headache,S067
-7.67,0.53,-23.27918807664915,1.9714560890030828,60.99214647280288,34.68,2.0,headache,S067
44.6,0.54,-23.06699123840638,2.0273746040899043,61.009277914983315,34.66,2.0,headache,S067
-50.43,0.54,-22.914494792156045,1.974638222236741,60.98929500861103,34.66,2.0,headache,S067
9.57,0.54,-23.326179170863348,2.0219812164947,61.0121673549021,34.66,2.0,headache,S067
12.68,0.54,-23.12232876943139,1.9848080235993775,60.98630797364318,34.66,2.0,headache,S067
-46.39,0.54,-22.959049048552778,1.9884816164672865,61.01530535903889,34.66,2.0,headache,S067
36.83,0.54,-23.11085408685236,1.7024300756423767,60.98296391974507,34.66,2.0,headache,S067
-12.69,0.54,-23.04761849381703,1.5794994939804672,61.018917848309385,34.66,2.0,headache,S067
-49.24,0.54,-22.97036393131013,1.8088779173457612,60.979007929848656,34.66,2.0,headache,S067
51.32,0.54,-23.028775412686212,2.0734514253338445,61.02331159694148,34.66,2.0,headache,S067
-29.26,0.54,-22.962782464583583,1.791759304014419,60.974053927534094,34.66,2.0,headache,S067
-13.7,0.54,-23.0925970238492,2.1171898692350655,61.028990172733195,34.66,2.0,headache,S067
49.38,0.54,-23.209222563991993,1.88118422719237,60.96742303263026,34.66,2.0,headache,S067
-38.57,0.53,-22.950033655497357,2.148351562747846,61.036900752458486,34.65,2.0,headache,S067
0.13,0.54,-23.039597915657172,1.6397791119749214,60.957741488819664,34.65,2.0,headache,S067
35.4,0.54,-22.959476627032736,1.9025736290175541,61.04913109253316,34.65,2.0,headache,S067
-49.59,0.54,-23.046416753912126,1.8702717170337202,60.94164136194581,34.65,2.0,headache,S067
15.74,0.56,-22.943752761012977,2.023879984049578,61.07157550334344,34.65,2.0,headache,S067
3.77,0.54,-23.06919008732414,1.9435508814220894,60.90745897486262,34.65,2.0,headache,S067
-39.96,0.54,-22.93434465205878,2.0179868520931956,61.133162364543445,34.65,2.0,headache,S067
43.01,0.54,-23.54793216982304,0.8950972454007671,60.64702186267752,34.65,2.0,headache,S067
-21.13,0.54,-21.100772803197582,1.988797274999077,61.84334218285082,34.66,2.0,headache,S067
-27.86,0.54,-22.27655273926689,2.5138469007396997,60.98853032494095,34.66,2.0,headache,S067
50.16,0.55,-22.27535109876903,2.0988739782537054,61.28057756474663,34.66,2.0,headache,S067
-20.52,0.55,-23.035844510516846,3.1294357295052175,60.876453637120214,34.66,2.0,headache,S067
-46.47,0.54,-24.020019612754684,2.8904644007707403,60.46405196979567,34.66,2.0,headache,S067
116.72,0.54,-23.91691985713912,3.11790900812712,60.857635312579596,34.66,2.0,headache,S067
72.99,0.54,-24.095442592772688,3.1835745015604426,60.443491280629736,34.66,2.0,headache,S067
-96.95,0.54,-24.019930530063892,3.0068883027408395,60.8579619491939,34.66,2.0,headache,S067
-87.41,0.54,-23.993977552612456,2.9870041750500493,60.61648538720295,34.65,2.0,headache,S067
-28.23,0.54,-23.864024113136164,3.008290979913994,60.905673076429714,34.65,2.0,headache,S067
44.04,0.54,-24.117034237218352,3.005543714390877,61.02624456764868,34.65,2.0,headache,S067
-32.0,0.54,-23.838755974355973,2.920029323115657,60.80796628996526,34.65,2.0,headache,S067
24.39,0.54,-23.690729598380237,2.932702042116809,60.91042096423543,34.68,2.0,headache,S067
28.79,0.54,-23.840505937632432,2.9176486370577406,60.928008540961955,34.68,2.0,headache,S067
-39.45,0.54,-23.870764045963313,2.962974210183901,60.94359909715272,34.68,2.0,headache,S067
48.27,0.54,-23.80266772323168,2.971163250837788,60.917232559245754,34.68,2.0,headache,S067
-9.2,0.55,-23.99687690621727,2.72172623821203,60.96289541922468,34.68,2.0,headache,S067
-23.49,0.54,-23.882017960642155,3.1260213246147024,61.032720648114775,34.68,2.0,headache,S067
55.68,0.56,-23.770925288861275,2.81999121815031,60.97004954508851,34.68,2.0,headache,S067
-19.41,0.54,-23.837332208708613,3.0310810825701715,61.02801313647554,34.68,2.0,headache,S067
-18.48,0.54,-23.774487119736115,2.654185067796571,60.97334544178652,34.66,2.0,headache,S067
48.43,0.54,-23.2795997045967,2.9261826246021183,61.0257926146341,34.66,2.0,headache,S067
-30.17,0.54,-23.3953348980163,3.006458569748241,60.97454120825255,34.66,2.0,headache,S067
-7.43,0.54,-23.12701551850011,3.0093362255064644,61.02583684128731,34.66,2.0,headache,S067
33.84,0.54,-23.25040102601408,2.981761815814727,60.97253055591242,34.68,2.0,headache,S067
-42.51,0.54,-23.053162845247225,3.0287338744098444,61.032222717573646,34.68,2.0,headache,S067
11.63,0.54,-23.311646975262825,2.8616132965540957,60.948067179756734,34.68,2.0,headache,S067
13.2,0.54,-22.839179917764252,3.000420276299298,60.9018504352791,34.68,2.0,headache,S067
-45.03,0.54,-23.182538529715355,2.9876041515793976,61.00739605609382,34.68,2.0,headache,S067
36.78,0.54,-23.319779017555902,3.0173357858565484,61.00194703472445,34.68,2.0,headache,S067
-2.6,0.54,-23.276520012805747,2.9792139706118657,60.99460872312072,34.68,2.0,headache,S067
-31.2,0.54,-23.019674239982116,3.0237076227005573,61.007555954179665,34.68,2.0,headache,S067
45.55,0.54,-23.52658877369611,2.9740370228165816,60.987643683353376,34.68,2.0,headache,S067
-17.46,0.54,-23.14439621973098,3.0237747591627526,60.856131920204504,34.68,2.0,headache,S067
-16.3,0.54,-23.35908250710398,2.8283709007531375,60.87671104556681,34.68,2.0,headache,S067
23.3,0.54,-23.18072342239985,3.2012059627950418,60.918637408966326,34.68,2.0,headache,S067
-41.0,0.54,-23.22437074240545,2.897996378825802,60.81647938847447,34.71,2.0,headache,S067
19.29,0.54,-23.01300902381279,3.2606584307702082,60.940648462684365,34.71,2.0,headache,S067
-0.26,0.54,-22.780178453155838,3.2108059678862833,60.97327015717334,34.71,2.0,headache,S067
-25.18,0.54,-23.269578468036496,3.044996057954067,60.964891017799495,34.71,2.0,headache,S067
27.48,0.54,-23.93528608534726,2.1173591496774886,60.61399132791417,34.66,2.0,headache,S067
-28.66,0.54,-23.78550070390098,2.078457097237826,60.84421379961931,34.66,2.0,headache,S067
15.12,0.54,-24.684005493921656,2.566519372333903,60.331576935400335,34.66,2.0,headache,S067
80.9,0.54,-25.365065698362272,1.900584969061574,60.05106481538836,34.66,2.0,headache,S067
-9.31,0.54,-25.235914968374065,2.440185642503628,60.47808590439937,34.71,2.0,headache,S067
14.6,0.54,-24.84458600953591,3.2582698331046376,60.22587309901688,34.71,2.0,headache,S067
11.05,0.54,-25.27689450608793,1.804711140824864,60.053395599551365,34.71,2.0,headache,S067
-70.01,0.54,-25.707466382685734,2.8694962407597435,60.08838728306165,34.71,2.0,headache,S067
3.33,0.54,-25.253502844091404,3.7871830518860654,60.050706201734414,34.68,2.0,headache,S067
-13.61,0.54,-24.904064458423015,4.057089691729282,60.16843493710656,34.68,2.0,headache,S067
-9.72,0.54,-24.923476389659847,3.730794730202941,60.222168689912515,34.68,2.0,headache,S067
33.85,0.54,-24.47408672210353,4.023250228849468,60.33664611109439,34.68,2.0,headache,S067
-35.76,0.54,-25.370773778711023,3.779482495196411,59.99171233022812,34.68,2.0,headache,S067
1.18,0.54,-25.528200473892245,3.2654365558414,59.83464511471594,34.68,2.0,headache,S067
7.34,0.54,-25.267721848569312,3.383124797508322,60.35619383663932,34.68,2.0,headache,S067
-40.69,0.54,-24.275224659634617,3.8678715002523654,60.291932942803335,34.68,2.0,headache,S067
55.04,0.54,-24.339921490434552,3.968557921270014,60.53776848523732,34.66,2.0,headache,S067
-17.6,0.54,-24.082320888908427,3.909688386134033,60.546048685135034,34.66,2.0,headache,S067
-20.28,0.54,-24.128506662709867,4.085677956838215,60.46400881817726,34.66,2.0,headache,S067
44.29,0.54,-23.840877410994356,3.912818728656908,60.555349726329986,34.66,2.0,headache,S067
-44.28,0.54,-24.00649634033201,4.099402291713013,60.71289298767167,34.66,2.0,headache,S067
24.39,0.54,-24.05408534570031,3.8357800495013716,60.680992055335054,34.66,2.0,headache,S067
6.26,0.54,-23.9848429785032,3.7390097170534173,60.544673571418656,34.66,2.0,headache,S067
-37.94,0.54,-23.815680310544618,3.655237150481648,60.83739642486691,34.66,2.0,headache,S067
46.53,0.55,-23.864221535198812,3.9052981360465724,60.62497901216445,34.66,2.0,headache,S067
-28.96,0.54,-23.9685746292888,3.846682339652565,60.9765605926084,34.66,2.0,headache,S067
-4.92,0.54,-23.55135027050893,4.294830375521659,60.85221200280788,34.66,2.0,headache,S067
49.3,0.55,-23.440478656681105,4.6541043104101805,60.55625023995041,34.66,2.0,headache,S067
-37.73,0.54,-23.471295560947823,4.045253762360811,60.69107664568955,34.66,2.0,headache,S067
27.21,0.54,-23.586386013413158,3.962511982304805,60.72322284940987,34.66,2.0,headache,S067
25.87,0.54,-23.42473800027023,4.3957184525207245,60.79423296771169,34.66,2.0,headache,S067
-17.32,0.54,-23.997360750401153,4.644662742911662,60.473616020908075,34.66,2.0,headache,S067
42.04,0.54,-23.814330493104666,4.706909088831558,60.6605916563819,34.66,2.0,headache,S067
-13.63,0.54,-23.82307209927789,3.467092063860013,60.721500915199144,34.66,2.0,headache,S067
-70.54,0.54,-24.26606639730713,3.501009755999901,60.461572336895046,34.66,2.0,headache,S067
21.72,0.54,-23.61905588293368,3.724927994271817,60.80934370823118,34.66,2.0,headache,S067
-26.2,0.54,-23.259001535830798,5.901020186868505,60.4998490476125,34.66,2.0,headache,S067
-21.64,0.54,-23.46537399604113,3.628559942435978,60.59165762770423,34.66,2.0,headache,S067
54.78,0.54,-22.968567405318232,6.456829230815609,61.3643863814195,34.66,2.0,headache,S067
-44.62,0.54,-21.042013185566326,10.386265851442271,61.13570127622186,34.66,2.0,headache,S067
48.38,0.54,-21.66716211071391,7.331509436920659,60.98383442216446,34.71,2.0,headache,S067
54.98,0.54,-22.225863572249487,6.12814870722587,61.026577789604275,34.71,2.0,headache,S067
-45.18,0.54,-21.29009555510071,7.600939525738201,61.11420792914707,34.71,2.0,headache,S067
7.31,0.54,-23.715708766111483,6.722027307233254,60.79596065862734,34.71,2.0,headache,S067
-10.83,0.55,-23.159949416960448,5.413607453471495,60.09184831056598,34.68,2.0,headache,S067
-48.32,0.55,-22.31727057756227,8.88399090877806,61.25415885571465,34.68,2.0,headache,S067
36.17,0.54,-22.893307320724105,7.447479567379484,60.21200902603226,34.68,2.0,headache,S067
-12.27,0.54,-22.126775440431246,5.592282066292746,61.15241222826179,34.68,2.0,headache,S067
-11.29,0.55,-21.01193143978322,6.633631035830955,61.55366850564586,34.68,2.0,headache,S067
-1.31,0.54,-19.538261959203517,6.832997941454523,61.11577111877788,34.68,2.0,headache,S067
-62.74,0.54,-20.210258628895637,5.0108499170408045,61.294029136947174,34.68,2.0,headache,S067
28.81,0.54,-20.99713316047568,4.5484563720476165,61.53998086284413,34.68,2.0,headache,S067
-13.93,0.54,-20.095154547318117,4.286751241378945,62.1353659195597,34.66,2.0,headache,S067
28.61,0.54,-21.183577840435955,4.989208355361246,61.24031324692168,34.66,2.0,headache,S067
81.96,0.55,-20.651764545996265,6.773711658627688,61.335797029621155,34.66,2.0,headache,S067
-34.47,0.55,-20.681928868794028,7.731319331534117,60.95420974254459,34.66,2.0,headache,S067
23.05,0.55,-21.0604212178379,8.15989214448113,60.84621910427003,34.68,2.0,headache,S067
29.18,0.55,-19.74648820414192,5.290281144184152,61.48116156738918,34.68,2.0,headache,S067
-39.42,0.54,-19.527442216254105,7.223996480624434,61.59520242690214,34.68,2.0,headache,S067
11.14,0.54,-20.76433447490726,5.5434894864431685,61.107627420248726,34.68,2.0,headache,S067
-69.24,0.54,-19.71894712178877,5.1799068249775555,61.43273651310943,34.71,2.0,headache,S067
15.87,0.55,-20.09395091743553,5.924920487269533,61.84368851771337,34.71,2.0,headache,S067
18.02,0.55,-20.250571572415993,6.136295013452305,61.47888810188955,34.71,2.0,headache,S067
-20.49,0.55,-20.01208577254785,7.316818177224321,61.53880331876025,34.71,2.0,headache,S067
46.27,0.55,-20.218100842595042,7.01404664274056,61.21670101019584,34.71,2.0,headache,S067
-35.23,0.54,-21.166495964818427,6.95102823807223,60.942322038850804,34.71,2.0,headache,S067
25.4,0.55,-20.661767339276786,5.317137501776665,61.54972017020448,34.71,2.0,headache,S067
-2.9,0.55,-20.290663142421412,5.7528575290757775,61.24957189587865,34.71,2.0,headache,S067
-34.81,0.54,-20.90771386075279,4.795485920126585,61.66648374045329,34.71,2.0,headache,S067
43.16,0.55,-20.047351553668566,5.304588586823911,61.60574755083902,34.71,2.0,headache,S067
-48.75,0.55,-20.844451942859138,5.660443516122998,61.17057895982252,34.71,2.0,headache,S067
34.86,0.54,-20.734803329240854,5.321760711175713,61.38513126802114,34.71,2.0,headache,S067
27.14,0.55,-21.126746554805518,6.498829875497624,60.890028937138425,34.71,2.0,headache,S067
-44.98,0.55,-20.9446555756398,8.294247790597879,61.37317466159071,34.71,2.0,headache,S067
62.73,0.55,-19.76410059354691,6.5794972210257585,60.94908488882665,34.71,2.0,headache,S067
-29.34,0.55,-20.709885513953587,7.88625199123909,61.325175792854196,34.71,2.0,headache,S067
-38.1,0.55,-19.799006157709897,5.896524440110295,61.630143060898035,34.71,2.0,headache,S067
63.3,0.54,-20.06832137770965,7.3823124089185646,61.425107024291286,34.71,2.0,headache,S067
-10.79,0.55,-20.46852836181625,6.003110014960684,61.114673535027364,34.71,2.0,headache,S067
-11.56,0.55,-20.21317673561923,6.057230628233411,61.43171740499818,34.71,2.0,headache,S067
9.6,0.55,-20.174119642622156,6.259575362943302,61.465768666761086,34.68,2.0,headache,S067
-39.37,0.54,-20.813991514542874,5.180527397901207,61.22450203314494,34.68,2.0,headache,S067
6.11,0.55,-20.10824141444069,5.749959602197992,61.38055118231244,34.68,2.0,headache,S067
17.65,0.55,-20.68090801095707,5.967275546789948,61.22978065856958,34.68,2.0,headache,S067
-36.01,0.54,-20.400224931399418,6.819066502704844,61.5142499043808,34.68,2.0,headache,S067
20.91,0.55,-20.264513831560183,6.458263760675136,61.35302988396566,34.68,2.0,headache,S067
9.17,0.55,-20.84948397149054,5.931527549397671,60.925491353121764,34.68,2.0,headache,S067
-30.98,0.55,-20.50587088727594,6.02897669220096,61.282468960704854,34.68,2.0,headache,S067
28.85,0.55,-20.875742925064465,6.161391226023394,61.17715984106587,34.71,2.0,headache,S067
-24.46,0.55,-20.590812771641314,6.2051373077043745,61.439997068932364,34.71,2.0,headache,S067
-10.88,0.55,-20.477923577671188,6.208019442074516,61.32521203710355,34.71,2.0,headache,S067
12.15,0.55,-21.88212211496484,6.7627124646704795,61.14734284229676,34.71,2.0,headache,S067
-41.08,0.55,-21.020248359896,6.054171958159877,60.974582697094164,34.71,2.0,headache,S067
19.52,0.54,-21.166524454351293,3.6570431811749233,61.20265726137136,34.71,2.0,headache,S067
-4.69,0.55,-21.409156892098903,5.359666057041145,61.36079370944468,34.71,2.0,headache,S067
-31.85,0.55,-20.838083192846597,6.476972661151993,60.97356280890617,34.71,2.0,headache,S067
59.37,0.55,-20.612191167771083,7.52405407175328,60.99372831811546,34.71,2.0,headache,S067
-15.35,0.55,-20.210227954562033,7.866178233127983,61.095612222157264,34.71,2.0,headache,S067
29.76,0.55,-20.28516067583745,7.716871003859526,61.23775160610591,34.71,2.0,headache,S067
29.35,0.55,-20.511330975480657,7.102093169349463,61.04161614643216,34.71,2.0,headache,S067
-38.8,0.55,-21.056745356591758,6.68014913483924,61.01484466364398,34.71,2.0,headache,S067
21.83,0.55,-20.850471135228762,6.445604183825096,61.05635692067282,34.71,2.0,headache,S067
-10.5,0.55,-21.51424301669397,5.636552631722885,61.33869031472099,34.71,2.0,headache,S067
-23.83,0.54,-20.49734098468712,5.270418903844403,61.24288932452032,34.71,2.0,headache,S067
29.99,0.55,-21.340254851161923,4.2833135568105964,61.47946876235421,34.71,2.0,headache,S067
-27.12,0.55,-21.066081847062236,4.049751345197111,61.1044105206871,34.71,2.0,headache,S067
3.79,0.55,-21.150659081125408,8.211172756000964,61.2150921967725,34.71,2.0,headache,S067
46.54,0.55,-22.68866075720983,6.622933862664237,60.74632470119597,34.71,2.0,headache,S067
-35.97,0.55,-19.78174654280678,7.17380929963073,61.37394714002343,34.71,2.0,headache,S067
21.6,0.55,-21.048299619715355,8.053858921748693,61.21222976607084,34.71,2.0,headache,S067
5.03,0.55,-20.77217184738884,7.663919645564641,61.03308170012841,34.71,2.0,headache,S067
-44.61,0.55,-21.069389203726022,6.86709976998488,61.107592409738096,34.71,2.0,headache,S067
35.76,0.55,-20.89284044906179,6.441140878725159,61.079258232192245,34.71,2.0,headache,S067
8.85,0.55,-20.92620600319519,6.654372574492235,61.34492305788309,34.71,2.0,headache,S067
-31.35,0.55,-21.055681630002862,5.695452464435302,61.19162879316052,34.71,2.0,headache,S067
26.45,0.55,-20.429432485218566,6.167506016353813,61.32482618987713,34.71,2.0,headache,S067
-22.2,0.55,-20.814842804844165,6.589559603218609,61.176053856457315,34.68,2.0,headache,S067
-7.09,0.55,-20.933120243102838,6.2289507078254305,60.92498494955049,34.68,2.0,headache,S067
35.62,0.55,-20.667393874187155,7.002731774565596,61.32050571196411,34.68,2.0,headache,S067
-33.66,0.55,-21.295013362995064,6.176974214104698,61.1205185432625,34.68,2.0,headache,S067
5.72,0.55,-20.953617508482626,5.140852098706564,61.18843739098168,34.71,2.0,headache,S067
19.34,0.55,-20.615152608020995,4.992268639935183,61.24582022515793,34.71,2.0,headache,S067
-43.66,0.55,-21.48840359588114,5.560400648667483,61.01416705904912,34.71,2.0,headache,S067
33.97,0.55,-22.012666486309968,5.297260429982158,60.986959248364094,34.71,2.0,headache,S067
43.82,0.55,-22.412553545265027,6.532008354960834,60.76003958957941,34.71,2.0,headache,S067
-30.59,0.55,-21.365657918828894,8.461410649199824,61.04411852514783,34.71,2.0,headache,S067
28.69,0.55,-21.501223931945383,5.141408708895799,61.23897354362758,34.71,2.0,headache,S067
3.03,0.55,-21.60021699179439,8.481130264429762,61.043426093570474,34.71,2.0,headache,S067
-74.93,0.55,-20.23433424342512,7.454793341690278,61.60631781240816,34.71,2.0,headache,S067
9.46,0.55,-21.355324359959685,7.128336145719724,60.92966432640168,34.71,2.0,headache,S067
-2.97,0.55,-20.28591073136107,7.24542823950961,61.27892986466321,34.71,2.0,headache,S067
-12.03,0.55,-21.114245751223603,5.844987772620371,61.443371778220595,34.71,2.0,headache,S067
48.65,0.55,-21.00256053865811,5.797927460295718,61.36509492493642,34.73,2.0,headache,S067
-16.73,0.55,-20.57807567502919,6.345177807286516,61.09453493313634,34.73,2.0,headache,S067
-18.35,0.55,-21.467367012401155,5.519415607007696,61.08107625426732,34.73,2.0,headache,S067
34.38,0.55,-21.053184468514516,5.756047592836083,61.398380274515645,34.73,2.0,headache,S067
-5.78,0.55,-21.179031855593944,6.033370640849575,61.199224685168815,34.71,2.0,headache,S067
-10.96,0.55,-21.162554733410683,6.175608599371279,61.198547159564185,34.71,2.0,headache,S067
29.86,0.55,-20.65690474517081,5.546605255883435,61.259876591468256,34.71,2.0,headache,S067
-29.55,0.55,-20.4677138826228,6.080431944205431,61.48722681056304,34.71,2.0,headache,S067
17.2,0.55,-21.009457579376715,5.392543250142875,61.26999018049496,34.73,2.0,headache,S067
-17.67,0.55,-20.5143712585978,6.8483036299687,61.24296301029408,34.73,2.0,headache,S067
-56.13,0.55,-20.950901184842557,7.286697205163012,61.14414748352868,34.73,2.0,headache,S067
39.83,0.55,-20.781424122137498,6.398664257616456,61.09340490391201,34.73,2.0,headache,S067
-10.61,0.55,-20.314168946428392,7.420846298158852,60.97716535003222,34.73,2.0,headache,S067
-5.3,0.55,-21.001545251693994,6.459894898340221,61.024825338307586,34.73,2.0,headache,S067
41.07,0.55,-20.858229897065872,5.745397547389181,60.97961453786042,34.73,2.0,headache,S067
-47.27,0.55,-21.101893203040714,4.857804941361437,61.54392972269189,34.73,2.0,headache,S067
25.39,0.55,-21.483063947117387,3.2734888475239474,61.338534818872425,34.73,2.0,headache,S067
17.14,0.55,-20.903182914847005,6.562921766666089,61.29309311557413,34.73,2.0,headache,S067
-42.48,0.55,-22.360779099735428,8.123683864780887,60.77108466162696,34.73,2.0,headache,S067
48.15,0.55,-21.088484875887403,6.451749851424638,60.90214819670927,34.73,2.0,headache,S067
-6.82,0.55,-19.409903661966847,7.786782774885121,61.86667264474761,34.71,2.0,headache,S067
-15.7,0.55,-21.377267004837428,6.740129624504301,60.935868451577974,34.71,2.0,headache,S067
51.05,0.55,-20.653634292686963,7.395278560275642,60.992580884043534,34.71,2.0,headache,S067
-25.86,0.55,-20.551747951614377,6.805529156832138,61.09299781519755,34.71,2.0,headache,S067
-10.08,0.55,-20.39019909065762,7.180821774196468,61.11708069018587,34.73,2.0,headache,S067
45.03,0.55,-20.741662788296384,5.9003013706592675,61.49030730867122,34.73,2.0,headache,S067
-37.41,0.55,-20.579869641548356,5.775649251393397,61.4638840043995,34.73,2.0,headache,S067
-4.66,0.55,-20.71282793778201,6.275930790162824,61.17180556143777,34.73,2.0,headache,S067
15.72,0.56,-21.064009552126365,6.47042122482016,61.041809230834204,34.73,2.0,headache,S067
-43.32,0.56,-20.974639735131237,6.854790209034793,60.97315236555111,34.73,2.0,headache,S067
25.79,0.55,-21.05162628818766,6.949388473728481,61.018036837292776,34.73,2.0,headache,S067
11.85,0.55,-20.582386502100587,7.978041549259576,60.99603054279195,34.73,2.0,headache,S067
-37.46,0.55,-21.422642739042065,7.289392827938877,60.96098840966816,34.75,2.0,headache,S067
31.2,0.55,-21.228441100450752,5.088074723307914,61.045991734381865,34.75,2.0,headache,S067
-14.59,0.55,-22.151121089557964,7.787484211173942,60.85412597634818,34.75,2.0,headache,S067
-12.8,0.55,-23.089069851477763,6.041129158988963,60.778868576889565,34.75,2.0,headache,S067
29.04,0.55,-22.338490713033192,3.966685613329466,61.01178120661688,34.73,2.0,headache,S067
-34.99,0.55,-22.060147736412414,5.737671579487834,60.94053063752744,34.73,2.0,headache,S067
3.88,0.56,-22.08992634987374,5.072092189157595,61.05880071780281,34.73,2.0,headache,S067
15.23,0.56,-22.035425106083412,6.142323060332435,60.94667006202161,34.73,2.0,headache,S067
-25.01,0.55,-22.021334242912477,6.404015727484825,61.01243517417749,34.73,2.0,headache,S067
31.12,0.56,-21.733741523044674,7.728770711509034,60.759735630693505,34.73,2.0,headache,S067
13.07,0.56,-21.678816129563703,4.94892348637801,60.99854696902737,34.73,2.0,headache,S067
-37.4,0.56,-21.63729807242024,4.7458215311405585,61.16240584001742,34.73,2.0,headache,S067
26.61,0.55,-21.825609980342733,8.365556552954349,60.77015994382845,34.73,2.0,headache,S067
-2.56,0.56,-22.28746834671743,7.0442752393771,60.654854175798896,34.73,2.0,headache,S067
-7.44,0.56,-20.64779465391237,6.52876739866721,61.15395640269871,34.73,2.0,headache,S067
50.17,0.55,-20.444682426099604,7.509294933164919,61.47814752175522,34.73,2.0,headache,S067
-36.95,0.56,-20.02766282271784,8.16290424847832,61.0693539288402,34.73,2.0,headache,S067
-29.28,0.55,-21.63954701137017,8.410946893527344,60.91313210715333,34.73,2.0,headache,S067
44.45,0.55,-21.734276730953958,5.007802617955074,61.24782957816309,34.73,2.0,headache,S067
-32.46,0.55,-21.240553297179023,5.26976601410282,61.24371813743994,34.73,2.0,headache,S067
9.9,0.56,-21.444381232958523,4.836945256439133,61.51818582815374,34.73,2.0,headache,S067
24.93,0.55,-21.607103278846644,4.9864268151719475,61.00605085786789,34.73,2.0,headache,S067
-50.03,0.56,-20.925666104000562,5.646613913159325,61.14854615712064,34.73,2.0,headache,S067
19.72,0.56,-21.80040628935607,8.066614992762132,60.84497805236128,34.73,2.0,headache,S067
21.89,0.55,-20.847065118843947,7.824710891412544,60.80753603440349,34.75,2.0,headache,S067
-29.77,0.56,-21.072147928570157,6.779723151378655,61.1227629584043,34.75,2.0,headache,S067
34.16,0.56,-21.238202674047244,7.0875404989445085,61.06901819188553,34.75,2.0,headache,S067
-17.08,0.55,-21.220310502770246,5.7525030446053425,61.29161891670394,34.75,2.0,headache,S067
-18.84,0.55,-21.65097133360146,4.974236846463127,60.95375856508407,34.73,2.0,headache,S067
21.2,0.55,-20.601174129887212,6.431299617880103,61.27321765507853,34.73,2.0,headache,S067
-48.79,0.55,-20.84909335283145,7.800966676728035,61.0314055372847,34.73,2.0,headache,S067
22.06,0.55,-21.04084607624283,7.44147369166103,60.97537490594903,34.73,2.0,headache,S067
36.82,0.56,-20.97505872032128,5.967351022295412,61.186959570328206,34.75,2.0,headache,S067
-40.39,0.56,-21.019329955386326,5.9437689939618545,61.109957329960224,34.75,2.0,headache,S067
28.82,0.55,-21.10974968753496,5.91028701686882,60.9497156166834,34.75,2.0,headache,S067
-11.56,0.56,-21.012549862993197,6.902235805653419,61.046775971930145,34.75,2.0,headache,S067
-17.78,0.56,-20.987327991687977,6.903629097172868,61.09366432994057,34.75,2.0,headache,S067
41.02,0.55,-21.015611060988178,6.839281947586535,61.0576465158083,34.75,2.0,headache,S067
-26.24,0.56,-20.972376089174883,6.4603187361847505,61.10678158452642,34.75,2.0,headache,S067
1.76,0.56,-21.089378609314203,6.321671563051964,60.92700381110374,34.75,2.0,headache,S067
25.29,0.56,-21.176431266317937,4.966610598226926,61.21339227444372,34.73,2.0,headache,S067
-34.32,0.56,-20.644675307892353,5.526438251534729,61.29866549105727,34.73,2.0,headache,S067
17.0,0.56,-21.359459490076457,5.220500618236266,61.20639476537168,34.73,2.0,headache,S067
5.99,0.55,-21.693666191882766,6.394130919435268,61.0914963722508,34.73,2.0,headache,S067
-35.7,0.55,-22.296737485476523,5.844502281634952,60.97596682273089,34.77,2.0,headache,S067
47.26,0.55,-20.612288552137752,8.01219058346341,60.97915487948571,34.77,2.0,headache,S067
16.44,0.56,-22.055833561215998,7.568471667767651,60.94448174898104,34.77,2.0,headache,S067
-34.58,0.56,-21.20239300582121,6.327737283107505,61.413214592146225,34.77,2.0,headache,S067
21.89,0.56,-20.032792670843847,6.0691944671022355,61.283027377296726,34.75,2.0,headache,S067
-17.32,0.56,-20.866710391561032,6.075973306318176,61.153937600793924,34.75,2.0,headache,S067
-18.39,0.55,-20.68263523236305,7.394464014707055,60.97518405551227,34.75,2.0,headache,S067
24.69,0.56,-21.012316326280445,6.029129577763099,61.00769267891762,34.75,2.0,headache,S067
-28.73,0.56,-21.2718547596707,6.032565934774781,61.48643854151249,34.73,2.0,headache,S067
14.0,0.55,-21.540783323316493,5.899686451512223,61.166345997609895,34.73,2.0,headache,S067
30.65,0.56,-21.85223728697542,4.908604729064605,61.14027813023793,34.73,2.0,headache,S067
-48.0,0.56,-21.856725277852963,4.523343614598433,61.210930996266995,34.73,2.0,headache,S067
14.63,0.55,-21.700572303952022,7.849796459603937,61.01611888535851,34.73,2.0,headache,S067
-3.46,0.56,-23.261883263727043,7.287805835120628,60.42381210645995,34.73,2.0,headache,S067
-32.31,0.56,-19.532711850329918,6.65400255435723,61.245774293211625,34.73,2.0,headache,S067
50.72,0.56,-21.462795780342837,6.271738338740256,61.06156367386518,34.73,2.0,headache,S067
-17.11,0.56,-21.35618973075255,5.10986116759478,61.135336334472576,34.75,2.0,headache,S067
0.56,0.56,-20.89167712538813,6.525580321134176,61.19004518072284,34.75,2.0,headache,S067
33.37,0.55,-20.92966755774663,7.306534177677968,61.13606360633116,34.75,2.0,headache,S067
-33.94,0.56,-20.531897341363273,7.99408015801662,61.07730132669035,34.75,2.0,headache,S067
39.5,0.56,-20.78970365854597,6.310898380690349,61.421304675460775,34.75,2.0,headache,S067
6.77,0.56,-20.87728524923882,5.855021456850539,61.25609705924152,34.75,2.0,headache,S067
-27.04,0.56,-20.735389072491405,6.868456645545716,61.178331740791876,34.75,2.0,headache,S067
17.26,0.56,-21.288276725301134,7.980309263151588,61.10371650291219,34.75,2.0,headache,S067
-26.82,0.55,-21.04531383517952,7.190169598055762,60.99317040476704,34.75,2.0,headache,S067
-9.53,0.55,-20.925070271461973,5.540352146145212,61.06204313407512,34.75,2.0,headache,S067
29.67,0.56,-20.40515443130397,6.747265347200351,61.280692901325956,34.75,2.0,headache,S067
-37.15,0.56,-21.426702622880235,5.9344177235890445,61.0337050158481,34.75,2.0,headache,S067
14.09,0.55,-20.647717961162545,6.085353967062804,61.303147540186636,34.73,2.0,headache,S067
-12.84,0.56,-20.668768793584622,6.858868202870675,61.35537396126219,34.73,2.0,headache,S067
-10.45,0.56,-21.014867806216643,6.398721840078757,60.94934827120023,34.73,2.0,headache,S067
35.93,0.56,-20.72113770663652,7.253345638184174,61.03396083848957,34.73,2.0,headache,S067
-44.71,0.56,-21.221271771223694,6.293137752718932,60.97399083234444,34.75,2.0,headache,S067
13.4,0.56,-21.1515256621867,6.0476480256718705,61.25389995672209,34.75,2.0,headache,S067
22.06,0.56,-20.89612983587826,6.057602198859065,61.004214591194135,34.75,2.0,headache,S067
-38.52,0.55,-21.07737628043029,6.741698718552597,61.00862352130689,34.75,2.0,headache,S067
40.85,0.56,-20.886746671986405,6.571170684347419,60.98800938040742,34.75,2.0,headache,S067
-5.86,0.56,-20.918664400520452,6.750054993789997,61.014562598135434,34.75,2.0,headache,S067
-9.92,0.56,-20.93321104458729,6.3969062271326615,60.98211618329667,34.75,2.0,headache,S067
43.42,0.56,-21.1497624702629,6.535779978779228,61.02339130278482,34.75,2.0,headache,S067
-32.94,0.56,-20.904292570710936,6.7138515775534096,60.964637415130746,34.77,2.0,headache,S067
-5.43,0.55,-21.08867821666227,6.245075292275054,61.09165102113256,34.77,2.0,headache,S067
33.32,0.56,-20.90860888463157,6.2416033171346275,61.06504200023944,34.77,2.0,headache,S067
-39.11,0.56,-21.103808509764445,6.285629812643205,60.99004146807759,34.77,2.0,headache,S067
20.96,0.56,-20.79901026302775,6.203685103977457,60.99401326880861,34.75,2.0,headache,S067
11.73,0.56,-21.060563540127195,6.588682521747994,61.01988148998208,34.75,2.0,headache,S067
-27.68,0.56,-20.90548403124382,6.59877825169334,60.957279042677854,34.75,2.0,headache,S067
30.26,0.56,-21.198709222058206,6.709406909047983,61.144113293302546,34.75,2.0,headache,S067
-3.62,0.56,-20.61908163952982,6.195738617435343,61.239725255097134,34.75,2.0,headache,S067
-21.6,0.56,-22.046505254916656,6.537052612527544,61.12436608244061,34.75,2.0,headache,S067
28.05,0.56,-22.327061488067205,7.125959017083199,61.0952317068649,34.75,2.0,headache,S067
-28.79,0.56,-21.58394182037187,4.219124956681518,60.93227586730694,34.75,2.0,headache,S067
-11.93,0.56,-22.893169095813043,4.615086191788116,61.224716677323045,34.77,2.0,headache,S067
7.76,0.56,-21.64458454995259,6.7684900540408925,60.96671039874245,34.77,2.0,headache,S067
-45.28,0.56,-21.709350980295994,7.096133805705382,60.99777586154055,34.77,2.0,headache,S067
41.39,0.56,-21.28804025586115,8.525509893368671,60.868812050145706,34.77,2.0,headache,S067
30.3,0.56,-21.568957968144137,7.060146609673158,60.96915733115495,34.75,2.0,headache,S067
-21.86,0.56,-20.889935330784944,7.520818458801787,60.95237486046223,34.75,2.0,headache,S067
27.55,0.56,-21.407575307663755,5.672303937219237,61.00444595930862,34.75,2.0,headache,S067
-11.94,0.56,-20.902128837223493,6.206511529897419,61.134351284117464,34.75,2.0,headache,S067
-9.22,0.56,-21.513873718417045,5.220919054873985,61.33292633169018,34.79,2.0,headache,S067
20.98,0.56,-20.831409925404593,6.435342678386592,61.06574120666515,34.79,2.0,headache,S067
-26.89,0.56,-21.244860657549076,6.867269536422073,61.14409261111294,34.79,2.0,headache,S067
19.43,0.56,-20.985989188112313,6.6085430622832435,60.912240732798736,34.79,2.0,headache,S067
-6.31,0.56,-21.033676109303723,6.710851025571153,61.14524747477377,34.77,2.0,headache,S067
-44.87,0.56,-20.917196889390297,6.519466074414689,61.08295362693601,34.77,2.0,headache,S067
14.91,0.56,-21.087686556544803,6.286629419991338,61.23583328164121,34.77,2.0,headache,S067
-29.43,0.56,-20.717522483616808,6.754565403394276,60.917543420918584,34.77,2.0,headache,S067
16.25,0.56,-21.337136792236176,6.196289038900682,61.14928945760916,34.79,2.0,headache,S067
15.94,0.56,-21.63707766045473,5.8701592244057235,61.116793650012475,34.79,2.0,headache,S067
-25.19,0.56,-20.95835709643548,6.997224604485048,61.19481651460256,34.79,2.0,headache,S067
52.07,0.55,-21.161064280261208,8.312258403266545,61.021461830927635,34.79,2.0,headache,S067
-24.66,0.56,-21.777183968710652,6.044250122494123,60.967141881589754,34.77,2.0,headache,S067
20.5,0.56,-22.288674561353503,7.727148869930983,60.75240732414243,34.77,2.0,headache,S067
39.15,0.56,-20.927034085327026,5.825858209752169,61.16584836935814,34.77,2.0,headache,S067
-42.46,0.56,-21.407074895619555,5.337952459568876,61.42392600258742,34.77,2.0,headache,S067
-7.34,0.56,-21.068169154704808,5.810123888290852,61.02027820355602,34.79,2.0,headache,S067
-38.85,0.56,-20.794624225328512,5.8087763134785435,61.376900447905946,34.79,2.0,headache,S067
33.9,0.56,-20.81591107944038,5.4530371497118875,61.392844049774375,34.79,2.0,headache,S067
58.41,0.56,-20.787455186145372,6.012934413603355,61.09050350518233,34.79,2.0,headache,S067
-57.61,0.56,-20.791976781596226,5.987383581480411,61.51179903131071,34.79,2.0,headache,S067
11.16,0.56,-20.941702314518352,6.574408283180425,61.00990942166333,34.79,2.0,headache,S067
2.5,0.56,-21.039339055531173,5.989330106383986,61.629525979607024,34.79,2.0,headache,S067
2.77,0.56,-20.915310075398555,6.487819706532389,61.62187166624262,34.79,2.0,headache,S067
50.6,0.56,-20.596990047828733,5.7095079999781015,61.18792325968297,34.77,2.0,headache,S067
-27.26,0.56,-21.040813157679512,6.605018413662094,61.22370313084873,34.77,2.0,headache,S067
0.2,0.56,-21.02711769425738,5.884451144510675,61.10932204400931,34.77,2.0,headache,S067
-36.14,0.56,-21.32841634753021,6.950003223568404,61.0987811533815,34.77,2.0,headache,S067
5.08,0.57,-20.34020918192042,5.008683202619267,61.45310833540611,34.77,2.0,headache,S067
13.35,0.56,-20.994835028474135,5.612620827002282,61.377224915357175,34.77,2.0,headache,S067
-44.66,0.56,-20.43719639676595,5.896709895057567,61.41434067812475,34.77,2.0,headache,S067
6.47,0.56,-21.556688434659183,5.647348178813479,60.79438190235589,34.77,2.0,headache,S067
-6.52,0.56,-20.775823507098192,5.530075559212292,61.28054740921234,34.79,2.0,headache,S067
45.74,0.56,-20.415172700052846,6.0478901345198866,61.38861295257282,34.79,2.0,headache,S067
35.12,0.56,-20.496298792348764,6.385906860880764,61.31675039720829,34.79,2.0,headache,S067
-53.79,0.56,-20.30448939231152,6.012469660487114,61.30734673363426,34.79,2.0,headache,S067
26.98,0.56,-20.230337313100488,6.292288083451908,61.48501262644533,34.77,2.0,headache,S067
-13.3,0.56,-20.621084036145383,6.017959451322526,61.14789538951193,34.77,2.0,headache,S067
-6.03,0.56,-20.477130738178122,6.16571663748338,61.430160302918,34.77,2.0,headache,S067
18.69,0.56,-20.687768834583924,6.44892283050888,61.221204166373894,34.77,2.0,headache,S067
-31.62,0.56,-20.72805512851237,5.970702886233586,61.23170941597225,34.79,2.0,headache,S067
31.72,0.56,-20.452556622212274,5.778872618153687,61.104793979706315,34.79,2.0,headache,S067
-17.37,0.56,-20.706480812014682,5.764777732142677,61.18073373775246,34.79,2.0,headache,S067
-1.28,0.56,-20.632200595702393,6.189578433219164,61.167301066546116,34.79,2.0,headache,S067
18.33,0.56,-20.65705347055844,5.805136942170704,61.246142994806355,34.79,2.0,headache,S067
-51.38,0.56,-20.8290471323368,6.219604165456798,61.22782315005706,34.79,2.0,headache,S067
43.42,0.56,-20.56432140849834,5.713560319484329,61.348096559414564,34.79,2.0,headache,S067
-22.94,0.56,-20.600510418300235,6.142027923605195,61.03303485094314,34.79,2.0,headache,S067
-2.41,0.56,-20.704182533702838,5.868490988492456,61.13138088258212,34.81,2.0,headache,S067
16.63,0.56,-20.606233955205184,5.687583195371428,61.101146528016486,34.81,2.0,headache,S067
-38.62,0.56,-20.682715820646337,6.187914885020624,61.55123211759369,34.81,2.0,headache,S067
31.13,0.56,-20.59674981240831,5.474845154315927,61.423710285586544,34.81,2.0,headache,S067
-6.14,0.56,-20.862531732480388,6.330477954096669,61.72538828589848,34.79,2.0,headache,S067
7.11,0.56,-21.28560122204899,6.480391049288579,61.2580412463497,34.79,2.0,headache,S067
43.18,0.56,-22.821657673970183,5.820983200139863,60.52338692272258,34.79,2.0,headache,S067
8.73,0.56,-22.432393383595432,6.769181377806653,60.443803418988495,34.79,2.0,headache,S067
99.47,0.56,-22.081404454576617,6.094445301191163,61.52764960994438,34.79,2.0,headache,S067
-39.79,0.56,-21.76725048474691,7.001939021681294,60.398070654704604,34.79,2.0,headache,S067
-54.96,0.56,-22.185901914325672,6.0786464816096455,61.43719642108511,34.79,2.0,headache,S067
-12.91,0.56,-21.746698523329005,7.5691114689230155,60.638734630849655,34.79,2.0,headache,S067
-119.18,0.56,-22.132828581406866,5.756510189655638,61.48780042441125,34.79,2.0,headache,S067
-1.77,0.56,-21.649050857111174,7.136347524308639,60.735936651425874,34.79,2.0,headache,S067
9.96,0.56,-22.20451841713602,5.779016243654775,61.686012689828495,34.79,2.0,headache,S067
-17.08,0.56,-21.142558311362173,7.535436949552892,60.11937481336312,34.79,2.0,headache,S067
58.71,0.56,-22.3856492000605,8.034025652810723,61.985707173112225,34.79,2.0,headache,S067
-50.45,0.56,-21.30307292379857,8.795811054258433,59.05722082617943,34.79,2.0,headache,S067
21.83,0.56,-35.33023914743369,0.15124366483280352,65.85714464669773,34.79,2.0,headache,S067
28.03,0.56,-49.41347547433381,-12.991971124262763,52.834154022157726,34.79,2.0,headache,S067
4.46,0.56,-22.400209165767627,-16.112587866579666,37.24089259398296,34.79,2.0,headache,S067
20.77,0.55,-29.19463053666127,-12.535295045822792,50.069212196553025,34.79,2.0,headache,S067
-35.38,0.55,-21.916100637415592,-7.616953319053472,65.6602311624801,34.79,2.0,headache,S067
-300.3,0.55,-18.933858178686236,0.7142423345161341,69.31259515140893,34.79,2.0,headache,S067
40.45,0.55,-18.260219873245642,13.190249511417504,60.64644177713927,34.81,2.0,headache,S067
385.16,0.56,-27.534794741592446,7.803837396552087,58.745547917178,34.81,2.0,headache,S067
92.23,0.56,-29.384968865629453,12.784385959668866,56.556536702487705,34.81,2.0,headache,S067
-86.49,0.56,-27.109844847706512,12.070041943598213,58.14999085395653,34.81,2.0,headache,S067
-75.42,0.56,-32.2741578701185,15.688084372102859,54.51056213966873,34.77,2.0,headache,S067
46.08,0.57,-31.518896736084688,15.457738475978301,55.33265181014889,34.77,2.0,headache,S067
-66.46,0.56,-32.35405522105005,16.532721271784663,53.90124424119626,34.77,2.0,headache,S067
-73.52,0.56,-32.27072033029128,15.64826562859801,54.5378653684564,34.77,2.0,headache,S067
135.79,0.56,-33.71795499882221,15.995764818020266,53.51383944349527,34.79,2.0,headache,S067
56.11,0.56,-33.34442539543513,15.079586926679063,54.21827492038586,34.79,2.0,headache,S067
-74.36,0.56,-34.88856190953594,15.958088642266834,52.80608026547296,34.79,2.0,headache,S067
-3.64,0.57,-34.35763932477756,15.559581324210036,53.4836963466039,34.79,2.0,headache,S067
15.29,0.57,-35.16702942237883,16.34587049413512,52.89376313155925,34.79,2.0,headache,S067
-23.61,0.56,-34.123349122721464,15.48057781785406,53.5108900258432,34.79,2.0,headache,S067
-5.38,0.57,-34.9485413156734,14.5987929250187,52.913883622567994,34.79,2.0,headache,S067
15.74,0.57,-35.69112378178454,14.725213203396175,52.91305790094732,34.79,2.0,headache,S067
-34.31,0.56,-35.59608386789939,15.349190499101661,52.270782070444284,34.77,2.0,headache,S067
76.93,0.57,-36.30799099174163,14.810907770489179,52.39096658594252,34.77,2.0,headache,S067
3.56,0.57,-35.74692410768183,15.906635143101592,52.40259257068585,34.77,2.0,headache,S067
-77.1,0.56,-36.487672298614434,15.136173070743046,52.136830414209626,34.77,2.0,headache,S067
-24.84,0.57,-35.98737440250635,16.05957968200416,51.93138667816232,34.79,2.0,headache,S067
-5.8,0.57,-36.45718155738231,15.000484634128407,52.29498509807616,34.79,2.0,headache,S067
-21.64,0.57,-35.559627195299285,14.891582484720473,52.65009752981884,34.79,2.0,headache,S067
9.5,0.57,-34.91280401539088,16.170592866870567,52.92371588049674,34.79,2.0,headache,S067
25.11,0.57,-34.942608632165935,16.87789563262881,52.59737023391152,34.77,2.0,headache,S067
-1.93,0.57,-36.164653384580184,13.786514326004612,53.1087491000744,34.77,2.0,headache,S067
42.06,0.57,-34.77903203203871,11.781876604003676,53.59466718806462,34.77,2.0,headache,S067
-16.22,0.57,-35.28100729204454,11.89034858481571,54.25587992702679,34.77,2.0,headache,S067
-35.21,0.57,-30.821001313398863,10.353713298272984,55.661873404397994,34.81,2.0,headache,S067
58.27,0.57,-30.335768212948437,12.114395492081085,57.117547480991206,34.81,2.0,headache,S067
1.1,0.57,-26.113567637238827,14.883401223919318,56.80956185773097,34.81,2.0,headache,S067
-36.13,0.57,-26.087041402115577,12.906561153572753,59.0127428148489,34.81,2.0,headache,S067
-3.39,0.57,-29.95871151861125,10.866160377588198,56.69590542591661,34.81,2.0,headache,S067
-83.11,0.57,-27.382085966817385,9.330839847299638,56.944979542501464,34.81,2.0,headache,S067
1.04,0.56,-30.107513872086123,12.660128518558539,57.569562981632515,34.81,2.0,headache,S067
44.07,0.56,-31.69706256708737,9.226079682242258,56.11109752718678,34.81,2.0,headache,S067
-2.84,0.56,-29.256423703797264,9.463394082502534,57.77029493943284,34.79,2.0,headache,S067
52.21,0.57,-29.51028871347554,9.89115377527346,57.39034478104352,34.79,2.0,headache,S067
35.38,0.57,-30.14811661432518,9.861841011876596,57.24088585229538,34.79,2.0,headache,S067
-11.71,0.56,-29.329775060475196,9.61833125289569,57.59727771863976,34.79,2.0,headache,S067
-43.68,0.57,-29.23113316384908,9.758087609205756,57.95305103674456,34.81,2.0,headache,S067
2.34,0.57,-29.30188822418813,9.844285895192336,57.45090038298899,34.81,2.0,headache,S067
5.88,0.57,-28.897312024258298,10.145997257901609,57.71128766764935,34.81,2.0,headache,S067
-8.14,0.57,-29.236912883574412,9.201930250850705,57.57353295570107,34.81,2.0,headache,S067
-6.11,0.57,-28.653407593266948,9.078192257125046,57.96549775306544,34.81,2.0,headache,S067
8.41,0.56,-28.918556566691013,9.29116432614895,57.968217757225986,34.81,2.0,headache,S067
-17.25,0.57,-28.227266944344844,9.632030323923956,58.047609417289564,34.81,2.0,headache,S067
19.32,0.57,-28.595227336818247,9.759789655863479,57.897032009039854,34.81,2.0,headache,S067
-23.5,0.57,-28.078326963874396,9.446169157166612,57.94194831407216,34.81,2.0,headache,S067
9.7,0.57,-28.202475540580302,9.04193888862527,58.01012374146957,34.81,2.0,headache,S067
-2.29,0.57,-27.969359069304048,9.45158731627697,57.998148068309185,34.81,2.0,headache,S067
-4.03,0.57,-28.068827435038564,9.164338764665347,57.99924003880774,34.81,2.0,headache,S067
11.62,0.57,-27.941199823038062,9.122492686135791,58.00167369780322,34.83,2.0,headache,S067
-15.57,0.57,-28.002489414804877,9.319845044442728,57.99798619569686,34.83,2.0,headache,S067
20.18,0.57,-27.711817513520074,9.246649515938365,58.00227847855665,34.83,2.0,headache,S067
-3.58,0.57,-28.081219673442376,9.22008402447516,57.99714474970347,34.83,2.0,headache,S067
-9.19,0.57,-27.800196395500496,9.28742169415003,58.004403613219225,34.81,2.0,headache,S067
20.01,0.57,-27.93193460136548,9.141758310360524,57.99077488280355,34.81,2.0,headache,S067
-15.79,0.57,-27.692574918104125,9.292495790446628,58.038131805533126,34.81,2.0,headache,S067
9.42,0.57,-27.848293571285616,9.447513154663897,58.189757898025576,34.81,2.0,headache,S067
8.46,0.57,-27.93539974395643,9.871244735995932,58.16540667819715,34.83,2.0,headache,S067
-11.94,0.57,-28.134861344890535,9.292678527839236,57.983191105025504,34.83,2.0,headache,S067
10.96,0.57,-27.95277518454948,9.467970261261609,58.02074015231093,34.83,2.0,headache,S067
0.26,0.57,-27.676710584168625,9.85954504344201,58.09491865278016,34.83,2.0,headache,S067
-13.8,0.57,-28.521957110569886,9.926820135347649,57.890909811845766,34.83,2.0,headache,S067
16.22,0.57,-28.470229011290265,9.926169043915717,57.79983302111729,34.83,2.0,headache,S067
-9.03,0.57,-28.945871843710446,10.571484908562747,57.67106132243692,34.83,2.0,headache,S067
9.99,0.57,-27.353759538762148,9.979790731077276,58.05406287595892,34.83,2.0,headache,S067
10.37,0.57,-27.679410724531404,10.153472490977276,58.21467039120177,34.81,2.0,headache,S067
-35.17,0.57,-29.002047938047113,10.359997139419146,57.73465173884303,34.81,2.0,headache,S067
-35.33,0.57,-27.108576796591056,9.688045966490646,58.37583685545731,34.81,2.0,headache,S067
-6.12,0.57,-27.516615408469548,10.833995433329344,58.42726917090022,34.81,2.0,headache,S067
34.55,0.57,-27.718021826256617,10.370772700242803,58.18548389026281,34.81,2.0,headache,S067
39.75,0.57,-27.89703367345465,9.577351184646604,58.04210865821913,34.81,2.0,headache,S067
-7.62,0.57,-27.629221393960904,9.27752653420622,58.054661842208006,34.81,2.0,headache,S067
-14.96,0.57,-27.130462494954795,9.352962733700823,58.64815558954006,34.81,2.0,headache,S067
25.81,0.57,-26.956103357382354,9.963273154562938,58.396822809491724,34.83,2.0,headache,S067
-13.22,0.57,-26.875054051345323,10.780795835080806,58.15254942501849,34.83,2.0,headache,S067
0.02,0.57,-26.44537404558227,11.801732483755123,58.45145174250393,34.83,2.0,headache,S067
-0.18,0.57,-27.20638335075288,10.7189598800206,58.14494047386269,34.83,2.0,headache,S067
-25.31,0.57,-26.98064121778017,10.028237677799506,58.48626810539089,34.84,2.0,headache,S067
8.62,0.57,-27.12988561764275,9.851245439459065,58.509817801940905,34.84,2.0,headache,S067
-10.84,0.57,-26.80603922176765,10.051381294527276,58.34130246871622,34.84,2.0,headache,S067
22.47,0.57,-27.23996701683867,9.951819693440866,58.103461637379695,34.84,2.0,headache,S067
12.42,0.57,-26.864312976591595,10.046089222113805,58.379125974332474,34.83,2.0,headache,S067
-26.28,0.57,-27.119255280158153,9.960369783843971,58.82720252039118,34.83,2.0,headache,S067
13.45,0.57,-26.863615525537877,10.236488861911944,58.725193386495,34.83,2.0,headache,S067
10.67,0.57,-26.875599673233356,10.689289330240014,58.658079014393984,34.83,2.0,headache,S067
-25.85,0.57,-26.917024674843802,11.015701307499375,58.25172973016157,34.83,2.0,headache,S067
14.28,0.57,-27.0660900426397,10.470200237760977,58.482103847345165,34.83,2.0,headache,S067
-3.27,0.57,-26.947445515585745,10.080955477495825,58.232012339357645,34.83,2.0,headache,S067
-17.83,0.57,-27.0158426759991,10.178921450007824,58.351394177892935,34.83,2.0,headache,S067
25.13,0.57,-26.981742644802964,10.097806598864384,58.716101140806764,34.81,2.0,headache,S067
2.6,0.57,-27.01940851273572,10.022285780284372,58.307374782334236,34.81,2.0,headache,S067
-6.91,0.57,-27.010882825347508,10.446229800744145,58.41470216727996,34.81,2.0,headache,S067
22.27,0.57,-27.298495337640503,9.984944019018473,58.15287511949815,34.81,2.0,headache,S067
-13.7,0.57,-26.90158340681395,10.091224222248995,58.43680499595515,34.83,2.0,headache,S067
-15.04,0.57,-27.082014627501636,9.905964835653275,58.42457764323474,34.83,2.0,headache,S067
28.56,0.57,-26.93056700325166,10.095519443401102,58.390071541148885,34.83,2.0,headache,S067
-16.1,0.58,-27.057158987948707,9.894392270961955,58.243419160465955,34.83,2.0,headache,S067
-6.09,0.58,-26.94630409619959,10.209334473639677,58.375098227497624,34.83,2.0,headache,S067
27.5,0.57,-26.56203501111248,10.912454447338769,58.662813581434726,34.83,2.0,headache,S067
-20.55,0.57,-26.621118404407785,10.974337553063323,58.55463209502661,34.83,2.0,headache,S067
-1.88,0.58,-26.959558592298762,10.878909231303195,58.349845530837094,34.83,2.0,headache,S067
4.14,0.57,-26.840597030663883,11.056257909285836,58.01401429021034,34.83,2.0,headache,S067
-37.7,0.58,-27.047038833813307,10.742840900692759,58.26345149851776,34.83,2.0,headache,S067
11.89,0.57,-26.937383445466637,10.619217079661123,58.23561281148179,34.83,2.0,headache,S067
29.76,0.57,-27.37866525933235,10.279717875135969,58.291923359585844,34.83,2.0,headache,S067
-19.34,0.58,-26.865671515182804,9.787844753961052,58.34185673325513,34.84,2.0,headache,S067
29.1,0.57,-27.12952705342191,9.793345973430426,58.075664085288864,34.84,2.0,headache,S067
7.1,0.57,-26.874107590366975,10.101164519555825,58.56665012598785,34.84,2.0,headache,S067
0.59,0.59,-27.129084718465503,9.901598627669951,58.67910743227008,34.84,2.0,headache,S067
25.07,0.58,-26.841735224281862,10.100574325154044,58.68680066871546,34.83,2.0,headache,S067
-45.63,0.57,-26.854284464946993,9.434969241059383,58.48901041841195,34.83,2.0,headache,S067
-16.97,0.57,-27.07663413309448,9.948336024376673,58.52363896942619,34.83,2.0,headache,S067
23.06,0.58,-27.00744310360229,9.278847904280788,58.6282741372103,34.83,2.0,headache,S067
-28.04,0.57,-26.82195173048455,9.870753244977852,58.53967198432266,34.81,2.0,headache,S067
21.27,0.57,-27.25479130829204,9.637747943335661,58.59263447977031,34.81,2.0,headache,S067
10.19,0.58,-26.912542187948898,9.660446922770781,58.65998884419978,34.81,2.0,headache,S067
-22.02,0.57,-27.08868126840738,9.623773314773974,58.7502853180478,34.81,2.0,headache,S067
18.59,0.57,-26.866412032987032,9.75443245155779,58.80176099394144,34.83,2.0,headache,S067
9.06,0.58,-26.97797113246282,9.095732051661997,58.33471435343101,34.83,2.0,headache,S067
-21.32,0.58,-26.953899038535898,9.910273634792555,58.62757390911702,34.83,2.0,headache,S067
28.77,0.57,-27.057433516858463,9.758893375080671,58.66102614438936,34.83,2.0,headache,S067
-15.87,0.58,-26.938343972450074,9.97658597271825,58.64203007347633,34.83,2.0,headache,S067
-10.1,0.58,-27.063278641463295,9.989273102489987,58.46014616415972,34.83,2.0,headache,S067
8.03,0.57,-26.93671877814783,10.022731353956095,58.64741326163396,34.83,2.0,headache,S067
-25.61,0.58,-27.06156516487426,9.970999750944195,58.585856252314635,34.83,2.0,headache,S067
-0.05,0.58,-26.94321503660501,10.032667299677819,58.089918428222425,34.84,2.0,headache,S067
13.26,0.57,-27.042816852299087,9.965317947511068,58.46162457854838,34.84,2.0,headache,S067
-12.57,0.58,-27.073234729916823,10.03503062682402,58.55611013692399,34.84,2.0,headache,S067
26.47,0.58,-27.23027381240397,9.968478407058287,58.48614728847714,34.84,2.0,headache,S067
-17.13,0.57,-26.8672577468472,9.920845454914256,58.381543776876995,34.81,2.0,headache,S067
3.54,0.58,-27.081617227270115,9.941581294358588,58.22704858589825,34.81,2.0,headache,S067
19.9,0.58,-26.942673519780513,10.052531353146659,58.69372725700746,34.81,2.0,headache,S067
-31.37,0.57,-27.08174092385162,9.948454756776664,58.67459812216362,34.81,2.0,headache,S067
28.81,0.57,-26.911021804021598,10.052070202082007,58.425288135717764,34.81,2.0,headache,S067
-4.67,0.58,-27.097277831359232,9.945576198776273,58.918367663728695,34.81,2.0,headache,S067
-24.48,0.57,-26.87992730979742,10.063408667867499,58.480786371210506,34.81,2.0,headache,S067
33.8,0.57,-26.92121801350586,9.811175993268092,58.73607154678824,34.81,2.0,headache,S067
-17.1,0.58,-27.017383892174664,10.032636728099888,58.45115084632774,34.81,2.0,headache,S067
-13.54,0.58,-27.13593623778069,9.889517429638783,58.342355799763645,34.81,2.0,headache,S067
35.6,0.58,-27.19787792870283,9.839425603277,58.13212641807923,34.81,2.0,headache,S067
-19.71,0.58,-27.245890757931065,9.843526393660449,58.382516848520126,34.81,2.0,headache,S067
-4.04,0.58,-26.86377905461888,10.088629553834094,58.36064729079828,34.83,2.0,headache,S067
34.0,0.57,-27.120117675646444,9.922402661539216,58.2257547970536,34.83,2.0,headache,S067
-31.18,0.58,-26.88302772223463,10.073809295711921,58.57305424723093,34.83,2.0,headache,S067
-2.34,0.58,-27.120322741785348,9.92743650205301,58.667125171636755,34.83,2.0,headache,S067
30.4,0.57,-26.86432394050346,10.072645010251426,58.74032527720977,34.79,2.0,headache,S067
-29.22,0.58,-27.00463854532616,9.926349151200833,59.004620901812494,34.79,2.0,headache,S067
-5.85,0.58,-26.793245995477342,10.07548104796896,58.61407732449021,34.79,2.0,headache,S067
32.06,0.57,-27.07512615399255,9.921785063292731,58.579714403075656,34.79,2.0,headache,S067
-27.43,0.58,-26.853808707554403,10.082117130725758,59.10093323939072,34.81,2.0,headache,S067
-16.23,0.58,-26.902518134191556,9.912236157160754,58.85264064347396,34.81,2.0,headache,S067
28.87,0.57,-26.892522817013486,10.096487840487894,58.69808699983086,34.81,2.0,headache,S067
-17.27,0.58,-27.111133180888316,9.887494788497406,58.394548513708585,34.81,2.0,headache,S067
-7.57,0.58,-26.83476682792192,10.17302747729918,58.30929262161552,34.81,2.0,headache,S067
34.12,0.57,-26.733930034630703,10.11380736436372,58.51218192810138,34.81,2.0,headache,S067
-21.71,0.58,-26.13648657460118,11.512349451054826,58.526688893360955,34.81,2.0,headache,S067
-9.2,0.58,-26.78098628796121,10.74614392926675,58.47065071162461,34.81,2.0,headache,S067
29.71,0.57,-26.967407597224987,10.101268513150986,58.265176805243854,34.81,2.0,headache,S067
-19.45,0.58,-27.01596740027044,9.365814292042536,58.660475852206524,34.81,2.0,headache,S067
-4.08,0.58,-26.832682050129982,8.241290620137448,59.09947387531101,34.81,2.0,headache,S067
41.36,0.58,-25.61757188845175,9.101857995185973,59.103854309137304,34.81,2.0,headache,S067
-18.41,0.57,-25.62949697554908,10.921955841138157,58.92907412468719,34.79,2.0,headache,S067
-19.87,0.58,-27.79826864562506,9.597006570904451,58.263355630585735,34.79,2.0,headache,S067
-5.76,0.58,-26.05017484207837,9.299212008820486,58.7125256673704,34.79,2.0,headache,S067
-59.9,0.57,-25.551917452110327,9.578686622727973,59.17982101187101,34.79,2.0,headache,S067
51.5,0.58,-27.29815823154618,9.26266283688539,58.482756683087,34.81,2.0,headache,S067
60.93,0.58,-26.349156496472236,10.407130471105123,58.85362399387592,34.81,2.0,headache,S067
-92.3,0.57,-25.911200384909947,11.178179856653276,58.98686934820652,34.81,2.0,headache,S067
15.57,0.58,-26.79823204615709,10.301592455010153,58.601835555270206,34.81,2.0,headache,S067
50.56,0.58,-26.240503728576687,10.715024622944181,58.73913083015175,34.77,2.0,headache,S067
-59.28,0.57,-25.547366828170627,12.5377895442744,58.432672974675775,34.77,2.0,headache,S067
14.91,0.58,-26.54666962764641,14.74618860544219,57.61509754976031,34.77,2.0,headache,S067
11.47,0.58,-28.769225724446713,10.82615205302614,57.67762531454117,34.77,2.0,headache,S067
-21.54,0.58,-26.441251510039134,10.100043192095967,58.67398452133025,34.77,2.0,headache,S067
6.04,0.58,-23.586082861888723,12.591402233109275,59.39458807616243,34.77,2.0,headache,S067
-25.37,0.58,-25.206431163858642,11.567127268928756,59.03719288162976,34.77,2.0,headache,S067
-48.02,0.57,-24.555701330705247,11.2849818819866,59.05360636784106,34.77,2.0,headache,S067
-72.52,0.58,-23.843310370522477,12.31252074593605,59.23949878863328,34.79,2.0,headache,S067
12.2,0.58,-26.045351058848134,9.000362579705804,59.05169713159172,34.79,2.0,headache,S067
191.71,0.57,-24.303562042633125,10.45874340550015,59.41492709719685,34.79,2.0,headache,S067
-13.31,0.58,-26.162436765654494,12.455041552039772,58.45207677928855,34.79,2.0,headache,S067
-27.68,0.58,-26.87763565140483,12.166327877314735,58.09368435379819,34.79,2.0,headache,S067
39.69,0.58,-36.39314531295108,9.759889927662908,53.158126929880765,34.79,2.0,headache,S067
-86.3,0.58,-32.8649004710297,11.611236964202007,55.063678025864036,34.79,2.0,headache,S067
80.96,0.58,-27.878108357960926,13.396403220351962,57.444318831887585,34.79,2.0,headache,S067
87.99,0.58,-29.788501265086357,9.689777679010202,57.293642186175745,34.79,2.0,headache,S067
-21.65,0.57,-29.877347938501128,9.95868284495172,57.30570883965908,34.79,2.0,headache,S067
-22.3,0.58,-29.893388041170734,9.241079639552025,57.52065792778925,34.79,2.0,headache,S067
-68.07,0.58,-30.07238147956542,9.95751126715151,57.377890727247205,34.79,2.0,headache,S067
144.07,0.58,-30.45193278641225,9.888969642543875,56.68323404594099,34.77,2.0,headache,S067
35.27,0.58,-30.621314130153863,9.281928944349342,56.98673796421336,34.77,2.0,headache,S067
-41.03,0.58,-31.657748441378903,8.44788115874941,56.605759308216925,34.77,2.0,headache,S067
-59.95,0.58,-31.212816165975934,9.260457293151003,57.11822436121901,34.77,2.0,headache,S067
1.83,0.58,-31.059538197668235,9.199349680775223,56.52483250711611,34.77,2.0,headache,S067
-15.14,0.58,-31.149795594871122,9.289028021365825,56.887900450657725,34.77,2.0,headache,S067
-15.39,0.58,-30.942036428497296,9.019163327364037,57.02358935375353,34.77,2.0,headache,S067
3.09,0.58,-31.045769146212198,9.117302406146539,56.88117394112634,34.77,2.0,headache,S067
-51.31,0.59,-30.93441151035346,9.01737783651972,56.98477499953865,34.81,2.0,headache,S067
16.02,0.58,-31.2824822872571,9.454740324834969,56.92663967863467,34.81,2.0,headache,S067
1.44,0.58,-31.742258106765636,9.23886197573027,56.36410862904262,34.81,2.0,headache,S067
-34.44,0.58,-31.267012895947477,9.518498928888516,56.72994889923803,34.81,2.0,headache,S067
28.67,0.58,-31.056691839891304,9.423884669380273,56.68467723753106,34.77,2.0,headache,S067
-24.96,0.58,-31.227993134335804,9.123720596646839,56.77074973047645,34.77,2.0,headache,S067
-4.44,0.58,-31.119461442593927,9.173875523168281,56.85556213172305,34.77,2.0,headache,S067
16.94,0.58,-30.951320810815734,8.980952059345055,56.96063317186003,34.77,2.0,headache,S067
-38.03,0.58,-31.044583051152745,8.995760094662778,56.799388219562886,34.79,2.0,headache,S067
36.55,0.58,-31.104982330688202,9.015290144389047,56.93305502145869,34.79,2.0,headache,S067
-1.47,0.58,-30.99611461513598,8.973058570187419,56.81828211979721,34.79,2.0,headache,S067
-36.91,0.58,-30.989535305375448,9.06727626654433,56.904468801897316,34.79,2.0,headache,S067
39.23,0.58,-31.21262012736653,9.32656257101849,56.65270614640291,34.81,2.0,headache,S067
-20.15,0.58,-31.080492710589287,9.197364270097934,56.79887283211047,34.81,2.0,headache,S067
-20.96,0.58,-30.92607930633669,9.21267626664708,56.64348998212756,34.81,2.0,headache,S067
43.83,0.58,-31.11763315071547,8.916493492619537,56.5692721381875,34.81,2.0,headache,S067
-30.72,0.58,-31.286058543183795,9.323997060169539,56.646100033646746,34.77,2.0,headache,S067
-9.29,0.58,-31.127749120923824,9.510609638571122,56.62697482770588,34.77,2.0,headache,S067
41.36,0.58,-31.493240910942095,8.944443564383453,56.75291761038762,34.77,2.0,headache,S067
-32.02,0.58,-31.02153713320527,9.021362716371733,56.83392363523728,34.77,2.0,headache,S067
4.76,0.58,-30.971770608735604,9.083066814527848,56.77938329197864,34.81,2.0,headache,S067
28.24,0.58,-31.12844617098217,9.06174703884286,56.81608923132373,34.81,2.0,headache,S067
-39.2,0.58,-30.955502354884715,9.18194597545627,57.01711355322785,34.81,2.0,headache,S067
16.88,0.58,-31.141576628434052,9.272053424221546,56.924004629860114,34.81,2.0,headache,S067
27.04,0.58,-31.365097854148267,9.304076695161994,56.775737932130724,34.81,2.0,headache,S067
-41.07,0.58,-30.864430931980046,9.227287522425254,57.09895226243068,34.81,2.0,headache,S067
21.05,0.58,-31.282934716217788,9.240431813464546,56.73087000721433,34.81,2.0,headache,S067
16.91,0.59,-31.03238617647807,8.974563921947892,56.97657993689822,34.81,2.0,headache,S067
-35.38,0.59,-31.010338506313452,9.19479720855246,56.92825472643956,34.77,2.0,headache,S067
28.18,0.58,-30.980370871878282,9.66569551060873,56.70446238573922,34.77,2.0,headache,S067
14.79,0.58,-31.025171368944843,9.321606563331748,56.799987881467,34.77,2.0,headache,S067
-38.65,0.59,-30.965260554064905,9.357419927027035,56.81144160003261,34.77,2.0,headache,S067
19.89,0.6,-31.12832126353076,9.263890785790544,56.445305120724235,34.79,2.0,headache,S067
5.77,0.58,-31.033780382352155,9.287530845960003,56.76999765549773,34.79,2.0,headache,S067
-35.41,0.59,-31.178709459283496,9.485083982185548,56.76721351745717,34.79,2.0,headache,S067
32.22,0.58,-31.292418853789652,9.327805547062136,56.81188937003579,34.79,2.0,headache,S067
-9.57,0.58,-31.051725887968626,9.279951723848896,56.85964741717601,34.77,2.0,headache,S067
-20.96,0.58,-31.08450386699793,9.416566540512592,56.87970670636992,34.77,2.0,headache,S067
35.98,0.58,-31.06335699313441,9.04254961894,56.87685067901429,34.77,2.0,headache,S067
-38.63,0.58,-31.074493779417942,9.1305366460039,56.90698134354177,34.77,2.0,headache,S067
5.62,0.59,-31.05281121905535,8.993867529495528,56.52856840489735,34.79,2.0,headache,S067
35.4,0.58,-31.09315852554616,9.049410784971776,56.756678292818215,34.79,2.0,headache,S067
-43.11,0.58,-30.937790846899997,9.113156211624446,57.00335497483225,34.79,2.0,headache,S067
30.42,0.58,-31.07623160292372,8.943843736329672,56.83541265297217,34.79,2.0,headache,S067
24.69,0.59,-31.08212500881626,9.061035633457877,56.92034906621852,34.79,2.0,headache,S067
-46.92,0.58,-30.998721889741926,8.907788789975887,56.77231736049936,34.79,2.0,headache,S067
26.03,0.59,-30.993568399566662,9.374297121854504,56.96127077594193,34.79,2.0,headache,S067
22.96,0.58,-31.00817191261057,9.198925739306913,56.88486973593422,34.79,2.0,headache,S067
-41.31,0.58,-30.99186309465775,9.153011883764409,56.59670073839248,34.79,2.0,headache,S067
30.94,0.58,-31.007173986506462,9.37069814883754,56.75570321977992,34.79,2.0,headache,S067
14.62,0.59,-30.994530995081117,9.050025806351387,56.681564414775,34.79,2.0,headache,S067
-42.69,0.58,-31.00356260368265,9.056270948930818,56.98308217081892,34.79,2.0,headache,S067
20.7,0.59,-31.134034606466088,8.971112862961744,56.93961421100021,34.77,2.0,headache,S067
14.57,0.59,-30.96573556938977,8.998721331927682,56.84916991941064,34.77,2.0,headache,S067
-32.6,0.58,-31.163890699679982,9.107438545529329,56.50639894432618,34.77,2.0,headache,S067
31.4,0.58,-31.162819984455087,9.281079675208705,56.81872636976143,34.77,2.0,headache,S067
-11.18,0.59,-31.060493577195334,9.078183498540021,56.93157901278452,34.81,2.0,headache,S067
-30.28,0.58,-31.022547497482172,9.076185793318254,56.94229877754855,34.81,2.0,headache,S067
39.03,0.58,-30.98189569623792,8.938809913201148,56.95486579795346,34.81,2.0,headache,S067
-34.26,0.59,-31.00588258675844,9.053124821146925,56.74276783358677,34.81,2.0,headache,S067
-10.9,0.58,-31.053482817409115,8.952294069750764,57.11032306816006,34.81,2.0,headache,S067
52.69,0.58,-31.10461821447727,9.043716489591935,56.858883423246844,34.81,2.0,headache,S067
-32.94,0.59,-30.944074977835804,8.958834125446225,56.969050828014396,34.81,2.0,headache,S067
5.32,0.58,-31.044758521474282,9.047953097025191,56.8921398334303,34.81,2.0,headache,S067
35.07,0.59,-30.961748137606566,9.238649671077207,56.85534153372126,34.79,2.0,headache,S067
-38.54,0.59,-31.028949616847513,9.16425844666574,56.609467979980266,34.79,2.0,headache,S067
10.9,0.59,-31.03954665397349,9.182191952897991,56.788522247983536,34.79,2.0,headache,S067
22.77,0.58,-31.170692418700988,9.03189413628917,56.73054437428638,34.79,2.0,headache,S067
-40.83,0.59,-31.286033047507313,9.29491992227153,56.73491808940175,34.83,2.0,headache,S067
24.97,0.58,-31.49592057322839,9.086730710817603,56.48319431752036,34.83,2.0,headache,S067
3.22,0.58,-31.087095517481867,8.95355460718184,56.869572814102014,34.83,2.0,headache,S067
-29.5,0.59,-31.13300752804525,9.03155939162441,56.6556451474109,34.83,2.0,headache,S067
39.05,0.58,-31.36215995678933,9.090365245328014,56.64655449110167,34.79,2.0,headache,S067
-26.47,0.58,-30.871221634167288,9.377822549171173,56.79919717424301,34.79,2.0,headache,S067
-15.72,0.59,-31.219029008092523,9.006809576727273,56.92003596674943,34.79,2.0,headache,S067
43.7,0.59,-31.087408696790074,9.075452584139988,56.59170700664322,34.79,2.0,headache,S067
-39.4,0.58,-30.99650422685823,9.058030743954369,56.768866795267954,34.79,2.0,headache,S067
-1.13,0.58,-31.261492208100773,9.11749063467973,56.94101393838518,34.79,2.0,headache,S067
41.76,0.59,-30.96119591027301,8.962331805714875,56.94663111383931,34.79,2.0,headache,S067
-38.31,0.58,-31.028623247827205,9.057517682759519,57.0141615200214,34.79,2.0,headache,S067
12.85,0.59,-31.037328260969083,9.12843564099455,56.65979654711656,34.79,2.0,headache,S067
28.77,0.59,-31.17494542432492,9.350518308003899,56.75560893249665,34.79,2.0,headache,S067
-41.41,0.59,-31.32067345694456,9.098787926426754,56.76910454468251,34.79,2.0,headache,S067
21.72,0.59,-31.35556576223225,9.344298353860875,56.710851009481836,34.79,2.0,headache,S067
23.04,0.59,-31.218142602486548,8.896294043724266,56.89525097407848,34.79,2.0,headache,S067
-43.22,0.58,-31.006561206227644,9.134156351770445,56.8891235344446,34.79,2.0,headache,S067
12.03,0.59,-31.057998461272284,9.241319995193155,56.965409744429415,34.79,2.0,headache,S067
14.01,0.59,-31.308792192080173,9.08161937150609,56.68511439111467,34.79,2.0,headache,S067
-30.21,0.59,-31.002494154271215,9.25420919488971,56.88036126876881,34.77,2.0,headache,S067
32.02,0.59,-31.017461678828848,9.427687775227742,56.7540447740435,34.77,2.0,headache,S067
-8.22,0.59,-31.104527947205515,9.140813059749227,56.62083086569857,34.77,2.0,headache,S067
-32.36,0.58,-31.0470941528437,9.223378979483723,56.923761105565106,34.77,2.0,headache,S067
36.98,0.59,-31.151921216013285,9.191455715093138,56.98187973245835,34.81,2.0,headache,S067
-21.8,0.58,-31.068480236395757,8.978392990811141,56.996199876125786,34.81,2.0,headache,S067
-10.06,0.58,-30.992538400611544,9.05856258857998,56.72799860998543,34.81,2.0,headache,S067
39.81,0.59,-30.98645600250059,9.749310984269828,56.704115847991524,34.81,2.0,headache,S067
-33.2,0.59,-31.218650266060752,9.578985875278025,56.41672217539234,34.81,2.0,headache,S067
17.24,0.59,-31.509975351498095,8.486911509833648,56.693568385105635,34.81,2.0,headache,S067
19.28,0.58,-31.483842374915916,9.235877985868115,56.520877797542546,34.81,2.0,headache,S067
-39.88,0.59,-30.900465923724543,9.094516556150666,57.099529560745964,34.81,2.0,headache,S067
32.04,0.59,-30.1050470639653,10.190229427076385,57.15937336069896,34.79,2.0,headache,S067
-20.46,0.58,-30.69489008191925,10.24287739542698,56.84331656727142,34.79,2.0,headache,S067
-35.24,0.59,-30.70017022379454,9.42729374942194,56.983355901756745,34.79,2.0,headache,S067
14.36,0.59,-31.056694563120395,9.261869882645659,56.93862693080348,34.79,2.0,headache,S067
-52.69,0.59,-31.008111407986082,8.866137675690318,56.76500892312516,34.79,2.0,headache,S067
60.37,0.59,-31.292018586131714,9.10135879125384,56.64361334842532,34.79,2.0,headache,S067
40.44,0.59,-30.21732255650168,9.551416969345603,57.11396188943643,34.79,2.0,headache,S067
-30.94,0.58,-30.33552228325995,10.51379466778067,56.94805553577098,34.79,2.0,headache,S067
45.86,0.59,-29.622142173442942,9.724141357023143,57.29451920325132,34.75,2.0,headache,S067
-40.35,0.59,-29.539588851485576,10.621168113860135,57.39913143753186,34.75,2.0,headache,S067
-31.96,0.59,-29.982013640898334,9.99959109462276,57.26370540065186,34.75,2.0,headache,S067
10.24,0.59,-29.80279552044187,8.917947121327034,57.270844824195336,34.75,2.0,headache,S067
-34.99,0.59,-30.97034363335604,8.734246735844781,56.764076799780305,34.81,2.0,headache,S067
45.82,0.58,-31.980760524670742,8.989344879834832,56.30406734867845,34.81,2.0,headache,S067
45.36,0.59,-32.78237122783125,8.06722887574578,55.76842818391335,34.81,2.0,headache,S067
3.6,0.59,-31.93023263177683,8.86155920212683,56.35007269813254,34.81,2.0,headache,S067
48.75,0.59,-31.972101691718652,9.250797430464033,56.33343101202943,34.79,2.0,headache,S067
-56.09,0.58,-31.668391500057876,9.031648956534132,56.66712554805885,34.79,2.0,headache,S067
-8.79,0.59,-30.950253490697126,10.169383493557364,56.73096587927593,34.79,2.0,headache,S067
-29.92,0.59,-30.874125952070912,9.832634471822526,56.824747397627156,34.79,2.0,headache,S067
-52.24,0.58,-30.636936328865456,10.133237525692975,56.57160355750778,34.79,2.0,headache,S067
63.55,0.59,-31.437717632786345,9.502850363374584,56.541256870999035,34.79,2.0,headache,S067
-35.3,0.59,-30.948588658209953,9.514749761160587,56.82214565822861,34.79,2.0,headache,S067
3.05,0.58,-31.018426653201683,9.215411375135867,57.073831825294555,34.79,2.0,headache,S067
63.26,0.59,-32.594114604079174,8.596694965584538,55.949940661370654,34.79,2.0,headache,S067
-2.82,0.59,-30.2410128347838,9.862240452418368,56.935597340886765,34.79,2.0,headache,S067
-0.55,0.58,-32.91994128352528,12.756611134561057,55.30010951841539,34.79,2.0,headache,S067
8.85,0.59,-35.595454465753406,11.32114868549009,53.460593813460754,34.79,2.0,headache,S067
-37.08,0.59,-31.357534613553046,12.71087828990594,55.96586620074127,34.79,2.0,headache,S067
62.04,0.58,-27.662427184648692,10.502686605054455,57.992114687117834,34.79,2.0,headache,S067
-22.92,0.59,-27.956744530027017,7.956404583584248,58.914236316980116,34.79,2.0,headache,S067
-24.54,0.61,-19.311305444123995,16.629164253933848,59.6622290108255,34.79,2.0,headache,S067
-157.71,0.59,-20.944437916179997,14.752347496015792,60.000741565823795,34.79,2.0,headache,S067
-162.26,0.59,-21.644304767178916,12.926018731513029,59.72347463739438,34.79,2.0,headache,S067
54.92,0.59,-20.3023061948392,14.60094647132445,59.757487809809426,34.79,2.0,headache,S067
77.87,0.59,-21.498565752785073,14.635420592856336,59.308149722052704,34.79,2.0,headache,S067
108.66,0.59,-19.491503537341885,16.24569244865569,59.84939377614455,34.81,2.0,headache,S067
37.56,0.59,-21.594889599017158,14.239276118391608,59.42532470403609,34.81,2.0,headache,S067
-62.51,0.59,-23.811109995752307,13.686527913587234,59.030522118982255,34.81,2.0,headache,S067
12.78,0.59,-23.71975019565447,12.879676465926032,58.92450060762471,34.81,2.0,headache,S067
32.59,0.59,-24.26450091484383,13.172356385547285,58.9575928939121,34.79,2.0,headache,S067
-28.37,0.59,-23.67966567070737,12.006369839483154,59.186505132467886,34.79,2.0,headache,S067
127.3,0.59,-23.761884761714807,14.024011069351976,59.098466425442375,34.79,2.0,headache,S067
128.18,0.59,-25.113604103944642,10.33259160286247,58.98070997769863,34.79,2.0,headache,S067
-38.69,0.59,-26.016370900250585,13.121041514749814,58.677462338434005,34.81,2.0,headache,S067
-10.7,0.59,-36.128270953982046,9.541953415160588,52.59861247993401,34.81,2.0,headache,S067
-62.82,0.59,-32.74307281661924,10.221806963174584,55.332940924476716,34.81,2.0,headache,S067
80.37,0.59,-30.622849216187888,12.536432237350441,56.57699687212783,34.81,2.0,headache,S067
-5.34,0.59,-28.664366332286768,10.242204965131403,57.51960030715249,34.81,2.0,headache,S067
113.95,0.59,-28.8450110827954,12.406526979377324,57.139301345588954,34.81,2.0,headache,S067
49.47,0.59,-28.2677224055246,11.769062109573767,57.41519579613984,34.81,2.0,headache,S067
-160.93,0.59,-29.694801484740555,10.819296509091247,57.488087566042815,34.81,2.0,headache,S067
-80.45,0.59,-30.092690540023813,8.365050580246317,57.35923310608264,34.81,2.0,headache,S067
35.92,0.59,-30.40180349316062,9.164270038975216,57.03588881757608,34.81,2.0,headache,S067
0.99,0.59,-31.307203139252348,8.199705904648432,56.873685681145595,34.81,2.0,headache,S067
3.79,0.59,-31.01308347938518,8.985210717677866,56.87074490814298,34.81,2.0,headache,S067
-7.59,0.59,-30.59510878418194,8.941526968910255,57.06577081539005,34.79,2.0,headache,S067
-44.39,0.59,-31.228333644029867,9.077896789644608,56.94947546306842,34.79,2.0,headache,S067
11.91,0.59,-30.467249062347157,8.648634497921922,57.174797627298574,34.79,2.0,headache,S067
-36.67,0.59,-31.12694055120704,9.417105152817141,56.94834685711712,34.79,2.0,headache,S067
-13.16,0.59,-30.487275663449946,8.78002658916856,57.046444857831304,34.79,2.0,headache,S067
-6.74,0.59,-30.77526397901617,9.340122881260957,56.95634285592827,34.79,2.0,headache,S067
-33.85,0.59,-30.74801994077133,8.72459906619304,57.04183957455369,34.79,2.0,headache,S067
21.03,0.59,-31.117540370064,9.596428216104815,56.95935290171136,34.79,2.0,headache,S067
-6.04,0.59,-30.91384205146366,8.902036319817057,57.039984959933726,34.79,2.0,headache,S067
-19.83,0.59,-30.978265667362376,9.11628868005456,56.9601018035023,34.79,2.0,headache,S067
21.18,0.59,-30.3572643706857,8.864846493376438,57.040615480904705,34.79,2.0,headache,S067
-25.93,0.59,-31.15751049314886,9.245909809043765,56.95719213395467,34.79,2.0,headache,S067
12.15,0.59,-30.69089125397068,9.167579184184758,57.048823041859166,34.81,2.0,headache,S067
20.14,0.59,-31.012455305574683,9.438466635783696,56.92551691444283,34.81,2.0,headache,S067
-22.97,0.59,-30.918594766907468,9.75762512280025,56.920806125659,34.81,2.0,headache,S067
0.88,0.59,-31.09579237881493,9.642013449084127,56.996459360472066,34.81,2.0,headache,S067
13.11,0.6,-30.893076417257145,9.050033459443961,57.01403072060091,34.81,2.0,headache,S067
-22.42,0.59,-31.12676763436861,9.635702801207252,56.98023412096574,34.81,2.0,headache,S067
14.23,0.59,-30.936221459433003,8.965441725960856,56.889355732089115,34.81,2.0,headache,S067
7.15,0.6,-30.86832041624184,9.136076749351997,56.99443567345052,34.81,2.0,headache,S067
-20.28,0.6,-30.99154762280228,9.008472423038858,56.99067508598865,34.81,2.0,headache,S067
19.07,0.59,-30.729227761299274,9.066747771319365,56.759052552627786,34.81,2.0,headache,S067
-2.41,0.6,-30.846670132019323,8.903943902079767,57.01083860101001,34.81,2.0,headache,S067
-22.4,0.59,-31.006242327334725,9.178804954327695,56.98417842941934,34.81,2.0,headache,S067
24.55,0.59,-30.57350453545343,9.250493866809887,57.01458582506237,34.81,2.0,headache,S067
-10.74,0.59,-30.85666754434797,9.41842080085137,56.988391653229215,34.81,2.0,headache,S067
-7.65,0.59,-30.98335007348813,9.450545262540205,57.00615751841138,34.81,2.0,headache,S067
23.93,0.6,-30.942455572437996,9.743211473419665,57.00605258436547,34.81,2.0,headache,S067
-18.47,0.59,-30.899215449236358,9.998654253846306,56.93830358518909,34.79,2.0,headache,S067
-2.67,0.59,-30.95856851579136,9.980936652706662,56.5703919544686,34.79,2.0,headache,S067
18.4,0.59,-30.92328684361503,10.194072257106072,56.56745506877998,34.79,2.0,headache,S067
-21.58,0.59,-31.424731640199433,11.097369252916305,56.1757819122446,34.79,2.0,headache,S067
0.38,0.59,-31.55344693048374,10.10265730280877,55.981115836629115,34.81,2.0,headache,S067
1.2,0.59,-31.530079382807436,9.762679350755223,56.24805622159931,34.81,2.0,headache,S067
-29.87,0.59,-30.26499458246046,9.974650707197517,57.036987967672076,34.81,2.0,headache,S067
23.95,0.59,-30.254344837374603,10.016908213270371,57.01343643871587,34.81,2.0,headache,S067
-3.25,0.59,-29.470024517240326,10.00349968817752,57.463078786922516,34.79,2.0,headache,S067
4.48,0.59,-30.013713571191055,9.870418579954285,57.02064433393429,34.79,2.0,headache,S067
20.03,0.59,-29.152612222373538,9.88028447384836,57.60799541664345,34.79,2.0,headache,S067
-15.77,0.59,-30.356558158949472,9.762937559103891,56.98678098955236,34.79,2.0,headache,S067
0.93,0.59,-29.52927244844351,9.496984216510654,57.29298741412326,34.81,2.0,headache,S067
16.9,0.59,-29.04348251703826,10.847492282113372,57.534621256534464,34.81,2.0,headache,S067
-29.37,0.59,-29.741484147331796,9.690273461969534,57.3066481794243,34.81,2.0,headache,S067
28.05,0.59,-30.36062454612099,9.50288571060469,56.918372793780634,34.81,2.0,headache,S067
4.98,0.59,-32.24316514371603,8.455491812687479,56.0467114258894,34.79,2.0,headache,S067
-18.38,0.59,-32.309757835686,8.94547082863304,56.20004442301101,34.79,2.0,headache,S067
59.83,0.6,-32.35952791457973,7.265598673380847,56.41772028561636,34.79,2.0,headache,S067
-19.55,0.59,-32.17132537387614,8.074613908934836,56.22226469658236,34.79,2.0,headache,S067
0.24,0.59,-31.93547566544272,7.791930589129075,56.27464864427017,34.79,2.0,headache,S067
40.08,0.59,-31.582332497981476,9.121341845751816,56.76058126083917,34.79,2.0,headache,S067
-25.34,0.59,-30.626799439972316,10.12985571882985,57.02393397381179,34.79,2.0,headache,S067
-13.83,0.59,-31.133787361859348,10.201256746212092,56.80583260958282,34.79,2.0,headache,S067
7.68,0.6,-30.937445155574867,9.178644915791514,56.97368617857423,34.81,2.0,headache,S067
-43.88,0.59,-31.10159921714311,9.112087811079032,56.95496491256993,34.81,2.0,headache,S067
13.55,0.59,-30.877424728712825,8.83562638101791,57.05099704681545,34.81,2.0,headache,S067
16.19,0.59,-31.14050486540671,9.257722277129805,56.950817260504685,34.81,2.0,headache,S067
-25.08,0.6,-30.840996054992864,9.215130686723809,57.016398523213184,34.79,2.0,headache,S067
27.08,0.59,-31.180178143527364,9.29034195270795,56.80618194930013,34.79,2.0,headache,S067
-1.09,0.6,-30.79363292911839,9.113695529876198,56.984941982881224,34.79,2.0,headache,S067
-16.16,0.6,-31.241388133580816,9.163516235042442,56.76282061929949,34.79,2.0,headache,S067
20.58,0.59,-30.70676183796875,8.853270224805533,57.167625924267846,34.77,2.0,headache,S067
-15.7,0.59,-31.384128353530155,9.146084117495889,56.638963507040955,34.77,2.0,headache,S067
3.83,0.59,-30.37806617753545,8.991517874366258,57.186935006739816,34.77,2.0,headache,S067
11.57,0.59,-31.599222680634636,11.992815386126235,55.76759838624832,34.77,2.0,headache,S067
-26.33,0.59,-32.6979901539392,10.223611975436262,55.419227739690726,34.79,2.0,headache,S067
16.77,0.59,-34.16348573985683,11.03278772526231,54.76573901440913,34.79,2.0,headache,S067
-4.26,0.59,-33.47350278241768,10.984541657488958,55.233957647285145,34.79,2.0,headache,S067
-23.15,0.6,-30.408894353293462,9.240994305180653,57.098755372373546,34.79,2.0,headache,S067
50.89,0.6,-29.315485895352747,9.074941800116122,57.586820911435666,34.79,2.0,headache,S067
-19.7,0.6,-24.90445557225252,12.146117996139735,58.793871005843705,34.79,2.0,headache,S067
-46.83,0.59,-25.995936937112074,11.547126241821616,58.483646658005135,34.79,2.0,headache,S067
11.37,0.59,-27.984988141881814,10.877665255878263,58.080371783102464,34.79,2.0,headache,S067
-118.7,0.6,-30.210217644790706,8.038537631560594,57.325953093504545,34.79,2.0,headache,S067
-46.81,0.59,-33.62415344202063,11.698899019578239,55.174514927419196,34.79,2.0,headache,S067
141.02,0.6,-33.32020670533242,10.015012331753884,55.06078667189366,34.79,2.0,headache,S067
72.65,0.6,-31.90381306765588,10.778259714652812,55.42623014381837,34.79,2.0,headache,S067
59.84,0.59,-31.80520806841172,9.958510318831035,56.46076261746339,34.79,2.0,headache,S067
-37.09,0.59,-30.51419396459688,10.96925543437226,56.681473567437,34.79,2.0,headache,S067
-72.75,0.6,-31.021388212857765,10.699208572750942,56.54465232643363,34.79,2.0,headache,S067
57.05,0.59,-30.58868941345167,8.863950803310948,56.935850011601914,34.79,2.0,headache,S067
16.7,0.59,-31.009515564610176,8.968455565601255,57.008935871752385,34.77,2.0,headache,S067
-25.24,0.6,-31.107259953434415,9.112275851215847,56.62435161572699,34.77,2.0,headache,S067
21.93,0.59,-30.8589383113052,9.382085312213421,56.79222519866129,34.77,2.0,headache,S067
-13.25,0.59,-31.17134062361135,9.42217431867002,56.76178119519047,34.77,2.0,headache,S067
-19.17,0.6,-31.264294296261482,9.31152718393216,56.66007666691607,34.77,2.0,headache,S067
13.93,0.6,-30.797672332862373,9.010641211389201,57.06297219154783,34.77,2.0,headache,S067
-28.15,0.59,-31.134500872621576,9.252787557671482,56.79797204992109,34.77,2.0,headache,S067
11.22,0.59,-31.11030107126905,8.936772494831837,56.89607136934459,34.77,2.0,headache,S067
10.95,0.6,-30.927860105131288,9.026532644850434,56.772839745775634,34.77,2.0,headache,S067
-17.99,0.59,-30.965480220016918,9.020372792760686,57.0303659608742,34.77,2.0,headache,S067
6.29,0.59,-31.048057649026145,9.330365211806411,56.8488529282636,34.77,2.0,headache,S067
6.72,0.59,-30.936470095662763,9.16995644055195,56.80049592398619,34.77,2.0,headache,S067
-22.48,0.59,-31.27645512310797,9.103014537918849,56.79480629367257,34.79,2.0,headache,S067
20.32,0.59,-31.00641473801793,9.243902840397153,56.89737867850373,34.79,2.0,headache,S067
-17.26,0.6,-31.00117237745328,9.086545063301823,56.80210606408229,34.79,2.0,headache,S067
6.54,0.59,-31.215461097073977,9.228612060813877,56.77448523894766,34.79,2.0,headache,S067
7.11,0.59,-31.267829082740676,9.07346475912141,56.76491149594782,34.79,2.0,headache,S067
-12.08,0.59,-31.215737345810957,9.469759019431892,56.75870319862488,34.79,2.0,headache,S067
1.41,0.6,-31.26793820247208,8.42762626771907,56.871160552329385,34.79,2.0,headache,S067
8.73,0.6,-30.608967434340162,11.305896812838832,56.8064984736822,34.79,2.0,headache,S067
-19.5,0.6,-35.658916384533306,8.964449038372052,53.82076505968418,34.77,2.0,headache,S067
25.65,0.6,-38.91168725410066,7.158839353538843,52.619342174214616,34.77,2.0,headache,S067
-22.49,0.59,-42.50524701643353,12.914274021334284,47.84145493115289,34.77,2.0,headache,S067
9.37,0.6,-42.264325911976115,16.851848776067303,46.75651494715704,34.77,2.0,headache,S067
26.37,0.6,-41.67364913225034,19.715846906046806,46.85091133322429,34.79,2.0,headache,S067
2.51,0.59,-41.51118324723261,21.624171905224166,45.533885359285705,34.79,2.0,headache,S067
-15.13,0.6,-43.40413228772208,18.615649775953717,44.430009312264154,34.79,2.0,headache,S067
-74.05,0.6,-38.18257274429444,30.255108720182356,41.63888438386328,34.79,2.0,headache,S067
-170.28,0.6,-13.076525046648408,45.7365216554143,44.00047571543766,34.77,2.0,headache,S067
217.51,0.6,-16.670392232050464,33.313251608987954,52.629106019931044,34.77,2.0,headache,S067
-146.29,0.61,-18.855766693429597,22.385382849811023,57.218343306584515,34.77,2.0,headache,S067
31.26,0.61,-21.67221747062104,23.15346188276556,56.00431751962389,34.77,2.0,headache,S067
238.63,0.6,-22.896286065553177,23.610336055935228,55.5694016737926,34.79,2.0,headache,S067
-7.14,0.6,-23.917304290295228,25.33851650301822,54.195921739772594,34.79,2.0,headache,S067
104.93,0.6,-25.271012745410474,24.180255849806553,54.38284763601523,34.79,2.0,headache,S067
-121.14,0.6,-26.551810757435728,23.919619282751647,55.072549898337215,34.79,2.0,headache,S067
-11.48,0.61,-24.431006148162716,17.252191997650833,58.31458766611403,34.77,2.0,headache,S067
-44.23,0.6,-22.59890429316577,10.959582171042907,58.05067155386531,34.77,2.0,headache,S067
19.83,0.6,-28.96741561534163,5.289397388082267,57.13208724216796,34.77,2.0,headache,S067
4.08,0.6,-40.477913184707745,18.68762985368201,49.57315325561761,34.77,2.0,headache,S067
67.6,0.6,-33.97585191145371,25.53905719434996,50.38659986881526,34.75,2.0,headache,S067
-73.21,0.6,-28.7021980894368,12.276364379399656,55.06097251318453,34.75,2.0,headache,S067
-86.54,0.6,-34.35162410530853,17.74464613847415,53.409183163314516,34.75,2.0,headache,S067
-187.58,0.6,-28.663086331843893,16.278684185187405,55.88540931616294,34.75,2.0,headache,S067
200.22,0.6,-30.994675982881724,13.417633021913426,55.80934479850075,34.77,2.0,headache,S067
94.33,0.6,-29.337050118597716,11.084726193397305,56.73656828783009,34.77,2.0,headache,S067
-64.68,0.6,-29.94449136783374,13.80901081670191,56.78688932925737,34.77,2.0,headache,S067
19.92,0.6,-29.916862011094093,12.68497488578697,56.1502172629087,34.77,2.0,headache,S067
-16.26,0.6,-30.095490154562803,13.378382627655554,56.05726446456183,34.75,2.0,headache,S067
-10.28,0.6,-29.838266653611836,13.159801404610684,56.15605474969881,34.75,2.0,headache,S067
-6.39,0.6,-29.32255674054257,14.193639136339117,56.37206560607825,34.75,2.0,headache,S067
-2.2,0.6,-29.98593054838338,13.097808238551188,56.276871972492515,34.75,2.0,headache,S067
3.91,0.6,-31.049821838532548,14.198366564145557,55.43207043476467,34.77,2.0,headache,S067
-5.69,0.6,-31.989960448860405,14.78412797737453,54.92016007668946,34.77,2.0,headache,S067
-3.8,0.6,-35.05924995074045,15.145230171184096,53.13213532338115,34.77,2.0,headache,S067
10.21,0.6,-36.14594107134477,15.323506924913056,52.552773458184575,34.77,2.0,headache,S067
-17.54,0.6,-36.41920758636956,16.259634082500106,52.24048369012091,34.77,2.0,headache,S067
-11.11,0.6,-35.70993008005962,16.316460300436155,52.09556088970689,34.77,2.0,headache,S067
13.64,0.6,-36.655988273616536,16.35945986687004,52.06092696913417,34.77,2.0,headache,S067
1.21,0.6,-36.62227922154735,16.447734547711182,51.67416524976785,34.77,2.0,headache,S067
7.01,0.6,-37.064885467177824,17.55227179909631,51.38484970489537,34.77,2.0,headache,S067
-3.77,0.6,-37.00173268831686,16.619345264700463,50.95917798131349,34.77,2.0,headache,S067
-11.26,0.6,-37.06982279109364,16.213287192462893,51.44194625078665,34.77,2.0,headache,S067
-43.12,0.6,-36.92041033017823,16.322437604259093,51.22602690152348,34.77,2.0,headache,S067
-24.15,0.6,-37.0812134324245,16.36772895997297,51.62487367366865,34.77,2.0,headache,S067
54.49,0.6,-36.91649350332201,15.878823246545887,51.50423427698222,34.77,2.0,headache,S067
49.5,0.6,-37.106548671787195,16.157039387217797,51.3570000195409,34.77,2.0,headache,S067
-5.08,0.6,-37.34806694698611,15.783381575343068,51.113312025318734,34.77,2.0,headache,S067
-1.45,0.6,-38.02678673538665,15.780768277936772,51.91043518470448,34.75,2.0,headache,S067
4.49,0.6,-34.848754330640844,14.098160948645099,53.63254623011874,34.75,2.0,headache,S067
-12.51,0.6,-26.904931899230192,8.172235158781982,57.89949606470636,34.75,2.0,headache,S067
-4.21,0.6,-26.900435494387615,11.037401787669706,57.04750298998593,34.75,2.0,headache,S067
34.64,0.6,-30.642808455890414,23.820078988569513,54.10511139823242,34.77,2.0,headache,S067
47.52,0.6,-27.527954633723507,20.732210791588763,54.82131202325592,34.77,2.0,headache,S067
7.12,0.6,-26.391784938878835,17.678085165882095,56.006002244536056,34.77,2.0,headache,S067
-184.1,0.6,-29.917659863875112,18.13491403994576,55.32524007963254,34.77,2.0,headache,S067
-37.28,0.6,-28.04261530081595,16.803364922774108,55.73767640484049,34.79,2.0,headache,S067
162.69,0.6,-27.96362440875373,17.59362770543017,56.09986309291666,34.79,2.0,headache,S067
-79.7,0.6,-28.325147411849052,16.69858845579711,55.94069848950875,34.79,2.0,headache,S067
103.46,0.6,-28.023025798514446,17.22018152444462,56.038372957877606,34.79,2.0,headache,S067
-3.35,0.6,-28.03733847706242,16.949680175242072,55.9757192002617,34.77,2.0,headache,S067
-32.53,0.6,-27.959192641924304,17.087230617692178,56.01286216497863,34.77,2.0,headache,S067
-11.85,0.6,-28.015864967301802,17.468932867182836,55.99859186586672,34.77,2.0,headache,S067
2.1,0.6,-27.83000207972648,16.9509469247219,55.98450530523847,34.77,2.0,headache,S067
-0.72,0.61,-28.088185189117883,17.128883681545673,56.10053110825449,34.77,2.0,headache,S067
-5.08,0.6,-27.92275294899132,17.04634182814133,56.04838139324241,34.77,2.0,headache,S067
-0.81,0.6,-28.07363337165377,17.122017202718816,55.98852026246791,34.77,2.0,headache,S067
-5.42,0.6,-27.925880243600727,16.991444002356747,56.132222663285155,34.77,2.0,headache,S067
12.92,0.6,-28.082394817541292,17.845252140263412,55.9923397941707,34.75,2.0,headache,S067
-3.14,0.6,-27.83939793397321,17.90979104188385,55.99906900753652,34.75,2.0,headache,S067
-3.39,0.6,-28.00654272661916,17.956550525870597,56.00681884050755,34.75,2.0,headache,S067
5.51,0.61,-27.959957121761107,18.038053880197978,55.9879874402522,34.75,2.0,headache,S067
-5.55,0.6,-28.06608794070281,17.84627769810694,56.017209909803164,34.75,2.0,headache,S067
8.09,0.6,-27.637762957847393,17.68374110313808,55.97696008206922,34.75,2.0,headache,S067
-3.46,0.6,-27.558590122945006,17.379961781420864,56.03071191319615,34.75,2.0,headache,S067
1.1,0.6,-27.528560445180087,17.453500922591118,55.95550174616826,34.75,2.0,headache,S067
3.63,0.6,-27.544792444269028,17.41066792419511,56.1077085486268,34.79,2.0,headache,S067
-5.04,0.6,-27.429325563688877,16.947049523323887,56.05099073058792,34.79,2.0,headache,S067
2.28,0.6,-27.692110728725527,17.392883350378206,55.98612454701299,34.79,2.0,headache,S067
-8.16,0.6,-27.391683721211418,17.077660176812888,56.174646784282636,34.79,2.0,headache,S067
5.47,0.6,-27.38257125164208,17.204844701899802,56.26763214755976,34.75,2.0,headache,S067
-0.39,0.61,-27.36698225479801,16.929143691325546,55.944787105665455,34.75,2.0,headache,S067
-3.83,0.6,-27.057817260581714,17.062065754864797,56.50440761913686,34.75,2.0,headache,S067
9.42,0.6,-27.024594185057218,16.94204497450221,56.58764206956189,34.75,2.0,headache,S067
-7.3,0.6,-27.186293427391767,17.0553889308145,56.25149687534276,34.75,2.0,headache,S067
7.2,0.6,-27.179644415275025,16.946651443062922,56.816561660876324,34.75,2.0,headache,S067
-3.95,0.6,-26.95735344002217,17.051028811047562,56.14374908416179,34.75,2.0,headache,S067
-2.55,0.6,-27.061309083890997,16.953196718075358,56.41689900000697,34.75,2.0,headache,S067
5.68,0.6,-26.912750488770158,17.0337209839557,56.62487665539056,34.75,2.0,headache,S067
-4.54,0.6,-27.1849055955747,17.088907085121303,56.24988970250482,34.75,2.0,headache,S067
3.52,0.6,-26.947234999991032,17.57200550626388,56.11916368785832,34.75,2.0,headache,S067
2.09,0.6,-27.111370289474113,17.793367132145825,56.00974725481065,34.75,2.0,headache,S067
-5.44,0.6,-26.83783885419781,17.666337629574546,56.06133004448178,34.77,2.0,headache,S067
7.06,0.6,-27.53222655442709,17.327931375028598,55.95824441986467,34.77,2.0,headache,S067
-8.89,0.6,-27.046974938602382,17.65060021561649,56.26842083355046,34.77,2.0,headache,S067
6.89,0.6,-27.41881740325871,17.338085722863507,56.156182560651814,34.77,2.0,headache,S067
-4.17,0.6,-26.839909671997482,17.701855786261564,56.253792882662495,34.77,2.0,headache,S067
1.61,0.6,-27.00177991395157,17.65438002348118,56.3815380475039,34.77,2.0,headache,S067
-2.02,0.6,-27.12895529246055,17.118015817140783,56.69921380210155,34.77,2.0,headache,S067
-1.63,0.6,-27.550469096087042,16.767356750627666,56.244216663258285,34.77,2.0,headache,S067
2.66,0.61,-26.267841921677935,17.22295737028891,56.85338154523364,34.77,2.0,headache,S067
-1.96,0.61,-28.079882741375233,17.12585944408786,55.748372205532114,34.77,2.0,headache,S067
-2.73,0.6,-23.496183619974374,18.491014677543443,58.933292603114424,34.77,2.0,headache,S067
6.06,0.61,-55.32747733315657,-3.2015770191563395,13.573781333346627,34.77,2.0,headache,S067
-4.04,0.61,-63.40304336427922,-3.6847941503840937,-24.74725377157902,34.75,2.0,headache,S067
8.34,0.6,-57.079550160272696,-4.294707260163871,-25.27416351221075,34.75,2.0,headache,S067
-35.64,0.59,-62.0379140305805,-4.420731800175102,-25.93082897630652,34.75,2.0,headache,S067
-71.24,0.56,-57.675088475205236,-4.684158971671259,-24.17879968249309,34.75,2.0,headache,S067
-97.84,0.55,-60.74935044174261,-4.099795596702158,-27.68774545720017,34.77,2.0,headache,S067
366.94,0.53,-56.2634577708886,-5.982264035024773,-24.99337197389594,34.77,2.0,headache,S067
-6.59,0.53,-66.2535672944099,-0.5500062083008906,-22.997522526758875,34.77,2.0,headache,S067
-92.67,0.53,-61.87112100980037,-4.414752672553068,-8.596942563789922,34.77,2.0,headache,S067
-21.26,0.52,-29.9542598356702,-1.4369973603349337,53.31795684386191,34.71,2.0,headache,S067
-50.93,0.54,-25.834614145038135,12.329389017430213,59.76334838849603,34.71,2.0,headache,S067
7.52,0.59,-25.57607877490426,14.69769500508076,57.45162406854368,34.71,2.0,headache,S067
-86.58,0.59,-28.787727423707498,14.82051911557017,56.90963926249001,34.71,2.0,headache,S067
-62.39,0.59,-26.037219463067213,15.386658460166915,57.028408197959756,34.71,2.0,headache,S067
101.72,0.59,-26.872306111385132,16.38940832258404,57.08294727401543,34.71,2.0,headache,S067
79.38,0.59,-27.267069111896557,13.75783014175329,57.21869712647079,34.71,2.0,headache,S067
2.62,0.59,-26.47438038241663,14.789090006973021,57.910457913779574,34.71,2.0,headache,S067
-34.29,0.59,-26.91398794446002,13.852804940779203,57.67831787514155,34.75,2.0,headache,S067
-26.27,0.58,-26.24849727507049,15.071153113205456,57.837469797462106,34.75,2.0,headache,S067
-41.77,0.59,-24.713095102238174,14.467229028945315,58.02095004679781,34.75,2.0,headache,S067
78.51,0.59,-24.87861223109971,14.38415726521637,58.19387435790051,34.75,2.0,headache,S067
62.03,0.59,-25.628324035262317,13.099769533319186,58.321051168846566,34.75,2.0,headache,S067
-57.88,0.59,-25.227733885605044,13.255378577848628,58.50885226146998,34.75,2.0,headache,S067
11.4,0.59,-24.479721093402247,13.592051902220437,58.653122812735724,34.75,2.0,headache,S067
8.94,0.58,-24.408515113143423,14.558790464206472,58.49804679810115,34.75,2.0,headache,S067
-7.13,0.59,-26.426930377834505,11.443213923201082,58.35376402375351,34.71,2.0,headache,S067
-4.39,0.59,-26.814805572910952,13.166745156817306,57.93572602176118,34.71,2.0,headache,S067
3.03,0.58,-26.73856046498503,13.257187937795125,57.73750732146961,34.71,2.0,headache,S067
-8.42,0.59,-26.849392072142127,14.012939127029274,57.760436466603004,34.71,2.0,headache,S067
4.77,0.59,-26.032400395307498,14.632541357236764,57.96501188170752,34.75,2.0,headache,S067
-28.69,0.58,-25.493229989138115,14.086220155622566,58.17081627304988,34.75,2.0,headache,S067
14.93,0.59,-26.683950771666986,12.23424741344023,58.32828119574599,34.75,2.0,headache,S067
-1.95,0.59,-26.822165356779493,11.961408708545036,58.16408704661896,34.75,2.0,headache,S067
-2.08,0.58,-26.53845910224725,12.382909799870538,58.133430489066896,34.71,2.0,headache,S067
7.99,0.59,-27.27743466384593,11.355199849214513,58.073401615477636,34.71,2.0,headache,S067
8.52,0.59,-26.177169440057373,12.232724314168184,58.171337229721125,34.71,2.0,headache,S067
-6.68,0.59,-26.977371235453184,12.709433887112516,58.11323106794096,34.71,2.0,headache,S067
-23.39,0.59,-25.96398641810239,12.889578909251112,58.12138877865753,34.71,2.0,headache,S067
25.64,0.59,-24.8564534473656,14.325620612770395,58.47445875941576,34.71,2.0,headache,S067
24.52,0.59,-24.32432251538347,12.760833437252664,59.09456165644505,34.71,2.0,headache,S067
-39.55,0.59,-23.89270759234707,12.523077709483815,58.95592844929112,34.71,2.0,headache,S067
-6.69,0.59,-24.14973498593026,12.257667070353259,59.07664627481574,34.71,2.0,headache,S067
-52.38,0.59,-23.862270210157032,11.202086556251597,59.24092092586527,34.71,2.0,headache,S067
21.29,0.59,-24.09474344431613,10.97942777244656,59.55314930105467,34.71,2.0,headache,S067
36.47,0.6,-23.882563547056677,11.81469932712677,59.537803743646684,34.71,2.0,headache,S067
10.57,0.59,-24.93499025435115,11.31015202602669,58.520224370729096,34.75,2.0,headache,S067
3.81,0.59,-24.098569279773912,13.933036545634907,58.86328713500468,34.75,2.0,headache,S067
-11.87,0.59,-22.7123276799998,14.197780524692996,59.433938860726556,34.75,2.0,headache,S067
-4.99,0.59,-20.717533862351967,13.305762876989599,59.914395501541044,34.75,2.0,headache,S067
2.71,0.59,-21.717152929150178,12.30296885379328,59.888421240783316,34.71,2.0,headache,S067
-10.99,0.6,-23.4544246588968,10.575994731260883,59.710617405942735,34.71,2.0,headache,S067
-52.89,0.59,-22.931871961365594,10.92950607635762,59.888829599763625,34.71,2.0,headache,S067
27.93,0.59,-22.826591973449617,10.988138355162663,59.810109497735844,34.71,2.0,headache,S067
37.82,0.6,-22.334825318390113,11.920729264669012,59.60093376396095,34.71,2.0,headache,S067
25.58,0.6,-24.326971632442138,11.89570713452751,59.039462709321725,34.71,2.0,headache,S067
-23.97,0.59,-26.74415650724535,12.130863623296642,58.36430533910832,34.71,2.0,headache,S067
-7.52,0.59,-26.495857924774604,11.40425980831104,58.09001134069809,34.71,2.0,headache,S067
-3.21,0.59,-26.664405595749173,10.44293751117744,58.76704532019137,34.75,2.0,headache,S067
0.35,0.59,-26.370259380642604,11.806031029170182,58.5317044301272,34.75,2.0,headache,S067
-0.59,0.59,-25.621979436879204,10.260495355286453,58.91669409863002,34.75,2.0,headache,S067
-15.45,0.6,-25.634450701584495,11.15754178018523,59.02440301807822,34.75,2.0,headache,S067
-6.3,0.59,-25.95771740672847,11.138918377251471,58.98802295335543,34.75,2.0,headache,S067
0.93,0.59,-25.571590010067997,11.019513931650986,59.006117151660895,34.75,2.0,headache,S067
4.35,0.59,-25.61421333190241,10.99562825809322,59.00059847918735,34.75,2.0,headache,S067
3.53,0.59,-26.086556163118995,10.93091171029681,58.90896534473934,34.75,2.0,headache,S067
1.8,0.59,-25.57800445814007,11.576896604373383,58.887877911773245,34.75,2.0,headache,S067
-0.83,0.59,-23.927471749320947,13.463477034580322,59.06876248143473,34.75,2.0,headache,S067
8.58,0.6,-26.708685426583187,10.099797923793004,58.63962732569937,34.75,2.0,headache,S067
-6.81,0.59,-25.71667682882453,11.201499801566172,58.8415229883397,34.75,2.0,headache,S067
-3.85,0.6,-25.967009647321472,10.459050427041955,58.99962777700659,34.75,2.0,headache,S067
-4.6,0.6,-25.41838022122207,10.392311658505095,58.45988823527183,34.75,2.0,headache,S067
26.4,0.59,-24.898182450226738,11.989141127236467,58.90807372371777,34.75,2.0,headache,S067
2.69,0.6,-26.167542219290016,10.259906352202604,58.714690340646314,34.75,2.0,headache,S067
-11.51,0.6,-25.916484531999934,10.717350270959606,58.46939860708548,34.73,2.0,headache,S067
-2.4,0.59,-25.920262839781934,11.93268170349849,58.7287689298368,34.73,2.0,headache,S067
1.58,0.6,-25.861131446043267,12.386215708510306,58.39909413114198,34.73,2.0,headache,S067
-8.04,0.6,-26.104473708278817,13.065468604908595,58.28654460092662,34.73,2.0,headache,S067
-2.01,0.59,-26.823787067492617,9.62777623995634,58.28092995662129,34.73,2.0,headache,S067
-1.39,0.6,-26.019042578319162,11.137834185404923,58.55937941542152,34.73,2.0,headache,S067
-20.71,0.6,-27.581840633893314,13.376436889766914,57.766809907989746,34.73,2.0,headache,S067
13.77,0.6,-28.06319192777817,13.095895353723812,57.151797571479726,34.73,2.0,headache,S067
5.22,0.6,-29.714991173392782,12.470739328186722,56.65305059818708,34.73,2.0,headache,S067
-2.55,0.59,-29.97207201559674,11.604625027787248,56.51675792466717,34.73,2.0,headache,S067
28.13,0.59,-29.459007875122207,13.38511943335401,56.58193226520744,34.73,2.0,headache,S067
-12.53,0.59,-29.61927497275917,11.77978911849225,56.94819829449303,34.73,2.0,headache,S067
-38.38,0.59,-29.700172295467226,12.492687625370253,56.755770155617306,34.73,2.0,headache,S067
-2.4,0.59,-28.730833636276245,14.497821044851385,56.29414217451776,34.73,2.0,headache,S067
-2.06,0.59,-28.52385988953937,13.978792812067622,57.080042223737664,34.73,2.0,headache,S067
14.3,0.6,-30.49568162462495,9.86487561212421,56.64897070290422,34.73,2.0,headache,S067
15.07,0.6,-29.720646848948753,11.42992659792839,56.96903120624544,34.73,2.0,headache,S067
-15.69,0.59,-30.06023148585018,10.537895157767718,56.98790372338616,34.73,2.0,headache,S067
24.07,0.6,-29.218605654704845,12.069242487773968,57.246720369545734,34.73,2.0,headache,S067
8.72,0.59,-30.219002575116466,10.899468113207414,56.85459822059253,34.73,2.0,headache,S067
5.9,0.59,-28.769633899189206,10.974804505535305,57.49972016187497,34.75,2.0,headache,S067
23.52,0.59,-29.5633825875285,10.202854652840932,57.311532700632036,34.75,2.0,headache,S067
-3.4,0.6,-29.464090098846892,10.383253934516107,57.31711718630499,34.75,2.0,headache,S067
7.94,0.59,-29.663387190602588,10.837385787591945,57.15706803411616,34.75,2.0,headache,S067
6.14,0.59,-28.962981973063002,11.976029777949059,56.825859468003316,34.75,2.0,headache,S067
-6.93,0.59,-29.08954726419843,13.090086962595034,56.74393114691978,34.75,2.0,headache,S067
7.11,0.59,-28.48021339519109,13.216319736414029,57.01773082449464,34.75,2.0,headache,S067
-19.96,0.59,-26.942113498340802,16.042376084242193,57.05146573513974,34.75,2.0,headache,S067
-7.25,0.59,-28.031396895033673,15.406420443870413,56.456022660500274,34.75,2.0,headache,S067
5.59,0.59,-28.589599406200005,15.522157075921244,56.49156569348095,34.75,2.0,headache,S067
-45.69,0.59,-28.556388477571332,13.87486650526454,56.63594669443845,34.75,2.0,headache,S067
-29.95,0.6,-29.61855308811774,15.487766456612789,56.513074341529936,34.75,2.0,headache,S067
14.9,0.6,-28.751032197996327,14.536500451449346,56.562704750143894,34.73,2.0,headache,S067
24.69,0.59,-29.228366361527225,13.02685954008381,56.65183022036079,34.73,2.0,headache,S067
41.54,0.6,-28.552995720707877,13.336113683752204,56.911800261934836,34.73,2.0,headache,S067
-17.45,0.6,-29.16609292725346,11.354875550886378,57.0379417102784,34.73,2.0,headache,S067
-2.16,0.59,-27.902576221038903,12.165126338127772,57.57069064240635,34.73,2.0,headache,S067
23.69,0.59,-28.710701982992877,11.667904414372646,57.39849521978129,34.73,2.0,headache,S067
-6.59,0.6,-27.91389960186662,12.426404557995316,57.914941996196866,34.73,2.0,headache,S067
24.45,0.59,-28.80632032603055,11.888306710897401,57.162118793589755,34.73,2.0,headache,S067
-2.4,0.6,-28.439608930634975,12.874220836041323,57.05135436156145,34.73,2.0,headache,S067
-10.86,0.59,-28.78583351518051,12.60284120110242,56.95382543264957,34.73,2.0,headache,S067
4.62,0.59,-28.20320852873946,12.74600993312623,57.04596880976864,34.73,2.0,headache,S067
-19.29,0.59,-28.848365859693608,12.718064350736457,56.95250266520555,34.73,2.0,headache,S067
-0.05,0.6,-28.39419924498653,12.498680572381607,57.05132121473966,34.75,2.0,headache,S067
-8.28,0.59,-28.73105898622372,12.842121727334767,56.93870747964106,34.75,2.0,headache,S067
-1.69,0.59,-28.21584345012134,12.698051650082833,57.16424278114925,34.75,2.0,headache,S067
-7.72,0.6,-28.99878970010582,12.215384608478903,56.97510697886259,34.75,2.0,headache,S067
-17.31,0.6,-28.283881999221634,12.633689510368985,57.051209110653126,34.75,2.0,headache,S067
20.58,0.59,-28.561724053214398,12.172786608248428,57.06068841560925,34.75,2.0,headache,S067
-9.03,0.6,-28.41797922374939,12.360310375953807,57.145300821813024,34.75,2.0,headache,S067
10.72,0.6,-28.5974826157276,12.378983849724074,57.2825520450448,34.75,2.0,headache,S067
6.87,0.59,-27.989046850291526,12.426068398254749,56.966711333621646,34.77,2.0,headache,S067
-11.17,0.6,-28.51116890465385,12.002674659098313,57.25802669493074,34.77,2.0,headache,S067
23.17,0.6,-28.200971286822522,12.398757536817422,57.2769647444997,34.77,2.0,headache,S067
-8.88,0.59,-28.105417046108936,12.917030946631998,57.21274987467972,34.77,2.0,headache,S067
-9.24,0.6,-28.7145771640391,12.751719439133755,57.04813302261086,34.75,2.0,headache,S067
21.68,0.6,-29.185892051625416,12.772275539134473,56.85082013079698,34.75,2.0,headache,S067
-13.5,0.6,-28.765220136717478,12.79632444322398,57.049038992063394,34.75,2.0,headache,S067
-14.52,0.6,-29.095670568739404,12.823853923791697,57.0660808606936,34.75,2.0,headache,S067
21.54,0.6,-28.4513584628264,13.088431286387838,57.08141665429971,34.75,2.0,headache,S067
-9.43,0.59,-29.220025311568772,12.40100940506656,57.106516766965235,34.75,2.0,headache,S067
-10.88,0.6,-29.310677926954884,12.224506301719327,56.52067930517399,34.75,2.0,headache,S067
20.58,0.6,-29.027166217898834,12.420052995421038,57.08357360289729,34.75,2.0,headache,S067
-7.24,0.6,-29.007854126225183,11.78342015668905,57.11324605103081,34.73,2.0,headache,S067
-12.39,0.59,-28.975956530020216,12.248057922175489,56.94994884571704,34.73,2.0,headache,S067
13.65,0.6,-28.804425248237237,11.871119165922831,57.03891474847587,34.73,2.0,headache,S067
-13.14,0.6,-28.78733099706633,12.291409580172486,57.0829522011597,34.73,2.0,headache,S067
0.19,0.6,-28.49618590481238,11.986654229493318,57.28016412415556,34.75,2.0,headache,S067
8.71,0.6,-28.998544734286646,12.153977303590878,57.08060075990642,34.75,2.0,headache,S067
-12.26,0.6,-27.917920194743044,11.03314731844674,57.6607058642476,34.75,2.0,headache,S067
8.59,0.59,-28.411274725340448,9.737837347137027,57.66972195215358,34.75,2.0,headache,S067
6.68,0.6,-29.602714691382445,11.45859305871596,57.473725683043966,34.75,2.0,headache,S067
-12.94,0.6,-29.179836364552447,11.489055688582011,57.48144841644656,34.75,2.0,headache,S067
12.85,0.59,-29.23729750474609,11.05906995812284,57.226127756149765,34.75,2.0,headache,S067
-29.55,0.6,-28.723337608471848,11.249633169129746,57.479717039641244,34.75,2.0,headache,S067
1.96,0.6,-28.94549313186267,11.195304142651608,57.559426229501604,34.75,2.0,headache,S067
8.47,0.59,-29.04858046845309,10.583451850691343,57.53327903792595,34.75,2.0,headache,S067
-15.08,0.6,-28.371794610003942,10.907613109387885,57.67686808835265,34.75,2.0,headache,S067
8.12,0.6,-28.357615270142144,11.286721064821645,57.72875710850896,34.75,2.0,headache,S067
2.06,0.59,-28.449616916763844,11.570959968979468,57.23337813777988,34.75,2.0,headache,S067
-13.54,0.6,-29.225503068200904,11.916242094205243,57.24549411454194,34.75,2.0,headache,S067
34.01,0.6,-29.66091915698669,12.043035441305394,56.65534654547805,34.75,2.0,headache,S067
4.46,0.59,-29.80087061038857,12.381765897140758,56.91223298401337,34.75,2.0,headache,S067
5.35,0.59,-29.8079800034788,12.333856631591447,56.650064782731555,34.75,2.0,headache,S067
-1.71,0.6,-29.8898081653014,12.370964029140026,56.99653026978488,34.75,2.0,headache,S067
-13.21,0.6,-29.875472004202347,12.022448170259457,56.940820871329905,34.75,2.0,headache,S067
5.62,0.59,-29.833059875984844,11.971391887918063,56.79861949334073,34.75,2.0,headache,S067
-10.46,0.6,-30.014086960837247,12.062129800854542,56.61356914271308,34.75,2.0,headache,S067
-5.65,0.6,-29.902080002285807,12.04815977657284,57.02375861727343,34.75,2.0,headache,S067
1.97,0.6,-29.830627123507696,12.201943307772744,56.90479769227189,34.75,2.0,headache,S067
-2.52,0.6,-30.025357412897453,12.472820485089068,56.71744872565073,34.75,2.0,headache,S067
5.09,0.6,-29.975690958929317,12.35555960025276,56.77925793448279,34.73,2.0,headache,S067
2.65,0.59,-30.020099819874687,12.348500426683296,56.74546767564505,34.73,2.0,headache,S067
-2.85,0.6,-29.991185509640147,12.091016211056932,56.8870765512528,34.73,2.0,headache,S067
5.8,0.6,-29.92544809384554,12.092263862669917,56.78611297109323,34.73,2.0,headache,S067
-4.69,0.6,-29.924994112718313,11.949289634432848,56.78053049350047,34.73,2.0,headache,S067
-4.2,0.6,-30.026983361503035,12.156056109734354,57.02006967517764,34.73,2.0,headache,S067
4.82,0.6,-29.723368346148444,11.982571329361868,56.926535276777166,34.73,2.0,headache,S067
-6.72,0.6,-30.05461637696021,12.016754243932692,56.90331156231572,34.73,2.0,headache,S067
-1.07,0.6,-29.91880346137245,12.243469193754065,56.65209479266227,34.75,2.0,headache,S067
7.76,0.6,-29.91829141513346,12.225949639320845,56.878544989656,34.75,2.0,headache,S067
-4.91,0.6,-29.979269275457398,12.548559846831951,56.817010301632976,34.75,2.0,headache,S067
0.81,0.6,-29.78323434657077,12.160823857172824,56.646019347075416,34.75,2.0,headache,S067
7.16,0.6,-29.52925590440534,12.397568340512537,56.531690323709235,34.73,2.0,headache,S067
-5.34,0.6,-29.802967100832543,12.529219432930123,56.728965039280205,34.73,2.0,headache,S067
1.43,0.6,-29.83429977450193,11.98647929529086,56.82332620034582,34.73,2.0,headache,S067
1.85,0.6,-29.939379259923168,12.114002405576656,56.778210980636416,34.73,2.0,headache,S067
-8.14,0.6,-29.871102438908856,12.196126763528069,56.90477160138961,34.73,2.0,headache,S067
3.57,0.6,-29.99358816813627,12.028233072242976,56.69479993661648,34.73,2.0,headache,S067
5.24,0.6,-29.85316124678267,12.16449181888233,56.85056091595821,34.73,2.0,headache,S067
-9.84,0.6,-30.084938078828625,12.224903118606814,56.69991135564006,34.73,2.0,headache,S067
1.78,0.59,-29.926303555118338,12.546474818754866,56.66004700020925,34.73,2.0,headache,S067
4.29,0.6,-30.06946790578236,12.579796494762453,56.80689205333923,34.73,2.0,headache,S067
-6.95,0.6,-29.932236013134496,12.699090384672123,56.49415175055018,34.73,2.0,headache,S067
4.34,0.6,-30.067336341509566,12.462385705665318,56.71481149833432,34.73,2.0,headache,S067
5.04,0.6,-29.932762076257337,12.19962116424344,56.73047842449085,34.73,2.0,headache,S067
-5.54,0.6,-30.060298629232037,12.594311186077286,56.842466828234436,34.73,2.0,headache,S067
2.39,0.6,-29.805425966183094,12.181118701728296,56.65637770501704,34.73,2.0,headache,S067
-3.24,0.6,-30.09920041162139,12.298307281179268,57.020571098289174,34.73,2.0,headache,S067
-10.43,0.6,-29.8170992563068,11.983523246815322,56.806533818442325,34.73,2.0,headache,S067
9.46,0.6,-29.881004067400188,12.134237134507643,56.60205543058808,34.73,2.0,headache,S067
-3.82,0.59,-29.503622151658057,12.090245621390928,56.82969609929138,34.73,2.0,headache,S067
-6.74,0.6,-29.691637494449658,12.6705543110787,56.82448615449612,34.73,2.0,headache,S067
12.48,0.6,-29.54506184850725,12.808956179108062,56.78408308407625,34.71,2.0,headache,S067
-7.12,0.6,-29.361242204394287,12.820873048341507,57.00740046866755,34.71,2.0,headache,S067
-0.48,0.6,-29.515709409606522,12.438240442537811,56.90994643715218,34.71,2.0,headache,S067
11.87,0.6,-29.89398667334997,12.183234444907905,56.93888801502499,34.71,2.0,headache,S067
-7.7,0.6,-29.93343852175035,12.801404211552361,57.031131812940735,34.71,2.0,headache,S067
-3.97,0.6,-29.86795091718304,12.305942506893643,56.97937954978846,34.71,2.0,headache,S067
14.84,0.6,-29.77267319185416,12.2632204128945,57.01252914813322,34.71,2.0,headache,S067
-11.47,0.6,-30.034373126964546,12.211694429790516,56.997814841085585,34.71,2.0,headache,S067
12.93,0.6,-29.549279900501773,12.12646860436026,56.97650365110134,34.71,2.0,headache,S067
-0.76,0.6,-29.91104225727896,12.019513491683972,56.750765874004514,34.71,2.0,headache,S067
-22.51,0.6,-29.73438461446474,12.0094301643595,56.90702784322458,34.71,2.0,headache,S067
26.25,0.6,-29.826499573056434,11.983641529528462,56.731345676782944,34.71,2.0,headache,S067
-2.57,0.6,-29.838323443608854,12.015437148298645,57.01328751181239,34.73,2.0,headache,S067
-18.19,0.6,-29.83019586546155,12.050494582569886,56.99800587941417,34.73,2.0,headache,S067
23.28,0.6,-29.912117098926437,12.465490253524376,56.78009134796866,34.73,2.0,headache,S067
-9.6,0.6,-30.04205587536348,12.486514864669374,56.8349982782539,34.73,2.0,headache,S067
-10.21,0.6,-29.728927782111263,12.871606661955827,56.88729352558564,34.71,2.0,headache,S067
23.99,0.6,-30.027522151028894,12.992554301673342,56.859864385895904,34.71,2.0,headache,S067
-17.64,0.6,-29.925028226060572,12.775615205803811,56.98583117734873,34.71,2.0,headache,S067
-4.0,0.6,-29.91933118830733,12.377910217087548,56.875767992321556,34.71,2.0,headache,S067
21.02,0.6,-29.868427440123565,12.012882998764015,56.9642597838524,34.73,2.0,headache,S067
-24.04,0.6,-29.999704591318327,12.626750439847179,56.804533039361786,34.73,2.0,headache,S067
8.17,0.6,-29.651907185894125,12.163797666937983,56.93628096955216,34.73,2.0,headache,S067
10.47,0.6,-30.015327975132937,12.206350704585525,56.90893571509548,34.73,2.0,headache,S067
-22.64,0.6,-29.86643009112474,12.483630673184962,57.04347650974665,34.71,2.0,headache,S067
26.08,0.6,-29.697042689893006,12.185993108147235,56.77463426600088,34.71,2.0,headache,S067
-13.59,0.6,-29.94466519741604,12.217555093466132,57.000221406854116,34.71,2.0,headache,S067
-10.39,0.6,-29.836986475150184,12.286727515072076,56.86850258340044,34.71,2.0,headache,S067
34.33,0.6,-29.726530291378218,12.18996609951068,56.98311569280626,34.71,2.0,headache,S067
-23.8,0.6,-30.032243306881455,12.366638535965512,56.85036778185646,34.71,2.0,headache,S067
2.18,0.6,-29.737421492257536,12.945443676887912,57.04038827885115,34.71,2.0,headache,S067
24.9,0.6,-29.891612348356396,12.531336929869946,56.85600625989254,34.71,2.0,headache,S067
-24.96,0.6,-29.99377634425289,12.624441128395372,56.707398115116504,34.71,2.0,headache,S067
9.79,0.6,-29.816723013494585,12.41480055787247,56.664731120382974,34.71,2.0,headache,S067
15.35,0.61,-29.894805977211814,12.294884425763485,56.7785647300427,34.71,2.0,headache,S067
-28.01,0.6,-30.008263582408038,12.591191285106158,56.84893061421224,34.71,2.0,headache,S067
16.62,0.6,-29.74649429234539,12.090417698783728,56.833230387381995,34.71,2.0,headache,S067
-0.07,0.6,-29.997227183305466,12.008812305290355,56.76560158799556,34.71,2.0,headache,S067
-21.89,0.6,-29.70151193223246,12.16354787045192,57.03338565457812,34.71,2.0,headache,S067
29.31,0.6,-29.685788059676753,12.194998701045781,56.97061127047721,34.71,2.0,headache,S067
-12.39,0.6,-29.569197913839044,12.438588111197591,57.028064082795325,34.71,2.0,headache,S067
-19.3,0.6,-29.518011843448683,12.0773275180696,56.97357058004519,34.71,2.0,headache,S067
32.53,0.6,-29.452050600676383,12.294664195397687,57.01664541227747,34.71,2.0,headache,S067
-18.42,0.6,-29.55944962287026,12.366078548765305,56.617902912313504,34.71,2.0,headache,S067
-5.1,0.6,-29.662615030474946,12.373665945216079,57.021565360037094,34.71,2.0,headache,S067
29.17,0.6,-29.54328861919084,12.337825537803955,56.94821964427896,34.71,2.0,headache,S067
-24.55,0.6,-29.374978906578384,12.538945734747033,56.90766187086987,34.71,2.0,headache,S067
0.19,0.6,-29.485430567759373,12.33671883755011,56.99449008578059,34.71,2.0,headache,S067
14.48,0.6,-29.378131640532114,12.137483024889587,57.0146141428784,34.71,2.0,headache,S067
-25.49,0.6,-29.621401485793577,12.358400682193794,56.982217273600206,34.71,2.0,headache,S067
17.91,0.6,-29.26950416378692,11.959088705886044,57.01876967297945,34.71,2.0,headache,S067
2.09,0.6,-29.189722334017908,12.060602918545365,56.982851323020796,34.71,2.0,headache,S067
-24.28,0.6,-29.277440881579693,11.920742723121453,56.8989052889497,34.71,2.0,headache,S067
27.46,0.6,-29.707050860362468,12.18881685598206,56.97018365856412,34.71,2.0,headache,S067
-9.12,0.6,-29.37039030649201,12.491149001737705,57.0262100054056,34.71,2.0,headache,S067
-10.57,0.6,-29.8031869434209,12.148113548856214,56.97623407877337,34.71,2.0,headache,S067
26.3,0.6,-29.219410104155607,12.338597664149896,57.01964652276426,34.73,2.0,headache,S067
-20.25,0.6,-29.389923034392393,12.017601546200797,56.99130040951274,34.73,2.0,headache,S067
-0.46,0.6,-29.65958958406765,12.30047058651669,56.92407493649638,34.73,2.0,headache,S067
8.08,0.6,-29.528730620211686,12.342020758700938,56.93110527441392,34.73,2.0,headache,S067
-18.31,0.6,-29.90770505128878,12.846198471070293,56.8471400518682,34.73,2.0,headache,S067
19.97,0.6,-30.070351177892206,13.011049153446791,56.52667903541567,34.73,2.0,headache,S067
-1.42,0.6,-29.90672545912339,13.01835256709601,56.77164808242092,34.73,2.0,headache,S067
-17.07,0.6,-30.41161490704967,12.915323400244239,56.09085530258949,34.73,2.0,headache,S067
29.79,0.6,-30.548809796376126,12.518045844773908,56.1795373460089,34.73,2.0,headache,S067
-17.22,0.6,-30.396227371377133,12.319422814784398,56.48042547583545,34.73,2.0,headache,S067
-8.14,0.6,-30.141367313104148,12.537255662148796,56.63603950146023,34.73,2.0,headache,S067
21.52,0.6,-30.313523185733256,12.167875645196636,56.23723026533601,34.73,2.0,headache,S067
-12.89,0.6,-29.780727188202565,12.191272563155623,56.57433386813872,34.73,2.0,headache,S067
20.81,0.6,-29.840988615515858,12.581008620525795,56.69081034120112,34.73,2.0,headache,S067
-9.86,0.6,-30.12021361870459,12.028198963123232,56.508850740079,34.73,2.0,headache,S067
-28.73,0.6,-29.13513675976619,12.112508130391383,57.118042831217686,34.73,2.0,headache,S067
36.98,0.6,-28.3989302942056,11.971716467985932,56.98004668484128,34.73,2.0,headache,S067
-14.8,0.61,-29.102568664272198,12.242866655536337,57.00098288614784,34.73,2.0,headache,S067
-14.79,0.6,-28.9109000508512,12.589605742864284,57.011126206277766,34.73,2.0,headache,S067
17.44,0.6,-28.947503059362543,12.601882229335175,56.97631172139956,34.73,2.0,headache,S067
11.2,0.61,-28.59651123860409,12.420219527746633,57.0564787641268,34.71,2.0,headache,S067
-6.02,0.61,-28.76902658179232,12.279499327763617,57.09942005313848,34.71,2.0,headache,S067
-7.01,0.6,-28.650353548622828,12.099445346282824,56.995911507880194,34.71,2.0,headache,S067
-15.11,0.61,-28.22911978725345,13.047668026790973,57.2263728162877,34.71,2.0,headache,S067
-8.15,0.61,-28.11232838244411,13.033542296241306,57.22543217860358,34.73,2.0,headache,S067
22.1,0.6,-28.23041261423922,12.587818042707756,57.23482174045346,34.73,2.0,headache,S067
2.14,0.6,-27.676751223835858,13.219237219108013,57.273760824514945,34.73,2.0,headache,S067
-12.56,0.61,-28.686858263025467,12.508761288901479,57.28746687803196,34.73,2.0,headache,S067
-1.0,0.61,-28.6738155460846,13.068800014016935,57.14507994160355,34.73,2.0,headache,S067
-13.96,0.6,-29.794479250498565,12.84553866686608,56.66364610307584,34.73,2.0,headache,S067
-5.17,0.61,-28.55903411637497,13.490614624867693,57.32960312488922,34.73,2.0,headache,S067
15.85,0.61,-28.335873961780663,13.374537534234452,57.06611414539676,34.73,2.0,headache,S067
-5.89,0.6,-27.90937388684196,13.279822823104903,57.18558252675095,34.73,2.0,headache,S067
10.54,0.61,-28.284209788123036,12.898292452456785,57.09489016851176,34.73,2.0,headache,S067
-3.9,0.61,-28.2225070401158,12.930138058581045,57.15904384708789,34.73,2.0,headache,S067
-9.16,0.61,-28.139259685685808,13.384130036386972,57.131663467003236,34.73,2.0,headache,S067
0.35,0.6,-28.110503389698007,12.966071122810476,56.93828747980945,34.71,2.0,headache,S067
-20.86,0.61,-28.008824929927357,13.050432008402394,57.12039258196696,34.71,2.0,headache,S067
11.07,0.61,-28.153735815384316,12.94135210167989,57.04744123223429,34.71,2.0,headache,S067
18.38,0.61,-28.399042588791925,13.107257157172718,56.964386853041475,34.71,2.0,headache,S067
-16.85,0.61,-27.979529451492752,13.329923659275018,57.169419504257455,34.73,2.0,headache,S067
18.23,0.61,-28.001084403733447,13.151993633007931,57.108630301401845,34.73,2.0,headache,S067
0.74,0.6,-28.049042302787242,13.102361441623142,56.98660023409786,34.73,2.0,headache,S067
-10.18,0.61,-28.168633066521114,12.938014449017123,57.03033343833777,34.73,2.0,headache,S067
18.83,0.61,-28.11483447728981,13.054492616037484,57.131142045878974,34.71,2.0,headache,S067
-22.11,0.61,-28.020227891562666,13.002622404425331,56.97822473549097,34.71,2.0,headache,S067
5.63,0.6,-27.868757102946233,13.31456702362499,57.405508723098364,34.71,2.0,headache,S067
19.39,0.6,-27.83733279205371,13.318929779020582,57.09031133079281,34.71,2.0,headache,S067
-24.29,0.61,-28.018561150157574,13.084940649173591,57.12731651623025,34.71,2.0,headache,S067
6.94,0.6,-28.290093495033446,13.011009965749304,57.3597903126799,34.71,2.0,headache,S067
17.63,0.61,-28.22072948096919,12.70560353657857,57.22227912166686,34.71,2.0,headache,S067
-21.24,0.61,-28.13364449091357,12.840352434092923,57.002434122906415,34.71,2.0,headache,S067
17.87,0.6,-28.054696264532446,13.158601285558962,57.088982053517114,34.73,2.0,headache,S067
11.56,0.61,-28.292640932705673,12.243178672363786,57.114391206447884,34.73,2.0,headache,S067
-13.17,0.61,-26.610432882198097,13.728989007987192,57.47264865252685,34.73,2.0,headache,S067
10.66,0.61,-27.043007236684506,15.754121261655559,57.17927462737047,34.73,2.0,headache,S067
22.34,0.6,-26.84982778684202,14.162446802353129,57.20808683893158,34.73,2.0,headache,S067
-2.77,0.61,-27.155912262969213,14.671930420918962,57.304988152384354,34.73,2.0,headache,S067
-7.64,0.61,-25.997528954888136,13.767559966106466,58.48842297087355,34.73,2.0,headache,S067
-41.86,0.6,-22.611017934646753,12.99837945178305,59.22113194617304,34.73,2.0,headache,S067
19.27,0.61,-18.066558147717338,18.181317660762076,59.717974363110265,34.68,2.0,headache,S067
36.61,0.61,-21.01885103064286,14.171790816322607,59.99662664397765,34.68,2.0,headache,S067
-68.82,0.6,-20.45734572507905,14.058951460507862,59.71391864117414,34.68,2.0,headache,S067
-44.07,0.6,-19.870368867881325,16.26783400600029,59.39273098720775,34.68,2.0,headache,S067
5.19,0.61,-20.46090803831476,15.483052044723234,59.546811475654785,34.71,2.0,headache,S067
53.21,0.61,-21.29242358909514,15.470397287246538,59.196450470168905,34.71,2.0,headache,S067
11.24,0.6,-21.75390282782436,15.133041279424301,59.124342481274006,34.71,2.0,headache,S067
12.75,0.61,-22.83007155172352,14.671811409072435,58.774584586443005,34.71,2.0,headache,S067
-2.94,0.61,-24.308609722336275,12.608792154712013,58.77164715485839,34.66,2.0,headache,S067
20.18,0.61,-22.9259738565323,15.174564562222374,58.758283221090345,34.66,2.0,headache,S067
-35.26,0.61,-20.811874940387007,17.647633869758213,59.161278496698124,34.66,2.0,headache,S067
13.76,0.61,-24.31120303513422,14.735120193004999,58.422311542406284,34.66,2.0,headache,S067
-0.42,0.61,-24.34120800950342,14.989748180389626,57.855744468047426,34.68,2.0,headache,S067
-22.12,0.61,-25.91243336947784,15.005025590074816,57.59089482869831,34.68,2.0,headache,S067
34.09,0.61,-29.252543450492027,16.125993347805622,55.98774720009218,34.68,2.0,headache,S067
-10.38,0.61,-29.380378385498037,15.695660716840523,55.82890529964393,34.68,2.0,headache,S067
-18.08,0.61,-31.986825547297986,13.103714265678686,55.06642214062478,34.68,2.0,headache,S067
8.82,0.61,-29.381033367176435,14.462341511839991,56.089837084522976,34.68,2.0,headache,S067
4.32,0.61,-30.66746054812776,13.825705523756438,55.934436161579384,34.68,2.0,headache,S067
12.36,0.61,-29.7604921547106,13.960929113561047,56.1519919381053,34.68,2.0,headache,S067
-38.26,0.6,-29.312075140453555,14.118418415078509,56.31885991982869,34.68,2.0,headache,S067
-11.04,0.61,-28.913785834816593,14.780573532502997,56.865535678560406,34.68,2.0,headache,S067
26.32,0.61,-29.17569590399049,14.00130477280096,56.387777487469876,34.68,2.0,headache,S067
-18.82,0.61,-28.344133747549588,14.707491938739453,56.942280768008565,34.68,2.0,headache,S067
33.18,0.61,-28.67770207154014,14.0152795124936,56.70525320698678,34.68,2.0,headache,S067
-1.03,0.61,-28.597381978456237,14.657421901644776,56.87543489431275,34.68,2.0,headache,S067
-14.49,0.61,-28.103388247519625,14.188018324255742,57.039448599724885,34.68,2.0,headache,S067
35.54,0.61,-27.91265976381667,14.850358293487282,56.97376982928076,34.68,2.0,headache,S067
-24.05,0.61,-28.036159922772654,14.497348287333132,57.02281645040396,34.71,2.0,headache,S067
4.12,0.61,-27.782347858629038,14.84022550901965,56.89013566561551,34.71,2.0,headache,S067
19.32,0.61,-28.184351384226282,14.879330837761513,56.93220214363464,34.71,2.0,headache,S067
-25.95,0.61,-27.104235507255744,15.080347420858267,57.215139095197465,34.71,2.0,headache,S067
21.14,0.61,-26.84859861447317,15.171252123281802,57.71988703280813,34.68,2.0,headache,S067
14.61,0.61,-26.214401974568815,16.54099207109186,57.013270226980545,34.68,2.0,headache,S067
-17.3,0.61,-25.323278146760604,16.886444538573453,57.43802954949679,34.68,2.0,headache,S067
22.16,0.61,-27.127689237072435,13.887033140901403,57.41077523564183,34.68,2.0,headache,S067
-13.15,0.61,-25.998009542535357,12.498565978855174,58.24777232811361,34.68,2.0,headache,S067
1.99,0.61,-26.44416531123674,12.836193938589313,58.682108713388196,34.68,2.0,headache,S067
38.52,0.61,-26.853161673477988,13.184714489935523,57.77675038422236,34.68,2.0,headache,S067
-12.2,0.61,-26.083834278460685,13.28043350478465,57.99727265433404,34.68,2.0,headache,S067
-1.9,0.61,-27.668284874318292,13.551521382100852,57.6316030222394,34.68,2.0,headache,S067
-36.27,0.61,-27.908979423893378,13.518275507567333,57.00998351174307,34.68,2.0,headache,S067
-12.66,0.63,-27.876664507051512,14.885479808841346,57.066686467161546,34.68,2.0,headache,S067
32.23,0.61,-28.063243886211467,14.887421463537171,56.80738574121978,34.68,2.0,headache,S067
-36.14,0.61,-28.38928327017858,13.514660921119388,56.89066450819034,34.68,2.0,headache,S067
-1.89,0.61,-28.04978270261209,13.699303669802125,57.00142212641976,34.68,2.0,headache,S067
21.18,0.61,-28.3469477371689,13.962977021947824,57.021543922811155,34.68,2.0,headache,S067
-23.69,0.61,-28.456447771152433,14.106240737963272,56.96297264023393,34.68,2.0,headache,S067
11.29,0.62,-28.443321981082384,13.624681394696532,57.11470122245445,34.68,2.0,headache,S067
-9.25,0.61,-28.315805430010958,13.111708349318032,56.93659670765898,34.68,2.0,headache,S067
-12.93,0.61,-29.369125744953497,12.900082641825144,57.12004696978767,34.68,2.0,headache,S067
23.91,0.61,-29.64522942033401,12.688275739218595,56.15182272405095,34.68,2.0,headache,S067
-30.8,0.61,-29.629199928779375,13.983077987373301,56.4349010795439,34.73,2.0,headache,S067
-5.31,0.61,-28.404888887532024,15.227202120816655,56.47168989613247,34.73,2.0,headache,S067
3.28,0.61,-28.471208835543113,14.204312666647645,56.603123069906815,34.73,2.0,headache,S067
-38.52,0.61,-28.045515762233745,14.604370859112628,56.83009490981608,34.73,2.0,headache,S067
21.24,0.61,-29.113834777789066,13.162636549484144,56.71255994387166,34.68,2.0,headache,S067
11.15,0.61,-30.1817111282825,13.577097206266727,56.03363040265204,34.68,2.0,headache,S067
-44.76,0.61,-29.211255941559443,13.394690146422123,56.71454918836342,34.68,2.0,headache,S067
26.05,0.61,-29.516961569946627,13.973751400508002,56.58825554070554,34.68,2.0,headache,S067
44.82,0.61,-29.98326164433941,13.993961287909856,56.04925304620008,34.68,2.0,headache,S067
33.1,0.61,-30.218959414698546,13.985275353706024,55.991491967742114,34.68,2.0,headache,S067
15.63,0.61,-29.726235441105718,13.905234948908358,56.32068109489534,34.68,2.0,headache,S067
-30.63,0.61,-28.90269968117984,14.741421855146905,56.1942809694619,34.68,2.0,headache,S067
19.11,0.61,-29.53847151029417,13.040789338618488,56.52159748995777,34.66,2.0,headache,S067
-6.84,0.61,-29.341676495478712,14.60028723377022,56.24708032265904,34.66,2.0,headache,S067
-16.28,0.61,-32.10050509948029,12.713484230750025,55.46263440460572,34.66,2.0,headache,S067
13.96,0.61,-30.5532336889193,13.052588175265257,56.00637786736177,34.66,2.0,headache,S067
-38.67,0.61,-32.08199446878369,13.079652925985124,55.6528234483688,34.66,2.0,headache,S067
-11.16,0.61,-30.533527074048713,13.210737080645604,55.95609677881263,34.66,2.0,headache,S067
12.89,0.61,-30.238510571421095,14.258357107256357,56.01375072460478,34.66,2.0,headache,S067
4.63,0.61,-31.06328440460496,13.810286742298176,55.73916026677796,34.66,2.0,headache,S067
37.74,0.61,-30.95430939610091,13.499424377708989,55.864793764701396,34.66,2.0,headache,S067
-22.33,0.61,-31.04060449563511,13.594697240262414,56.0300652345328,34.66,2.0,headache,S067
26.2,0.61,-30.95713234190281,14.158079674653171,55.917834414354765,34.66,2.0,headache,S067
-9.51,0.61,-31.050100254294556,12.8267758016863,55.775346569422595,34.66,2.0,headache,S067
-17.8,0.61,-30.93856487399806,13.217296216213793,56.08344797034503,34.68,2.0,headache,S067
19.23,0.61,-30.723005617179627,12.755662260327352,55.91507121047748,34.68,2.0,headache,S067
-35.89,0.62,-30.607023641575186,13.308169332327234,56.100000430231994,34.68,2.0,headache,S067
33.15,0.61,-31.313019680216286,12.197718162074404,55.8704475662198,34.68,2.0,headache,S067
-8.85,0.61,-30.849861471193535,12.551275272233074,56.194815894029375,34.65,2.0,headache,S067
-27.73,0.61,-31.608911058737494,12.343824069547958,55.43477601922712,34.65,2.0,headache,S067
45.31,0.61,-29.936090724725684,13.986224853514313,56.0724617232908,34.65,2.0,headache,S067
-6.87,0.61,-27.43894863227582,17.361961490367555,56.47602613819558,34.65,2.0,headache,S067
-14.7,0.61,-29.81278402088161,13.816795602222365,56.07240541333363,34.71,2.0,headache,S067
38.16,0.61,-30.37587098485653,13.50514900663434,56.138549610153284,34.71,2.0,headache,S067
-52.76,0.62,-30.627732652730085,14.755527649672658,55.636230749649556,34.71,2.0,headache,S067
-33.32,0.61,-29.52446562980548,14.68600372150882,56.02563931567066,34.71,2.0,headache,S067
84.87,0.61,-29.9413135752843,14.630722079445766,56.18619087800816,34.66,2.0,headache,S067
-9.63,0.61,-29.24296347628533,14.815555901740565,55.88822844852179,34.66,2.0,headache,S067
-83.89,0.61,-29.309388439419656,15.145027114306806,56.6335215690192,34.66,2.0,headache,S067
76.3,0.61,-29.992383186888347,14.344241086117297,56.08138879813639,34.66,2.0,headache,S067
-8.01,0.61,-30.135414405598393,14.424972492413149,55.73979408564584,34.65,2.0,headache,S067
-25.96,0.61,-26.63491146554522,12.349699419509426,58.26319313809813,34.65,2.0,headache,S067
36.14,0.61,-25.984090003489115,8.521792173795962,58.90523213502248,34.65,2.0,headache,S067
43.4,0.62,-28.64396684429981,7.654478989861248,60.64290662144552,34.65,2.0,headache,S067
-85.61,0.62,-20.669464399347934,0.07344562712882344,58.928322526147646,34.68,2.0,headache,S067
-4.35,0.62,-21.158462068952133,6.155537886319743,62.06246531745374,34.68,2.0,headache,S067
-6.2,0.61,-25.758541098281516,5.08511189320366,59.62319228679188,34.68,2.0,headache,S067
38.63,0.61,-27.089796161845033,5.972706940696574,59.14098805621546,34.68,2.0,headache,S067
-10.21,0.61,-26.91501523900807,5.763217465146509,59.186190614881006,34.68,2.0,headache,S067
-160.92,0.61,-29.355600385970803,5.602309652902243,58.35621167528103,34.68,2.0,headache,S067
-36.02,0.61,-28.60320253815725,6.5009188303700745,58.17314186640924,34.68,2.0,headache,S067
46.64,0.62,-28.557303482289594,5.876676945820308,58.51312878461474,34.68,2.0,headache,S067
121.6,0.61,-29.13526894866991,5.5422642671973135,58.09580094786961,34.66,2.0,headache,S067
34.14,0.61,-29.018295753214762,5.300310684605508,58.25480441148181,34.66,2.0,headache,S067
12.1,0.61,-28.810489314347972,5.170049411100742,58.31559375410705,34.66,2.0,headache,S067
31.19,0.61,-29.631916002335988,5.403396926102029,57.88479210433062,34.66,2.0,headache,S067
-14.74,0.61,-29.19690167803578,5.1002098751223786,58.26775724339287,34.68,2.0,headache,S067
-11.46,0.61,-29.83885374076434,8.431116173301614,57.90501492202526,34.68,2.0,headache,S067
28.37,0.61,-30.7779911275237,5.863119332186054,57.43618479998539,34.68,2.0,headache,S067
-29.6,0.61,-30.274216555420196,5.9052948650122525,57.54212291557953,34.68,2.0,headache,S067
4.85,0.62,-30.693349866531015,6.225163288374487,57.420833874298786,34.68,2.0,headache,S067
2.49,0.62,-30.24455795296204,5.947449426456311,58.29806903601382,34.68,2.0,headache,S067
-30.05,0.61,-28.679110367987562,6.276783371009669,57.95095899837049,34.68,2.0,headache,S067
23.85,0.61,-28.738928974234543,5.173314314734821,57.90788467448057,34.68,2.0,headache,S067
17.42,0.62,-29.828892523853888,10.51136355302474,57.12910899237771,34.68,2.0,headache,S067
9.5,0.61,-28.08302508927913,11.869812752643176,57.932495930320364,34.68,2.0,headache,S067
14.64,0.62,-30.113421163572085,11.903228569512411,56.095610750752904,34.68,2.0,headache,S067
-85.78,0.62,-30.265307598813163,12.322170473610457,56.167505117609764,34.68,2.0,headache,S067
-36.83,0.61,-28.19710086735324,10.465083318933823,57.85500529458764,34.68,2.0,headache,S067
28.31,0.61,-29.207538202664495,11.67207910493486,57.06694547494111,34.68,2.0,headache,S067
-0.33,0.62,-28.733124804390805,10.134772788599427,57.67244189015349,34.68,2.0,headache,S067
27.92,0.62,-28.157796933259718,10.789360942036387,57.89089280635558,34.68,2.0,headache,S067
4.44,0.61,-28.25047348514212,10.647588613244743,58.003685496869046,34.68,2.0,headache,S067
-6.99,0.61,-28.26514287937073,10.613149469457088,57.712654834663375,34.68,2.0,headache,S067
35.24,0.62,-27.897897670704307,10.952133567696936,58.137579459703396,34.68,2.0,headache,S067
-27.09,0.61,-28.35807741068348,10.795427078218335,57.74899797034313,34.68,2.0,headache,S067
11.61,0.62,-27.93858707158013,10.991658013471806,57.96444649509616,34.66,2.0,headache,S067
-0.44,0.62,-28.273494040880475,10.568044192647811,57.900401134810004,34.66,2.0,headache,S067
-30.16,0.61,-28.083065126624966,10.800330963746578,57.78937701840358,34.66,2.0,headache,S067
27.68,0.62,-28.372151626151364,10.831319551227365,57.741598934808074,34.66,2.0,headache,S067
-6.89,0.62,-27.962158225652228,10.759645239977283,58.068107113888615,34.68,2.0,headache,S067
-35.61,0.61,-28.182881014186908,10.703643130510434,57.945304589018,34.68,2.0,headache,S067
33.96,0.61,-27.876741545958026,10.978682181118712,58.04662492007847,34.68,2.0,headache,S067
-8.63,0.62,-28.123214101299144,11.017644401698806,57.961938368217396,34.68,2.0,headache,S067
-24.1,0.62,-27.786552226978685,10.892336609329577,58.01078431135975,34.68,2.0,headache,S067
46.58,0.61,-28.103706143006868,10.891826288173533,57.80417368616051,34.68,2.0,headache,S067
-2.44,0.62,-27.951283696760544,10.286100501174973,57.96175742723618,34.68,2.0,headache,S067
-21.28,0.62,-27.672022321096208,10.524926038759833,57.97656677186682,34.68,2.0,headache,S067
30.22,0.62,-28.229389064299973,10.638182270736745,57.908063521233345,34.68,2.0,headache,S067
-8.34,0.62,-27.69648077305246,11.101456059137977,57.96189765001085,34.68,2.0,headache,S067
-19.85,0.62,-27.72110945086692,10.63921346505751,58.0360675128576,34.68,2.0,headache,S067
26.17,0.61,-27.957895152883356,10.274648412323478,57.964828783663684,34.68,2.0,headache,S067
0.14,0.62,-27.78989066600074,9.957693367005508,58.034542844867794,34.68,2.0,headache,S067
-26.47,0.62,-28.047853021835998,10.35468486390604,57.96595145618216,34.68,2.0,headache,S067
19.74,0.62,-27.961669605358058,10.527048496894889,58.03364917574617,34.68,2.0,headache,S067
-2.06,0.62,-28.03208175607132,11.04448639030686,57.96667302412818,34.68,2.0,headache,S067
-21.35,0.62,-27.972725834994367,10.98400869946133,58.033070977404044,34.68,2.0,headache,S067
17.04,0.62,-28.024128552809476,10.84488025296348,57.967126928697546,34.68,2.0,headache,S067
-2.81,0.61,-27.964223902740937,10.703377543307539,58.032726639045244,34.68,2.0,headache,S067
-21.24,0.62,-27.680566208977382,11.134193675529385,57.96737406476105,34.68,2.0,headache,S067
19.45,0.62,-27.98726166941596,10.628876244271614,58.03256571041252,34.68,2.0,headache,S067
-22.36,0.61,-27.79660338591551,10.748297093623464,57.967459103927375,34.68,2.0,headache,S067
-4.3,0.62,-27.603563759530445,10.477583827676511,58.03254626106532,34.68,2.0,headache,S067
11.34,0.62,-27.91283986973378,10.495914496692063,57.967424045192416,34.68,2.0,headache,S067
-28.92,0.61,-27.669156599310213,10.973553093979616,58.03262281001295,34.66,2.0,headache,S067
23.26,0.61,-27.780738764041512,10.911989144134179,57.96732283643884,34.66,2.0,headache,S067
-10.04,0.62,-27.753885011461826,10.92812850634699,58.03272468357831,34.66,2.0,headache,S067
-9.12,0.62,-27.669370571325178,11.049105745513554,57.9672579837345,34.66,2.0,headache,S067
34.52,0.62,-27.746604177446027,10.813153046463627,58.032687228848516,34.68,2.0,headache,S067
-25.22,0.62,-28.0876739735744,11.080336330552417,57.967523593217706,34.68,2.0,headache,S067
13.03,0.62,-27.894176716819203,10.914964140023386,58.03191777712632,34.68,2.0,headache,S067
23.31,0.63,-27.899271976653065,11.099022232289757,57.96951286020367,34.68,2.0,headache,S067
-28.61,0.62,-27.908636949585112,10.872633995979712,58.026299615155864,34.66,2.0,headache,S067
10.55,0.62,-27.924314498355702,11.198421607693307,57.992406751916384,34.66,2.0,headache,S067
18.35,0.61,-28.53242603126115,9.666991843334925,57.82276257257598,34.66,2.0,headache,S067
-31.83,0.62,-29.570401118187807,10.44283370167779,57.14032673386607,34.66,2.0,headache,S067
15.62,0.62,-29.352270959086333,13.015832157635911,56.762047779060204,34.68,2.0,headache,S067
23.46,0.61,-30.68141106446019,12.791236163151575,56.3975459086828,34.68,2.0,headache,S067
-35.11,0.62,-30.06305014359326,13.367348281069537,56.12406418528391,34.68,2.0,headache,S067
-10.94,0.62,-30.621341322095734,13.99339458616107,56.139575443618924,34.68,2.0,headache,S067
9.93,0.62,-30.277158868605444,11.602164917648945,56.207086630559246,34.68,2.0,headache,S067
-31.9,0.61,-30.09317416171072,12.100771124146219,56.56436752557488,34.68,2.0,headache,S067
3.03,0.61,-29.88387641852138,11.833502399572486,56.76113887528089,34.68,2.0,headache,S067
42.47,0.62,-29.96033935807447,12.386499641411127,56.7941752960078,34.68,2.0,headache,S067
-1.89,0.61,-29.44404599940482,12.596513497044295,56.89585264333165,34.66,2.0,headache,S067
-13.52,0.62,-29.154899480104106,13.04995942320113,56.54833655311997,34.66,2.0,headache,S067
41.51,0.62,-29.431506132547728,12.441992913594534,57.00928798600349,34.66,2.0,headache,S067
9.7,0.62,-28.71862111101986,12.696405384987212,57.03522632383949,34.66,2.0,headache,S067
-23.32,0.62,-29.528338913018022,11.524252384230046,57.018691909082875,34.68,2.0,headache,S067
2.76,0.62,-28.6424744542634,13.253650886154883,57.02122733145278,34.68,2.0,headache,S067
3.52,0.61,-29.36319526188421,13.457146742509007,56.78026456023291,34.68,2.0,headache,S067
-25.5,0.62,-29.778714056541244,12.135878124154491,57.02972185731527,34.68,2.0,headache,S067
21.69,0.62,-28.880701552706782,13.6963186556438,57.375993515675,34.66,2.0,headache,S067
-7.51,0.62,-29.212664704565956,11.28258347492977,57.013102330833014,34.66,2.0,headache,S067
-25.41,0.61,-30.661320278247363,12.431024019366282,56.551297084160346,34.66,2.0,headache,S067
33.81,0.62,-31.83642094677396,10.748287027436707,56.02744283550876,34.66,2.0,headache,S067
-15.78,0.62,-37.243209563604715,8.412635586018123,53.74734072549945,34.71,2.0,headache,S067
4.88,0.62,-35.802255125056526,7.825399910830812,54.13947431156541,34.71,2.0,headache,S067
28.35,0.62,-34.28642074460032,10.501631190887766,54.67820653443943,34.71,2.0,headache,S067
-15.18,0.62,-34.083195532433955,13.444579844814474,54.4045251290472,34.71,2.0,headache,S067
-2.24,0.61,-33.93382851983257,11.680047216731896,54.51631535326605,34.71,2.0,headache,S067
-22.61,0.62,-33.90757552939557,11.01834421011116,54.80062456166012,34.71,2.0,headache,S067
-77.0,0.62,-31.736549573478435,14.800048027297354,55.24301867432957,34.71,2.0,headache,S067
84.74,0.61,-31.928963133402526,13.833374743506129,55.42781601462045,34.71,2.0,headache,S067
77.79,0.62,-31.4990299788671,12.8657824357976,55.83314272486429,34.66,2.0,headache,S067
-12.81,0.62,-32.059873236264515,12.586407775225007,55.68705294681234,34.66,2.0,headache,S067
-21.38,0.62,-31.971377955710956,10.788625806930176,55.843851864467624,34.66,2.0,headache,S067
-62.38,0.62,-31.798288826422088,11.770825317601302,56.03164279907928,34.66,2.0,headache,S067
12.63,0.62,-31.329247593706118,10.646041892616891,56.05121500820341,34.66,2.0,headache,S067
-18.48,0.61,-30.49680776719514,12.596452359471806,56.12192559681259,34.66,2.0,headache,S067
0.41,0.62,-30.39039939886926,12.209582920936638,56.59733119313926,34.66,2.0,headache,S067
31.16,0.62,-29.67948216001075,12.32669135095199,56.93256957661396,34.66,2.0,headache,S067
-1.08,0.62,-29.562267911479402,12.726454927193133,57.0272366958889,34.68,2.0,headache,S067
17.86,0.61,-29.05223879056563,12.099695374756363,56.98272000059887,34.68,2.0,headache,S067
8.12,0.62,-29.45194363661588,12.55451049463412,56.84281933026123,34.68,2.0,headache,S067
-18.57,0.62,-29.588467639517734,11.740365803835347,56.69148926280088,34.68,2.0,headache,S067
24.42,0.62,-29.217631919319437,13.454751071909753,56.58275540433572,34.66,2.0,headache,S067
-27.75,0.62,-30.36620251796051,12.502819313333935,56.28882233067868,34.66,2.0,headache,S067
-12.02,0.62,-29.453275143580036,12.065619517765551,56.630426098437965,34.66,2.0,headache,S067
2.1,0.62,-29.017768161511462,12.178717786749655,57.11799969764735,34.66,2.0,headache,S067
-17.99,0.62,-29.899327147946426,11.812240310331845,56.97440430492057,34.68,2.0,headache,S067
14.94,0.62,-29.599658372094705,12.25898762116525,56.99687504754674,34.68,2.0,headache,S067
-3.29,0.62,-30.03309386161392,11.927120153333066,57.017069169818775,34.68,2.0,headache,S067
-20.51,0.62,-30.22081323852997,11.344154393775847,56.95591149899458,34.68,2.0,headache,S067
21.23,0.62,-30.094575202829734,10.983435906355131,56.81031434082517,34.66,2.0,headache,S067
-19.33,0.61,-30.226251886896392,11.771111406291103,56.702506462075085,34.66,2.0,headache,S067
19.94,0.62,-30.005990438537175,12.063206124201962,56.82982454148008,34.66,2.0,headache,S067
10.42,0.62,-30.034658150639636,11.960055572330223,56.546721325909076,34.66,2.0,headache,S067
-13.46,0.62,-30.064937448430356,12.032022705330695,56.48062490027677,34.66,2.0,headache,S067
15.0,0.62,-30.51354359894307,11.97168414470009,56.52353327187088,34.66,2.0,headache,S067
-17.0,0.62,-30.15760056967303,12.026230480582877,56.53434828308268,34.66,2.0,headache,S067
0.18,0.62,-30.52398032030308,11.975101083621214,56.58570791013704,34.66,2.0,headache,S067
4.22,0.62,-30.13935131867543,12.023964753819236,56.536053969301065,34.66,2.0,headache,S067
-20.05,0.62,-30.214282956421666,11.976739897448823,56.45315879284286,34.66,2.0,headache,S067
22.5,0.63,-30.075453947449446,12.022697449328597,56.80129187081085,34.66,2.0,headache,S067
-19.58,0.62,-30.089060277577932,11.97777269630106,56.80832828579486,34.66,2.0,headache,S067
9.14,0.62,-29.919824721383677,12.021819602436945,56.93617058854065,34.66,2.0,headache,S067
10.57,0.62,-30.077396133523454,11.978545217317123,56.75176748719471,34.66,2.0,headache,S067
-19.29,0.62,-29.924204786689558,12.021119162421751,56.6535436553506,34.66,2.0,headache,S067
22.19,0.61,-30.07456324098621,11.979197624377141,56.62188090866103,34.66,2.0,headache,S067
-1.49,0.62,-29.9265957443612,12.020495833381412,56.61830536620816,34.68,2.0,headache,S067
-13.69,0.62,-30.07211552084884,11.979808297653975,56.71453976000683,34.68,2.0,headache,S067
23.65,0.62,-29.92954863970814,12.019882122910838,56.6461388714425,34.68,2.0,headache,S067
-13.3,0.62,-30.067966642516726,11.980441510118693,56.54992488858643,34.68,2.0,headache,S067
-8.44,0.62,-29.93642947264721,12.019210648463124,56.613023911242806,34.65,2.0,headache,S067
19.05,0.62,-30.053372366374283,11.981174163918373,56.60856396393917,34.65,2.0,headache,S067
-14.06,0.62,-29.996027062130693,12.018387114082056,56.54017613125674,34.65,2.0,headache,S067
8.02,0.62,-30.1631617890505,11.982129168019904,56.79600495320667,34.65,2.0,headache,S067
10.7,0.62,-29.893328894176612,12.017242213973539,56.728916021846814,34.66,2.0,headache,S067
-19.96,0.62,-30.095911031432287,11.983552916764632,56.655567702568085,34.66,2.0,headache,S067
14.49,0.62,-29.908659859951758,12.015394950966863,56.994622843803484,34.66,2.0,headache,S067
-18.8,0.62,-30.08869717100824,11.986079486458989,56.5423515541919,34.66,2.0,headache,S067
1.62,0.62,-29.91332163254648,12.011682248273495,56.74633274324438,34.65,2.0,headache,S067
10.84,0.62,-30.084086074214444,11.992167830635283,56.72245966927927,34.65,2.0,headache,S067
-17.8,0.62,-30.038762112669193,11.999486258353926,56.75096107706039,34.65,2.0,headache,S067
17.26,0.62,-30.088211044233976,12.033928773558698,56.29348754381018,34.65,2.0,headache,S067
2.84,0.62,-29.91472649908846,12.121540884081645,56.437947294209174,34.68,2.0,headache,S067
-12.72,0.63,-30.082646201993025,11.953896774684928,56.730969234170786,34.68,2.0,headache,S067
22.98,0.62,-29.921604599333698,12.03425208613981,56.73945201609567,34.68,2.0,headache,S067
-13.62,0.62,-30.067845744353868,11.971183716147298,56.44258609590554,34.68,2.0,headache,S067
-3.38,0.62,-30.018763818521066,12.025058939317253,56.63274833086816,34.68,2.0,headache,S067
13.4,0.62,-30.132563489936672,11.978428856865944,56.56538075403354,34.68,2.0,headache,S067
-19.58,0.62,-29.89220259055806,12.017417312746616,57.01909810019649,34.68,2.0,headache,S067
7.7,0.62,-30.10010541566776,11.988834273129084,56.31125644535266,34.68,2.0,headache,S067
13.91,0.62,-29.90529519694073,11.998589471923987,56.538864130222535,34.65,2.0,headache,S067
-23.73,0.62,-30.087999656285458,12.04906316572083,56.68795430672807,34.65,2.0,headache,S067
16.99,0.62,-29.926405193717482,12.354455708244865,56.55359863441476,34.65,2.0,headache,S067
1.77,0.62,-30.193147733306024,11.974695830823059,56.443240903511764,34.65,2.0,headache,S067
-14.7,0.62,-30.035511402776073,12.163859748551705,56.465877489784575,34.66,2.0,headache,S067
17.99,0.62,-30.39031133324217,11.935012904678535,56.538370862520736,34.66,2.0,headache,S067
0.67,0.62,-29.83611640140953,12.051786270848694,56.81244439539555,34.66,2.0,headache,S067
-16.15,0.62,-30.149856262258954,11.955192907514112,56.38355524627621,34.66,2.0,headache,S067
14.91,0.62,-29.852834414275684,12.038847384526,56.81886327986922,34.65,2.0,headache,S067
-15.53,0.62,-30.154455784182282,11.968739506423221,56.35126903207547,34.65,2.0,headache,S067
-0.95,0.62,-29.97502168529676,12.01645522782974,56.73220852274028,34.65,2.0,headache,S067
9.76,0.62,-30.219903526123208,12.047871444338064,56.61991197535084,34.65,2.0,headache,S067
-18.35,0.62,-29.93093837087717,12.40423857545259,56.81608108803405,34.65,2.0,headache,S067
14.29,0.62,-30.08531679153235,12.186844257816507,56.13756619327895,34.65,2.0,headache,S067
4.72,0.62,-29.943927603201725,12.147441063265578,56.55982802456384,34.65,2.0,headache,S067
-18.84,0.62,-30.205682826649866,11.944954974993525,56.590470349038455,34.65,2.0,headache,S067
20.61,0.62,-29.95403232959669,12.306152540010059,56.54753065987845,34.66,2.0,headache,S067
-7.51,0.62,-30.182901006298493,11.983824165781117,56.295534524860344,34.66,2.0,headache,S067
-2.41,0.62,-29.947070104280492,12.168157514142809,56.925122340803796,34.66,2.0,headache,S067
8.79,0.62,-30.188982340538434,11.868496869828732,56.481165857556775,34.66,2.0,headache,S067
-17.04,0.62,-29.823339121131646,12.131419297537935,57.093267391249846,34.66,2.0,headache,S067
9.8,0.62,-30.173944636628722,11.848895496109986,56.42607427742614,34.66,2.0,headache,S067
8.02,0.62,-29.826181530923648,12.3949547287894,56.94085355154923,34.66,2.0,headache,S067
-22.18,0.62,-30.174786044267677,12.297392368247971,56.52546005681592,34.66,2.0,headache,S067
19.71,0.62,-29.82376247822425,12.401541404017047,56.79799547185242,34.65,2.0,headache,S067
2.02,0.62,-30.17781466274226,11.965667238085564,56.254057609630415,34.65,2.0,headache,S067
-17.48,0.62,-29.820715340737895,12.241780419163993,56.610125945245045,34.65,2.0,headache,S067
20.8,0.62,-30.180695159107554,12.0747227875692,56.33091639324419,34.65,2.0,headache,S067
2.59,0.62,-29.816592899285784,12.162559113666338,56.6785767279957,34.66,2.0,headache,S067
-17.07,0.62,-30.19625551258496,11.83311743845533,56.437611154609925,34.66,2.0,headache,S067
19.38,0.62,-29.706222520573256,12.725842960753031,56.73830380500003,34.66,2.0,headache,S067
-8.08,0.62,-31.069089147080597,11.573399060006407,56.377203314095325,34.66,2.0,headache,S067
-12.43,0.62,-47.67860309138024,5.890629978552138,44.4787681639742,34.66,2.0,headache,S067
20.22,0.62,-61.794333518825866,1.1726732088739156,26.66220453259719,34.66,2.0,headache,S067
-30.05,0.62,-61.015905537862764,1.3193137558274364,25.746106711464083,34.66,2.0,headache,S067
-73.87,0.63,-62.83727149083987,0.7576810748287545,23.711762021055304,34.66,2.0,headache,S067
-255.54,0.62,-62.36125755992732,0.4846785995225599,23.607184109301503,34.65,2.0,headache,S067
-210.2,0.62,-62.851154958106335,0.9046485866731443,23.456296679778568,34.65,2.0,headache,S067
229.92,0.62,-62.22551211484904,0.24957800080591463,23.77088872055812,34.65,2.0,headache,S067
245.03,0.63,-63.45387067179485,0.43664206022764496,22.13746949171097,34.65,2.0,headache,S067
34.93,0.62,-62.03842993961518,0.17440854250372925,22.97946563882977,34.63,2.0,headache,S067
8.96,0.63,-63.71271904861699,0.03933692144909815,21.843268570779166,34.63,2.0,headache,S067
46.11,0.62,-61.343557847824194,1.0310594413662904,24.89897738429429,34.63,2.0,headache,S067
-7.41,0.62,-62.938814686370044,0.49653294806518894,23.414590404152293,34.63,2.0,headache,S067
37.27,0.62,-60.31194986515609,1.788740462237374,26.70417448586453,34.66,2.0,headache,S067
44.82,0.63,-63.480035399654525,0.18157565410153628,23.3509910047797,34.66,2.0,headache,S067
37.09,0.62,-48.222122031544295,5.834713960409976,42.995103288698026,34.66,2.0,headache,S067
22.26,0.62,-45.73235230718898,6.242253799912624,46.53717721459055,34.66,2.0,headache,S067
21.01,0.62,-62.376602158654435,0.621775555995196,25.525669846523947,34.63,2.0,headache,S067
33.55,0.62,-61.46383011475538,-0.1537052316652018,24.08886551456451,34.63,2.0,headache,S067
147.02,0.63,-63.71341753252891,-1.226013407415658,21.045159479702104,34.63,2.0,headache,S067
-298.99,0.62,-62.77221203614643,-0.9502010156518609,22.35965407514411,34.63,2.0,headache,S067
-269.35,0.62,-63.489619301206965,-1.5854543709278646,20.504076303539314,34.65,2.0,headache,S067
128.34,0.62,-63.344536804392376,-0.6955881920419986,21.38177092815624,34.65,2.0,headache,S067
77.5,0.62,-62.87486961478889,0.3537789952592119,21.995616537220048,34.65,2.0,headache,S067
57.48,0.63,-63.660481993862895,0.03061789041263599,21.34983514604895,34.65,2.0,headache,S067
19.51,0.62,-60.41919423531175,-0.6359090977406917,25.622322994442865,34.65,2.0,headache,S067
5.63,0.62,-27.452276153396756,7.379797244405777,59.28813009240108,34.65,2.0,headache,S067
50.46,0.62,-24.068075312064316,8.585215979318898,59.47520493047838,34.65,2.0,headache,S067
33.67,0.62,-22.08373745704472,7.591321149668685,60.91763790651651,34.65,2.0,headache,S067
139.04,0.63,-21.85722050893881,7.3144545069073645,60.496357346674834,34.65,2.0,headache,S067
6.32,0.62,-21.83646561367426,7.286901873991895,61.16625844502292,34.65,2.0,headache,S067
-201.1,0.63,-22.441486866548967,6.778777603944925,60.31509946099291,34.65,2.0,headache,S067
13.52,0.62,-21.740592237803234,8.479408550407138,61.40689490488963,34.65,2.0,headache,S067
-12.91,0.62,-22.31001570087878,8.698254260641578,60.02738381383727,34.66,2.0,headache,S067
-38.83,0.63,-22.487618356386623,8.139730103006876,60.50786480324718,34.66,2.0,headache,S067
1.66,0.62,-22.477888562652396,8.471983249117997,60.47824527945819,34.66,2.0,headache,S067
-20.99,0.62,-22.584330847296496,8.106953729470295,60.60530673480635,34.66,2.0,headache,S067
-6.63,0.63,-22.937679294946907,8.427058440625245,60.141045984724315,34.66,2.0,headache,S067
0.17,0.62,-22.27730435649519,9.176152150384048,60.57065866953715,34.66,2.0,headache,S067
-26.45,0.63,-22.84899315928476,8.426493468953261,59.89840999496827,34.66,2.0,headache,S067
35.93,0.63,-21.961952654547726,9.264357078088493,60.641206910220546,34.66,2.0,headache,S067
-16.59,0.62,-22.36782266203115,8.20800078427236,60.327319328092294,34.65,2.0,headache,S067
-9.03,0.63,-21.990617958834545,8.968683919975527,60.79703805369419,34.65,2.0,headache,S067
20.25,0.63,-22.34360405760959,8.443157163599425,60.17538495342292,34.65,2.0,headache,S067
-19.17,0.63,-21.838982137796165,8.23394554111688,60.97296944677734,34.65,2.0,headache,S067
7.52,0.63,-22.1440943273763,8.06151875994741,60.54123684812983,34.68,2.0,headache,S067
31.73,0.63,-21.87184333406347,8.14497943889916,61.08784887891651,34.68,2.0,headache,S067
-34.82,0.63,-22.099551390303983,8.053678432577401,60.72169828558207,34.68,2.0,headache,S067
15.19,0.63,-21.760182449088415,8.232753488021029,61.08700369226809,34.68,2.0,headache,S067
18.18,0.63,-22.138667455104677,7.805886136342346,60.4759811786013,34.68,2.0,headache,S067
-17.61,0.63,-21.880363994704577,8.182529618894268,61.01609050814621,34.68,2.0,headache,S067
-4.39,0.62,-22.103242202666184,7.819290274381668,60.71494824417285,34.68,2.0,headache,S067
18.69,0.63,-21.92713173799935,8.199381916746656,61.009928645901105,34.68,2.0,headache,S067
-24.96,0.63,-22.206777458851338,8.300043928635974,60.57337419967799,34.66,2.0,headache,S067
9.21,0.62,-22.038152471810342,8.466435454532812,60.57848283951995,34.66,2.0,headache,S067
0.69,0.63,-22.739609172786313,7.987526927102363,60.30424406011107,34.66,2.0,headache,S067
-13.75,0.63,-22.488217385865365,7.608583369930403,60.6535042495113,34.66,2.0,headache,S067
-8.6,0.62,-22.801510567234207,7.824181788226792,60.35775753699561,34.68,2.0,headache,S067
29.02,0.63,-23.03516771999358,7.736456602263106,60.46509026570183,34.68,2.0,headache,S067
-16.6,0.63,-27.713237463330806,6.221330328094911,58.38210267968705,34.68,2.0,headache,S067
-15.21,0.62,-26.60654731647146,8.018552987223826,59.570220634971704,34.68,2.0,headache,S067
-4.3,0.62,-25.719650411028564,8.095335613380717,59.21197376509038,34.68,2.0,headache,S067
74.77,0.62,-23.755722447359357,8.46910508150484,60.08679746744328,34.68,2.0,headache,S067
-28.17,0.62,-22.21936527083827,8.895547453526007,60.246628361362276,34.68,2.0,headache,S067
-126.01,0.62,-23.562382023423158,8.940535730863667,60.31360611051968,34.68,2.0,headache,S067
-1.77,0.63,-27.296816940575603,7.451016707130922,58.406903578270686,34.68,2.0,headache,S067
9.69,0.62,-20.838553072779675,6.857217132988293,61.46845989537508,34.68,2.0,headache,S067
68.88,0.62,-19.88503628929663,7.386459782755562,60.97222529752758,34.68,2.0,headache,S067
123.31,0.63,-24.339969833517802,8.60721898929758,59.56619072221304,34.68,2.0,headache,S067
-122.39,0.62,-22.38131959421762,6.971262007051506,60.05795334017425,34.66,2.0,headache,S067
-208.42,0.62,-21.17187719910857,8.524367902576525,61.32512238422591,34.66,2.0,headache,S067
188.54,0.62,-20.54765502579752,6.678789056817762,61.00270952787321,34.66,2.0,headache,S067
5.46,0.62,-22.46550331111788,6.8697596421779945,60.616679747770675,34.66,2.0,headache,S067
-36.36,0.62,-22.044383149752502,7.183461595916203,60.47871973792535,34.66,2.0,headache,S067
110.55,0.62,-19.669181243675343,5.5797441766400455,61.77269680283083,34.66,2.0,headache,S067
-7.14,0.62,-12.763038223043646,6.892298100198057,63.46844194820618,34.66,2.0,headache,S067
-60.2,0.62,-16.653617993317237,8.890025449723037,61.77429743984078,34.66,2.0,headache,S067
-168.42,0.62,-15.269245834780383,10.308593418416896,62.058650882169964,34.66,2.0,headache,S067
-115.02,0.62,-13.968149929935722,9.145150941235523,62.65193832653555,34.66,2.0,headache,S067
77.96,0.62,-13.870090178703162,10.801927337056398,63.35962684248249,34.66,2.0,headache,S067
177.1,0.62,-15.62228928128077,11.7316925225384,61.28977179963514,34.66,2.0,headache,S067
121.13,0.62,-14.198809097846924,10.604823414190108,60.756196613636,34.71,2.0,headache,S067
-46.82,0.62,-14.878796602508338,13.2356340326845,64.44698397892006,34.71,2.0,headache,S067
14.45,0.62,-15.375506292870908,7.940343703881023,60.3857094619876,34.71,2.0,headache,S067
17.04,0.62,-20.097179319936128,8.53363854691489,62.164279000360374,34.71,2.0,headache,S067
-13.36,0.62,-18.31180569723275,6.860986233630374,60.09532066862402,34.66,2.0,headache,S067
-28.78,0.62,-16.64877450448134,9.648554156936573,63.025066710893675,34.66,2.0,headache,S067
43.13,0.63,-13.929925139860687,9.443195895829497,63.57161701394143,34.66,2.0,headache,S067
20.59,0.62,-17.946968047540448,5.152551495531233,61.19292083394553,34.66,2.0,headache,S067
94.67,0.62,-15.510707005565028,7.214197914513358,64.32558998413921,34.71,2.0,headache,S067
-91.04,0.61,-20.430083880011633,2.716280220672794,60.88655612621673,34.71,2.0,headache,S067
-66.08,0.62,-15.968345841736662,5.029751576665294,63.159062821834844,34.71,2.0,headache,S067
26.57,0.62,-16.20175901797134,6.048967625911971,62.685049101166705,34.71,2.0,headache,S067
-1.0,0.62,-16.411993460773147,5.95252710291236,62.677286693181344,34.68,2.0,headache,S067
-67.08,0.63,-18.568024278368963,4.372580026074371,61.71661872166488,34.68,2.0,headache,S067
16.84,0.63,-16.20361561390421,6.1648021618897255,62.686454100167694,34.68,2.0,headache,S067
66.36,0.64,-16.623992189569474,8.27980320233412,62.72210339716909,34.68,2.0,headache,S067
-4.09,0.62,-17.05028627446388,6.7312187301171775,61.943849048793474,34.66,2.0,headache,S067
5.94,0.63,-16.05675466862843,9.592165974411236,62.22681496611714,34.66,2.0,headache,S067
-17.41,0.62,-16.298388860304954,9.016472054215647,61.86543776359783,34.66,2.0,headache,S067
35.52,0.62,-15.426921249711834,10.100966729691295,62.14832237636212,34.66,2.0,headache,S067
-106.18,0.62,-14.986052517840236,8.632188241521106,62.34847071818923,34.68,2.0,headache,S067
-94.54,0.62,-18.083617417985714,9.601583464477713,61.463650861410024,34.68,2.0,headache,S067
56.7,0.62,-17.212901363466973,9.205291927468979,61.24582036148224,34.68,2.0,headache,S067
-17.41,0.63,-14.078967077971168,9.096183008999578,62.189166538339634,34.68,2.0,headache,S067
32.6,0.62,-14.879139297143803,15.527421598576977,61.01446542368773,34.68,2.0,headache,S067
-23.82,0.63,-13.380040441240057,19.387245954776738,60.50498693985982,34.68,2.0,headache,S067
-38.16,0.63,-15.334430858850245,19.084263418648067,59.215871010084015,34.68,2.0,headache,S067
34.54,0.63,-13.957773787592355,22.734028626153247,59.546889538316215,34.68,2.0,headache,S067
133.95,0.63,-14.299248260859,22.547533236828617,59.413891618583094,34.68,2.0,headache,S067
32.32,0.63,-10.504960753273846,16.57450726635359,61.2090471450111,34.68,2.0,headache,S067
-17.66,0.63,-7.576920119430226,14.699370264910934,62.73800890937914,34.68,2.0,headache,S067
-57.96,0.63,-10.573055336081284,9.56195182731176,62.563499742686986,34.68,2.0,headache,S067
-52.52,0.63,-13.524430994350112,7.559542779663884,62.5007990309392,34.66,2.0,headache,S067
-77.68,0.63,-13.07848120561007,9.767490900749975,62.81195685104708,34.66,2.0,headache,S067
44.27,0.63,-10.927033726054479,8.964433680241266,63.19572664000782,34.66,2.0,headache,S067
147.91,0.63,-12.834374165665482,6.838239466014543,62.777318334105885,34.66,2.0,headache,S067
-47.45,0.63,-11.783178520732285,7.425497110520916,63.20061356537843,34.71,2.0,headache,S067
-26.21,0.63,-12.276191846833129,7.536596104269114,62.93840348103623,34.71,2.0,headache,S067
0.38,0.63,-11.908570163036037,6.1287346012274115,63.030723631009124,34.71,2.0,headache,S067
13.93,0.63,-12.066830915619834,7.222543744676046,62.987327725313214,34.71,2.0,headache,S067
14.98,0.63,-11.94727458570699,6.839414846737999,62.99999456710156,34.68,2.0,headache,S067
-24.75,0.63,-12.044145350939962,7.127412893823946,63.009936664969494,34.68,2.0,headache,S067
-3.39,0.63,-11.961818448823296,6.896501785531263,62.98157522697321,34.68,2.0,headache,S067
11.66,0.63,-12.029079745340548,7.080121502405565,63.02620880909195,34.68,2.0,headache,S067
-24.28,0.63,-12.055195876828844,7.557987446219245,62.966517526980006,34.68,2.0,headache,S067
20.98,0.63,-12.501174125304502,8.12512052409226,63.037419052035446,34.68,2.0,headache,S067
-15.86,0.63,-12.943972259708547,8.219075545322509,62.68557592751766,34.68,2.0,headache,S067
-14.56,0.63,-13.209072291481613,9.326409280572332,63.103494438949376,34.68,2.0,headache,S067
11.28,0.63,-12.825981391577862,8.424998867496054,62.82903511905533,34.68,2.0,headache,S067
-26.28,0.63,-13.056540925935396,8.83993654445297,62.94702162344933,34.68,2.0,headache,S067
11.25,0.63,-13.290427516381873,9.046565494303834,62.868875153439475,34.68,2.0,headache,S067
-10.75,0.63,-17.404225690770247,9.8455568463811,61.983735780743594,34.68,2.0,headache,S067
-5.7,0.63,-19.203958101075354,4.26306655235649,61.4447294781344,34.71,2.0,headache,S067
20.15,0.63,-19.34567961021897,4.277307386099352,61.567684512929624,34.71,2.0,headache,S067
-34.85,0.63,-18.558203136007624,5.337045819551809,61.384991395962665,34.71,2.0,headache,S067
29.3,0.63,-17.02250026424777,8.715114874474624,62.13492860385219,34.71,2.0,headache,S067
9.11,0.63,-12.521219961060702,13.956978771139669,62.06859834417842,34.68,2.0,headache,S067
0.88,0.63,-15.74486375044214,14.750595507884128,61.06449340661763,34.68,2.0,headache,S067
-11.92,0.63,-17.312089619008038,14.580385887917066,60.01855091048861,34.68,2.0,headache,S067
-67.03,0.63,-18.104964463411825,20.71626616207894,58.338896991876936,34.68,2.0,headache,S067
8.7,0.63,-23.70787320433095,23.442119677444964,55.92984876844195,34.68,2.0,headache,S067
-0.32,0.63,-27.31524327414517,24.10823382234652,54.26067858036057,34.68,2.0,headache,S067
-12.27,0.63,-24.996059011228752,23.620677559329696,55.53777248089326,34.68,2.0,headache,S067
30.75,0.63,-18.492555151323494,21.134048642803446,58.80321885133588,34.68,2.0,headache,S067
67.57,0.62,-9.618249069544794,17.4594223373521,61.144463875148425,34.71,2.0,headache,S067
70.17,0.63,-7.322221391265251,11.261468574278098,61.79440961192661,34.71,2.0,headache,S067
46.16,0.63,-12.291975515890252,10.59188455606936,62.81972950754064,34.71,2.0,headache,S067
-33.32,0.63,-11.634172627691951,8.907090551326279,62.73776013917883,34.71,2.0,headache,S067
-98.47,0.63,-10.88872420351733,6.059509712710363,62.74821999011852,34.68,2.0,headache,S067
-6.69,0.63,-8.123354407874762,7.632973483124086,63.603798329454136,34.68,2.0,headache,S067
-52.11,0.63,-8.748291714113499,8.736841754028976,63.713687012677916,34.68,2.0,headache,S067
23.17,0.63,-8.29433905375441,7.171433380108219,63.29752658070681,34.68,2.0,headache,S067
77.23,0.63,-8.356859229653134,7.845999986935684,63.46351414178674,34.71,2.0,headache,S067
17.81,0.63,-8.009654187880761,8.823898706692493,63.19379622419176,34.71,2.0,headache,S067
-21.73,0.63,-8.287236330970991,8.586225476983708,63.402644491160366,34.71,2.0,headache,S067
16.81,0.63,-8.630939342627924,10.066509920212637,63.38439541105863,34.71,2.0,headache,S067
1.68,0.63,-7.424741210295018,10.383277766196795,63.57390776953471,34.71,2.0,headache,S067
-19.9,0.63,-9.183931852523688,10.070197061660714,62.805321097657014,34.71,2.0,headache,S067
-0.3,0.63,-6.466264851420467,9.249937970442888,64.26359134373384,34.71,2.0,headache,S067
0.02,0.63,-7.9023251801050485,9.901565802706898,63.150307566475554,34.71,2.0,headache,S067
-17.02,0.63,-12.438325154522664,6.183011126879284,62.364118419741914,34.68,2.0,headache,S067
-3.83,0.63,-10.100742956111725,5.617801071817833,63.67444217642009,34.68,2.0,headache,S067
-13.07,0.63,-12.73648161811677,2.3683898306676485,62.99147313313634,34.68,2.0,headache,S067
30.8,0.63,-3.637269022628205,9.46432275810435,64.46911847642565,34.68,2.0,headache,S067
-73.3,0.63,-8.031326517755698,6.967419922778346,64.46762754972517,34.68,2.0,headache,S067
-45.95,0.63,-10.009951001903664,7.514064330551763,63.4504470765193,34.68,2.0,headache,S067
56.89,0.63,-14.307137312379876,7.609173064013123,62.84550792077122,34.68,2.0,headache,S067
81.02,0.63,-14.632851940813074,5.647197984481055,62.67256300186919,34.68,2.0,headache,S067
76.43,0.63,-13.629187532376093,8.219707476039856,62.68504782905415,34.71,2.0,headache,S067
-59.94,0.63,-17.696928368678332,7.307443425055782,61.637548893846514,34.71,2.0,headache,S067
-109.98,0.63,-16.80079971246115,6.292162920304864,61.78601978166614,34.71,2.0,headache,S067
-9.48,0.63,-14.605797632331281,8.294856532174249,62.89360706025025,34.71,2.0,headache,S067
21.51,0.63,-14.06781829992537,6.4371513851797815,63.01068133588152,34.71,2.0,headache,S067
22.05,0.63,-14.970084513245638,6.665875836016501,62.7274014912174,34.71,2.0,headache,S067
-14.02,0.63,-14.593235739137354,7.171947410133856,62.52375968443535,34.71,2.0,headache,S067
-19.78,0.63,-14.568670158709601,7.238062599255614,62.92696558341792,34.71,2.0,headache,S067
22.87,0.63,-14.13169574667604,7.022300289342602,62.563106867280496,34.71,2.0,headache,S067
13.18,0.63,-13.141044308084664,9.29880847473378,62.77074193465631,34.71,2.0,headache,S067
-11.7,0.63,-13.058726423634091,8.314993551467797,62.65262214500919,34.71,2.0,headache,S067
-1.2,0.63,-13.352828704378508,8.35772742441656,62.87937309744278,34.71,2.0,headache,S067
-3.0,0.63,-13.297089109399623,8.679195222420095,62.848639759869975,34.71,2.0,headache,S067
19.88,0.63,-13.26244520346854,8.254182014101966,62.84179547422558,34.71,2.0,headache,S067
-1.19,0.63,-12.862207869805063,8.29544929217806,62.983774630443364,34.71,2.0,headache,S067
-10.46,0.63,-13.305203168506011,8.48765425475665,62.972563034312344,34.71,2.0,headache,S067
-0.03,0.63,-12.959548774551488,8.849986998248696,62.74265930473692,34.71,2.0,headache,S067
-8.65,0.63,-13.212813052517904,8.805775624589424,62.923624508853614,34.71,2.0,headache,S067
1.54,0.63,-13.302726488351095,8.40442756333515,62.76182658160604,34.71,2.0,headache,S067
2.31,0.63,-13.594881269802283,8.676267403906108,62.98947431742382,34.71,2.0,headache,S067
-5.74,0.63,-13.526732368252691,8.969999544719306,62.68273490512718,34.66,2.0,headache,S067
8.44,0.63,-13.41631564371447,8.741763534723255,62.85231604514639,34.66,2.0,headache,S067
-3.47,0.63,-13.751198383729772,8.62549489279968,62.67272012532332,34.66,2.0,headache,S067
-4.36,0.63,-13.291547048535078,8.524733484762384,62.749341204961134,34.66,2.0,headache,S067
7.52,0.63,-13.443320851204343,10.31713912613195,62.38108093936119,34.71,2.0,headache,S067
-6.79,0.63,-15.474983417767545,8.596681284043287,62.36413995589705,34.71,2.0,headache,S067
6.58,0.65,-15.118129404524703,6.3282971985093885,62.73289438500733,34.71,2.0,headache,S067
2.63,0.63,-14.12410932702752,7.9543345068366875,62.233175045901994,34.71,2.0,headache,S067
1.61,0.63,-14.893867314368809,9.038700906678763,62.406162868004834,34.68,2.0,headache,S067
0.32,0.63,-14.892158043583137,7.325572180121513,62.45005019611027,34.68,2.0,headache,S067
-22.64,0.63,-13.746753032396844,9.900227711505313,62.272748909688545,34.68,2.0,headache,S067
11.32,0.63,-13.591869744939592,9.234722007324079,62.34714960022421,34.68,2.0,headache,S067
5.83,0.63,-13.688152678517126,9.660425283014192,62.59819493858666,34.68,2.0,headache,S067
-8.08,0.63,-14.93446740084356,7.5870583679047074,62.460296773221145,34.68,2.0,headache,S067
18.27,0.64,-14.988846759040495,7.6756769278135515,62.40675640946194,34.68,2.0,headache,S067
-2.48,0.63,-15.29006032843372,7.119880657712426,62.64084566151169,34.68,2.0,headache,S067
2.92,0.63,-15.56653923232159,7.108736366553029,62.35455128454695,34.66,2.0,headache,S067
4.39,0.63,-16.15140791163995,7.585623083733076,62.23680379067234,34.66,2.0,headache,S067
-7.08,0.63,-16.559788000865343,7.501644654087048,61.91637166050425,34.66,2.0,headache,S067
9.09,0.63,-16.259670884585915,7.758162388417509,62.186862941430284,34.66,2.0,headache,S067
-7.07,0.63,-16.334035458055187,7.878055559184122,62.18085980801831,34.66,2.0,headache,S067
-9.69,0.63,-16.340972556128456,7.538696931494568,62.108088033937776,34.66,2.0,headache,S067
6.19,0.63,-15.92922444803017,7.84970309979676,62.135868847411565,34.66,2.0,headache,S067
-6.89,0.63,-16.07767974317258,7.871977876670044,62.14805827239796,34.66,2.0,headache,S067
7.91,0.63,-15.915043480309482,7.980149196924981,62.19611131847191,34.68,2.0,headache,S067
-2.36,0.63,-16.10332163989723,7.617053585538368,62.263961591031965,34.68,2.0,headache,S067
-2.68,0.63,-15.744106422208473,7.816734065498156,62.14847364252815,34.68,2.0,headache,S067
15.3,0.63,-15.612749397848479,7.543346228948095,62.23350807998048,34.68,2.0,headache,S067
-9.77,0.63,-15.336429253023875,8.250411515515752,62.128086512417305,34.71,2.0,headache,S067
6.21,0.63,-15.5528109606965,7.710637404512419,62.111346894673915,34.71,2.0,headache,S067
2.78,0.63,-15.338060733595592,8.187598258476754,62.2940539559783,34.71,2.0,headache,S067
-7.7,0.63,-16.048490252514732,7.523628221954873,62.20224392444079,34.71,2.0,headache,S067
12.22,0.63,-15.252183333327556,8.029842303352039,62.45062448415698,34.68,2.0,headache,S067
-6.23,0.63,-15.387811615376032,9.464805630706172,62.31163264335106,34.68,2.0,headache,S067
-1.26,0.63,-16.185286672440387,7.98627094712591,61.90165377798004,34.68,2.0,headache,S067
9.63,0.63,-15.85686902336992,7.391377185050669,62.2010729116214,34.68,2.0,headache,S067
-21.79,0.63,-15.461700507173184,6.946467744832635,61.99953939363765,34.66,2.0,headache,S067
-1.28,0.63,-13.985140782878867,8.370355575929821,62.43715899418773,34.66,2.0,headache,S067
11.46,0.63,-13.381904425802627,9.847677638626736,62.49602526757955,34.66,2.0,headache,S067
-3.34,0.63,-12.37412870296613,9.555702452578203,62.82871335004689,34.66,2.0,headache,S067
15.56,0.63,-13.151127396768924,9.105222029199293,62.48671262261974,34.66,2.0,headache,S067
-16.36,0.63,-12.353350499765765,8.360673538307239,62.68286455539056,34.66,2.0,headache,S067
-9.81,0.63,-12.479807392905382,9.43033935206576,62.94058045939763,34.66,2.0,headache,S067
19.11,0.63,-11.95457684785401,8.794172357234814,62.65030824413376,34.66,2.0,headache,S067
-13.42,0.63,-12.606112578046782,8.787302822959504,62.83395885937146,34.66,2.0,headache,S067
5.56,0.63,-12.339015652115224,9.46142455921313,62.71519979723499,34.66,2.0,headache,S067
27.63,0.63,-12.44931679624637,9.25163354555864,62.685373878423164,34.66,2.0,headache,S067
-15.34,0.63,-12.566723394703514,9.377140223181879,62.56747616563279,34.66,2.0,headache,S067
20.99,0.63,-12.342813411217856,10.356747396008753,62.78339456132594,34.68,2.0,headache,S067
-5.18,0.63,-12.615083733940644,9.97119186355838,62.85081480874973,34.68,2.0,headache,S067
-14.16,0.65,-13.008053763020282,9.289363544610117,62.36068220825988,34.68,2.0,headache,S067
15.98,0.63,-12.874307573640023,9.14390613218897,62.52698798329329,34.68,2.0,headache,S067
-10.57,0.63,-12.952259396298343,9.277441939752656,62.704805816614915,34.66,2.0,headache,S067
7.25,0.63,-12.88749557159714,9.475956817215101,62.59881379089125,34.66,2.0,headache,S067
-11.87,0.63,-12.877300907512318,8.832802768601278,62.37873056046885,34.66,2.0,headache,S067
-20.87,0.63,-13.012397675671059,9.05837441489839,62.86603241842786,34.66,2.0,headache,S067
24.74,0.63,-12.856881136682079,9.464387804110501,62.860490233894716,34.68,2.0,headache,S067
-19.73,0.63,-12.688214067122539,9.070824771867802,62.909411125293886,34.68,2.0,headache,S067
0.27,0.63,-12.779449742726856,9.060450502494279,62.98644729803933,34.68,2.0,headache,S067
26.42,0.63,-12.683344265907095,8.95989868737311,62.83428434126148,34.68,2.0,headache,S067
-8.66,0.64,-12.661409033710935,9.176533125934787,62.867959732902044,34.68,2.0,headache,S067
11.35,0.63,-12.583422984065365,8.931356862854583,63.08987496391571,34.68,2.0,headache,S067
5.85,0.63,-12.364731459658977,9.065903284476105,62.909536628448514,34.68,2.0,headache,S067
-18.24,0.63,-12.229458482911816,8.929066732072318,62.95458493911216,34.68,2.0,headache,S067
15.0,0.63,-12.2545133069366,9.08464149325537,62.82820791450565,34.71,2.0,headache,S067
10.04,0.63,-12.242605514105913,8.878271913686298,63.04451309307034,34.71,2.0,headache,S067
-19.7,0.63,-12.54670064613821,9.363111618266347,62.91950974600028,34.71,2.0,headache,S067
11.85,0.63,-12.21762978832536,8.988828168327318,62.94468965266729,34.71,2.0,headache,S067
4.84,0.63,-12.637160315214395,9.089110375511353,62.78480517307025,34.66,2.0,headache,S067
-15.42,0.63,-12.240951901182704,9.234616812558533,62.946811637035026,34.66,2.0,headache,S067
10.03,0.63,-12.242321106257839,9.165962976820854,62.888715282402536,34.66,2.0,headache,S067
-7.73,0.64,-12.308730276119977,8.974927418053918,62.98327454471074,34.66,2.0,headache,S067
-11.13,0.63,-12.35933453944441,9.014066281546922,63.00324689060076,34.66,2.0,headache,S067
10.54,0.63,-12.284904860709847,8.988319624582235,63.0013288093274,34.66,2.0,headache,S067
-12.67,0.63,-12.227619878796926,9.011023612720964,62.909808700984385,34.66,2.0,headache,S067
-1.71,0.63,-12.351158970146608,8.989278698216545,62.57206469233326,34.66,2.0,headache,S067
11.06,0.63,-12.398507436868636,9.010333117155932,62.78443551430715,34.71,2.0,headache,S067
-12.24,0.64,-12.336482856910594,8.99039372903219,62.85213936977131,34.71,2.0,headache,S067
11.25,0.63,-12.624432510099995,9.008223252799215,63.00386430353307,34.71,2.0,headache,S067
1.07,0.63,-12.686446722559028,8.994502251620899,63.00172840739636,34.71,2.0,headache,S067
-11.03,0.64,-12.75864781136376,8.999273375592443,63.006610424893466,34.68,2.0,headache,S067
9.93,0.64,-12.44971331187062,9.023434690063842,62.923184605439864,34.68,2.0,headache,S067
-8.29,0.63,-12.575780731788049,9.121154434770828,62.92032471680915,34.68,2.0,headache,S067
-1.1,0.63,-12.389965053282005,9.075828371550626,63.04104199610931,34.68,2.0,headache,S067
5.48,0.64,-12.589776392026359,9.055262548577232,62.97580352326243,34.68,2.0,headache,S067
-15.09,0.63,-12.690850332080952,8.955784769194645,62.93286772888419,34.68,2.0,headache,S067
11.54,0.63,-12.422900782866789,9.040440059769766,62.91553512785492,34.68,2.0,headache,S067
0.81,0.63,-12.386659329999889,9.02530413114226,62.94385181140109,34.68,2.0,headache,S067
-12.13,0.63,-12.692621354755703,9.26750966916822,62.91426209857632,34.73,2.0,headache,S067
14.57,0.63,-12.374261986945205,9.221734165360605,62.81242694765893,34.73,2.0,headache,S067
1.86,0.64,-12.561149018655144,8.958971808298633,62.95459256584417,34.73,2.0,headache,S067
-13.22,0.64,-12.425250700677681,9.223560696154149,62.900679913441486,34.73,2.0,headache,S067
12.74,0.63,-12.275397804125818,9.022637645478293,63.01567153556635,34.71,2.0,headache,S067
0.85,0.63,-12.568095769603051,9.115151612260899,62.906556168728684,34.71,2.0,headache,S067
-11.96,0.64,-12.150521358698809,9.169023117070997,62.93761234661158,34.71,2.0,headache,S067
11.27,0.63,-12.096666642986943,8.964519406960815,63.04515383667721,34.71,2.0,headache,S067
2.15,0.63,-12.278714846909937,9.013877418894255,62.956057226398336,34.71,2.0,headache,S067
-10.22,0.63,-11.98228242729863,9.059887213562735,63.04978000983543,34.71,2.0,headache,S067
8.69,0.63,-12.312444689180053,9.222367376121776,62.71606363473631,34.71,2.0,headache,S067
0.18,0.63,-12.146268999456739,8.93669601095515,63.02270225227193,34.71,2.0,headache,S067
-12.66,0.64,-12.091388497873558,9.055370084497493,62.95475733469659,34.68,2.0,headache,S067
6.88,0.64,-12.058321293836869,9.103792272411669,62.81101199646284,34.68,2.0,headache,S067
0.41,0.64,-12.033367629595796,9.449188188005222,62.94208206552771,34.68,2.0,headache,S067
-11.59,0.64,-12.140869887860497,9.50230708785754,63.060035546148775,34.68,2.0,headache,S067
8.68,0.64,-12.161182732893993,9.035366325187619,62.867453970906354,34.71,2.0,headache,S067
-5.38,0.63,-12.17268258266815,9.011872177945865,62.981173698632745,34.71,2.0,headache,S067
-9.4,0.63,-12.37278165100587,8.997881716427772,62.96135307766824,34.71,2.0,headache,S067
7.67,0.64,-12.120783549725108,8.987618136267177,62.89702258623882,34.71,2.0,headache,S067
-9.79,0.63,-12.30917014787545,9.085140135831843,63.00945163333916,34.71,2.0,headache,S067
3.98,0.63,-12.291575203368385,9.070662638728354,63.002156416121366,34.71,2.0,headache,S067
1.59,0.64,-12.504472621658222,8.981757355977841,62.99385851952971,34.71,2.0,headache,S067
-18.82,0.64,-12.318558624953424,9.259217531481745,63.00614208960307,34.71,2.0,headache,S067
16.85,0.63,-12.549220961108183,9.12129154649429,63.00101223653079,34.71,2.0,headache,S067
-8.84,0.64,-12.570209296890061,9.117546005838214,62.9320609124161,34.71,2.0,headache,S067
2.53,0.64,-12.812999624625188,9.157837395573317,62.90489600201358,34.71,2.0,headache,S067
19.73,0.63,-12.517282260244066,8.944327401476889,63.071630694416456,34.71,2.0,headache,S067
-16.67,0.64,-12.444386277259422,9.043720046166817,62.84360469839987,34.68,2.0,headache,S067
9.78,0.64,-12.487716290160915,8.957367569242013,63.006896455415216,34.68,2.0,headache,S067
8.62,0.63,-12.71372615517219,9.049396888168726,62.84158107206646,34.68,2.0,headache,S067
-27.79,0.64,-13.118070491189266,8.925737706032173,63.05461091224153,34.68,2.0,headache,S067
24.41,0.64,-12.460919872379998,9.469002048164118,62.82477899523248,34.71,2.0,headache,S067
22.39,0.64,-12.705730604999202,9.30648481037818,62.67783372278739,34.71,2.0,headache,S067
-19.94,0.63,-12.583480072289927,9.259085325891315,62.938404457496574,34.71,2.0,headache,S067
11.56,0.64,-12.154070132742481,9.014963451820085,63.064508531646894,34.71,2.0,headache,S067
7.85,0.64,-12.227917594403094,9.000860393428832,62.83850397391826,34.71,2.0,headache,S067
-22.73,0.63,-12.062732722500094,8.980896389976163,62.70456773657684,34.71,2.0,headache,S067
10.87,0.64,-12.532383057416293,9.090814975448424,63.066702718540945,34.71,2.0,headache,S067
16.05,0.64,-12.520286600179592,9.248500871689345,62.951464488755285,34.71,2.0,headache,S067
-17.99,0.63,-12.623360941293083,9.250892186607855,62.89909911350562,34.71,2.0,headache,S067
7.37,0.63,-12.234446416664529,9.20688531056124,62.99624243050828,34.71,2.0,headache,S067
12.7,0.64,-12.384816149238382,8.993963468226063,63.01309021265479,34.71,2.0,headache,S067
-20.07,0.64,-12.151285841396998,9.151141893828315,62.95693153632488,34.71,2.0,headache,S067
2.48,0.64,-12.740612164298641,8.903344640392742,62.825025437249394,34.71,2.0,headache,S067
4.28,0.64,-12.550864661023834,9.212697619941137,62.90572732217688,34.71,2.0,headache,S067
-19.84,0.64,-12.723169825280314,9.008957194936645,62.927732985024846,34.71,2.0,headache,S067
10.11,0.63,-12.621880151857757,9.16790634011539,62.926417510520906,34.71,2.0,headache,S067
-2.47,0.64,-12.868087824505103,8.952338756285698,62.62662739774797,34.71,2.0,headache,S067
-14.02,0.63,-12.458781043770994,9.321060032440519,63.00114953358461,34.71,2.0,headache,S067
19.96,0.63,-12.941466125281924,9.06654426461267,62.30281670852088,34.71,2.0,headache,S067
-10.98,0.64,-11.197503234818104,10.61269261707684,63.09961720803541,34.71,2.0,headache,S067
4.31,0.64,-12.709193551989692,9.567150389814895,62.51859240853174,34.73,2.0,headache,S067
9.05,0.64,-11.96843350519285,9.817327333999256,63.14270332276581,34.73,2.0,headache,S067
-23.84,0.63,-15.424379049689183,6.238937028363615,61.96364411678853,34.73,2.0,headache,S067
9.31,0.64,-13.346248282107215,8.514346924329303,62.629296330461074,34.73,2.0,headache,S067
8.63,0.63,-12.128653712966443,9.56400646314079,63.04925641740281,34.71,2.0,headache,S067
-6.42,0.63,-12.848905522171082,8.67152923405304,62.86043054627618,34.71,2.0,headache,S067
29.38,0.64,-13.032765513924216,9.140799735821087,62.55551744787552,34.71,2.0,headache,S067
-14.63,0.64,-12.98335084103545,8.89044103853693,62.774816749970505,34.71,2.0,headache,S067
-8.8,0.63,-12.579762049340639,9.106245271494362,63.08110145351009,34.73,2.0,headache,S067
4.42,0.64,-11.815457807731844,9.452093130486102,62.94439277824693,34.73,2.0,headache,S067
-17.2,0.64,-12.7753214238986,9.094311442695153,62.835172656586586,34.73,2.0,headache,S067
12.43,0.64,-11.110307120574479,8.814367101589175,62.64373754115001,34.73,2.0,headache,S067
-9.79,0.63,-11.417260785279765,9.701500742797277,63.09018962724527,34.71,2.0,headache,S067
7.31,0.64,-12.339746100557077,8.88314842948566,62.854654762068094,34.71,2.0,headache,S067
12.19,0.64,-12.059851654081076,9.298390932033273,62.836064725313506,34.71,2.0,headache,S067
-14.01,0.63,-12.582824306346664,9.01789828557015,62.993960090725565,34.71,2.0,headache,S067
18.55,0.64,-12.589280892066263,9.12744980988561,62.818994020773395,34.71,2.0,headache,S067
1.91,0.64,-12.799470348096857,8.762111606836532,62.89254429937899,34.71,2.0,headache,S067
-2.89,0.63,-12.382514163681348,9.073583834601475,62.911237438891426,34.71,2.0,headache,S067
-2.38,0.64,-12.812012327955097,8.927692122725766,63.027971873003175,34.71,2.0,headache,S067
-18.81,0.64,-12.691790156014342,9.076221492372632,62.717891696990684,34.73,2.0,headache,S067
14.64,0.64,-12.87283048288996,8.588512170430027,63.058741130367814,34.73,2.0,headache,S067
-15.33,0.63,-12.973000804010537,9.05142348844538,62.86314227556994,34.73,2.0,headache,S067
2.06,0.64,-12.54343968299249,8.392183408394791,62.78619816851574,34.73,2.0,headache,S067
8.74,0.64,-12.574798330232028,9.387206304069666,62.254292276249565,34.71,2.0,headache,S067
-18.49,0.63,-12.483685143593496,9.538637916604904,63.09051062953435,34.71,2.0,headache,S067
16.4,0.64,-13.162354172018494,8.664706046019667,62.741669841338876,34.71,2.0,headache,S067
-10.5,0.64,-12.281125935673892,8.974443067514411,62.97127730702304,34.71,2.0,headache,S067
-8.2,0.64,-12.237153487119766,8.87861766579209,62.78859484932092,34.73,2.0,headache,S067
16.31,0.64,-11.311070626706687,9.4629326495135,62.84659397389169,34.73,2.0,headache,S067
1.29,0.64,-10.9091719865916,9.991798353007765,63.375273341989114,34.73,2.0,headache,S067
12.43,0.64,-11.382725804072313,9.146741600818764,62.91922825469058,34.73,2.0,headache,S067
5.36,0.64,-10.489972159908474,9.159689022942363,63.1185092487455,34.71,2.0,headache,S067
-19.55,0.64,-10.955384164697712,9.105287349402268,62.939305723570605,34.71,2.0,headache,S067
13.83,0.64,-10.992859269713973,9.26997362464358,63.04163692335911,34.71,2.0,headache,S067
5.45,0.63,-10.894672580404107,9.408255978039435,62.968401890367886,34.71,2.0,headache,S067
-7.37,0.64,-10.95112896641448,9.343499372957092,63.0253441761982,34.73,2.0,headache,S067
9.6,0.64,-10.911257408175999,8.939313788201906,62.97892442559022,34.73,2.0,headache,S067
-13.8,0.63,-10.974641102463549,9.075506166537462,63.01795891951815,34.73,2.0,headache,S067
1.68,0.64,-11.014364808391106,8.910105578012095,62.98452395260427,34.73,2.0,headache,S067
-7.11,0.64,-11.00255255518692,9.109557306042243,63.01305305291857,34.73,2.0,headache,S067
-6.39,0.63,-10.959735800809487,8.98305617264551,62.99085083916653,34.73,2.0,headache,S067
7.01,0.64,-11.290340285194135,9.576568846377986,62.99280272655137,34.73,2.0,headache,S067
-8.84,0.64,-12.013098455061195,8.374516245999825,62.81319934707114,34.73,2.0,headache,S067
5.76,0.64,-11.03131522224874,9.797921828595205,62.95972335319408,34.71,2.0,headache,S067
-3.36,0.63,-11.628423489788025,9.601153932940676,62.96390861515237,34.71,2.0,headache,S067
-5.78,0.64,-10.719533568725229,9.009160636538796,63.07444655408078,34.71,2.0,headache,S067
3.16,0.64,-11.498935483955663,8.776644614758332,62.87032398702555,34.71,2.0,headache,S067
-24.53,0.63,-11.40238965105804,10.566442233759762,62.67917779023228,34.73,2.0,headache,S067
19.66,0.64,-9.68124198259982,9.428378372828874,63.30731772096771,34.73,2.0,headache,S067
-13.29,0.64,-10.244755201227184,9.517398865280931,62.88682196486868,34.73,2.0,headache,S067
15.85,0.63,-9.120634429130083,11.048092523220511,62.800261853833646,34.73,2.0,headache,S067
-7.28,0.64,-8.986731491196831,11.758078916583017,62.97933894186996,34.71,2.0,headache,S067
2.15,0.64,-9.37365820309092,10.68855231559465,62.985070497063084,34.71,2.0,headache,S067
46.14,0.64,-10.654422936535394,11.197014736641831,62.9947817561408,34.71,2.0,headache,S067
-4.31,0.63,-12.416753448802051,8.907830743043391,62.51957795943208,34.71,2.0,headache,S067
6.57,0.64,-13.886654312768785,8.597103151837224,62.53413566852643,34.71,2.0,headache,S067
-1.48,0.64,-13.347250676068196,8.008359379627386,62.970338820878844,34.71,2.0,headache,S067
-11.46,0.64,-12.428734588834574,6.391965400705301,62.77398050934279,34.71,2.0,headache,S067
-3.62,0.64,-10.661944220481123,8.784326948594073,63.292299233078715,34.71,2.0,headache,S067
-37.65,0.64,-10.16343039076104,8.19269498551929,62.875219399831224,34.73,2.0,headache,S067
8.94,0.63,-8.949731357293034,11.226784466248345,63.01275239983108,34.73,2.0,headache,S067
-61.34,0.64,-8.993993900141692,10.319114017430264,63.10937695832442,34.73,2.0,headache,S067
-30.15,0.63,-9.00325407130295,10.541061569895621,63.02060397835754,34.73,2.0,headache,S067
72.01,0.63,-9.426167976918824,10.29663049672457,62.56726086931099,34.71,2.0,headache,S067
31.45,0.63,-9.350913730213616,11.319604862874424,63.40628119247016,34.71,2.0,headache,S067
51.92,0.64,-10.804546093894551,11.002080409117243,62.40978428772507,34.71,2.0,headache,S067
0.03,0.64,-10.836206749016077,11.978039426801672,62.26200997207872,34.71,2.0,headache,S067
-25.47,0.63,-9.800743885007059,11.687881198749423,62.796847461061276,34.73,2.0,headache,S067
-24.24,0.64,-10.47269641712646,11.108595019490549,62.69093900945893,34.73,2.0,headache,S067
-11.28,0.64,-8.463819976784588,11.91027673521127,62.84287800058501,34.73,2.0,headache,S067
-0.86,0.63,-9.113303021899643,12.567412155120254,62.529315054139516,34.73,2.0,headache,S067
-5.44,0.64,-7.2100547846958944,13.020024709172572,62.41240743057718,34.73,2.0,headache,S067
-1.14,0.64,-7.727083214303245,13.512384077249012,63.21241439149047,34.73,2.0,headache,S067
-1.74,0.63,-6.78568953668484,12.259086373042445,63.41013381810475,34.73,2.0,headache,S067
-2.5,0.64,-9.335306416126468,11.254878032827117,62.66962743986474,34.73,2.0,headache,S067
21.3,0.64,-5.933996191524806,8.58740808161902,62.60633366716934,34.73,2.0,headache,S067
17.77,0.64,-3.7955715115264645,11.778546386786688,64.55503702421372,34.73,2.0,headache,S067
-5.74,0.64,-4.630318639988982,12.290749411886976,62.83299616482495,34.73,2.0,headache,S067
-99.74,0.64,-8.592113285225826,10.034642033923957,63.02305673888304,34.73,2.0,headache,S067
-129.08,0.64,-7.267994790505031,9.986669177364735,63.21905599401078,34.71,2.0,headache,S067
106.18,0.63,-6.72858956495476,10.706934645821876,63.41543212338133,34.71,2.0,headache,S067
141.07,0.64,-6.732893015453578,10.828736361189847,63.2292358382752,34.71,2.0,headache,S067
22.32,0.64,-6.6392917140317245,11.199903094967759,63.18259702743549,34.71,2.0,headache,S067
-35.44,0.63,-6.9643168604168535,10.392522682548229,63.15639191981116,34.73,2.0,headache,S067
-26.18,0.64,-6.375362980701843,10.934072494846442,63.08963403041105,34.73,2.0,headache,S067
30.79,0.64,-6.708329831988834,10.982086031953399,63.14042813042002,34.73,2.0,headache,S067
-22.26,0.63,-6.349082160777582,10.882976177119891,63.151403596716406,34.73,2.0,headache,S067
12.98,0.64,-6.168663641110814,10.931069017388223,63.05861631131847,34.71,2.0,headache,S067
-1.49,0.64,-5.943223650159337,10.773741329053841,63.12786383486947,34.71,2.0,headache,S067
-6.86,0.64,-6.052122425664263,10.96036747667657,62.937099400143794,34.71,2.0,headache,S067
34.28,0.64,-5.949338752983686,10.814057142255285,63.052864411681554,34.71,2.0,headache,S067
3.38,0.64,-6.049781389882738,10.70629550447572,62.951565444095685,34.73,2.0,headache,S067
-12.3,0.64,-5.950663953494088,10.883966787637094,63.04574529151086,34.73,2.0,headache,S067
22.62,0.63,-6.049680578298036,10.772573255702108,62.95616016430631,34.73,2.0,headache,S067
-17.63,0.64,-5.948020994227064,10.936505347427072,63.042263346214405,34.73,2.0,headache,S067
0.02,0.64,-6.062220934031073,10.946959410831463,62.959597168040396,34.71,2.0,headache,S067
8.07,0.63,-6.075984793556732,10.941592465600898,63.03565724289078,34.71,2.0,headache,S067
-20.71,0.64,-6.4951404010950435,10.977308617034039,63.071410037380126,34.71,2.0,headache,S067
3.37,0.64,-6.019160939007239,11.144308045262568,63.07200339274561,34.71,2.0,headache,S067
5.6,0.64,-6.518323119593021,11.218939071827657,63.11545841063821,34.73,2.0,headache,S067
-23.84,0.64,-6.896305976900568,10.29769942409612,63.38395574409609,34.73,2.0,headache,S067
11.99,0.64,-7.839915269596356,9.8576281014751,63.002397540087294,34.73,2.0,headache,S067
-21.66,0.63,-8.041267073897107,11.141118769921885,63.28881671602968,34.73,2.0,headache,S067
2.8,0.64,-7.853067041438221,10.491454940803536,63.186499616609396,34.75,2.0,headache,S067
7.86,0.64,-7.051290834991379,10.321461060261237,62.98805769547294,34.75,2.0,headache,S067
-26.5,0.64,-7.001254373933846,11.155406435243732,62.996426039189615,34.75,2.0,headache,S067
10.21,0.64,-6.989454220877159,10.15260694852534,63.01000059885855,34.75,2.0,headache,S067
15.66,0.64,-7.011355143040157,10.979884378509766,62.986321273870914,34.73,2.0,headache,S067
-1.54,0.64,-6.997193342030337,10.46543058180492,63.01619354934174,34.73,2.0,headache,S067
23.4,0.63,-7.143880998182244,10.439842522165497,62.981826528230485,34.73,2.0,headache,S067
-14.4,0.64,-6.962523440805623,10.384049762543905,63.01995759672707,34.73,2.0,headache,S067
-5.21,0.64,-7.030706995918915,10.433264492684811,62.978197106415756,34.71,2.0,headache,S067
2.26,0.63,-6.97188299919521,10.336203293646602,63.02400358431886,34.71,2.0,headache,S067
-16.64,0.64,-7.026621193335727,10.550651973838134,62.97293656577861,34.71,2.0,headache,S067
13.78,0.64,-6.974437854841273,10.266966258666185,63.032212888094065,34.71,2.0,headache,S067
-16.53,0.64,-7.02472911488407,10.350145870116426,62.955882687267106,34.71,2.0,headache,S067
-1.57,0.64,-6.975945686201605,10.38607030667704,63.118018489798274,34.71,2.0,headache,S067
14.01,0.64,-7.023555888637438,10.397051794941984,63.037067210543704,34.71,2.0,headache,S067
-21.62,0.63,-6.97661272139966,10.411993797450965,62.99994267906504,34.71,2.0,headache,S067
23.39,0.64,-7.024147491039253,10.228181900783138,62.98642201845321,34.71,2.0,headache,S067
-9.69,0.64,-6.970966229941741,10.434571229855665,63.038647048549436,34.71,2.0,headache,S067
-9.49,0.64,-7.109703709841346,10.474463280450243,63.11272347483262,34.71,2.0,headache,S067
21.9,0.64,-7.1330952710889965,10.272477545156448,62.97099130348431,34.71,2.0,headache,S067
-16.56,0.64,-7.033623825809854,10.292381957087526,63.04032981707452,34.75,2.0,headache,S067
7.15,0.64,-6.98524479614803,10.303622590102737,63.1155253031534,34.75,2.0,headache,S067
16.81,0.64,-7.00261934125277,10.351878440803347,62.96968878161189,34.75,2.0,headache,S067
-33.55,0.64,-7.0365715805271325,10.23616400292206,63.02221218615348,34.75,2.0,headache,S067
11.8,0.64,-7.119863569654645,10.576847108518772,62.98006662853712,34.73,2.0,headache,S067
6.92,0.63,-6.9501645046780585,10.425171410750277,63.0192192231444,34.73,2.0,headache,S067
-13.35,0.64,-7.038092657278657,10.35261257325736,62.98111116292342,34.73,2.0,headache,S067
29.69,0.64,-6.966932669427832,10.16352762530506,63.01689780500678,34.73,2.0,headache,S067
-12.33,0.63,-7.030184189179838,10.520103313489185,63.083064896053514,34.71,2.0,headache,S067
-4.14,0.64,-6.97174302010652,9.996553518315254,63.147301996848554,34.71,2.0,headache,S067
21.39,0.64,-7.026838679729735,10.455287008837805,63.009293580505094,34.71,2.0,headache,S067
-25.12,0.63,-6.97427778935732,10.616205887004623,63.0091497042746,34.71,2.0,headache,S067
16.06,0.64,-7.024797700805562,10.746349563797427,62.985385728363255,34.73,2.0,headache,S067
-0.01,0.64,-6.975999327550526,10.980497050995117,63.01796635370591,34.73,2.0,headache,S067
-20.62,0.64,-7.023289939962864,10.572724900172716,62.979047894310355,34.73,2.0,headache,S067
25.75,0.64,-6.977363076977994,10.832062555956748,63.02430044110663,34.73,2.0,headache,S067
-18.02,0.64,-7.022019816110175,10.746804988608696,62.97126195660316,34.75,2.0,headache,S067
-7.17,0.64,-6.978580144356685,10.528852530220568,63.03568883568648,34.75,2.0,headache,S067
17.4,0.64,-7.020818230598556,10.671414574286365,62.950203796069076,34.75,2.0,headache,S067
-24.97,0.64,-6.9798075588752315,10.503609972446398,63.11038020174649,34.75,2.0,headache,S067
22.41,0.63,-7.019510298563254,10.398611603226628,63.03611035135187,34.73,2.0,headache,S067
-6.02,0.64,-6.981282624978685,10.610760366704701,63.09070125843397,34.73,2.0,headache,S067
-17.18,0.64,-7.017705546722331,10.649132781942464,63.17974116530788,34.73,2.0,headache,S067
33.27,0.64,-6.983782145832984,10.033293719011025,62.98603470175718,34.73,2.0,headache,S067
-17.2,0.64,-7.013476657179977,10.817991275285916,62.993661434659494,34.73,2.0,headache,S067
-5.49,0.64,-6.994065455475599,10.88494660057594,63.09867865672654,34.73,2.0,headache,S067
27.1,0.64,-6.942258531045778,10.358024581512154,63.10739979233931,34.73,2.0,headache,S067
-29.38,0.64,-6.777017502613768,10.500015105034828,63.16891255818467,34.73,2.0,headache,S067
11.68,0.64,-6.957326005000888,10.470713766254104,62.99458690107054,34.75,2.0,headache,S067
9.01,0.64,-6.978617608539463,10.495693167901567,63.07545468087655,34.75,2.0,headache,S067
-28.9,0.64,-6.970286162685417,10.309915558882134,63.34061320124965,34.75,2.0,headache,S067
21.4,0.64,-6.870233543964905,10.144058829335584,62.951259756794165,34.75,2.0,headache,S067
-18.59,0.64,-7.007413173532971,10.64640733528155,63.05985735717254,34.73,2.0,headache,S067
-3.38,0.64,-6.996116983118817,10.070813852873375,63.25753260376034,34.73,2.0,headache,S067
23.11,0.64,-7.212315083849781,10.562609632320404,63.0537437034864,34.73,2.0,headache,S067
-18.99,0.64,-6.928240533696625,10.053302991281244,63.22551516517288,34.73,2.0,headache,S067
30.97,0.64,-7.181231803355019,10.20305190856974,63.0971879313664,34.75,2.0,headache,S067
-11.58,0.64,-7.2015152288211635,10.332043596992575,62.95834986841969,34.75,2.0,headache,S067
-0.64,0.64,-6.9798563115882795,10.23997645753286,63.150826164970375,34.75,2.0,headache,S067
-0.56,0.63,-6.993243980853628,9.835355444599807,62.94676328466337,34.75,2.0,headache,S067
-18.6,0.64,-7.008575568058844,10.373602971995247,63.03836201884539,34.77,2.0,headache,S067
26.58,0.64,-6.993134448542322,10.08894265494118,62.96824149941227,34.77,2.0,headache,S067
-15.19,0.64,-7.002599791685158,10.383332338100644,63.0280403047743,34.77,2.0,headache,S067
14.49,0.64,-7.006908308031921,10.320004979749053,62.974247579105274,34.77,2.0,headache,S067
5.73,0.64,-6.9591135140935645,10.040595820402567,63.024327974894376,34.75,2.0,headache,S067
-22.04,0.64,-6.749305586405757,10.009425514486354,62.97648763414018,34.75,2.0,headache,S067
22.33,0.64,-7.056595216149993,10.00902352101338,63.02320206314929,34.75,2.0,headache,S067
-22.51,0.64,-6.960997753632466,10.259491696691649,62.97659353994935,34.75,2.0,headache,S067
22.46,0.64,-7.032104296165267,10.111752610403398,63.02429155980934,34.75,2.0,headache,S067
4.76,0.63,-6.971743351596283,10.176519955423066,62.97366710288505,34.75,2.0,headache,S067
-16.61,0.64,-7.0256733587505,10.378449343627329,63.16395934169318,34.75,2.0,headache,S067
24.92,0.64,-6.976293048590211,10.52920185547404,63.09968468939516,34.75,2.0,headache,S067
-15.87,0.63,-7.022053622857043,10.585010893859018,63.00560719640757,34.75,2.0,headache,S067
0.57,0.64,-6.979464752681567,10.518973378613504,62.987371406128744,34.75,2.0,headache,S067
17.88,0.64,-7.019016226079546,10.4513957152132,63.015481889378314,34.75,2.0,headache,S067
-25.94,0.64,-6.982645305441965,10.46545670021476,62.982710291794504,34.75,2.0,headache,S067
11.13,0.64,-7.015346524126148,10.608288109946248,63.01873757445532,34.73,2.0,headache,S067
-6.44,0.64,-6.987393211008388,10.34202846208122,62.97993261177259,34.73,2.0,headache,S067
-14.7,0.64,-7.008198181154212,10.127000333231852,63.02139213734925,34.73,2.0,headache,S067
14.62,0.64,-7.001111437209712,10.418631877381195,62.97722140724108,34.73,2.0,headache,S067
-21.66,0.64,-6.960241091917033,10.66558011533731,63.024276752278794,34.75,2.0,headache,S067
5.07,0.64,-6.882613226004658,10.40777709065586,62.97406609506822,34.75,2.0,headache,S067
9.05,0.64,-7.0483945520774505,10.258171957708612,63.02780492079808,34.75,2.0,headache,S067
-24.93,0.64,-6.962958606804264,10.2563075445656,62.97003491643787,34.75,2.0,headache,S067
20.91,0.64,-7.032487260369065,10.45452691716477,63.032534372333764,34.75,2.0,headache,S067
-6.4,0.64,-6.969700466091077,10.482949002122451,62.96426217974264,34.75,2.0,headache,S067
-11.55,0.64,-7.029530485616806,10.746010799574169,63.04009898556754,34.75,2.0,headache,S067
22.92,0.64,-6.969728541629519,10.306674034077322,62.95266845873846,34.75,2.0,headache,S067
-15.73,0.64,-7.033837094988234,10.628120987246227,63.06912975454922,34.75,2.0,headache,S067
-0.83,0.64,-6.953755800675434,10.4484252583169,63.316417264104196,34.75,2.0,headache,S067
9.65,0.64,-7.127329832716224,11.14389662843453,63.035383873345374,34.75,2.0,headache,S067
-22.36,0.64,-7.605525158239175,10.648605264522036,62.956138001043556,34.75,2.0,headache,S067
19.91,0.64,-7.8276278405012185,11.071871025659407,63.05179460542045,34.75,2.0,headache,S067
8.22,0.64,-7.963626124337745,10.889446693247452,62.940056174649676,34.75,2.0,headache,S067
-14.41,0.64,-8.34044497278908,10.503051304278332,63.19508851449141,34.75,2.0,headache,S067
12.27,0.64,-7.99889238114841,10.373267414685461,63.12306427740592,34.75,2.0,headache,S067
-12.36,0.64,-8.565809681612919,11.056866508279933,63.0528446697557,34.75,2.0,headache,S067
-25.1,0.64,-9.92004996749379,8.76733126307564,62.81201448551862,34.75,2.0,headache,S067
4.06,0.64,-9.381389886230021,11.746897202926451,63.05052456190129,34.75,2.0,headache,S067
-43.61,0.64,-8.602909826613393,12.009580024101668,62.39254994043718,34.75,2.0,headache,S067
-9.93,0.64,-7.4948122162840844,11.209328010738327,63.057976316645544,34.77,2.0,headache,S067
17.19,0.64,-9.087543930255057,10.490855691384494,62.699657319443155,34.77,2.0,headache,S067
-11.91,0.64,-9.182740656422068,14.81366347970464,62.302616287434084,34.77,2.0,headache,S067
36.84,0.64,-7.820228106234288,10.980342107627404,62.96227660634142,34.77,2.0,headache,S067
23.08,0.64,-7.568357947759173,9.896469020906773,63.2206894277188,34.75,2.0,headache,S067
-3.15,0.64,-5.656886320094073,9.771019831465807,63.50772781116229,34.75,2.0,headache,S067
19.8,0.64,-2.8185187536966607,10.222264129914148,63.44488333687708,34.75,2.0,headache,S067
-2.9,0.64,-7.621005129300679,12.210818964441772,60.31297119257788,34.75,2.0,headache,S067
8.35,0.64,0.9301851076664654,14.041461020033205,61.771909117626244,34.73,2.0,headache,S067
-26.43,0.64,1.2290326573374102,17.135920903491883,63.06031145765544,34.73,2.0,headache,S067
16.29,0.64,1.8353230994802394,15.637611985476498,62.32828212327489,34.73,2.0,headache,S067
-18.16,0.64,0.7340862234852875,14.23439572900221,62.48431784296338,34.73,2.0,headache,S067
1.24,0.64,1.2400602853541884,15.049129507323084,62.35214862343105,34.73,2.0,headache,S067
62.06,0.64,0.375446865091907,15.152012748011597,62.624815249052716,34.73,2.0,headache,S067
-0.84,0.63,0.17922772629638184,14.27904060431814,62.19789887416157,34.73,2.0,headache,S067
3.71,0.64,0.4346949134843811,15.580181037793432,62.36436115807042,34.73,2.0,headache,S067
-23.55,0.64,0.049977180028101705,14.672263215635716,62.10572825567451,34.75,2.0,headache,S067
-36.96,0.63,0.5495827891717481,15.116620802765677,62.64507625931608,34.75,2.0,headache,S067
24.66,0.64,-0.02023372890866308,14.79208130046803,62.58849471177399,34.75,2.0,headache,S067
-11.84,0.64,0.2667654040559072,14.519763875337125,62.72179550536939,34.75,2.0,headache,S067
16.0,0.63,0.028965797050177138,14.67742808875755,62.515828909681375,34.75,2.0,headache,S067
6.73,0.64,0.05271884228684601,14.705392919648375,62.497670339804216,34.75,2.0,headache,S067
-10.06,0.64,0.07000432987157613,14.683671024240853,62.436620937931664,34.75,2.0,headache,S067
19.6,0.63,0.1033744618620659,14.716455558182728,62.49893696642694,34.75,2.0,headache,S067
-12.45,0.64,-0.1563227602627409,14.633217965152186,62.51242328783617,34.75,2.0,headache,S067
14.62,0.63,-0.03818381611183177,15.003995162485314,62.72816880266562,34.75,2.0,headache,S067
10.14,0.63,-0.34812113070203754,14.34732548005045,62.58331619957598,34.75,2.0,headache,S067
-16.3,0.64,0.025894661103617097,15.337327805170034,62.51529107100785,34.75,2.0,headache,S067
13.99,0.64,0.3850282545376614,14.106833260459444,62.69780792106992,34.75,2.0,headache,S067
-14.62,0.64,-0.3996424593709356,14.63633944070977,62.24655922869382,34.75,2.0,headache,S067
-5.35,0.63,0.28449890046373133,14.83854884843034,62.07313959509307,34.75,2.0,headache,S067
15.42,0.64,0.08880593256605192,14.655387150808545,62.62315815924178,34.75,2.0,headache,S067
-6.67,0.64,-0.4771007184418679,14.181421302379537,62.75418175837872,34.77,2.0,headache,S067
9.91,0.63,-1.5013395667782292,12.013089008811935,63.436239664821706,34.77,2.0,headache,S067
-8.39,0.64,-2.186292704183082,13.135787688547987,62.31974207673992,34.77,2.0,headache,S067
-41.29,0.64,3.5487184891368395,14.303309143101108,61.78982455762444,34.77,2.0,headache,S067
25.37,0.64,1.1595921664787958,13.643323214714853,63.55141997199345,34.73,2.0,headache,S067
19.39,0.64,1.0784844218104181,12.38403960052433,62.8618125573953,34.73,2.0,headache,S067
-5.79,0.64,0.19747078922439423,12.318112086669155,62.88762018839823,34.73,2.0,headache,S067
-29.61,0.64,1.1309101213305317,12.857060383183146,62.809550539580826,34.73,2.0,headache,S067
-4.47,0.64,0.7762906087336842,12.939932839442111,62.93579024806886,34.75,2.0,headache,S067
48.27,0.64,0.6246514979889399,11.140620065589829,63.10986553235087,34.75,2.0,headache,S067
14.09,0.63,0.4458665422667997,12.289362007039019,62.881821079619094,34.75,2.0,headache,S067
-29.26,0.63,0.8684780298606766,12.420861733906827,63.01562026890781,34.75,2.0,headache,S067
-3.29,0.64,0.6989812942464179,12.125266960239015,63.00148328561289,34.77,2.0,headache,S067
-20.77,0.64,0.7171753082235465,12.08440018341433,63.1389964704307,34.77,2.0,headache,S067
-5.25,0.64,0.6355522735642561,11.92083014201332,62.96612264759524,34.77,2.0,headache,S067
12.79,0.64,0.44497260603419425,12.038280191278478,63.02697052426614,34.77,2.0,headache,S067
-33.05,0.64,0.7140017425634724,12.007617457814247,62.975446241325635,34.75,2.0,headache,S067
9.86,0.63,0.8974095776905204,12.154417862105824,63.023162891298576,34.75,2.0,headache,S067
-20.99,0.64,0.4707972419114998,12.384832538552384,62.978275079740634,34.75,2.0,headache,S067
10.19,0.64,0.2155309894542743,11.920641847395501,63.01834800066744,34.75,2.0,headache,S067
22.09,0.64,0.010375200251030798,12.10830232362412,63.037304103457004,34.73,2.0,headache,S067
-19.9,0.64,0.0784394457683033,11.797002442723139,63.214868509509266,34.73,2.0,headache,S067
23.46,0.64,0.18595666605224312,12.010308448687988,62.977966092113036,34.73,2.0,headache,S067
-29.03,0.64,0.26027781508246656,11.970642524960942,63.0240729299934,34.73,2.0,headache,S067
7.34,0.63,0.3764324437335563,12.011090767724713,62.9757150541863,34.77,2.0,headache,S067
19.86,0.64,0.47036082062467016,11.942699380600425,63.024280040564044,34.77,2.0,headache,S067
-12.41,0.64,0.7550993099835639,12.186583421161354,62.975766761289115,34.77,2.0,headache,S067
31.38,0.63,0.6503349809122089,12.045505932990617,63.024178856538235,34.77,2.0,headache,S067
-1.5,0.64,0.8172458364442836,12.098741566048577,62.97587492856006,34.73,2.0,headache,S067
0.48,0.64,0.8224107195016047,11.957849552984175,63.02407375637283,34.73,2.0,headache,S067
21.3,0.63,0.8349245852391823,12.025861300502058,62.975974880855844,34.73,2.0,headache,S067
-21.84,0.64,0.33656674463432756,11.99512857675774,63.023978966510974,34.73,2.0,headache,S067
13.67,0.64,0.2688901814517334,12.245908094753688,62.97606493379163,34.75,2.0,headache,S067
-0.2,0.63,0.45037345355027814,11.991757684960879,63.023893241893916,34.75,2.0,headache,S067
-20.9,0.64,0.3000211737962664,12.0148866018597,62.97614661347585,34.75,2.0,headache,S067
11.28,0.64,0.7331969550173139,11.985335982733083,63.023815452594114,34.75,2.0,headache,S067
-18.2,0.64,0.8520166285682341,12.013868962306061,62.976220561933026,34.77,2.0,headache,S067
5.13,0.63,1.0472574973912643,11.986897449354176,63.023745373733504,34.77,2.0,headache,S067
-4.23,0.64,0.8775981951124457,12.012457421896185,62.97628668666343,34.77,2.0,headache,S067
-15.58,0.64,0.8358848972082397,11.98807623669213,63.023683326365955,34.77,2.0,headache,S067
18.61,0.63,1.013344608442934,12.011413418641073,62.97634450694207,34.73,2.0,headache,S067
-28.07,0.64,0.9862626817369458,11.989436957669774,63.023629901094395,34.73,2.0,headache,S067
14.78,0.64,0.8160179415235891,12.007275930519931,62.97639335641392,34.73,2.0,headache,S067
-0.13,0.63,0.7552219282127159,12.02955027145647,63.023585818010744,34.73,2.0,headache,S067
-16.54,0.64,0.8196173448533371,12.254924674157419,62.976432474127385,34.75,2.0,headache,S067
28.98,0.64,0.7434588106926424,12.221795273094918,63.02355187291193,34.75,2.0,headache,S067
-13.13,0.63,0.5257775933408801,11.987091361562882,62.97646103024566,34.75,2.0,headache,S067
-13.82,0.64,0.868401334350426,12.006634506386973,63.02352893292742,34.75,2.0,headache,S067
27.9,0.64,0.7984298177917409,11.996327624227185,62.97647811378964,34.75,2.0,headache,S067
-16.09,0.64,1.1151321277427046,12.002210905737718,63.02351796230511,34.75,2.0,headache,S067
-4.29,0.63,0.8103752465954889,11.998524883941627,62.97648269515362,34.75,2.0,headache,S067
32.42,0.64,0.7609424685970542,12.001153973489465,63.023520070787775,34.75,2.0,headache,S067
-14.35,0.64,0.9767328685721999,11.998885905112918,62.97647356677326,34.73,2.0,headache,S067
-14.49,0.63,1.0519495929862412,12.001305383612106,63.023536584755554,34.73,2.0,headache,S067
34.6,0.64,0.8618610790554515,11.998268667480492,62.97644925853931,34.73,2.0,headache,S067
-7.31,0.64,1.0006370257476993,12.002450764835439,63.023569147727486,34.73,2.0,headache,S067
-21.4,0.63,0.796786662020461,11.996384629141115,62.976407917938154,34.73,2.0,headache,S067
25.84,0.64,0.91657492564693,12.00560258713123,63.02361986420479,34.73,2.0,headache,S067
8.11,0.64,1.0214129150109639,11.99042110565923,62.9763471360913,34.73,2.0,headache,S067
-29.65,0.63,0.998419322893414,12.02196336636336,63.02369151186352,34.73,2.0,headache,S067
10.11,0.63,0.9502619419762777,12.118104289204169,62.976263686565346,34.73,2.0,headache,S067
13.58,0.64,0.8489417652604446,11.989848773262693,63.023787866112485,34.73,2.0,headache,S067
-22.94,0.64,0.9579638355037866,11.993833895335285,62.976153118086295,34.73,2.0,headache,S067
3.51,0.64,0.8954330667490243,12.101990828450049,63.02391421646777,34.73,2.0,headache,S067
19.87,0.64,0.784810883493933,12.045670978170687,62.97600909275722,34.75,2.0,headache,S067
-25.89,0.64,1.1160639578198523,11.97253990039768,63.02407822444537,34.75,2.0,headache,S067
-1.84,0.63,0.8141644563891224,12.024339623220499,62.97582226023126,34.75,2.0,headache,S067
22.4,0.64,0.7779172633201029,11.970939397942585,63.02429142070924,34.75,2.0,headache,S067
-21.14,0.64,0.8860605261551433,12.116307608205444,62.975578237779295,34.75,2.0,headache,S067
-6.19,0.63,0.9589720676363434,12.054726083435554,63.024571974063555,34.75,2.0,headache,S067
24.18,0.64,1.0041957818986984,12.119577371111438,62.97525374674374,34.75,2.0,headache,S067
-22.1,0.64,1.011225842990656,11.950662906090034,63.02495019014627,34.75,2.0,headache,S067
-5.78,0.64,0.8996134386900637,12.116253303648826,62.97480860908462,34.75,2.0,headache,S067
16.21,0.63,0.8615754893856238,12.042237091738018,63.0254804634948,34.75,2.0,headache,S067
-19.63,0.64,0.9668107753141374,11.989616003118556,62.97416736014841,34.75,2.0,headache,S067
6.74,0.64,0.7866272223435524,12.002577464175193,63.026270569509684,34.75,2.0,headache,S067
9.71,0.63,0.9605753348838383,12.001463259630128,62.973170598003314,34.75,2.0,headache,S067
-26.54,0.64,1.0310140152246443,11.99519890518665,63.0275666852638,34.75,2.0,headache,S067
17.93,0.64,0.9649986935377922,12.009079800220942,62.97141661141655,34.75,2.0,headache,S067
-1.98,0.63,0.9165608300688246,11.982239184167419,63.03007396747751,34.75,2.0,headache,S067
-14.3,0.64,0.7705116434605881,12.0560653014576,62.967533796858476,34.75,2.0,headache,S067
24.7,0.64,0.7860652471217237,12.10467335847408,63.03691845648839,34.75,2.0,headache,S067
-16.45,0.64,0.9071732295987172,11.953842527683959,62.951970010565226,34.75,2.0,headache,S067
-5.71,0.64,0.7967123230166245,12.128102315921112,63.123238487735044,34.75,2.0,headache,S067
14.78,0.64,0.8487671962197447,12.025778051910466,63.032592419349015,34.75,2.0,headache,S067
-22.32,0.63,1.009383178642716,11.988215020946368,63.000150006708935,34.75,2.0,headache,S067
20.17,0.64,0.7958099479509712,12.01255865390189,62.99190883310337,34.75,2.0,headache,S067
1.9,0.64,0.9572885329864227,11.976147817938488,63.01157553727798,34.75,2.0,headache,S067
-28.42,0.64,0.6046239702644335,12.335851031758116,62.98655772617171,34.73,2.0,headache,S067
29.43,0.63,0.05345943564641197,12.083471837264668,63.01450674087917,34.73,2.0,headache,S067
-1.39,0.64,0.6082966556787255,11.942662724692523,62.98492636417295,34.73,2.0,headache,S067
-22.53,0.64,0.5282498163387148,12.106196949356265,63.01525724315521,34.73,2.0,headache,S067
32.57,0.63,0.2434308244564804,12.054724546864865,62.98493202897103,34.75,2.0,headache,S067
-6.37,0.64,0.47403373560714307,11.996678152407814,63.01442739373533,34.75,2.0,headache,S067
-19.11,0.64,0.2541749844623969,11.983172372540821,62.98678307142812,34.75,2.0,headache,S067
32.86,0.64,0.2348270940276648,12.225887086678682,63.01330470481939,34.75,2.0,headache,S067
-17.21,0.64,0.20527141052344688,12.474395629105143,63.15598717865971,34.75,2.0,headache,S067
-22.93,0.64,0.342556507833756,12.306502224125035,63.17699873736289,34.75,2.0,headache,S067
43.29,0.63,0.5257336298613848,12.179733552788703,62.99365694538896,34.75,2.0,headache,S067
-7.94,0.63,0.32381599142338185,11.799844651247678,62.91012447356394,34.75,2.0,headache,S067
-17.78,0.64,0.30956366426848536,12.2907087156548,62.90563654020062,34.73,2.0,headache,S067
24.11,0.64,0.09022970850170647,12.032846703179633,62.92299543752397,34.73,2.0,headache,S067
-2.61,0.64,0.20177063380113297,11.836529487611834,63.14273418701365,34.73,2.0,headache,S067
-7.13,0.65,0.18469839135122507,12.12602862509804,63.316180556715146,34.73,2.0,headache,S067
33.58,0.64,-0.3170920694791379,11.710034247570865,62.991173708806286,34.73,2.0,headache,S067
-16.85,0.63,-0.34961180595522107,11.509778438701868,63.186491094326335,34.73,2.0,headache,S067
-13.31,0.64,-0.0927026256640134,11.895188147091785,63.07970981543869,34.73,2.0,headache,S067
18.54,0.64,-0.21409610185537842,11.742018493936953,63.28515644985133,34.73,2.0,headache,S067
-27.56,0.63,0.26532979623010267,11.523907215036353,63.088025287876285,34.73,2.0,headache,S067
9.06,0.64,-0.918885735192445,11.929082676902299,63.07933735953812,34.73,2.0,headache,S067
13.0,0.64,-0.4917787054707274,11.907352848497045,63.003964786954775,34.73,2.0,headache,S067
-13.24,0.64,-1.060493304304462,11.831602442967965,63.110576169935584,34.73,2.0,headache,S067
12.1,0.63,-1.2154503294490162,12.881233524281193,63.09274468560022,34.75,2.0,headache,S067
-27.32,0.64,-2.049910605667834,12.256176564900603,63.32483446396675,34.75,2.0,headache,S067
12.81,0.64,-3.4038251544713938,9.77949387914656,63.09672977947798,34.75,2.0,headache,S067
2.83,0.64,-4.694048494703213,10.363663325816097,63.1102211930684,34.75,2.0,headache,S067
-24.72,0.64,-4.996166130722659,10.959800946653626,63.138195153353955,34.73,2.0,headache,S067
37.42,0.64,-5.341055770728413,11.00387497617795,63.07939272344722,34.73,2.0,headache,S067
12.41,0.63,-5.846869822455662,10.920201877804091,63.08594452295215,34.73,2.0,headache,S067
17.58,0.64,-6.691857423885821,9.0052915311276,63.328495911369444,34.73,2.0,headache,S067
1.02,0.64,-4.063285065269896,9.970230723050005,63.33855816653639,34.75,2.0,headache,S067
-40.34,0.63,-3.7321469122613777,9.014277249386437,62.69947054667292,34.75,2.0,headache,S067
15.48,0.64,-3.1655000589894566,10.4838513161611,63.554606696310934,34.75,2.0,headache,S067
-25.15,0.64,0.2614216326539222,15.420316463803049,63.112612857015066,34.75,2.0,headache,S067
19.33,0.64,0.293454551951973,12.937143759993006,62.796514494379856,34.75,2.0,headache,S067
0.18,0.63,2.0878945619082123,11.437793885728174,62.675468802937154,34.75,2.0,headache,S067
-83.37,0.64,3.125529420090032,13.44743193743457,63.309345096685924,34.75,2.0,headache,S067
29.24,0.64,2.1327238662536474,13.343320453114165,62.73648813218659,34.75,2.0,headache,S067
103.65,0.63,2.998700192574924,13.566454461290311,62.522261530945386,34.75,2.0,headache,S067
-53.38,0.64,3.5039402888186735,13.920739737209955,62.765359153169335,34.75,2.0,headache,S067
-17.66,0.64,2.919613401905053,13.904768077377058,62.672433577407546,34.75,2.0,headache,S067
34.03,0.64,3.0802133405931915,14.020147644288583,62.71906938625554,34.75,2.0,headache,S067
-3.03,0.64,2.9320036197929613,13.98199407271896,62.82491086086702,34.73,2.0,headache,S067
7.62,0.64,3.054331671971791,14.026333493307819,62.68665783973237,34.73,2.0,headache,S067
-20.57,0.63,2.9685153060505707,13.90131160954536,62.806297380386795,34.73,2.0,headache,S067
-8.49,0.64,3.158359247672542,13.936193521753879,62.66855487716246,34.73,2.0,headache,S067
24.85,0.64,2.979522778137168,14.049827589063817,62.44002086105033,34.73,2.0,headache,S067
-23.8,0.63,2.9038803121269523,13.784199266239547,63.09748031594307,34.73,2.0,headache,S067
2.25,0.63,2.3968009752668165,13.473228868110787,62.52326501395948,34.73,2.0,headache,S067
-0.8,0.64,0.3275802459605045,14.740731055427972,62.802295499697564,34.73,2.0,headache,S067
-33.47,0.64,1.7559007135756766,13.185261483978447,62.652707137029786,34.73,2.0,headache,S067
6.46,0.63,2.4360694238387257,13.25603178517002,62.68455224381515,34.73,2.0,headache,S067
-43.82,0.64,2.2047076436278137,13.78525543247593,62.70406089361142,34.73,2.0,headache,S067
-48.6,0.64,2.542465302078587,13.837711476267641,62.88273970709007,34.73,2.0,headache,S067
81.16,0.64,2.8343161552542266,13.752012856053385,62.51423936848106,34.73,2.0,headache,S067
9.28,0.64,2.9635664686475724,13.800212015674372,62.789573689515755,34.73,2.0,headache,S067
38.06,0.64,3.038027782189892,13.91780464633115,62.35004974337295,34.73,2.0,headache,S067
7.83,0.63,2.7692154694942364,14.569447340895346,62.71778257594646,34.73,2.0,headache,S067
-17.5,0.64,2.9009427099872793,14.31181187088472,62.63423156739286,34.75,2.0,headache,S067
22.25,0.64,1.2898369025216532,14.56501487989464,62.7070197894975,34.75,2.0,headache,S067
-16.59,0.64,1.0499185880708033,15.132557140769284,62.4771461454191,34.75,2.0,headache,S067
-8.19,0.63,1.384464535186779,14.927280333357345,62.48105232582244,34.75,2.0,headache,S067
-15.4,0.64,0.853032367015733,15.01806215307307,62.30494355671325,34.73,2.0,headache,S067
-27.76,0.63,1.2533226581378825,14.796629263960705,62.37413964205914,34.73,2.0,headache,S067
11.02,0.63,0.9322407435106249,14.971294545964396,62.46891840869205,34.73,2.0,headache,S067
-28.06,0.64,1.1792077759399375,14.977007957798,62.65027172668606,34.73,2.0,headache,S067
33.33,0.64,0.8379309046761455,14.896592999810682,62.82568886685326,34.73,2.0,headache,S067
-23.8,0.64,1.2627437631515928,14.983409226817033,62.55278478775962,34.73,2.0,headache,S067
-2.46,0.64,0.8774679630634686,15.017212109814295,62.52225880675359,34.73,2.0,headache,S067
8.5,0.64,1.184407937766012,14.983221282659645,62.27099231051757,34.73,2.0,headache,S067
-7.58,0.64,1.0377647092749818,15.016427951697052,62.44894748904335,34.73,2.0,headache,S067
36.28,0.64,1.1369878933379516,14.983463923659563,62.622714065154625,34.73,2.0,headache,S067
-16.72,0.64,0.9706300916172714,15.017525612609363,62.389714160784884,34.73,2.0,headache,S067
27.16,0.64,1.453163076993616,14.979627957910456,62.461618734335815,34.73,2.0,headache,S067
-3.31,0.64,1.1740231424168568,15.028784763221399,62.7492207141785,34.71,2.0,headache,S067
-8.82,0.65,1.5036397424129355,14.845700530171792,62.55758363544169,34.71,2.0,headache,S067
30.93,0.65,1.379485019747188,14.646545328971948,62.22507583582012,34.71,2.0,headache,S067
-31.06,0.65,1.6450643288767166,14.875616729675587,62.60638945994797,34.71,2.0,headache,S067
21.26,0.65,1.408444637279734,14.684138673162234,62.5829300037151,34.75,2.0,headache,S067
5.41,0.65,1.4521480703562875,14.455042976033369,62.48405866432997,34.75,2.0,headache,S067
-28.06,0.65,1.5226823487528756,14.4170013888147,62.68427190190211,34.75,2.0,headache,S067
31.92,0.65,2.0377710639761997,14.16889762539609,62.8668013090159,34.75,2.0,headache,S067
-13.89,0.66,1.6661601520107667,14.576514030385601,62.51147490508062,34.73,2.0,headache,S067
-16.3,0.65,2.1648811625296402,14.714031127866708,62.69122068244129,34.73,2.0,headache,S067
42.5,0.65,1.8477546695262048,14.677528914214365,62.32631777698888,34.73,2.0,headache,S067
-20.28,0.65,2.1456297604105985,14.714662699890924,62.456594685461205,34.73,2.0,headache,S067
23.54,0.65,1.726756727721325,14.615593520434322,62.451659167359885,34.73,2.0,headache,S067
16.7,0.65,2.152978008471883,14.501780553181387,62.48762473012911,34.73,2.0,headache,S067
-19.24,0.65,1.8466231449801278,14.954089190747254,62.36120723338053,34.73,2.0,headache,S067
14.02,0.66,2.1581149253215233,14.446080522197379,62.79975420289795,34.73,2.0,headache,S067
-19.69,0.68,1.8292439884994356,14.485206631405758,62.67641208553063,34.75,2.0,headache,S067
-6.84,0.66,2.2329129159879058,14.794993658528105,62.66228736989674,34.75,2.0,headache,S067
15.21,0.66,1.9140892681074726,14.361049944801517,62.34737056619687,34.75,2.0,headache,S067
-39.0,0.66,2.2207376112366464,14.430043168727265,62.59771635078659,34.75,2.0,headache,S067
26.36,0.66,2.263333547463825,14.301029448518644,62.598183793706795,34.75,2.0,headache,S067
-13.15,0.66,2.172422013940248,14.941313203414902,62.653190532036426,34.75,2.0,headache,S067
-15.73,0.65,2.1831831705506435,14.545222171217398,62.346753820913264,34.75,2.0,headache,S067
28.26,0.66,2.467086967689504,14.400821293859778,62.38533395591374,34.75,2.0,headache,S067
-28.35,0.66,2.0477533531778382,14.766764483892048,62.67970762350999,34.73,2.0,headache,S067
5.32,0.66,2.504873627572623,14.660008693469578,62.39068349965516,34.73,2.0,headache,S067
23.41,0.66,2.12353349488281,14.477566854593077,62.33398806537125,34.73,2.0,headache,S067
-39.47,0.66,2.4247679191224587,14.59856088587998,62.63272769981596,34.73,2.0,headache,S067
27.37,0.66,2.169294438134857,14.539882548404059,62.298685979829905,34.73,2.0,headache,S067
-1.76,0.65,2.1909319444257545,14.641894437069894,62.31258315984247,34.73,2.0,headache,S067
-25.51,0.66,1.987757743657268,14.929946313881667,62.56065770698318,34.73,2.0,headache,S067
28.55,0.66,2.3799641204677564,14.854021242642782,62.626220364897385,34.73,2.0,headache,S067
-20.73,0.65,2.1715101245482176,14.59145886276037,62.60575692605256,34.73,2.0,headache,S067
-10.14,0.66,2.553487824379398,14.571185143202541,62.41460391942395,34.73,2.0,headache,S067
25.69,0.66,2.0018475720049183,14.450360702167085,62.46085298305227,34.73,2.0,headache,S067
-29.49,0.66,2.3966575381159276,14.50275606118705,62.633206398438325,34.73,2.0,headache,S067
40.43,0.65,2.2722501618296795,14.715222638575414,62.31007762464686,34.73,2.0,headache,S067
-18.78,0.66,2.4032452486521705,14.428388375982799,62.641358891813496,34.73,2.0,headache,S067
-10.16,0.66,1.6352817971249987,14.940854670975323,62.595336663804304,34.73,2.0,headache,S067
34.71,0.65,1.9185860411677416,14.18783260930939,62.431048340630014,34.73,2.0,headache,S067
-22.91,0.66,1.6983967085799838,14.866823755811417,62.496858338014185,34.73,2.0,headache,S067
-15.39,0.66,2.4570709252771565,14.902544668130226,62.477272903585806,34.73,2.0,headache,S067
31.22,0.65,2.023682422925967,14.828116192008023,62.44172870082293,34.73,2.0,headache,S067
-24.59,0.66,2.347300727013341,14.573858262746342,62.416214264268746,34.73,2.0,headache,S067
18.2,0.66,1.9934677172491282,15.937453107260627,61.95375634871709,34.75,2.0,headache,S067
33.57,0.65,1.2182865791670285,14.984357057166811,62.8369833840987,34.75,2.0,headache,S067
-25.97,0.65,1.0907778248263416,16.989430660665345,61.54821922584668,34.75,2.0,headache,S067
-12.0,0.66,2.2391388650466038,16.491320124676115,62.14545353549763,34.75,2.0,headache,S067
41.11,0.66,2.0163979488076587,15.62339398282923,61.98873687574293,34.73,2.0,headache,S067
-66.8,0.66,2.3903991910187963,16.619545701791633,62.464798854622074,34.73,2.0,headache,S067
-13.48,0.66,0.8711858558237149,15.319294972694768,61.326072084335856,34.73,2.0,headache,S067
33.17,0.66,2.278694894598671,16.346021685123333,62.863357375489386,34.73,2.0,headache,S067
9.79,0.65,0.036467579800710324,15.219880746539035,61.139787406134985,34.73,2.0,headache,S067
43.23,0.66,4.7571670624459035,16.53201909987668,64.0263371520188,34.73,2.0,headache,S067
-3.5,0.66,-15.533188581113688,9.471906565503703,60.28205019816971,34.73,2.0,headache,S067
-26.33,0.66,-35.60441698717383,3.3386692632193657,55.64910086640885,34.73,2.0,headache,S067
25.14,0.66,-48.84893993254619,1.1223338725133167,44.67030194339133,34.73,2.0,headache,S067
-55.8,0.66,-56.20740248470788,-3.873027569164349,32.41104889422929,34.73,2.0,headache,S067
78.58,0.64,-58.446039818943085,-0.8641247036564536,35.567492399667415,34.73,2.0,headache,S067
-211.6,0.64,-57.44299311925652,-2.2686415953257066,33.1128044711856,34.73,2.0,headache,S067
-195.1,0.64,-46.26876361948487,-2.635335021120504,43.24307458842358,34.71,2.0,headache,S067
77.1,0.63,0.6213098654594504,10.096924302750315,64.65904893707753,34.71,2.0,headache,S067
128.6,0.62,4.975394380026642,14.89479532803818,63.42615622397467,34.71,2.0,headache,S067
123.81,0.66,1.9434885754919475,12.942230051812613,62.610678235403455,34.71,2.0,headache,S067
240.17,0.66,2.570781949167616,12.326267971402558,62.881193071671085,34.73,2.0,headache,S067
150.33,0.65,1.6592593834798786,12.112805028706449,62.77082818233471,34.73,2.0,headache,S067
-326.49,0.65,2.0175317833866626,12.892727501867771,63.03972916101806,34.73,2.0,headache,S067
-17.9,0.66,2.0265308642395574,12.577099456562067,62.718045716861695,34.73,2.0,headache,S067
-60.42,0.66,1.409712741679478,12.819325536656956,63.2176322811445,34.73,2.0,headache,S067
46.71,0.65,1.7843014857430424,12.053136726405805,62.78071515389072,34.73,2.0,headache,S067
-12.3,0.66,0.25560332270439284,13.163057762140435,62.749310808849444,34.73,2.0,headache,S067
1.45,0.66,1.0626312369659126,13.152048157172919,62.756837643758196,34.73,2.0,headache,S067
6.77,0.66,-0.31005920554961647,13.897967569438924,63.01076249613162,34.73,2.0,headache,S067
-7.73,0.66,0.584762221330497,12.5615118751711,62.03818778178623,34.73,2.0,headache,S067
9.42,0.66,1.4644743600724344,11.178135173983838,65.28037160828832,34.73,2.0,headache,S067
-2.68,0.65,0.5642288178944906,11.092081302145726,62.755294644178996,34.73,2.0,headache,S067
-55.3,0.65,-1.1507348229094132,13.330550623514053,63.17748298705637,34.71,2.0,headache,S067
73.49,0.66,-5.930003654557036,12.207953555548082,62.26112518855748,34.71,2.0,headache,S067
-34.14,0.66,-2.502421446741743,10.955509160758632,63.40658675954442,34.71,2.0,headache,S067
4.14,0.65,-2.305032943076419,9.954383614889128,63.06849267704267,34.71,2.0,headache,S067
19.65,0.66,0.11318280362621376,12.368511470907318,64.34047881851639,34.75,2.0,headache,S067
-62.74,0.66,0.646691056083304,10.613367326613982,63.37177527254609,34.75,2.0,headache,S067
25.18,0.65,-0.6300519463056978,13.63005098292295,63.09914356049077,34.75,2.0,headache,S067
11.19,0.65,-0.13757870453948873,14.313405996749578,63.02196985914564,34.75,2.0,headache,S067
-45.76,0.66,-0.975566264006705,11.927053749492194,62.973926455267346,34.75,2.0,headache,S067
23.1,0.65,-2.042300552855549,9.860859097400526,63.06067456807227,34.75,2.0,headache,S067
75.46,0.65,-1.1058959609742787,11.638040320762412,63.21304929436519,34.75,2.0,headache,S067
-29.58,0.66,-1.2387234993024017,12.375129550454478,62.805967971246766,34.75,2.0,headache,S067
3.63,0.66,-1.6107785925930689,12.659909603053979,62.93464996516659,34.75,2.0,headache,S067
6.4,0.65,-3.3212202550078422,12.469807450827846,62.712453466846874,34.75,2.0,headache,S067
-16.31,0.66,-5.149513369183959,15.631580649626038,63.06697201933334,34.75,2.0,headache,S067
3.76,0.66,-6.4806301313079215,12.21659285391526,62.59315260033293,34.75,2.0,headache,S067
-42.23,0.66,-6.9655191932442575,12.019379024502246,62.043668782330144,34.75,2.0,headache,S067
30.44,0.66,-6.263784151131432,14.527877318362995,62.58434801837172,34.75,2.0,headache,S067
-52.35,0.66,-3.9729097295242384,12.993788304882106,62.41951676920561,34.75,2.0,headache,S067
-49.95,0.65,-2.016921789677971,13.592952666598167,63.58015499476276,34.75,2.0,headache,S067
-0.46,0.66,-2.291244940510212,11.405225705979925,62.641876285421,34.73,2.0,headache,S067
11.95,0.66,-1.1795813475482468,13.17890048932583,63.489194502658655,34.73,2.0,headache,S067
21.95,0.65,-0.20493558210385596,12.128110251979324,62.73353072611446,34.73,2.0,headache,S067
-14.98,0.65,0.1691245747477019,12.792181909956359,63.03893097937858,34.73,2.0,headache,S067
49.29,0.66,0.47049189818703424,12.771925966785796,62.958000327432046,34.71,2.0,headache,S067
20.65,0.66,0.5835695165450696,13.11611868370994,63.03964954769653,34.71,2.0,headache,S067
22.19,0.65,1.086493324174589,12.835388100910052,62.96278985790093,34.71,2.0,headache,S067
38.37,0.66,0.7419038971237207,13.161866245935228,63.03526623960493,34.71,2.0,headache,S067
-36.1,0.66,1.206326294881444,12.844432622809645,62.96603201687148,34.71,2.0,headache,S067
8.79,0.65,0.6862683452851549,13.149870128451033,63.0334225944372,34.71,2.0,headache,S067
12.46,0.66,0.906899674610672,12.854190668062717,62.966197712989874,34.71,2.0,headache,S067
-33.44,0.66,0.0897474876276335,13.14396770434986,63.03543970330599,34.71,2.0,headache,S067
16.28,0.65,0.6321840759340339,12.854880827792963,62.96098563482434,34.71,2.0,headache,S067
5.79,0.65,0.9217002625717343,13.150777553322682,63.04604982546134,34.71,2.0,headache,S067
-34.21,0.66,1.0517586741195835,12.83550824535604,62.93938747147754,34.71,2.0,headache,S067
23.83,0.66,1.023908516487284,13.196934754113324,63.09790852402866,34.71,2.0,headache,S067
-5.5,0.65,0.9910659007495091,12.67717603444445,62.693544028478215,34.71,2.0,headache,S067
-6.26,0.66,1.1371106598396377,15.091802530172329,62.50880283615466,34.71,2.0,headache,S067
18.2,0.66,0.9699662735581795,14.609448912993708,62.65099466394991,34.71,2.0,headache,S067
-13.07,0.65,0.2009264591805864,14.734495100022832,62.54328629529474,34.71,2.0,headache,S067
9.81,0.66,0.755456583175334,14.47917967781068,62.7841533321723,34.71,2.0,headache,S067
49.81,0.66,0.22041669731498387,14.868976079725071,62.442563438758164,34.71,2.0,headache,S067
-52.89,0.66,0.1736904850612317,14.947336686253095,62.571091619786,34.71,2.0,headache,S067
-22.07,0.66,-0.03644675009344526,14.715209228092906,62.62600049161943,34.71,2.0,headache,S067
3.46,0.66,0.1410518504317362,14.864547408272363,62.558837643623,34.71,2.0,headache,S067
-23.66,0.66,-0.11896506456788376,14.791855991490195,62.34526080155527,34.71,2.0,headache,S067
9.58,0.65,0.4049286102406348,14.933442544505798,62.737259055524135,34.71,2.0,headache,S067
-0.25,0.66,0.07392160417405202,15.009669303950155,62.42960167912609,34.71,2.0,headache,S067
-16.0,0.66,0.3935499697354151,15.010354249925728,62.5326796683686,34.73,2.0,headache,S067
17.34,0.65,-0.007397338031868551,14.870987713828017,62.45086588614603,34.73,2.0,headache,S067
-16.01,0.66,0.31580888649330424,14.684770897200567,62.35339709693121,34.73,2.0,headache,S067
2.04,0.66,0.26139941065498035,14.66530369436887,62.71314858542342,34.73,2.0,headache,S067
12.94,0.66,-0.01876943855930231,14.87730373342279,62.34226331285288,34.71,2.0,headache,S067
-21.28,0.65,-0.01647626596042684,15.026350480191656,62.47205467338938,34.71,2.0,headache,S067
12.45,0.66,0.031097699686862396,14.979872679775497,62.310189556170975,34.71,2.0,headache,S067
1.6,0.66,-0.038237484047977346,15.017369601355666,62.75750686064263,34.71,2.0,headache,S067
-22.03,0.65,0.04109791857525911,14.98480157195448,62.53127746743956,34.71,2.0,headache,S067
25.53,0.66,-0.03991570152710444,15.012913785476059,62.52694693381371,34.71,2.0,headache,S067
-13.56,0.66,0.030642672067590044,14.990022446292535,62.37681224368361,34.71,2.0,headache,S067
8.91,0.66,0.04668934687722835,15.005357197977817,62.42765105311939,34.71,2.0,headache,S067
7.92,0.66,0.10620806570300075,15.004409506635485,62.49143785024634,34.71,2.0,headache,S067
-11.74,0.66,-0.06367475153100988,14.953580466456724,62.50169223585143,34.71,2.0,headache,S067
21.86,0.66,0.2006249924894509,14.888396130426004,62.58585190242958,34.71,2.0,headache,S067
-13.7,0.65,-0.0962847471279753,15.046704723978081,62.74512672433232,34.71,2.0,headache,S067
-1.5,0.66,0.08776003135627211,14.964302894620486,62.859325406151626,34.68,2.0,headache,S067
18.97,0.66,-0.08522593865816414,15.031508711123054,62.4857544432492,34.68,2.0,headache,S067
-21.54,0.66,0.08518468571759129,14.970208864556662,62.26533527191468,34.68,2.0,headache,S067
24.59,0.66,-0.08793619740533058,15.029571659002672,62.66645609242393,34.68,2.0,headache,S067
-9.43,0.66,0.10040016709721022,14.969216352659863,62.423842085104205,34.71,2.0,headache,S067
-9.07,0.65,0.04351147844555509,15.034041080200888,62.111345710688454,34.71,2.0,headache,S067
15.52,0.66,0.05805814321921287,14.958567386973979,62.6033994723084,34.71,2.0,headache,S067
-18.22,0.66,-0.06533866072573945,15.061484188645489,62.35539729204796,34.71,2.0,headache,S067
10.59,0.66,0.06707262161786987,14.805410121492416,62.10811899418571,34.68,2.0,headache,S067
7.61,0.66,-0.06590798732562247,14.770641928809157,62.499604633411145,34.68,2.0,headache,S067
-21.77,0.66,0.05926948728825818,14.931475043237603,62.3873955630993,34.68,2.0,headache,S067
29.52,0.66,-0.020486635818074837,14.874878184887141,62.48883563801411,34.68,2.0,headache,S067
-24.0,0.65,0.1850870591429576,14.942846489208062,62.60922466046839,34.71,2.0,headache,S067
-0.6,0.66,0.09816470596649993,15.020102722173844,62.288436224855225,34.71,2.0,headache,S067
18.66,0.66,0.5980424321905815,15.222366119143647,62.34975908593271,34.71,2.0,headache,S067
-20.7,0.65,0.4046526982942518,16.03453430526922,62.1796530299263,34.71,2.0,headache,S067
17.01,0.66,0.5205392245568038,15.84190324943172,62.30954538445028,34.71,2.0,headache,S067
13.28,0.66,0.03671137891574658,16.266556373786013,61.91838171709543,34.71,2.0,headache,S067
-15.43,0.66,-0.13297662239299932,16.53470352055387,62.435064045226326,34.71,2.0,headache,S067
36.71,0.66,-2.546851559582137,14.077106198398367,62.615571830358135,34.71,2.0,headache,S067
-11.79,0.66,-4.900143804028622,15.035692903181502,62.18203299540033,34.73,2.0,headache,S067
0.66,0.66,-4.653382245068449,14.225676004455181,62.98972388549495,34.73,2.0,headache,S067
-15.13,0.66,-5.281880320073302,13.381139129467137,62.62681214140838,34.73,2.0,headache,S067
-33.93,0.66,-7.503660119287698,12.972535171123235,62.61869117133445,34.73,2.0,headache,S067
-23.37,0.67,-10.528406446403105,13.950494876102692,61.78175845892099,34.71,2.0,headache,S067
-32.44,0.66,-10.020165665492458,13.067519212007046,62.41529210014739,34.71,2.0,headache,S067
-18.7,0.66,-8.379041942185246,12.281623451434028,62.54704090127063,34.71,2.0,headache,S067
2.38,0.66,-8.516236812328984,13.703909102376322,62.59941868905861,34.71,2.0,headache,S067
2.67,0.66,-8.060811500361034,13.143024915010745,62.40443830638948,34.73,2.0,headache,S067
34.78,0.66,-7.315074055722831,12.77656087141566,62.7321547230204,34.73,2.0,headache,S067
28.19,0.66,-7.674764009583235,14.067324362548202,62.38662288078003,34.73,2.0,headache,S067
7.66,0.66,-7.72955714937901,14.451559656874588,62.47889707056466,34.73,2.0,headache,S067
26.53,0.65,-5.989856007727239,14.41698372230492,62.15506758621708,34.71,2.0,headache,S067
-5.88,0.66,-6.121356721096846,14.73163181715421,62.560792787363894,34.71,2.0,headache,S067
-1.33,0.66,-5.815801764693284,14.225722658302194,62.45577111266343,34.71,2.0,headache,S067
9.52,0.65,-6.0622489910618285,15.635633313738872,62.42148886610879,34.71,2.0,headache,S067
59.0,0.65,-6.219485254950711,15.315242485048952,62.002436122314336,34.71,2.0,headache,S067
-35.05,0.65,-5.977962355941605,15.475897928433321,62.11370372196529,34.71,2.0,headache,S067
-2.12,0.65,-5.317344457932939,15.828702321792864,62.24660307317504,34.71,2.0,headache,S067
10.25,0.65,-5.482976675463865,16.036568853511955,62.0233555624573,34.71,2.0,headache,S067
-2.25,0.65,-5.555574466528695,16.353261459436006,62.057707993263215,34.73,2.0,headache,S067
42.95,0.65,-4.6614445274725105,16.274833901445767,61.87184498980734,34.73,2.0,headache,S067
-37.25,0.65,-5.178672718026177,16.751560837475544,62.09381230695896,34.73,2.0,headache,S067
-2.83,0.65,-4.954930185520107,16.35453909810343,62.083777583998334,34.73,2.0,headache,S067
23.33,0.65,-4.0061759162414505,15.173999060818932,62.15026448489689,34.68,2.0,headache,S067
-24.6,0.65,-4.013142595008992,16.05378348851761,62.25758048606251,34.68,2.0,headache,S067
16.27,0.65,-3.585896106727118,15.442354627028969,62.32523682801847,34.68,2.0,headache,S067
-8.03,0.65,-2.7059336114201473,16.415992606870674,62.102598416639985,34.68,2.0,headache,S067
1.89,0.65,-2.3456224895598567,16.481201894118133,61.91471546391888,34.71,2.0,headache,S067
-8.03,0.65,-2.096029517494008,16.273881330409893,62.00765283495217,34.71,2.0,headache,S067
-4.96,0.65,-2.21266765063436,16.05856307836414,62.04640398572646,34.71,2.0,headache,S067
49.82,0.65,-2.001319733904431,16.009142967647016,62.105670811860044,34.71,2.0,headache,S067
-24.11,0.65,-2.167078432312259,16.362664023911226,61.96258218751102,34.71,2.0,headache,S067
-23.78,0.65,-2.194228649326414,16.699035446082807,62.02352561209048,34.71,2.0,headache,S067
23.64,0.65,-2.6168706752038737,16.68654448758942,61.983065263975256,34.71,2.0,headache,S067
-40.39,0.65,-3.035335289645874,16.89469221695601,62.012945758932794,34.71,2.0,headache,S067
-1.09,0.65,-2.408497280286638,16.588688816075322,61.989759018879326,34.71,2.0,headache,S067
18.08,0.65,-2.2268523447912933,16.77393476697146,62.00828401672267,34.71,2.0,headache,S067
-36.56,0.65,-1.963036825397986,16.665327809644005,61.99319235651549,34.71,2.0,headache,S067
-6.65,0.65,-2.0905031286840297,16.657747183774795,62.00566082735903,34.71,2.0,headache,S067
26.95,0.65,-2.0746674720720786,16.69111217782342,61.99524941683866,34.73,2.0,headache,S067
-30.54,0.65,-1.9575941500786944,16.980636021878645,62.00401604292644,34.73,2.0,headache,S067
7.88,0.65,-2.116844141012904,16.989096066421467,61.99658451092383,34.73,2.0,headache,S067
19.66,0.65,-2.0306166230496263,16.95043304335649,62.00291929196702,34.73,2.0,headache,S067
-34.93,0.65,-2.4526098634824582,16.897413347342255,61.99749419932914,34.71,2.0,headache,S067
8.16,0.65,-2.8518454383058924,17.030071039815976,62.00215882353775,34.71,2.0,headache,S067
22.45,0.66,-2.9028256850017247,16.82434856860621,61.99813398340679,34.71,2.0,headache,S067
-34.99,0.65,-3.0112422831825736,17.096078661213372,62.00161781602757,34.71,2.0,headache,S067
14.1,0.65,-2.705608356341772,16.876702306026743,61.998593289808404,34.68,2.0,headache,S067
0.9,0.65,-2.5465254544956357,16.956788291432396,62.001226730804206,34.68,2.0,headache,S067
-23.17,0.66,-2.243946869980926,16.98567487577813,61.998926910051225,34.68,2.0,headache,S067
23.97,0.65,-2.195972411469767,17.018087405604128,62.000941916591245,34.68,2.0,headache,S067
-21.98,0.66,-1.9719044946920694,16.990634606283063,61.99916993731084,34.73,2.0,headache,S067
2.39,0.66,-2.288687422091445,16.931447496639333,62.000734959099226,34.73,2.0,headache,S067
19.99,0.65,-1.9096917879689617,16.913849134508506,61.99934549198806,34.73,2.0,headache,S067
-31.06,0.65,-2.092389797860316,17.055674824618425,62.00058700295787,34.73,2.0,headache,S067
34.15,0.65,-2.0276827524118244,16.952360684609452,61.9994689295514,34.71,2.0,headache,S067
-0.74,0.65,-2.1547417481390463,17.04367266128797,62.000485629545075,34.71,2.0,headache,S067
-24.15,0.65,-2.180468796261521,16.958849539432457,61.999550132482504,34.71,2.0,headache,S067
40.7,0.65,-2.684278654089839,17.03930474906033,62.00042323158089,34.71,2.0,headache,S067
-9.46,0.65,-2.503995105220462,16.962171782476926,61.99959456112587,34.68,2.0,headache,S067
-25.95,0.65,-2.1693025552530796,17.03657181170214,62.00039650994822,34.68,2.0,headache,S067
37.55,0.65,-2.116601990107593,16.96454785679597,61.99960316392233,34.68,2.0,headache,S067
-9.58,0.66,-1.984724560499597,17.034416401028118,62.00040729967844,34.68,2.0,headache,S067
-22.08,0.65,-2.01592775369154,16.966573225895207,61.99957051580662,34.68,2.0,headache,S067
34.34,0.65,-2.135750660439596,17.032452441117233,62.00046604437828,34.68,2.0,headache,S067
-14.73,0.66,-1.9579615918718372,16.96853535447034,61.999478617459616,34.68,2.0,headache,S067
-17.57,0.65,-2.0496321453644493,17.030432822440783,62.00060294956584,34.68,2.0,headache,S067
41.52,0.65,-2.096704258346744,16.97067947821508,61.999276070903264,34.68,2.0,headache,S067
-18.98,0.65,-2.006841243686652,17.02807987372964,62.000909308080004,34.68,2.0,headache,S067
-19.16,0.65,-2.44540029124924,16.97335736808942,61.998788590327564,34.68,2.0,headache,S067
38.17,0.65,-2.602352504412004,17.024903799585037,62.00175723419277,34.68,2.0,headache,S067
-16.95,0.66,-2.2380073268529608,16.97731164995635,61.997061986522546,34.71,2.0,headache,S067
-19.71,0.66,-2.1708909346023124,17.019675091915822,62.00668487663053,34.71,2.0,headache,S067
32.54,0.65,-2.0378690346877413,16.98480688770962,61.8788080658325,34.71,2.0,headache,S067
-21.61,0.65,-1.9908127289505726,17.007534863475225,61.98592009865854,34.71,2.0,headache,S067
-7.53,0.65,-2.1207050799124585,17.00954505826789,62.01295343183924,34.71,2.0,headache,S067
24.63,0.65,-2.1890297935872733,16.89414428087785,61.87354251516663,34.71,2.0,headache,S067
-32.15,0.65,-1.8961875305938347,16.81649314499046,61.99169505402475,34.71,2.0,headache,S067
10.77,0.66,-2.216131681928255,16.954358403414794,62.00373039155082,34.71,2.0,headache,S067
16.74,0.65,-1.902745258932151,16.91639425678529,61.99740283809504,34.68,2.0,headache,S067
-36.63,0.65,-2.1741705672613674,17.05748544531145,62.00229183844078,34.68,2.0,headache,S067
27.25,0.66,-2.0601272176260843,16.819625248657804,61.997599098721615,34.68,2.0,headache,S067
4.85,0.65,-2.470280138873001,17.057448721279997,62.00292012278395,34.68,2.0,headache,S067
-30.76,0.65,-2.6591944908603224,16.948314167506393,61.99579177324373,34.68,2.0,headache,S067
30.66,0.66,-2.4423761583845,17.048710212457188,62.00821026065039,34.68,2.0,headache,S067
-8.95,0.66,-2.141253593569635,16.953240746012128,61.876560286332236,34.68,2.0,headache,S067
-23.04,0.65,-2.048909988642535,17.04535746595569,61.98958220161888,34.68,2.0,headache,S067
27.0,0.65,-2.2310106586924072,16.955699683539258,62.00535212570002,34.68,2.0,headache,S067
-23.65,0.66,-1.9172437415173387,17.043479521502,61.996199726852915,34.68,2.0,headache,S067
2.51,0.65,-2.144719508607538,16.957169366775773,62.003078194744674,34.68,2.0,headache,S067
28.96,0.66,-2.1743679735473007,17.042312267825356,61.99731686241278,34.68,2.0,headache,S067
-33.62,0.66,-1.9342337441680888,16.958103625741956,62.00245303441957,34.71,2.0,headache,S067
14.78,0.65,-2.0994650444731024,17.041563137837706,61.99767941302042,34.71,2.0,headache,S067
25.15,0.66,-2.2274466391352736,16.958701911566408,62.00225362278827,34.71,2.0,headache,S067
-35.38,0.66,-2.6109132768768455,17.041090355419172,61.99776435320428,34.71,2.0,headache,S067
22.42,0.65,-2.8317843322194833,16.959068440001797,62.00225826273781,34.71,2.0,headache,S067
23.47,0.65,-2.9178624725649374,17.04081507945222,61.99768210161851,34.71,2.0,headache,S067
-35.32,0.66,-2.797188270206738,16.95926446467587,62.00241437006796,34.71,2.0,headache,S067
8.35,0.66,-2.439690863888391,17.04068841727581,61.99744961339923,34.71,2.0,headache,S067
17.26,0.65,-2.208141068110024,16.959330214782025,62.00273167336628,34.71,2.0,headache,S067
-31.82,0.65,-2.1421068491770616,17.040676006894802,61.99703232157528,34.71,2.0,headache,S067
18.82,0.66,-2.3437164322555746,16.959296508771953,62.00327304098406,34.71,2.0,headache,S067
11.03,0.65,-2.1694308620634737,17.040748369057663,61.99632969820912,34.71,2.0,headache,S067
-31.77,0.65,-2.1267864850674516,16.95919395399846,62.004194914139184,34.68,2.0,headache,S067
24.72,0.66,-2.178362757882171,17.04087048827385,61.99509505770799,34.68,2.0,headache,S067
9.13,0.65,-2.2907092104861895,16.959067048947684,62.005901269895254,34.68,2.0,headache,S067
-30.63,0.65,-2.327926115395561,17.040979475413046,61.992625727635904,34.68,2.0,headache,S067
26.21,0.66,-2.5531785031089176,16.95901460420674,62.00972832726873,34.71,2.0,headache,S067
10.04,0.65,-2.8010245658857507,17.040901541810705,61.98600631831561,34.71,2.0,headache,S067
-26.76,0.65,-2.7103827241228413,16.959387607997602,62.02378956851003,34.71,2.0,headache,S067
17.52,0.66,-2.2523829624583533,17.039765325458184,61.93241571004895,34.71,2.0,headache,S067
6.04,0.66,-2.486645252383927,16.963481806455285,61.91219827116163,34.68,2.0,headache,S067
-27.28,0.65,-2.325036346000596,17.168236754907905,62.15651013247713,34.68,2.0,headache,S067
18.51,0.65,-2.7735196286019073,16.949550049000997,61.971679938472064,34.68,2.0,headache,S067
-2.44,0.65,-2.423397389540559,17.047801499895012,62.02241314907953,34.68,2.0,headache,S067
-23.82,0.65,-2.5344661512921234,16.95282519697407,61.978021319000725,34.68,2.0,headache,S067
19.17,0.65,-2.314024182278655,17.04709307460717,62.0268229223735,34.68,2.0,headache,S067
-5.41,0.65,-2.573711588359054,16.95275076242607,61.94728938535985,34.68,2.0,headache,S067
-15.61,0.65,-2.8705897735886015,17.04753977409959,61.89806958325366,34.68,2.0,headache,S067
28.35,0.65,-2.937036314506731,16.952079510562154,62.020862529366454,34.68,2.0,headache,S067
-6.83,0.66,-3.014426018928503,17.048369742514566,61.98909762895876,34.68,2.0,headache,S067
-16.3,0.66,-2.9114176626210804,16.951123953702474,62.0074483829494,34.68,2.0,headache,S067
24.5,0.65,-2.2187810976501448,17.04943306791338,61.99396734937304,34.68,2.0,headache,S067
-11.15,0.65,-2.680055225261302,16.949962659575807,62.00569327595916,34.68,2.0,headache,S067
-15.16,0.65,-2.767743795808947,17.050687108724482,61.99356220235249,34.68,2.0,headache,S067
20.59,0.65,-2.3818170222757513,16.948618302739426,62.00999588466967,34.68,2.0,headache,S067
-15.72,0.65,-2.2734533754538786,17.052121133451834,61.874536763314666,34.68,2.0,headache,S067
-5.23,0.65,-2.3824248097289584,16.947094101471837,61.99185112648557,34.66,2.0,headache,S067
22.68,0.66,-2.5256374402282367,17.053736735890638,62.00335834552964,34.66,2.0,headache,S067
-23.31,0.66,-2.9799205218828697,16.945385528825142,61.99811439984411,34.66,2.0,headache,S067
0.27,0.66,-2.9820951699312666,17.055539804419286,62.00118886040395,34.66,2.0,headache,S067
25.61,0.66,-2.9023977717542917,16.943486972040887,61.99919291058402,34.68,2.0,headache,S067
-24.35,0.65,-2.938301715481541,17.05753360194707,62.000615012374915,34.68,2.0,headache,S067
4.59,0.65,-2.7614781586936723,16.941400526500928,61.999395918657186,34.68,2.0,headache,S067
12.3,0.66,-3.0735855791331503,17.059705932935877,62.00086703085299,34.68,2.0,headache,S067
-24.75,0.65,-2.7832964424327553,16.939156390780326,61.998284133215954,34.66,2.0,headache,S067
21.8,0.65,-2.6864926393848734,17.061994789071218,62.00429417653604,34.66,2.0,headache,S067
-4.26,0.66,-2.952964887809859,16.936873735575784,61.9839890629574,34.66,2.0,headache,S067
-21.16,0.65,-2.6121493314005604,17.064174390355394,61.865684172676616,34.66,2.0,headache,S067
31.44,0.65,-2.9479133194667217,16.934989288735974,61.907307877924325,34.68,2.0,headache,S067
-20.84,0.65,-2.809998407779068,17.065351504776377,61.86574368333048,34.68,2.0,headache,S067
-10.19,0.66,-2.7477497810115397,16.93553316779935,62.003177594346624,34.68,2.0,headache,S067
27.79,0.65,-2.253424459184887,17.059869327040413,61.98898967229354,34.68,2.0,headache,S067
-29.81,0.65,-2.432120055782714,16.9652120987774,62.01744609086014,34.68,2.0,headache,S067
19.19,0.66,-2.469229354876134,17.19062014640645,61.6601357051008,34.68,2.0,headache,S067
21.17,0.65,-2.6638944884561324,16.890903136099645,61.93864708365383,34.68,2.0,headache,S067
-38.41,0.65,-2.6062837411020077,17.081852975408754,62.029122168410694,34.68,2.0,headache,S067
27.84,0.66,-2.718703233791879,16.742926283046263,61.89166753774292,34.66,2.0,headache,S067
-2.24,0.66,-2.6790627463230368,16.90866303650364,61.85741274869192,34.66,2.0,headache,S067
-31.01,0.65,-2.6287684998736824,16.861427570108937,61.99241908834535,34.66,2.0,headache,S067
46.12,0.65,-2.968576961502995,17.326879694474563,61.91804273744672,34.66,2.0,headache,S067
-19.21,0.66,-2.599760466228137,16.971022104117672,61.930036479134294,34.71,2.0,headache,S067
-14.75,0.65,-2.937240675820879,17.04368141165852,61.83804831120643,34.71,2.0,headache,S067
45.13,0.65,-2.9674867264966034,16.4963879335869,61.74980140637848,34.71,2.0,headache,S067
-24.78,0.66,-3.6868506497675786,17.79371757309025,61.801009830721725,34.71,2.0,headache,S067
-17.3,0.65,-2.477287897496074,17.608845115989677,61.892920151957625,34.68,2.0,headache,S067
27.82,0.65,-1.9235335933524136,17.47632588452113,61.631711025896955,34.68,2.0,headache,S067
-52.25,0.65,-3.0125238816004067,17.78991065629388,61.5983308831894,34.68,2.0,headache,S067
47.2,0.66,-2.4059255239977766,17.801717599177103,61.73594351049247,34.68,2.0,headache,S067
18.75,0.65,-3.2394663370033556,18.215578784643444,61.31357211947156,34.68,2.0,headache,S067
-47.42,0.65,-3.4879388268162357,18.788391824631912,61.7693243500524,34.68,2.0,headache,S067
65.12,0.66,-6.039865452577841,17.373528429019576,62.21771138514065,34.68,2.0,headache,S067
-41.74,0.65,-6.135162764959348,17.82358356932371,60.96661617378292,34.68,2.0,headache,S067
-12.88,0.65,-6.604607820805679,17.5015346965018,61.60387548138004,34.68,2.0,headache,S067
-2.45,0.65,-4.094696700448192,17.466888939853014,62.390107390228074,34.68,2.0,headache,S067
-53.21,0.65,-2.2007600236943703,15.825558900049263,61.20168376189904,34.68,2.0,headache,S067
53.43,0.65,-5.495267316680206,18.191769588818158,61.9850681099436,34.68,2.0,headache,S067
-17.29,0.66,-5.487447434014999,20.15790971334314,61.28978153406212,34.68,2.0,headache,S067
-13.69,0.66,-4.751437764584615,17.81822304828559,61.498564171537396,34.68,2.0,headache,S067
34.29,0.65,-5.008231377738146,18.162568142237383,61.30964240243904,34.68,2.0,headache,S067
-79.03,0.66,-5.619758942464582,18.863425166115064,61.7050744102497,34.68,2.0,headache,S067
15.39,0.66,-4.949027542396025,18.60039169102387,61.13115686106568,34.66,2.0,headache,S067
111.65,0.65,-5.197391634343987,19.19170686626078,61.22947456030991,34.66,2.0,headache,S067
-27.23,0.65,-5.1662247526512735,18.843964393155805,60.84671028634463,34.66,2.0,headache,S067
31.19,0.66,-5.580992049977671,19.17975794588238,61.238261541005066,34.66,2.0,headache,S067
0.64,0.66,-5.784388706020261,18.47628244744685,61.342681230165205,34.68,2.0,headache,S067
8.55,0.65,-5.814197032811298,19.361863798984047,61.490365038634536,34.68,2.0,headache,S067
21.99,0.66,-4.492446830618715,17.089191419788495,61.15310683542737,34.68,2.0,headache,S067
-43.47,0.65,-7.223177539643974,18.12208172646436,62.11949189106614,34.68,2.0,headache,S067
25.34,0.65,-4.833797375729341,15.472925638365547,61.21869544878092,34.66,2.0,headache,S067
11.77,0.65,-6.3735864667479225,18.4866150970174,62.518117548402735,34.66,2.0,headache,S067
-105.82,0.65,-8.46363974814421,17.135578202939907,61.90182145311933,34.66,2.0,headache,S067
16.53,0.65,-4.911079178822449,14.689735846461858,62.07852623166528,34.66,2.0,headache,S067
-15.99,0.65,-7.9627392052085675,13.53110382413309,61.903284817276685,34.68,2.0,headache,S067
59.15,0.65,-9.363787566694024,15.275361492282938,61.67833936762331,34.68,2.0,headache,S067
49.65,0.65,-3.5841351480977135,17.19737092278772,62.493036344470944,34.68,2.0,headache,S067
-105.28,0.65,-6.08891934197827,15.468559154366721,61.24121328009193,34.68,2.0,headache,S067
43.95,0.66,-6.406813928332767,14.069197297423235,62.55321088437528,34.68,2.0,headache,S067
8.14,0.66,-7.739059361180035,19.183382553644886,61.11114306918998,34.68,2.0,headache,S067
47.6,0.65,-4.167542300517251,21.264176613367955,60.77701920617618,34.68,2.0,headache,S067
60.95,0.65,-2.85536894084032,16.72042840411149,60.96663899797978,34.68,2.0,headache,S067
-140.9,0.66,-5.315994601561992,17.07173000545548,61.984437396047156,34.66,2.0,headache,S067
8.03,0.66,-1.7352639314560103,20.675180623869977,60.520068099132736,34.66,2.0,headache,S067
65.73,0.65,-4.471996650302201,20.233237122947365,61.59864732164949,34.66,2.0,headache,S067
-15.02,0.66,-3.7372697384329254,18.89203974002708,60.500968471376986,34.66,2.0,headache,S067
-20.21,0.66,-3.451997917213315,20.151964651167706,61.03185894093247,34.68,2.0,headache,S067
-14.98,0.65,-0.1883264422354322,18.96619849551884,61.41589963787629,34.68,2.0,headache,S067
-0.43,0.65,-2.0836492701048663,21.117048835770056,59.54038128852171,34.68,2.0,headache,S067
45.32,0.65,-1.0638703408401784,19.266967366249666,61.4045014759363,34.68,2.0,headache,S067
7.34,0.65,-2.097676055427678,21.475628169757908,60.6210727177547,34.71,2.0,headache,S067
41.81,0.65,-2.6061141761018893,21.286645332263202,60.687275280819726,34.71,2.0,headache,S067
0.87,0.66,-4.187631284300448,18.13222293105937,61.131968845559555,34.71,2.0,headache,S067
-91.73,0.66,-3.392701645019487,21.529206211103684,61.01070218113763,34.71,2.0,headache,S067
18.19,0.65,-4.005470700893674,17.912383678034736,61.09389358190286,34.71,2.0,headache,S067
-17.3,0.65,-3.361354333016986,18.461897458684934,61.47197760947916,34.71,2.0,headache,S067
14.24,0.66,-3.9687831637392015,17.953318113011463,61.224937923655546,34.71,2.0,headache,S067
-39.21,0.65,-3.9298085736253476,19.058735214740405,61.589624537644134,34.71,2.0,headache,S067
19.92,0.65,-4.186130765660788,18.09247727197765,61.17494697992734,34.68,2.0,headache,S067
-1.27,0.65,-3.9807702461734897,18.805509846415216,61.322765125897256,34.68,2.0,headache,S067
-95.44,0.65,-4.426439872586061,18.329772961270113,61.13690882606273,34.68,2.0,headache,S067
22.24,0.65,-4.23213853859034,18.060951487681823,61.39286819346107,34.68,2.0,headache,S067
55.12,0.65,-4.14049095258329,18.524895382693398,61.24882395785139,34.66,2.0,headache,S067
-32.61,0.66,-4.323021933051823,18.633734334034852,61.161607476883965,34.66,2.0,headache,S067
29.66,0.65,-5.426308135914719,19.503853133918913,61.01688405201025,34.66,2.0,headache,S067
-34.4,0.65,-6.277658101447793,19.76920110481489,61.014951562759,34.66,2.0,headache,S067
41.3,0.65,-6.022307403667857,19.403756101146133,60.913345650105256,34.66,2.0,headache,S067
3.41,0.65,-4.772366406508063,18.35555206421168,61.230782750297664,34.66,2.0,headache,S067
-24.94,0.65,-3.9831738191429675,19.696633048620715,61.22872346697592,34.66,2.0,headache,S067
41.25,0.65,-3.711802184063359,18.286068117825398,61.18351499168074,34.66,2.0,headache,S067
-22.7,0.66,-3.031880183270568,19.406698169786928,61.06636417125613,34.66,2.0,headache,S067
25.42,0.65,-2.7885986798938576,18.832810610772782,61.33823294711267,34.66,2.0,headache,S067
11.97,0.66,-2.14021656535367,18.608545833638733,61.21584525995956,34.66,2.0,headache,S067
-8.55,0.66,-2.371426949476534,18.989736941345036,61.09773891850648,34.66,2.0,headache,S067
29.92,0.65,-2.085434400935682,18.911134362436893,61.083265825362226,34.68,2.0,headache,S067
-58.59,0.65,-2.1831480397259133,18.87753171357259,61.263904629513895,34.68,2.0,headache,S067
26.45,0.66,-2.4786106239824823,19.494306590810144,61.44658959628306,34.68,2.0,headache,S067
9.4,0.66,-2.7840202077920684,18.424273056119446,61.22519710326011,34.68,2.0,headache,S067
-20.8,0.65,-2.3357677050035623,19.269643826475402,60.89251194628935,34.66,2.0,headache,S067
39.43,0.66,-2.644319832693401,18.82584647293454,61.235242485389726,34.66,2.0,headache,S067
-27.9,0.66,-2.617313535445616,19.383294909488427,61.32750131113584,34.66,2.0,headache,S067
-11.71,0.65,-3.3207408830496132,19.582785510247792,60.957314667822494,34.66,2.0,headache,S067
8.49,0.66,-2.84395510818505,18.83759401173722,61.196855649403744,34.66,2.0,headache,S067
-27.6,0.66,-3.360933424981888,19.172953357912878,61.203300035970436,34.66,2.0,headache,S067
11.14,0.66,-3.072433272922834,19.72841278365357,60.87131367398365,34.66,2.0,headache,S067
-34.3,0.65,-3.31942330487019,18.457880436539106,61.31206428719293,34.66,2.0,headache,S067
15.21,0.66,-2.817627163330975,19.1982857892509,61.06248039958025,34.65,2.0,headache,S067
30.12,0.66,-2.8486401035331372,20.00800283122651,61.04667358079541,34.65,2.0,headache,S067
-28.34,0.65,-3.686473156384534,18.352079560545544,61.215317782615024,34.65,2.0,headache,S067
21.05,0.66,-2.423108441499871,18.593031181669367,61.01226425798977,34.65,2.0,headache,S067
-21.61,0.66,-3.335119684257668,20.44909306647105,60.954910868488625,34.65,2.0,headache,S067
-1.87,0.65,-3.89269346085998,19.467429366872558,61.13582613466932,34.65,2.0,headache,S067
23.97,0.66,-3.118313210250552,19.152029440734253,61.32187020671605,34.65,2.0,headache,S067
-40.74,0.66,-4.085400640868569,19.52730479147527,60.918134813699275,34.65,2.0,headache,S067
51.25,0.66,-3.5356089541132514,19.340543928164873,61.055767829773295,34.66,2.0,headache,S067
-10.14,0.65,-3.5086622866113304,19.73846645619227,60.94532967410488,34.66,2.0,headache,S067
-7.97,0.66,-3.580549306587403,18.927818837491696,61.153554208445,34.66,2.0,headache,S067
10.9,0.66,-3.0528746941815226,19.276281331502332,61.125486655877665,34.66,2.0,headache,S067
-19.38,0.65,-3.093987415518634,19.14889723000181,61.00747323674612,34.66,2.0,headache,S067
45.54,0.66,-3.0661618788825877,18.91191240297304,60.98013069132952,34.66,2.0,headache,S067
-29.87,0.66,-2.965648092978221,19.228579661482776,61.03522940413617,34.66,2.0,headache,S067
-1.44,0.66,-3.0472157918794553,19.35747639408582,61.07500578546427,34.66,2.0,headache,S067
30.01,0.66,-2.7144057633080614,19.091196364546793,61.151838435136646,34.66,2.0,headache,S067
-33.82,0.66,-2.8101629600792886,18.98736269906164,61.296819870526974,34.66,2.0,headache,S067
36.8,0.66,-2.8785496617378024,19.03754537264059,60.919589999237104,34.66,2.0,headache,S067
7.74,0.66,-2.8397732405299254,19.118553717263325,61.15394193019967,34.66,2.0,headache,S067
-31.46,0.66,-2.946218916892608,18.84670742457379,61.00269826334771,34.66,2.0,headache,S067
32.22,0.66,-2.6824590898984777,19.00834143788175,61.004773868994526,34.66,2.0,headache,S067
-11.11,0.66,-3.0154887403047788,18.993417185555117,60.99736121962624,34.66,2.0,headache,S067
-35.06,0.66,-2.9040451324985135,19.003768199688704,60.99576234223962,34.66,2.0,headache,S067
24.83,0.66,-2.659750955155579,19.00137752667205,61.039848474291496,34.66,2.0,headache,S067
-3.17,0.66,-2.9908473947201846,19.35104708415788,61.17317731609222,34.66,2.0,headache,S067
-20.54,0.66,-2.7384303509644914,18.83033552725225,61.37585977167171,34.66,2.0,headache,S067
24.73,0.66,-2.614874588825224,19.31221148892131,61.2030453211288,34.66,2.0,headache,S067
-8.64,0.66,-2.299972314945045,19.151981641348463,61.31867254805567,34.65,2.0,headache,S067
-29.36,0.66,-2.3837653137431243,19.137228535292515,60.99581952242017,34.65,2.0,headache,S067
18.72,0.66,-2.7261185391474565,18.94206094129317,61.170217623617724,34.65,2.0,headache,S067
-11.84,0.66,-2.704425013876248,19.26165538600204,61.15190521308066,34.65,2.0,headache,S067
10.1,0.66,-3.2242237151227098,19.224019784690686,61.021457104969755,34.65,2.0,headache,S067
0.24,0.66,-2.9297557227387583,19.022498850816795,61.29840631709819,34.65,2.0,headache,S067
-46.61,0.66,-3.06254148018785,19.028724661636996,60.97124630960543,34.65,2.0,headache,S067
23.66,0.66,-2.9409822716623073,18.972116616161305,61.16289554008643,34.65,2.0,headache,S067
-20.08,0.66,-3.0579276111795535,19.0267028804279,60.9830721732394,34.66,2.0,headache,S067
7.61,0.66,-2.940755097210498,18.97294842764331,61.0300161797893,34.66,2.0,headache,S067
12.22,0.66,-3.064454075467677,19.031272157194408,60.96606497488688,34.66,2.0,headache,S067
-19.4,0.66,-2.9172581517543206,19.10073174549802,61.037979689402704,34.66,2.0,headache,S067
38.79,0.66,-2.944918175941493,19.018304099815346,60.952474052979674,34.66,2.0,headache,S067
-27.47,0.66,-2.9322374161590763,18.97008489707685,61.14964441466171,34.66,2.0,headache,S067
5.4,0.66,-2.8094343445667946,19.130490542051692,60.98822655070142,34.66,2.0,headache,S067
23.51,0.66,-2.8918190909970045,19.014001786799476,61.06566483681925,34.66,2.0,headache,S067
-23.43,0.66,-2.8886920438594244,19.0009100949089,61.11152344264401,34.65,2.0,headache,S067
44.37,0.66,-2.7731286809862548,18.99474544346109,61.19929604477832,34.65,2.0,headache,S067
4.36,0.66,-2.583083096271697,19.007302025508842,61.10856266172089,34.65,2.0,headache,S067
-23.94,0.66,-2.7576025382110814,18.991555703468073,61.06708205043042,34.65,2.0,headache,S067
41.04,0.66,-2.517277375822444,19.009076050517706,61.19524962135366,34.65,2.0,headache,S067
-11.76,0.66,-2.9334567017776965,18.99074681369655,61.04106131249805,34.65,2.0,headache,S067
-22.66,0.66,-2.8062729711869134,19.00864552237096,61.110198854172985,34.65,2.0,headache,S067
36.34,0.66,-2.8181105561787945,18.995011038595518,61.095319561907026,34.65,2.0,headache,S067
-17.21,0.66,-3.050207180511389,19.138862061748636,61.0696648633323,34.65,2.0,headache,S067
-8.1,0.66,-2.751815863167637,18.976235707234675,61.24280867918768,34.65,2.0,headache,S067
22.65,0.66,-2.8197074176181007,19.022092106447534,60.9169956182263,34.65,2.0,headache,S067
-29.5,0.65,-2.9821900063830933,18.97471015790534,61.23903275938352,34.65,2.0,headache,S067
12.21,0.66,-2.618253276165205,19.143606094502662,61.094614051658276,34.65,2.0,headache,S067
4.83,0.66,-2.7732597120260745,18.986394364123253,61.09955414180705,34.65,2.0,headache,S067
-34.93,0.65,-3.0313798894460517,19.021643360174053,60.969945131156436,34.65,2.0,headache,S067
19.72,0.66,-2.9849818097568237,18.967458992713194,61.026977178916404,34.65,2.0,headache,S067
-2.64,0.66,-3.011537972567625,19.077965656761688,61.10973257299121,34.63,2.0,headache,S067
-15.36,0.66,-2.9879650888006197,19.080425577178822,61.00138989444582,34.63,2.0,headache,S067
26.08,0.66,-3.0160063141628695,18.981161206015095,61.01619502464173,34.63,2.0,headache,S067
-31.63,0.66,-2.968461655108812,19.007645364483068,61.238276993147764,34.63,2.0,headache,S067
-6.08,0.66,-2.8866183572325768,18.99706104862668,60.98782808804204,34.63,2.0,headache,S067
16.46,0.66,-3.013522746600691,19.000337000352395,61.009437902931836,34.63,2.0,headache,S067
-26.17,0.66,-2.9985496863312457,19.00133711771117,61.08794116687965,34.63,2.0,headache,S067
21.23,0.66,-2.8805705978030307,18.997447846387722,61.06060851778852,34.63,2.0,headache,S067
0.0,0.66,-2.9893425931554645,19.00356826989464,60.945933974362816,34.63,2.0,headache,S067
-29.41,0.66,-3.0055152321651804,18.995378503279955,61.079796789856466,34.63,2.0,headache,S067
37.99,0.66,-2.9965882732590883,19.006124639013063,61.07521765585579,34.63,2.0,headache,S067
-15.75,0.66,-3.002211235387449,18.990622115123884,61.00531404148141,34.63,2.0,headache,S067
-12.58,0.66,-2.998468320673826,19.022671038952762,60.9817829294381,34.63,2.0,headache,S067
40.77,0.66,-3.0013416224155276,19.127198976166124,61.02685317560605,34.63,2.0,headache,S067
-23.61,0.66,-2.998592412950347,18.960247604783845,60.9596808242455,34.63,2.0,headache,S067
-15.22,0.66,-2.971063740330297,19.112939009535094,61.12377955970346,34.63,2.0,headache,S067
39.84,0.66,-2.962781157901053,19.044745696482167,61.027995759003666,34.65,2.0,headache,S067
-20.43,0.66,-2.8149533111402496,19.124012398468285,61.00204601364395,34.65,2.0,headache,S067
0.28,0.66,-3.0077155415416486,18.952436798485387,60.9879624349142,34.65,2.0,headache,S067
34.58,0.66,-3.0412987402646623,18.872173018942195,61.01989698886937,34.65,2.0,headache,S067
-43.79,0.66,-3.0882955017138234,19.55337278833401,60.96738968340448,34.66,2.0,headache,S067
0.48,0.66,-3.686224895749176,18.764925792038028,61.1176670828173,34.66,2.0,headache,S067
36.86,0.66,-2.643215029781028,18.99338005665574,61.25395277034103,34.66,2.0,headache,S067
-31.79,0.66,-3.216870705059508,18.783972053148883,61.39108070763117,34.66,2.0,headache,S067
6.66,0.66,-3.4880021261117764,18.876428369708425,61.10051221454878,34.61,2.0,headache,S067
24.92,0.66,-3.7091381071107214,19.415340755488746,61.20090335870799,34.61,2.0,headache,S067
-15.16,0.66,-3.768375748824277,19.276836684237516,60.98658754767448,34.61,2.0,headache,S067
10.52,0.66,-3.7302992935735393,19.325710680682906,60.95550733008471,34.61,2.0,headache,S067
11.63,0.66,-3.506808432165815,19.20029136082439,61.021962450092275,34.63,2.0,headache,S067
-23.5,0.66,-3.5342406121317462,19.104170985915246,60.98946979619167,34.63,2.0,headache,S067
9.28,0.66,-3.2432208987084716,18.985349395463295,60.999122976696114,34.63,2.0,headache,S067
2.9,0.66,-3.1985857646827616,19.02295453157836,61.041718624301744,34.63,2.0,headache,S067
-16.03,0.66,-3.232223824471513,18.969040182896098,61.144334142807224,34.63,2.0,headache,S067
24.22,0.66,-3.026006793776171,19.040349732734835,61.07226825704796,34.63,2.0,headache,S067
-10.64,0.66,-3.074065285092261,18.946579540507425,60.995666838063904,34.63,2.0,headache,S067
-30.45,0.66,-3.066115678236343,19.074665190674043,60.99849145071947,34.63,2.0,headache,S067
27.42,0.66,-3.230328558471537,18.881996468281148,61.0009303277787,34.63,2.0,headache,S067
-16.37,0.66,-3.470723724818959,19.286941487628486,61.08261815984512,34.63,2.0,headache,S067
-14.73,0.66,-3.4929692213819865,19.060138868012185,61.15865256665421,34.63,2.0,headache,S067
32.95,0.66,-3.3447399425241797,19.15616835128234,61.234287100446096,34.63,2.0,headache,S067
-16.6,0.66,-2.9219845576153762,19.27771378005441,61.26542668260894,34.63,2.0,headache,S067
-17.39,0.66,-3.0551203817432717,18.86271052524416,60.9986252388611,34.63,2.0,headache,S067
30.7,0.66,-2.949997723461292,19.0980574665352,61.078596231421564,34.63,2.0,headache,S067
-21.8,0.66,-3.055009593597861,18.921519721819482,61.075585848458736,34.63,2.0,headache,S067
-3.25,0.68,-2.9024870667523435,19.066627045331646,60.974886417723546,34.63,2.0,headache,S067
23.95,0.66,-2.937011117603812,18.941320771067716,61.1443253672781,34.63,2.0,headache,S067
-30.11,0.66,-3.0030823026211197,19.053000884661174,61.096194244450764,34.63,2.0,headache,S067
1.02,0.66,-3.0076465070952385,18.951233154383775,61.02216810518034,34.63,2.0,headache,S067
35.67,0.67,-2.986977232795172,19.045514488518343,61.02434461117859,34.63,2.0,headache,S067
-23.76,0.66,-3.0199338441830528,18.957035173753017,61.14856022269239,34.63,2.0,headache,S067
6.85,0.66,-3.111722516150192,19.04094101718919,61.05770144107779,34.63,2.0,headache,S067
12.89,0.67,-3.007479412619488,18.96067221100073,61.03358823294103,34.63,2.0,headache,S067
-33.9,0.66,-2.9561924005967306,19.038050273048242,61.096480084158166,34.61,2.0,headache,S067
15.09,0.66,-3.0377838062928437,18.962936603058125,61.01641451422275,34.61,2.0,headache,S067
2.85,0.67,-3.007597229321924,19.036348545841445,61.06846343225909,34.61,2.0,headache,S067
-18.21,0.67,-2.9104034695055643,18.964082078510806,61.160256017037234,34.61,2.0,headache,S067
36.03,0.66,-2.9354018637206325,19.035832490163607,61.005176948274865,34.61,2.0,headache,S067
-18.49,0.67,-3.0364079402142594,18.963745134078792,61.02120757934526,34.61,2.0,headache,S067
-2.61,0.67,-2.9808938039420974,19.037621675165727,60.968966070839606,34.61,2.0,headache,S067
28.31,0.66,-3.170890671492537,18.958602952385434,61.04336103249914,34.61,2.0,headache,S067
-30.82,0.66,-2.9098097943565278,19.056465658132506,61.07674248583265,34.63,2.0,headache,S067
8.97,0.67,-3.165129350136891,19.090185731557895,61.12364426573954,34.63,2.0,headache,S067
14.78,0.66,-3.1308249793219964,19.006931172979716,61.02288259584539,34.63,2.0,headache,S067
-35.79,0.67,-3.1159154658086083,18.985289398468034,61.16820937828047,34.63,2.0,headache,S067
21.48,0.67,-2.9954148932196296,19.01724727779486,61.20620559636117,34.61,2.0,headache,S067
1.95,0.67,-3.1009174651352303,18.97862012294816,61.09744497756942,34.61,2.0,headache,S067
-18.4,0.66,-3.1614374474774793,19.219150540708082,61.13847027455045,34.61,2.0,headache,S067
40.11,0.66,-3.1721394177773132,19.20120963094172,61.024705969660346,34.61,2.0,headache,S067
-15.33,0.67,-3.6242011793414988,19.128973459325074,60.98312699625908,34.63,2.0,headache,S067
-19.76,0.66,-3.229882466788117,18.93591793456129,61.27054310198872,34.63,2.0,headache,S067
23.08,0.66,-3.1404617240779293,19.050612194537337,60.970928850416854,34.63,2.0,headache,S067
-32.38,0.67,-3.082659899675557,18.952001876762235,61.0512373573293,34.63,2.0,headache,S067
12.19,0.66,-3.0199926522638885,19.108596243489227,61.20363512987364,34.63,2.0,headache,S067
16.81,0.66,-3.0180102597331357,19.116578727958426,61.016352849832664,34.63,2.0,headache,S067
-22.96,0.66,-3.0170485855301408,19.1159148569627,61.05390250270001,34.63,2.0,headache,S067
26.88,0.67,-3.135901803599067,18.675329019260996,61.169540394182214,34.63,2.0,headache,S067
-15.58,0.66,-3.2648485504762115,19.047068093220116,61.09711444277776,34.65,2.0,headache,S067
-23.3,0.66,-3.4634708159571836,18.98043576351102,61.25585626390126,34.65,2.0,headache,S067
26.59,0.67,-3.478482557778089,18.824268409159323,61.05116691199738,34.65,2.0,headache,S067
-26.57,0.66,-3.8190088585165904,19.042137225094667,60.9928040421455,34.65,2.0,headache,S067
12.42,0.66,-3.4090873275340696,18.985948136078054,60.99552854282355,34.63,2.0,headache,S067
11.18,0.66,-2.99226930065602,19.00392947971703,61.010860665413546,34.63,2.0,headache,S067
-19.55,0.66,-3.1303961808613803,18.994130897390477,60.98443583626099,34.63,2.0,headache,S067
31.48,0.66,-3.1563870621860106,19.081525979284535,61.019771333060845,34.63,2.0,headache,S067
-1.82,0.67,-2.960120736408417,19.077550255025347,60.97580688182626,34.63,2.0,headache,S067
-7.5,0.67,-3.017492802024838,18.943907282721767,61.029686347298345,34.63,2.0,headache,S067
31.23,0.66,-3.029360018094866,19.056562608747942,60.96143919558571,34.63,2.0,headache,S067
-26.82,0.66,-3.2266316391535486,18.93284249682078,61.16615579967011,34.63,2.0,headache,S067
7.4,0.66,-3.4859730109778617,19.13145592405162,60.94478901908303,34.63,2.0,headache,S067
18.91,0.66,-3.6858050966991565,19.02553207977472,61.20821674111319,34.63,2.0,headache,S067
-29.09,0.66,-3.64514828782593,19.019253073124457,61.08923167264408,34.63,2.0,headache,S067
16.14,0.67,-3.504436292636956,18.96897725239762,60.99531462865554,34.63,2.0,headache,S067
0.57,0.67,-3.102219530035967,19.037814892150248,61.11234445565882,34.61,2.0,headache,S067
-32.17,0.66,-3.1573477358313626,18.95683114349222,61.09121887675457,34.61,2.0,headache,S067
28.46,0.67,-3.141461863287266,19.048111182434795,61.056775759578265,34.61,2.0,headache,S067
-12.54,0.67,-3.1664555056576194,18.94696014239659,60.96734583940284,34.61,2.0,headache,S067
-1.81,0.66,-3.0778144801445917,19.058017245222057,61.053463571412735,34.61,2.0,headache,S067
26.57,0.66,-3.4776646346589337,18.93754169430388,61.101864670002385,34.61,2.0,headache,S067
-28.25,0.67,-3.256487672104318,19.062552126382183,61.00845728047985,34.61,2.0,headache,S067
6.04,0.66,-3.6289723460805448,19.005577643173385,61.246551550143835,34.61,2.0,headache,S067
25.77,0.66,-3.3713833233899138,19.1674755205533,60.95525763880643,34.61,2.0,headache,S067
-37.41,0.67,-3.397124715850401,18.830217071110646,61.05402601205727,34.61,2.0,headache,S067
11.78,0.67,-3.298962422420382,19.212586271893294,60.935660231049255,34.61,2.0,headache,S067
-1.54,0.66,-3.312143213846648,18.681346205474078,61.08300657186565,34.61,2.0,headache,S067
-22.98,0.67,-3.0288428410295203,19.7058090143282,60.87539912936007,34.59,2.0,headache,S067
29.35,0.67,-3.706206099360685,18.635007698489325,61.302295914993444,34.59,2.0,headache,S067
-10.49,0.66,-2.966667460209024,18.63939794719941,61.34737408149417,34.59,2.0,headache,S067
-18.89,0.66,-2.483509806632622,19.490585705903932,61.2131132215932,34.59,2.0,headache,S067
29.74,0.67,-2.528035840870183,17.871003557511937,61.44632046949684,34.61,2.0,headache,S067
-38.76,0.67,-2.232798188229744,17.81261936746891,61.53970709225042,34.61,2.0,headache,S067
27.72,0.67,-2.7187113045950704,18.022145366633293,61.471902143224675,34.61,2.0,headache,S067
32.79,0.67,-2.158944706323799,18.014947960544912,62.04074220084388,34.61,2.0,headache,S067
-32.94,0.67,-2.1318046583888886,18.00323492777952,61.780801899705594,34.61,2.0,headache,S067
9.57,0.66,-1.879932196004612,17.885343494024642,61.801807109341645,34.61,2.0,headache,S067
-37.12,0.67,-2.065312663682101,17.846828525148236,61.76301961006368,34.61,2.0,headache,S067
9.87,0.67,-1.3825238159385553,18.289588398082778,61.62656929105421,34.61,2.0,headache,S067
14.86,0.67,-1.5696718683828095,18.172886756591307,61.40438494479884,34.59,2.0,headache,S067
-36.2,0.67,-1.0279108992343362,18.015919723538133,61.7873841016748,34.59,2.0,headache,S067
51.43,0.67,-0.8889148976898323,17.85358995350868,61.85228517320385,34.59,2.0,headache,S067
-18.62,0.67,-0.9732074363434988,18.091907841856745,61.73424553848075,34.59,2.0,headache,S067
0.8,0.66,-1.0237169239262398,17.92482202975845,61.800762679437064,34.59,2.0,headache,S067
38.99,0.67,-0.9820935188338503,18.065995879623095,61.93980005231696,34.59,2.0,headache,S067
-33.32,0.67,-1.2659471714755146,17.939933306213735,61.633643867919226,34.59,2.0,headache,S067
32.33,0.66,-1.2707255262128483,18.05681722520757,61.90575891687873,34.59,2.0,headache,S067
6.72,0.67,-1.1432562020026857,17.833245431135623,61.76991943540338,34.61,2.0,headache,S067
-56.56,0.67,-0.8898741560442539,18.16695994637605,61.666788988295764,34.61,2.0,headache,S067
26.47,0.67,-0.9390352834205312,17.94733321662242,61.71458897051135,34.61,2.0,headache,S067
-5.21,0.66,-0.9926961747334948,18.047015401548236,61.85687736179814,34.61,2.0,headache,S067
-19.09,0.67,-1.0077200088903187,17.95678438509227,61.876845894638755,34.61,2.0,headache,S067
35.21,0.67,-0.9983419311975784,18.040330936005784,61.533349977531984,34.61,2.0,headache,S067
-7.65,0.67,-1.1729395117559962,17.88215295502002,61.95498941141748,34.61,2.0,headache,S067
-22.73,0.67,-1.4536650171982088,17.25200593906978,61.85275231725625,34.61,2.0,headache,S067
50.63,0.67,-2.897175313088842,17.298703212285346,61.688951149909514,34.63,2.0,headache,S067
-18.64,0.67,-2.9943752461311686,17.334366369009174,62.07425552766958,34.63,2.0,headache,S067
39.4,0.67,-3.78030561514288,17.035006351015472,61.841455840762414,34.63,2.0,headache,S067
16.76,0.67,-3.294259520164193,17.658804419562337,61.64225518344107,34.63,2.0,headache,S067
-145.28,0.67,-3.3012835187056213,17.281774679600982,61.817492785919605,34.59,2.0,headache,S067
19.3,0.67,-2.9525813908031373,17.909031239189613,61.42661474961907,34.59,2.0,headache,S067
22.79,0.67,-0.6658314026930804,17.935481333544246,61.96984921728229,34.59,2.0,headache,S067
-25.62,0.67,-0.9343239399413751,17.75960739377064,61.42104007364318,34.59,2.0,headache,S067
33.37,0.67,-0.7879829527050927,18.978891978865274,61.34159414756067,34.59,2.0,headache,S067
24.91,0.67,0.047808001799720036,17.27230936547555,61.71624441634762,34.59,2.0,headache,S067
-15.51,0.67,-0.028876058177456677,18.325193899758755,61.38482569854833,34.59,2.0,headache,S067
65.12,0.67,-0.5688150970768012,18.05762978023335,61.92234011632557,34.59,2.0,headache,S067
-17.04,0.67,-0.615952375291942,17.738333490085477,61.55531853983866,34.63,2.0,headache,S067
-30.51,0.67,-0.9904887995657968,17.693971959854576,61.84029190784601,34.63,2.0,headache,S067
-29.62,0.67,-1.367348410498694,17.7485309465908,61.83113817301744,34.63,2.0,headache,S067
-38.32,0.67,-1.6427120922170062,17.878593816129882,61.74025883549498,34.63,2.0,headache,S067
-0.23,0.67,-2.002861779470889,17.808746938740455,61.90548161212726,34.61,2.0,headache,S067
-20.8,0.67,-1.9664101997075583,18.01229704687624,61.89102141097868,34.61,2.0,headache,S067
32.66,0.67,-2.0564317160129804,17.985698305056008,61.68730196873841,34.61,2.0,headache,S067
-9.02,0.67,-2.1111424451877863,18.025719969256944,61.666835082356585,34.61,2.0,headache,S067
0.78,0.67,-2.0911018652587403,17.92748365337538,61.75779256878692,34.61,2.0,headache,S067
43.63,0.67,-2.0346631506850987,17.771554931249778,61.95149965888484,34.61,2.0,headache,S067
-21.47,0.67,-1.8271109537297894,18.052757905888946,61.8667642466733,34.61,2.0,headache,S067
34.09,0.67,-1.4245993956648662,17.967571451664625,61.66059861429383,34.61,2.0,headache,S067
2.89,0.67,-1.6013461150719424,18.02431322199684,61.862900740084754,34.61,2.0,headache,S067
-6.07,0.67,-1.049529607800743,17.980152522550867,61.919936710191315,34.61,2.0,headache,S067
37.2,0.67,-0.9393342200968087,18.016970951664167,61.923294381541055,34.61,2.0,headache,S067
-26.47,0.67,-0.9823277566650492,17.985063078356,61.91773917064685,34.61,2.0,headache,S067
22.89,0.67,-1.019156201971558,18.013408195938823,61.691577820898694,34.61,2.0,headache,S067
13.24,0.66,-0.9826274309945108,17.987790587431427,61.767611044263504,34.61,2.0,headache,S067
-31.94,0.67,-1.0127795509540558,18.011239814286004,61.5674700956642,34.61,2.0,headache,S067
28.71,0.67,-1.0116874751913818,17.989562968112935,61.91731177361113,34.61,2.0,headache,S067
-16.89,0.67,-1.5200209172766048,18.009760158646362,61.54679984015141,34.61,2.0,headache,S067
-13.8,0.67,-1.529274856451314,17.99081890329761,61.83884148185479,34.61,2.0,headache,S067
26.58,0.67,-1.7793349587417415,18.008679807118973,61.5353856757105,34.61,2.0,headache,S067
-27.76,0.67,-1.8966285792418407,17.991758452377205,61.66374347876122,34.61,2.0,headache,S067
-5.72,0.67,-1.8062094147556613,18.007855187193744,61.63993064460996,34.61,2.0,headache,S067
8.89,0.67,-1.303860247809359,17.99248786495095,61.84107304261948,34.61,2.0,headache,S067
-34.27,0.67,-1.293838574738635,18.007205635920986,61.859556157995804,34.61,2.0,headache,S067
13.65,0.67,-1.1061133347133685,17.99306970785745,61.681945656735245,34.61,2.0,headache,S067
-1.08,0.67,-1.0048411472808432,18.006681730885635,61.63527211707986,34.61,2.0,headache,S067
-19.0,0.67,-0.9826158731170938,17.993543632967224,61.442819381792376,34.61,2.0,headache,S067
33.58,0.67,-1.0221519491043516,18.00625123070394,61.898261212886865,34.61,2.0,headache,S067
-17.28,0.67,-1.02943845776546,17.993936160483866,61.963040062740205,34.61,2.0,headache,S067
-3.79,0.67,-1.3642139045621244,18.00589210244356,61.819575401360964,34.59,2.0,headache,S067
31.7,0.67,-1.307929999902755,17.99426575357227,61.46752290656377,34.59,2.0,headache,S067
-29.93,0.67,-1.0501228376340475,18.00558875965419,61.82895304328248,34.59,2.0,headache,S067
7.57,0.67,-1.2288628083998874,17.99454565276326,61.230463647549435,34.59,2.0,headache,S067
9.12,0.67,-1.0130150019422592,18.005329896282536,61.66566710373696,34.63,2.0,headache,S067
-29.44,0.67,-0.9883529187950069,17.994785551846125,61.89597999498092,34.63,2.0,headache,S067
25.99,0.67,-1.0140834791399451,18.005107176334146,61.68989330376146,34.63,2.0,headache,S067
-12.66,0.67,-0.9834810513763014,17.994992631275387,62.06833352503336,34.63,2.0,headache,S067
-13.27,0.67,-1.0160313955195923,18.004914413502974,61.66218387527932,34.63,2.0,headache,S067
34.79,0.67,-1.0306085531967446,17.995172212100933,61.625427256051054,34.63,2.0,headache,S067
-31.45,0.67,-1.5829784344190851,18.004747049412924,61.64647957074174,34.63,2.0,headache,S067
5.33,0.67,-1.5506708767266026,17.9953281708674,61.657621595872776,34.63,2.0,headache,S067
20.5,0.67,-1.698072224308771,18.004601826915586,61.62230132595656,34.59,2.0,headache,S067
-37.81,0.67,-1.5799271479224166,17.995463191712048,61.73002332228678,34.59,2.0,headache,S067
23.16,0.67,-1.2733264405005802,18.004476602997322,61.59407638827364,34.59,2.0,headache,S067
-0.07,0.67,-1.1956295283599745,17.99557889476492,61.656789890475146,34.59,2.0,headache,S067
-19.8,0.67,-0.9285183359499083,18.00437027562638,61.839785876125326,34.61,2.0,headache,S067
37.11,0.67,-1.1644591744684911,17.99567585481854,61.849857463093926,34.61,2.0,headache,S067
-17.18,0.67,-0.9814615964780747,18.00428282151618,61.78882642589738,34.61,2.0,headache,S067
1.78,0.67,-1.0025658044469832,17.995753502205524,61.525842864361266,34.61,2.0,headache,S067
41.01,0.67,-1.0951910805700769,18.00421546503867,61.574075246192365,34.59,2.0,headache,S067
-27.96,0.67,-1.2242389398841917,17.99580987128567,61.77133010370808,34.59,2.0,headache,S067
4.4,0.67,-1.2838291933772494,18.004171030863535,61.84663422448112,34.59,2.0,headache,S067
41.06,0.67,-1.4077441794250325,17.99584112041947,61.58009084436773,34.59,2.0,headache,S067
-27.41,0.67,-1.3321340160978372,18.0041545883832,61.65987407041222,34.61,2.0,headache,S067
-3.11,0.67,-1.1118813099811646,17.995840670843354,61.62141316014236,34.61,2.0,headache,S067
25.54,0.67,-1.2333100214777868,18.004174604043286,61.83380511102365,34.61,2.0,headache,S067
-25.84,0.67,-1.0763580312672407,17.995797655724566,61.6857435605055,34.61,2.0,headache,S067
-2.68,0.67,-0.9848478205372952,18.004245048084304,61.66556424591297,34.61,2.0,headache,S067
22.26,0.67,-1.1506784445276106,17.995694023479775,61.72084600495187,34.61,2.0,headache,S067
-23.09,0.67,-0.9568425620236519,18.00438943717558,61.681872298174454,34.61,2.0,headache,S067
0.22,0.67,-1.052324905245404,17.99549879503429,61.97684360776642,34.61,2.0,headache,S067
20.45,0.67,-0.9150308230108439,18.004649163239474,61.863576183408696,34.61,2.0,headache,S067
-28.03,0.67,-1.4003210425598627,17.995155688262056,61.95955337141441,34.61,2.0,headache,S067
-4.43,0.68,-1.3573357588927435,18.005102410836383,61.67922116230437,34.61,2.0,headache,S067
21.61,0.67,-1.145399772807858,17.99455321605752,61.78138025391082,34.61,2.0,headache,S067
-28.73,0.67,-1.036992846556004,18.005913353624937,61.5550877255457,34.59,2.0,headache,S067
-12.93,0.67,-1.0784330900002856,17.993439697489883,61.497351109980194,34.59,2.0,headache,S067
14.25,0.67,-1.0623247571221075,18.00748820171813,61.84776986851125,34.59,2.0,headache,S067
-22.85,0.67,-0.9449209887051335,17.991113259165086,61.97122036983501,34.59,2.0,headache,S067
6.1,0.68,-1.095520509573363,18.011160633011727,61.77691002067301,34.59,2.0,headache,S067
29.28,0.68,-1.0672776008306408,17.984647284146952,61.745260630914295,34.59,2.0,headache,S067
-27.42,0.67,-0.9891371600869152,18.025213263756278,61.56979527685874,34.59,2.0,headache,S067
-3.93,0.68,-1.0019255486249592,17.927829474314407,61.4188704095455,34.59,2.0,headache,S067
27.64,0.68,-1.0009555230700617,17.91306546520953,61.60574906806995,34.61,2.0,headache,S067
-26.91,0.67,-0.9981964070879761,18.02809171511198,61.864701926185276,34.61,2.0,headache,S067
6.42,0.67,-1.001402113157684,17.982654109301517,61.60515256680914,34.61,2.0,headache,S067
27.37,0.68,-1.0006644335091355,18.012986658756994,61.76240684971633,34.61,2.0,headache,S067
-29.75,0.67,-0.9922065659453533,17.989267404986588,61.9196955891376,34.61,2.0,headache,S067
1.35,0.68,-1.1093322983886613,18.00944238274561,61.72234176289383,34.61,2.0,headache,S067
14.41,0.68,-1.0347526099934858,17.99131631087341,61.60251730776312,34.61,2.0,headache,S067
-31.01,0.67,-0.9772565647916904,18.00825756771632,61.655128118701136,34.61,2.0,headache,S067
17.85,0.68,-1.020191378932904,17.99194067312252,61.76899947567952,34.59,2.0,headache,S067
10.03,0.68,-0.9799717942304839,18.008025357218372,61.602033513108324,34.59,2.0,headache,S067
-33.64,0.68,-1.021199361344686,17.991895562766953,61.56480185286114,34.59,2.0,headache,S067
33.05,0.67,-0.9764741715585731,18.008226820303783,61.79520169712694,34.59,2.0,headache,S067
2.18,0.68,-1.0262207298398065,17.991768481990423,61.763495865334946,34.59,2.0,headache,S067
-18.0,0.67,-1.0932987050349907,18.007595280461093,61.69094962348993,34.59,2.0,headache,S067
40.13,0.67,-1.3769333318629708,17.996067260359723,61.78231891310021,34.59,2.0,headache,S067
-14.19,0.67,-0.8933584317454402,17.97512173112513,61.78767375340318,34.59,2.0,headache,S067
-17.68,0.68,-0.884171734926256,17.641810450664945,61.74012193563925,34.59,2.0,headache,S067
28.1,0.67,-0.768858260056281,17.875971028364223,61.838010333910596,34.59,2.0,headache,S067
-20.69,0.68,-0.9797831444928273,17.990187384314854,61.96108934849576,34.59,2.0,headache,S067
14.92,0.68,-0.7226580114395335,17.877782031586026,61.68785840962486,34.59,2.0,headache,S067
27.04,0.68,-0.6718990505976015,18.020391505460587,61.88066061918678,34.59,2.0,headache,S067
-36.03,0.67,-0.9589712216558645,17.992179605467612,61.87273742058877,34.59,2.0,headache,S067
14.6,0.68,-0.7824254043993828,18.00155553859506,61.96753319968214,34.59,2.0,headache,S067
18.87,0.68,-0.9850449619773805,18.003142425035914,61.793754720965566,34.59,2.0,headache,S067
-28.18,0.68,-0.9849330047927873,17.99232344178704,62.01182422451221,34.59,2.0,headache,S067
19.66,0.68,-1.002146036577198,18.011970841090495,61.88629683608305,34.59,2.0,headache,S067
8.32,0.68,-0.6534430348224265,17.717302502131275,61.68246279077693,34.59,2.0,headache,S067
-28.03,0.67,-0.7117960367197234,17.926655340774683,61.643987649935085,34.59,2.0,headache,S067
14.62,0.68,-0.6103689672961962,17.848367641739394,61.74957596958925,34.59,2.0,headache,S067
-4.21,0.68,-0.1425651836092383,17.53922536753787,61.7701063452745,34.59,2.0,headache,S067
-7.16,0.68,-0.12250679085735947,17.993711066923893,61.372712376273256,34.59,2.0,headache,S067
22.57,0.68,0.0502266111286436,17.898074395282663,61.559954196252235,34.59,2.0,headache,S067
-48.76,0.68,-0.06605120018488804,17.937749666619613,61.80171559166513,34.57,2.0,headache,S067
-32.7,0.68,0.038719823220019406,18.008032400722225,61.832031580860956,34.57,2.0,headache,S067
32.56,0.68,-0.03125673533200954,17.99963352517865,61.89533751569616,34.57,2.0,headache,S067
-6.26,0.68,-0.08191613366791588,17.998243696567126,61.60324082385869,34.57,2.0,headache,S067
15.21,0.68,-0.34833106976951106,18.002331680280193,61.85823919842271,34.59,2.0,headache,S067
19.76,0.67,-0.5545488224431534,17.997669406871115,61.53061644650687,34.59,2.0,headache,S067
-25.06,0.68,-0.275625102738261,18.002079547949,61.688918050929026,34.59,2.0,headache,S067
7.33,0.68,-0.39404444750716466,17.99829112726164,61.87061148111081,34.59,2.0,headache,S067
7.77,0.68,-0.36809923718791726,18.001275965423414,61.75923696027876,34.57,2.0,headache,S067
-28.39,0.68,0.06463988242330769,17.9991926703032,61.59085941468222,34.57,2.0,headache,S067
23.96,0.68,-0.2621014589958838,18.000315087968055,61.3927172297436,34.57,2.0,headache,S067
10.14,0.68,-0.24630197323327083,18.000195860231994,61.724365974595706,34.57,2.0,headache,S067
-22.11,0.69,-0.5043260267315275,17.999275483538675,61.74643763536379,34.59,2.0,headache,S067
25.71,0.68,-0.39436126478020644,18.00127218139385,61.369014498100555,34.59,2.0,headache,S067
-2.77,0.68,-0.639186560888727,17.9981583126018,61.75577267314985,34.59,2.0,headache,S067
-17.76,0.68,-0.9517618171191765,18.002437073305448,61.66839225005175,34.59,2.0,headache,S067
27.61,0.68,-0.8155683718042245,17.99693647492306,62.03361263331281,34.59,2.0,headache,S067
-14.13,0.68,-0.9941503810464392,18.00372751182524,61.775594701372086,34.59,2.0,headache,S067
-14.81,0.68,-0.930242320359988,17.995562890851982,61.62973215338524,34.59,2.0,headache,S067
16.91,0.68,-0.9062574287224102,18.005202553322842,61.66062818688677,34.59,2.0,headache,S067
-16.36,0.68,-1.0679068227801771,17.99396286649581,61.79915008789666,34.61,2.0,headache,S067
0.18,0.68,-0.8156754702741627,18.006958633524356,61.55412531507653,34.61,2.0,headache,S067
15.96,0.68,-0.9046243437250501,17.992008264755036,61.640590268043404,34.61,2.0,headache,S067
-27.16,0.68,-0.901743146478391,18.00917221882335,61.802891679118645,34.61,2.0,headache,S067
19.37,0.68,-0.7619374370711126,17.989445228146003,61.483597737764896,34.61,2.0,headache,S067
2.6,0.68,-0.9675526025333796,18.012228706834847,61.72753235993545,34.61,2.0,headache,S067
-18.89,0.68,-0.9391709907005358,17.985646936059233,61.73154733378266,34.61,2.0,headache,S067
28.86,0.68,-0.6456248335568245,18.01724703989809,61.72520843010031,34.61,2.0,headache,S067
-6.75,0.68,-0.6622216168941515,17.97832254386494,61.67706055234835,34.61,2.0,headache,S067
-16.81,0.68,-1.0187241901513728,18.030152301591855,61.7485182236981,34.61,2.0,headache,S067
31.28,0.68,-0.7994491445376705,17.940931694971287,61.97824906075213,34.61,2.0,headache,S067
-11.0,0.68,-0.6741500043556317,17.709039455633413,61.60895611714255,34.61,2.0,headache,S067
-11.94,0.68,-0.859782488010127,17.912390682772184,61.534422473516756,34.61,2.0,headache,S067
30.82,0.68,-1.3544008446346063,18.46481039069768,61.36559435916422,34.61,2.0,headache,S067
-14.04,0.68,-2.1180835887706304,19.094671277966828,61.08975916623522,34.61,2.0,headache,S067
-10.61,0.68,-1.6913370802641234,19.32696580515854,61.05037928654009,34.61,2.0,headache,S067
27.01,0.67,-1.2646721852578826,18.78101481538377,61.2337604756126,34.59,2.0,headache,S067
-18.0,0.68,-1.31026552889312,19.082464467114875,61.009948443079146,34.59,2.0,headache,S067
2.59,0.68,-0.6529077502935596,18.66506234517161,61.218757710044656,34.59,2.0,headache,S067
27.88,0.68,-0.383693289928465,18.988594397003965,61.306856250600305,34.59,2.0,headache,S067
-29.88,0.68,-0.21937911068840207,19.67302504558288,61.16953961838193,34.61,2.0,headache,S067
0.55,0.68,-0.09919619962725262,19.268669349699206,61.07563248829016,34.61,2.0,headache,S067
20.35,0.67,-0.8632610317391008,19.52576984200144,61.31777023120325,34.61,2.0,headache,S067
-21.23,0.68,-1.103497876705063,19.543405643840863,61.00505310503534,34.61,2.0,headache,S067
20.24,0.68,-1.114804780003282,19.3930446114302,61.012915782987506,34.57,2.0,headache,S067
-15.45,0.68,-1.19008898292067,19.59728341594091,60.98274625125888,34.57,2.0,headache,S067
-39.99,0.68,-1.0457824050447693,19.86512310189053,61.01938633726029,34.57,2.0,headache,S067
0.18,0.68,-0.9533540129845137,19.508029696533583,60.97914185924145,34.57,2.0,headache,S067
-15.47,0.68,-1.0482526116317807,19.688653317893984,61.022120436437575,34.61,2.0,headache,S067
9.1,0.68,-0.9487513322018637,19.73478423038855,60.97663368000145,34.61,2.0,headache,S067
14.32,0.68,-1.0566230616379104,19.446314514603078,61.02470719882249,34.61,2.0,headache,S067
-20.57,0.68,-0.9313566419871454,19.7996519975429,60.97377533982513,34.61,2.0,headache,S067
36.36,0.68,-0.94428402200382,19.687650453242217,61.027978358037814,34.57,2.0,headache,S067
-21.07,0.68,-0.9057985213014519,19.787256632282816,60.97005968061102,34.57,2.0,headache,S067
-0.07,0.68,-0.95229770010686,19.781790370147732,61.031373474969854,34.57,2.0,headache,S067
28.03,0.68,-0.8379989082719953,19.748033722646333,61.08411822812374,34.57,2.0,headache,S067
-30.95,0.68,-1.0663773928041296,19.68959405032249,61.05273779789975,34.59,2.0,headache,S067
24.32,0.68,-0.8558414698315963,19.976151884247507,60.93610226627072,34.59,2.0,headache,S067
20.99,0.68,-1.0707943958392026,19.223955440190327,61.103541506317754,34.59,2.0,headache,S067
-31.65,0.68,-0.708506085109495,19.81067831631664,61.0372481828811,34.59,2.0,headache,S067
24.14,0.68,-0.5841027560124215,19.60942979889452,61.07196517375334,34.59,2.0,headache,S067
-1.56,0.68,-1.1546292732384604,19.73941719779397,60.7123484879978,34.59,2.0,headache,S067
-22.65,0.68,-0.7260897139806352,18.584975818021917,61.43228105937456,34.59,2.0,headache,S067
37.81,0.68,-3.118628545370852,21.03683411378221,61.26326566288951,34.59,2.0,headache,S067
-2.33,0.68,0.4449020781319495,15.269646839892228,62.28284931361461,34.59,2.0,headache,S067
-19.78,0.68,3.415926374226711,13.21002386344529,62.04221153149009,34.59,2.0,headache,S067
34.08,0.68,4.714812606461364,17.179017012308012,60.63949534397493,34.59,2.0,headache,S067
11.56,0.68,9.70275200432591,23.056633397029124,60.621824210942286,34.59,2.0,headache,S067
43.69,0.68,7.998795499362807,22.987362887529407,58.86588849919714,34.59,2.0,headache,S067
37.05,0.68,9.460371549339062,21.490644142205873,59.038445371811164,34.59,2.0,headache,S067
-77.97,0.68,6.059046972507066,22.70049456838085,60.45448761142402,34.59,2.0,headache,S067
-100.4,0.68,5.182958124330813,22.025574679352367,59.51924702811795,34.59,2.0,headache,S067
42.07,0.68,6.208001585576515,22.714723400503747,59.30069866252571,34.57,2.0,headache,S067
-7.37,0.68,4.6670034389988935,22.33313423795925,60.22252156374835,34.57,2.0,headache,S067
-2.82,0.68,6.09896207601636,23.512744222443914,59.310876847967656,34.57,2.0,headache,S067
32.27,0.68,4.45206045348916,22.695470721046394,59.91260188138948,34.57,2.0,headache,S067
10.69,0.68,4.179643322614582,22.517151440473334,59.77390592736088,34.61,2.0,headache,S067
32.19,0.68,3.8398334463802297,22.61701079063431,59.657766825206245,34.61,2.0,headache,S067
-71.36,0.68,5.380903222489083,22.30572056593548,59.686019141624826,34.61,2.0,headache,S067
-24.13,0.68,5.120806342149856,22.39623051440973,59.88196491501829,34.61,2.0,headache,S067
-21.22,0.68,5.264450122787971,22.353742797751394,59.904343041208904,34.59,2.0,headache,S067
-23.77,0.68,5.662522472059658,22.09019123892768,59.79200346664751,34.59,2.0,headache,S067
51.69,0.68,6.131324431438017,22.507487559636264,59.721173938322366,34.59,2.0,headache,S067
-7.13,0.68,6.176128286372845,21.877327468346028,59.84494819667815,34.59,2.0,headache,S067
-7.88,0.68,6.660447220831035,22.141517327850902,59.81366448952652,34.59,2.0,headache,S067
-25.05,0.68,6.223282601405027,22.04521600182228,59.71802134444359,34.59,2.0,headache,S067
-9.85,0.68,6.708412098278333,22.422261323536578,59.4857970324557,34.59,2.0,headache,S067
58.81,0.68,6.434065684609435,22.02411254603525,59.91190764846283,34.59,2.0,headache,S067
9.36,0.68,6.4480554045696765,22.23745342068232,59.86266947422236,34.59,2.0,headache,S067
22.25,0.68,6.4945303346136924,21.912806998068856,59.52724079302551,34.59,2.0,headache,S067
8.6,0.68,7.056706365704503,21.969596745958462,59.8617365632638,34.59,2.0,headache,S067
-20.71,0.68,6.776963941328141,22.062125688439654,59.786271540466366,34.59,2.0,headache,S067
20.28,0.68,7.0641544352756735,22.023847671913632,59.73246645955196,34.59,2.0,headache,S067
-28.6,0.68,6.9770294193070495,21.79806073570274,59.81137043329072,34.59,2.0,headache,S067
17.46,0.68,6.38834231665365,22.111936678131553,60.07177766270778,34.59,2.0,headache,S067
5.46,0.68,7.248162863191764,21.62952058643081,59.66517340949673,34.59,2.0,headache,S067
-12.18,0.68,7.575562271211095,21.78639507557389,59.64951882985474,34.59,2.0,headache,S067
24.28,0.68,7.2928796823830995,21.84165694000431,59.52518246780468,34.59,2.0,headache,S067
-42.51,0.68,7.401037611478063,21.90984573377836,59.80033825036574,34.59,2.0,headache,S067
-37.26,0.68,7.34394846302058,22.041246149102037,59.77823310935085,34.59,2.0,headache,S067
50.74,0.68,7.056526593461247,21.884094164337263,59.52503911616899,34.59,2.0,headache,S067
2.92,0.68,7.529563622663375,21.683390468696363,59.58476244889125,34.59,2.0,headache,S067
10.32,0.68,7.609536661826551,21.956919897610394,59.609565093539445,34.59,2.0,headache,S067
16.46,0.69,7.599395831713549,21.866213256187855,59.74654920178057,34.59,2.0,headache,S067
-21.97,0.69,7.968487310198593,21.581742383063,59.56056068699365,34.59,2.0,headache,S067
1.29,0.68,7.549882580980463,21.776865763475204,59.574327759152595,34.59,2.0,headache,S067
8.05,0.68,7.253113076202847,21.993178449824676,59.73759873369307,34.59,2.0,headache,S067
-32.47,0.69,7.7028475469564865,21.879895459528132,59.61646705087467,34.59,2.0,headache,S067
20.69,0.68,7.880209579756921,21.72383775771317,59.94936420249656,34.61,2.0,headache,S067
8.76,0.68,7.47054370132753,21.623716040052475,59.369219093355376,34.61,2.0,headache,S067
-27.54,0.68,7.889550840881538,21.615060732915232,59.76803686932703,34.61,2.0,headache,S067
14.49,0.68,7.62303777656553,21.88593012952458,59.61320964929014,34.61,2.0,headache,S067
-4.45,0.68,7.247161708394699,21.996588661559773,59.70194450554277,34.59,2.0,headache,S067
-5.68,0.68,7.939489187303002,21.808095672230937,59.8765892335161,34.59,2.0,headache,S067
26.41,0.69,7.57732974926766,21.917659033044732,59.8760776446854,34.59,2.0,headache,S067
-24.35,0.68,7.588554148705227,21.86043397745152,59.656045916431616,34.59,2.0,headache,S067
-0.1,0.68,7.644986821189736,22.121282648346842,59.8715491029946,34.61,2.0,headache,S067
14.41,0.68,7.759212375599532,21.790039219907214,59.80596010326901,34.61,2.0,headache,S067
-22.29,0.68,7.699477631826979,21.541072437361322,59.547248998445276,34.61,2.0,headache,S067
14.73,0.68,7.241642613174238,22.14752330919489,59.857592123737206,34.61,2.0,headache,S067
12.28,0.68,7.612132188449972,21.784798137435676,59.658211287097814,34.59,2.0,headache,S067
-29.86,0.68,7.536850434251152,22.040699681175894,59.63564501677918,34.59,2.0,headache,S067
28.11,0.68,7.700937501093539,21.8260076338121,60.04976281395877,34.59,2.0,headache,S067
-16.9,0.68,7.805952753050145,22.104816656406076,59.92923920376114,34.59,2.0,headache,S067
-0.81,0.68,7.882940908200332,21.763389389308447,59.74297163291881,34.57,2.0,headache,S067
17.66,0.69,7.535875581063806,21.915765626480926,59.73764525965549,34.57,2.0,headache,S067
-33.64,0.68,7.475480773590401,22.026554344034643,59.92507550225407,34.57,2.0,headache,S067
22.87,0.68,7.662677180136245,21.98386674525109,59.90152024918807,34.57,2.0,headache,S067
6.14,0.68,7.209889322849904,22.013099699031166,59.88132317860252,34.59,2.0,headache,S067
-10.31,0.68,6.947899778070872,21.988167678185864,59.96374624977951,34.59,2.0,headache,S067
26.76,0.68,7.174708672718122,22.00784860335705,60.040081862941044,34.59,2.0,headache,S067
-9.85,0.68,7.413050460497426,21.85048849548684,59.66874983975405,34.59,2.0,headache,S067
-17.98,0.69,7.947711384073239,22.050320840806126,59.92916763735584,34.57,2.0,headache,S067
17.08,0.68,7.917374251341749,21.888229257841015,59.93400865450162,34.57,2.0,headache,S067
-27.0,0.68,7.802610469388951,21.967871872840387,59.385947691569726,34.57,2.0,headache,S067
29.22,0.68,7.901515053643573,21.988185796840334,59.73989431867546,34.57,2.0,headache,S067
27.88,0.68,8.044699640209119,22.006290382332022,59.500637099244386,34.57,2.0,headache,S067
-37.86,0.68,7.970248559310458,21.991793847286445,59.97537784808621,34.57,2.0,headache,S067
10.95,0.68,8.017830224199177,22.010224008797675,59.70573775715433,34.57,2.0,headache,S067
0.58,0.68,7.844786344281375,21.9879527490952,59.751472449613274,34.57,2.0,headache,S067
-19.05,0.68,7.900306226427481,22.013746964447733,59.90316353669983,34.59,2.0,headache,S067
36.88,0.68,8.004055619113842,21.984590867879046,59.51692760779086,34.59,2.0,headache,S067
-6.44,0.69,7.9492023018675,22.01710963068807,59.79539499653862,34.59,2.0,headache,S067
-21.56,0.68,7.891975945847825,21.981082674502183,59.92906743699054,34.59,2.0,headache,S067
21.22,0.68,8.04977117662592,22.020889548939312,59.88338540671915,34.57,2.0,headache,S067
-24.04,0.68,7.963397502287098,21.976974804171267,59.82327595695876,34.57,2.0,headache,S067
6.96,0.69,8.026253072245774,22.024999497650093,59.681048589914845,34.57,2.0,headache,S067
13.01,0.68,8.002450030920889,21.975750903633276,59.70957759523019,34.57,2.0,headache,S067
-20.95,0.69,8.01253839227847,21.977619141456707,59.83375867325914,34.57,2.0,headache,S067
24.68,0.69,7.96982982025929,21.794154395854953,59.70101893618456,34.57,2.0,headache,S067
-4.52,0.68,8.322137035428666,22.094141765956532,59.539271277327124,34.57,2.0,headache,S067
-26.24,0.68,7.636835474900339,22.159953291457896,59.46091396066109,34.57,2.0,headache,S067
15.27,0.68,7.794626175453796,22.0352985803202,59.66006726673115,34.57,2.0,headache,S067
-21.43,0.69,7.693662823468814,21.956077291871114,59.36713112328152,34.57,2.0,headache,S067
7.69,0.68,7.634350693930206,21.890613448753534,59.826107392893256,34.57,2.0,headache,S067
-19.01,0.68,7.17863273844659,22.49775627903535,59.530935758749244,34.57,2.0,headache,S067
-11.72,0.68,7.457432951274898,22.071568080333886,59.581658575044756,34.57,2.0,headache,S067
28.97,0.68,7.777084928005808,21.96008776631592,59.46395917368608,34.57,2.0,headache,S067
-7.08,0.68,7.507809946202878,21.972935533495097,59.71240319194684,34.57,2.0,headache,S067
12.0,0.68,7.017263617304682,22.328495061772653,59.59788474510983,34.57,2.0,headache,S067
2.31,0.69,7.73259066678069,22.03502540860188,59.478061568269055,34.59,2.0,headache,S067
-16.04,0.68,7.874499400676443,21.977351180328615,59.54794257160792,34.59,2.0,headache,S067
22.78,0.69,7.796167382944571,22.025627553164735,59.614472386150325,34.59,2.0,headache,S067
-17.19,0.69,7.671418285438627,22.21202237401329,59.351224758947524,34.59,2.0,headache,S067
2.08,0.68,7.9110733648617915,21.671075487869274,59.78560036612692,34.59,2.0,headache,S067
25.05,0.68,7.788276984563202,21.96189992993404,59.68556130061258,34.59,2.0,headache,S067
-27.3,0.68,7.191289556051293,22.02683287827521,59.75249411386811,34.59,2.0,headache,S067
18.89,0.68,7.8980294984493025,21.976388794614422,59.669583755758985,34.59,2.0,headache,S067
-6.66,0.68,7.785188224980284,22.02226816179223,59.819283379547464,34.57,2.0,headache,S067
0.69,0.68,7.5499503019464145,21.978317572463446,59.627435332231734,34.57,2.0,headache,S067
19.85,0.69,7.929283076640685,22.021490151099826,59.784681884169565,34.57,2.0,headache,S067
-16.88,0.68,7.8013679873954604,21.978461472088483,59.73362774884395,34.57,2.0,headache,S067
18.82,0.68,7.504141465481545,22.021754060769936,59.624394479386744,34.59,2.0,headache,S067
-10.88,0.68,7.767565679441489,21.977900496058385,59.9067285860311,34.59,2.0,headache,S067
-5.56,0.68,7.4712157656534295,22.02255708402304,59.73947474389651,34.59,2.0,headache,S067
24.42,0.68,7.7591392176800635,21.976878560910645,59.47650319665194,34.59,2.0,headache,S067
-31.11,0.69,7.558131562864754,22.023797018577667,59.99185752167964,34.59,2.0,headache,S067
10.15,0.69,7.855994087680368,21.975401645882343,59.53750303810382,34.59,2.0,headache,S067
-13.04,0.68,8.020416622534036,22.025553508604034,59.85895525696962,34.59,2.0,headache,S067
-10.3,0.68,7.8757617866119505,21.973286521229358,59.592260305643954,34.59,2.0,headache,S067
26.37,0.68,7.975430339257519,22.028177203973904,59.94607642070015,34.59,2.0,headache,S067
-25.02,0.68,7.7530544567676785,21.969830288881216,59.850791019834865,34.59,2.0,headache,S067
11.32,0.68,7.814806005938743,22.033372555129688,59.241908180146616,34.59,2.0,headache,S067
14.14,0.68,7.833545300502427,21.958500046320673,59.49338559100683,34.59,2.0,headache,S067
-26.25,0.68,7.773476664729642,21.905881514065765,59.77613573114391,34.59,2.0,headache,S067
24.57,0.68,7.541198083760272,21.982179028867986,59.62921759598404,34.59,2.0,headache,S067
-2.25,0.68,7.537791303474622,22.018500237242847,59.4414578628595,34.59,2.0,headache,S067
-18.13,0.68,7.630847571033029,22.19985995641529,59.57773940536196,34.59,2.0,headache,S067
31.76,0.68,7.375062976142749,22.08095089080377,59.813470658043165,34.59,2.0,headache,S067
-21.0,0.68,8.025565410444004,22.154324296830907,59.4736253978868,34.59,2.0,headache,S067
-22.91,0.68,7.950399899737789,22.139804685687654,59.468348248286134,34.59,2.0,headache,S067
26.86,0.68,7.8413356376408325,22.39527245538553,59.533629099217954,34.59,2.0,headache,S067
-25.1,0.68,7.418026532415497,22.398479690496032,59.5625719867689,34.59,2.0,headache,S067
12.7,0.68,8.041970992377193,21.794245159169865,59.76256959677384,34.59,2.0,headache,S067
9.9,0.69,7.967985124944693,22.36791912616055,59.373059093022675,34.59,2.0,headache,S067
-24.13,0.68,7.723504108753358,22.42879246525662,59.641899560152474,34.59,2.0,headache,S067
11.54,0.68,7.593160352942121,22.086354950419544,59.43129089930016,34.59,2.0,headache,S067
6.51,0.68,7.499350175590445,22.250186926046574,59.30953535274081,34.59,2.0,headache,S067
-15.02,0.68,7.2372525636947165,22.42382863778685,59.50644933928179,34.59,2.0,headache,S067
20.31,0.68,7.384938958642291,22.041938691215176,59.53956232303147,34.59,2.0,headache,S067
-7.88,0.68,7.833684174724451,22.213392188085695,59.515023699037755,34.57,2.0,headache,S067
-15.92,0.69,7.934783714550064,22.123316065807067,59.610287415723384,34.57,2.0,headache,S067
24.73,0.68,7.761533141159649,22.31875676840499,59.2804713242996,34.57,2.0,headache,S067
-18.41,0.69,7.839106537926308,22.264715029538166,59.71013429345119,34.57,2.0,headache,S067
3.96,0.69,7.837965682642081,22.18002297556268,59.332465171300036,34.57,2.0,headache,S067
34.01,0.68,7.7139777355112376,22.081436744850194,59.46836670635079,34.57,2.0,headache,S067
-33.17,0.69,8.001788523754712,22.203513380611145,59.61368812094234,34.57,2.0,headache,S067
10.16,0.69,7.8616338837971735,22.07217490753172,59.58283045185638,34.57,2.0,headache,S067
20.72,0.69,8.045805028128436,22.035631761378212,59.52406534571658,34.59,2.0,headache,S067
-28.86,0.68,7.700615183592551,22.04750056173213,59.56896384464024,34.59,2.0,headache,S067
20.23,0.68,7.645143443665968,22.144299545883396,59.30585695351018,34.59,2.0,headache,S067
21.95,0.68,6.905078725694776,22.51747365367924,59.47259064480283,34.59,2.0,headache,S067
-24.23,0.69,7.600624789797234,22.252170303372086,59.46333928199225,34.57,2.0,headache,S067
14.03,0.69,7.590403395224318,22.150177037311543,59.624598609783035,34.57,2.0,headache,S067
-4.74,0.69,7.465333983377079,22.051208910827427,59.02568230147927,34.57,2.0,headache,S067
-23.84,0.68,7.804766354698421,22.190657302754612,59.192724320803016,34.57,2.0,headache,S067
24.7,0.69,7.9238322274001405,22.045982307324156,59.669308162521176,34.57,2.0,headache,S067
-21.87,0.69,7.715063794277474,22.40237326694186,59.6113219471434,34.57,2.0,headache,S067
-10.44,0.68,7.501178352911474,22.25637628126122,59.046445944813435,34.57,2.0,headache,S067
25.22,0.68,7.142176593297443,22.12438838312001,59.60368790152017,34.57,2.0,headache,S067
-19.07,0.69,7.4019114776871024,22.331857411063208,59.40852679501618,34.59,2.0,headache,S067
15.89,0.69,7.51395938850618,22.114634131678528,59.61922332955014,34.59,2.0,headache,S067
15.2,0.69,7.298900388011921,22.236405422420567,59.65301031145601,34.59,2.0,headache,S067
-42.83,0.69,7.686777362650367,22.194212365519643,59.569015513870845,34.59,2.0,headache,S067
0.1,0.69,7.565266683620678,22.308202062297717,59.285354483725186,34.59,2.0,headache,S067
8.28,0.68,7.400877006178609,22.219414462609826,59.36952523992836,34.59,2.0,headache,S067
-11.3,0.68,7.8599280129122056,22.174989774886622,59.553589336946295,34.59,2.0,headache,S067
34.95,0.69,7.559601620996893,22.212742026178454,59.49578230978545,34.59,2.0,headache,S067
5.61,0.68,7.682784444459684,22.018930800327624,59.59561469247265,34.59,2.0,headache,S067
-12.36,0.68,7.600630859169104,22.10993798617049,59.2958353392531,34.59,2.0,headache,S067
31.1,0.69,7.386372212436653,22.119128277394395,59.528871588019044,34.59,2.0,headache,S067
-13.78,0.68,7.909533345482638,22.352973328442182,59.20772285754662,34.59,2.0,headache,S067
-19.96,0.68,7.563366126066397,22.491854180445458,59.33644999710252,34.57,2.0,headache,S067
20.18,0.68,7.683317114411767,21.984317702227642,59.46287471381296,34.57,2.0,headache,S067
-29.17,0.68,7.658339521806499,22.48501260843577,59.455096554763095,34.57,2.0,headache,S067
11.13,0.68,7.891211583723459,22.388512621902322,59.703654907011746,34.57,2.0,headache,S067
15.32,0.68,7.879749011045436,22.218727716365052,59.358896398013535,34.57,2.0,headache,S067
-31.85,0.69,8.292308282489905,22.038369815882415,59.66871951553427,34.57,2.0,headache,S067
11.86,0.68,7.481161068985406,22.8842264401836,59.38391693841744,34.57,2.0,headache,S067
12.66,0.68,7.55372330279545,22.072670245580635,59.67357919270062,34.57,2.0,headache,S067
-30.48,0.69,7.2987668974564155,22.470062213015943,59.45806422189311,34.59,2.0,headache,S067
21.14,0.69,6.896510117684921,22.363230899057562,59.5741199165877,34.59,2.0,headache,S067
19.77,0.68,6.930940226100456,22.56117458736114,59.40843142069132,34.59,2.0,headache,S067
-31.82,0.7,6.659772000794102,21.905764864668576,59.55633113915693,34.59,2.0,headache,S067
20.72,0.69,6.9406692414116895,22.116189800227094,59.48782435710623,34.55,2.0,headache,S067
-24.59,0.68,6.989968725905486,22.156604738226246,59.80698043896218,34.55,2.0,headache,S067
-21.2,0.69,7.71123172734506,22.105974724982634,59.34361450727685,34.55,2.0,headache,S067
24.56,0.69,7.694780378324983,22.480937191033245,59.732663619850015,34.55,2.0,headache,S067
-21.91,0.69,8.025711410934049,22.352795074907224,59.38820807711887,34.59,2.0,headache,S067
8.68,0.68,7.869848036771642,22.280717392452416,59.20771740023442,34.59,2.0,headache,S067
38.72,0.68,7.994462891081107,22.161522680550018,59.11106889103032,34.59,2.0,headache,S067
-12.09,0.68,7.866857504416977,21.998714190690162,59.3049206312547,34.59,2.0,headache,S067
22.51,0.68,7.576709298992,22.301783125587423,59.40969377562643,34.57,2.0,headache,S067
-6.13,0.68,7.338342298330753,22.33709215585368,59.48778109542393,34.57,2.0,headache,S067
-12.27,0.69,7.19961736160451,22.17367906002416,59.562905699690354,34.57,2.0,headache,S067
5.84,0.68,7.325590517460128,22.104696667259926,59.65159694534821,34.57,2.0,headache,S067
-50.15,0.69,7.6820215030110095,21.975796650774946,59.668203360224204,34.59,2.0,headache,S067
17.59,0.69,8.026895926650559,22.16137429428971,59.76042986445477,34.59,2.0,headache,S067
1.23,0.68,7.699998309505484,21.92885445301557,59.43232164212261,34.59,2.0,headache,S067
-0.13,0.68,7.474216277056012,22.124247517501296,59.745746996900046,34.59,2.0,headache,S067
29.95,0.69,8.110435660909419,22.041187506822663,59.42608680813045,34.59,2.0,headache,S067
-28.27,0.69,7.714134157995036,21.99154021369028,59.50083853732936,34.59,2.0,headache,S067
25.3,0.69,7.999347293339942,22.12540875862394,59.717767901337815,34.59,2.0,headache,S067
-8.22,0.69,7.769766469985977,22.00335902572803,59.78242959757219,34.59,2.0,headache,S067
-11.77,0.69,7.525545173329865,21.99787926031324,59.31635608732221,34.59,2.0,headache,S067
30.38,0.68,7.362770189061366,22.00132917577223,59.40930832341801,34.59,2.0,headache,S067
-13.13,0.69,7.109883792961004,21.99940486038713,59.950057036808914,34.59,2.0,headache,S067
-0.37,0.69,7.438340237800788,21.999899074624647,59.68797359478461,34.59,2.0,headache,S067
19.1,0.69,7.29973753384697,22.000753078359665,59.613674297511764,34.57,2.0,headache,S067
-31.58,0.68,7.7385725076115595,21.998643020756912,59.73628793006229,34.57,2.0,headache,S067
-2.19,0.69,7.824857445968237,22.001911106941794,59.82931560684768,34.57,2.0,headache,S067
8.12,0.69,7.597822416042772,21.997584462953863,59.64812733706548,34.57,2.0,headache,S067
-19.14,0.68,7.7091508583324,22.00287092594441,59.41922527570055,34.61,2.0,headache,S067
21.66,0.69,7.618361073697899,21.996722148174655,59.81325927071021,34.61,2.0,headache,S067
1.62,0.69,7.997723798916721,22.003636377735322,59.486806553714935,34.61,2.0,headache,S067
-25.62,0.68,7.828396484568761,21.996054287115754,59.630745424594316,34.61,2.0,headache,S067
28.09,0.69,7.635803706178456,22.004203879005104,59.38069388377348,34.59,2.0,headache,S067
-3.92,0.69,7.1330350626626124,21.995592699824826,59.38635274694785,34.59,2.0,headache,S067
-10.62,0.69,7.364209708797113,22.004550221842784,59.743281936390744,34.59,2.0,headache,S067
28.84,0.69,7.449908537513078,21.995376179928243,59.718716821321685,34.59,2.0,headache,S067
-15.72,0.69,7.388935867645504,22.004614762613674,59.80329952513493,34.59,2.0,headache,S067
-15.12,0.69,7.719985911283416,21.995497227117507,59.68560524617977,34.59,2.0,headache,S067
9.33,0.69,7.573462982561449,22.00425628516945,59.84593524515455,34.59,2.0,headache,S067
-30.6,0.69,7.811112635522202,21.996175812164193,59.785524866780214,34.59,2.0,headache,S067
13.85,0.69,7.449672098883186,22.003118818872103,59.62343810218462,34.57,2.0,headache,S067
10.67,0.68,8.001233659336249,21.99802294099077,59.31393289896832,34.57,2.0,headache,S067
-26.26,0.69,7.649773193022614,22.000057506112427,59.600746253726356,34.57,2.0,headache,S067
29.52,0.69,7.559663750658451,22.003495393910217,59.46742600882674,34.57,2.0,headache,S067
-2.25,0.69,7.362558018388188,21.988387405361063,59.45417965723167,34.57,2.0,headache,S067
-11.99,0.69,7.177940563504774,22.04542055671127,59.47594150518621,34.57,2.0,headache,S067
38.37,0.69,7.543305781016766,22.11072281666204,59.73546022075544,34.57,2.0,headache,S067
-21.49,0.69,7.0803109665858885,21.96333139808663,59.50051498568552,34.57,2.0,headache,S067
-7.94,0.68,7.337357601495259,22.025318379385443,59.62045249303475,34.57,2.0,headache,S067
10.6,0.69,7.920821849972268,21.979507181346133,59.43745897193051,34.57,2.0,headache,S067
-35.23,0.69,7.840965101167522,22.017509860659974,59.64259722806221,34.57,2.0,headache,S067
19.89,0.69,7.7526492899390815,21.984962524746862,59.381014203760316,34.57,2.0,headache,S067
5.6,0.69,7.6910983224802685,22.012266471189797,59.66409536501477,34.57,2.0,headache,S067
-29.55,0.69,7.371156011509153,21.99205409553772,59.63819789005326,34.57,2.0,headache,S067
42.47,0.7,7.9764471407078945,21.99755887669048,59.51645168803767,34.57,2.0,headache,S067
-16.01,0.69,7.995248182783955,22.08969501875457,59.64206758046911,34.57,2.0,headache,S067
-17.36,0.69,7.642649941791705,22.06197818807463,59.23336529088693,34.57,2.0,headache,S067
46.85,0.68,7.695295971105372,21.960525873402414,59.82376248227879,34.57,2.0,headache,S067
-22.05,0.68,7.595237376322838,22.034942607475696,59.40931300214471,34.57,2.0,headache,S067
3.39,0.69,7.680914239846483,21.96372223322212,59.42616747103373,34.57,2.0,headache,S067
36.95,0.69,7.831709653106753,22.0522481140698,59.73253354510827,34.57,2.0,headache,S067
-43.95,0.69,7.679116125636076,22.101426665151,59.11873947731971,34.57,2.0,headache,S067
2.48,0.69,7.482697728294487,21.9803090971173,59.52334948018381,34.57,2.0,headache,S067
8.81,0.69,7.751902459098865,22.09783280249301,59.62996275822932,34.57,2.0,headache,S067
-35.54,0.69,7.9071729187746795,22.05692312900258,59.25518232210544,34.57,2.0,headache,S067
40.58,0.69,7.826491190472237,21.964428905061364,59.63519115178984,34.57,2.0,headache,S067
-10.38,0.69,7.708339509685205,22.030628684179632,59.83818024731585,34.57,2.0,headache,S067
-29.72,0.69,7.681478655618621,21.971249769137305,59.645796180259076,34.57,2.0,headache,S067
57.03,0.69,7.46819090773163,22.02797621962126,59.32923918000026,34.57,2.0,headache,S067
-28.04,0.69,7.615735520782378,21.972240124027966,59.696896693918845,34.57,2.0,headache,S067
1.68,0.69,7.4849821650122035,22.027913720117677,59.449769263219316,34.57,2.0,headache,S067
38.93,0.69,7.9143777097111165,21.971610979969775,59.47734640671943,34.57,2.0,headache,S067
-41.65,0.69,7.816419278546962,22.0292250194831,59.577969923978564,34.55,2.0,headache,S067
11.85,0.69,7.952401982687081,21.969437207136828,59.228477252716225,34.55,2.0,headache,S067
6.95,0.69,8.02524909509646,22.03269652054081,59.66155665637743,34.55,2.0,headache,S067
-44.35,0.69,7.987102416110793,21.964677162174482,59.50002295711187,34.55,2.0,headache,S067
43.72,0.69,7.988745635248952,22.22387132777938,59.386097776688814,34.57,2.0,headache,S067
-19.11,0.69,7.866030887154554,22.045518234667348,59.57648507874234,34.57,2.0,headache,S067
-21.21,0.69,8.037879201522408,22.004354020248435,59.857510635302035,34.57,2.0,headache,S067
58.35,0.69,7.975455140073156,21.98658814585463,59.507774994376234,34.57,2.0,headache,S067
-42.26,0.69,7.831578008038229,22.017322155906037,59.49216540616188,34.59,2.0,headache,S067
14.63,0.69,7.90134264162046,21.980352346190944,59.66307892825548,34.59,2.0,headache,S067
47.16,0.69,8.047613575643116,22.021315663635953,59.50505291911533,34.59,2.0,headache,S067
-50.97,0.69,7.961984426640281,21.977321021684695,59.13127293237458,34.59,2.0,headache,S067
18.84,0.69,8.034096600107693,22.02390911900122,59.36689303734843,34.57,2.0,headache,S067
-4.81,0.69,7.967738093526289,21.974890137208806,59.796043249756096,34.57,2.0,headache,S067
-48.62,0.69,8.0316311256031,22.026360861626813,59.33634158501811,34.57,2.0,headache,S067
56.38,0.71,7.967999461733484,21.972259150184964,59.33154040063341,34.57,2.0,headache,S067
-29.03,0.69,8.03354500266712,22.0293476005924,59.7589903309619,34.57,2.0,headache,S067
-22.91,0.69,7.962965711008916,21.968673399706294,59.28400440371267,34.57,2.0,headache,S067
56.58,0.69,8.045333506409108,22.033929562927277,59.5596923850087,34.57,2.0,headache,S067
-47.05,0.69,7.920517417301519,21.962333146969872,59.556204023262964,34.57,2.0,headache,S067
23.41,0.69,7.801407718408338,22.043828949387546,59.295273049194535,34.57,2.0,headache,S067
41.66,0.69,7.9961345257508585,21.942684396349577,59.44011634724792,34.57,2.0,headache,S067
-55.46,0.69,8.017630740229023,22.15065067167115,59.51301299713501,34.57,2.0,headache,S067
33.78,0.7,7.972221255576767,21.98783651130807,59.42502070163425,34.57,2.0,headache,S067
-20.44,0.69,7.9217319979062815,22.12717386070467,59.591746362205306,34.55,2.0,headache,S067
-40.94,0.69,7.893755602528136,22.007656762673882,59.29801078316236,34.55,2.0,headache,S067
55.73,0.69,7.805858933761004,22.083522294847093,59.51139338748502,34.55,2.0,headache,S067
-51.93,0.69,8.008252514237995,22.089996699038252,59.59459983511231,34.55,2.0,headache,S067
11.62,0.69,7.6171678698623,22.15917497112776,59.52751467609633,34.59,2.0,headache,S067
42.98,0.69,8.041580079281848,22.062256979395688,59.41011463975514,34.59,2.0,headache,S067
-51.32,0.69,7.854207949228905,21.98686515991675,59.40731906083154,34.59,2.0,headache,S067
50.43,0.69,7.572992227696179,22.003954396199287,59.596526840483605,34.59,2.0,headache,S067
23.94,0.69,7.509689781576073,21.999827927492664,59.45193512503215,34.57,2.0,headache,S067
-54.29,0.69,7.738169213480041,21.998496657802892,59.52130856804985,34.57,2.0,headache,S067
47.81,0.69,7.320905320811233,22.00173033256556,59.68567713528776,34.57,2.0,headache,S067
-24.27,0.69,7.265624093948726,21.999737340642778,59.55273194314946,34.57,2.0,headache,S067
-45.86,0.69,7.819126573237523,21.995357224333095,59.64964062794436,34.57,2.0,headache,S067
39.18,0.69,7.983180182227207,22.024552004554188,59.592635923046394,34.57,2.0,headache,S067
-52.67,0.69,7.716348102236578,22.123850793864268,59.604862226228676,34.57,2.0,headache,S067
11.27,0.69,7.7026137941369175,21.970179133872193,59.20882695414111,34.57,2.0,headache,S067
78.75,0.69,7.463223476729087,22.01475112079131,59.606885181583905,34.57,2.0,headache,S067
-40.91,0.69,7.742785391527772,22.009538842893686,59.44832722825378,34.57,2.0,headache,S067
12.06,0.69,7.3908792054670664,22.255087990849475,59.72292261330083,34.57,2.0,headache,S067
12.26,0.69,7.289750437965204,22.007586782850755,59.732225610788824,34.57,2.0,headache,S067
-21.32,0.69,7.137415310917983,22.16647725749119,59.516921201551035,34.55,2.0,headache,S067
52.92,0.69,7.136451186064775,22.03137239859138,59.57884141075225,34.55,2.0,headache,S067
0.6,0.69,7.573310634350553,22.09745350278682,59.3440498154273,34.55,2.0,headache,S067
-56.37,0.69,7.828206084479587,22.06454455571934,59.49245831819217,34.55,2.0,headache,S067
25.87,0.69,7.472764908837506,22.131172470487787,59.5590092912444,34.55,2.0,headache,S067
-29.86,0.69,7.644754429573742,21.961413270719326,59.13562406337233,34.55,2.0,headache,S067
-23.02,0.69,7.609741185527093,22.143574307249292,59.17356237190386,34.55,2.0,headache,S067
55.02,0.69,7.9511624731005215,21.996665920160336,59.450964829135906,34.55,2.0,headache,S067
-51.02,0.69,8.004994261551028,22.01403618585136,59.73110598531208,34.57,2.0,headache,S067
-3.37,0.69,8.009137548583357,21.982568039444455,59.5749550416997,34.57,2.0,headache,S067
49.53,0.69,7.868863132839404,22.019132204081668,59.317404789475006,34.57,2.0,headache,S067
-55.38,0.69,7.482618402388,21.979864509248983,59.43824783491702,34.57,2.0,headache,S067
23.22,0.69,7.892607341960625,22.020757091522302,59.83840690771067,34.55,2.0,headache,S067
47.24,0.69,7.986941906224044,21.97887455797638,59.7829604561838,34.55,2.0,headache,S067
-56.1,0.69,7.911480113203614,22.021322744152908,59.583690474703324,34.55,2.0,headache,S067
15.65,0.69,7.8028130404087355,21.97836386177658,59.470702853826694,34.55,2.0,headache,S067
8.03,0.69,7.898821725156441,22.14415402232921,59.46263209841867,34.55,2.0,headache,S067
-54.59,0.7,7.90685778965644,21.98441524317736,59.90607734022499,34.55,2.0,headache,S067
49.15,0.69,7.838607380920238,22.011239367381997,59.58865046261118,34.55,2.0,headache,S067
1.43,0.69,8.052548067150456,22.008250185517714,59.671948629371094,34.55,2.0,headache,S067
-52.05,0.69,7.929334784879256,22.14153010103421,59.56099495986913,34.53,2.0,headache,S067
60.0,0.69,7.776883027414089,21.949687216168012,59.578816418751195,34.53,2.0,headache,S067
-11.14,0.69,7.909231428749531,22.041045550050562,59.418117926931224,34.53,2.0,headache,S067
-32.28,0.69,7.80726165568655,21.96219076622499,59.7426759839226,34.53,2.0,headache,S067
65.19,0.69,7.771052589913717,22.036342100033103,59.72388781995553,34.53,2.0,headache,S067
-28.87,0.69,7.892000501619432,21.964356989978967,59.571072659807044,34.53,2.0,headache,S067
-23.95,0.69,7.7741847537520945,22.035358495155503,59.42416475787404,34.53,2.0,headache,S067
34.33,0.69,8.014170312843596,21.964663340347045,59.41062870400465,34.53,2.0,headache,S067
-52.03,0.69,7.806004089441798,22.035506975062386,59.73777906864482,34.55,2.0,headache,S067
14.74,0.69,7.794475756846849,21.96416046168476,59.60769997387451,34.55,2.0,headache,S067
38.15,0.69,7.995350001751947,22.036330436629562,59.523985325184135,34.55,2.0,headache,S067
-62.59,0.69,8.01668830136864,21.96300115703376,59.745536410878394,34.55,2.0,headache,S067
39.36,0.69,7.872495706860947,22.03789305120971,59.694643525491564,34.55,2.0,headache,S067
21.14,0.69,7.793003835125028,21.960890260519015,59.40714657984174,34.55,2.0,headache,S067
-48.28,0.69,7.49151319135532,22.04084363944919,59.47787863924988,34.55,2.0,headache,S067
59.43,0.69,7.861199146339096,21.956471931562472,59.5674781783748,34.55,2.0,headache,S067
0.47,0.69,7.819531713607716,22.04833125349947,59.54296507151641,34.53,2.0,headache,S067
-43.51,0.7,7.692812062056965,21.940195118316,59.77554937802208,34.53,2.0,headache,S067
40.75,0.69,7.761150450003556,22.129797935229103,59.50738757672795,34.53,2.0,headache,S067
-43.58,0.69,7.7895516623538,22.027162765485933,59.581167041646864,34.53,2.0,headache,S067
-8.41,0.69,7.7523473718451665,22.01056582166815,59.44016988858921,34.5,2.0,headache,S067
46.11,0.69,7.648156756562921,21.980372069781396,59.47643460969943,34.5,2.0,headache,S067
-58.57,0.69,7.849304919530376,22.02382048469203,59.57145380688816,34.5,2.0,headache,S067
25.4,0.69,7.769159471022821,21.97368643324032,59.597249525119004,34.5,2.0,headache,S067
24.85,0.69,7.965492389448706,22.028018622931423,59.5647856797368,34.53,2.0,headache,S067
-49.36,0.69,7.862729390912438,21.970704227668232,59.580571352546144,34.53,2.0,headache,S067
58.45,0.69,7.943811724174603,22.03031585631719,59.37154480239647,34.53,2.0,headache,S067
3.57,0.7,7.983121311678625,21.96882967726416,59.6815683859138,34.53,2.0,headache,S067
-42.24,0.69,7.914506995769345,22.031912533234884,59.281222034663166,34.53,2.0,headache,S067
45.24,0.69,7.937552157235498,21.96742428187264,59.28145524776035,34.53,2.0,headache,S067
-33.71,0.69,7.8300333474187,22.033181653596255,59.54674903973615,34.53,2.0,headache,S067
-19.17,0.69,7.699700924013913,21.966254790025584,59.92454526580975,34.53,2.0,headache,S067
53.55,0.69,7.833400232582183,22.0342768943442,59.701885935563524,34.53,2.0,headache,S067
-53.5,0.69,7.686065841893554,21.965215651624604,59.40906086028054,34.53,2.0,headache,S067
0.85,0.7,7.991446953691802,22.035273269949467,59.66764295923852,34.53,2.0,headache,S067
58.72,0.69,7.849431770355641,21.964251998526947,59.84789636887145,34.53,2.0,headache,S067
-50.95,0.69,8.041246512900697,22.03621191743589,59.65236421464683,34.5,2.0,headache,S067
14.94,0.69,7.886791627457853,21.963332313218977,59.37318555651259,34.5,2.0,headache,S067
32.07,0.69,7.955509844112691,22.037117454817853,59.44015579061891,34.5,2.0,headache,S067
-60.4,0.69,7.890336993564314,21.962437027960053,59.699209865701945,34.5,2.0,headache,S067
29.13,0.7,7.9080588669597995,22.0380056870732,59.77813362080471,34.5,2.0,headache,S067
23.49,0.7,7.928878674695622,21.961553185119193,59.57432577762677,34.5,2.0,headache,S067
-60.31,0.69,8.071005169332405,22.038887387576114,59.76162077154036,34.5,2.0,headache,S067
41.77,0.7,7.7932645866964965,21.960671707197196,59.66234022041453,34.5,2.0,headache,S067
26.37,0.7,7.672692713515632,22.039770303088122,59.47216378465111,34.53,2.0,headache,S067
-55.68,0.69,7.948657224425946,21.95978590145016,59.42023006316666,34.53,2.0,headache,S067
51.89,0.7,7.503836324764656,22.040660284644332,59.57774175403659,34.53,2.0,headache,S067
16.52,0.7,7.65167719592838,21.95889059383024,59.34378691825673,34.53,2.0,headache,S067
-54.86,0.7,7.8252970386356075,22.041561958407822,59.29730903882996,34.53,2.0,headache,S067
34.21,0.69,7.638958046730071,21.957981603945555,59.68870445817095,34.53,2.0,headache,S067
-8.79,0.7,7.811991032533365,22.04247914042219,59.44665214181884,34.53,2.0,headache,S067
-61.32,0.69,7.952406876886889,21.957055414723435,59.88192346839128,34.53,2.0,headache,S067
51.71,0.69,7.509661694092339,22.043415101577807,59.643012188203805,34.53,2.0,headache,S067
-18.53,0.7,7.628713062124302,21.95610895866595,59.68999268144363,34.53,2.0,headache,S067
-38.3,0.7,7.885255281928244,22.04437274071954,59.54200227605421,34.53,2.0,headache,S067
65.38,0.7,7.945301292257504,21.955139477426705,59.66083525047558,34.53,2.0,headache,S067
-29.07,0.69,7.679822727258065,22.04535469836077,59.66723318783389,34.53,2.0,headache,S067
-15.47,0.7,7.7393900514882406,21.954144430344176,59.38280184358675,34.53,2.0,headache,S067
70.31,0.7,7.879606899479419,22.04636342917702,59.59152374414932,34.53,2.0,headache,S067
-38.73,0.69,7.785818281273493,21.953121438608317,59.555630742747105,34.53,2.0,headache,S067
-0.89,0.7,7.797538128419227,22.047401242680458,59.77113755351377,34.53,2.0,headache,S067
49.75,0.7,7.8101878786047845,21.95206825896616,59.657094357785425,34.53,2.0,headache,S067
-59.18,0.69,7.7058474062668365,22.04847031522709,59.6123284378826,34.53,2.0,headache,S067
0.79,0.7,7.749353060363885,21.95098278660779,59.29562216782143,34.53,2.0,headache,S067
36.89,0.7,7.851393048698485,22.049572670868006,59.67734986971129,34.5,2.0,headache,S067
-63.68,0.69,7.787893166322019,21.94986309283516,59.60610680278214,34.5,2.0,headache,S067
29.96,0.69,8.054642386857699,22.050710121817556,59.407395300400296,34.5,2.0,headache,S067
31.48,0.7,7.952627938091454,21.94870751118106,59.69294891377267,34.5,2.0,headache,S067
-57.78,0.7,7.641308907579818,22.051884149211652,59.39075231669157,34.5,2.0,headache,S067
43.64,0.69,7.665784177006791,21.94751479874036,59.542671589211835,34.5,2.0,headache,S067
31.11,0.7,7.885539719444832,22.053095687396226,59.72953884389992,34.5,2.0,headache,S067
-58.6,0.7,7.835844460054836,21.94628442317249,59.560882896010554,34.5,2.0,headache,S067
43.67,0.69,7.6924186199381746,22.05434474220541,59.316822138672514,34.53,2.0,headache,S067
1.75,0.7,7.858241090466118,21.945017071898835,59.541916143500224,34.53,2.0,headache,S067
-61.09,0.7,7.829773259318069,22.055629707987624,59.76498749469669,34.53,2.0,headache,S067
47.4,0.7,7.710493892241684,21.94371557511598,59.38336109438576,34.53,2.0,headache,S067
-11.76,0.7,7.8191748014563585,22.056946108416074,59.772686196876826,34.5,2.0,headache,S067
-51.85,0.7,7.864040683616111,21.94238664272437,59.73604134124264,34.5,2.0,headache,S067
64.78,0.7,7.860611018702385,22.058284170056673,59.608926645476,34.5,2.0,headache,S067
-19.4,0.7,7.779033288240033,21.941044302253214,59.476649853345805,34.5,2.0,headache,S067
-26.72,0.7,7.64755663044562,22.059623875414907,59.71668118062379,34.5,2.0,headache,S067
76.21,0.7,7.76300469549777,21.93971713459899,59.73614348745198,34.5,2.0,headache,S067
-30.55,0.69,7.508048452747233,22.06092420626533,59.21401723866596,34.5,2.0,headache,S067
-24.54,0.7,8.080610060504279,21.938464482827587,59.660348028850095,34.5,2.0,headache,S067
45.69,0.7,7.86620840696074,22.062098624489487,59.71969710122465,34.53,2.0,headache,S067
-61.77,0.7,7.549434889263809,21.937412525958752,59.66383055762078,34.53,2.0,headache,S067
7.97,0.69,8.286763338387328,22.06296970027004,59.618208502986384,34.53,2.0,headache,S067
40.34,0.7,8.10561684603984,21.93675973295945,59.844669828351954,34.53,2.0,headache,S067
-65.57,0.7,8.041358348608581,22.06374185594922,59.367733015223465,34.5,2.0,headache,S067
39.59,0.69,8.086291317084722,21.92963748864534,59.4718306620556,34.5,2.0,headache,S067
34.05,0.7,8.232785364055394,21.65420616602372,59.80432573944423,34.5,2.0,headache,S067
-63.65,0.7,8.18274840705322,21.832051326407953,59.794596835109,34.5,2.0,headache,S067
51.3,0.7,7.974707665525637,22.096780491255153,59.52094952208834,34.53,2.0,headache,S067
1.08,0.7,8.00461428369799,21.913231913697857,59.632474833272894,34.53,2.0,headache,S067
-47.94,0.7,8.005720523046161,22.08158457259918,59.62164858446008,34.53,2.0,headache,S067
50.62,0.7,7.980921917200644,21.930372493626667,59.742037899095095,34.53,2.0,headache,S067
-18.73,0.7,7.7893818026866946,22.15950621414358,59.6090822844593,34.5,2.0,headache,S067
-39.87,0.7,7.632280327873245,21.668903168018947,59.6688033867422,34.5,2.0,headache,S067
63.16,0.7,7.691812147973572,21.972713225621145,59.48053753634997,34.5,2.0,headache,S067
-50.43,0.7,7.41138773437999,21.94694314067263,59.93069607589127,34.5,2.0,headache,S067
-9.01,0.7,7.282805050721779,22.068403537516573,59.83270699696981,34.5,2.0,headache,S067
37.11,0.7,7.019000203121917,21.924900149597466,59.81298831621431,34.5,2.0,headache,S067
-59.86,0.7,7.030936961583385,22.079199021621083,59.70745392888291,34.5,2.0,headache,S067
49.97,0.7,7.110073116194566,21.917754289384394,59.736282946764156,34.5,2.0,headache,S067
56.23,0.7,6.985499856927208,22.084797590155066,59.98636700748624,34.5,2.0,headache,S067
-34.61,0.7,7.000819268095175,21.91289891058235,59.94612043618216,34.5,2.0,headache,S067
30.04,0.7,7.006393425186472,22.08928123573935,59.90382706380739,34.5,2.0,headache,S067
-39.78,0.7,6.987996154785595,21.908591477522226,59.884336038211835,34.5,2.0,headache,S067
-26.57,0.7,7.017777733993557,22.093526371520102,59.991823991373295,34.5,2.0,headache,S067
49.53,0.7,6.973893708527703,21.90433624176883,59.861932044013,34.5,2.0,headache,S067
-46.92,0.7,7.0494448617100085,22.09784154663469,60.042173208386416,34.5,2.0,headache,S067
16.42,0.7,7.098285881083831,21.899924095650196,59.91039934894427,34.5,2.0,headache,S067
35.91,0.7,6.994193986501125,22.102380260902372,59.77493273324319,34.53,2.0,headache,S067
-50.54,0.7,6.9939648047327205,21.895233503142563,60.077314821759096,34.53,2.0,headache,S067
53.1,0.7,7.011725022013946,22.107245708351297,59.84768193370509,34.53,2.0,headache,S067
-4.2,0.7,6.984385300694268,21.8901712703021,60.007931069485736,34.53,2.0,headache,S067
-32.45,0.7,7.018752778293189,22.112526515955032,59.84236960280171,34.5,2.0,headache,S067
28.73,0.7,6.978473476778695,21.884649554843822,59.88008787049498,34.5,2.0,headache,S067
-40.53,0.7,7.024117251799611,22.118312577105804,59.96972003881624,34.5,2.0,headache,S067
8.55,0.7,6.973375097902226,21.878574106973517,59.8778999038747,34.5,2.0,headache,S067
19.37,0.7,7.029112093284592,22.124704533368494,60.07920558655145,34.49,2.0,headache,S067
-46.44,0.7,6.9683773855755184,21.87183595260282,59.778605429367055,34.49,2.0,headache,S067
43.52,0.7,7.034190231737545,22.131821666528257,59.8605437635188,34.49,2.0,headache,S067
-15.87,0.7,6.963156656501674,21.864303386852427,59.841047974096206,34.49,2.0,headache,S067
-14.08,0.7,7.039607685513205,22.139810457531663,59.843675731386945,34.5,2.0,headache,S067
50.6,0.7,6.957491936476041,21.85581246261377,59.55639332065939,34.5,2.0,headache,S067
-34.53,0.7,7.045569586404774,22.148855457511154,59.93026208400186,34.5,2.0,headache,S067
-3.69,0.7,6.951181348875213,21.846154308613446,60.04467359573445,34.5,2.0,headache,S067
16.72,0.7,7.0522838260997815,22.159194312417284,59.95213863222175,34.49,2.0,headache,S067
-48.83,0.7,6.944003270021582,21.835057109271375,59.90950188193974,34.49,2.0,headache,S067
40.38,0.7,7.059992981117005,22.171139602606363,59.850811028146154,34.49,2.0,headache,S067
-4.29,0.7,6.9356867127667865,21.822159384852373,59.92474837604113,34.49,2.0,headache,S067
-39.61,0.7,7.069004750160605,22.185111830263423,59.84479879001217,34.49,2.0,headache,S067
49.16,0.7,6.925877523922249,21.806968897401653,59.71655694736074,34.49,2.0,headache,S067
-12.42,0.7,7.079731608339315,22.20169108939379,59.894896803579144,34.49,2.0,headache,S067
-23.81,0.7,6.914090058264365,21.788797046692192,59.7144073797749,34.49,2.0,headache,S067
60.01,0.7,7.092751340288054,22.221701231942333,60.069943817471284,34.49,2.0,headache,S067
-31.92,0.7,6.89962972322844,21.766649673227082,59.741083634046355,34.49,2.0,headache,S067
-4.59,0.7,7.108907959791183,22.246353276361376,59.83751868472128,34.49,2.0,headache,S067
21.92,0.7,6.881459254800407,21.739036190326964,59.82689774428859,34.49,2.0,headache,S067
-46.45,0.7,7.1294918979859485,22.277503203664956,59.985248434478486,34.5,2.0,headache,S067
26.59,0.7,6.857951623406756,21.703615664993304,59.81909364927953,34.5,2.0,headache,S067
9.45,0.7,7.156585334429472,22.318146776089545,59.889864605461476,34.5,2.0,headache,S067
-45.01,0.7,6.826397182435351,21.656490669090722,59.888774951999665,34.5,2.0,headache,S067
54.78,0.7,7.193782368301456,22.373451011876572,59.83256270976613,34.47,2.0,headache,S067
-25.5,0.7,6.781922649922544,21.590659844319088,60.045826286157485,34.47,2.0,headache,S067
-2.24,0.7,7.247862936661486,22.453148636235692,59.97630678383334,34.47,2.0,headache,S067
42.8,0.7,6.71480275353271,21.49217555441367,60.01371625467852,34.47,2.0,headache,S067
-34.95,0.7,7.333302768399221,22.577977830364468,59.89995956761863,34.47,2.0,headache,S067
3.19,0.7,6.602481003085546,21.328762645904938,59.83908742755643,34.47,2.0,headache,S067
17.94,0.7,7.487364828039581,22.801181712051523,59.780724318880296,34.47,2.0,headache,S067
-48.51,0.7,6.3784346844997275,21.005525301526454,59.963053996118724,34.47,2.0,headache,S067
46.36,0.7,7.842495366889529,23.311331236694144,60.03260486839359,34.47,2.0,headache,S067
-17.99,0.7,5.730632033019904,20.07926826017289,59.84481424838939,34.47,2.0,headache,S067
