bvp,eda,x,y,z,temperature,pain_scale,pain_type,person_id
-5.41,4.0,-5.275748669078396,-0.6153764425978984,60.265795070779994,4.0,2.0,headache,S079
3.63,0.0,-13.589844287539476,-8.038527851924913,62.684270155992316,36.11,2.0,headache,S079
2.33,0.83,-13.066929656643758,-7.415268886182187,63.29169037566062,36.11,2.0,headache,S079
22.21,1.18,-13.239004387924705,-7.716896699302691,63.12007452807469,36.11,2.0,headache,S079
92.23,1.19,-12.997297254069702,-7.3672072997922005,63.093831624842345,36.11,2.0,headache,S079
150.73,1.19,-13.02754570573169,-7.540884330355467,62.97373747082066,36.11,2.0,headache,S079
-454.23,1.19,-13.257978771892292,-7.63575594413842,63.05017610054672,36.11,2.0,headache,S079
-32.98,1.19,-13.204668677872547,-7.816022851885283,63.55485160303337,36.11,2.0,headache,S079
184.64,1.19,-13.342545164320738,-7.555889367517887,63.164774567341624,36.11,2.0,headache,S079
18.31,1.19,-13.339210652339704,-7.84902548268646,62.990571535144696,36.13,2.0,headache,S079
1.16,1.19,-13.450719095025143,-7.611380508747787,63.097768930708725,36.13,2.0,headache,S079
-11.19,1.19,-12.965151600683756,-7.66883363879958,63.04315591562534,36.13,2.0,headache,S079
38.32,1.19,-13.51293723648313,-7.7361751079453684,63.02774541564913,36.13,2.0,headache,S079
-14.31,1.19,-13.461311964548464,-7.432245903656832,63.134588379477925,36.13,2.0,headache,S079
22.55,1.19,-13.301775010404876,-7.438846924679627,62.895260718701365,36.13,2.0,headache,S079
-8.09,1.19,-13.448679836063022,-8.010032564219681,63.102689539347594,36.13,2.0,headache,S079
-6.98,1.19,-13.767371897003832,-7.578920645710395,62.894427017744164,36.13,2.0,headache,S079
-11.07,1.19,-13.589439335664741,-7.5572460262253,63.110343349264134,36.13,2.0,headache,S079
11.14,1.19,-13.815399535050116,-7.469190453652408,62.88381592061038,36.13,2.0,headache,S079
-2.35,1.19,-13.569266466475371,-7.438750133771198,63.122842294481934,36.13,2.0,headache,S079
-7.42,1.19,-14.262796835690803,-7.527347913104845,62.86971708867903,36.13,2.0,headache,S079
2.94,1.19,-13.724130959589765,-7.359919761871758,63.13860357385683,36.13,2.0,headache,S079
13.52,1.19,-14.312476673799264,-7.857957363830479,62.85195328311963,36.13,2.0,headache,S079
-24.79,1.19,-13.562689521765453,-7.351115076533719,63.15912349339689,36.13,2.0,headache,S079
-13.99,1.19,-14.269359255409594,-7.794583417488658,62.82687446845416,36.13,2.0,headache,S079
7.59,1.19,-14.042876418029518,-7.6079310901776696,63.195804885613136,36.11,2.0,headache,S079
26.6,1.19,-14.202826619072175,-7.228618659109662,62.926420614434996,36.11,2.0,headache,S079
-9.14,1.19,-13.71992121531747,-7.481059611685149,63.20642189941463,36.11,2.0,headache,S079
18.74,1.19,-14.381808391845992,-7.835281402103715,62.74088386776615,36.11,2.0,headache,S079
-21.52,1.19,-13.309940186138693,-7.522607992170002,63.428608801353285,36.13,2.0,headache,S079
-13.12,1.19,-15.91287130492991,-7.9644529628812375,62.541078057940844,36.13,2.0,headache,S079
12.73,1.19,-19.915285971492164,-10.802940015318915,61.25725178557058,36.13,2.0,headache,S079
-9.7,1.2,-17.8522847521628,-10.162737017456918,61.84146296482282,36.13,2.0,headache,S079
-29.08,1.2,-20.086713149248286,-9.751790136336982,61.69595106792441,36.11,2.0,headache,S079
-41.86,1.2,-20.72905035300518,-10.456027405391072,60.75654283603982,36.11,2.0,headache,S079
83.5,1.2,-19.86173160410331,-11.155052226620093,60.80367136806085,36.11,2.0,headache,S079
55.04,1.2,-21.327415107963997,-11.165530274390745,60.36726079106571,36.11,2.0,headache,S079
-28.96,1.24,-15.047752413683671,-11.011636365681685,62.12812411477182,36.11,2.0,headache,S079
24.44,1.21,-9.880037925813086,-10.051135307853842,63.50358347993643,36.11,2.0,headache,S079
4.39,1.21,-8.852531293676718,-9.325648407702607,64.36405591388362,36.11,2.0,headache,S079
5.02,1.21,-10.324550284340836,-9.748664075941795,63.5256975919072,36.11,2.0,headache,S079
-38.33,1.21,-17.236112296484574,-10.133693102680686,61.71050330883263,36.09,2.0,headache,S079
-14.84,1.21,-17.478497521761817,-9.902526356559289,61.78553300071352,36.09,2.0,headache,S079
-20.01,1.21,-18.005108825456798,-10.24466102401454,62.39441358164006,36.09,2.0,headache,S079
-16.7,1.21,-19.32132768975885,-9.701420932019754,61.67637680097881,36.09,2.0,headache,S079
-45.09,1.21,-18.502382124483546,-9.74461486151164,62.17616148806107,36.11,2.0,headache,S079
54.62,1.2,-19.54191476806422,-8.725032544220104,61.22692242349588,36.11,2.0,headache,S079
5.17,1.21,-21.780690731906283,-10.210232553343454,64.2717071797204,36.11,2.0,headache,S079
-0.98,1.21,-53.44829713966982,-18.0300578554097,52.91294219852157,36.11,2.0,headache,S079
3.01,1.19,-17.711238219259716,-31.377345912144268,47.42330477241736,36.13,2.0,headache,S079
16.13,1.19,5.12750640725783,-42.48864090673691,43.74225895225244,36.13,2.0,headache,S079
27.32,1.19,-8.059479221518927,-46.66106535509838,44.89417881780055,36.13,2.0,headache,S079
-10.48,1.18,-2.4677698689909464,-48.03872715519769,43.47090828820898,36.13,2.0,headache,S079
-241.01,1.17,-6.6377316926961445,-46.31176529264879,44.8342206369203,36.11,2.0,headache,S079
60.04,1.18,4.897872802497898,-42.20596956633628,42.43139318315143,36.11,2.0,headache,S079
99.47,1.17,-9.775010729590948,-40.47970093812755,54.09741126534021,36.11,2.0,headache,S079
75.78,1.17,-15.845158476844396,-23.92668026725622,57.390223720206386,36.11,2.0,headache,S079
91.97,1.18,-20.52872646731472,-16.884281563969207,63.05080832883715,36.11,2.0,headache,S079
116.4,1.18,-35.59316328093301,-9.353120997197708,59.37556652511783,36.11,2.0,headache,S079
102.27,1.17,-34.49501118817854,-9.883344166157238,54.147107726144924,36.11,2.0,headache,S079
-112.09,1.17,-16.915726656572453,-8.136099536632447,63.3748886044604,36.11,2.0,headache,S079
-135.46,1.18,-17.29637849373848,-7.646427168016501,60.72742706104899,36.11,2.0,headache,S079
-144.25,1.19,-19.103571375423666,-7.977780967194584,62.758604374756445,36.11,2.0,headache,S079
-75.58,1.19,-19.446925034030684,-7.7574410733954755,60.91915828203951,36.11,2.0,headache,S079
334.64,1.19,-18.669977125209297,-7.854723031152428,62.85469104827289,36.11,2.0,headache,S079
-272.2,1.19,-19.54088968942679,-7.879701028076085,61.23308110052838,36.11,2.0,headache,S079
-232.41,1.19,-19.60535037142469,-7.3468619009176335,62.38710216598085,36.11,2.0,headache,S079
245.93,1.19,-20.52404720370309,-8.141561861861842,61.06160617066763,36.11,2.0,headache,S079
43.53,1.18,-19.762747104140402,-7.168671203218281,62.38800319846708,36.11,2.0,headache,S079
30.21,1.18,-20.547724880216155,-7.459491781257137,61.164773277893474,36.07,2.0,headache,S079
-44.25,1.18,-19.539425834973024,-7.563382147193665,62.06116138015284,36.07,2.0,headache,S079
33.99,1.18,-20.551325335959287,-7.455150111910403,61.209301553757044,36.07,2.0,headache,S079
13.71,1.18,-19.84492990728254,-7.3420923096801864,62.168356307050566,36.07,2.0,headache,S079
-3.87,1.18,-20.40105020087054,-7.604420816761149,61.13560904068666,36.09,2.0,headache,S079
-13.05,1.18,-19.940663849102414,-7.351041335120156,62.03195414725085,36.09,2.0,headache,S079
15.37,1.18,-20.355508506630425,-7.335584528725515,61.427373562461135,36.09,2.0,headache,S079
-6.71,1.18,-19.824687373485244,-7.434435419307374,62.143882790537305,36.09,2.0,headache,S079
11.24,1.18,-20.36095186113971,-7.473808181887408,61.41816726689613,36.07,2.0,headache,S079
-13.38,1.18,-20.187545415707007,-7.136962405424504,62.0319413732461,36.07,2.0,headache,S079
7.6,1.18,-20.887093370932487,-7.310958464319356,61.2249878874673,36.07,2.0,headache,S079
8.54,1.18,-20.020111572085394,-7.38980377299842,62.1120002373035,36.07,2.0,headache,S079
2.53,1.18,-20.752435384862157,-7.060860134719175,61.27458227447409,36.07,2.0,headache,S079
-5.73,1.18,-20.45826446752268,-7.410048703161412,61.98013000411913,36.07,2.0,headache,S079
18.21,1.18,-20.818816727348736,-7.171328282317851,61.05324177511008,36.07,2.0,headache,S079
-27.59,1.18,-20.128915376483363,-7.15240922783472,61.78462885588082,36.07,2.0,headache,S079
-9.27,1.18,-21.585578232854164,-7.397839698100877,61.03286206932971,36.07,2.0,headache,S079
10.93,1.18,-20.539211298799227,-7.59470420505677,61.9279519669513,36.07,2.0,headache,S079
-18.91,1.19,-21.654190045875605,-7.708449798962667,61.21218941440073,36.07,2.0,headache,S079
16.62,1.18,-21.284391673361327,-7.601509794239803,61.42993460522587,36.07,2.0,headache,S079
28.83,1.18,-24.975661520209187,-7.305687598685269,59.899646513984216,36.09,2.0,headache,S079
-23.73,1.19,-26.441012201762227,-7.6947279137273545,59.620904686906634,36.09,2.0,headache,S079
-18.37,1.2,-26.091458638176288,-8.208376642930121,59.64920265717598,36.09,2.0,headache,S079
-25.5,1.2,-25.85695472061792,-8.291320264098637,59.983037559625195,36.09,2.0,headache,S079
5.48,1.19,-26.34953361261147,-7.7339241679042185,59.24457644141652,36.09,2.0,headache,S079
78.94,1.19,-26.904451969062112,-7.720874042316435,59.359284245768755,36.09,2.0,headache,S079
9.27,1.19,-25.595483080414553,-8.02201638581607,59.85058051754951,36.09,2.0,headache,S079
-31.39,1.19,-26.22215029710092,-7.906284131317681,59.85231525170011,36.09,2.0,headache,S079
-13.55,1.2,-26.591343839346635,-7.95031625000465,59.54542993778313,36.07,2.0,headache,S079
29.87,1.2,-25.965387778481684,-8.095027425817626,60.00875103726207,36.07,2.0,headache,S079
-1.35,1.19,-26.15989895818938,-8.024158347094627,59.54907755644392,36.07,2.0,headache,S079
-29.77,1.2,-25.797530571269775,-7.967325948628741,59.64589210693524,36.07,2.0,headache,S079
19.47,1.2,-26.014010464504256,-8.192043261302539,59.681250168917686,36.07,2.0,headache,S079
0.06,1.19,-25.798666935321947,-8.145284093298102,59.765523555842236,36.07,2.0,headache,S079
-20.71,1.2,-25.139321030675422,-8.420083301746008,59.60461085455121,36.07,2.0,headache,S079
-11.44,1.2,-25.62941594322983,-7.806158124336315,59.92590857871529,36.07,2.0,headache,S079
-5.38,1.2,-25.42505216458925,-8.123729789795004,59.792359192435775,36.07,2.0,headache,S079
3.06,1.2,-25.244484694983306,-7.892583794327395,60.074315544665495,36.07,2.0,headache,S079
-12.03,1.2,-25.785837049828316,-8.09976839332499,59.739723361403684,36.07,2.0,headache,S079
0.21,1.2,-25.34717286370161,-7.903340450695303,59.97078443766161,36.07,2.0,headache,S079
6.93,1.2,-25.563020115602416,-8.099452358386658,59.87493959055103,36.07,2.0,headache,S079
-4.18,1.2,-25.22958386659483,-7.794143782727381,60.12787802354691,36.07,2.0,headache,S079
21.71,1.19,-25.10996274013784,-8.065565807606802,59.8747665403685,36.07,2.0,headache,S079
0.77,1.19,-25.157809346634114,-7.926004991219469,60.117145789345095,36.07,2.0,headache,S079
-6.87,1.2,-25.07469183245906,-8.076779548414454,59.99401668638589,36.07,2.0,headache,S079
13.53,1.2,-24.91983845161859,-7.921237989043885,60.141982991311764,36.07,2.0,headache,S079
-7.5,1.2,-25.07952066534935,-8.08083767230016,59.870365618555724,36.07,2.0,headache,S079
-13.79,1.2,-24.927073352591687,-7.916651589325916,60.12317104092607,36.07,2.0,headache,S079
19.74,1.2,-25.038070169899814,-8.086522887336402,59.88237764557996,36.07,2.0,headache,S079
-9.67,1.19,-24.80335301455411,-7.9094032387922155,60.11190970933151,36.07,2.0,headache,S079
-11.06,1.2,-25.12756501770367,-8.0958789160546,59.89461556655616,36.07,2.0,headache,S079
5.91,1.2,-24.881335701374518,-7.897173273236453,60.09721437103858,36.07,2.0,headache,S079
-3.41,1.2,-25.119371722340993,-8.112175310252507,59.914277543903786,36.07,2.0,headache,S079
-6.17,1.2,-24.777729539201328,-7.874793536907275,60.065644705346024,36.07,2.0,headache,S079
6.66,1.2,-25.072999622004936,-8.144396600439206,60.0699097956559,36.07,2.0,headache,S079
-1.25,1.2,-24.94209320844688,-7.82471421907201,60.17472819064501,36.07,2.0,headache,S079
-7.03,1.2,-24.991919988459024,-8.233619689742381,60.06504694255423,36.09,2.0,headache,S079
5.54,1.2,-25.305911588461406,-7.731543437538248,59.86875803221818,36.09,2.0,headache,S079
-1.31,1.2,-21.718321286820018,-9.074088602151994,60.75647043744339,36.09,2.0,headache,S079
6.06,1.2,-10.293088254251408,-10.548840576079444,64.83539544829935,36.09,2.0,headache,S079
1.49,1.2,-18.448770390027924,-7.717723771807311,61.81447340520792,36.07,2.0,headache,S079
15.43,1.2,-19.274804483730534,-8.538387737177546,61.95478435649084,36.07,2.0,headache,S079
24.8,1.2,-14.017009940414546,-10.774777882889593,63.13941217022249,36.07,2.0,headache,S079
-96.53,1.19,-16.572673405430482,-8.900818197018747,63.09258261589872,36.07,2.0,headache,S079
63.22,1.19,-18.702459834581337,-9.385123325824814,61.44518948254343,36.07,2.0,headache,S079
-36.24,1.19,-25.759946728557505,-9.133833073349466,59.67878668182418,36.07,2.0,headache,S079
50.51,1.2,-27.096225333565133,-8.861760345768046,58.734020695614554,36.07,2.0,headache,S079
17.68,1.2,-28.799312078888352,-8.064275158238823,58.42998514338399,36.07,2.0,headache,S079
-99.51,1.19,-30.056461829353776,-10.261651758154374,58.121487002121334,36.09,2.0,headache,S079
43.87,1.19,-29.27823653877698,-9.26293582535842,57.998140346062485,36.09,2.0,headache,S079
-10.0,1.19,-29.95884474715647,-8.797687021556541,57.97756722849153,36.09,2.0,headache,S079
-6.98,1.19,-29.465448020174932,-9.377891065809395,58.00596032446717,36.09,2.0,headache,S079
81.63,1.19,-29.98175625625047,-9.321263029913384,57.91902949206784,36.07,2.0,headache,S079
-110.62,1.19,-32.031884344767924,-9.555054583388586,56.65889627592222,36.07,2.0,headache,S079
60.34,1.19,-31.44032214998205,-9.052238451070147,56.5943071254306,36.07,2.0,headache,S079
-9.95,1.19,-31.912151251251665,-9.702104184677989,56.99569366711946,36.07,2.0,headache,S079
15.89,1.19,-31.08642646733569,-9.90009127595193,57.041312358361644,36.05,2.0,headache,S079
52.6,1.19,-31.21515387475217,-9.17590735592826,56.98515317017873,36.05,2.0,headache,S079
-102.71,1.19,-31.92677114946864,-9.42913931136971,56.47259069242879,36.05,2.0,headache,S079
-72.56,1.19,-32.28915269114405,-9.202955151265298,56.53152600523757,36.05,2.0,headache,S079
115.48,1.19,-31.52257638534248,-9.448379863124815,57.220331197664926,36.05,2.0,headache,S079
89.24,1.19,-31.613985401396924,-9.246219920361133,56.48229089488131,36.05,2.0,headache,S079
-94.6,1.19,-29.329964712296974,-9.149536047378346,58.55531778342745,36.05,2.0,headache,S079
-57.01,1.19,-31.91745092110302,-9.39929261568379,56.57467448660006,36.05,2.0,headache,S079
64.43,1.19,-30.281059468514655,-10.153974416066953,58.142041295896846,36.05,2.0,headache,S079
11.68,1.19,-57.667929690154324,-12.645880320938122,29.023723370885403,36.05,2.0,headache,S079
8.85,1.18,-61.324243156044645,-12.932721561974253,23.767279812012756,36.05,2.0,headache,S079
-54.95,1.18,-58.69152694973792,-13.37131891969388,29.08924122769877,36.05,2.0,headache,S079
48.78,1.17,-58.91428286877271,-13.025832825544757,29.244734359175414,36.05,2.0,headache,S079
70.52,1.18,-57.61878738668718,-12.573898905256053,30.780357089615343,36.05,2.0,headache,S079
-176.41,1.17,-57.87641145986739,-12.969423685669506,31.206871579839067,36.05,2.0,headache,S079
144.27,1.17,-57.17753035126844,-12.98062855020093,32.492393680422566,36.05,2.0,headache,S079
-52.93,1.18,-56.65042184647593,-12.612550323699052,32.493688063611714,36.05,2.0,headache,S079
-190.8,1.18,-56.30437948645517,-12.166637074797942,33.63715253924009,36.05,2.0,headache,S079
155.19,1.18,-56.59357063811247,-12.64229268470983,33.046233967742076,36.05,2.0,headache,S079
48.21,1.18,-55.24336424323953,-12.49848816241734,35.589388421259656,36.05,2.0,headache,S079
-4.88,1.17,-55.876855799666664,-12.038279799698383,34.67745349045683,36.03,2.0,headache,S079
27.26,1.17,-54.02582545147389,-12.267176353812722,36.81052228084478,36.03,2.0,headache,S079
-31.13,1.17,-54.12896827410431,-11.271896163709972,37.17436106550264,36.03,2.0,headache,S079
-2.06,1.17,-53.632332952843804,-11.668945105342505,38.557155817448724,36.03,2.0,headache,S079
58.31,1.17,-53.54395371290946,-12.146397170142471,37.66550531029351,36.03,2.0,headache,S079
76.68,1.16,-52.16165055815532,-12.325989047357394,39.28719051229676,36.03,2.0,headache,S079
-228.64,1.16,-52.67268166195643,-11.96374344111153,38.82661739547026,36.03,2.0,headache,S079
-47.16,1.17,-52.712128864959915,-12.074142307877205,39.635999900490646,36.03,2.0,headache,S079
279.11,1.17,-52.0398067189353,-11.963103292053333,39.09094609507422,36.05,2.0,headache,S079
-79.55,1.16,-50.965881590036965,-13.011632099306125,40.70020150433176,36.05,2.0,headache,S079
-45.46,1.17,-52.2210882517798,-11.968577527554604,39.34965939765017,36.05,2.0,headache,S079
-63.62,1.17,-53.09919521486936,-12.618623573008007,39.08291531102398,36.05,2.0,headache,S079
67.03,1.16,-52.609040975825586,-12.198577340125631,38.995410401584216,36.05,2.0,headache,S079
-50.09,1.16,-53.40504348435049,-12.082282710539472,38.517977605612586,36.05,2.0,headache,S079
-22.81,1.16,-52.86898353182146,-13.829180555132988,37.936349619753905,36.05,2.0,headache,S079
106.57,1.16,-53.414309244915444,-13.822864414905666,38.10907179383138,36.05,2.0,headache,S079
41.48,1.17,-46.3819911685224,-11.059523165665823,45.86052440741441,36.05,2.0,headache,S079
-99.85,1.17,-39.21535079418953,-11.647904346585392,51.941231408796405,36.05,2.0,headache,S079
29.25,1.17,-38.3718886968297,-10.521263736842043,52.751654611291855,36.05,2.0,headache,S079
-99.24,1.16,-38.910086166641264,-12.70069913528662,51.7870555797644,36.05,2.0,headache,S079
49.14,1.16,-48.10181682275988,-12.84561552232496,44.3826724789637,36.05,2.0,headache,S079
94.07,1.16,-41.09473338261048,-10.959322674080003,50.96384589865713,36.05,2.0,headache,S079
-22.84,1.16,-34.2804819112973,-9.48485870297213,54.747721356291656,36.05,2.0,headache,S079
110.77,1.16,-34.27090522395109,-9.11697297326789,55.810968952784705,36.05,2.0,headache,S079
33.42,1.17,-35.340434377623396,-9.676105565747664,54.55791430275205,36.05,2.0,headache,S079
-158.62,1.16,-34.33691031317724,-9.186092037632983,55.593400704799265,36.05,2.0,headache,S079
103.81,1.16,-35.212201646081645,-9.45306182970837,54.57472693340314,36.05,2.0,headache,S079
-150.53,1.16,-34.13063974165011,-9.081920161882891,55.62380101921151,36.05,2.0,headache,S079
37.66,1.16,-34.96359089457494,-9.26265068609792,54.94220608933784,36.03,2.0,headache,S079
-29.19,1.16,-34.69378875958332,-8.983696749622343,55.62851787396374,36.03,2.0,headache,S079
39.07,1.17,-34.59059707224487,-9.16557352477067,54.78160272397162,36.03,2.0,headache,S079
-23.64,1.17,-34.03223949886886,-9.31048908249677,55.62423977965172,36.03,2.0,headache,S079
17.39,1.16,-35.179910597808686,-9.270630465286803,54.70751242594163,36.05,2.0,headache,S079
-40.36,1.17,-34.222142901122055,-9.330993124812966,55.75002811662102,36.05,2.0,headache,S079
1.24,1.17,-35.26485922229755,-9.217212921611864,54.73234242757007,36.05,2.0,headache,S079
-2.96,1.17,-34.378202483359026,-9.460957222085387,55.70479880423184,36.05,2.0,headache,S079
20.72,1.17,-34.5818195069081,-9.327636138988085,54.6490824917846,36.0,2.0,headache,S079
-2.4,1.16,-34.71815446788974,-9.147265669077806,55.339286693252745,36.0,2.0,headache,S079
-0.74,1.16,-34.16048302030838,-8.97154819773973,55.35230529670611,36.0,2.0,headache,S079
35.24,1.17,-35.02676390573132,-9.989264789944015,56.05103740833919,36.0,2.0,headache,S079
9.12,1.16,-30.682809522430876,-11.549607742965998,56.22027644049373,36.03,2.0,headache,S079
-44.02,1.17,-28.476466803997862,-9.366649339259984,58.64543244282433,36.03,2.0,headache,S079
22.12,1.17,-42.52599868451096,-12.16663845224891,49.73079012960845,36.03,2.0,headache,S079
-20.35,1.17,-45.03810064417955,-12.126537757175042,47.01690239517654,36.03,2.0,headache,S079
-198.12,1.17,-46.86420149539672,-12.435730932695499,45.37878783929876,36.03,2.0,headache,S079
8.36,1.17,-45.48477818777256,-12.179646243075195,46.452774866848294,36.03,2.0,headache,S079
-21.55,1.17,-46.547965393513415,-12.438040942131105,45.57636097106923,36.03,2.0,headache,S079
84.94,1.17,-45.483617467392556,-12.099450931518783,46.122430135677064,36.03,2.0,headache,S079
68.96,1.17,-48.168561178386504,-12.441426339033464,44.24461368296387,36.0,2.0,headache,S079
34.74,1.17,-46.17080972600194,-11.85514650604429,45.97712987341193,36.0,2.0,headache,S079
49.32,1.17,-48.00620869250005,-12.198711007104732,44.5499462062598,36.0,2.0,headache,S079
12.79,1.16,-45.747426123700144,-11.501844152888241,46.01082306492944,36.0,2.0,headache,S079
27.22,1.16,-47.76822596007983,-11.736485471170727,45.06379032949478,36.0,2.0,headache,S079
-85.32,1.17,-45.81874272871085,-11.63788034923993,46.45502011737236,36.0,2.0,headache,S079
3.02,1.16,-48.78796891501509,-11.502217731543777,43.3602087388452,36.0,2.0,headache,S079
30.82,1.17,-44.8638901187077,-11.34253993275505,47.288567836754126,36.0,2.0,headache,S079
48.03,1.17,-52.03394325290957,-12.35126891896778,40.15132272297435,36.03,2.0,headache,S079
-22.68,1.17,-49.69596335697042,-12.38999110854358,40.9622017050951,36.03,2.0,headache,S079
11.36,1.17,-47.38171749685383,-9.637795868537642,46.86963257327747,36.03,2.0,headache,S079
10.8,1.18,-26.81793313165216,-8.815327339437014,57.39072608283164,36.03,2.0,headache,S079
-34.3,1.19,-30.33691023698834,-9.971509317079848,54.247562742789654,36.03,2.0,headache,S079
-7.23,1.18,-36.46618712276531,-11.17507291477561,54.309336687113635,36.03,2.0,headache,S079
229.08,1.17,-25.617449341331753,-8.228834877209232,60.07910569992224,36.03,2.0,headache,S079
48.06,1.16,-31.165815502576645,-7.904599504097148,56.90512319778295,36.03,2.0,headache,S079
155.04,1.16,-26.65156883723394,-8.088001128133028,59.71052205571529,36.0,2.0,headache,S079
-763.81,1.16,-29.41479894767112,-7.9131144089861944,58.22763918522687,36.0,2.0,headache,S079
-70.6,1.16,-27.096020288339414,-8.093800014038475,59.223025156805846,36.0,2.0,headache,S079
386.94,1.16,-29.006252288155125,-8.153675999161567,58.6467148762168,36.0,2.0,headache,S079
-48.23,1.16,-27.390585480429355,-8.075184156951876,58.94691523282497,36.03,2.0,headache,S079
51.51,1.16,-28.80398802362201,-8.048700033537022,58.70809742643859,36.03,2.0,headache,S079
-57.39,1.16,-27.415052735467096,-8.083037770041578,59.030570867477095,36.03,2.0,headache,S079
38.76,1.16,-28.503329237211595,-7.9342496985718,58.74182139077735,36.03,2.0,headache,S079
6.0,1.17,-27.613582654281146,-8.04510043877552,58.78710393439186,36.0,2.0,headache,S079
14.52,1.16,-28.486321602038856,-8.119981733462224,58.785849817133915,36.0,2.0,headache,S079
-32.21,1.16,-27.73565939254026,-8.176422222659017,58.76119789250236,36.0,2.0,headache,S079
26.05,1.16,-28.18694966415635,-7.885526886653235,59.011060929806526,36.0,2.0,headache,S079
-27.0,1.16,-27.741446095888882,-8.100614431410058,58.91754529019372,36.03,2.0,headache,S079
-13.64,1.16,-28.24693893247495,-7.905619897503241,58.93621648764932,36.03,2.0,headache,S079
29.82,1.16,-27.770060893501366,-8.090874323336884,59.005913737880434,36.03,2.0,headache,S079
18.34,1.16,-28.212701558801466,-7.9112922520386455,58.97875972571745,36.03,2.0,headache,S079
-15.31,1.16,-27.80370464947964,-8.087334385060535,58.85609130164019,36.0,2.0,headache,S079
5.43,1.16,-28.18096374316891,-7.913499990126606,59.018338575225734,36.0,2.0,headache,S079
-16.87,1.16,-27.833168438333452,-8.086077007969312,58.81950429752142,36.0,2.0,headache,S079
18.55,1.16,-28.15513497880064,-7.91399579381159,59.1606396575529,36.0,2.0,headache,S079
14.43,1.16,-27.92914551544536,-8.086263813485788,58.803363577591995,36.0,2.0,headache,S079
-10.26,1.16,-28.19049996387176,-7.913124183937351,59.04218504735292,36.0,2.0,headache,S079
-5.46,1.16,-27.8707727281573,-8.087905620512704,58.888231824840666,36.0,2.0,headache,S079
6.81,1.16,-28.110644785854127,-7.910509651598537,59.01359033728927,36.0,2.0,headache,S079
-27.71,1.16,-27.90943579191802,-8.091905711488058,58.56601926817343,36.03,2.0,headache,S079
13.52,1.16,-28.02961419847106,-7.904252832525348,59.210618322175954,36.03,2.0,headache,S079
24.66,1.16,-27.815350922006722,-8.102522651342005,58.77653421535368,36.03,2.0,headache,S079
-11.39,1.16,-28.13525162456343,-7.882615530716071,59.26141944820232,36.03,2.0,headache,S079
3.96,1.16,-27.849508784433826,-8.176658121351029,58.565805880378804,36.05,2.0,headache,S079
8.33,1.16,-27.969722272779055,-8.130694712773447,58.67405088162558,36.05,2.0,headache,S079
-22.91,1.16,-27.977738789993584,-8.028972004849022,58.69519055920306,36.05,2.0,headache,S079
9.58,1.16,-28.01812874599031,-7.949453657651292,59.124617778124346,36.05,2.0,headache,S079
11.61,1.16,-28.00628592180782,-8.05917546659622,58.83017299001622,36.0,2.0,headache,S079
-9.05,1.16,-27.861477026148634,-7.936292693614648,59.19361836753094,36.0,2.0,headache,S079
-0.22,1.16,-27.836446235838526,-8.066143780651469,58.74947584799219,36.0,2.0,headache,S079
11.59,1.16,-28.21170749699445,-7.933324104279439,58.98680516698868,36.0,2.0,headache,S079
-19.76,1.16,-27.918992012545328,-8.062819449638393,58.82607177738312,36.0,2.0,headache,S079
-1.7,1.16,-28.06167758925859,-8.044387015466818,59.10981215982581,36.0,2.0,headache,S079
19.08,1.16,-27.949812992991315,-8.095975438132665,58.727024964343606,36.0,2.0,headache,S079
-5.41,1.16,-28.041489670657647,-7.911045344032754,59.24069173502721,36.0,2.0,headache,S079
-11.98,1.16,-27.96589015375711,-8.087939101550257,58.772893576769036,36.0,2.0,headache,S079
12.75,1.16,-28.027391663047332,-7.9117250808161055,59.13321672593142,36.0,2.0,headache,S079
-2.02,1.16,-27.979066538351315,-8.0891371407384,58.72930851600223,36.0,2.0,headache,S079
-7.06,1.16,-28.01436935847795,-7.909730419392658,59.167347983828954,36.0,2.0,headache,S079
5.91,1.16,-27.992836262719862,-8.091568280905511,58.51259771182613,36.03,2.0,headache,S079
0.93,1.16,-27.99808498794971,-7.9070178575970145,59.37380219778924,36.03,2.0,headache,S079
-12.92,1.16,-28.017489306109255,-8.09448002060023,58.63079313937192,36.03,2.0,headache,S079
2.61,1.16,-27.906050682478597,-7.903963754629762,59.22846114760254,36.03,2.0,headache,S079
0.05,1.16,-27.94137045541056,-8.097621063539233,58.66026543437268,36.0,2.0,headache,S079
-6.45,1.16,-28.019468271157862,-7.900810233057505,59.352765249794786,36.0,2.0,headache,S079
13.32,1.16,-27.992572956329106,-8.100663517984547,58.63686543367648,36.0,2.0,headache,S079
3.4,1.16,-28.0004574228488,-7.898114502293743,59.37352829672413,36.0,2.0,headache,S079
-16.28,1.16,-28.004178687847254,-8.102497573232116,58.61555365748438,35.99,2.0,headache,S079
7.54,1.16,-27.993275626997416,-7.898511473212526,59.396053949700644,35.99,2.0,headache,S079
1.1,1.16,-28.005913466431696,-8.094564143081342,58.59154743855098,35.99,2.0,headache,S079
-13.78,1.16,-28.003545886748277,-7.993369206272074,59.42175266547986,35.99,2.0,headache,S079
9.87,1.16,-27.940987485465428,-8.159487518233181,58.56392772988871,36.0,2.0,headache,S079
5.14,1.16,-27.625808849615623,-7.857728596843782,59.57921756005143,36.0,2.0,headache,S079
-14.17,1.15,-28.051151452531297,-8.14021409299312,58.51515885666568,36.0,2.0,headache,S079
2.32,1.16,-27.64630515632708,-7.858760467142515,59.31435347619709,36.0,2.0,headache,S079
-2.28,1.16,-27.96051386344547,-8.143184964028555,58.42073457297492,36.0,2.0,headache,S079
-24.16,1.16,-27.746507657447882,-7.855424669931797,59.53966044171002,36.0,2.0,headache,S079
11.17,1.16,-28.032313737264055,-8.139902230523901,58.44530461683009,36.0,2.0,headache,S079
28.98,1.16,-27.51519889307523,-7.714127775274937,59.576735382651876,36.0,2.0,headache,S079
-15.34,1.16,-27.868246842317813,-8.185578174024045,58.39730368992139,36.0,2.0,headache,S079
0.56,1.16,-27.939227648243754,-7.812924727948966,59.63243963770264,36.0,2.0,headache,S079
22.86,1.16,-28.09971027179564,-8.194471107247203,58.33312546275344,36.0,2.0,headache,S079
-14.41,1.15,-27.87548632175458,-7.794063370829697,59.708786562936105,36.0,2.0,headache,S079
-14.34,1.15,-28.146775503241287,-8.225485368500623,58.22724578661021,36.03,2.0,headache,S079
23.0,1.16,-27.829430691651297,-7.692529950275765,59.674518916626894,36.03,2.0,headache,S079
-2.4,1.16,-28.073669939954602,-8.161894836108491,58.13555999372365,36.03,2.0,headache,S079
-1.96,1.16,-27.667034212602672,-7.790302074749877,59.768611048937515,36.03,2.0,headache,S079
11.77,1.16,-28.225125405469917,-8.232470075325383,58.11466972674284,36.0,2.0,headache,S079
3.1,1.16,-27.72999287427628,-7.747328070918296,59.967992156472135,36.0,2.0,headache,S079
-14.45,1.16,-28.316982315240285,-8.273747921597668,57.944741921784725,36.0,2.0,headache,S079
-0.97,1.16,-27.625659490896023,-7.702873328960105,60.15389697284135,36.0,2.0,headache,S079
-2.65,1.16,-28.449716849049913,-8.323879964623156,57.73428748256213,36.03,2.0,headache,S079
12.55,1.16,-27.305396493174612,-7.644878334572403,60.323135438516985,36.03,2.0,headache,S079
1.39,1.15,-28.396418372528576,-8.392166744957633,57.3406215537259,36.03,2.0,headache,S079
-14.13,1.16,-27.249103945397945,-7.563432401993313,60.883004049376275,36.03,2.0,headache,S079
1.56,1.16,-28.8996033652896,-8.48981454084931,56.69473340941578,36.0,2.0,headache,S079
0.75,1.15,-26.24979218757924,-7.448500009385853,61.6013491714915,36.0,2.0,headache,S079
-18.3,1.16,-30.29060690832804,-8.608867595695449,55.60637786112592,36.0,2.0,headache,S079
9.0,1.16,-23.238335789718285,-7.446938797975387,63.704972758618695,36.0,2.0,headache,S079
0.54,1.15,-45.81657588803847,-4.58712522889611,56.252387742215696,35.99,2.0,headache,S079
-4.98,1.15,-43.016676599219124,-14.57458056845577,36.01967383679314,35.99,2.0,headache,S079
1.17,1.15,-23.12307732182435,-44.46277199062229,19.624092445700512,35.99,2.0,headache,S079
22.36,1.39,-23.538835857048998,-20.90764901584038,45.01101048801067,35.99,2.0,headache,S079
-29.25,1.19,-37.2698595106174,-2.4740299407416777,67.83014926830249,36.03,2.0,headache,S079
-19.79,1.19,-21.460571204507065,-10.0534565340889,56.03932799985837,36.03,2.0,headache,S079
78.99,1.17,-26.898046532525044,-6.869421705142724,62.82929940603431,36.03,2.0,headache,S079
-41.47,1.16,-24.28736956793614,-9.094734095916364,57.66455796766607,36.03,2.0,headache,S079
-12.46,1.16,-25.667110705854054,-7.953759590964467,61.94340533713311,35.97,2.0,headache,S079
-111.66,1.17,-25.372849405933845,-8.692874282062164,57.926884813602825,35.97,2.0,headache,S079
98.65,1.16,-25.495382744742336,-7.41622200651379,61.533928939487865,35.97,2.0,headache,S079
26.51,1.17,-24.974723608383105,-8.518077459796357,58.63200848059611,35.97,2.0,headache,S079
5.78,1.16,-25.2253989397526,-7.580805975620718,61.246193507815676,35.97,2.0,headache,S079
38.76,1.17,-25.285987253920553,-8.702630912451198,58.76185966218917,35.97,2.0,headache,S079
-2.33,1.16,-25.276991059537085,-7.456970583232094,60.85893408972969,35.97,2.0,headache,S079
-21.02,1.16,-25.17783575078402,-9.132564362587852,59.04931260752389,35.97,2.0,headache,S079
-1.2,1.17,-24.96319247659627,-7.293848955099769,60.90046839397959,35.99,2.0,headache,S079
-18.2,1.16,-25.519510982730655,-8.288550656166084,59.151941515251224,35.99,2.0,headache,S079
20.73,1.16,-25.329823223571605,-8.17778245103924,60.64143003785647,35.99,2.0,headache,S079
-13.18,1.17,-24.817322164135945,-8.178180565339202,59.337040267232815,35.99,2.0,headache,S079
-15.6,1.17,-25.17156794869223,-7.879831399378544,60.63782677703076,35.95,2.0,headache,S079
26.58,1.16,-24.960756275976383,-8.13294178962289,59.39158799797887,35.95,2.0,headache,S079
-15.9,1.17,-25.024621565653494,-7.859202822980621,60.579374068337394,35.95,2.0,headache,S079
-16.9,1.17,-24.960687834352274,-8.1521065603228,59.44849374513657,35.95,2.0,headache,S079
14.42,1.16,-25.100788972446686,-7.9881587240802885,60.5244009170947,35.97,2.0,headache,S079
2.96,1.17,-25.280624323710434,-8.118695411744238,59.50401054716656,35.97,2.0,headache,S079
-15.25,1.16,-25.077110799674042,-7.871593029319144,60.453127690772874,35.97,2.0,headache,S079
-5.7,1.16,-25.37523162757867,-8.236945398566231,59.414990561038024,35.97,2.0,headache,S079
3.3,1.16,-24.894866670386072,-7.903629237074119,60.47943892080858,35.97,2.0,headache,S079
-11.15,1.17,-25.32563067959169,-8.102214383861925,59.672418709322635,35.97,2.0,headache,S079
17.75,1.17,-25.38580378703622,-7.898130324601693,60.43369500531029,35.97,2.0,headache,S079
-14.72,1.16,-25.497047633391887,-8.100068608340203,59.579515681607376,35.97,2.0,headache,S079
-13.52,1.17,-25.311929285377946,-7.902290586808285,60.4119728730566,35.97,2.0,headache,S079
18.78,1.17,-25.287748702308125,-8.095090462109914,59.57894059306292,35.97,2.0,headache,S079
3.61,1.16,-25.08676039173112,-7.907664671877691,60.258327344052205,35.97,2.0,headache,S079
6.62,1.16,-25.33105030977715,-8.089497584399753,59.66381458486451,35.97,2.0,headache,S079
11.2,1.16,-25.288685748582118,-7.913404426865864,60.33684617044152,35.97,2.0,headache,S079
-8.29,1.16,-25.243919609605474,-8.083625536442405,59.66638453507769,35.97,2.0,headache,S079
-1.14,1.16,-25.144927497060234,-7.91943406524826,60.33504295339718,35.97,2.0,headache,S079
-8.03,1.17,-25.13793327434466,-8.07737670047921,59.60428209030696,35.97,2.0,headache,S079
-4.23,1.16,-25.36357558852366,-7.926006187817107,60.21997858472249,35.97,2.0,headache,S079
13.82,1.16,-25.28909854522089,-8.070317152252267,59.61457125953801,35.97,2.0,headache,S079
-5.99,1.17,-25.09999256809389,-7.933814222603011,60.275851586320094,35.97,2.0,headache,S079
-6.74,1.16,-25.229217429185727,-8.061325490437879,59.74167370677173,35.97,2.0,headache,S079
13.13,1.16,-25.28455296256478,-7.944773831992626,60.35347507715142,35.97,2.0,headache,S079
-4.64,1.17,-25.342609139439457,-8.046807125621802,59.62846287747601,35.97,2.0,headache,S079
-3.97,1.16,-25.1428397564107,-7.96674193329846,60.2735399352678,35.97,2.0,headache,S079
12.18,1.16,-25.117760596724477,-8.003900833291373,59.6549563017007,35.97,2.0,headache,S079
-5.58,1.16,-25.388840400966675,-8.306927187166375,60.0692196978632,35.99,2.0,headache,S079
-9.21,1.16,-25.752984106915594,-8.247568646775706,59.61973030757217,35.99,2.0,headache,S079
20.73,1.16,-25.206309399702015,-7.9905455812939294,60.22897247640206,35.99,2.0,headache,S079
-1.94,1.16,-25.433941311333864,-8.287876590157177,59.54386168000519,35.99,2.0,headache,S079
-20.62,1.16,-25.114105890857896,-7.868130624297505,60.26255242775699,35.97,2.0,headache,S079
9.1,1.16,-25.630298321605157,-8.107516373724636,59.728741238898486,35.97,2.0,headache,S079
14.83,1.16,-25.531778778823462,-7.904012824861631,60.27690317603324,35.97,2.0,headache,S079
-12.71,1.16,-25.638350452875745,-8.088680023497018,59.68848777633406,35.97,2.0,headache,S079
-8.85,1.16,-25.658434092271236,-7.9166545213956,60.15322510094782,35.97,2.0,headache,S079
13.54,1.16,-25.565834503986412,-8.079133038996012,59.775023121948905,35.97,2.0,headache,S079
0.26,1.16,-25.33759846860286,-7.9242753335969915,60.24570939951605,35.97,2.0,headache,S079
-5.15,1.16,-25.577469545321122,-8.073263415095596,59.67748164187912,35.97,2.0,headache,S079
8.42,1.16,-25.19315728064123,-7.926755347763801,60.17019009076009,35.95,2.0,headache,S079
-17.4,1.16,-25.11544902076659,-8.088389122480343,59.78745423051681,35.95,2.0,headache,S079
-2.04,1.16,-25.5460679453905,-8.161971686114025,60.23831684788371,35.95,2.0,headache,S079
14.09,1.16,-26.094933903108956,-8.03799489114463,59.21444748832623,35.95,2.0,headache,S079
-14.72,1.16,-26.084291800752755,-8.305414941826932,59.99757719415077,35.99,2.0,headache,S079
-6.06,1.16,-25.441561368310897,-8.363097279895763,59.73088855944001,35.99,2.0,headache,S079
-4.05,1.16,-25.873840494779177,-8.397911501566377,59.936354398783045,35.99,2.0,headache,S079
7.02,1.16,-26.028107813023933,-8.276076713044086,59.73214686711214,35.99,2.0,headache,S079
29.21,1.16,-25.92884652922134,-7.9886712716700625,59.99974426131185,35.97,2.0,headache,S079
-15.91,1.16,-25.48136914249113,-8.337326227397114,59.80272863785118,35.97,2.0,headache,S079
-31.02,1.16,-24.94545592963849,-8.501774640382425,60.11185784414492,35.97,2.0,headache,S079
-8.06,1.15,-25.72140818072534,-9.317099261008611,59.267281976384005,35.97,2.0,headache,S079
54.6,1.16,-25.584548223634304,-8.43431278760529,59.89397636850524,35.95,2.0,headache,S079
-45.14,1.15,-26.931330657528342,-9.087634256673047,59.0932406919068,35.95,2.0,headache,S079
-13.73,1.15,-26.039592324204968,-8.350754302659706,59.802098872933264,35.95,2.0,headache,S079
41.03,1.16,-27.06370588568068,-8.402862084371336,58.9736327149092,35.95,2.0,headache,S079
7.94,1.16,-23.59014769716065,-8.269701180905395,60.83430388198333,35.95,2.0,headache,S079
-45.96,1.15,-21.337601642687098,-8.228957376224217,61.26924933016086,35.95,2.0,headache,S079
58.29,1.16,-17.905892667857657,-7.6675020665029265,62.50221347022175,35.95,2.0,headache,S079
21.98,1.16,-20.078807573239466,-8.093213281925774,61.60782006350595,35.95,2.0,headache,S079
-75.42,1.16,-20.222306673461485,-8.017416132058921,61.72605423708607,35.97,2.0,headache,S079
86.66,1.15,-24.061316313980807,-8.25890779668247,60.38081005960191,35.97,2.0,headache,S079
77.53,1.15,-25.055367065460068,-7.969633601270507,60.02580883978955,35.97,2.0,headache,S079
-37.51,1.16,-25.116461975139394,-8.303854694710708,59.94313330694585,35.97,2.0,headache,S079
-85.04,1.15,-25.34907935255314,-7.956412074585766,59.96732710692565,35.99,2.0,headache,S079
-63.04,1.15,-25.835268058179736,-8.165206801723244,59.70735115245626,35.99,2.0,headache,S079
16.75,1.16,-25.876700836045444,-7.870167372858614,60.19277529925197,35.99,2.0,headache,S079
-29.71,1.16,-25.808974225374048,-8.105067761964717,59.60205537985416,35.99,2.0,headache,S079
6.89,1.16,-25.495538216581778,-8.057614671555058,59.95997990640399,35.95,2.0,headache,S079
40.2,1.15,-26.151219805560707,-8.41756944118885,59.423949405762436,35.95,2.0,headache,S079
-18.98,1.15,-25.615043550845282,-7.886813805597402,60.17894344064338,35.95,2.0,headache,S079
25.17,1.15,-25.851874240776404,-8.19943054421413,59.462923633381756,35.95,2.0,headache,S079
5.71,1.15,-24.415245847150388,-7.878143354186041,60.62492492157504,35.95,2.0,headache,S079
-12.8,1.15,-40.10997853072715,-11.881385449877724,50.59358019367027,35.95,2.0,headache,S079
29.88,1.15,-31.292008850585027,-9.440112620648815,55.884178937087086,35.95,2.0,headache,S079
44.14,1.15,-41.00840917420001,-11.499910184661077,50.30661909498161,35.95,2.0,headache,S079
-55.73,1.15,-42.97743125800011,-12.115550400061528,48.68138059388737,35.95,2.0,headache,S079
92.59,1.16,-42.185313157239314,-11.655261879574578,50.128519733277365,35.95,2.0,headache,S079
-142.09,1.15,-41.766811543247414,-11.677970690547461,49.75933873903847,35.95,2.0,headache,S079
-158.17,1.15,-41.75641331297147,-11.308563394840997,50.311101708041356,35.95,2.0,headache,S079
124.08,1.16,-42.157606376265385,-11.302387668106693,50.14147962256433,35.95,2.0,headache,S079
102.16,1.15,-42.07873840454649,-11.204038497591142,50.00312802474006,35.95,2.0,headache,S079
36.72,1.15,-41.7778195398562,-10.988465729257491,50.00483862031137,35.95,2.0,headache,S079
-6.17,1.16,-41.94277053937092,-11.16072893192774,49.98617343767671,35.95,2.0,headache,S079
10.87,1.15,-42.01743712008055,-11.119345784030372,50.0218579710542,35.93,2.0,headache,S079
1.92,1.15,-41.99768085774643,-11.213036911461165,49.97089147967459,35.93,2.0,headache,S079
-24.36,1.16,-41.99095210526976,-11.043759763446845,50.03664432556222,35.93,2.0,headache,S079
-3.38,1.16,-42.13190835277403,-11.074662665238813,49.945751725396235,35.93,2.0,headache,S079
21.7,1.15,-41.94758242371174,-11.286101444094824,50.040654820587086,35.97,2.0,headache,S079
-19.87,1.16,-41.77769639626318,-11.415254463989008,49.83495551693667,35.97,2.0,headache,S079
-8.45,1.16,-42.01018183281804,-10.979554236694954,50.06826744358086,35.97,2.0,headache,S079
10.69,1.15,-41.87107435578394,-11.209091020462218,49.92487099630242,35.97,2.0,headache,S079
-16.14,1.15,-42.019878492461174,-11.083704213698788,50.09088806560196,35.95,2.0,headache,S079
-18.61,1.16,-41.93125385063261,-11.172271450760519,49.99802879893106,35.95,2.0,headache,S079
19.23,1.15,-41.71038767047615,-11.04224176576113,50.36759057698127,35.95,2.0,headache,S079
-19.15,1.15,-41.52741893682934,-11.289775887987393,50.09312377090929,35.95,2.0,headache,S079
1.92,1.15,-41.94401378916424,-11.27114592529645,50.00044259564155,35.97,2.0,headache,S079
19.08,1.15,-42.13324772217494,-11.592000594249914,49.9666028375436,35.97,2.0,headache,S079
-18.84,1.15,-42.46248469698109,-11.519878487739094,50.06826412985852,35.97,2.0,headache,S079
9.33,1.15,-42.16591148687959,-11.691629007294152,49.77457711866508,35.97,2.0,headache,S079
25.56,1.15,-42.31193158864175,-11.355313115865558,49.77088018658489,35.97,2.0,headache,S079
-18.21,1.15,-41.95059603002349,-11.686901291811159,50.050696469841014,35.97,2.0,headache,S079
6.15,1.15,-41.99602044410782,-11.770392571643818,49.96807616477907,35.97,2.0,headache,S079
20.24,1.15,-41.95280579240547,-11.81777468104927,49.75193186683311,35.97,2.0,headache,S079
-14.91,1.15,-42.01410403110657,-11.803414125274626,50.02588103741218,35.95,2.0,headache,S079
0.8,1.14,-42.0324857692089,-11.56932206139635,49.9753859795815,35.95,2.0,headache,S079
15.05,1.15,-41.98176269719468,-11.46661877392031,50.027481623863444,35.95,2.0,headache,S079
-20.09,1.15,-41.86366536299737,-11.435236351502574,49.9673753977808,35.95,2.0,headache,S079
-5.71,1.14,-42.047867288828755,-11.645028602809141,50.04525995805794,35.97,2.0,headache,S079
17.55,1.15,-41.878948814609124,-11.438423376636443,50.09202598413902,35.97,2.0,headache,S079
-16.19,1.15,-41.97158003789919,-11.526485791246872,50.018969870626414,35.97,2.0,headache,S079
-16.55,1.15,-41.975923078965394,-11.872612321322366,49.966783577873755,35.97,2.0,headache,S079
19.11,1.15,-41.90609726603576,-11.586439269111088,50.055995641005985,35.93,2.0,headache,S079
-7.64,1.15,-41.95009529374198,-11.504645791655317,49.992953664332134,35.93,2.0,headache,S079
-21.63,1.15,-42.31239608458754,-11.75350177694615,49.737637389984556,35.93,2.0,headache,S079
14.45,1.15,-42.20519115951747,-11.65662774351023,49.85831426465428,35.93,2.0,headache,S079
6.18,1.15,-42.24954110820232,-11.780920676842372,50.01614314355666,35.93,2.0,headache,S079
-23.27,1.15,-42.21207959058747,-11.719964509513735,49.926236315122175,35.93,2.0,headache,S079
-1.19,1.15,-42.094152601928954,-11.979521485227368,49.96331926139542,35.93,2.0,headache,S079
24.36,1.15,-43.288444859900814,-11.350124187246136,49.02580804645506,35.93,2.0,headache,S079
-14.73,1.15,-43.5605960611883,-11.2384817208074,48.35353827013087,35.95,2.0,headache,S079
11.35,1.15,-45.70239305481623,-12.1219565137318,46.871966735601575,35.95,2.0,headache,S079
19.57,1.18,-44.331945788821464,-12.005315577342193,47.6143454986961,35.95,2.0,headache,S079
34.6,1.15,-45.16810707154402,-12.219363459908179,47.09498992174361,35.95,2.0,headache,S079
-47.51,1.15,-44.602545875325895,-11.88707349940995,47.25559347579725,35.93,2.0,headache,S079
-61.76,1.15,-44.46443735004371,-11.846069836038689,47.396858356884486,35.93,2.0,headache,S079
12.26,1.15,-44.268695698094795,-11.857237003213443,47.92835017259528,35.93,2.0,headache,S079
14.56,1.15,-44.22236006857865,-12.082950339057039,47.89651931190064,35.93,2.0,headache,S079
13.19,1.15,-44.206235963951244,-11.934570811458626,47.8208804069314,35.95,2.0,headache,S079
-14.33,1.15,-44.100559833951884,-12.055405443378197,47.908689175214576,35.95,2.0,headache,S079
32.29,1.15,-44.12789785228179,-11.955019828224598,47.96492756579516,35.95,2.0,headache,S079
-17.1,1.14,-44.18432329838712,-11.932489884892524,47.93272214618593,35.95,2.0,headache,S079
4.36,1.15,-44.18481260601899,-11.930707328108115,48.01696567001766,35.95,2.0,headache,S079
18.66,1.15,-44.14416914183053,-12.061151321744477,47.854010268504325,35.95,2.0,headache,S079
-5.45,1.15,-44.39561171839874,-11.938856071405297,48.021162863079184,35.95,2.0,headache,S079
-10.59,1.15,-44.15697156388824,-12.069186986389768,47.981992949086916,35.95,2.0,headache,S079
28.53,1.15,-44.292835665538654,-11.860754249174867,48.014440040781295,35.95,2.0,headache,S079
-9.28,1.15,-44.024412145397804,-11.979185732151569,48.118860892760324,35.95,2.0,headache,S079
-9.34,1.15,-44.109049383927726,-11.993722061246132,47.98862071037001,35.95,2.0,headache,S079
6.28,1.15,-44.33717291623234,-12.030359162664721,47.98176283748757,35.95,2.0,headache,S079
9.77,1.15,-43.99118822739855,-11.95208207511905,48.03994672362307,35.95,2.0,headache,S079
-28.33,1.15,-43.994008245400494,-12.0404657438437,47.998648038079985,35.95,2.0,headache,S079
10.7,1.15,-44.079559926190846,-11.961435916249547,48.04383120115437,35.95,2.0,headache,S079
21.13,1.15,-44.26234295563163,-12.037747155491058,47.91691485399815,35.95,2.0,headache,S079
-18.18,1.15,-44.193184742491155,-11.96271018974695,48.0538102292121,35.95,2.0,headache,S079
-18.35,1.15,-43.94965862719355,-12.036988586988839,47.95603227126619,35.95,2.0,headache,S079
14.6,1.15,-44.03831744486517,-11.963230920315219,48.038436396479554,35.95,2.0,headache,S079
5.78,1.15,-43.95698807221324,-12.036599023416137,47.96559347766193,35.95,2.0,headache,S079
-16.13,1.15,-43.90034422917923,-11.963537474527142,48.03070819021439,35.95,2.0,headache,S079
-0.05,1.15,-43.99330688055527,-12.036350892816333,47.97382925443506,35.95,2.0,headache,S079
6.92,1.15,-44.01539896832707,-11.963741081826539,48.017656362288406,35.95,2.0,headache,S079
-15.71,1.14,-43.84484557021514,-12.036183220947132,48.01836821923911,35.95,2.0,headache,S079
0.09,1.15,-43.89440445864775,-11.963878555900807,48.143275353252434,35.95,2.0,headache,S079
5.0,1.15,-43.99448760836065,-12.036071836964739,47.913335785640406,35.95,2.0,headache,S079
-10.08,1.15,-44.02472155614205,-11.963966976754387,48.35442899959348,35.95,2.0,headache,S079
-6.55,1.18,-43.871702530985964,-12.036003861965089,48.40006381564227,35.95,2.0,headache,S079
16.72,1.15,-43.83462024122761,-11.96401664404799,48.46414241274536,35.93,2.0,headache,S079
-17.62,1.15,-43.87753070182981,-12.035970583503289,48.2848756434665,35.93,2.0,headache,S079
-1.91,1.15,-43.86397853072685,-11.964035361676117,48.078924014336735,35.93,2.0,headache,S079
12.46,1.15,-43.810293015105806,-12.035964566338285,48.22599090845293,35.93,2.0,headache,S079
-14.7,1.15,-43.85729628268517,-11.96403071244232,47.96900102549217,35.93,2.0,headache,S079
1.6,1.15,-43.977882273663475,-12.035977486896945,48.08495675517353,35.93,2.0,headache,S079
23.15,1.15,-43.858190352364986,-11.964012552234125,48.30995179410516,35.93,2.0,headache,S079
-15.49,1.15,-43.70412233795983,-12.035996781312617,48.02758795559582,35.93,2.0,headache,S079
-1.26,1.14,-43.92852320590731,-11.963998039764645,48.241765672754376,35.95,2.0,headache,S079
21.83,1.15,-44.04523536431806,-12.035997469292695,48.1030293227872,35.95,2.0,headache,S079
-2.81,1.15,-43.85221381623024,-11.964025843402318,48.009782506205894,35.95,2.0,headache,S079
-17.01,1.15,-44.00790376229928,-12.035915784184251,47.97289941949656,35.95,2.0,headache,S079
18.46,1.15,-43.96495969185974,-11.964208900334892,48.04549975412277,35.95,2.0,headache,S079
4.07,1.15,-44.04495414902399,-12.03553321707829,48.082281598155184,35.95,2.0,headache,S079
-15.85,1.15,-43.954368658907356,-11.965024123805552,48.082963015656276,35.95,2.0,headache,S079
3.32,1.14,-44.22543332094743,-12.033596146041916,47.96890572193958,35.95,2.0,headache,S079
19.82,1.15,-43.71239321878084,-11.971199095505959,48.36380702846286,35.95,2.0,headache,S079
-18.33,1.15,-43.37180966690328,-11.920623315142068,48.519501074331636,35.95,2.0,headache,S079
-5.99,1.14,-44.03726671193137,-11.937550750260488,48.227413754616485,35.95,2.0,headache,S079
12.45,1.14,-44.17249759240765,-11.936267737516411,47.9673501130627,35.95,2.0,headache,S079
-5.11,1.15,-43.75178499648912,-11.875589977169767,48.011981143379344,35.95,2.0,headache,S079
-3.69,1.15,-43.96481655915356,-11.945048483357153,47.99890268150166,35.95,2.0,headache,S079
34.04,1.14,-43.82471064923071,-11.86958266162904,47.98647036337289,35.95,2.0,headache,S079
4.2,1.15,-43.969275977265454,-12.050593173521687,48.089523045070706,35.95,2.0,headache,S079
-36.73,1.15,-43.991911523461205,-11.955735967033407,48.191702150989784,35.95,2.0,headache,S079
-1.62,1.14,-43.84217734000714,-12.042710208593395,47.96818947714061,35.95,2.0,headache,S079
10.71,1.15,-43.92283237450441,-11.957610411250311,48.14886811036814,35.95,2.0,headache,S079
-15.5,1.15,-44.146676584003664,-12.042612326167216,47.97600873432037,35.95,2.0,headache,S079
0.73,1.15,-43.949184748270206,-11.956788150568322,48.056882040480744,35.95,2.0,headache,S079
13.91,1.14,-44.0384252432443,-12.044203556598813,48.31134697577534,35.95,2.0,headache,S079
-12.01,1.15,-43.96528831209947,-11.954253325279359,48.0136073485385,35.95,2.0,headache,S079
-1.31,1.14,-44.03640288694661,-12.048257294902257,48.079431428544964,35.95,2.0,headache,S079
13.88,1.15,-43.94467542419329,-11.947103080540828,48.07146858909438,35.93,2.0,headache,S079
-18.23,1.14,-43.90034065045417,-12.06426185701095,48.095025718792485,35.93,2.0,headache,S079
3.56,1.15,-44.011813945812605,-11.862349139817166,48.01017976428186,35.93,2.0,headache,S079
7.94,1.14,-43.678397881026676,-11.981611870144564,48.08185190324952,35.93,2.0,headache,S079
-9.06,1.15,-43.94313782092989,-11.983292358841572,48.10378389959087,35.93,2.0,headache,S079
12.41,1.15,-43.9450121691433,-12.025990743203955,47.90435082797751,35.93,2.0,headache,S079
0.85,1.14,-43.691866131684954,-11.968226214961312,48.252196087829844,35.93,2.0,headache,S079
-18.25,1.15,-44.00390574696026,-12.04002541278226,48.045798494487,35.93,2.0,headache,S079
15.82,1.15,-43.88401554465163,-11.914567221650405,48.0243417334862,35.95,2.0,headache,S079
-10.72,1.14,-43.97175715245835,-11.87223445639058,47.98227213980438,35.95,2.0,headache,S079
13.64,1.14,-44.01395572246953,-11.916946521268818,48.08783441647201,35.95,2.0,headache,S079
18.04,1.15,-43.82674005219583,-12.042385620879276,48.27290470263783,35.95,2.0,headache,S079
-24.56,1.15,-43.88812138468782,-11.963868707282089,48.294975968761364,35.95,2.0,headache,S079
7.37,1.14,-44.05400623480601,-12.033131834838697,48.13284224594742,35.95,2.0,headache,S079
7.95,1.14,-44.09786240222559,-11.970467423136038,48.0972399923769,35.95,2.0,headache,S079
-15.64,1.14,-44.00341306004095,-12.01902581212181,48.05069731384079,35.95,2.0,headache,S079
23.53,1.14,-44.121605986116975,-11.840406236649361,48.077724192238314,35.93,2.0,headache,S079
0.1,1.14,-43.99710856632855,-12.053287526049969,47.92988248811336,35.93,2.0,headache,S079
-13.25,1.14,-44.01576281287533,-11.953437479701781,48.099725940183426,35.93,2.0,headache,S079
14.35,1.14,-43.90141955292776,-12.044207636990414,48.2775374741099,35.93,2.0,headache,S079
0.69,1.14,-43.80055160618933,-11.956976111191857,48.044275654955285,35.93,2.0,headache,S079
-13.96,1.14,-43.93211685641251,-12.042277915648116,48.06275453758739,35.93,2.0,headache,S079
12.45,1.15,-43.95956180664709,-11.9583230484554,48.08927962353687,35.93,2.0,headache,S079
-0.54,1.14,-44.035173234165086,-12.041022519689362,47.91924375572482,35.93,2.0,headache,S079
-16.17,1.14,-43.967807982206715,-11.959945630996751,48.17102783824893,35.95,2.0,headache,S079
6.83,1.14,-44.03033259544122,-12.038147743323158,47.97331268701623,35.95,2.0,headache,S079
5.72,1.14,-43.970909510115895,-11.967448038006069,48.063412367523995,35.95,2.0,headache,S079
-18.76,1.14,-44.02822309911211,-11.922688876043368,48.05557434466473,35.95,2.0,headache,S079
-2.95,1.15,-43.97239963684767,-11.93914797454516,48.11744744550754,35.93,2.0,headache,S079
5.93,1.14,-44.02714686679683,-12.05304535784249,48.173744454170766,35.93,2.0,headache,S079
-12.27,1.14,-43.97318269189963,-11.949081282000297,48.025491202361415,35.93,2.0,headache,S079
-3.97,1.14,-44.026587007648395,-12.050113313148588,48.10671806194974,35.93,2.0,headache,S079
17.48,1.14,-43.97354519964111,-11.95016275053667,47.976365846640775,35.93,2.0,headache,S079
-3.5,1.14,-44.026479009229305,-12.049837434808433,47.995907053204036,35.93,2.0,headache,S079
-7.7,1.14,-43.97293715897027,-11.949990943068467,48.086022797819794,35.93,2.0,headache,S079
10.72,1.14,-43.900071789467866,-12.050302134131346,48.062491830707,35.93,2.0,headache,S079
0.74,1.14,-43.97705885320615,-11.949308767649331,47.992655398145835,35.91,2.0,headache,S079
-11.13,1.14,-44.0231467473048,-12.051163690314944,48.16205400174232,35.91,2.0,headache,S079
12.83,1.14,-43.977530277331795,-11.948285475002608,48.063349371214564,35.91,2.0,headache,S079
-8.61,1.14,-44.021036457331974,-12.052344180349507,48.066691706887795,35.91,2.0,headache,S079
-11.67,1.13,-43.98156456949217,-11.946942284948367,48.09145773861898,35.91,2.0,headache,S079
14.05,1.14,-43.88333280825403,-12.053864918270074,48.10230068374692,35.91,2.0,headache,S079
-10.51,1.14,-44.03096313499536,-11.945218738563042,48.012402592444914,35.91,2.0,headache,S079
-8.59,1.14,-44.127227457680924,-12.055829899945532,47.98801298819627,35.91,2.0,headache,S079
21.77,1.13,-43.94288505089658,-11.942954668254373,48.014766153650335,35.93,2.0,headache,S079
-8.33,1.14,-44.03822718634293,-12.05848005811724,47.97633370208952,35.93,2.0,headache,S079
-6.31,1.13,-43.82209602908591,-11.9397827336327,48.14224255640113,35.93,2.0,headache,S079
21.74,1.13,-44.068956030175286,-12.062396881649695,47.95787768140104,35.93,2.0,headache,S079
2.21,1.13,-43.65912909149725,-11.934724797651189,47.892842675239024,35.93,2.0,headache,S079
-18.98,1.13,-43.9352106078497,-12.069384331057357,48.035273192973754,35.93,2.0,headache,S079
12.12,1.13,-43.98968653578264,-11.92392690108075,47.977682682132766,35.93,2.0,headache,S079
11.58,1.13,-44.0267933841788,-12.090313740779044,48.01593725577192,35.93,2.0,headache,S079
-13.38,1.13,-43.96174703103285,-11.831480838516157,47.98929092199055,35.91,2.0,headache,S079
1.92,1.13,-44.063861027666846,-12.022130480376871,48.00326667979418,35.91,2.0,headache,S079
19.4,1.13,-44.08567432583765,-11.904187776203043,48.02035247328585,35.91,2.0,headache,S079
-13.27,1.13,-44.0030920455563,-11.948532074536736,48.13038471176059,35.91,2.0,headache,S079
-11.55,1.13,-43.98631087532164,-11.975755480363368,47.95758046137171,35.93,2.0,headache,S079
14.24,1.13,-44.0175729134075,-12.04415011507122,48.032337852239685,35.93,2.0,headache,S079
-1.41,1.13,-43.98090165511699,-11.838868281215579,47.97131270102417,35.93,2.0,headache,S079
-20.88,1.13,-44.019126238500256,-12.027616827216377,48.02701993943671,35.93,2.0,headache,S079
11.8,1.13,-43.98242848170364,-11.96117828882641,47.973744579325164,35.93,2.0,headache,S079
8.88,1.13,-44.013393699472765,-12.043809913293556,48.02599612028433,35.93,2.0,headache,S079
-16.68,1.13,-43.99764314412983,-11.952838490814196,47.97394196258386,35.93,2.0,headache,S079
3.37,1.13,-43.94595565852521,-12.049806646022295,48.02634068319776,35.93,2.0,headache,S079
13.08,1.13,-43.898423711066975,-11.94791200291928,47.97322072840093,35.89,2.0,headache,S079
-13.39,1.13,-44.04073251291158,-12.054175198191581,48.027321646951606,35.89,2.0,headache,S079
-0.62,1.13,-44.02392636039713,-11.943827915127942,47.972088676773204,35.89,2.0,headache,S079
18.16,1.13,-44.13139752053404,-12.058156861664106,48.028465357558716,35.89,2.0,headache,S079
-7.82,1.12,-43.921661494563544,-11.93979574229287,47.971171283696314,35.93,2.0,headache,S079
-7.21,1.13,-44.06649095883593,-12.062407156640601,48.028648461114436,35.93,2.0,headache,S079
13.65,1.13,-43.939398783013864,-11.935084949455433,47.97308574292558,35.93,2.0,headache,S079
-10.4,1.13,-44.0562072920002,-12.068036964883479,48.01929717745213,35.93,2.0,headache,S079
-6.31,1.12,-43.948536086507445,-11.92737229168214,48.07106953278528,35.89,2.0,headache,S079
10.56,1.13,-44.04427878450584,-12.082469385780817,48.076651375992284,35.89,2.0,headache,S079
-19.05,1.13,-43.97101067037774,-11.828000703698233,48.01902280794551,35.89,2.0,headache,S079
1.21,1.12,-43.962388576101176,-11.99797899361097,48.18564201641686,35.89,2.0,headache,S079
8.57,1.13,-43.953617299070096,-11.749406817188689,48.15192683745617,35.91,2.0,headache,S079
-15.47,1.13,-44.14277573180493,-12.032783609039743,48.14331567250407,35.91,2.0,headache,S079
16.12,1.12,-43.75958574269596,-11.939167296296162,47.93932711222855,35.91,2.0,headache,S079
-4.08,1.12,-44.123144537104984,-12.068871183156897,48.067272340192204,35.91,2.0,headache,S079
-6.75,1.13,-43.888644146580305,-11.925060963623633,47.922554508796445,35.91,2.0,headache,S079
20.07,1.12,-44.104112857698986,-12.083629996579765,48.09200153328536,35.91,2.0,headache,S079
-11.71,1.12,-44.001215065451696,-11.804375664245,47.88294841641778,35.91,2.0,headache,S079
-6.01,1.13,-44.165370481071044,-12.050653078300838,48.189286606577156,35.91,2.0,headache,S079
16.0,1.13,-44.00495677890132,-11.710528364451408,47.98009086270176,35.93,2.0,headache,S079
-2.37,1.12,-43.959355204156445,-11.774110940893976,47.954228758423916,35.93,2.0,headache,S079
-7.08,1.13,-44.71908212921072,-11.815190706340172,47.87840975741407,35.93,2.0,headache,S079
24.86,1.13,-45.23162047205273,-11.960610732866671,47.26845808312743,35.93,2.0,headache,S079
-0.0,1.13,-43.646912845531936,-11.726457284223146,47.89850065429133,35.91,2.0,headache,S079
-7.95,1.12,-44.11414419992717,-11.92520575381369,48.240623108915536,35.91,2.0,headache,S079
16.75,1.13,-44.07925475387855,-11.87358485205563,48.18002806725414,35.91,2.0,headache,S079
27.14,1.13,-44.40854037268524,-12.136042928718535,47.91687484746531,35.91,2.0,headache,S079
-9.06,1.13,-44.094906716584916,-11.974590755287489,47.97332919485985,35.89,2.0,headache,S079
-44.19,1.13,-44.654993360723964,-12.181435327606016,47.923402391269995,35.89,2.0,headache,S079
14.93,1.13,-43.98679615445747,-11.654695577823144,47.67559903453677,35.89,2.0,headache,S079
-13.25,1.12,-45.41214324711386,-12.002858219298695,46.964480980377715,35.89,2.0,headache,S079
-31.6,1.12,-45.445511224923735,-12.014099984243336,46.539265969467536,35.89,2.0,headache,S079
28.57,1.12,-45.94702055527772,-11.995636702979974,46.85667839442297,35.89,2.0,headache,S079
8.15,1.12,-44.78115653529706,-11.947455668132731,47.202562090361255,35.89,2.0,headache,S079
-38.52,1.15,-46.08787757639347,-12.070322436255166,46.89397071221924,35.89,2.0,headache,S079
-11.09,1.12,-44.7665728768698,-11.933616920083761,46.86831040750554,35.87,2.0,headache,S079
33.93,1.12,-47.169472690377,-12.272575302751136,46.621379267690294,35.87,2.0,headache,S079
10.83,1.12,-50.13802606488936,-11.58870604297559,41.23059833370652,35.87,2.0,headache,S079
3.71,1.12,-48.40221719667886,-11.76633404213393,44.579651059890494,35.87,2.0,headache,S079
27.83,1.13,-42.8784809163352,-11.130238073389116,47.88192260109912,35.91,2.0,headache,S079
35.99,1.14,-44.58064588771569,-11.686977098673673,48.93031403149891,35.91,2.0,headache,S079
144.91,1.15,-42.41718467087811,-10.89258806931913,45.65693637142543,35.91,2.0,headache,S079
90.68,1.15,-47.918757327587194,-11.270396668714346,51.24958924939455,35.91,2.0,headache,S079
-169.03,1.14,-22.22327611410079,-20.360647221384728,57.873625615907976,35.89,2.0,headache,S079
-33.52,1.11,-6.758777667632745,-24.334259219559982,52.974299463138614,35.89,2.0,headache,S079
43.57,1.12,-25.509849856755554,-13.30624363384037,65.38804121220109,35.89,2.0,headache,S079
69.14,1.11,-20.87164972919243,-7.518191612006173,60.5188728754135,35.89,2.0,headache,S079
-119.49,1.11,-23.941466675596615,-10.049717969635942,60.88529385182921,35.89,2.0,headache,S079
-592.24,1.11,-21.889739253217577,-8.756996035920421,60.745442541708805,35.89,2.0,headache,S079
-245.16,1.11,-23.915586650498273,-9.185067716336773,60.97044482894662,35.89,2.0,headache,S079
414.27,1.11,-22.101598868030557,-8.86713545130436,60.790265004687804,35.89,2.0,headache,S079
288.4,1.11,-23.545941436634735,-8.82411648364672,60.845465198528814,35.91,2.0,headache,S079
13.67,1.11,-22.332269784063293,-8.689387387919087,60.56823701827139,35.91,2.0,headache,S079
17.85,1.11,-23.954276059114306,-9.236690087554386,60.498526457215775,35.91,2.0,headache,S079
-22.59,1.11,-23.04938063499919,-8.886940689171261,60.35219276888844,35.91,2.0,headache,S079
26.95,1.11,-23.52484456374866,-9.090155418912833,60.918168045751656,35.89,2.0,headache,S079
-14.27,1.11,-23.07438802855307,-9.200119284747139,60.19956288518117,35.89,2.0,headache,S079
22.2,1.11,-23.604649097751828,-9.011139333912991,60.787683856190235,35.89,2.0,headache,S079
3.17,1.11,-22.96859197981153,-8.996377014861482,60.370380276749636,35.89,2.0,headache,S079
19.3,1.11,-23.750911818780903,-8.992308137259487,60.4854140007977,35.89,2.0,headache,S079
-20.98,1.11,-22.95726122316179,-9.019850926769285,60.35596916417036,35.89,2.0,headache,S079
-0.91,1.11,-23.869047876834248,-8.967396139282112,60.42985096886694,35.89,2.0,headache,S079
2.76,1.11,-22.94547929974706,-9.046137469104313,60.42027456866344,35.89,2.0,headache,S079
-6.94,1.11,-23.70038756908896,-8.939538448849403,60.47638733915198,35.89,2.0,headache,S079
-4.89,1.11,-22.94225441425434,-9.204963928994934,60.5612534203463,35.89,2.0,headache,S079
23.2,1.11,-23.918454158123264,-8.897114305268872,60.75295153028942,35.89,2.0,headache,S079
-15.03,1.12,-23.000487116922812,-9.12806212005315,60.411801548449176,35.89,2.0,headache,S079
3.82,1.11,-23.83142585614983,-8.837743186265394,60.26011992855045,35.89,2.0,headache,S079
3.85,1.11,-22.81647035637506,-9.211123608165453,60.547603859699656,35.89,2.0,headache,S079
6.89,1.11,-24.281226551420154,-8.711652291068843,60.757878857040275,35.89,2.0,headache,S079
-22.76,1.11,-22.50302434439245,-9.434209177038252,60.285152404845206,35.89,2.0,headache,S079
22.93,1.11,-25.317113855424004,-8.077531490712406,59.627755370232656,35.89,2.0,headache,S079
-10.92,1.11,-13.705989324008376,-12.763748817910267,60.95428794989501,35.89,2.0,headache,S079
-3.89,1.11,-19.576660852510724,-11.565531617818978,60.2735068733708,35.89,2.0,headache,S079
0.0,1.12,-25.516170656391676,-8.60066405122123,59.795130438600424,35.89,2.0,headache,S079
42.22,1.11,-23.514044704930313,-9.556979921966073,60.193459798954876,35.91,2.0,headache,S079
-13.03,1.12,-24.355649646582933,-8.639673543585012,59.84707525407334,35.91,2.0,headache,S079
124.42,1.11,-23.877747477222737,-9.281678056264884,60.19846319037344,35.91,2.0,headache,S079
-172.94,1.11,-24.310262589392558,-8.763203942529856,60.080730074237046,35.91,2.0,headache,S079
-84.86,1.11,-24.00474276988881,-9.208986149591077,60.08412736538427,35.89,2.0,headache,S079
59.76,1.11,-24.5854266078921,-9.029422009383747,59.91541026139816,35.89,2.0,headache,S079
10.79,1.11,-24.030651201354054,-9.32281690218805,60.16526281627749,35.89,2.0,headache,S079
5.94,1.11,-24.256862229811382,-9.278453629879388,60.035954991197684,35.89,2.0,headache,S079
5.76,1.11,-23.87071788668059,-9.049281116001168,60.16330796834046,35.89,2.0,headache,S079
47.81,1.11,-24.119598397808584,-8.948374659006559,60.035515292584606,35.89,2.0,headache,S079
6.26,1.11,-24.091318929391335,-9.322939871470394,60.042398557556524,35.89,2.0,headache,S079
-39.03,1.11,-24.097370802049266,-8.903973930377578,59.95135617429902,35.89,2.0,headache,S079
-8.76,1.11,-24.04257953143006,-9.094134085175195,60.05182996052227,35.89,2.0,headache,S079
13.64,1.11,-24.414324038868305,-8.873041999895191,59.94017620355386,35.89,2.0,headache,S079
-14.19,1.11,-24.201061098701054,-8.967319520123235,60.12864075811384,35.89,2.0,headache,S079
1.33,1.11,-24.52307647359869,-9.088790184875231,60.035350295232405,35.89,2.0,headache,S079
18.53,1.11,-24.542504356552,-9.104320712986075,59.983106096475794,35.89,2.0,headache,S079
-25.97,1.11,-24.54232749273221,-9.105189695945246,60.08923178281841,35.89,2.0,headache,S079
-7.58,1.11,-24.033537866971777,-9.087948728982925,60.05701018770503,35.89,2.0,headache,S079
31.66,1.11,-24.612866874529523,-8.954778955382766,60.03453982939241,35.89,2.0,headache,S079
-10.11,1.11,-24.410853444389684,-9.039579435141313,60.11011519078562,35.91,2.0,headache,S079
-1.04,1.11,-24.763159923921332,-8.956662843523794,59.96799459493269,35.91,2.0,headache,S079
12.88,1.11,-24.492590763012615,-9.220694662007617,60.16994328655509,35.91,2.0,headache,S079
-10.07,1.11,-24.594544283821932,-9.066297798328394,59.92444963498018,35.91,2.0,headache,S079
7.89,1.11,-24.219242187620942,-8.978218829265083,60.06057492949356,35.87,2.0,headache,S079
22.3,1.11,-24.161392873169298,-9.017384227437866,59.94722135757043,35.87,2.0,headache,S079
-14.93,1.11,-24.224347794300705,-8.980490319306252,60.04708947861749,35.87,2.0,headache,S079
-16.97,1.11,-23.92000198953318,-9.02477038332326,59.9582832111877,35.87,2.0,headache,S079
8.45,1.11,-24.233247271554223,-8.967047095174431,60.0335342179228,35.89,2.0,headache,S079
-2.93,1.11,-24.50174017123541,-9.045802534523803,60.02525035981413,35.89,2.0,headache,S079
-7.58,1.11,-24.331900380200466,-9.060393251269126,60.25689322746378,35.89,2.0,headache,S079
7.53,1.11,-23.990256819340043,-9.170894918799842,60.292158964611005,35.89,2.0,headache,S079
-6.89,1.1,-24.832495464628323,-9.0689584426728,60.30658784393906,35.89,2.0,headache,S079
3.11,1.1,-24.223745634078554,-8.9530004945161,60.24531063535487,35.89,2.0,headache,S079
10.86,1.11,-23.38204042117843,-8.755029305095007,60.62812906471811,35.89,2.0,headache,S079
-12.63,1.11,-23.71523615417622,-8.660889610598113,60.37428390116252,35.89,2.0,headache,S079
-0.14,1.1,-23.43933974480216,-8.508620825316447,60.44320808659181,35.87,2.0,headache,S079
15.72,1.11,-23.527658332652486,-8.642396070580064,60.5785508718285,35.87,2.0,headache,S079
-17.36,1.11,-23.54809117591592,-8.809498674719723,60.56268432148997,35.87,2.0,headache,S079
-6.22,1.1,-23.440464996602714,-8.445997858492882,60.61723289903002,35.87,2.0,headache,S079
8.85,1.11,-23.449531815043994,-8.533384711649209,60.346129165349126,35.89,2.0,headache,S079
-2.82,1.11,-24.013352204767223,-8.518113224279846,60.472520088016175,35.89,2.0,headache,S079
-5.68,1.11,-23.698589165720218,-8.4859270590884,60.58093599500531,35.89,2.0,headache,S079
13.53,1.1,-24.168714956046436,-8.47364188174735,60.087321123893844,35.89,2.0,headache,S079
-7.23,1.1,-23.954715916016134,-8.265457335724706,60.07559227002083,35.89,2.0,headache,S079
-10.89,1.11,-24.324241536411606,-7.865020257909328,59.998232745851126,35.89,2.0,headache,S079
1.68,1.11,-23.966440311559875,-8.240269260495797,60.37301252123139,35.89,2.0,headache,S079
-13.55,1.1,-24.33624033420287,-7.886448185572172,59.93363267160164,35.89,2.0,headache,S079
6.68,1.11,-24.159249161283135,-8.250512081091282,60.23857151834915,35.89,2.0,headache,S079
10.0,1.1,-24.29718223680318,-8.141604072671361,60.185593634019895,35.89,2.0,headache,S079
3.09,1.1,-24.13442128920812,-8.064329048817681,60.21404918298449,35.89,2.0,headache,S079
10.28,1.11,-23.995873060152853,-7.940425306475943,60.161867439123824,35.89,2.0,headache,S079
-9.57,1.1,-24.001305212275245,-8.04764435410714,60.26546486548226,35.87,2.0,headache,S079
-6.47,1.1,-24.177617566511493,-8.04302499357297,60.00340197291596,35.87,2.0,headache,S079
22.9,1.1,-23.92966695456579,-8.185363890151715,60.392826930710946,35.87,2.0,headache,S079
-16.17,1.1,-24.049833731201954,-8.030197891551284,60.29099853048848,35.87,2.0,headache,S079
2.29,1.1,-23.93832409339076,-8.430678679143032,60.447317969618354,35.84,2.0,headache,S079
28.68,1.1,-23.927307104701935,-8.440224779122852,60.246871309998255,35.84,2.0,headache,S079
-15.45,1.11,-23.8797205544446,-8.208510052834779,60.294284602010265,35.84,2.0,headache,S079
18.81,1.1,-23.96366186721624,-7.997764217507693,60.346482548608684,35.84,2.0,headache,S079
-12.17,1.1,-23.883298102148224,-8.044889131940746,60.7107801384454,35.87,2.0,headache,S079
-21.08,1.1,-23.963204624854747,-7.9424022718658485,60.44704135978045,35.87,2.0,headache,S079
14.1,1.1,-23.879772585887732,-8.09560466306651,60.1760501662584,35.87,2.0,headache,S079
8.59,1.1,-24.071593593866236,-8.063657192735628,60.51137036373619,35.87,2.0,headache,S079
-14.58,1.1,-23.934433745885343,-8.002157401266846,60.329033841403415,35.89,2.0,headache,S079
2.73,1.1,-24.070709876003534,-7.991249089785181,60.53603234462248,35.89,2.0,headache,S079
8.23,1.1,-23.892392015019666,-8.002763513710853,60.72813622840967,35.89,2.0,headache,S079
-12.95,1.1,-23.949952181467978,-8.088262455665962,60.452253465047235,35.89,2.0,headache,S079
0.88,1.1,-23.98009782683319,-8.061283682052764,60.70577583580125,35.91,2.0,headache,S079
0.97,1.1,-24.036404710854917,-7.95794430075435,60.119949858584135,35.91,2.0,headache,S079
-10.54,1.1,-23.848395956352874,-8.036059532058198,60.78420421177234,35.91,2.0,headache,S079
9.11,1.1,-24.016708100482965,-7.975972152603349,60.34124235193068,35.91,2.0,headache,S079
4.4,1.1,-23.973883994382447,-8.257935431039009,60.54515193441412,35.87,2.0,headache,S079
-23.41,1.1,-24.029264468627417,-8.128258854576039,60.12048936652299,35.87,2.0,headache,S079
12.2,1.1,-23.839746018832837,-7.9996634086185905,60.338585730598574,35.87,2.0,headache,S079
2.13,1.1,-23.91274252018554,-7.990362963764024,60.375565986689764,35.87,2.0,headache,S079
-10.59,1.1,-23.962512134942546,-8.012556534195935,60.14638538872093,35.87,2.0,headache,S079
12.46,1.1,-24.044713615491354,-7.986496422856263,60.274308543721595,35.87,2.0,headache,S079
8.25,1.1,-23.84358316547179,-8.013655014217557,60.77831606813031,35.87,2.0,headache,S079
-14.51,1.1,-24.019747536287312,-7.986565404393301,60.445899621479846,35.87,2.0,headache,S079
7.9,1.1,-23.97193205273821,-8.013065027104105,60.523802842075405,35.87,2.0,headache,S079
5.4,1.1,-24.03086978620889,-7.987230682299421,60.07833454863113,35.87,2.0,headache,S079
-12.2,1.1,-23.96774882771353,-8.01306303549278,60.47160522773745,35.87,2.0,headache,S079
-4.14,1.1,-24.032861380143945,-7.983579274837622,60.041039116770534,35.87,2.0,headache,S079
12.43,1.1,-23.96730469559604,-8.123989861708369,60.253724642940135,35.87,2.0,headache,S079
-5.28,1.1,-24.031171898232007,-8.018708083129376,60.325056135760555,35.87,2.0,headache,S079
5.15,1.09,-23.974558059658975,-7.977035399794352,60.862875154822625,35.87,2.0,headache,S079
12.92,1.1,-23.913255367683274,-8.095262245565538,60.354738768151385,35.87,2.0,headache,S079
-13.53,1.1,-23.954676344085627,-8.061821111050216,60.41973120339858,35.87,2.0,headache,S079
-4.21,1.09,-24.006152106514868,-7.969219379972136,60.748988355709535,35.87,2.0,headache,S079
5.9,1.1,-23.596652103294712,-8.258025273328405,60.413735063881134,35.87,2.0,headache,S079
-14.86,1.1,-24.082706408303718,-8.009967953505694,60.29131279355035,35.87,2.0,headache,S079
1.82,1.09,-23.833845254843258,-7.985642654563564,60.48610891990901,35.87,2.0,headache,S079
9.21,1.09,-23.90534298665652,-8.129882242503623,60.255880667533155,35.87,2.0,headache,S079
-11.94,1.1,-23.93769419120928,-7.996713746300064,60.60492376998281,35.87,2.0,headache,S079
1.06,1.1,-24.06104065977885,-8.052187926426404,60.289074513969624,35.87,2.0,headache,S079
9.21,1.09,-23.936946796712004,-8.098938166430335,60.4004441113192,35.84,2.0,headache,S079
-15.61,1.09,-24.066091868766193,-7.977657649980664,60.351111016090876,35.84,2.0,headache,S079
-0.13,1.1,-23.93006922935239,-7.994271570445679,60.59648562002405,35.84,2.0,headache,S079
11.47,1.09,-24.0687482740235,-8.127124896498943,60.38228724776097,35.84,2.0,headache,S079
-3.82,1.1,-23.664128241915297,-8.170129731501826,60.56164808389296,35.84,2.0,headache,S079
10.55,1.09,-23.94223317471404,-7.938083931794921,60.31463089832652,35.84,2.0,headache,S079
7.07,1.09,-23.849959889072938,-8.045740668581297,60.6884658359091,35.84,2.0,headache,S079
-18.13,1.1,-23.77367349957472,-7.959982095806194,60.14602518534637,35.84,2.0,headache,S079
3.18,1.09,-23.98090592011503,-8.039744754600703,60.71110445322026,35.87,2.0,headache,S079
11.26,1.09,-23.825486185359676,-7.950456886211013,60.25702638431183,35.87,2.0,headache,S079
-13.37,1.09,-23.87770202349432,-8.245701192357267,60.486795764147494,35.87,2.0,headache,S079
2.4,1.09,-24.110973497077637,-8.063588855371762,60.25362472765,35.87,2.0,headache,S079
14.39,1.09,-23.84954335776643,-8.11745681509124,60.58856846020185,35.87,2.0,headache,S079
-15.37,1.09,-24.004864506981065,-7.95259006821132,60.349247871429306,35.87,2.0,headache,S079
1.96,1.09,-23.82732583786723,-8.113187772022812,60.446249889786834,35.87,2.0,headache,S079
13.5,1.1,-24.051103281087144,-8.046371310387988,60.23082803105875,35.87,2.0,headache,S079
-11.0,1.09,-23.849219909531293,-7.985158720143361,60.76842413338411,35.87,2.0,headache,S079
-1.19,1.09,-23.823671286609468,-8.0085509366657,60.27901101028647,35.87,2.0,headache,S079
20.17,1.09,-23.71617760496903,-7.993357344317662,60.606227270191226,35.87,2.0,headache,S079
-13.1,1.09,-23.919885267016053,-8.00584386855817,60.15834558719859,35.87,2.0,headache,S079
-3.54,1.09,-23.862095954208957,-8.001705824830465,60.628516841554394,35.87,2.0,headache,S079
13.61,1.09,-23.76411880077689,-8.316169392584358,60.408737743975436,35.87,2.0,headache,S079
-8.62,1.09,-23.857733233604606,-8.067359108956868,60.36928201827385,35.87,2.0,headache,S079
-10.17,1.09,-24.074708941004246,-7.980514115858322,60.33780955941138,35.87,2.0,headache,S079
16.67,1.09,-23.940213970151976,-8.010649663831314,60.58809063739998,35.87,2.0,headache,S079
-7.31,1.09,-24.031829910494345,-7.992814017127264,60.347677462724306,35.87,2.0,headache,S079
-13.67,1.09,-23.825435983638766,-8.005679493078198,60.493979312676494,35.87,2.0,headache,S079
7.95,1.1,-24.035077633263644,-7.994412635391499,60.05662178056341,35.87,2.0,headache,S079
3.22,1.09,-23.81093415323673,-8.00764341400211,60.50166732179777,35.87,2.0,headache,S079
-3.77,1.09,-24.145452682012035,-7.9838854038968385,60.22229741502754,35.87,2.0,headache,S079
18.84,1.09,-23.77413968289231,-8.08679182977658,60.45412870037586,35.87,2.0,headache,S079
-6.06,1.09,-24.068515577787128,-8.074590396940124,60.493264319992235,35.87,2.0,headache,S079
-13.71,1.09,-23.928585915268407,-7.948017971882672,60.62361347938874,35.87,2.0,headache,S079
10.44,1.09,-23.949688722308956,-8.099277631900645,60.38186803925191,35.87,2.0,headache,S079
-5.54,1.09,-23.734240601854264,-8.065304581060763,60.46786501487248,35.87,2.0,headache,S079
-12.18,1.09,-24.19414671352453,-7.975582219908129,59.90337915032757,35.87,2.0,headache,S079
16.82,1.08,-23.721303094495024,-8.105337500906945,60.510444799225695,35.84,2.0,headache,S079
-3.89,1.09,-24.136341600495083,-8.051448903726357,60.06638182247697,35.84,2.0,headache,S079
-12.72,1.09,-23.80490511570106,-7.955694204709401,60.740627320597035,35.84,2.0,headache,S079
9.15,1.11,-24.04548469056575,-8.13345307571346,60.26892049330149,35.84,2.0,headache,S079
0.38,1.08,-23.87966651253804,-8.017070831886075,60.51046953511368,35.84,2.0,headache,S079
-8.86,1.09,-24.138934957936836,-7.999470101079996,60.53358387325899,35.84,2.0,headache,S079
22.68,1.09,-23.842229794642588,-8.005864641469893,60.626058036148464,35.84,2.0,headache,S079
1.38,1.09,-24.020602681920103,-8.13487318208305,60.34485774355145,35.84,2.0,headache,S079
-17.28,1.09,-23.876720159675504,-8.024991078656274,60.689426731552764,35.84,2.0,headache,S079
11.17,1.09,-24.08243002496347,-8.223452244953817,60.320602488179965,35.84,2.0,headache,S079
2.1,1.08,-23.747889005863723,-8.119364992666297,60.386529091864716,35.84,2.0,headache,S079
-16.12,1.09,-24.21146591767298,-7.991242316226561,60.03611253740936,35.84,2.0,headache,S079
12.43,1.09,-23.78883589600313,-8.002992586569743,60.64123781880076,35.84,2.0,headache,S079
3.17,1.08,-24.087619449781645,-8.146146389456772,60.292968449079346,35.84,2.0,headache,S079
-15.13,1.09,-23.78544335975909,-7.953609350409465,60.736682999059994,35.84,2.0,headache,S079
5.46,1.09,-24.2135383250771,-8.044485661997117,60.39820316289624,35.84,2.0,headache,S079
6.51,1.09,-23.636056952826877,-7.9525383899725925,60.83801883370552,35.84,2.0,headache,S079
-12.92,1.08,-24.262803871260704,-8.053223358654723,60.423958893906544,35.84,2.0,headache,S079
13.29,1.09,-23.43551380530747,-7.935234530112168,60.72694143342664,35.84,2.0,headache,S079
8.3,1.09,-24.114631175635505,-8.118100360299204,60.16721193620382,35.84,2.0,headache,S079
-17.62,1.08,-23.66148352900584,-8.148764074046674,60.459705231556875,35.84,2.0,headache,S079
3.44,1.09,-24.293205281481793,-8.042016297188946,59.911524905149335,35.84,2.0,headache,S079
7.8,1.09,-23.535027064003867,-7.952375340367737,60.31447825312736,35.84,2.0,headache,S079
-18.41,1.08,-24.18456504769718,-8.049612172539351,59.85100161771295,35.84,2.0,headache,S079
7.34,1.08,-23.52303307807998,-8.053999270316629,60.89807157752975,35.84,2.0,headache,S079
7.63,1.09,-24.31969303526476,-8.090942875856253,59.81709922622614,35.84,2.0,headache,S079
-16.67,1.08,-23.422626276644852,-7.908283119401004,60.76154129298537,35.84,2.0,headache,S079
1.22,1.08,-24.386934043070024,-8.098475691781914,59.8674481008645,35.84,2.0,headache,S079
16.13,1.08,-23.146099763581937,-7.893154337072735,60.648593597317756,35.84,2.0,headache,S079
-13.1,1.08,-24.688408669103488,-8.113725548341653,60.09673438768637,35.84,2.0,headache,S079
8.53,1.08,-22.777953976397576,-7.9044242248799685,60.949166295351745,35.84,2.0,headache,S079
15.18,1.08,-24.592060771162178,-8.28109970623647,59.96789446270533,35.84,2.0,headache,S079
-23.89,1.09,-22.990596036411713,-7.744815919402263,60.973853101478575,35.84,2.0,headache,S079
-2.97,1.08,-25.11594411179099,-8.345265690624993,59.479918038673674,35.84,2.0,headache,S079
14.87,1.08,-21.958832016020235,-7.744979358721578,61.416183204801335,35.84,2.0,headache,S079
-19.22,1.08,-26.235552891525934,-8.541612608511741,58.82310478928511,35.84,2.0,headache,S079
10.08,1.08,-19.832706583398853,-7.414854709993842,63.23487308964778,35.84,2.0,headache,S079
10.39,1.08,-36.82368505163032,-10.53216388797292,50.57472183361932,35.84,2.0,headache,S079
-11.59,1.09,-55.013722272408025,-13.337863480435288,36.78837586423103,35.84,2.0,headache,S079
-11.1,1.08,-52.84643619016172,-12.937694368548938,39.083182087372606,35.84,2.0,headache,S079
-32.75,1.07,-46.41641256364985,-11.21845823731082,43.781174196613875,35.84,2.0,headache,S079
-199.46,1.08,-19.324139838756963,-5.933046504691544,62.7977442922993,35.84,2.0,headache,S079
-9.27,1.08,-28.186351726118176,-9.116725397600883,58.467542712778624,35.84,2.0,headache,S079
123.25,1.08,-23.019836581211123,-7.583878352752055,61.03646026066836,35.84,2.0,headache,S079
63.95,1.08,-26.695385918417486,-8.317809296273138,59.177650603126914,35.84,2.0,headache,S079
365.96,1.08,-24.10364481993437,-7.778748081684168,60.689260505089564,35.84,2.0,headache,S079
-61.32,1.08,-26.18842667234581,-8.340910284135605,59.29707445919207,35.84,2.0,headache,S079
-162.63,1.08,-24.414127786271234,-7.751886515124089,60.49314355665877,35.84,2.0,headache,S079
-5.71,1.08,-25.8316730169148,-8.228214621016312,59.555755492787405,35.83,2.0,headache,S079
-19.64,1.08,-24.27161938539484,-7.928816788643328,60.401336720907594,35.83,2.0,headache,S079
-3.78,1.08,-25.747698070430875,-8.27223730475108,59.63465471460859,35.83,2.0,headache,S079
8.85,1.08,-24.75028215733436,-7.868989726921521,60.33496358849848,35.83,2.0,headache,S079
-13.76,1.08,-25.62067307997302,-8.134039927341716,59.690975496064254,35.87,2.0,headache,S079
-18.23,1.08,-24.485667077839967,-7.862500380977735,60.28662914902257,35.87,2.0,headache,S079
11.73,1.08,-25.479705795093246,-8.171028660495885,59.732903568039,35.87,2.0,headache,S079
-12.75,1.08,-24.54708435961008,-7.988417750509983,60.24990670496654,35.87,2.0,headache,S079
-4.84,1.08,-25.43187425846334,-8.183197414857364,59.76534124080844,35.83,2.0,headache,S079
21.29,1.08,-24.578960891095306,-7.951556706407914,60.221039126473826,35.83,2.0,headache,S079
-12.27,1.08,-25.54122421099716,-8.047366650284708,59.79119952442813,35.83,2.0,headache,S079
-7.87,1.08,-24.916329367305938,-8.068863757790494,60.197746500189965,35.83,2.0,headache,S079
20.87,1.08,-25.24751065202999,-8.05375456972489,59.81227843391137,35.83,2.0,headache,S079
-7.94,1.08,-24.817268728108274,-8.034220206097043,60.17860415862824,35.83,2.0,headache,S079
-3.57,1.08,-25.470914171553805,-8.106326248724114,59.829696048162624,35.83,2.0,headache,S079
-10.93,1.08,-24.772455568441302,-8.00538452406871,60.16276344499698,35.83,2.0,headache,S079
2.4,1.08,-25.34459426933247,-8.136632813109694,59.844032528484824,35.83,2.0,headache,S079
24.66,1.08,-24.720810921937172,-7.928720629951744,60.14997031331631,35.83,2.0,headache,S079
-8.13,1.08,-25.22718336263836,-8.315951576531834,59.8550282573671,35.83,2.0,headache,S079
-24.6,1.08,-25.134310312340464,-7.89378159158167,60.1415657419947,35.83,2.0,headache,S079
10.5,1.08,-25.622359928112104,-8.297600159418147,59.85814136062195,35.84,2.0,headache,S079
-7.8,1.07,-25.43744849972531,-8.427727249393527,60.159797230470296,35.84,2.0,headache,S079
-14.04,1.08,-25.57398167990314,-8.104993866166357,59.997255897364106,35.84,2.0,headache,S079
-3.96,1.08,-25.188866944008993,-8.353036381880784,60.08428059523452,35.84,2.0,headache,S079
5.6,1.07,-25.334274384760228,-7.988427837558526,59.910483394276405,35.83,2.0,headache,S079
16.71,1.08,-25.00203161849169,-8.054336929154962,60.088831389126035,35.83,2.0,headache,S079
15.94,1.08,-25.487804119861504,-8.243111853233959,59.912595550881846,35.83,2.0,headache,S079
-16.12,1.07,-24.902430956511623,-8.252650962280873,60.09009415625383,35.83,2.0,headache,S079
-19.18,1.07,-25.926887483198943,-8.238264433209325,59.82572997053078,35.81,2.0,headache,S079
15.09,1.08,-25.166301433096354,-8.352907705920831,60.01435570278224,35.81,2.0,headache,S079
-24.73,1.07,-25.978704859801297,-7.9483435754530065,59.888917984599956,35.81,2.0,headache,S079
-9.65,1.07,-25.46970702514636,-8.263005381260886,59.6649663410548,35.81,2.0,headache,S079
9.66,1.07,-25.527712427964563,-7.758796054224137,59.79280575903819,35.83,2.0,headache,S079
-11.0,1.07,-24.743721428222145,-8.409710436570276,59.998102791641244,35.83,2.0,headache,S079
8.38,1.07,-25.581583795485823,-8.48288774759258,59.856649238609094,35.83,2.0,headache,S079
29.19,1.07,-24.669509696922,-7.896214629112613,60.23182613115675,35.83,2.0,headache,S079
4.72,1.07,-25.42740777636585,-8.19297193921097,59.874719801549965,35.81,2.0,headache,S079
-20.27,1.06,-24.705888489324174,-7.854545450306451,60.10248112212176,35.81,2.0,headache,S079
13.8,1.07,-25.292944654305327,-8.122681908000189,59.91220214614073,35.81,2.0,headache,S079
-23.0,1.07,-24.68767958635139,-8.023581404328253,60.07319088458558,35.81,2.0,headache,S079
10.5,1.07,-25.575387962014425,-8.074949285324102,59.818472145241884,35.83,2.0,headache,S079
2.24,1.07,-25.255793850192255,-8.267783456227212,59.9493652016101,35.83,2.0,headache,S079
-8.76,1.07,-26.16349821465601,-8.3099266247782,59.765044738666376,35.83,2.0,headache,S079
5.72,1.07,-25.485673550854774,-8.373469212468883,59.910566334304285,35.83,2.0,headache,S079
-0.44,1.06,-25.81066309644935,-8.2476802029591,59.83803926713189,35.84,2.0,headache,S079
-13.97,1.07,-25.29754263951463,-7.962799718146001,60.11965955710283,35.84,2.0,headache,S079
23.97,1.08,-25.551543170401704,-8.390284199625611,59.80154454878287,35.84,2.0,headache,S079
-7.59,1.07,-25.283859197277824,-8.243719312960534,60.040989581342444,35.84,2.0,headache,S079
-5.33,1.07,-25.53292413723957,-8.267293007303337,59.947419268693714,35.84,2.0,headache,S079
11.6,1.07,-25.52923819981851,-8.216508654321496,60.04999516113057,35.84,2.0,headache,S079
-8.08,1.07,-25.88493737361668,-8.237724336055077,59.95915643866941,35.84,2.0,headache,S079
-9.38,1.07,-25.21169271346659,-8.216995453850737,59.92328062864361,35.84,2.0,headache,S079
15.26,1.07,-25.991193618994835,-8.414939430000263,59.81865560950834,35.83,2.0,headache,S079
-9.77,1.07,-25.683755618024453,-8.146851702605664,59.91022006960678,35.83,2.0,headache,S079
0.36,1.07,-25.862736667583945,-8.255965618437783,60.00391365546916,35.83,2.0,headache,S079
9.3,1.07,-25.59766936288922,-7.839032101886529,59.70371310384289,35.83,2.0,headache,S079
-9.73,1.07,-26.319021992749622,-8.202944410648433,59.60616648497349,35.83,2.0,headache,S079
-21.37,1.07,-25.45186428321454,-7.953977859933306,60.06025045244184,35.83,2.0,headache,S079
11.54,1.07,-26.109389130381178,-8.527914659416927,59.71125955025319,35.83,2.0,headache,S079
8.44,1.07,-25.54961804608697,-8.159974816086985,59.791325034771894,35.83,2.0,headache,S079
1.63,1.06,-25.513900829543914,-7.985198092650873,59.96615335769059,35.83,2.0,headache,S079
26.44,1.07,-25.936565673317933,-8.26226279996564,60.04746084179649,35.83,2.0,headache,S079
-7.92,1.07,-25.824310529187073,-8.247624252823153,59.94450946909221,35.83,2.0,headache,S079
-46.02,1.07,-25.745767949402598,-8.23848083803349,59.891107592335665,35.83,2.0,headache,S079
33.1,1.07,-25.914720170559026,-8.761715186286764,59.851877387388775,35.83,2.0,headache,S079
13.23,1.07,-25.385183247641713,-7.746020457142248,60.06919768376913,35.83,2.0,headache,S079
-10.12,1.07,-26.07233707352487,-8.3556728048914,59.936563595014285,35.83,2.0,headache,S079
9.22,1.06,-25.402937638372123,-8.528430502342372,60.067558437115444,35.83,2.0,headache,S079
-6.66,1.07,-26.241007536747436,-8.75394917252294,59.815495745116934,35.83,2.0,headache,S079
-5.84,1.07,-26.025180050635804,-7.74823123314989,59.71983171202219,35.83,2.0,headache,S079
15.02,1.07,-25.687394010003324,-8.7175315025041,59.63459558152162,35.83,2.0,headache,S079
-23.04,1.07,-26.7955893831377,-8.993570571152903,59.69973800292118,35.83,2.0,headache,S079
13.24,1.07,-25.989756843099215,-8.108931572370201,59.603975492552784,35.83,2.0,headache,S079
-25.07,1.06,-26.38596384563609,-8.614780840677598,59.52472641823485,35.83,2.0,headache,S079
12.18,1.07,-26.572864318793826,-8.391048331601317,59.405204498024105,35.83,2.0,headache,S079
-7.57,1.07,-26.276982619982707,-8.088530384735485,59.54549107290998,35.83,2.0,headache,S079
-17.26,1.07,-26.161206991375284,-8.462288383241317,59.890484077658904,35.83,2.0,headache,S079
29.32,1.06,-25.840337566659258,-7.911812538399476,59.81728167692501,35.83,2.0,headache,S079
-8.32,1.07,-26.15190152266035,-8.249679194732295,59.772298571076355,35.83,2.0,headache,S079
-2.72,1.07,-25.87180751524821,-8.226795869235303,59.6210124984098,35.83,2.0,headache,S079
34.21,1.06,-26.211375423013603,-8.464042736039694,59.621673633622656,35.83,2.0,headache,S079
-21.16,1.07,-25.5974643810048,-8.40421348430592,59.56015877251746,35.83,2.0,headache,S079
-8.73,1.07,-25.994731820729594,-8.235802857850166,59.82087166433427,35.83,2.0,headache,S079
13.67,1.06,-25.324344453813712,-8.567118634020565,60.06428695249241,35.83,2.0,headache,S079
0.37,1.07,-26.00439550208934,-7.866597455241178,59.86893338433831,35.83,2.0,headache,S079
32.27,1.07,-25.815104104214015,-7.938795794529588,59.749158770731654,35.83,2.0,headache,S079
-11.97,1.07,-26.304225211074755,-7.987687816545091,59.45962117759488,35.83,2.0,headache,S079
-63.37,1.06,-25.988466332056174,-7.953905070441071,59.55651355970972,35.83,2.0,headache,S079
10.61,1.07,-26.297715025456284,-7.883159269399797,59.84991150444686,35.83,2.0,headache,S079
42.5,1.06,-26.46915894523094,-7.968293502417609,59.51925929521373,35.83,2.0,headache,S079
4.21,1.06,-26.42638467372474,-8.217917074494526,59.74405394061894,35.83,2.0,headache,S079
0.99,1.06,-26.08138877097712,-7.9664944593310745,59.56177004980408,35.83,2.0,headache,S079
15.94,1.06,-26.306917496472202,-8.021581863709052,59.3737309857825,35.83,2.0,headache,S079
-20.49,1.06,-25.926605330016194,-7.980428765535095,59.61993783658604,35.83,2.0,headache,S079
-4.89,1.06,-26.142298017316424,-8.020176391466713,59.55726556946021,35.83,2.0,headache,S079
15.77,1.06,-26.085045420810015,-7.978006404598939,59.84493700686135,35.83,2.0,headache,S079
-10.32,1.06,-26.1359949942433,-8.024930200314685,59.37301497354496,35.83,2.0,headache,S079
-5.01,1.06,-25.90509666816713,-7.970072935881178,59.26126765076741,35.83,2.0,headache,S079
12.17,1.06,-26.321390097113582,-8.041457167260864,59.64346723713322,35.83,2.0,headache,S079
-10.09,1.07,-26.081445367784287,-7.883758780901491,59.641200690342316,35.83,2.0,headache,S079
-8.35,1.06,-26.224152857531628,-7.959978329076248,59.79867997107454,35.83,2.0,headache,S079
7.82,1.06,-25.827420874579303,-8.00780683755901,59.631037738417845,35.83,2.0,headache,S079
-2.88,1.06,-26.200181389145328,-7.997470101713082,59.81621739122784,35.83,2.0,headache,S079
-15.41,1.06,-26.17202390181081,-8.007665985257264,59.765700456387144,35.83,2.0,headache,S079
10.49,1.06,-26.153051574721765,-7.901687330525149,59.58825217201033,35.83,2.0,headache,S079
5.38,1.06,-25.979170786283504,-7.947885562252739,59.81532764840727,35.83,2.0,headache,S079
-15.11,1.06,-26.147041615625092,-8.03495003108084,59.78295394530092,35.83,2.0,headache,S079
-14.19,1.06,-25.886117456513972,-7.967841620677863,59.81294356140356,35.83,2.0,headache,S079
25.91,1.06,-26.262261416853644,-7.902597163999408,59.779340293926666,35.81,2.0,headache,S079
-2.62,1.06,-25.825937209866588,-7.9762657568682185,59.79891680264355,35.81,2.0,headache,S079
-9.67,1.05,-26.162826189186227,-8.02438187820696,59.63015016549952,35.81,2.0,headache,S079
13.94,1.06,-25.841550963977124,-7.9760292683380785,59.69411667037306,35.81,2.0,headache,S079
15.88,1.06,-26.156484507962947,-8.022744074937458,60.109569816564466,35.81,2.0,headache,S079
6.08,1.05,-25.843419736150565,-7.980208832010087,59.87722162428636,35.81,2.0,headache,S079
-6.68,1.06,-26.168375187811918,-8.010899953302264,60.00480913731267,35.81,2.0,headache,S079
-29.36,1.06,-25.845187258642593,-8.059698865811695,59.646219862366536,35.81,2.0,headache,S079
-1.37,1.06,-26.099320111364147,-8.10846922407539,59.84517811061783,35.81,2.0,headache,S079
12.76,1.06,-25.738674204545017,-8.065120250791866,59.793693993150605,35.81,2.0,headache,S079
-9.72,1.06,-26.199096133981634,-8.033326163532793,59.91190621156926,35.81,2.0,headache,S079
-2.18,1.06,-25.804628791341887,-7.960752623265322,59.63854150731686,35.81,2.0,headache,S079
5.61,1.06,-26.201465813672552,-8.043551072303384,59.99025546453394,35.81,2.0,headache,S079
-18.91,1.06,-25.78479107690593,-7.949706832802459,59.97718622384817,35.81,2.0,headache,S079
9.92,1.06,-26.240713774639715,-8.064520356817347,60.020791381693535,35.81,2.0,headache,S079
-2.87,1.06,-25.706845991902913,-7.893295074803636,59.518204160483876,35.81,2.0,headache,S079
-18.05,1.06,-26.600638377704172,-8.491208499753968,59.49258999548226,35.83,2.0,headache,S079
14.29,1.06,-26.35162627026363,-8.53255352549386,59.40815220222679,35.83,2.0,headache,S079
9.45,1.06,-25.7350685191413,-8.771412740307332,59.73058406291132,35.83,2.0,headache,S079
0.02,1.06,-26.245767421125297,-8.400995381098367,59.67896564177082,35.83,2.0,headache,S079
-4.55,1.06,-25.42681934468213,-8.46768164380823,59.61520978629245,35.83,2.0,headache,S079
37.31,1.05,-25.78215814293402,-7.6752675654448765,59.92399053771413,35.83,2.0,headache,S079
-15.06,1.05,-26.155249811609064,-8.304698959205256,59.67187779887197,35.83,2.0,headache,S079
2.62,1.06,-26.269236244813854,-7.864793694404917,59.32289639643708,35.83,2.0,headache,S079
10.03,1.06,-25.980807002104115,-8.190671370145845,59.9153973448112,35.83,2.0,headache,S079
-26.67,1.05,-26.970757598652373,-8.232749588535825,59.37980609503117,35.83,2.0,headache,S079
-3.47,1.06,-26.27772014723814,-8.151354658861536,59.48274068062478,35.83,2.0,headache,S079
8.33,1.05,-26.108966101248523,-8.093302928153783,59.433109365447244,35.83,2.0,headache,S079
-6.54,1.05,-26.71567608061342,-8.500136495396887,59.628967795421296,35.81,2.0,headache,S079
9.02,1.06,-26.133655921021756,-7.936252299661214,59.601581229107566,35.81,2.0,headache,S079
21.81,1.06,-26.54313400183792,-8.544433124710757,59.66583595745419,35.81,2.0,headache,S079
-26.52,1.06,-26.627557914579725,-8.14495938672388,59.316629629879316,35.81,2.0,headache,S079
4.31,1.06,-26.343628496036988,-8.652621564173565,59.85826979468504,35.81,2.0,headache,S079
7.86,1.06,-25.80814318802685,-8.267894408203917,59.528885793947026,35.81,2.0,headache,S079
-17.73,1.06,-26.201020733691173,-8.036187858358971,59.793326699225254,35.81,2.0,headache,S079
-7.17,1.05,-25.970292882613577,-8.091289368546018,59.19389833362873,35.81,2.0,headache,S079
18.36,1.06,-26.403901017710467,-8.099090955580118,59.7508635351409,35.81,2.0,headache,S079
-43.45,1.06,-25.943719579515133,-7.990588280207611,59.32821545586158,35.81,2.0,headache,S079
27.37,1.05,-26.618492665955443,-8.007327677607144,59.74337816530826,35.81,2.0,headache,S079
27.03,1.06,-26.23590888488869,-8.227468287910847,59.41199068081825,35.81,2.0,headache,S079
-2.12,1.06,-26.09026934029584,-7.973998255560255,59.79940474510851,35.83,2.0,headache,S079
-6.82,1.05,-26.476972244062775,-8.054558900380634,59.166676280727486,35.83,2.0,headache,S079
20.82,1.06,-25.851631122100613,-8.06732417363174,60.18835983881659,35.83,2.0,headache,S079
-33.98,1.05,-26.44063052804662,-8.259086510504824,59.1807596888197,35.83,2.0,headache,S079
6.74,1.06,-24.61260928299415,-7.844716317827172,61.067928842491895,35.81,2.0,headache,S079
19.9,1.05,-30.82412479197017,-10.33517486453556,56.60808557673028,35.81,2.0,headache,S079
9.94,1.06,-36.82945472945977,-11.678349579821232,53.25344264169411,35.81,2.0,headache,S079
-4.5,1.06,-54.87535999391185,-11.686543207647723,33.261358045611125,35.81,2.0,headache,S079
24.47,1.05,-59.98883978770945,-14.279464994658927,27.840748533317996,35.81,2.0,headache,S079
-123.0,1.06,-57.46904983596967,-13.562401195721991,31.196138266082798,35.81,2.0,headache,S079
-200.4,1.06,-57.56582895629129,-14.160287804699315,32.27482302995979,35.81,2.0,headache,S079
-33.43,1.05,-54.84722246676113,-12.819994574666431,33.86125286853212,35.81,2.0,headache,S079
290.2,1.06,-52.081355469479035,-12.874962919004886,40.32258026268213,35.81,2.0,headache,S079
6.85,1.07,-55.62304838199918,-12.314620014957036,34.54252054648478,35.81,2.0,headache,S079
-4.39,1.06,-58.49290617450268,-11.985935736063572,28.516392705793688,35.81,2.0,headache,S079
35.24,1.06,-59.60146543691359,-14.154381250347942,29.3933551862188,35.81,2.0,headache,S079
22.17,1.06,-57.95531204438538,-13.553047379105676,30.344354018026433,35.79,2.0,headache,S079
-49.84,1.06,-56.379863378301295,-11.967843024305838,33.70835779408909,35.79,2.0,headache,S079
124.91,1.05,-31.48735524926457,-12.538281851515706,54.009475329232316,35.79,2.0,headache,S079
28.16,1.06,-18.329525521742287,-8.477802455227465,63.25970224446336,35.79,2.0,headache,S079
-90.52,1.05,-28.983516699952546,-8.847386323115641,57.54090356342,35.79,2.0,headache,S079
10.22,1.04,-25.373295845545716,-8.206618350412755,60.57953240771603,35.79,2.0,headache,S079
295.2,1.05,-28.40635251855429,-8.240755583275092,58.17922977194206,35.79,2.0,headache,S079
102.33,1.05,-26.94686865809041,-8.011409985666724,59.79598392361177,35.79,2.0,headache,S079
-288.35,1.05,-28.848792696273396,-7.997494506423035,58.30133275587876,35.81,2.0,headache,S079
-159.17,1.05,-26.403631989507634,-8.233616403896916,59.61140216899906,35.81,2.0,headache,S079
-59.78,1.05,-27.480425118698598,-8.431341907547496,58.664569873333036,35.81,2.0,headache,S079
2.3,1.05,-25.484314804794177,-8.539802555286338,60.088807287802474,35.81,2.0,headache,S079
28.79,1.05,-26.64119467790091,-8.831176457338367,59.1363134455966,35.81,2.0,headache,S079
47.81,1.05,-25.393778844917286,-8.648996326111059,60.00591791732846,35.81,2.0,headache,S079
-28.96,1.05,-26.579485172774806,-8.516152282222132,59.18853742604556,35.81,2.0,headache,S079
-27.82,1.05,-25.442082612360895,-8.601461108257157,60.32805202972091,35.81,2.0,headache,S079
4.08,1.05,-26.540293302927275,-8.760061216214776,59.490081204532494,35.79,2.0,headache,S079
-10.73,1.05,-25.474187377010576,-8.741691960592085,60.17379013094864,35.79,2.0,headache,S079
-3.42,1.05,-26.513906768585013,-8.634720141970517,59.2665649378674,35.79,2.0,headache,S079
14.69,1.05,-25.495836376970768,-8.5634467063035,60.296210114633865,35.79,2.0,headache,S079
-2.37,1.05,-26.496289331863473,-8.97684845798029,58.90332985491737,35.79,2.0,headache,S079
-3.14,1.04,-25.509905178615213,-8.349782369556511,60.025341853402644,35.79,2.0,headache,S079
17.88,1.05,-26.48551624470134,-8.388595298441748,59.3557532914032,35.79,2.0,headache,S079
-2.25,1.05,-25.517272632371114,-8.64408214744959,60.15832006596569,35.79,2.0,headache,S079
-1.2,1.05,-26.48267184417981,-8.922233334602598,59.46860832771824,35.81,2.0,headache,S079
7.9,1.04,-25.508534232043093,-8.6260581523301,59.861473653423026,35.81,2.0,headache,S079
5.29,1.05,-26.347683173877662,-8.459139287551409,59.63245279141425,35.81,2.0,headache,S079
-10.56,1.05,-25.549530210743438,-8.46219624309116,60.001565332310825,35.81,2.0,headache,S079
3.97,1.04,-26.454984762008515,-8.697766668836817,59.39156499672092,35.81,2.0,headache,S079
-3.25,1.05,-25.55026566703679,-8.58228684904843,59.982385702477735,35.81,2.0,headache,S079
-5.65,1.05,-26.381838438890593,-8.60675860080039,59.57013633604596,35.81,2.0,headache,S079
-1.93,1.04,-25.448348029527864,-8.665333206361016,60.18566976221797,35.81,2.0,headache,S079
5.52,1.05,-26.279822416465517,-8.656421650220064,59.74287437518294,35.79,2.0,headache,S079
-10.26,1.04,-25.349177918050987,-8.828932642496094,60.15262509526876,35.79,2.0,headache,S079
-0.92,1.05,-26.34903656592033,-8.961077138348438,59.60224386987013,35.79,2.0,headache,S079
0.88,1.04,-25.348699902157705,-8.446558831511174,59.982226264353855,35.79,2.0,headache,S079
1.68,1.05,-26.1256965416588,-8.160978782982133,59.60855597027478,35.79,2.0,headache,S079
-7.63,1.05,-25.2849420353357,-8.521768938538548,60.146308360721925,35.79,2.0,headache,S079
3.48,1.05,-26.284835960064232,-8.64885567214329,59.790763687661524,35.79,2.0,headache,S079
-2.3,1.05,-24.96978113520715,-8.746773057031362,60.05847383209938,35.79,2.0,headache,S079
0.8,1.05,-26.23213270739679,-8.601844501537409,59.495594246358145,35.79,2.0,headache,S079
-2.24,1.04,-25.56304793368971,-8.515493398744114,60.20826811633844,35.79,2.0,headache,S079
8.74,1.05,-26.39291284344573,-8.523865701818893,59.66014393956569,35.79,2.0,headache,S079
-7.02,1.05,-25.40226892711568,-8.625521877574542,60.193942634043,35.79,2.0,headache,S079
0.24,1.05,-26.289332798002786,-8.747358208529734,59.646967726095426,35.81,2.0,headache,S079
-1.39,1.05,-25.315004466372002,-8.560978600981217,60.07524541842445,35.81,2.0,headache,S079
6.24,1.05,-26.480157149395286,-8.65790381936247,59.7750949248748,35.81,2.0,headache,S079
-8.67,1.04,-25.348362920550613,-8.637530416542177,60.03395738561245,35.81,2.0,headache,S079
11.15,1.04,-26.1694531515866,-8.625413488690315,59.683002805877464,35.79,2.0,headache,S079
-6.68,1.04,-25.206714605010625,-8.631359442952826,60.2866660827944,35.79,2.0,headache,S079
-1.87,1.05,-26.48407146850627,-8.603164206780464,59.728591200159116,35.79,2.0,headache,S079
0.92,1.05,-25.25058499001951,-8.418783003932115,60.16620537652276,35.79,2.0,headache,S079
3.34,1.05,-26.56197062108946,-8.818473907992022,59.54787310501685,35.79,2.0,headache,S079
-13.02,1.05,-25.220835475512963,-8.645033261072735,60.24156128104031,35.79,2.0,headache,S079
18.27,1.04,-26.7073048598986,-8.653190960642135,59.61488852571331,35.79,2.0,headache,S079
0.83,1.05,-24.88947751176988,-8.512913613520261,60.23835066391284,35.79,2.0,headache,S079
-1.7,1.05,-26.543268315501873,-8.96642394508255,59.64861614007476,35.79,2.0,headache,S079
0.38,1.05,-24.841265294965204,-8.73280077882883,60.28402073833935,35.79,2.0,headache,S079
16.55,1.04,-26.844382497796165,-8.646615025718583,59.55518856240104,35.79,2.0,headache,S079
-14.74,1.05,-24.89832709092928,-8.756605925271385,60.38802351422297,35.79,2.0,headache,S079
10.6,1.05,-27.001983909394838,-8.323954658410921,59.44991985185924,35.77,2.0,headache,S079
1.62,1.04,-24.715303677025716,-8.421810095163321,60.42219048617905,35.77,2.0,headache,S079
2.04,1.04,-27.230583160827415,-8.606604332832338,59.1859219552393,35.77,2.0,headache,S079
-12.56,1.04,-24.509712007034086,-8.505489241415884,60.58705460878557,35.77,2.0,headache,S079
19.05,1.04,-27.49377529324015,-8.800190997440447,59.22913427090275,35.77,2.0,headache,S079
-12.43,1.04,-23.468560731576904,-8.75475522536718,60.534311348095244,35.77,2.0,headache,S079
11.68,1.05,-28.68046399436131,-8.619899287715148,58.63049749986108,35.77,2.0,headache,S079
-3.66,1.04,-19.39789179775087,-10.606831000706844,61.88764384945788,35.77,2.0,headache,S079
15.36,1.04,-30.083505113765444,-10.019340888539363,58.17062533146786,35.77,2.0,headache,S079
-34.28,1.04,-29.799165371072533,-6.301947971444153,57.62119575048006,35.77,2.0,headache,S079
21.65,1.05,-37.18634663041935,-9.243546696833292,56.057248368722945,35.77,2.0,headache,S079
-55.6,1.04,-2.0690346994990176,-6.6761702240723375,64.20579726256037,35.77,2.0,headache,S079
81.05,1.04,-34.50840730328027,-11.64464012330522,43.5221598162904,35.79,2.0,headache,S079
112.83,1.05,-66.89405942033378,-14.792984932015553,21.803813286956554,35.79,2.0,headache,S079
-104.19,1.04,-41.45355316792867,-12.454160704636601,48.72682925224825,35.79,2.0,headache,S079
-237.75,1.04,-29.279183656299725,-15.180374512758306,57.425086126476444,35.79,2.0,headache,S079
89.51,1.04,-31.804359432449722,-16.5073043028531,54.96240071689731,35.79,2.0,headache,S079
254.03,1.05,-35.09520319093516,-16.135343667559308,54.36096516062909,35.79,2.0,headache,S079
-114.94,1.04,-34.52936316331796,-16.140155387094893,53.76362064487091,35.79,2.0,headache,S079
-72.07,1.04,-39.04328097887176,-17.576740651174788,50.43554683699396,35.79,2.0,headache,S079
50.83,1.04,-33.91390144847404,-14.764479791660321,53.89931877639999,35.79,2.0,headache,S079
-39.72,1.03,-36.263538593622854,-15.027674937224383,53.34433610294372,35.79,2.0,headache,S079
49.08,1.03,-34.8303496145846,-14.176433822418739,54.92656889955074,35.79,2.0,headache,S079
-0.16,1.04,-36.28543858336889,-12.829285436805579,53.70293024234476,35.79,2.0,headache,S079
-111.68,1.03,-34.571504943859324,-12.479812962106834,54.65714863532841,35.79,2.0,headache,S079
86.13,1.02,-34.2055531710019,-11.534029386463509,55.25832858837768,35.79,2.0,headache,S079
66.44,1.03,-34.56167984269107,-11.653870820695754,54.7691517301496,35.79,2.0,headache,S079
-51.28,1.03,-34.44801583013365,-11.80744494049407,54.81632887931083,35.79,2.0,headache,S079
-48.92,1.02,-35.524130640383746,-12.430831983610574,54.010522588516984,35.79,2.0,headache,S079
168.63,1.02,-35.05032193674336,-12.642285172759568,54.66236214069677,35.79,2.0,headache,S079
-122.07,1.02,-35.861991289704726,-12.962360102221211,53.01440257347282,35.79,2.0,headache,S079
9.19,1.02,-32.98982368241124,-11.924493264722935,56.86954562392548,35.79,2.0,headache,S079
88.07,1.02,-45.70348715804534,-12.450067826491392,43.862387122048084,35.79,2.0,headache,S079
-36.73,1.02,-57.820246398644656,-14.024320091251358,33.13541156105372,35.79,2.0,headache,S079
-106.19,1.02,-53.26613398484555,-13.270400105992877,37.95728048177537,35.79,2.0,headache,S079
-78.86,1.01,-55.68985532344162,-12.56659704358748,34.94028460024638,35.79,2.0,headache,S079
138.69,1.02,-54.16155489470066,-13.037349039337915,36.423017491172644,35.81,2.0,headache,S079
-12.66,1.01,-55.62512316134208,-13.880252629177514,34.96175602497064,35.81,2.0,headache,S079
29.81,1.01,-54.157699330519435,-13.05915926592819,36.27246927650174,35.81,2.0,headache,S079
15.82,1.04,-55.599157635434615,-13.216632614329628,35.301919280752756,35.81,2.0,headache,S079
-210.57,1.02,-54.80137355899786,-13.385744651096685,35.65866177526108,35.77,2.0,headache,S079
-99.0,1.01,-59.39864773024475,-14.396712882388426,27.23956600132266,35.77,2.0,headache,S079
402.98,1.01,-59.371138712240004,-14.307042269729852,26.988690199281304,35.77,2.0,headache,S079
-57.97,1.01,-59.25033089852693,-14.032102081466977,27.423035697510265,35.77,2.0,headache,S079
-57.8,1.01,-59.07232379031935,-13.865580408723911,26.875042185300078,35.79,2.0,headache,S079
87.09,1.01,-60.61493044517708,-14.41115980545785,24.540573097558312,35.79,2.0,headache,S079
-81.08,1.01,-60.189273475404974,-14.387260623064027,25.591873557847972,35.79,2.0,headache,S079
-246.99,1.01,-59.35428864667165,-14.017568743015177,26.958554144176603,35.79,2.0,headache,S079
-15.47,1.01,-58.239758687522226,-14.280178129120497,28.61874362784739,35.79,2.0,headache,S079
399.76,1.01,-58.11624499328315,-13.983943726022334,30.420647803321945,35.79,2.0,headache,S079
-111.51,1.01,-57.43558417268863,-14.101356154954276,30.29517313528041,35.79,2.0,headache,S079
-126.96,1.01,-58.55926202287715,-13.909597229635276,29.480575991047253,35.79,2.0,headache,S079
91.02,1.01,-58.75321582105167,-13.918726572546202,28.665040291149854,35.79,2.0,headache,S079
34.79,1.01,-59.55088437605805,-13.956648568648792,27.62930795659738,35.79,2.0,headache,S079
-13.01,1.01,-56.97544495322354,-14.180846287603096,31.172443063562785,35.79,2.0,headache,S079
52.65,1.0,-57.287223356021705,-13.329515304625215,32.80793389545877,35.79,2.0,headache,S079
-98.23,1.01,-44.32463707646938,-12.470598345079825,47.48320215455744,35.77,2.0,headache,S079
-117.27,1.01,-33.859546969405926,-10.968339688886877,55.53736896445486,35.77,2.0,headache,S079
-193.44,1.0,-35.04384644891636,-11.532237079999916,55.19908367020386,35.77,2.0,headache,S079
381.89,1.01,-29.63350176348877,-10.047955602533552,57.47051493891784,35.77,2.0,headache,S079
150.74,1.01,-33.10547822468947,-9.22173515290886,55.4609239309354,35.79,2.0,headache,S079
-139.58,1.01,-36.919349490360425,-10.088460334609465,53.83263486642761,35.79,2.0,headache,S079
33.64,1.01,-35.86297298973069,-8.587376916485123,53.852681044559,35.79,2.0,headache,S079
88.41,1.02,-35.69246985519134,-7.9041836638569665,54.76030119922654,35.79,2.0,headache,S079
-203.02,1.01,-36.676280247699815,-8.542003122014899,55.05634335752022,35.77,2.0,headache,S079
-126.36,1.0,-35.043684329058706,-7.541364795710887,54.57034949897719,35.77,2.0,headache,S079
45.52,1.01,-36.28165135884474,-9.003163624435258,54.56521439463353,35.77,2.0,headache,S079
2.38,1.01,-36.05333672632557,-9.211531034484853,54.720323180421964,35.77,2.0,headache,S079
31.84,1.0,-36.29167655847237,-9.865993689402272,54.677256704594825,35.79,2.0,headache,S079
-5.22,1.01,-35.12740271288091,-8.472263498205587,54.76442385095878,35.79,2.0,headache,S079
4.54,1.0,-35.524247666818596,-10.422296365994395,55.91999188609666,35.79,2.0,headache,S079
11.55,1.0,-32.376024032340275,-6.318286705902659,54.70625670595315,35.79,2.0,headache,S079
14.77,1.0,-41.696095899217866,-13.024828818632958,51.0148828265745,35.77,2.0,headache,S079
30.56,1.01,-55.16286677600104,-10.786252754930308,37.82835769248776,35.77,2.0,headache,S079
77.84,1.0,-47.95729968782669,-5.832104439922027,41.717750234002374,35.77,2.0,headache,S079
-25.81,1.0,-48.95190048636352,-13.34736471186329,45.530694207755204,35.77,2.0,headache,S079
28.36,1.0,-46.42800362067841,-10.751867692681312,45.468731706329805,35.77,2.0,headache,S079
-164.89,1.0,-45.86710937358072,-13.023220140548979,46.04180452957277,35.77,2.0,headache,S079
73.89,0.99,-47.157420971022546,-12.13850752428872,44.32284136368523,35.77,2.0,headache,S079
22.69,1.0,-46.461612973260806,-13.738072048222685,45.62018394340148,35.77,2.0,headache,S079
-214.27,1.0,-47.1795180911902,-13.03271370945477,45.04370753588919,35.79,2.0,headache,S079
143.5,1.0,-45.60995389902401,-13.104705080739492,46.49254811162035,35.79,2.0,headache,S079
46.49,1.0,-46.8765335028825,-12.862565374952982,45.187815945930794,35.79,2.0,headache,S079
58.15,1.0,-46.99639349623534,-12.825220542470994,45.04175114385528,35.79,2.0,headache,S079
-86.28,1.0,-48.15388237998016,-12.14993466031981,44.2741771613409,35.77,2.0,headache,S079
-3.02,0.99,-47.66168952978805,-12.87671544489775,44.78653897567696,35.77,2.0,headache,S079
-2.41,0.99,-53.222810291402375,-12.306716226922383,37.66696787490851,35.77,2.0,headache,S079
35.74,1.0,-53.08488892368426,-13.177544845536682,38.14373657433756,35.77,2.0,headache,S079
60.49,0.99,-53.517544655241934,-12.679517156019353,38.303054111066544,35.81,2.0,headache,S079
18.09,0.99,-53.116672155478,-12.940550011504923,37.93161360597453,35.81,2.0,headache,S079
-78.34,1.0,-53.56357805420053,-12.763525930961556,38.088161206647854,35.81,2.0,headache,S079
-23.79,0.99,-53.08172106581566,-13.034524286975822,38.37389770613931,35.81,2.0,headache,S079
21.47,0.99,-53.66316347808426,-12.936949373392292,37.79592050161354,35.75,2.0,headache,S079
22.35,0.99,-52.91602710786564,-13.08589319317916,38.257010516975406,35.75,2.0,headache,S079
-23.36,1.0,-53.315249743853336,-12.874834003527035,38.11677535671845,35.75,2.0,headache,S079
1.32,0.99,-52.35816938834438,-13.338049291760068,38.18265817713871,35.75,2.0,headache,S079
-6.22,0.99,-53.0705637180012,-13.142510495548503,37.94777611114391,35.77,2.0,headache,S079
23.95,0.99,-51.28465937722094,-13.272597950938419,39.78949098216602,35.77,2.0,headache,S079
-4.57,0.99,-51.91429161786021,-14.596719459816246,38.93535613049123,35.77,2.0,headache,S079
5.93,0.99,-57.516721781029396,-13.931914099411435,29.533149950634442,35.77,2.0,headache,S079
-69.31,1.0,-61.8359936360323,-13.83190022330275,22.343954065729054,35.75,2.0,headache,S079
28.28,0.99,-59.63964613477177,-12.37761091524893,27.67981822486739,35.75,2.0,headache,S079
166.64,0.99,-53.43037378008391,-10.36059608775444,41.46061937188054,35.75,2.0,headache,S079
-66.0,0.99,-54.701739597027746,-12.08476298638558,32.04333110617645,35.75,2.0,headache,S079
-112.43,1.0,-61.84636218283932,-14.539814531279145,13.202687388107359,35.75,2.0,headache,S079
-16.91,0.99,-65.55768768524842,-13.696564608012272,10.707094034562425,35.75,2.0,headache,S079
67.53,0.99,-63.92203426750669,-14.009031492684716,10.713737024829877,35.75,2.0,headache,S079
20.9,0.99,-64.87278934620667,-13.849632228699614,11.360912355064356,35.75,2.0,headache,S079
-4.76,0.99,-63.06678839259384,-13.125409440604546,16.654013698409734,35.77,2.0,headache,S079
-43.32,0.99,-60.93662069111269,-13.05459608148591,25.00383056220851,35.77,2.0,headache,S079
6.85,0.99,-60.588184108340954,-13.34061828911883,24.64660990505053,35.77,2.0,headache,S079
-33.13,0.99,-59.01494735457234,-12.54023819574349,27.934923168765774,35.77,2.0,headache,S079
0.64,0.99,-59.53265389375189,-13.730522421752143,27.880369529898868,35.77,2.0,headache,S079
25.25,0.99,-59.341485666077524,-13.621081174015723,27.904368864893563,35.77,2.0,headache,S079
31.78,0.99,-59.0931340291562,-13.285091452957934,27.86573204659925,35.77,2.0,headache,S079
-6.87,0.99,-59.28260654152483,-13.08529192074327,27.163834896226586,35.77,2.0,headache,S079
-16.26,1.02,-59.35263789821643,-13.661813651689487,27.583766085641823,35.75,2.0,headache,S079
39.06,0.99,-59.04627074528419,-13.461290565696478,28.21176905915107,35.75,2.0,headache,S079
-69.86,0.99,-59.54783627847906,-13.38653812673834,27.82556122228307,35.75,2.0,headache,S079
49.78,0.99,-58.36343594379413,-13.418620828054836,28.26914243186611,35.75,2.0,headache,S079
-80.28,1.0,-59.154777219108965,-13.034899943555729,28.257773601490836,35.77,2.0,headache,S079
47.22,0.99,-58.87809997458011,-13.354303870658786,28.473329611560583,35.77,2.0,headache,S079
66.51,0.99,-58.73841957057758,-13.140989606562849,28.7635848615607,35.77,2.0,headache,S079
-28.76,0.99,-58.313533207893386,-13.507852997244528,28.911865654598937,35.77,2.0,headache,S079
-33.48,0.99,-58.620744125336365,-13.221334713260177,29.36546026711684,35.75,2.0,headache,S079
-26.74,0.99,-58.50940649130565,-13.153674483766224,28.813160622366688,35.75,2.0,headache,S079
8.32,0.99,-58.86634644331937,-13.330025072138275,28.94212022114511,35.75,2.0,headache,S079
49.87,0.99,-59.29130285684993,-13.51664429917726,28.076067073626163,35.75,2.0,headache,S079
3.33,0.99,-58.58345201091743,-13.256533228270667,29.360628744413003,35.77,2.0,headache,S079
-0.23,0.99,-60.24632252077548,-14.983250611990163,24.421065260185475,35.77,2.0,headache,S079
19.53,0.99,-61.46478162621953,-14.914900986018658,21.764272829227757,35.77,2.0,headache,S079
-42.25,0.99,-59.44858735039523,-13.112683109687154,27.626340293297094,35.77,2.0,headache,S079
-12.91,0.99,-58.96164757556033,-13.212203450322185,28.80699912173775,35.77,2.0,headache,S079
42.24,0.99,-54.41843434973145,-11.779666353632635,36.683013699718515,35.77,2.0,headache,S079
-85.86,0.99,-53.75497347975785,-11.25836919700232,37.519651049951726,35.77,2.0,headache,S079
-15.49,0.99,-55.419741394933475,-11.722358595600689,36.66746142017692,35.77,2.0,headache,S079
-1.65,0.99,-54.05625776951793,-10.835002751167698,37.90984088257263,35.75,2.0,headache,S079
122.58,0.99,-54.70633706120508,-11.798035588009878,37.37188859816493,35.75,2.0,headache,S079
93.21,0.99,-55.73852924171684,-11.883870606407768,35.28290373286732,35.75,2.0,headache,S079
-131.24,0.99,-54.18843556795365,-11.612704204235401,36.580366111961276,35.75,2.0,headache,S079
-13.85,0.99,-55.113162171774704,-12.164644391497262,36.32095019306163,35.77,2.0,headache,S079
-11.36,0.99,-53.24364209892608,-10.974701737785336,38.673241914550665,35.77,2.0,headache,S079
104.81,0.98,-52.93138386546823,-12.553896832657996,37.7209648627475,35.77,2.0,headache,S079
-122.2,0.99,-51.92389205503624,-10.839786113012114,40.25992639545518,35.77,2.0,headache,S079
-37.29,0.99,-50.39954750659728,-11.042873038645261,41.041966501287625,35.75,2.0,headache,S079
174.59,0.98,-50.60026539437618,-11.264938915787207,42.13070442210047,35.75,2.0,headache,S079
-114.22,0.99,-50.52213134329095,-11.124064494601477,41.32946100413908,35.75,2.0,headache,S079
-45.43,0.99,-49.44288681396845,-10.969277792947324,43.42388948401056,35.75,2.0,headache,S079
28.7,0.99,-43.8323403384549,-10.044472744191138,47.57847812128702,35.75,2.0,headache,S079
37.69,0.98,-47.385271054035904,-10.59096450718886,45.824521609950416,35.75,2.0,headache,S079
13.04,0.99,-45.68605645562185,-9.893479323993706,46.952518434248645,35.75,2.0,headache,S079
26.64,0.99,-45.75693145066182,-10.409303847771,47.825481846899436,35.75,2.0,headache,S079
-123.73,0.98,-47.06801070798287,-9.493645773331444,46.490679714326994,35.75,2.0,headache,S079
59.1,0.98,-46.96001133016474,-9.332072525008607,45.67405016754958,35.75,2.0,headache,S079
-41.63,0.99,-48.43986295551044,-9.535229022669059,44.326224179510284,35.75,2.0,headache,S079
28.47,0.98,-49.073577526380205,-10.169734920020735,43.394221582371195,35.75,2.0,headache,S079
27.23,0.99,-49.171664040231256,-10.411789301003143,43.52961493237982,35.75,2.0,headache,S079
-42.56,0.98,-47.35414794993787,-10.147032451731166,45.01910215443466,35.75,2.0,headache,S079
50.41,0.99,-47.957185233728254,-10.174284688273001,44.58902308190445,35.75,2.0,headache,S079
14.21,0.99,-48.754211583478465,-10.814562998619952,43.78131890565368,35.75,2.0,headache,S079
-38.53,1.02,-49.039805180228136,-11.13182609419561,44.04433833031232,35.75,2.0,headache,S079
-21.91,0.99,-46.72875194828695,-10.531800067281916,45.844581903967885,35.75,2.0,headache,S079
-14.15,0.99,-43.207226714958416,-9.24523155420759,49.339789083669906,35.75,2.0,headache,S079
100.23,0.99,-43.72121235429253,-9.666178719904794,48.72521198678027,35.75,2.0,headache,S079
-94.8,0.99,-44.20742658111308,-9.588264212893032,49.33915208875293,35.77,2.0,headache,S079
-23.04,0.99,-43.825218662629325,-9.793349843218584,49.11924044379987,35.77,2.0,headache,S079
111.39,0.99,-33.2393588425492,-7.400556869137003,54.90617573668539,35.77,2.0,headache,S079
20.74,0.99,-38.87712303747522,-7.636813143662256,53.816738426679,35.77,2.0,headache,S079
-15.81,0.99,-38.18625514134972,-7.691246346530231,53.2257235078122,35.77,2.0,headache,S079
74.3,0.98,-39.65360292798466,-8.466106519166544,52.0630529890638,35.77,2.0,headache,S079
33.37,0.99,-39.5161500658877,-8.724887194392288,52.49690305295607,35.77,2.0,headache,S079
-175.91,0.99,-39.568578504282,-9.087384163722453,52.285405982587264,35.77,2.0,headache,S079
-66.73,0.98,-38.51018896659058,-8.788904134899362,52.62806837142114,35.77,2.0,headache,S079
26.38,0.98,-39.277821203152264,-9.331441248046302,52.70525541334728,35.77,2.0,headache,S079
4.83,0.99,-39.76202273687827,-9.130102647795926,51.887366726587985,35.77,2.0,headache,S079
74.08,0.99,-39.68958222570418,-9.083651103818834,52.42944139757187,35.77,2.0,headache,S079
10.55,0.98,-39.33556382708749,-8.937446370571552,52.05403214268492,35.77,2.0,headache,S079
-21.96,0.99,-39.454328890397804,-8.896244440496588,52.1859086584944,35.77,2.0,headache,S079
24.28,0.99,-39.87881439899288,-9.140821659164748,51.906702850228776,35.77,2.0,headache,S079
-27.67,0.99,-37.799531112091536,-9.401505541921312,53.075645690716556,35.77,2.0,headache,S079
-36.23,0.99,-38.82360765126071,-9.29122291581669,52.54336279228889,35.79,2.0,headache,S079
3.5,0.99,-38.916495441533826,-9.238314060693456,52.71186472350712,35.79,2.0,headache,S079
28.2,0.99,-36.884022914948936,-8.838888894513582,53.17816278750755,35.79,2.0,headache,S079
32.54,0.99,-37.31578607173102,-9.041627851424757,54.00791341627957,35.79,2.0,headache,S079
-14.76,0.99,-37.22633978711776,-8.609233943630631,53.50098020266439,35.77,2.0,headache,S079
-8.07,0.99,-37.65094565817915,-9.021044977645412,53.867863394148365,35.77,2.0,headache,S079
35.59,0.99,-37.21180758091652,-8.936727556751164,53.44870476786352,35.77,2.0,headache,S079
-19.92,0.99,-37.81943125079818,-8.973514659928775,54.19299455438535,35.77,2.0,headache,S079
-72.13,0.99,-36.48940746280578,-9.029210139022961,53.483183881664075,35.79,2.0,headache,S079
28.98,0.98,-37.310138173233625,-9.088874043873275,53.61023419899976,35.79,2.0,headache,S079
19.97,0.99,-34.48804948435361,-8.961644541848155,56.16780813304345,35.79,2.0,headache,S079
-38.86,0.99,-38.98476855504607,-9.568874925579395,52.23700331046075,35.79,2.0,headache,S079
11.68,0.98,-41.0428453311077,-9.7379044381644,51.49027585946952,35.77,2.0,headache,S079
38.55,0.98,-38.85115841236531,-8.686933725569348,52.44104452158096,35.77,2.0,headache,S079
25.39,0.99,-39.157736678392475,-8.491471923575764,52.915409333026666,35.77,2.0,headache,S079
-48.48,0.99,-38.168883238840515,-8.07308137392667,53.06432241591467,35.77,2.0,headache,S079
-40.55,0.98,-37.33068858123119,-7.8959786958455815,53.68882722126775,35.79,2.0,headache,S079
-45.21,0.99,-37.467059405772154,-7.632100693840904,53.84994962909419,35.79,2.0,headache,S079
5.86,0.99,-37.92453475445397,-7.719050920870759,53.186802780470565,35.79,2.0,headache,S079
21.57,0.98,-40.56194770366318,-8.35943167649994,52.379125361707025,35.79,2.0,headache,S079
7.55,0.98,-36.4571458123781,-8.400212662645414,54.26778204043582,35.77,2.0,headache,S079
17.12,0.99,-34.5890705587282,-8.238500965917153,55.55863791897815,35.77,2.0,headache,S079
22.93,0.99,-34.13218043540045,-8.01204216995405,55.5593249151143,35.77,2.0,headache,S079
20.36,0.99,-33.38385707236142,-9.21370992115964,56.17589295349605,35.77,2.0,headache,S079
75.65,1.0,-34.21083102888276,-7.766383347599917,54.99742893856131,35.79,2.0,headache,S079
24.14,0.99,-35.66773491213967,-8.978883237904492,55.131454669205056,35.79,2.0,headache,S079
0.3,0.98,-35.28941343210888,-8.249151672042037,54.92288183248408,35.79,2.0,headache,S079
-15.37,0.99,-35.08314050619617,-8.66401643155213,54.86136432161029,35.79,2.0,headache,S079
9.85,0.99,-36.20434151591078,-9.014013854245622,54.88764766562041,35.81,2.0,headache,S079
-63.76,0.98,-33.52842617708228,-8.072578192071514,55.83058964148212,35.81,2.0,headache,S079
-39.23,0.99,-33.245354313181814,-6.507206113672058,55.96917426313816,35.81,2.0,headache,S079
6.88,0.99,-34.55579300353861,-8.809159273932318,56.13050653409517,35.81,2.0,headache,S079
-40.4,0.99,-32.89766172976156,-8.631432414376286,55.98419770005609,35.77,2.0,headache,S079
41.83,0.99,-33.93572420644644,-8.216228828248697,55.69399743003934,35.77,2.0,headache,S079
66.78,0.99,-34.454506280642065,-7.9022652550820585,55.4444042609982,35.77,2.0,headache,S079
57.81,0.99,-33.98248850758013,-8.29294132783488,55.370559648054346,35.77,2.0,headache,S079
-8.12,0.99,-34.16953532128486,-9.063668434255847,55.70482721195802,35.79,2.0,headache,S079
-102.34,0.99,-33.155378984947866,-9.13379068942027,55.92206637508129,35.79,2.0,headache,S079
-44.35,0.99,-33.859377195646665,-8.342821538043479,55.85350002955451,35.79,2.0,headache,S079
-37.17,0.99,-34.27164137852678,-8.76034811208534,55.39728942879966,35.79,2.0,headache,S079
52.51,0.99,-34.26932069611995,-9.067853575810487,55.843155418592865,35.79,2.0,headache,S079
38.53,0.99,-34.619277027746364,-8.580013808830765,55.689465975448606,35.79,2.0,headache,S079
-34.34,0.99,-34.064555082864544,-8.578865996864007,55.756196062337985,35.79,2.0,headache,S079
-12.1,0.99,-34.948297161227536,-9.054866888857664,55.2864454987839,35.79,2.0,headache,S079
7.0,0.99,-34.49472858549596,-8.936236353448676,55.180977646058174,35.79,2.0,headache,S079
-20.33,0.99,-34.611379338310776,-9.042620157331697,55.19582450249107,35.79,2.0,headache,S079
11.99,0.99,-34.552304883905194,-8.78971376568185,55.12663906375202,35.79,2.0,headache,S079
17.51,0.99,-34.67958324975721,-8.845066792905495,55.11542427464099,35.79,2.0,headache,S079
-12.38,0.99,-34.092299462587825,-9.236252070754327,55.81048175268106,35.81,2.0,headache,S079
-11.87,0.99,-34.271425218549034,-8.850999380916734,55.599119116291746,35.81,2.0,headache,S079
2.11,0.99,-34.36192022990911,-9.006775854962902,55.28909912008796,35.81,2.0,headache,S079
-39.72,0.99,-34.42519272077365,-8.732731252186607,55.34876943144879,35.81,2.0,headache,S079
14.11,0.99,-34.31418743519209,-9.064176128763883,55.609233298688025,35.79,2.0,headache,S079
41.57,0.99,-34.349362898791576,-8.850845278155777,55.65467147224759,35.79,2.0,headache,S079
-34.1,0.99,-35.38338461320577,-8.879722071089919,55.1684878719094,35.79,2.0,headache,S079
3.12,0.99,-34.5274800825391,-8.807845524201724,55.271791814091806,35.79,2.0,headache,S079
22.17,0.98,-34.06317342619856,-8.587896213566331,55.57729292170504,35.83,2.0,headache,S079
30.52,0.99,-34.35579935797579,-9.428569572877144,55.78154458503596,35.83,2.0,headache,S079
-6.8,0.99,-33.988949130136675,-8.232054428091788,55.72449444190924,35.83,2.0,headache,S079
-32.02,0.99,-34.464584965547935,-8.79906325781333,55.26865812237937,35.83,2.0,headache,S079
-31.77,0.99,-34.45823149718712,-9.002986833122943,55.62407824463588,35.81,2.0,headache,S079
57.4,0.99,-33.738791276376446,-8.284767656545124,55.97874886881823,35.81,2.0,headache,S079
39.32,0.99,-33.5154357673821,-8.33543348393513,55.9554890191474,35.81,2.0,headache,S079
-19.64,0.99,-33.114019061163354,-8.196743667386867,56.27642586765306,35.81,2.0,headache,S079
-61.08,0.99,-33.004360826649524,-7.969632010700171,56.81163209436218,35.81,2.0,headache,S079
-26.49,0.99,-32.406767508599216,-8.232437527245176,56.20797035861129,35.81,2.0,headache,S079
13.4,0.98,-32.19110220461882,-8.406366032768455,56.68392487936621,35.81,2.0,headache,S079
12.48,0.98,-32.18654858898703,-8.43744722627152,56.75036364462029,35.81,2.0,headache,S079
52.32,0.99,-31.372587692735255,-9.368411486210821,57.20360421714623,35.83,2.0,headache,S079
27.0,0.99,-31.202475993310202,-9.368593022736128,56.706139316917515,35.83,2.0,headache,S079
36.12,0.98,-31.52438767634608,-8.959929688274437,57.06564970394337,35.83,2.0,headache,S079
-20.68,0.99,-31.10295717177911,-8.699002803294777,57.24112980122839,35.83,2.0,headache,S079
-17.82,0.99,-29.17207170155317,-8.777862702002825,58.228715279071444,35.83,2.0,headache,S079
9.05,0.98,-29.25437261333551,-8.925688540803359,58.47126844949069,35.83,2.0,headache,S079
-14.38,0.99,-29.109096606900447,-8.484725412457516,58.45274607106992,35.83,2.0,headache,S079
-3.76,0.99,-27.91966414628454,-8.15161596418628,58.724278739591945,35.83,2.0,headache,S079
32.02,0.99,-27.305272466730194,-9.019355659721628,59.52914266373509,35.84,2.0,headache,S079
-27.02,0.99,-28.77551916378517,-9.683892513882832,58.26256739598131,35.84,2.0,headache,S079
-17.9,1.0,-29.391439159011718,-8.567288385497392,57.966222814711735,35.84,2.0,headache,S079
7.26,1.02,-27.661632615438467,-9.070959394632325,58.884349805275804,35.84,2.0,headache,S079
20.72,0.98,-26.34489457524528,-9.36173395638656,59.09920459732953,35.83,2.0,headache,S079
-51.55,0.99,-28.172860924398623,-8.723098604115282,58.69112311788433,35.83,2.0,headache,S079
-0.82,0.99,-26.522766322375638,-9.207592363864682,59.30971979470055,35.83,2.0,headache,S079
62.48,0.99,-26.165283349826794,-9.126493291079205,59.487152274152784,35.83,2.0,headache,S079
-8.87,0.98,-27.41477068082168,-8.493595904466575,59.217047025094026,35.84,2.0,headache,S079
-61.48,0.99,-27.172065354892812,-8.916356981242451,59.06084416795261,35.84,2.0,headache,S079
31.6,0.99,-27.353315950068293,-9.480963366455077,58.90325113711771,35.84,2.0,headache,S079
-27.88,0.99,-23.452205063990537,-8.795342962515369,60.94992188842459,35.84,2.0,headache,S079
-23.15,0.99,-24.46983384676982,-7.814605377287567,59.75214066523039,35.81,2.0,headache,S079
23.44,0.99,-23.90024666351725,-8.091656067589902,60.63563021266132,35.81,2.0,headache,S079
15.65,1.02,-24.600494596509918,-8.088735048927171,59.85361806515648,35.81,2.0,headache,S079
-3.07,0.99,-24.353171389406455,-7.958870371476914,60.2245278783146,35.81,2.0,headache,S079
-4.41,0.99,-25.221531850902082,-8.221291396172557,60.11544423147767,35.81,2.0,headache,S079
-0.32,0.99,-24.829820966851724,-8.502414910610025,60.00035016592874,35.81,2.0,headache,S079
1.48,0.99,-26.834199977652407,-8.533782572647665,59.25586785005724,35.81,2.0,headache,S079
23.75,0.99,-28.631354633480065,-8.805531628408485,58.159353153960346,35.81,2.0,headache,S079
-28.92,0.99,-29.077752788043124,-8.900906891205704,58.20593255853882,35.83,2.0,headache,S079
-21.22,0.98,-29.08651272077741,-9.071968987362613,58.52036167819852,35.83,2.0,headache,S079
-59.94,0.99,-29.00043686550644,-8.587769988630134,58.35849875657696,35.83,2.0,headache,S079
39.85,0.99,-27.631666635305532,-8.191240220296311,58.81860296491522,35.83,2.0,headache,S079
55.11,0.99,-27.678332865691644,-7.589018438886615,58.43101250449727,35.83,2.0,headache,S079
-19.51,1.02,-28.335532166625896,-7.935623834387855,58.97790715568648,35.83,2.0,headache,S079
-0.13,0.99,-28.42059145610653,-7.933297259538797,58.764523720342844,35.83,2.0,headache,S079
5.17,0.99,-28.69755684040414,-8.19591893829809,58.56141835809146,35.83,2.0,headache,S079
35.51,0.99,-28.423370889475873,-8.081851026243513,58.827967707170096,35.83,2.0,headache,S079
-8.12,0.99,-29.064467749447708,-8.005462178210411,58.08806604656327,35.83,2.0,headache,S079
9.97,0.99,-29.43557219839605,-8.234459484802613,57.923771429065475,35.83,2.0,headache,S079
-27.06,0.99,-29.423732318547962,-8.309765884294947,57.926449402295546,35.83,2.0,headache,S079
-7.12,0.99,-29.263839410569734,-8.789391448262306,58.07658429462652,35.84,2.0,headache,S079
-11.49,0.99,-29.090395738338778,-8.45828186493665,58.420559227675916,35.84,2.0,headache,S079
8.92,0.98,-28.981349421627396,-8.58423420977554,58.18442833314311,35.84,2.0,headache,S079
34.94,0.99,-28.924637894134634,-8.377333578190148,58.284919169659474,35.84,2.0,headache,S079
-30.43,0.99,-28.14314821188009,-9.084260030505748,58.50041667392096,35.83,2.0,headache,S079
-32.8,0.99,-28.3159795287167,-9.005529523746786,58.75254545210266,35.83,2.0,headache,S079
9.38,0.99,-28.254530099585395,-8.382253066831202,58.38314690684995,35.83,2.0,headache,S079
43.03,0.99,-28.368284413792455,-8.88228334823772,58.669282470500775,35.83,2.0,headache,S079
30.56,0.99,-28.259833148165278,-9.010943849941695,58.66733444719174,35.83,2.0,headache,S079
8.61,0.99,-28.302580162981478,-8.89279244083596,58.65876265015052,35.83,2.0,headache,S079
-12.93,0.99,-27.872483989113714,-8.69602701610649,58.975895410009095,35.83,2.0,headache,S079
-38.04,0.99,-27.31331300432495,-8.607238080890836,58.96931734627479,35.83,2.0,headache,S079
-14.66,0.98,-27.409153716770824,-8.27237014027823,58.98697385699743,35.83,2.0,headache,S079
-0.68,0.98,-27.247642702270884,-8.257545421378863,59.059574310452575,35.83,2.0,headache,S079
5.59,0.99,-27.62665767371088,-8.450990142577325,58.83693249292208,35.83,2.0,headache,S079
13.99,0.99,-27.684787815970505,-8.102868129507677,59.128058100599716,35.83,2.0,headache,S079
-13.13,0.98,-27.63449418088472,-8.24755191011028,58.978151732967206,35.84,2.0,headache,S079
-21.96,0.99,-26.9534849039471,-8.388439553923012,59.0522503405931,35.84,2.0,headache,S079
-21.32,0.99,-26.947320495801144,-8.945066459525814,59.18008665963187,35.84,2.0,headache,S079
-29.69,0.99,-26.62107633657018,-8.858358886352221,59.38727530352406,35.84,2.0,headache,S079
47.55,0.99,-27.034562329036703,-9.029029140508174,59.07911960003193,35.83,2.0,headache,S079
97.12,0.99,-26.609805611548847,-8.680664093474824,59.28379634863778,35.83,2.0,headache,S079
-10.05,0.99,-26.771005268684085,-8.768968368985094,59.06816674381992,35.83,2.0,headache,S079
-7.88,0.99,-25.751103803394262,-8.852458285322164,59.83567966962432,35.83,2.0,headache,S079
-11.03,0.99,-28.67415863672148,-9.38756382323882,58.3387516598051,35.84,2.0,headache,S079
-9.87,0.99,-27.232173491696635,-9.319190530342262,59.29132657059589,35.84,2.0,headache,S079
-14.28,0.99,-27.85110058778602,-8.762068003025066,58.61476400494809,35.84,2.0,headache,S079
21.7,0.99,-28.0337850664147,-9.012677273001357,58.53490540223806,35.84,2.0,headache,S079
-4.7,0.99,-29.992436909297904,-9.411861442363202,57.493628806866624,35.84,2.0,headache,S079
-32.95,0.99,-33.928691502680884,-9.013797092044713,55.73767280305585,35.84,2.0,headache,S079
-18.48,0.99,-29.945430407650527,-8.901286479044202,57.50175728046084,35.84,2.0,headache,S079
13.35,0.99,-31.890065865200334,-9.309306423515181,56.82477258285805,35.84,2.0,headache,S079
-22.54,0.98,-32.005913270187705,-8.947990948000452,56.875611682569385,35.84,2.0,headache,S079
-22.38,0.98,-32.4443461335278,-9.105955480971586,56.739525090847756,35.84,2.0,headache,S079
-11.09,0.98,-32.32667209450525,-8.311644475287068,56.211006397784075,35.84,2.0,headache,S079
-53.37,0.99,-32.79887585203117,-9.420434284647097,56.49960954475397,35.84,2.0,headache,S079
10.12,0.98,-32.489983800495494,-8.82941904770007,56.52261293666299,35.83,2.0,headache,S079
7.01,0.98,-32.99419780219929,-9.490557358384986,56.17428534751109,35.83,2.0,headache,S079
28.75,0.98,-33.11652047225664,-8.488325221947864,55.83370609113476,35.83,2.0,headache,S079
42.04,0.98,-33.48983001613296,-9.681315608082397,56.24932089383603,35.83,2.0,headache,S079
-35.58,0.98,-33.770990797800884,-8.978013584599426,55.577691502312135,35.83,2.0,headache,S079
-20.66,0.98,-34.647137277905976,-9.254269230899737,55.480902426000966,35.83,2.0,headache,S079
83.41,0.98,-33.195922324914015,-9.335540035871581,55.97773171335036,35.83,2.0,headache,S079
119.52,0.98,-33.393085628625656,-9.227186471066192,56.03526600471627,35.83,2.0,headache,S079
-98.67,0.98,-33.59503797416933,-9.177633149002032,55.73005709086384,35.83,2.0,headache,S079
-15.38,0.98,-33.338407442859356,-9.344049853144954,56.46331870999719,35.83,2.0,headache,S079
35.66,0.98,-33.95306802094995,-8.635790732567093,56.09099707995988,35.83,2.0,headache,S079
-30.73,0.98,-34.145931723315385,-8.51184140424881,55.39225793257082,35.83,2.0,headache,S079
51.11,0.98,-32.45619058130723,-8.396275153499362,56.89669484970664,35.84,2.0,headache,S079
19.21,0.98,-31.172729993288105,-8.374514862845915,57.25567746920023,35.84,2.0,headache,S079
11.62,0.98,-31.165834547026602,-8.644061190713753,57.038136601529914,35.84,2.0,headache,S079
66.57,0.99,-31.382759096775114,-8.829267746815805,57.59138112711989,35.84,2.0,headache,S079
47.73,0.99,-33.025924178156366,-8.942729756681715,56.1605382465638,35.83,2.0,headache,S079
-39.3,0.98,-31.83088270900647,-8.98452010845996,56.813665704956485,35.83,2.0,headache,S079
-109.88,0.99,-32.015003659410205,-8.543460286104814,56.62898018097594,35.83,2.0,headache,S079
-50.78,0.98,-31.656196698061336,-9.08680096948302,57.36546841003822,35.83,2.0,headache,S079
84.0,0.98,-32.48979399707508,-9.005887736903151,56.49464631690996,35.83,2.0,headache,S079
-34.41,0.98,-31.521915680962827,-8.64997809124344,57.14078908072724,35.83,2.0,headache,S079
-125.61,0.98,-32.140153023451475,-9.10802299770815,56.65523830834649,35.83,2.0,headache,S079
42.72,0.98,-31.631518302226784,-9.377858013551428,56.87446810103456,35.83,2.0,headache,S079
16.56,0.98,-31.09190861694474,-8.589396699638485,57.202107300322346,35.83,2.0,headache,S079
27.39,0.98,-31.23457236196377,-9.752831388113185,57.23567716422732,35.83,2.0,headache,S079
52.61,0.98,-31.067270296652623,-9.410437385519371,56.98934722197933,35.83,2.0,headache,S079
-38.73,0.97,-31.22480255183416,-9.304657650659085,57.210831324974414,35.83,2.0,headache,S079
34.33,0.98,-32.085107039344145,-9.4085727708638,56.819388595266176,35.81,2.0,headache,S079
4.76,0.98,-31.48194449509095,-9.27694708686778,56.84477365805672,35.81,2.0,headache,S079
-52.46,0.98,-31.981550398065675,-9.832853108760263,56.55729076749815,35.81,2.0,headache,S079
-32.32,0.97,-32.6554314132854,-9.651522676226021,56.25086292132451,35.81,2.0,headache,S079
-17.52,0.98,-33.38604535674035,-9.132755669537573,56.09046982170254,35.84,2.0,headache,S079
-12.32,0.98,-33.65782520513261,-9.180902264349209,55.91801154757847,35.84,2.0,headache,S079
16.36,0.98,-33.95763078135145,-9.360138129356722,56.007777341262894,35.84,2.0,headache,S079
-41.93,0.98,-32.7955278984037,-9.307655832040382,56.2059326940462,35.84,2.0,headache,S079
8.23,0.98,-32.24766071530103,-9.448692524498295,56.71681774501747,35.83,2.0,headache,S079
-6.1,0.98,-31.307114571888984,-9.870536950429843,57.120541146981054,35.83,2.0,headache,S079
1.21,0.98,-31.056156561473582,-9.356297771918118,57.0600831263316,35.83,2.0,headache,S079
25.69,0.99,-30.844166707872567,-9.603189418108006,57.08159860751084,35.83,2.0,headache,S079
80.68,0.98,-30.947959731579676,-9.434661592159774,57.288091259695136,35.84,2.0,headache,S079
54.94,0.98,-30.658143452559354,-9.51549648511088,57.400999423907464,35.84,2.0,headache,S079
-19.43,0.99,-30.694670590104632,-9.538018472977923,57.43289324756489,35.84,2.0,headache,S079
-21.36,0.98,-30.385628818328218,-9.566120385226998,57.277434165799455,35.84,2.0,headache,S079
-40.29,0.98,-30.49235974803576,-10.230181404903718,57.12257876259456,35.84,2.0,headache,S079
19.58,0.98,-30.716199219794177,-9.650423234332301,57.540914781340526,35.84,2.0,headache,S079
20.35,0.98,-31.05897304758865,-9.333603894156628,57.094100450585714,35.84,2.0,headache,S079
16.6,0.98,-29.54688562500503,-10.009080017737997,57.91213917892515,35.84,2.0,headache,S079
-22.26,0.98,-31.295288326526247,-8.9710651126589,56.69248080086433,35.83,2.0,headache,S079
-42.31,0.98,-28.251769300029046,-11.2673193018974,59.02788922443544,35.83,2.0,headache,S079
-8.14,0.97,-28.99930699220602,-9.232903015945912,57.77679726056069,35.83,2.0,headache,S079
-29.38,0.98,-29.59037372332261,-10.021385660328315,58.111188768018536,35.83,2.0,headache,S079
71.73,0.98,-30.123094066898677,-9.726948340168663,57.41001922181091,35.83,2.0,headache,S079
64.73,0.98,-29.850387692463155,-9.958170007837511,58.142416542318855,35.83,2.0,headache,S079
-23.27,0.98,-30.076563100433194,-9.98854548030352,57.58120352435353,35.83,2.0,headache,S079
-6.26,0.98,-29.632125382714364,-10.042495931341369,58.18383097591573,35.83,2.0,headache,S079
-75.82,0.98,-30.029028300246157,-9.845926235440135,57.78761751278833,35.83,2.0,headache,S079
4.86,0.97,-29.50909097950747,-10.02656953357628,58.24657154672943,35.83,2.0,headache,S079
-19.3,0.98,-30.356051072679413,-9.91202317523262,57.66285933195309,35.83,2.0,headache,S079
4.38,0.98,-29.06175037196697,-10.19849195799818,58.354383693588446,35.83,2.0,headache,S079
-2.31,0.98,-30.104967962753307,-10.36896551413764,57.708730730482735,35.81,2.0,headache,S079
-1.68,0.98,-29.95241350524035,-9.993749738628274,57.47975456057439,35.81,2.0,headache,S079
-13.75,0.98,-31.093228538839718,-9.623106766055935,57.51024454310326,35.81,2.0,headache,S079
5.11,0.97,-27.52073402106218,-9.273375412870458,58.69878385344666,35.81,2.0,headache,S079
14.88,0.98,-26.193141332568437,-9.494029441883827,59.17566831924871,35.81,2.0,headache,S079
1.33,0.98,-28.17132389491927,-9.594873508755155,58.95592841435773,35.81,2.0,headache,S079
64.21,0.98,-27.845178907305517,-9.65035133370528,58.51599657905764,35.81,2.0,headache,S079
40.21,0.98,-28.378746328664658,-9.768627626996206,58.279367523729384,35.81,2.0,headache,S079
-148.4,0.98,-28.543650979128948,-9.417755583070228,58.31257563446658,35.83,2.0,headache,S079
-20.94,0.98,-28.696719679241607,-9.713569469641394,58.52073985701702,35.83,2.0,headache,S079
46.01,0.98,-28.86254002796581,-9.669751987147485,58.20592943783323,35.83,2.0,headache,S079
15.37,0.98,-28.547272676931254,-9.772817560222895,58.63700573813528,35.83,2.0,headache,S079
11.54,0.98,-28.934017312173623,-9.861280438314433,57.86714353768167,35.83,2.0,headache,S079
-10.96,0.98,-28.88827671992085,-9.835997638130834,58.31450604254545,35.83,2.0,headache,S079
9.97,0.98,-29.06960558614822,-9.629473485500665,57.96912493969357,35.83,2.0,headache,S079
17.85,0.98,-29.775646392167765,-9.786101957409059,58.6131764561567,35.83,2.0,headache,S079
-3.3,0.98,-31.209950388305636,-9.744014431967134,56.65109499230352,35.83,2.0,headache,S079
-35.1,0.97,-31.228010903305673,-9.155386371978102,57.33091597364418,35.83,2.0,headache,S079
-34.95,0.98,-31.06403818413371,-9.157397662164803,56.83073367048385,35.83,2.0,headache,S079
-51.6,0.98,-29.541891730313846,-9.379953907197855,57.9023719647928,35.83,2.0,headache,S079
-51.13,0.97,-29.644853124121596,-9.250377761616628,58.022694151668006,35.81,2.0,headache,S079
130.86,0.98,-29.930280236629404,-9.131917282481155,58.00404114796432,35.81,2.0,headache,S079
69.96,0.98,-30.265201606637902,-9.002747309031935,57.91365415192502,35.81,2.0,headache,S079
60.14,0.97,-29.90317638736139,-9.381863739951124,58.12059999441157,35.81,2.0,headache,S079
13.4,0.97,-30.051175287983092,-9.26491701392788,57.852858998704754,35.83,2.0,headache,S079
-56.53,0.98,-29.773782776856702,-9.004708948546414,58.17789470195647,35.83,2.0,headache,S079
-10.93,0.97,-29.979959311295122,-9.252171486377986,57.71930235544303,35.83,2.0,headache,S079
-5.94,0.97,-29.752164670507252,-9.082006759804102,57.99502310853387,35.83,2.0,headache,S079
-7.76,0.98,-30.136140750995732,-9.58949373565451,57.85871953122874,35.81,2.0,headache,S079
-1.8,0.98,-29.64329385288505,-9.298759172569113,58.16703176716888,35.81,2.0,headache,S079
-5.94,0.98,-30.10141531561435,-9.600535048308053,57.81855818397572,35.81,2.0,headache,S079
-1.38,0.98,-29.81430105956571,-9.352924165862794,58.187154316840335,35.81,2.0,headache,S079
6.67,0.98,-29.895833451040193,-9.500027210801248,57.831200432013404,35.79,2.0,headache,S079
-20.93,0.98,-29.73087075917593,-9.503210966523719,58.21918535723986,35.79,2.0,headache,S079
-2.11,0.97,-28.780380479750235,-9.344647572852113,57.46467156525257,35.79,2.0,headache,S079
-1.05,0.98,-29.193135306901628,-8.963913553461879,58.40957964362167,35.79,2.0,headache,S079
-9.88,0.98,-28.993994397594587,-9.57489285815686,58.15305867537066,35.81,2.0,headache,S079
26.46,0.97,-28.385531986252655,-9.880992054543135,58.80275359261882,35.81,2.0,headache,S079
18.5,0.98,-29.38069245876452,-9.538610393043784,57.861658025343026,35.81,2.0,headache,S079
-75.97,0.98,-28.637571593503864,-9.801198631124109,58.396581444114226,35.81,2.0,headache,S079
66.35,0.98,-31.88548507464504,-9.872451665680671,56.24023844945959,35.81,2.0,headache,S079
24.36,0.97,-31.62918982500592,-9.824676000544432,57.52438318978843,35.81,2.0,headache,S079
-31.7,0.98,-30.721036725259847,-9.430568005938012,56.833687064094526,35.81,2.0,headache,S079
-70.57,0.98,-27.312682078723558,-9.184231614239458,59.34662056660705,35.81,2.0,headache,S079
-150.89,0.97,-29.99472657528215,-9.92245644917028,56.997998304616864,35.81,2.0,headache,S079
67.73,0.98,-23.86847106493894,-8.748619496053772,61.87517646525034,35.81,2.0,headache,S079
322.95,0.97,-54.794089005826784,-13.902123021723703,32.97203232062342,35.81,2.0,headache,S079
-12.93,0.97,-32.86933326947536,-10.492058813440028,52.83990971925048,35.81,2.0,headache,S079
-123.91,0.97,-28.61657213692649,-10.365399767711706,58.972185809246724,35.83,2.0,headache,S079
-194.98,0.97,-33.8973977800679,-10.53889948868577,54.758656373028415,35.83,2.0,headache,S079
-83.2,0.98,-29.751201241363017,-8.902734171320635,58.65814400971791,35.83,2.0,headache,S079
300.42,0.98,-32.551300718288104,-10.946102570984507,56.523958668638265,35.83,2.0,headache,S079
155.52,0.98,-30.194711284708152,-8.842775363347785,57.10490016263907,35.81,2.0,headache,S079
-187.59,0.98,-31.100837709587807,-10.172404737321925,57.49009946123661,35.81,2.0,headache,S079
-126.9,0.97,-31.21870223170922,-9.611569263842293,57.61041916589056,35.81,2.0,headache,S079
-7.73,0.97,-32.295193488825376,-9.68398984868978,56.15878486954215,35.81,2.0,headache,S079
85.41,0.97,-31.47820563756292,-9.402847893411023,57.28837909430402,35.81,2.0,headache,S079
97.95,0.98,-32.24462905746985,-9.872125635569002,56.759981731697266,35.81,2.0,headache,S079
-37.59,0.97,-31.984794288182187,-9.49484633797624,56.67081145648317,35.81,2.0,headache,S079
-80.67,0.97,-31.58925924020228,-9.85042657227353,56.88687856021738,35.81,2.0,headache,S079
1.48,0.97,-32.465398290311995,-9.819396350602693,56.418347503548716,35.79,2.0,headache,S079
2.37,0.97,-33.10732164856574,-9.56527888787017,55.78796690882227,35.79,2.0,headache,S079
-34.97,0.97,-33.399053545040886,-9.139426502330641,55.690805488479405,35.79,2.0,headache,S079
32.41,0.97,-33.76631123981538,-10.080567668881935,55.66059341812754,35.79,2.0,headache,S079
20.36,0.97,-32.30794018748161,-9.413633467255003,56.662298674455506,35.81,2.0,headache,S079
-16.45,0.97,-31.541584051131053,-10.392380225119581,56.53718996807656,35.81,2.0,headache,S079
27.3,0.97,-31.527596830033737,-9.333443143932246,57.07846813224185,35.81,2.0,headache,S079
6.02,0.97,-30.68222026384322,-9.350610882162366,57.057886551127794,35.81,2.0,headache,S079
93.57,0.97,-31.29343575115622,-10.024034664219073,57.20507670993053,35.81,2.0,headache,S079
44.38,0.97,-30.520308513607098,-8.832920978293116,57.30360662164421,35.81,2.0,headache,S079
-31.82,0.98,-31.614722625402763,-9.471482607605534,57.12067574149954,35.81,2.0,headache,S079
-21.91,0.97,-30.97342421611339,-9.477516967474047,57.07264209200204,35.81,2.0,headache,S079
-50.94,0.97,-30.678696350996255,-9.28341381793545,57.81303740234258,35.83,2.0,headache,S079
-68.15,0.97,-31.41029612466458,-9.506741189066563,56.906764230865235,35.83,2.0,headache,S079
5.3,0.97,-32.40385020020463,-9.441480840218404,56.59734980219274,35.83,2.0,headache,S079
12.69,0.97,-32.297035925072365,-9.83550525787149,56.38174541437266,35.83,2.0,headache,S079
26.3,0.97,-32.755738912236836,-9.70169555829156,56.36739551980439,35.83,2.0,headache,S079
-35.46,0.97,-32.76456312652694,-9.906914245053999,56.454749956583555,35.83,2.0,headache,S079
-30.45,0.97,-33.1465453721272,-9.713118123537749,56.027779371695516,35.83,2.0,headache,S079
-32.96,0.97,-32.22244044105302,-9.88704767791827,56.71328671770047,35.83,2.0,headache,S079
21.19,0.97,-32.656867030402836,-9.827352531250064,56.68486706586692,35.79,2.0,headache,S079
24.97,0.97,-29.94512209636852,-10.582092837431816,56.658807680294686,35.79,2.0,headache,S079
-10.07,0.97,-64.57026387869381,-16.231869967409843,8.143029327683568,35.79,2.0,headache,S079
-14.04,0.97,-63.31781152236563,-15.665375111072345,8.653670443991855,35.79,2.0,headache,S079
58.5,0.96,-66.54094086926641,-16.053628831108842,11.42973580664654,35.83,2.0,headache,S079
-44.31,0.97,-28.70289645125399,-9.48703894450115,54.779358278528406,35.83,2.0,headache,S079
131.7,0.96,-29.339636202540202,-9.488932916826608,58.72051505156787,35.83,2.0,headache,S079
22.44,0.97,-29.453052018479482,-10.345368799502815,57.58903085956439,35.83,2.0,headache,S079
-105.52,0.97,-30.45858527777577,-9.236595040055422,57.75718710885053,35.81,2.0,headache,S079
-132.42,0.97,-29.62914294865693,-11.650936891648577,57.56881155657221,35.81,2.0,headache,S079
39.63,0.97,-28.077270820919313,-11.689504213264609,57.926576421133326,35.81,2.0,headache,S079
-42.35,0.97,-35.58521597654186,-10.543594516062825,54.39075564998676,35.81,2.0,headache,S079
14.18,0.98,-37.54960359139391,-10.241130506955455,51.92314721481716,35.81,2.0,headache,S079
182.08,0.97,-46.25392260106789,-13.226886587480681,46.30563119583767,35.81,2.0,headache,S079
-155.14,0.98,-43.84138662884957,-13.057384388050354,48.37102948507512,35.81,2.0,headache,S079
66.92,0.98,-45.758115339411674,-13.033976944973013,46.67219485325786,35.81,2.0,headache,S079
-19.73,0.97,-43.42051485967811,-12.912980302223591,47.970763169728365,35.81,2.0,headache,S079
38.98,0.97,-44.88644137134196,-13.026660686012432,47.07981508536934,35.81,2.0,headache,S079
-7.52,0.98,-43.703833465128014,-12.863890672723292,48.09185692908062,35.81,2.0,headache,S079
29.62,0.98,-44.4657506592331,-13.083326767671954,47.48351770118468,35.81,2.0,headache,S079
-2.14,0.97,-43.75459006592468,-12.945542622752766,48.15223524082428,35.81,2.0,headache,S079
5.97,0.98,-44.01087008289911,-13.013986869505086,47.524562004709615,35.81,2.0,headache,S079
11.92,0.98,-43.752087941517004,-13.015013658365877,48.46196697503309,35.81,2.0,headache,S079
21.43,0.98,-42.99756176450492,-12.45366321505566,48.569437073902535,35.81,2.0,headache,S079
-26.94,0.97,-38.92520384642361,-11.556418185891989,51.46020506257842,35.81,2.0,headache,S079
4.63,0.98,-29.610257164343157,-12.85285168703683,58.3237549405719,35.81,2.0,headache,S079
10.47,0.97,-29.547001580166313,-9.45966701005042,56.77568463251531,35.81,2.0,headache,S079
34.36,0.96,-34.5656424403175,-9.96539182673926,55.73762853683222,35.81,2.0,headache,S079
110.8,0.97,-32.40641386033027,-9.873121839157989,56.07708623101035,35.79,2.0,headache,S079
80.04,0.97,-33.659579980377785,-9.97779273076637,55.853755555973734,35.79,2.0,headache,S079
-204.06,0.97,-33.17468665415156,-9.59678958531961,56.08208576684608,35.79,2.0,headache,S079
-57.07,0.97,-34.13793660457005,-9.577814402668354,55.76773584562611,35.79,2.0,headache,S079
-8.21,0.97,-33.39040408042445,-9.323122978372572,56.16753525793367,35.79,2.0,headache,S079
-25.02,0.97,-33.87770063334854,-9.832662067090126,55.70296416863136,35.79,2.0,headache,S079
-17.5,0.97,-32.84134649296639,-9.741570802749811,56.18788667016354,35.79,2.0,headache,S079
4.36,0.97,-33.486898684136186,-9.784911955607694,55.82201052571927,35.79,2.0,headache,S079
43.57,0.97,-32.7534506798259,-9.792705737464344,56.17840926507046,35.79,2.0,headache,S079
12.95,0.97,-33.2113156967166,-10.058978687027993,55.80492793330571,35.79,2.0,headache,S079
-9.86,0.97,-32.3131969871848,-9.935970817542431,56.379353271919854,35.79,2.0,headache,S079
22.23,0.97,-32.24170471270553,-10.065352850221876,56.56304242426462,35.79,2.0,headache,S079
-7.96,0.97,-31.774149396220803,-9.93450724657709,57.07025067469385,35.79,2.0,headache,S079
16.06,0.96,-32.21521323954184,-10.064989744699513,56.64677150962541,35.79,2.0,headache,S079
18.61,0.97,-31.79415955426382,-9.935991599576427,56.766385830519766,35.79,2.0,headache,S079
-16.83,0.97,-32.197934720972164,-10.06254809362726,56.561579711333756,35.79,2.0,headache,S079
-31.58,0.96,-31.806346152630265,-9.939531884359152,56.69725730173536,35.77,2.0,headache,S079
-7.85,0.97,-32.298720829094414,-10.05741428006713,56.47502368994906,35.77,2.0,headache,S079
-3.1,0.97,-31.844529751648313,-9.947445274166112,56.79325390490621,35.77,2.0,headache,S079
-13.31,0.97,-32.154078045136856,-10.04361740895819,56.72762994491589,35.77,2.0,headache,S079
11.2,0.99,-31.850567877143234,-9.978243560309362,56.954859254594666,35.79,2.0,headache,S079
24.87,0.97,-32.14768842880221,-9.88653539995608,56.86659262435924,35.79,2.0,headache,S079
-11.02,0.97,-31.77329098795866,-9.798879867639341,56.79913136816282,35.79,2.0,headache,S079
-7.6,0.97,-32.035107995105,-10.122560049385438,56.76767116281416,35.79,2.0,headache,S079
-1.38,0.97,-31.654627299521387,-9.894583394211487,56.6614653786408,35.79,2.0,headache,S079
3.93,0.97,-31.969022617823292,-10.098580548810924,56.78404936921298,35.79,2.0,headache,S079
-11.46,0.97,-31.598890924002163,-9.90429571841763,57.12293750470564,35.79,2.0,headache,S079
1.1,0.96,-31.971221728879595,-10.095313025749602,56.753084965642515,35.79,2.0,headache,S079
-1.71,0.97,-31.508916243589656,-9.902353017191096,56.9404790928515,35.79,2.0,headache,S079
-2.47,0.97,-32.07937377919332,-10.105770681111663,56.99380760101745,35.79,2.0,headache,S079
-4.53,0.97,-31.45572290252422,-9.853860226019057,56.851311715275536,35.79,2.0,headache,S079
4.63,1.0,-31.54438412023058,-9.987586657046412,56.72973699142658,35.79,2.0,headache,S079
-7.14,0.97,-31.543326134588455,-9.947102454327696,57.0850551289783,35.79,2.0,headache,S079
1.37,0.96,-31.733229984362183,-10.06406441774092,56.918279502212236,35.79,2.0,headache,S079
0.22,0.96,-31.59119011387794,-9.93116315516621,57.06462249117241,35.79,2.0,headache,S079
-2.83,0.97,-31.42453961546595,-10.07168530759085,56.963797859892196,35.79,2.0,headache,S079
-6.55,0.97,-31.47220976461879,-9.926214632578118,57.04048304722963,35.79,2.0,headache,S079
4.36,0.96,-31.45535663347304,-10.075593015526811,56.9815009879109,35.79,2.0,headache,S079
-9.16,0.97,-31.49674470675577,-9.922678500308857,57.052266356527156,35.79,2.0,headache,S079
1.73,0.97,-31.41444225897038,-10.078976745362981,56.90483846944559,35.79,2.0,headache,S079
5.22,0.96,-31.416163340097054,-9.920649763136995,57.04544892989202,35.79,2.0,headache,S079
0.15,0.96,-31.41941959556019,-9.97597782784872,56.72856245471839,35.79,2.0,headache,S079
-9.84,0.97,-31.5952243461097,-9.846693097321904,57.042838417514034,35.79,2.0,headache,S079
9.36,0.97,-31.827208862284117,-9.99018987688323,56.81137262851421,35.79,2.0,headache,S079
-1.51,0.96,-31.527630466133612,-9.945086194133527,57.06822236163762,35.81,2.0,headache,S079
-4.16,0.97,-31.69149732493565,-10.066392994711448,56.93644513258764,35.81,2.0,headache,S079
6.44,0.97,-31.739698084841905,-9.92822526713867,57.05959220105696,35.81,2.0,headache,S079
10.12,0.96,-31.51074103211209,-10.075359277411401,56.944936400244025,35.81,2.0,headache,S079
-10.49,0.96,-31.583378035132668,-9.921743957649968,57.0486617189014,35.79,2.0,headache,S079
5.04,0.97,-31.9492294280345,-10.080889387071824,56.963952798928055,35.79,2.0,headache,S079
6.35,0.97,-31.388007063469402,-9.91654437734585,56.97586347315534,35.79,2.0,headache,S079
-2.95,0.96,-31.675547990755184,-10.085964943828595,56.86688460018479,35.79,2.0,headache,S079
-3.29,0.97,-31.45112728276208,-9.912673918018546,57.08247982164656,35.79,2.0,headache,S079
13.09,0.97,-31.742672723996353,-9.986062097208086,57.03213756132386,35.79,2.0,headache,S079
-3.81,0.96,-31.60840611936462,-9.800912038659039,57.08487148924009,35.79,2.0,headache,S079
-0.58,0.96,-31.66259407952121,-10.037305907479693,56.9399072836825,35.79,2.0,headache,S079
5.58,0.97,-31.350094772665297,-9.937674052565137,57.06951329006472,35.79,2.0,headache,S079
7.84,0.97,-31.28116662584222,-10.04469377059028,56.971516095072985,35.79,2.0,headache,S079
-10.99,0.96,-31.431533866562287,-9.803391737086177,56.97854210783061,35.79,2.0,headache,S079
5.55,0.97,-31.335991346832813,-10.024561444080826,56.80684484900747,35.79,2.0,headache,S079
4.98,0.97,-31.478018754908096,-9.830521943359951,56.87843841474275,35.77,2.0,headache,S079
-4.01,0.96,-31.304465733153013,-10.15759323512778,56.92172748122541,35.77,2.0,headache,S079
-6.7,0.96,-31.48270406983427,-9.838169685323658,56.81348760605794,35.77,2.0,headache,S079
13.28,0.97,-31.434921126555427,-10.172056917077926,56.92073171560631,35.77,2.0,headache,S079
-7.65,0.97,-31.904938883211507,-9.812469426182297,56.58991847703333,35.77,2.0,headache,S079
-6.49,0.96,-31.045414198714894,-10.210282420059572,56.840676670126236,35.77,2.0,headache,S079
-2.92,0.97,-32.521314812338616,-9.740252195783254,56.74312456983733,35.77,2.0,headache,S079
-15.99,0.97,-31.56741970366729,-10.241156151343196,56.23085548757726,35.77,2.0,headache,S079
-78.74,0.96,-32.79028410911646,-9.032663993014589,56.75713373233517,35.79,2.0,headache,S079
94.18,0.97,-32.19475763121349,-10.557114371907,56.09116611191995,35.79,2.0,headache,S079
53.21,0.97,-34.94493598639094,-9.437989856089848,55.75303346727615,35.79,2.0,headache,S079
-104.34,0.96,-23.156243964989226,-11.762635633795474,60.424160610158125,35.79,2.0,headache,S079
7.04,0.96,-24.385301420884698,-10.642144713111716,59.072055697430805,35.79,2.0,headache,S079
-23.06,0.96,-30.509515079637943,-8.594761865635125,58.29432329627708,35.79,2.0,headache,S079
100.78,0.97,-27.910136678257064,-9.479323759884442,58.40530398486236,35.79,2.0,headache,S079
241.51,0.97,-31.213170796500574,-8.672188010153667,57.79209208292281,35.79,2.0,headache,S079
-159.32,0.96,-29.064780278744756,-9.193704531655973,58.06870408604055,35.79,2.0,headache,S079
-109.12,0.97,-30.736298648195532,-8.663510714471872,57.918277322254184,35.79,2.0,headache,S079
-37.85,0.96,-29.218009689404525,-9.110327876722387,58.08325914440135,35.79,2.0,headache,S079
53.22,0.96,-30.767827836428456,-8.55336680951424,57.781917207158216,35.79,2.0,headache,S079
-36.39,0.97,-29.614932422507326,-8.997755180590604,58.1111426687323,35.79,2.0,headache,S079
-13.12,0.96,-30.678955322244374,-8.959806836705278,57.63710683428969,35.79,2.0,headache,S079
18.38,0.96,-29.930856418014812,-9.044376244030227,57.816149710695655,35.79,2.0,headache,S079
13.65,0.96,-30.564641500555997,-8.957582024352758,57.934446490938086,35.79,2.0,headache,S079
-10.1,0.97,-30.08393825758626,-9.03897026467654,57.884552032601434,35.77,2.0,headache,S079
15.86,0.96,-30.496303748900935,-8.96473743083445,57.848273311626905,35.77,2.0,headache,S079
-5.74,0.96,-29.657584758980065,-9.031691253927775,57.7672751164828,35.77,2.0,headache,S079
8.08,0.96,-30.287992127266268,-8.971613279594651,57.89027952825385,35.77,2.0,headache,S079
5.12,0.96,-29.783315172287832,-9.025382459452079,58.0612282147174,35.77,2.0,headache,S079
-11.17,0.96,-30.473524656279473,-8.977324974241352,57.78527320557151,35.77,2.0,headache,S079
5.4,0.97,-29.830131624520675,-9.020247734292296,57.770161612900665,35.77,2.0,headache,S079
2.39,0.97,-30.448419983309478,-8.981919283008246,57.86856905459527,35.77,2.0,headache,S079
-16.42,0.96,-29.73404793548614,-9.016155481054975,57.88725270105838,35.77,2.0,headache,S079
10.86,0.97,-30.508252178361275,-8.98554273070965,57.750940175175806,35.77,2.0,headache,S079
-3.14,0.97,-29.825899730497287,-9.012976784132562,57.929600146391856,35.77,2.0,headache,S079
-7.5,0.96,-30.462748378566438,-8.988287700044573,57.68787090436096,35.77,2.0,headache,S079
13.96,0.96,-29.802631756048996,-9.01067335846924,57.69770323566754,35.77,2.0,headache,S079
-0.29,0.96,-30.291432984349456,-8.990111638489232,57.864344070450606,35.77,2.0,headache,S079
-16.65,0.97,-29.956888259876997,-9.00942195166512,57.9828760206697,35.77,2.0,headache,S079
10.71,0.97,-30.561798627302906,-8.990579710104944,58.00408874513326,35.77,2.0,headache,S079
4.56,0.97,-29.869116056124454,-9.010253627438638,57.938801593209476,35.79,2.0,headache,S079
-9.14,0.97,-30.507331243054388,-8.98687090053623,57.74296991457922,35.79,2.0,headache,S079
13.01,0.96,-29.82370179293507,-9.025125991023154,57.88095097774465,35.79,2.0,headache,S079
10.31,0.96,-30.281938531511894,-9.118882296846934,57.65672758233607,35.79,2.0,headache,S079
-20.9,0.97,-29.86995522060185,-8.982602544636832,58.037415370465425,35.77,2.0,headache,S079
6.75,0.96,-30.204480548394553,-9.011007630561467,58.00162959525409,35.77,2.0,headache,S079
9.67,0.96,-30.274295704920252,-8.989287306621426,57.74654517392837,35.77,2.0,headache,S079
-13.17,0.96,-30.191076796450062,-9.016331282360449,57.74757744645489,35.77,2.0,headache,S079
-9.58,0.97,-29.83509662244725,-8.92042747476081,57.76838767143074,35.77,2.0,headache,S079
29.66,0.96,-30.18715014629586,-9.066708429116092,57.55281587730822,35.77,2.0,headache,S079
5.57,0.97,-30.019889408207344,-9.004787352637878,58.07675104097301,35.77,2.0,headache,S079
-19.84,0.96,-30.32266071898581,-8.997636674015368,57.96696232960479,35.77,2.0,headache,S079
13.02,0.96,-29.968053385756953,-8.981512085952614,57.74432034065363,35.79,2.0,headache,S079
-2.88,0.96,-30.46159114275918,-8.860111503567055,57.76198739809585,35.79,2.0,headache,S079
-21.22,0.96,-30.440480612669752,-9.013983027937744,57.7218242772488,35.79,2.0,headache,S079
17.03,0.97,-30.220752316955462,-8.54587557088008,57.890449016517415,35.79,2.0,headache,S079
-1.27,0.96,-30.079393458075796,-9.074323813430086,58.13342556522462,35.75,2.0,headache,S079
-7.21,0.96,-29.947019872551838,-8.960396267993673,57.78877970255889,35.75,2.0,headache,S079
7.41,0.96,-29.749781853632214,-8.917857671508004,58.16435654439383,35.75,2.0,headache,S079
2.34,0.96,-29.841327757944715,-9.07414633634923,57.82272612898483,35.75,2.0,headache,S079
27.68,0.96,-29.30769900024071,-8.909300458694302,58.00767266140494,35.77,2.0,headache,S079
21.54,0.96,-29.894209508957395,-9.068321098592609,57.93325307073346,35.77,2.0,headache,S079
-17.81,0.96,-29.607379201800036,-8.941621143750147,58.07433592628762,35.77,2.0,headache,S079
-35.77,0.96,-29.936087837613492,-9.05265649869091,57.92307921083834,35.77,2.0,headache,S079
-21.57,0.96,-29.75796107507194,-8.950945029835855,58.078594397553616,35.77,2.0,headache,S079
12.99,0.96,-30.178820087233717,-9.046736008943222,57.91952007559307,35.77,2.0,headache,S079
-5.23,0.96,-29.822716039368224,-8.954700052197328,58.08332757471799,35.77,2.0,headache,S079
-13.66,0.96,-30.180859891847277,-9.044548942543884,57.91153917716164,35.77,2.0,headache,S079
10.46,0.96,-29.798839695999597,-8.955596118384241,58.100638437642914,35.75,2.0,headache,S079
3.13,0.96,-30.031015096985893,-9.044881481075539,57.82023419544532,35.75,2.0,headache,S079
-3.73,0.96,-29.61659199743144,-8.95388687113082,58.02747014193901,35.75,2.0,headache,S079
17.69,0.95,-29.97460469819261,-9.048426848227633,57.93644026230255,35.75,2.0,headache,S079
-13.47,0.96,-29.68084110110443,-8.947405483882497,58.08218032179879,35.77,2.0,headache,S079
3.46,0.96,-30.12962698837645,-9.060689617920598,57.86991780998523,35.77,2.0,headache,S079
8.82,0.95,-29.721313933551983,-8.919628448879276,57.98128846529648,35.77,2.0,headache,S079
-12.29,0.96,-30.133550669826267,-9.180039767438306,57.90606153565498,35.77,2.0,headache,S079
0.15,0.96,-29.630776776630476,-9.13789502801033,58.090580884270956,35.75,2.0,headache,S079
19.71,0.95,-30.150128892009107,-8.973382718097607,57.95887699568965,35.75,2.0,headache,S079
-13.64,0.95,-29.828340400353316,-9.007314144482367,58.04676805620911,35.75,2.0,headache,S079
-3.7,0.96,-30.17694811231173,-8.997738318979522,57.94930785766103,35.75,2.0,headache,S079
9.93,0.96,-29.819208193050823,-9.010411059125996,58.053556295056424,35.79,2.0,headache,S079
-0.26,0.95,-30.185007462517998,-9.135738076573974,57.94417571612637,35.79,2.0,headache,S079
-9.04,0.96,-29.809997946316187,-8.964724746570301,58.05774105370636,35.79,2.0,headache,S079
19.29,0.96,-30.18863843339089,-9.028673906660194,57.9405545560304,35.79,2.0,headache,S079
-1.9,0.95,-29.550944343480392,-8.973497864532415,58.061022645142934,35.77,2.0,headache,S079
-18.49,0.95,-30.064677586654355,-9.025209134155252,57.937471247580646,35.77,2.0,headache,S079
8.01,0.96,-29.704236943822956,-8.976120857360346,58.064003133442874,35.77,2.0,headache,S079
12.53,0.96,-29.85153895962257,-9.02189117326274,57.93452487697113,35.77,2.0,headache,S079
-20.15,0.95,-29.57401771864214,-8.981825948414443,58.06696788753911,35.77,2.0,headache,S079
8.15,0.96,-29.860776249549794,-9.009248102765698,57.93149920963109,35.77,2.0,headache,S079
8.73,0.96,-29.84784558800493,-9.0318564608249,58.070090925014235,35.77,2.0,headache,S079
-10.29,0.95,-30.161523485306883,-9.12668583083066,57.928245830005416,35.77,2.0,headache,S079
-6.88,0.95,-29.830658381303202,-8.938115672225164,58.07350596483059,35.79,2.0,headache,S079
11.02,0.96,-30.176992140161396,-9.050868444839578,57.92463807433652,35.79,2.0,headache,S079
-12.95,0.95,-29.813867426807878,-8.953848050549858,58.07733837583711,35.79,2.0,headache,S079
-4.76,0.95,-30.20110000978691,-9.04299688014864,57.92054715664903,35.79,2.0,headache,S079
10.85,0.96,-29.73782989322847,-8.960453383037652,58.081724564906175,35.77,2.0,headache,S079
8.22,0.96,-30.00001110658894,-9.033033230245517,57.9158249689749,35.77,2.0,headache,S079
-8.06,0.95,-29.69065520299203,-8.992300804589275,58.0868286063118,35.77,2.0,headache,S079
10.16,0.95,-30.025727399690222,-9.161566471442118,57.910286737475694,35.77,2.0,headache,S079
-16.73,0.95,-29.720346196145037,-8.920833818723477,58.09286146970092,35.79,2.0,headache,S079
-2.27,0.95,-29.96921346132109,-9.070239668122733,57.903688697206775,35.79,2.0,headache,S079
10.02,0.95,-29.7597075079187,-8.931829775981594,58.10010783940007,35.79,2.0,headache,S079
-10.36,0.95,-30.233894877829503,-9.068545903950694,57.895695049592184,35.79,2.0,headache,S079
-3.55,0.95,-29.76065422358092,-8.929457858930945,58.108967622718765,35.79,2.0,headache,S079
8.61,0.95,-30.247333783433945,-9.074588146333113,57.88582499387101,35.79,2.0,headache,S079
-19.73,0.95,-29.746613845614352,-8.915692153756451,58.1200244501377,35.79,2.0,headache,S079
16.11,0.95,-30.202501597936852,-9.180557607633764,57.873363103927545,35.79,2.0,headache,S079
8.89,0.95,-29.545403359184665,-8.96846258739363,58.13416411424029,35.77,2.0,headache,S079
-0.69,0.95,-30.294953655440036,-9.038655072806094,57.85720160185866,35.77,2.0,headache,S079
6.25,0.95,-29.631663848235423,-9.016531920642889,58.152785331972616,35.77,2.0,headache,S079
4.64,0.95,-30.251401217065936,-9.30625305134386,57.83556028198698,35.77,2.0,headache,S079
-19.62,0.95,-29.600552920590854,-8.8291677981372,58.178162243311455,35.77,2.0,headache,S079
22.36,0.95,-30.228403380716614,-9.165456189155396,57.80555521435173,35.77,2.0,headache,S079
-9.54,0.95,-29.229859688840854,-8.821870052021406,58.21381509214002,35.77,2.0,headache,S079
-7.21,0.95,-30.574057724165257,-9.203026379114021,57.763483960637515,35.77,2.0,headache,S079
11.39,0.95,-29.328076676960578,-8.755909825764752,58.26093971553759,35.75,2.0,headache,S079
8.74,0.95,-30.824344613184028,-9.315258233298708,57.725511756441634,35.75,2.0,headache,S079
-30.29,0.95,-28.644793745236413,-8.537305743655399,58.140334964913414,35.75,2.0,headache,S079
19.87,0.95,-30.339438266418828,-10.004516099974817,57.966050809323875,35.75,2.0,headache,S079
-0.08,0.95,-13.641869973810808,-10.986285975348189,63.46556895412451,35.75,2.0,headache,S079
13.21,0.95,-31.610923762933815,-11.696249406544487,54.60137272305838,35.75,2.0,headache,S079
39.03,0.95,-44.19325532667467,-11.690400587904898,48.083628607726205,35.75,2.0,headache,S079
101.57,0.95,-44.065510860151214,-11.276229301785381,46.75426027017654,35.75,2.0,headache,S079
-413.6,0.96,-44.61031151082122,-12.881078166016442,48.024048781585755,35.75,2.0,headache,S079
-204.27,0.95,-37.83232490180169,-11.67896643113388,52.98423521455389,35.75,2.0,headache,S079
129.26,0.95,-37.85194572337795,-11.868610837793074,53.644878790568214,35.75,2.0,headache,S079
247.45,0.95,-33.94967552397253,-11.08720302514196,55.387381614164134,35.75,2.0,headache,S079
116.07,0.95,-37.41921014654227,-11.909626439813314,54.061922159490344,35.73,2.0,headache,S079
32.67,0.95,-35.30870565769341,-10.334028091327506,54.09668620536195,35.73,2.0,headache,S079
2.77,0.95,-32.08439858538074,-12.088980215736019,56.09180821031714,35.73,2.0,headache,S079
-16.59,0.95,-27.74300712359555,-9.307862967104903,61.73414107870668,35.73,2.0,headache,S079
78.69,0.95,-25.915279505552977,-9.186053567365098,59.063819170428474,35.75,2.0,headache,S079
212.91,0.94,-26.68011461906532,-9.613044339870216,59.25639101685443,35.75,2.0,headache,S079
59.98,0.95,-25.71488440611227,-9.56525741199462,58.70711921508153,35.75,2.0,headache,S079
-232.65,0.95,-26.06094208568802,-9.140778046970373,59.86055916433792,35.75,2.0,headache,S079
-93.39,0.95,-26.626245686668504,-9.39217881470899,58.914526872984155,35.73,2.0,headache,S079
-39.85,0.95,-29.189623669305192,-9.625547811156915,58.13383536375489,35.73,2.0,headache,S079
41.94,0.95,-28.896609054934842,-10.132140438074956,58.207130231191506,35.73,2.0,headache,S079
-95.27,0.95,-28.375750473222155,-9.597315439452535,58.782209870716386,35.73,2.0,headache,S079
-11.64,0.95,-28.045952313014077,-9.820098886165974,58.31176490195337,35.73,2.0,headache,S079
-31.65,0.95,-27.658025370208033,-9.96345612017015,59.044760051840335,35.73,2.0,headache,S079
58.46,0.95,-28.02155084333707,-10.13501091753213,58.47508372180017,35.73,2.0,headache,S079
-8.0,0.95,-27.694465954695357,-10.132669364327475,58.83721946250829,35.73,2.0,headache,S079
21.42,0.95,-28.456705897381845,-9.60556886882249,58.14666425515905,35.75,2.0,headache,S079
-18.78,0.96,-28.476217369593133,-9.986198265530847,58.6048741542954,35.75,2.0,headache,S079
-17.49,0.95,-27.934648897399267,-9.485695003478927,58.69054242951653,35.75,2.0,headache,S079
3.43,0.95,-28.32578647599618,-9.541513407429338,58.649148469682146,35.75,2.0,headache,S079
13.1,0.95,-27.857404420525906,-9.645575736321113,58.654867779897046,35.73,2.0,headache,S079
4.57,0.95,-27.729856573465344,-9.484753913440779,58.78995962876514,35.73,2.0,headache,S079
-2.22,0.95,-27.42459041057822,-9.505851507653926,59.039381241894944,35.73,2.0,headache,S079
-8.88,0.95,-26.884251062291167,-9.184500233359328,58.78272546579131,35.73,2.0,headache,S079
-10.69,0.95,-27.12406541559994,-9.31999374785011,58.939821898131356,35.73,2.0,headache,S079
-37.4,0.95,-26.924432732578726,-9.539117321425298,59.12227238685938,35.73,2.0,headache,S079
23.08,0.95,-26.770844744062522,-9.745767070066753,58.93277099734955,35.73,2.0,headache,S079
26.63,0.95,-26.67900931757625,-9.389498884262693,59.043090445470625,35.73,2.0,headache,S079
11.3,0.95,-26.975436584686243,-9.62317918272836,59.08612492458281,35.73,2.0,headache,S079
8.73,0.95,-26.985731087614766,-9.544507887812452,59.01844286914612,35.73,2.0,headache,S079
-11.03,0.95,-26.92598200555291,-10.007829765381645,58.97298850625577,35.73,2.0,headache,S079
-27.07,0.95,-26.94356969117132,-9.435260546548554,59.030334055858965,35.73,2.0,headache,S079
-3.43,0.95,-26.744453816915858,-9.52360510999002,58.967316022429294,35.75,2.0,headache,S079
26.03,0.95,-26.770525790406804,-9.840706508519979,59.03651594316301,35.75,2.0,headache,S079
-1.26,0.95,-27.011473918475446,-9.604246795435337,59.09278219597747,35.75,2.0,headache,S079
-10.88,0.95,-26.959062899580996,-9.784224502448344,59.02786692126364,35.75,2.0,headache,S079
18.92,0.95,-27.042889940632044,-9.825506918440889,58.967841804622985,35.75,2.0,headache,S079
0.32,0.96,-26.955632601583808,-9.724620619523634,59.03598047509714,35.75,2.0,headache,S079
-14.98,0.95,-27.05084342142666,-9.767224913572619,58.958071185643895,35.75,2.0,headache,S079
4.25,0.95,-26.91030195405723,-9.412594903627193,59.05467050879366,35.75,2.0,headache,S079
7.89,0.95,-26.928458113710327,-9.548756678083643,58.895154871809076,35.73,2.0,headache,S079
-6.0,0.95,-27.010213863494105,-9.347703753183243,58.9872053097234,35.73,2.0,headache,S079
12.58,0.95,-26.9960216905805,-9.37983791300535,59.10768560581777,35.73,2.0,headache,S079
-1.84,0.95,-27.00978505350443,-9.786995091862279,58.966322473311564,35.73,2.0,headache,S079
-11.45,0.95,-26.895009993902324,-9.374541467180348,59.020779979110515,35.73,2.0,headache,S079
3.67,0.95,-26.95783719059313,-9.76267263895129,58.98126226150284,35.73,2.0,headache,S079
4.33,0.95,-27.025283590602683,-9.465700908860125,59.029277994532876,35.73,2.0,headache,S079
-15.39,0.95,-26.979698760282627,-9.369731535174605,59.1149856189187,35.73,2.0,headache,S079
4.61,0.95,-27.017736256017585,-9.643094795358454,58.98753179208196,35.71,2.0,headache,S079
6.82,0.95,-26.98394374100975,-9.51057754615688,59.00266740102037,35.71,2.0,headache,S079
-15.35,0.95,-27.014800977980013,-9.690672868017906,59.0043928424225,35.71,2.0,headache,S079
0.78,0.95,-26.986213086408604,-9.826525859620109,58.98428909320627,35.71,2.0,headache,S079
7.75,0.95,-27.012927117792188,-9.365989457254257,59.05928033089382,35.73,2.0,headache,S079
-8.28,0.95,-26.98782491142377,-9.843990949872449,59.09697206832318,35.73,2.0,headache,S079
10.9,0.95,-27.011503535815326,-9.778530789379943,58.97032030740106,35.73,2.0,headache,S079
15.33,0.95,-26.98910483264549,-9.518190765419753,59.01490072463792,35.73,2.0,headache,S079
-13.86,0.95,-27.010338237320145,-9.583906572215525,58.995754392828125,35.75,2.0,headache,S079
1.06,0.95,-26.990175837662008,-9.556113812655054,58.988250289198206,35.75,2.0,headache,S079
12.87,0.95,-27.009346056196968,-9.328483314485556,59.11956639376602,35.75,2.0,headache,S079
-13.55,0.95,-26.991102413588635,-9.756919127103881,58.98385296439387,35.75,2.0,headache,S079
-3.07,0.95,-27.00847169417749,-9.66576161563776,58.87598402241775,35.73,2.0,headache,S079
16.57,0.95,-26.991941446188203,-9.731503998117406,59.053420159138234,35.73,2.0,headache,S079
-9.08,0.95,-27.007641478531195,-9.471026706456966,58.9610075181812,35.73,2.0,headache,S079
-13.89,0.95,-26.992812537919434,-9.708743579219158,59.03203625511586,35.73,2.0,headache,S079
12.97,0.95,-27.006622571103666,-9.631926866069877,58.97250976375836,35.75,2.0,headache,S079
3.97,0.95,-26.994241705428365,-9.561386641373552,59.023785930158866,35.75,2.0,headache,S079
-4.14,0.95,-27.004022342165225,-9.638876426557477,58.98004857708265,35.75,2.0,headache,S079
12.9,0.96,-27.0009177399791,-9.966105707427362,59.01454035218555,35.75,2.0,headache,S079
3.52,0.95,-26.971038606572527,-9.772449970440315,58.997267754714834,35.73,2.0,headache,S079
-8.46,0.95,-27.334125889011478,-9.770066250409895,58.700768204548886,35.73,2.0,headache,S079
5.07,0.95,-27.483311227680076,-9.557496110733599,58.88162134218864,35.73,2.0,headache,S079
-6.72,0.95,-27.71711605086502,-9.785558563964312,59.082008290790995,35.73,2.0,headache,S079
-10.54,0.95,-27.68684194775093,-9.338071790517628,58.98143030919321,35.73,2.0,headache,S079
-6.59,0.95,-27.27602889614342,-9.56427702329294,58.97852402820557,35.73,2.0,headache,S079
17.28,0.95,-26.86931518261876,-9.49680090103968,58.98981979662771,35.73,2.0,headache,S079
-15.15,0.95,-27.17535783922879,-9.864859636639746,59.01976661636423,35.73,2.0,headache,S079
-28.9,0.94,-26.962318327374813,-9.76348973637853,58.96854649205531,35.73,2.0,headache,S079
42.49,0.95,-27.05341814606979,-10.061235945931843,59.149727750501,35.73,2.0,headache,S079
11.66,0.95,-27.45704978928799,-9.905751297506141,58.88305529174274,35.73,2.0,headache,S079
-2.79,0.95,-27.431966039226275,-10.11566778299975,58.969002867222464,35.73,2.0,headache,S079
4.47,0.95,-27.18171916861543,-9.7974171056028,59.114886376900536,35.73,2.0,headache,S079
-18.24,0.95,-26.1530020884096,-9.958224818343012,59.44914538514193,35.73,2.0,headache,S079
-23.01,0.94,-26.567288216633543,-9.760415718271851,59.21515562610272,35.73,2.0,headache,S079
21.87,0.95,-26.798282956765195,-9.820248888541569,58.99744698523909,35.73,2.0,headache,S079
24.8,0.95,-27.273224509865173,-9.876045508309032,58.88627006356885,35.73,2.0,headache,S079
2.64,0.95,-27.979493303074225,-10.004641348126471,58.486965439811634,35.73,2.0,headache,S079
-15.13,0.94,-27.32248259491248,-9.88598647312856,58.99243983156476,35.73,2.0,headache,S079
-6.9,0.95,-26.854011179816997,-9.729450808152793,58.99993030643976,35.73,2.0,headache,S079
-13.77,0.95,-27.356815836235278,-9.73504208365354,59.003355100166814,35.73,2.0,headache,S079
-3.5,0.94,-27.275555935392628,-9.77639025500149,58.98777675223101,35.73,2.0,headache,S079
14.02,0.95,-26.890152615344867,-9.65116511046715,59.06885419598554,35.73,2.0,headache,S079
-14.93,0.95,-27.369314841240318,-9.747494483301812,59.093983202915126,35.73,2.0,headache,S079
14.06,0.95,-27.20360978938471,-9.756704006898023,58.94620704812876,35.71,2.0,headache,S079
8.75,0.94,-26.90960747298307,-9.860422072156364,59.058290132130345,35.71,2.0,headache,S079
-25.13,0.95,-26.981481274251102,-9.572513985355087,58.878652621289035,35.71,2.0,headache,S079
19.21,0.95,-27.04339127971716,-9.573924653857988,58.993875044424364,35.71,2.0,headache,S079
17.29,0.94,-25.982563899836386,-9.120377410882387,59.42874577612014,35.75,2.0,headache,S079
-21.31,0.94,-27.041349187363128,-9.248921174232452,59.04466769469074,35.75,2.0,headache,S079
1.8,0.95,-27.03198494104261,-9.042929571983091,58.991272666792405,35.75,2.0,headache,S079
16.97,0.95,-26.975014156557627,-9.150640328181783,59.02090572605838,35.75,2.0,headache,S079
-46.57,0.95,-26.862703590168763,-9.315129737330025,59.12124641762748,35.75,2.0,headache,S079
12.26,0.95,-27.249759242928732,-9.13599378197111,58.98325837637853,35.75,2.0,headache,S079
29.73,0.95,-27.03593092535736,-9.39950268625364,59.00275415499926,35.75,2.0,headache,S079
-5.95,0.95,-26.990667338164943,-8.796078934557137,59.02540338549864,35.75,2.0,headache,S079
-5.2,0.95,-26.9558850172968,-9.310558214164612,59.127527119005244,35.75,2.0,headache,S079
-0.95,0.95,-26.80849903633957,-8.896480602138002,58.95553643435312,35.75,2.0,headache,S079
-4.13,0.94,-26.993440900881613,-9.201420010021556,59.029982516274266,35.75,2.0,headache,S079
13.96,0.95,-26.900313200998752,-8.926099092949777,59.164368203188964,35.75,2.0,headache,S079
-14.33,0.95,-26.85304188914111,-9.04274216206986,59.205828800021656,35.73,2.0,headache,S079
11.85,0.95,-26.645962044498614,-9.044072355647618,59.11780489685871,35.73,2.0,headache,S079
6.28,0.95,-26.77865686335126,-9.115258156868311,59.10493422931539,35.73,2.0,headache,S079
-19.9,0.95,-26.889264057590612,-9.065985718141032,59.122004884896064,35.73,2.0,headache,S079
23.28,0.95,-26.7970624899716,-9.020429799519622,59.198174691600045,35.75,2.0,headache,S079
0.61,0.94,-26.851944826402047,-9.089088606054794,59.076742244916105,35.75,2.0,headache,S079
-21.09,0.94,-26.953367711793657,-9.157639549342298,59.18728816839285,35.75,2.0,headache,S079
14.07,0.95,-26.693390220232473,-8.984900387560025,59.09612201197487,35.75,2.0,headache,S079
10.4,0.95,-26.758006313681957,-9.016372851547287,59.24803554962629,35.71,2.0,headache,S079
-19.25,0.94,-26.772814880500405,-8.985849417144793,59.112261460770114,35.71,2.0,headache,S079
16.1,0.95,-26.73823280854237,-9.008720645648829,58.964415059685784,35.71,2.0,headache,S079
4.52,0.95,-26.75427216571476,-9.01484015012432,59.10919418294197,35.71,2.0,headache,S079
-22.42,0.94,-27.000873983139257,-9.144072721239482,59.257316075570785,35.73,2.0,headache,S079
9.63,0.95,-26.90363941699915,-8.92502460523746,59.020757587993444,35.73,2.0,headache,S079
11.16,0.95,-26.809579936404642,-9.148667657079526,59.25744438661579,35.73,2.0,headache,S079
-22.98,0.95,-27.03002889347249,-8.995355276450367,59.36408807519088,35.73,2.0,headache,S079
4.33,0.94,-26.933298654080307,-9.098113471827196,59.067185535563006,35.71,2.0,headache,S079
18.65,0.95,-26.8048884217982,-9.319291065076749,59.252980579940434,35.71,2.0,headache,S079
-15.77,0.95,-27.005551274112012,-8.969867184114017,59.036390168643564,35.71,2.0,headache,S079
-3.01,0.94,-26.985160198988716,-9.001984892789514,59.112955421290415,35.71,2.0,headache,S079
15.83,0.95,-27.016925819423363,-9.050815286542829,59.085395439438145,35.68,2.0,headache,S079
-15.87,0.95,-26.98348776762305,-9.094927693055949,59.1012066223702,35.68,2.0,headache,S079
-15.25,0.95,-27.002707277717445,-9.013037545787528,58.95715507881111,35.68,2.0,headache,S079
19.36,0.95,-26.742353363953825,-9.133705772825909,59.17814867129297,35.68,2.0,headache,S079
4.53,0.95,-27.035992866847003,-8.934973457529901,59.082327589497126,35.73,2.0,headache,S079
-9.06,0.95,-26.942867361861506,-9.053190089999624,59.09938181986631,35.73,2.0,headache,S079
0.82,0.94,-27.07963170769282,-9.070269726888878,59.3523681217869,35.73,2.0,headache,S079
-10.4,0.95,-26.731442887002707,-9.565588530072276,59.68183055515282,35.73,2.0,headache,S079
-2.71,0.95,-26.127073357170456,-9.08157931013479,58.97994192796579,35.73,2.0,headache,S079
29.71,0.95,-25.86345400345662,-9.614874260332824,59.42946488132145,35.73,2.0,headache,S079
11.98,0.94,-25.866548291284044,-9.15186407705571,59.69752195252492,35.73,2.0,headache,S079
57.77,0.95,-26.009187757360717,-9.013916899692752,59.20765008399649,35.73,2.0,headache,S079
-56.74,0.95,-26.00002233705455,-9.12626499042614,59.21667348751853,35.71,2.0,headache,S079
-31.57,0.94,-25.994668379202448,-8.95177187735544,59.519820902993835,35.71,2.0,headache,S079
-15.37,0.95,-26.009811505871223,-9.187761109488408,59.78331255958744,35.71,2.0,headache,S079
-45.74,0.95,-25.985508237190796,-9.1166917976432,59.45786406174016,35.71,2.0,headache,S079
11.54,0.95,-26.020466831695234,-8.935921595273577,59.32385650992567,35.71,2.0,headache,S079
21.32,0.94,-25.969530460183993,-9.143090465636064,59.642830877436865,35.71,2.0,headache,S079
23.3,0.95,-26.060966392158956,-9.162966412749345,59.35529805044141,35.71,2.0,headache,S079
-17.63,0.95,-26.085831771981834,-8.957696002088197,59.31336780658327,35.71,2.0,headache,S079
12.9,0.95,-26.013573611140984,-9.126285587596769,59.302998994628716,35.71,2.0,headache,S079
9.01,0.94,-26.115470199064546,-9.020539481463219,59.605977896345756,35.71,2.0,headache,S079
-4.99,0.95,-25.996629651193253,-9.02711546962095,59.279444057901586,35.71,2.0,headache,S079
12.26,0.94,-25.979758433631414,-9.156469905264917,59.385936058958954,35.71,2.0,headache,S079
-4.97,0.94,-26.106166346266924,-9.06237332093337,59.121629437709196,35.73,2.0,headache,S079
-14.13,0.95,-26.04013045245615,-9.219990596521635,59.2841850639049,35.73,2.0,headache,S079
17.93,0.95,-26.008871517262126,-9.266910098604068,59.33694646751018,35.73,2.0,headache,S079
-11.07,0.94,-26.118783199029927,-9.29960545940504,59.32489106162485,35.73,2.0,headache,S079
-6.37,0.94,-26.014061297232352,-9.270740604181173,59.48968475655432,35.71,2.0,headache,S079
17.14,0.95,-26.12809961938868,-9.047569260151219,59.299264181319124,35.71,2.0,headache,S079
-11.35,0.94,-25.96005552265625,-9.152233577863363,59.51387377013074,35.71,2.0,headache,S079
3.25,0.94,-26.026002453164597,-9.264883295680292,59.52002150740902,35.71,2.0,headache,S079
22.53,0.95,-25.980862171207548,-9.097015298474444,59.65382271786881,35.71,2.0,headache,S079
-17.18,0.95,-26.013525758933646,-9.12201926259705,59.54218379352369,35.71,2.0,headache,S079
2.46,0.94,-25.99845386856055,-9.031816689548267,59.39978601605903,35.71,2.0,headache,S079
14.4,0.95,-26.155732463042312,-9.242636360012755,59.33372824998511,35.71,2.0,headache,S079
-12.93,0.95,-26.10486687120156,-9.156011707485655,59.28481736158193,35.71,2.0,headache,S079
-5.42,0.95,-26.339471079126678,-9.294341181669688,59.3106777789904,35.71,2.0,headache,S079
16.09,0.95,-26.1706375536047,-9.117414630597937,59.07949443920139,35.71,2.0,headache,S079
-10.97,0.95,-25.96313783051902,-9.081985978700743,59.26330679462074,35.71,2.0,headache,S079
-1.31,0.94,-26.021442374047123,-9.116753105054771,59.582992793847716,35.71,2.0,headache,S079
18.36,0.94,-25.982568156140786,-9.087287122295251,59.41610567265134,35.71,2.0,headache,S079
-11.84,0.95,-26.017714046676204,-9.206954400122381,59.47599418030984,35.71,2.0,headache,S079
-5.23,0.95,-25.977048282253932,-9.243120023958161,59.42773381142547,35.71,2.0,headache,S079
10.27,0.94,-26.14118243893577,-9.089980335256776,59.56056123041935,35.71,2.0,headache,S079
-17.59,0.95,-25.983034363972795,-9.265791494476762,59.40483839654888,35.71,2.0,headache,S079
1.63,0.94,-26.075577114859687,-9.108443631229141,59.37931619169795,35.71,2.0,headache,S079
11.84,0.94,-26.33097739809984,-9.093260252838414,59.25841640892804,35.71,2.0,headache,S079
-18.02,0.94,-26.54182870713552,-9.09141039288505,59.33312282187009,35.71,2.0,headache,S079
-5.41,0.95,-26.445752013676668,-9.063488023004634,59.58989238775132,35.71,2.0,headache,S079
12.04,0.95,-26.428336376339143,-9.237126585256345,59.39279260846316,35.71,2.0,headache,S079
-14.17,0.94,-26.192812226909147,-9.200408037156565,59.52292610081196,35.71,2.0,headache,S079
8.86,0.95,-26.22988932315236,-9.052493437138066,59.39471783597626,35.71,2.0,headache,S079
18.17,0.95,-26.065409811604443,-9.25153615384534,59.47580507717722,35.71,2.0,headache,S079
-21.26,0.94,-26.256346109364728,-9.093812693923931,59.158797592773496,35.71,2.0,headache,S079
-6.04,0.94,-26.09489475691673,-9.15498258318951,59.56099218244308,35.71,2.0,headache,S079
13.8,0.95,-26.108054555164873,-8.95252912318915,59.32408782169965,35.68,2.0,headache,S079
-7.22,0.95,-26.0577984425674,-9.22891660736114,59.387175499380454,35.68,2.0,headache,S079
6.75,0.94,-26.116688762600564,-9.238533457931737,59.55086952197625,35.68,2.0,headache,S079
14.55,0.95,-26.159906345084742,-9.06335651538879,59.21967790028201,35.68,2.0,headache,S079
-13.9,0.95,-26.03516205769207,-9.0896493582986,59.34825628722022,35.71,2.0,headache,S079
-0.34,0.94,-26.270001031960344,-9.040525619334037,59.56112250803486,35.71,2.0,headache,S079
24.2,0.94,-25.95912918979518,-9.138978352263948,59.612574646854654,35.71,2.0,headache,S079
-6.62,0.94,-26.041727385168397,-9.306571498730298,59.65734569117618,35.71,2.0,headache,S079
-5.24,0.94,-25.957988040499608,-9.175527171613528,59.133813532855804,35.68,2.0,headache,S079
14.33,0.94,-26.397591484712592,-8.988766330023086,59.42443905251131,35.68,2.0,headache,S079
-8.5,0.94,-26.433165484677236,-9.081179587559802,59.58879986792154,35.68,2.0,headache,S079
-9.24,0.94,-26.21188818619473,-9.071274054835493,59.16407226661036,35.68,2.0,headache,S079
14.18,0.94,-26.2054264349695,-9.046049816899579,59.34954066413661,35.71,2.0,headache,S079
-14.22,0.94,-26.229570488886488,-9.187839368329856,59.427318207106744,35.71,2.0,headache,S079
-5.58,0.94,-26.159371819310547,-9.090691967585311,59.26228478849739,35.71,2.0,headache,S079
8.98,0.94,-26.14763698413763,-9.056768256534038,59.39145333959597,35.71,2.0,headache,S079
-11.69,0.94,-25.96714039327189,-8.942764585455679,59.38815266231205,35.71,2.0,headache,S079
-4.72,0.94,-26.30091151628512,-9.062864833870616,59.29456307585379,35.71,2.0,headache,S079
2.61,0.94,-26.27377312778294,-8.9239654388639,59.20170423605801,35.71,2.0,headache,S079
-24.06,0.94,-26.06454621684263,-9.136866298559784,59.610427099641484,35.71,2.0,headache,S079
16.63,0.95,-25.96560924298601,-8.987978890347048,59.61282764745001,35.68,2.0,headache,S079
0.76,0.94,-25.817525920897072,-9.151827753938704,59.42720622076963,35.68,2.0,headache,S079
6.15,0.97,-26.141961618506866,-9.141728958224832,59.53563463092074,35.68,2.0,headache,S079
53.7,0.94,-26.62470524729543,-9.022709742711662,59.28484063588683,35.68,2.0,headache,S079
-37.24,0.94,-25.004230013420326,-9.724832735818085,59.745029768395156,35.71,2.0,headache,S079
-48.88,0.95,-25.078634995648937,-9.74223768248591,60.25731738737862,35.71,2.0,headache,S079
31.36,0.94,-24.874283410253334,-9.864066878693798,59.934725965786875,35.71,2.0,headache,S079
1.12,0.94,-25.1000270537902,-8.68759456784395,59.58355225500022,35.71,2.0,headache,S079
30.79,0.94,-24.870258386181835,-9.421386723803913,60.02775496874057,35.71,2.0,headache,S079
20.54,0.94,-24.97781795020273,-10.197218635333984,60.10869053469648,35.71,2.0,headache,S079
-52.71,0.94,-26.649557533479403,-9.570913338552442,59.356442457587875,35.71,2.0,headache,S079
9.66,0.94,-27.94592730261018,-10.014740243663315,59.10334356136472,35.71,2.0,headache,S079
73.78,0.94,-27.430213335381357,-9.493743851891136,58.66973760096188,35.68,2.0,headache,S079
-50.45,0.94,-26.811009297152765,-9.114595404563712,59.147634614193265,35.68,2.0,headache,S079
-51.45,0.94,-26.652271145207305,-9.18652955689808,59.04149937343529,35.68,2.0,headache,S079
-10.64,0.94,-26.280390757440244,-8.936702215073167,59.39173444555079,35.68,2.0,headache,S079
-1.63,0.95,-25.85124039430421,-9.159872462019717,59.66690279725233,35.71,2.0,headache,S079
55.64,0.94,-26.323970391956884,-9.093452930734172,59.40000120121358,35.71,2.0,headache,S079
0.8,0.95,-26.29622368702684,-9.235095529277649,59.341952597885246,35.71,2.0,headache,S079
-16.84,0.95,-27.087206837133923,-8.966031694013214,59.12401747935243,35.71,2.0,headache,S079
-5.51,0.94,-26.095906292943788,-9.67766687208045,59.18049515293251,35.68,2.0,headache,S079
-17.07,0.94,-25.86426040676426,-8.806743476234407,59.87439762824861,35.68,2.0,headache,S079
-13.27,0.95,-26.780553044251416,-8.46830140706052,59.251840761520945,35.68,2.0,headache,S079
24.76,0.94,-26.445192568238486,-9.042691760608003,59.07633392483675,35.68,2.0,headache,S079
15.91,0.97,-25.44169086816188,-9.441682611649306,60.10525248799298,35.68,2.0,headache,S079
-83.37,0.94,-25.46343099627305,-9.343373333779153,59.53965418040459,35.68,2.0,headache,S079
-17.04,0.94,-27.834725523512937,-9.83647700887609,58.711238681366424,35.68,2.0,headache,S079
115.88,0.94,-26.750493785934356,-8.72311526319565,59.08336589812931,35.68,2.0,headache,S079
70.21,0.94,-28.188511606936448,-8.618219326731358,58.384877905229324,35.68,2.0,headache,S079
-103.39,0.94,-25.848876064494664,-9.091068652014721,59.884183655218145,35.68,2.0,headache,S079
-56.78,0.94,-28.764031696319158,-9.805246754659207,58.243450207646696,35.68,2.0,headache,S079
20.85,0.94,-30.145328710865385,-10.22892033600802,57.74580987332432,35.68,2.0,headache,S079
21.02,0.94,-30.52997671363935,-9.862947162978077,57.692193671277,35.68,2.0,headache,S079
100.33,0.94,-30.66385935782236,-10.149410568696595,57.27290850618859,35.68,2.0,headache,S079
-15.2,0.94,-29.915449973605263,-9.99675753099665,57.70240686975447,35.68,2.0,headache,S079
-126.56,0.96,-29.87420496518522,-9.920251130851488,57.772590248126654,35.68,2.0,headache,S079
-112.69,0.94,-29.83825107900948,-9.932828735377855,57.62695120204955,35.66,2.0,headache,S079
-8.2,0.94,-29.984797181941197,-9.672268436122788,57.39477129418441,35.66,2.0,headache,S079
148.11,0.94,-26.34949332507761,-9.534470867881174,59.67627941657054,35.66,2.0,headache,S079
64.55,0.95,-26.149967457708367,-9.098922836222078,59.05865554445765,35.66,2.0,headache,S079
-20.84,0.95,-26.07104234627685,-9.350297598517717,59.72431709679276,35.66,2.0,headache,S079
63.19,0.94,-26.364523563667127,-8.912190873115552,59.43131309717569,35.66,2.0,headache,S079
51.82,0.94,-27.484282527560048,-9.50304437314698,58.710706173353806,35.66,2.0,headache,S079
28.71,0.94,-28.309754154638348,-9.60682372380213,58.16905032058214,35.66,2.0,headache,S079
-28.31,0.94,-26.235487493595116,-9.146778385856535,59.42520108369046,35.66,2.0,headache,S079
-33.94,0.94,-25.32688894037652,-9.784327226924722,59.64836875166175,35.66,2.0,headache,S079
-80.71,0.97,-27.311018723253408,-9.187603382867694,59.001496640906716,35.66,2.0,headache,S079
-6.58,0.94,-28.487889991696832,-9.694719282597198,58.36703589826714,35.66,2.0,headache,S079
24.34,0.94,-28.030791619015744,-9.160432142889677,58.29418083573145,35.66,2.0,headache,S079
16.72,0.94,-28.034345250593063,-9.189182188869163,58.63901193338673,35.66,2.0,headache,S079
-24.86,0.94,-27.921956396278617,-9.017960043603882,58.89753318838981,35.66,2.0,headache,S079
-65.82,0.94,-27.366752175293005,-9.15766862836851,58.919280175019274,35.66,2.0,headache,S079
3.13,0.94,-27.09509024662649,-9.3752232210044,59.02238297668235,35.66,2.0,headache,S079
-11.03,0.94,-26.97946433460705,-9.142244159889595,58.9863285182013,35.66,2.0,headache,S079
34.55,0.95,-27.01699524485271,-9.013586562227486,59.01031796953886,35.66,2.0,headache,S079
21.47,0.94,-26.979797744436116,-9.283937967681585,58.9915434076154,35.66,2.0,headache,S079
-18.29,0.94,-27.029056924307334,-8.994716360444155,59.00692765052631,35.68,2.0,headache,S079
29.84,0.94,-26.943674403076912,-9.14765843352022,58.9961971620353,35.68,2.0,headache,S079
-1.75,0.94,-27.260706133076106,-9.188969049866758,58.892254380743914,35.68,2.0,headache,S079
-19.39,0.94,-27.450263380570334,-9.112075059470019,58.95757597761646,35.68,2.0,headache,S079
16.5,0.95,-27.955915280776086,-9.190841138338897,58.69206552221134,35.68,2.0,headache,S079
2.26,0.94,-28.966717073063805,-9.828679113970615,58.23889289461179,35.68,2.0,headache,S079
-24.7,0.94,-29.3889962477805,-9.436295660143296,58.02721259522327,35.68,2.0,headache,S079
25.32,0.94,-28.955574638060032,-9.323906074864476,58.130573758246456,35.68,2.0,headache,S079
41.77,0.94,-29.11716472648691,-8.95244853271875,57.87951653675856,35.68,2.0,headache,S079
-30.97,0.94,-28.270440927041356,-9.376867315145086,58.493912509489746,35.68,2.0,headache,S079
-46.4,0.94,-26.95709231638619,-9.076781222661342,59.33213652131843,35.68,2.0,headache,S079
41.64,0.94,-27.977145566406474,-8.870183458837111,58.66242100559802,35.68,2.0,headache,S079
5.89,0.94,-28.705467293010614,-9.0263792451418,58.18970701132352,35.71,2.0,headache,S079
34.29,0.93,-28.501482339774146,-9.030876566368246,58.60209851481598,35.71,2.0,headache,S079
8.61,0.94,-27.916855943236275,-8.967541469705244,58.72658263293916,35.71,2.0,headache,S079
-38.95,0.94,-28.068480755420293,-8.827176553010691,58.77205627025385,35.71,2.0,headache,S079
-39.99,0.93,-27.9047008505983,-8.67007066605927,59.050171923633144,35.68,2.0,headache,S079
1.34,0.93,-27.615104190672753,-9.05501509835457,58.93895279535801,35.68,2.0,headache,S079
40.31,0.94,-27.4925818531707,-8.916880583573,58.90287511400881,35.68,2.0,headache,S079
-17.28,0.94,-27.202682790477336,-9.11080754741596,59.01641575337881,35.68,2.0,headache,S079
7.88,0.93,-27.355809222252454,-8.77548395748421,58.99359652017255,35.68,2.0,headache,S079
-18.82,0.94,-27.302724698856565,-8.951651063263416,59.00219249918383,35.68,2.0,headache,S079
-1.28,0.94,-27.475045464511563,-9.092684101856884,59.00061907351803,35.68,2.0,headache,S079
19.57,0.94,-26.73064905637942,-8.861908364863401,58.99681051840813,35.68,2.0,headache,S079
-1.12,0.93,-27.1501934128539,-8.998894984413193,59.00616663331015,35.68,2.0,headache,S079
21.82,0.93,-26.947346126352123,-9.013904030863634,58.989633531857926,35.68,2.0,headache,S079
-25.54,0.93,-27.19169882743654,-8.979081037477577,59.01768554568626,35.68,2.0,headache,S079
-38.19,0.93,-26.866403481902374,-9.025548090839807,58.964574603880884,35.68,2.0,headache,S079
-12.21,0.94,-27.116271082363053,-8.971081730931191,59.149085758392815,35.68,2.0,headache,S079
9.79,0.94,-26.89210951220044,-9.03154416112797,59.29210187280102,35.68,2.0,headache,S079
-2.16,0.93,-27.10522418519738,-8.966298983734129,59.08057655879181,35.68,2.0,headache,S079
33.04,0.93,-26.885612516519764,-9.035551020096765,59.00635425825723,35.68,2.0,headache,S079
2.7,0.94,-26.9672883695561,-8.962806219524255,58.99283238089731,35.71,2.0,headache,S079
-10.8,0.93,-26.93363119802242,-9.038682864503443,59.00553033621762,35.71,2.0,headache,S079
11.42,0.93,-27.073207918390136,-8.959992560958433,58.99624003118951,35.71,2.0,headache,S079
-5.36,0.94,-26.924306202225907,-9.040955426295852,59.002432847176195,35.71,2.0,headache,S079
-8.44,0.94,-27.077523796231215,-8.960011227300845,58.99656036496087,35.68,2.0,headache,S079
16.49,0.93,-26.92024711435438,-9.173949096134512,59.114868760879055,35.68,2.0,headache,S079
-17.65,0.94,-27.08346435045167,-8.9404082542393,59.02255629127714,35.68,2.0,headache,S079
14.4,0.94,-26.90771063208888,-9.064009162574955,59.08323987166586,35.68,2.0,headache,S079
2.12,0.93,-26.979698162246944,-8.9201040741761,59.11459791365356,35.71,2.0,headache,S079
-10.32,0.93,-26.71844354355813,-9.166934636255698,59.31530095031844,35.71,2.0,headache,S079
6.79,0.94,-26.091004867246827,-9.643525466444855,59.62459300083336,35.71,2.0,headache,S079
19.67,0.93,-25.70506646913718,-8.881007947710266,59.19374239022033,35.71,2.0,headache,S079
-15.13,0.93,-26.086163550188587,-9.000110945971482,59.226006671404896,35.66,2.0,headache,S079
102.24,0.94,-26.076194434924172,-9.516986525112031,59.63312768859139,35.66,2.0,headache,S079
-8.36,0.94,-26.176867371581064,-9.144236009787274,59.346594832716974,35.66,2.0,headache,S079
-86.43,0.93,-25.2760460368453,-9.123123208247993,59.74906160641357,35.66,2.0,headache,S079
-75.28,0.93,-26.75525397914607,-8.984277358538426,59.57162448180172,35.71,2.0,headache,S079
-24.61,0.94,-26.19444969688295,-9.069641910686306,59.61924686297833,35.71,2.0,headache,S079
67.28,0.93,-26.494668702953078,-7.889100406313734,59.375265555581066,35.71,2.0,headache,S079
24.6,0.93,-25.26031074460178,-3.9071358171856136,60.04766525865598,35.71,2.0,headache,S079
-16.3,0.94,-26.21884864668227,-6.2633852686307145,59.84331281657871,35.68,2.0,headache,S079
-106.24,0.93,-29.06867786359319,-8.18629363748092,58.72000132951461,35.68,2.0,headache,S079
-176.8,0.93,-28.75783920068845,-7.966476674182203,58.32500363685669,35.68,2.0,headache,S079
102.71,0.93,-28.23512383956843,-9.030722383819462,58.802336540821145,35.68,2.0,headache,S079
167.59,0.93,-27.978074212291638,-8.960118907577275,58.64993509022043,35.68,2.0,headache,S079
24.45,0.93,-27.516793763528405,-9.299367631682445,58.865087154851686,35.68,2.0,headache,S079
89.33,0.93,-27.800615772533195,-8.617394080994323,59.015671781518414,35.68,2.0,headache,S079
62.2,0.93,-28.081882239513522,-9.021677322395885,58.843654737232,35.68,2.0,headache,S079
-25.66,0.93,-27.734934694950383,-8.74187381881335,58.676850133258355,35.68,2.0,headache,S079
-90.65,0.92,-28.131032755767333,-8.930537219609441,58.77749781438594,35.68,2.0,headache,S079
-5.28,0.93,-27.886780341584046,-8.966553296103529,58.88476034937018,35.68,2.0,headache,S079
1.23,0.93,-27.698822844320844,-8.977422228475715,58.94502871345652,35.68,2.0,headache,S079
57.77,0.93,-27.457046007337823,-9.011647464470553,58.97185284213262,35.68,2.0,headache,S079
-37.5,0.92,-27.767060661034073,-8.996603819815885,59.04555533405031,35.68,2.0,headache,S079
-31.56,0.93,-28.014483405392852,-8.997161018424682,58.92293666550974,35.68,2.0,headache,S079
10.64,0.93,-28.002946602953863,-9.00792861574628,58.92580261316724,35.68,2.0,headache,S079
-17.57,0.92,-27.99223168549556,-8.987519362056636,58.99455436819267,35.68,2.0,headache,S079
-19.5,0.93,-28.01029064913639,-9.017031161012387,58.950839908308346,35.68,2.0,headache,S079
24.88,0.93,-27.986614451854326,-8.977700820790782,58.609439009405364,35.68,2.0,headache,S079
-13.99,0.92,-28.019982615983093,-9.029825775830158,58.86815055553524,35.68,2.0,headache,S079
-8.6,0.92,-27.95851813675803,-8.954799324525546,58.68213913881191,35.68,2.0,headache,S079
11.31,0.93,-27.938163866587306,-9.204788211161233,58.76928309885309,35.68,2.0,headache,S079
5.47,0.93,-28.12136354574529,-9.085818635381239,58.9409603135334,35.68,2.0,headache,S079
-9.86,0.92,-27.948066493839733,-8.984874445914341,58.72819280262623,35.68,2.0,headache,S079
30.6,0.93,-28.04072101264123,-9.000356361600868,58.93774307744859,35.68,2.0,headache,S079
-7.83,0.93,-27.961776483033052,-9.007594758689867,59.01896763088572,35.68,2.0,headache,S079
-29.16,0.92,-28.03970261250703,-8.985734307565599,58.57055397583998,35.68,2.0,headache,S079
7.86,0.92,-27.95523806499383,-9.022523376772725,58.86307984623881,35.68,2.0,headache,S079
-0.62,0.93,-28.05515643385168,-8.961273753746807,58.73379777665464,35.68,2.0,headache,S079
-16.29,0.93,-27.927043220991507,-9.156616248972984,58.67381989178016,35.68,2.0,headache,S079
21.37,0.92,-28.657140748675015,-9.25133448540989,58.150800281074474,35.68,2.0,headache,S079
-11.52,0.93,-28.086050627239196,-8.54493940822418,58.598997001751464,35.68,2.0,headache,S079
-12.3,0.93,-27.568649884423674,-7.532084878078467,59.03500903964647,35.68,2.0,headache,S079
-0.95,0.92,-27.95616760174301,-6.90258768722745,59.02992612454845,35.68,2.0,headache,S079
-59.5,0.92,-28.56291640312691,-7.936215036145061,58.514010363584724,35.68,2.0,headache,S079
-140.13,0.92,-29.244874161813332,-8.385732888096316,58.00351930964443,35.68,2.0,headache,S079
55.76,0.93,-28.874155864994567,-8.826361379633543,58.43683494107813,35.68,2.0,headache,S079
107.5,0.92,-28.864552056278313,-9.13753408908088,58.404140950425905,35.68,2.0,headache,S079
62.95,0.92,-28.957779090776665,-8.985553702288335,58.238654526410215,35.68,2.0,headache,S079
88.54,0.93,-28.181571867410078,-8.844709754734547,58.39391615546561,35.68,2.0,headache,S079
17.26,0.93,-28.8530418073531,-9.074806684352886,58.54238897598577,35.68,2.0,headache,S079
-64.06,0.92,-28.45097269172229,-8.723059219449508,58.333150448658586,35.68,2.0,headache,S079
-5.71,0.93,-28.333200072098656,-8.842751085726686,58.78991466032605,35.68,2.0,headache,S079
-6.1,0.93,-28.12155780356967,-8.772247674970009,58.579226932565966,35.68,2.0,headache,S079
13.2,0.92,-28.758263008172545,-8.73190109265552,58.654503428215925,35.68,2.0,headache,S079
-0.43,0.92,-28.646347104585146,-8.686452204527257,58.348277976684734,35.68,2.0,headache,S079
-33.04,0.92,-28.584356064967487,-8.897192405066514,58.3687106172464,35.68,2.0,headache,S079
-2.0,0.92,-28.58497691439683,-9.078378494109884,58.3489786039427,35.68,2.0,headache,S079
17.05,0.95,-28.931611173476345,-8.937212029780211,58.3576736202644,35.68,2.0,headache,S079
-8.96,0.92,-28.699673943009095,-9.024270300930356,58.16986885044976,35.68,2.0,headache,S079
-5.1,0.92,-28.71422710427451,-8.761681729092633,58.41398582793242,35.68,2.0,headache,S079
-7.7,0.92,-28.493628820647366,-9.012414519020405,58.5561128753588,35.68,2.0,headache,S079
-8.21,0.92,-28.61689517412642,-8.955387860536494,58.41611194084346,35.68,2.0,headache,S079
9.19,0.92,-28.68336277066148,-9.047901002445965,58.262954851468194,35.68,2.0,headache,S079
-17.68,0.92,-28.778318238568207,-8.951862470257812,58.189456843703745,35.68,2.0,headache,S079
8.26,0.92,-28.50364031032902,-9.047742369833145,58.29041786572512,35.68,2.0,headache,S079
3.63,0.92,-28.848423707738245,-8.952761433543914,58.29084385454165,35.65,2.0,headache,S079
-18.71,0.92,-28.871974893702642,-9.046779800308684,58.44354644720059,35.65,2.0,headache,S079
14.07,0.92,-28.804221587997496,-8.95357959239862,58.09090767908016,35.65,2.0,headache,S079
-2.11,0.92,-28.779388303353574,-9.046185924053335,58.683439387438696,35.65,2.0,headache,S079
-12.23,0.92,-29.057524955251868,-8.953902272768897,58.27308948422738,35.66,2.0,headache,S079
16.16,0.92,-28.768852075531644,-9.04618612141533,58.33050149718752,35.66,2.0,headache,S079
-2.35,0.92,-28.947661780498212,-8.953496356757526,58.34075984258276,35.66,2.0,headache,S079
-19.24,0.92,-28.97213825431833,-9.047148013537226,58.34576980601189,35.66,2.0,headache,S079
18.04,0.92,-28.922531179157552,-8.951686172328005,58.4191246634737,35.66,2.0,headache,S079
3.6,0.92,-28.744553486657157,-9.050433017479252,58.702866513060776,35.66,2.0,headache,S079
-18.25,0.92,-28.663389477479218,-8.945342228804922,58.2928128307939,35.66,2.0,headache,S079
11.46,0.92,-28.72857235722486,-9.06533475535811,58.484239100593584,35.66,2.0,headache,S079
14.3,0.92,-28.89609832187244,-8.874531161362436,58.419832130244785,35.66,2.0,headache,S079
-19.09,0.92,-28.729518928248037,-8.966685130122391,58.186726734064756,35.66,2.0,headache,S079
-2.92,0.92,-28.97869006100384,-8.986482726164919,58.19440684492243,35.66,2.0,headache,S079
18.53,0.93,-28.959610038792945,-9.028847722925152,58.248077662877904,35.66,2.0,headache,S079
-8.62,0.92,-29.01314104239268,-8.874491210472751,58.3034970526712,35.66,2.0,headache,S079
-13.35,0.92,-28.512625664000286,-8.972248236585347,58.29948256054821,35.66,2.0,headache,S079
18.3,0.92,-28.947719186169756,-9.033379198031781,58.201717892717014,35.66,2.0,headache,S079
7.58,0.92,-28.28618862150543,-8.787810207288613,58.586281689708706,35.66,2.0,headache,S079
-18.9,0.92,-28.774734516029362,-8.787082137404353,58.25912887465499,35.68,2.0,headache,S079
-1.52,0.92,-28.41503161475547,-8.83530355394896,58.72322086830931,35.68,2.0,headache,S079
-1.31,0.92,-28.472927840515798,-8.920603472267686,58.25033452442359,35.68,2.0,headache,S079
-18.4,0.92,-28.996749353220494,-8.911110170920622,58.19879392802365,35.68,2.0,headache,S079
16.14,0.92,-28.25126720358964,-8.786284710302823,58.769535200028535,35.66,2.0,headache,S079
39.56,0.92,-28.571981988448165,-9.144918699473076,58.40256253103585,35.66,2.0,headache,S079
13.86,0.92,-28.425083401687452,-8.764041452389012,58.60530637577724,35.66,2.0,headache,S079
-50.4,0.92,-28.801888068360054,-9.108553376273276,58.26818001262018,35.66,2.0,headache,S079
-5.33,0.91,-28.501517000698797,-8.656918457259538,58.56882563328372,35.66,2.0,headache,S079
6.12,0.92,-28.807890079649944,-8.9045953456428,58.37478870786795,35.66,2.0,headache,S079
-16.3,0.92,-28.77619835715613,-8.920578211512451,58.32810951185718,35.66,2.0,headache,S079
1.14,0.92,-28.59295478006331,-8.942883418537122,58.03882735196851,35.66,2.0,headache,S079
7.07,0.92,-28.971813203317375,-9.002019262711055,58.14593704529202,35.66,2.0,headache,S079
9.33,0.92,-28.761964315268425,-9.012873397268773,58.212509852434955,35.66,2.0,headache,S079
7.6,0.92,-28.866893594111104,-8.979724707809877,58.460416894263375,35.66,2.0,headache,S079
-7.66,0.92,-28.77956192630645,-9.024773241909484,58.328427669677666,35.66,2.0,headache,S079
-5.15,0.95,-28.555674113325043,-8.972185028581505,58.402139642201114,35.66,2.0,headache,S079
12.88,0.92,-28.807479823521355,-9.03001978639805,58.2294136604595,35.66,2.0,headache,S079
-10.7,0.92,-28.914818220769497,-8.968299536957078,58.60467939545089,35.66,2.0,headache,S079
-8.34,0.92,-28.936852064748177,-9.033032711594633,58.149347814799235,35.66,2.0,headache,S079
17.7,0.92,-28.747969027456506,-8.965877097961986,58.50850912799181,35.66,2.0,headache,S079
-12.2,0.92,-28.48212291005279,-9.03503907787152,58.39380529535353,35.66,2.0,headache,S079
-0.48,0.92,-29.093654315521555,-8.964173423594394,58.20921084566674,35.66,2.0,headache,S079
18.51,0.92,-28.72804395525653,-9.036516423916026,58.188117402834244,35.66,2.0,headache,S079
-11.18,0.92,-28.875832010203062,-8.962870022162521,58.48748066027811,35.66,2.0,headache,S079
-7.77,0.92,-28.983164106259647,-9.037681345463248,58.0916370416202,35.66,2.0,headache,S079
15.85,0.92,-28.581884448010406,-8.961821884831833,58.358654340106646,35.66,2.0,headache,S079
-1.92,0.95,-28.85156544316368,-9.038620112572675,58.09423720874751,35.66,2.0,headache,S079
0.32,0.92,-28.913585367472418,-8.961005532142636,58.593877415207615,35.66,2.0,headache,S079
16.3,0.91,-28.6090063271019,-9.03926115447589,58.496285513176026,35.66,2.0,headache,S079
-11.47,0.92,-28.67180380999222,-8.96069292399494,58.5142801319959,35.66,2.0,headache,S079
-11.58,0.92,-28.70062417785738,-9.038760335743506,58.44367316020971,35.66,2.0,headache,S079
16.72,0.92,-28.764790938179456,-8.96425913652444,58.320575751663334,35.66,2.0,headache,S079
-3.68,0.91,-28.6615283936521,-8.921492999734943,58.35766548416141,35.66,2.0,headache,S079
-15.14,0.92,-28.96836772457669,-8.94315511416887,58.57436839074563,35.66,2.0,headache,S079
14.55,0.92,-28.613171007267653,-9.054429370434134,58.1917362628278,35.66,2.0,headache,S079
-3.17,0.92,-28.742237711253814,-8.942533220251555,58.112688559666815,35.66,2.0,headache,S079
-17.13,0.91,-28.828288774725156,-9.067925482690534,58.70660334442045,35.66,2.0,headache,S079
12.2,0.92,-28.744200757670345,-8.85312859396245,58.379649958927835,35.66,2.0,headache,S079
-0.82,0.92,-28.597395445489074,-8.992293429351228,58.514563420024494,35.66,2.0,headache,S079
-10.03,0.91,-28.946702033877582,-8.97799179263606,58.3130152568045,35.66,2.0,headache,S079
20.42,0.92,-28.75901058837114,-9.029593286964365,58.15268392347769,35.66,2.0,headache,S079
-2.49,0.92,-28.59773432689567,-8.966874061076172,58.469181234525756,35.66,2.0,headache,S079
-18.0,0.91,-28.506450079322338,-9.035216843523699,58.21129442272838,35.66,2.0,headache,S079
16.04,0.91,-28.68997027388391,-8.96336599697729,58.288803742020136,35.66,2.0,headache,S079
-4.95,0.92,-28.54399680641764,-9.037683809504605,58.35047927429881,35.66,2.0,headache,S079
-14.0,0.92,-28.81819006742659,-8.961487719500731,58.509011950186135,35.66,2.0,headache,S079
16.43,0.91,-28.76432743624663,-9.039197778653802,58.331636772890306,35.66,2.0,headache,S079
-2.82,0.92,-29.004087194362217,-8.960213860135838,58.18037382410223,35.66,2.0,headache,S079
-17.2,0.92,-28.98820819909592,-9.040306011547324,58.1526511353566,35.66,2.0,headache,S079
10.66,0.92,-28.9828658632802,-8.959223713140892,58.249924249358365,35.66,2.0,headache,S079
-3.41,0.91,-28.872581353990604,-9.041210012055108,58.23069306528801,35.66,2.0,headache,S079
-9.03,0.92,-28.98919802155217,-8.958383419439421,58.44516619020906,35.65,2.0,headache,S079
19.51,0.92,-28.83416945202609,-9.042003037924253,58.416475399422396,35.65,2.0,headache,S079
5.09,0.91,-28.83946597588605,-8.957625097990508,58.3319760991309,35.65,2.0,headache,S079
0.34,0.91,-28.502141087744835,-9.042736711090674,58.48196137375243,35.65,2.0,headache,S079
10.59,0.92,-28.55750513395065,-8.956907579453944,58.364420148156626,35.66,2.0,headache,S079
-18.91,0.92,-28.623727626105858,-9.043445724560675,58.05587198312698,35.66,2.0,headache,S079
-2.23,0.91,-28.88441395099266,-8.95619963882282,58.494971606620076,35.66,2.0,headache,S079
13.2,0.91,-28.433010249413623,-9.044160460036563,58.345478605808744,35.66,2.0,headache,S079
-21.42,0.92,-28.716073166993105,-8.955468984738527,58.43665356475344,35.68,2.0,headache,S079
8.7,0.92,-28.645269080031426,-9.044918628333944,58.48060220853453,35.68,2.0,headache,S079
9.88,0.91,-28.8923298084225,-8.954667182508912,58.04561516056711,35.68,2.0,headache,S079
-18.7,0.92,-28.8910805054655,-9.045788576814893,58.3127442067639,35.68,2.0,headache,S079
10.31,0.92,-28.679156766099734,-8.953688038504705,58.40312934762177,35.68,2.0,headache,S079
4.88,0.91,-28.668001281952495,-9.046954062982378,58.28567343503815,35.68,2.0,headache,S079
-11.31,0.91,-28.739155195182747,-8.952166721977534,58.271780659465094,35.68,2.0,headache,S079
21.63,0.92,-28.83073516505428,-9.049307524553333,58.33495264343972,35.68,2.0,headache,S079
-3.01,0.91,-28.559165568112576,-8.946763084082225,58.40235750455792,35.66,2.0,headache,S079
-17.55,0.91,-28.842956885694488,-8.922164746950584,58.20985046796352,35.66,2.0,headache,S079
18.53,0.91,-29.133509536595145,-8.959348135548685,58.34752540858405,35.66,2.0,headache,S079
-7.46,0.92,-28.47417824552979,-9.044121594274289,58.30379150314346,35.66,2.0,headache,S079
-13.14,0.92,-28.723016433884798,-8.95437075035921,58.309255866255896,35.65,2.0,headache,S079
30.13,0.91,-28.871956298624884,-9.046684708722323,58.39423810196942,35.65,2.0,headache,S079
-16.76,0.91,-28.95356921782113,-8.952361862354739,58.09155803714212,35.65,2.0,headache,S079
-19.86,0.91,-28.980493908353992,-9.048671446899014,58.13183316070863,35.65,2.0,headache,S079
13.0,0.91,-28.929419152703044,-8.950003622444678,58.245452260661324,35.66,2.0,headache,S079
-0.28,0.91,-28.886927173104677,-9.052072228505008,58.49114412770484,35.66,2.0,headache,S079
-11.79,0.91,-28.681531701577196,-8.943486589928106,58.37325616368862,35.66,2.0,headache,S079
23.92,0.92,-28.557552947927736,-9.076114839385875,58.409235397430066,35.66,2.0,headache,S079
-0.69,0.91,-28.76611495526364,-9.148378179137225,58.56835723770764,35.66,2.0,headache,S079
-11.4,0.91,-27.703416766702926,-9.18493741217276,58.72118135530771,35.66,2.0,headache,S079
18.21,0.91,-28.212885206668172,-8.983395056264653,58.742767960428175,35.66,2.0,headache,S079
-6.1,0.91,-28.752434126744824,-9.160399601924174,58.27205089662339,35.66,2.0,headache,S079
-14.11,0.91,-28.507378702669968,-8.955172899369172,58.60544347130483,35.66,2.0,headache,S079
57.09,0.91,-28.557154468359858,-9.0399776083708,58.52150856711499,35.66,2.0,headache,S079
20.75,0.92,-28.725281195413384,-8.828423903563497,58.45309812785684,35.66,2.0,headache,S079
-92.02,0.91,-28.588735272250464,-9.053842414513674,58.55191566520843,35.66,2.0,headache,S079
-16.11,0.91,-28.519523086734416,-8.948894149340912,58.4598214836838,35.65,2.0,headache,S079
63.75,0.91,-28.64302599136955,-9.050376953748792,58.45379493940631,35.65,2.0,headache,S079
-24.05,0.92,-28.44679192144566,-8.949850708411592,58.5761251872704,35.65,2.0,headache,S079
5.88,0.91,-28.617156161523315,-9.050108526944765,58.70764766660783,35.65,2.0,headache,S079
-3.88,0.92,-28.783638566188774,-8.949851863340205,58.4705384695973,35.66,2.0,headache,S079
-17.41,0.92,-28.387818260197612,-9.050221473283656,58.396490465683826,35.66,2.0,headache,S079
-10.49,0.91,-28.439789090840573,-8.949696143397126,58.43892703310716,35.66,2.0,headache,S079
23.5,0.91,-28.5299221199387,-9.0503796851635,58.27713010183625,35.66,2.0,headache,S079
-4.11,0.91,-28.80447036088886,-8.949562902894476,58.084910371809194,35.66,2.0,headache,S079
-3.12,0.92,-28.430562686039053,-9.050465312555097,58.44755003805283,35.66,2.0,headache,S079
3.31,0.91,-28.86197815371189,-8.949547019601987,58.34967911338233,35.66,2.0,headache,S079
-1.85,0.91,-28.782245737853064,-9.050386820698689,58.399259757362096,35.66,2.0,headache,S079
-24.23,0.91,-28.712514834495483,-8.949749838948163,58.40378188989094,35.65,2.0,headache,S079
9.45,0.91,-28.626161367441007,-9.05002101585095,58.3733677759551,35.65,2.0,headache,S079
13.76,0.91,-28.80365272302315,-8.950330754773399,58.53914718941734,35.65,2.0,headache,S079
-11.77,0.92,-28.62284064303905,-9.049152012426083,58.279191512581896,35.65,2.0,headache,S079
6.81,0.91,-28.939810371304,-8.951593965133746,58.38495574248545,35.66,2.0,headache,S079
21.23,0.91,-28.522754478894555,-9.047333417691728,58.56137334004674,35.66,2.0,headache,S079
-20.88,0.91,-28.61774466045795,-8.95422663148007,58.41337119790003,35.66,2.0,headache,S079
3.01,0.91,-28.72380385888261,-9.043438018846606,58.32934478616006,35.66,2.0,headache,S079
16.52,0.92,-28.677619698090897,-8.960267841189436,58.33140468521065,35.66,2.0,headache,S079
-13.67,0.91,-28.727620758951808,-9.032978875814887,58.17746556885971,35.66,2.0,headache,S079
-5.34,0.91,-28.510047870999102,-8.989804089252544,58.202589436952046,35.66,2.0,headache,S079
24.26,0.91,-28.09189986017777,-9.164902984911718,58.74232423219235,35.66,2.0,headache,S079
-22.69,0.91,-27.026908657954134,-9.352379839637749,59.21900583487319,35.66,2.0,headache,S079
11.74,0.9,-26.600141834641967,-9.210597650953503,59.23490105672991,35.66,2.0,headache,S079
24.38,0.91,-27.208666970635075,-8.823666698297552,59.07576636060622,35.66,2.0,headache,S079
35.83,0.91,-28.547910545879848,-9.127529449635928,58.776094117905984,35.66,2.0,headache,S079
-18.69,0.91,-29.077441298778997,-8.888575833928899,58.09749631977362,35.66,2.0,headache,S079
-42.75,0.91,-27.869772657978594,-9.104192267494437,59.12731823947308,35.66,2.0,headache,S079
-15.12,0.91,-28.06022488388932,-8.899109837441495,58.770382811492276,35.66,2.0,headache,S079
-27.97,0.91,-27.871758191457875,-9.09993277935961,58.679201156046524,35.66,2.0,headache,S079
91.28,0.91,-28.121428641005473,-8.899178465118462,58.69682779021614,35.65,2.0,headache,S079
-11.81,0.91,-27.88642201692366,-9.103654531686669,59.052616967659574,35.65,2.0,headache,S079
-90.75,0.91,-28.101979367763988,-8.89078738488178,58.65293354460676,35.65,2.0,headache,S079
31.98,0.91,-27.99597350397516,-9.119799334783314,58.583955469049634,35.65,2.0,headache,S079
-1.8,0.91,-28.1624171599389,-8.856839451082001,58.68585900402924,35.66,2.0,headache,S079
-1.36,0.91,-27.31365655185532,-9.191748841255965,58.88319084326801,35.66,2.0,headache,S079
14.83,0.91,-26.764133950650294,-9.523331266024469,59.335894970296586,35.66,2.0,headache,S079
8.17,0.91,-27.11137668799483,-9.006248428341031,58.87173177741227,35.66,2.0,headache,S079
-11.3,0.91,-28.54634791773539,-8.952744002492228,58.223102991576454,35.65,2.0,headache,S079
92.48,0.91,-28.379765000337297,-9.088648960500468,58.48385190441985,35.65,2.0,headache,S079
-26.28,0.91,-28.26341139949975,-9.057357088848205,58.37222596116362,35.65,2.0,headache,S079
-73.1,0.91,-27.843621290532845,-9.029301385445955,58.79695159238905,35.65,2.0,headache,S079
32.98,0.91,-28.14459441021822,-8.956440831615827,58.92732114333928,35.65,2.0,headache,S079
12.74,0.91,-27.853513518348098,-9.050460028470807,58.90081564145472,35.65,2.0,headache,S079
-0.35,0.91,-28.151235742488502,-8.945124081813054,58.74087404026408,35.65,2.0,headache,S079
-38.49,0.91,-27.837471685981072,-9.058106433798626,58.809319935058596,35.65,2.0,headache,S079
-12.93,0.91,-28.209696245849905,-8.939328104279737,58.608206752060056,35.65,2.0,headache,S079
-52.94,0.91,-27.9380908074865,-9.062831252304536,58.65464122878589,35.65,2.0,headache,S079
9.64,0.91,-28.213306722041885,-8.935266698797744,58.44615020415424,35.65,2.0,headache,S079
10.92,0.91,-28.600325611507014,-9.066473954694137,58.28288975063794,35.65,2.0,headache,S079
4.56,0.91,-28.556054881494514,-8.931877621984727,58.590789374674436,35.66,2.0,headache,S079
16.33,0.91,-27.987427798748435,-9.069735257698586,58.60652843649582,35.66,2.0,headache,S079
-5.15,0.9,-28.225638944935792,-8.928633319700905,58.726581188011245,35.66,2.0,headache,S079
-8.77,0.91,-28.080633487496414,-9.073077698904813,58.73761012726573,35.66,2.0,headache,S079
38.33,0.91,-28.328827045201425,-8.9250503921502,58.46688868391857,35.65,2.0,headache,S079
-3.0,0.91,-28.124096652327005,-9.077108214374716,58.38688002543277,35.65,2.0,headache,S079
-5.93,0.9,-28.388024677609287,-8.920222097331985,58.65858930202398,35.65,2.0,headache,S079
31.17,0.91,-28.08607084059589,-9.0834265526855,58.67863986053086,35.65,2.0,headache,S079
0.01,0.91,-28.755085987034395,-8.910740306575288,58.68109414525911,35.66,2.0,headache,S079
-23.49,0.9,-28.476346096097647,-9.101741415166972,58.25370768067969,35.66,2.0,headache,S079
26.8,0.91,-28.535721209168415,-8.835207970884564,58.218816200080006,35.66,2.0,headache,S079
11.15,0.91,-28.213207660826473,-8.76329556916305,58.64358502631532,35.66,2.0,headache,S079
-21.0,0.9,-28.607157780024853,-8.823364040007183,58.56491161437587,35.65,2.0,headache,S079
11.24,0.9,-27.999685768078095,-9.052517619613917,58.5700549468446,35.65,2.0,headache,S079
30.48,0.91,-28.237958611799115,-8.93772805872928,58.582028235707,35.65,2.0,headache,S079
-21.07,0.91,-28.10759488088946,-9.067326384144373,58.771470789454945,35.65,2.0,headache,S079
-14.86,0.91,-28.410708272646428,-8.928555736524263,58.69222975693644,35.66,2.0,headache,S079
25.32,0.91,-27.901392995998453,-9.077311017752947,58.74755709421837,35.66,2.0,headache,S079
6.7,0.91,-28.386121040857475,-8.805258011577829,58.41521306947822,35.66,2.0,headache,S079
-31.16,0.91,-28.129199369213048,-9.062602006450355,58.70460979825269,35.66,2.0,headache,S079
5.59,0.91,-28.411175189871503,-8.931780559170857,58.26365148267485,35.66,2.0,headache,S079
21.35,0.91,-28.46139448081953,-9.070221571286165,58.71644693127551,35.66,2.0,headache,S079
-14.43,0.91,-28.318514583897393,-8.928996864470061,58.690128814235415,35.66,2.0,headache,S079
-19.98,0.9,-28.165191707721974,-9.070774253468935,58.55930222066733,35.66,2.0,headache,S079
15.1,0.9,-28.44943281876622,-8.931004879969919,58.468857364630594,35.68,2.0,headache,S079
1.88,0.91,-28.641705624230024,-9.062969072255145,58.25068704388773,35.68,2.0,headache,S079
-23.57,0.91,-28.690624051290875,-8.811933089162277,58.76659542735036,35.68,2.0,headache,S079
4.31,0.9,-28.555745818081622,-9.042016460212135,58.2629087940175,35.68,2.0,headache,S079
22.94,0.91,-28.82671667875348,-8.811581716099727,58.20328181530322,35.65,2.0,headache,S079
-34.11,0.91,-28.214120846264496,-9.080403478008586,58.60200485186472,35.65,2.0,headache,S079
-33.35,0.91,-28.413467018361082,-8.634974348875762,58.82227788493268,35.65,2.0,headache,S079
36.94,0.9,-28.246503380022816,-8.937105889404808,58.27684608880995,35.65,2.0,headache,S079
9.54,0.91,-28.807089339628824,-8.7162989116578,58.08513422836988,35.65,2.0,headache,S079
-10.85,0.91,-28.292590323490256,-8.838311537632471,58.48033575671839,35.65,2.0,headache,S079
26.26,0.91,-28.60131498068631,-8.782263747539037,58.53602600708597,35.65,2.0,headache,S079
-9.89,0.9,-28.063006757691085,-8.683724549016484,58.279146793390254,35.65,2.0,headache,S079
-18.69,0.91,-28.721144818344907,-8.575056941124066,58.80470720128933,35.65,2.0,headache,S079
17.9,0.91,-27.332419589282487,-8.635137824105602,58.86401416607823,35.65,2.0,headache,S079
-15.79,0.9,-28.55064945125145,-8.389367121566844,58.557286679603436,35.65,2.0,headache,S079
7.76,0.91,-28.976395592918713,-8.689909832569747,58.48331273193041,35.65,2.0,headache,S079
34.64,0.91,-28.736988594522188,-8.010803880941515,58.29302950478709,35.68,2.0,headache,S079
-40.4,0.9,-29.144203748751885,-8.750527355209789,58.05864655641185,35.68,2.0,headache,S079
-80.01,0.9,-28.63989898642561,-8.23309960038977,58.60508999308275,35.68,2.0,headache,S079
8.28,0.91,-28.584281827880822,-8.605211978704014,58.64024527947134,35.68,2.0,headache,S079
25.2,0.91,-28.463562346023608,-8.142925340006602,58.509468460191236,35.65,2.0,headache,S079
32.31,0.9,-28.269951268553253,-8.517635601567365,58.59419545113863,35.65,2.0,headache,S079
-6.77,0.91,-28.474481615043413,-8.085704398346552,58.83199386070738,35.65,2.0,headache,S079
4.64,0.9,-29.15730921974939,-8.951737504150964,58.17844831970757,35.65,2.0,headache,S079
32.83,0.9,-29.882608733678737,-8.296773667808338,57.96337736461166,35.68,2.0,headache,S079
-31.43,0.9,-29.03366304973309,-8.415058781042442,58.068637129659095,35.68,2.0,headache,S079
71.97,0.9,-29.729438322296403,-8.07875578820873,58.298816750167035,35.68,2.0,headache,S079
59.7,0.91,-29.301753446480937,-8.659605231495886,58.20176362405241,35.68,2.0,headache,S079
-89.73,0.9,-29.06220138424538,-8.635682216008052,58.18200409643204,35.66,2.0,headache,S079
-22.29,0.9,-28.89117325208242,-9.170576431417333,58.009028224934305,35.66,2.0,headache,S079
15.29,0.91,-28.818767582132843,-8.825933973533461,58.09658535315836,35.66,2.0,headache,S079
44.98,0.91,-28.172474753837683,-9.178079935833615,58.47562461374308,35.66,2.0,headache,S079
33.23,0.9,-28.71621951804661,-8.817392967202954,58.330970275768045,35.66,2.0,headache,S079
-18.93,0.91,-28.022088093526257,-9.187752187943532,58.41126117251898,35.66,2.0,headache,S079
-13.67,0.9,-28.57425567694149,-8.806353922979351,58.58356359537808,35.66,2.0,headache,S079
-31.97,0.91,-27.843038341133244,-9.200448136958222,58.49642003330237,35.66,2.0,headache,S079
-17.63,0.9,-28.382450592485725,-8.791629751043313,58.595770648865155,35.68,2.0,headache,S079
2.51,0.9,-28.085045267770465,-9.217712598176531,58.32204533427225,35.68,2.0,headache,S079
-20.37,0.91,-28.321881262047413,-8.77107370238599,58.85682811058238,35.68,2.0,headache,S079
7.97,0.9,-27.936005001255864,-9.242745834417923,58.28615688568569,35.68,2.0,headache,S079
4.58,0.9,-28.188243946800746,-8.739464206215011,58.921620393109976,35.66,2.0,headache,S079
-14.08,0.9,-27.807799047468908,-9.214828800274388,58.49171794082797,35.66,2.0,headache,S079
18.25,0.91,-28.01545206614055,-8.871996958369685,59.00759356667627,35.66,2.0,headache,S079
16.01,0.9,-27.74937497811652,-9.437261693207859,58.49330725977963,35.66,2.0,headache,S079
-10.25,0.91,-26.64625317617455,-8.784660797083678,59.219853793842816,35.66,2.0,headache,S079
10.34,0.91,-28.995797593064957,-11.286396581278748,60.97631200341433,35.66,2.0,headache,S079
8.26,0.9,-19.60004168359987,-20.710031721136716,60.539877843634734,35.66,2.0,headache,S079
5.69,0.9,-8.943179647300212,-25.57649467682471,59.056476589637086,35.66,2.0,headache,S079
38.57,0.9,-2.1145952065558404,-11.054799313213069,58.623394128515855,35.66,2.0,headache,S079
14.37,0.9,4.866332581488195,1.316077898982529,66.1015813965626,35.66,2.0,headache,S079
-68.58,0.9,-1.271578374420872,-3.841172065499752,64.26115163634155,35.66,2.0,headache,S079
106.38,0.91,-2.9701221484702267,0.9183070380458498,65.0239296793414,35.66,2.0,headache,S079
-261.29,0.91,-1.569299032730206,0.5876108882967975,64.03526231162886,35.66,2.0,headache,S079
-13.63,0.9,0.3833753490840371,2.8085133536051408,64.75662784342501,35.66,2.0,headache,S079
99.89,0.91,2.5032098987931484,5.117970961484523,63.209329195303134,35.66,2.0,headache,S079
-12.5,0.92,-0.3302569380253657,0.9212628236251469,65.86700247336233,35.66,2.0,headache,S079
-91.23,0.91,-1.1233135526825764,-0.047291996945313726,63.61178370788317,35.65,2.0,headache,S079
0.97,0.9,2.4579646990340187,-1.7640794740590213,64.1116221198522,35.65,2.0,headache,S079
310.13,0.91,1.0243872342309992,0.4299662728607751,64.72558940476969,35.65,2.0,headache,S079
59.16,0.91,0.7964755179352058,0.8243722979822142,65.33374312172566,35.65,2.0,headache,S079
-197.58,0.91,0.8462910050516088,1.7800759082641422,63.642311918605934,35.63,2.0,headache,S079
-84.56,0.9,0.25091265999699186,1.1102211196039893,65.5185976178105,35.63,2.0,headache,S079
29.16,0.91,-0.4518368110326764,2.3311865864088728,63.76170805822903,35.63,2.0,headache,S079
-44.04,0.91,1.781409591647798,0.6880711297592197,64.40083949611693,35.63,2.0,headache,S079
18.89,0.91,3.1135781271984735,0.6705137490177943,66.98456677788357,35.66,2.0,headache,S079
-27.33,0.9,5.613145524713492,0.17763376012063153,63.00210603678356,35.66,2.0,headache,S079
14.03,0.91,2.92920387971874,0.19080228211590397,64.61269476699026,35.66,2.0,headache,S079
120.22,0.91,3.6607848629395257,-0.24163338838515097,64.23792121655028,35.66,2.0,headache,S079
-20.72,0.91,2.1436280300365524,0.4597271548674325,64.47950616228779,35.65,2.0,headache,S079
-100.76,0.9,3.132935618830394,-1.2227247272335884,63.94949163793243,35.65,2.0,headache,S079
3.86,0.91,3.141445098212583,2.2771855569234414,64.6214824600665,35.65,2.0,headache,S079
22.07,0.91,6.685095726822262,1.7320794777787132,65.81340530021215,35.65,2.0,headache,S079
18.21,0.91,2.905172231433173,-1.353971913908039,63.58439241628104,35.66,2.0,headache,S079
-15.79,0.91,4.844850159464958,1.3488056407804592,65.07753256179635,35.66,2.0,headache,S079
-60.15,0.91,1.0457020393278507,0.4905665828054502,64.71205033406947,35.66,2.0,headache,S079
118.09,0.91,3.21133880754063,0.39000179451716765,64.55859749344262,35.66,2.0,headache,S079
5.85,0.91,0.8190229202108544,-1.7012704082977765,64.39377858703017,35.66,2.0,headache,S079
6.15,0.91,1.6110696344735793,0.6330426279516094,64.18780879571746,35.66,2.0,headache,S079
-22.94,0.91,1.952239965108025,-0.7738959783295999,63.62023369490356,35.66,2.0,headache,S079
15.84,0.91,9.634827366343803,0.4930283626389781,64.83469926587864,35.66,2.0,headache,S079
35.26,0.91,4.451159121191872,-1.1558500597120758,63.57614222655609,35.65,2.0,headache,S079
-46.74,0.91,4.771871692402555,-3.1111823483601,65.3628450405749,35.65,2.0,headache,S079
11.33,0.91,-8.720991696569717,-12.779359452666117,65.30773011531691,35.65,2.0,headache,S079
-135.73,0.9,16.61990462224053,-11.298151619651518,55.00250654695965,35.65,2.0,headache,S079
149.32,0.9,18.96389045737483,-1.9839522736088242,67.34502281872712,35.66,2.0,headache,S079
143.92,0.91,13.72987202256319,-3.998477054914472,60.521413855263994,35.66,2.0,headache,S079
-142.29,0.9,7.522304057813081,-14.262742746162306,69.84175912164942,35.66,2.0,headache,S079
-377.61,0.9,12.261204131307402,-7.553333770893711,58.829737122474796,35.66,2.0,headache,S079
-33.08,0.91,19.376571201272608,7.788951273123367,60.39981233490643,35.66,2.0,headache,S079
164.45,0.91,17.10227961158251,-2.924564352464292,63.24366207169866,35.66,2.0,headache,S079
199.2,0.91,13.867792444040548,0.9564962174793358,64.08498036852697,35.66,2.0,headache,S079
67.47,0.91,1.0544524312609325,-3.8734068265897386,61.581532986998596,35.66,2.0,headache,S079
-88.06,0.91,17.22899261332829,4.213916973013817,63.703830011750966,35.65,2.0,headache,S079
122.79,0.91,8.157958959433392,-3.303899010536941,65.47145598408196,35.65,2.0,headache,S079
-82.37,0.91,2.770778155270759,6.047058763866379,65.35853590803893,35.65,2.0,headache,S079
49.91,0.91,-3.4210153628213695,-9.759049327097392,60.42492173740264,35.65,2.0,headache,S079
37.02,0.91,-13.318023786588846,-19.228687363103816,61.082795298074366,35.68,2.0,headache,S079
-69.36,0.9,-2.5759310439550474,-4.871925892215907,63.50143831833681,35.68,2.0,headache,S079
44.61,0.9,-3.9370729016603905,-2.537498669367916,65.94723839005745,35.68,2.0,headache,S079
129.41,0.91,-32.05779839390505,0.294167087587143,60.42677457402169,35.68,2.0,headache,S079
106.51,0.9,-1.81982640139405,1.887753721469479,61.06100294069797,35.68,2.0,headache,S079
-320.84,0.9,-14.980723274468634,3.1861240789750735,64.51547758317996,35.68,2.0,headache,S079
-100.99,0.91,-16.6821484209495,2.1255887050407916,60.867492539580525,35.68,2.0,headache,S079
152.15,0.92,-26.81180709236347,1.6558681308772247,60.97619719738561,35.68,2.0,headache,S079
-307.25,0.91,-4.6766581210683,3.002368814845696,63.502496299179924,35.66,2.0,headache,S079
102.02,0.92,-6.869511939387429,1.0960350833334576,64.99343710401773,35.66,2.0,headache,S079
399.07,0.95,11.531594907569396,0.6064336926135123,62.979755902224646,35.66,2.0,headache,S079
-252.56,0.97,-2.954588569911835,2.901402997548664,62.658458554518,35.66,2.0,headache,S079
1.02,0.94,-18.696790069144452,0.12134771109385536,64.18822103985237,35.65,2.0,headache,S079
104.42,0.94,-23.881716388074647,-10.525808540644345,58.60156532257839,35.65,2.0,headache,S079
53.91,0.91,-34.84163509009786,-12.467356695398545,54.73185992659853,35.65,2.0,headache,S079
-84.14,0.91,-16.702105968086023,-9.53936314277341,62.065705128617836,35.65,2.0,headache,S079
-106.18,0.92,-25.07970403608897,-6.837070363160752,60.03901669335968,35.61,2.0,headache,S079
15.89,0.91,-27.22653523855065,-7.134648133281459,59.621905644938025,35.61,2.0,headache,S079
-42.48,0.9,-25.863332952408843,-7.013546164927055,59.17581736221496,35.61,2.0,headache,S079
73.07,0.89,-25.240821005660113,-6.046202693240919,60.693150085145106,35.61,2.0,headache,S079
-78.55,0.89,-24.455505722318183,-8.482745009790644,60.27775216201976,35.66,2.0,headache,S079
-3.51,0.9,-13.643756457846294,-1.3667548386139918,62.95186389086193,35.66,2.0,headache,S079
16.57,0.89,-28.290171252829165,-3.4600723405687135,57.53266343084945,35.66,2.0,headache,S079
-5.3,0.9,-36.891508631656265,1.141069251128743,55.358651806091046,35.66,2.0,headache,S079
30.87,0.92,-51.82926980831133,11.505250989506136,38.38397501505744,35.66,2.0,headache,S079
223.28,0.93,-58.45709538728452,10.901706941904955,27.693309373017495,35.66,2.0,headache,S079
90.39,0.96,-58.42522580456696,10.753000741058438,31.29013628620002,35.66,2.0,headache,S079
-317.34,0.99,-59.6831699781187,11.81654030154916,22.937701008008467,35.66,2.0,headache,S079
105.71,0.99,-61.38090903364863,15.878270815859242,24.203782671496892,35.65,2.0,headache,S079
183.31,0.99,-58.47620301372707,17.737592741891003,17.925178235638683,35.65,2.0,headache,S079
-112.74,0.97,-68.79028891688797,12.942996817007582,21.285289150803,35.65,2.0,headache,S079
-121.39,0.98,-15.528492833290075,9.462588404718522,55.32088532827493,35.65,2.0,headache,S079
-66.81,0.94,-9.051200017655,4.273241509089684,64.39626938964199,35.63,2.0,headache,S079
-75.16,0.94,-24.56287676473494,4.9217432928597775,60.77903104783931,35.63,2.0,headache,S079
-29.11,0.94,-22.20470116261693,3.856127709030599,61.19981295470112,35.63,2.0,headache,S079
298.88,0.94,-9.199344836572271,2.78052675512134,62.73085945970805,35.63,2.0,headache,S079
47.89,0.94,-16.636415272395077,4.3330026029322575,61.4129966877771,35.65,2.0,headache,S079
-182.29,0.94,-21.656884735008887,1.2965975439469175,61.85377469053832,35.65,2.0,headache,S079
22.45,0.94,-12.915454782147117,-0.774490874520962,62.566127095506566,35.65,2.0,headache,S079
-6.47,0.97,-26.800738486844523,1.6849983526326784,60.74513364828057,35.65,2.0,headache,S079
6.97,0.96,-29.543099616460516,-1.5684961358546987,57.413407883464735,35.66,2.0,headache,S079
45.16,0.95,-33.95048949876392,-1.4903875718769863,56.92131199781088,35.66,2.0,headache,S079
12.13,0.95,-30.22513512971769,0.19518135804239148,56.79709249389818,35.66,2.0,headache,S079
-133.63,0.95,-35.334390760530404,-1.1044322878127897,56.722443504106764,35.66,2.0,headache,S079
-79.26,0.95,-32.91573534100289,-0.23434996035985484,56.0401294752398,35.65,2.0,headache,S079
48.76,0.94,-35.49812214891072,-0.7615391578416034,56.14591567819328,35.65,2.0,headache,S079
31.62,0.95,-34.52844100281908,-1.5868977614242192,55.54352180008017,35.65,2.0,headache,S079
35.06,0.94,-35.814853585060995,-0.8543754039546233,55.7618099394797,35.65,2.0,headache,S079
-10.94,0.95,-34.51475173563131,-1.1607257682600907,55.46620195960064,35.66,2.0,headache,S079
14.45,0.94,-36.122508967748324,-0.9357335140817499,55.664586898556166,35.66,2.0,headache,S079
-0.52,0.95,-34.24336333188438,-1.3155540944812731,55.41830773585101,35.66,2.0,headache,S079
-0.05,0.95,-34.85807731485898,-0.7370086394694391,56.44907497700281,35.66,2.0,headache,S079
2.98,0.94,-33.342754608878415,-1.466932356536949,55.804225774083406,35.65,2.0,headache,S079
-1.47,0.94,-35.0753798814741,-0.8601648042173883,56.27226407357246,35.65,2.0,headache,S079
-4.52,0.95,-34.11115385004151,-1.2059541499865098,55.8976484192646,35.65,2.0,headache,S079
8.66,0.95,-34.9190276576341,-0.8315709932659844,56.18106578348475,35.65,2.0,headache,S079
-17.19,0.94,-33.42995923281309,-1.154608225462362,55.83929884377889,35.65,2.0,headache,S079
12.57,0.95,-34.83821557445991,-0.9312853257057973,56.135416510154904,35.65,2.0,headache,S079
-4.6,0.95,-34.42470327547962,-0.9889655688003217,55.26295446551918,35.65,2.0,headache,S079
8.02,0.94,-35.35743127917889,-0.7109630763031138,56.058636401521824,35.65,2.0,headache,S079
5.77,0.94,-34.307305701528946,-1.1088521779915235,55.72320343843951,35.65,2.0,headache,S079
3.04,0.95,-35.322311983442724,-0.8719405883816059,56.295320995668064,35.65,2.0,headache,S079
-17.76,0.95,-34.2906251270669,-1.130490774187197,55.57036939404998,35.65,2.0,headache,S079
18.44,0.94,-35.098384237129956,-0.8679601461527067,56.31904010862345,35.65,2.0,headache,S079
3.5,0.94,-33.96129203451625,-1.13558165478719,55.65024915340318,35.65,2.0,headache,S079
-6.05,0.95,-35.11199110272938,-0.8558086715195196,56.52312224213787,35.65,2.0,headache,S079
-3.75,0.95,-34.32191613170028,-1.1685354754564428,55.53868552474907,35.65,2.0,headache,S079
18.95,0.94,-34.73840891863041,-0.5331725340053207,56.540106018134495,35.65,2.0,headache,S079
-16.45,0.95,-34.26548774745267,-1.037246911398103,55.37103360005182,35.65,2.0,headache,S079
-4.74,0.95,-31.829694358376862,-1.2420759845116034,58.35974225992371,35.65,2.0,headache,S079
8.0,0.95,-29.04556631864898,-1.2011542123940782,57.85529843286408,35.65,2.0,headache,S079
29.59,0.95,-31.85843942976939,-0.7497754277141307,58.52388787332317,35.65,2.0,headache,S079
-8.48,0.95,-16.972301304767836,-3.0442065540497225,60.750325086410406,35.65,2.0,headache,S079
18.98,0.95,-10.339271149637652,-1.4003594767039542,70.51982485225909,35.65,2.0,headache,S079
7.55,0.94,16.03288031008039,-15.978298174713139,64.67271885065195,35.65,2.0,headache,S079
17.46,0.95,-1.2676398999170835,-40.70539150134441,45.25020157589994,35.65,2.0,headache,S079
91.51,0.95,-1.0929253924461348,-5.247905521508068,59.431229487426215,35.65,2.0,headache,S079
-10.71,0.95,0.9133710154881526,10.549346362494767,68.025436682776,35.65,2.0,headache,S079
-104.07,0.93,1.7135934875940044,-1.7109651658902214,65.30185757756065,35.65,2.0,headache,S079
338.02,0.94,5.861366018531376,3.192568023441284,64.19719178415154,35.65,2.0,headache,S079
-321.73,0.94,6.308741657105304,-0.6481575564977361,64.32843888558176,35.63,2.0,headache,S079
-229.66,0.94,6.037387057024279,1.7445910560300213,64.8054335320777,35.63,2.0,headache,S079
72.19,0.94,6.237537357194819,5.147861268400244,64.91343391625372,35.63,2.0,headache,S079
-81.0,0.95,6.569793682970827,4.48335171563095,64.26340946726648,35.63,2.0,headache,S079
-88.82,0.95,3.4171064822540935,2.2754446069115937,63.52170766938622,35.65,2.0,headache,S079
126.74,0.94,0.6536774445906466,4.361914969149832,64.62181375412786,35.65,2.0,headache,S079
63.93,0.93,6.954786117416446,-19.84076785658755,59.39548636022074,35.65,2.0,headache,S079
149.85,0.93,-15.283435319506069,-10.601750854736773,58.109928412984274,35.65,2.0,headache,S079
113.21,0.93,-14.915449749559532,15.752235524797747,65.88707017780739,35.65,2.0,headache,S079
-195.43,0.94,-17.070710136957853,4.456663647808429,60.01908401586325,35.65,2.0,headache,S079
-105.69,0.95,-16.52719147420617,9.820550803423549,63.742352837596044,35.65,2.0,headache,S079
186.5,0.95,-16.36790725031831,5.964001402270944,60.44472761755293,35.65,2.0,headache,S079
173.08,0.94,-16.425030266183477,9.956195009370063,63.50469732142045,35.66,2.0,headache,S079
-171.8,0.94,-16.987160528645184,5.774464045322519,60.43153344461473,35.66,2.0,headache,S079
-38.37,0.95,-16.305380511546453,10.560770654046177,63.79425093536569,35.66,2.0,headache,S079
-34.44,0.95,-17.448325271753507,4.62626602580337,59.595888633514996,35.66,2.0,headache,S079
6.57,0.95,-17.530501210702198,14.406609321530903,67.30531530318214,35.61,2.0,headache,S079
-25.39,0.94,-21.463791725894577,-10.837110319562896,66.71227716543868,35.61,2.0,headache,S079
4.12,0.95,-5.450927685895735,-23.606072439782114,49.079787179457306,35.61,2.0,headache,S079
0.9,0.95,7.095968876889832,11.708315918782743,65.55140020097713,35.61,2.0,headache,S079
-6.32,0.93,7.975013782073379,-1.6372326716504209,65.37714442329892,35.61,2.0,headache,S079
81.61,0.94,5.302624376547717,1.8530268515344175,64.69223142279175,35.61,2.0,headache,S079
148.9,0.94,8.692250178572806,3.698183812172764,63.56682526365862,35.61,2.0,headache,S079
-509.56,0.93,8.355390084348011,2.510001716780037,64.00515440297447,35.61,2.0,headache,S079
-3.49,0.93,3.6364992791667645,0.5067173428399383,63.93419746424854,35.59,2.0,headache,S079
167.68,0.94,6.43225487960505,2.706962354065665,63.92106396281834,35.59,2.0,headache,S079
83.87,0.94,9.886808316496683,1.0911916983700776,64.64376218269186,35.59,2.0,headache,S079
52.34,0.93,9.716984295636097,1.8827319884135902,63.0915742428865,35.59,2.0,headache,S079
76.26,0.94,8.675418383420515,2.2132986267187817,64.68600155495523,35.63,2.0,headache,S079
-76.23,0.94,6.923817967744335,2.6042477737507554,63.96447918236022,35.63,2.0,headache,S079
-105.35,0.94,6.600756364716822,2.3634026712302316,64.30585665067719,35.63,2.0,headache,S079
-35.92,0.93,6.797459887904985,2.8318109416624306,63.69703663334838,35.63,2.0,headache,S079
174.44,0.94,4.643346204557496,1.6922315712847698,64.57414310801283,35.63,2.0,headache,S079
-46.94,0.94,7.57508392283869,2.8021691367459156,63.64481260752396,35.63,2.0,headache,S079
12.84,0.94,7.569849436492744,1.9611733622863103,64.51768408306103,35.63,2.0,headache,S079
10.93,0.94,5.418659014077175,1.5955247006863973,63.99902707810754,35.63,2.0,headache,S079
10.12,0.94,7.609299090630235,0.9882082057332113,63.4668184686085,35.65,2.0,headache,S079
-3.81,0.94,7.6132795637002335,0.9127868700521686,64.12777928924716,35.65,2.0,headache,S079
26.83,0.93,6.577240931046879,1.785214729850253,65.29493079898094,35.65,2.0,headache,S079
-9.18,0.93,5.13689870760097,1.0038742898345439,63.37651408030603,35.65,2.0,headache,S079
-6.46,0.94,5.503223761745917,0.5865114951223515,64.24786589220626,35.61,2.0,headache,S079
-26.15,0.94,4.664262625389882,1.3348640862510968,64.62208766907116,35.61,2.0,headache,S079
-10.04,0.94,5.552482300097991,0.6674189179944426,64.14769860903377,35.61,2.0,headache,S079
-21.36,0.94,4.055748663308972,0.9180879973167643,64.74430256406218,35.61,2.0,headache,S079
33.42,0.94,5.226567258628592,1.6407605763937152,63.73018874461003,35.63,2.0,headache,S079
-18.29,0.94,6.27232072202342,-0.09455274308582823,64.9769154457478,35.63,2.0,headache,S079
-0.11,0.93,6.387286982751083,-0.1731705683490604,62.85457755098525,35.63,2.0,headache,S079
12.31,0.94,3.62096644646258,1.0130551950950013,65.00934825358303,35.63,2.0,headache,S079
-5.99,0.94,5.920906479977455,0.43089039640351656,63.751523346417976,35.63,2.0,headache,S079
-47.29,0.94,4.1144642452355935,0.8623756301202563,64.5502071452918,35.63,2.0,headache,S079
109.16,0.94,3.8728894475804916,0.33563152751724556,64.21592205178342,35.63,2.0,headache,S079
40.82,0.94,5.771671674262401,1.2057379942468769,64.7140907378395,35.63,2.0,headache,S079
-66.81,0.94,6.371876323611417,0.30250028112272115,64.26239001597081,35.63,2.0,headache,S079
28.36,0.94,8.248171797071915,-1.540835807334779,62.30706405319436,35.63,2.0,headache,S079
-62.21,0.95,4.646276260237638,-0.9370873743093371,65.4886696137762,35.63,2.0,headache,S079
-208.61,0.95,5.901189535635158,2.1044439291868278,63.86627645291201,35.63,2.0,headache,S079
75.77,0.94,4.685066143647523,-0.6568367652360427,63.83508214759659,35.66,2.0,headache,S079
303.32,0.94,2.4278223046226985,-1.3692675831914962,64.76816024026567,35.66,2.0,headache,S079
-29.85,0.94,3.612341511587165,1.932906468416816,64.6783479793264,35.66,2.0,headache,S079
-90.73,0.95,6.966088185094558,4.140848378860285,64.81679573099002,35.66,2.0,headache,S079
-44.08,0.94,3.0753621231811423,-3.2451928543422213,64.36761111813274,35.66,2.0,headache,S079
-22.0,0.94,4.602682671151463,1.5276779360408304,63.41931554514672,35.66,2.0,headache,S079
-65.3,0.95,4.321817247216065,3.075914845013602,65.56033492795098,35.66,2.0,headache,S079
75.88,0.96,2.741832765379686,0.26277172168756546,64.16529269207872,35.66,2.0,headache,S079
-81.62,0.94,5.425382944781971,2.676907959734263,65.29137217927273,35.68,2.0,headache,S079
1.8,0.94,2.271287939781947,-1.042280510483306,62.76850982257588,35.68,2.0,headache,S079
222.73,0.95,4.982859115328742,2.0499888777972806,65.03499131587951,35.68,2.0,headache,S079
-39.3,0.95,6.559776702959998,1.1692765014820838,63.40763097282507,35.68,2.0,headache,S079
-40.5,0.95,5.109075690516614,1.0279368658700094,65.47311164506782,35.65,2.0,headache,S079
-61.33,0.95,4.487495320946835,0.9680956037280793,63.55068622340444,35.65,2.0,headache,S079
-46.14,0.95,4.358772022961394,1.6855925011542094,64.66808713675967,35.65,2.0,headache,S079
25.06,0.95,3.873539206752896,0.3941510103775411,63.70615390864127,35.65,2.0,headache,S079
127.62,0.95,3.6280584651071175,1.699999672954762,64.95210494447528,35.65,2.0,headache,S079
-86.89,0.95,5.9800061775671995,1.6530774459284923,63.97010559433543,35.65,2.0,headache,S079
-7.97,0.95,5.2796847410835985,2.1095803757923073,64.03895207679822,35.65,2.0,headache,S079
-9.82,0.95,5.371557686190374,0.7076135701935489,63.05170160348631,35.65,2.0,headache,S079
62.67,0.96,3.8601629239856305,1.7572565074667823,65.0961250390259,35.63,2.0,headache,S079
-78.81,0.96,2.5441863271429077,0.3977118355664577,64.61577763564841,35.63,2.0,headache,S079
-30.0,0.95,3.5572411806463506,0.5209251336609687,63.31056976042845,35.63,2.0,headache,S079
95.85,0.95,1.7277741280901642,0.6121245267942157,65.41859128917358,35.63,2.0,headache,S079
45.88,0.95,4.8053319291622145,0.8832736579068864,64.3449771602083,35.66,2.0,headache,S079
-88.94,0.95,2.2456953374936464,-0.39530489300268884,64.11510877024642,35.66,2.0,headache,S079
33.82,0.95,2.830241859976784,1.161778401548923,65.84211325621976,35.66,2.0,headache,S079
-48.28,0.95,1.6379380822151848,-0.06916408041124023,64.37756165793762,35.66,2.0,headache,S079
30.24,0.96,8.619196409292238,-3.240773658465624,62.02210619637748,35.66,2.0,headache,S079
30.02,0.94,0.4583156671296568,-18.974854989770435,57.43200272234705,35.66,2.0,headache,S079
19.62,0.93,-14.447299512237999,-14.272442123926814,64.07694952562147,35.66,2.0,headache,S079
48.86,0.94,-10.922914607603483,-0.9857321580754494,68.48675323594239,35.66,2.0,headache,S079
37.69,0.93,-3.9402281974377753,-0.4067556307562515,62.589199985668884,35.66,2.0,headache,S079
-133.91,0.93,-33.33438635964536,-0.38933636236779356,59.97082934554284,35.66,2.0,headache,S079
80.38,0.94,2.4528993775320727,2.5374499657004383,63.13425260052096,35.66,2.0,headache,S079
-332.35,0.94,4.6295890711311385,17.63380794154988,63.55928937936272,35.66,2.0,headache,S079
-200.81,0.95,-19.211363481628485,4.319962660887448,60.96689220223051,35.66,2.0,headache,S079
133.95,0.94,-8.0063464414227,9.37626723867045,64.36342335915229,35.66,2.0,headache,S079
261.78,0.95,-14.834420942019173,4.364459998360724,62.12020631365912,35.66,2.0,headache,S079
331.92,0.95,-11.336926049292709,7.267788582198828,63.84369210500696,35.66,2.0,headache,S079
-103.16,0.95,-13.810069867854493,5.144408463804292,62.39864579270235,35.63,2.0,headache,S079
-106.23,0.94,-11.969207185559046,6.788178492064792,63.54604372126065,35.63,2.0,headache,S079
-35.65,0.95,-13.472720984077267,5.540563174899021,62.503253218229695,35.63,2.0,headache,S079
-6.34,0.95,-12.36355146888414,6.624325826378622,63.45625926358588,35.63,2.0,headache,S079
-15.56,0.94,-13.459666759922627,5.4294584611438585,62.57729605692002,35.65,2.0,headache,S079
-14.0,0.95,-12.580592133855616,6.52938200734745,63.394454758623844,35.65,2.0,headache,S079
2.63,0.95,-13.494691114023846,5.504992319605795,62.62967771704861,35.65,2.0,headache,S079
9.78,0.95,-12.67432508457869,6.46569112816543,63.34944407417067,35.65,2.0,headache,S079
-12.78,0.95,-13.298312279648442,5.5596444731286,62.668815306813116,35.63,2.0,headache,S079
10.27,0.95,-12.72769846979636,6.418226541477303,63.31506642735886,35.63,2.0,headache,S079
-15.25,0.95,-13.249321053811181,5.601278105771427,62.69927694546103,35.63,2.0,headache,S079
-1.86,0.95,-12.770480181036909,6.381392991950059,63.28786878188181,35.63,2.0,headache,S079
6.09,0.95,-13.21349275569862,5.634112003701576,62.7237229978688,35.63,2.0,headache,S079
-7.0,0.95,-12.794890692257013,6.351926791361814,63.26576546448326,35.63,2.0,headache,S079
5.51,0.95,-13.266448620865608,5.660716597404461,62.74381428751778,35.63,2.0,headache,S079
-1.23,0.95,-12.909284508293887,6.327773348526336,63.24741541700779,35.63,2.0,headache,S079
-11.14,0.95,-13.086916106586912,5.6827556359934785,62.76064728823891,35.59,2.0,headache,S079
15.35,0.95,-13.022349103617916,6.307569480189142,63.231911938795974,35.59,2.0,headache,S079
-4.29,0.95,-13.289618010347546,5.70135821909319,62.77497959714344,35.59,2.0,headache,S079
-10.18,0.95,-12.820247695064161,6.290370368190035,63.218615857229025,35.59,2.0,headache,S079
13.4,0.96,-13.268869599786012,5.717322791246049,62.7873554745645,35.61,2.0,headache,S079
-0.19,0.96,-12.879147806524905,6.2754946254183235,63.2070595174039,35.61,2.0,headache,S079
-12.64,0.95,-13.113879137844751,5.731236741438349,62.79818046510117,35.61,2.0,headache,S079
12.51,0.95,-12.893813192855372,6.262430362303097,63.196887784483046,35.61,2.0,headache,S079
5.45,0.95,-13.09914911306716,5.743551676614044,62.80776896982921,35.59,2.0,headache,S079
-15.92,0.96,-12.907212907591921,6.250773299671842,63.187818723431576,35.59,2.0,headache,S079
2.51,0.96,-13.08701827212628,5.754636131615603,62.8163778553571,35.59,2.0,headache,S079
9.24,0.95,-12.918251040471887,6.240179545645956,63.179613474175575,35.59,2.0,headache,S079
-14.9,0.96,-13.076764604254873,5.764821026348893,62.82423532483587,35.59,2.0,headache,S079
-6.67,0.96,-12.929495964882328,6.230317436978743,63.172045996274434,35.59,2.0,headache,S079
18.22,0.96,-13.205688848209695,5.774456910214162,62.83157624723456,35.59,2.0,headache,S079
0.52,0.95,-13.041050119539301,6.220790669705876,63.16485672709561,35.59,2.0,headache,S079
-7.3,0.96,-13.096683550523077,5.784029929178731,62.83871018203847,35.59,2.0,headache,S079
8.41,0.96,-13.056898748151472,6.210943594381121,63.15764182981758,35.59,2.0,headache,S079
-5.34,0.95,-13.135684478118042,5.794524410743582,62.846220409313645,35.59,2.0,headache,S079
-16.03,0.96,-12.992808839499478,6.199104598021364,63.14945595813543,35.59,2.0,headache,S079
12.39,0.96,-13.321676020077877,5.809251514932394,62.85586572918804,35.59,2.0,headache,S079
-4.7,0.96,-13.16363265472606,6.177020629426662,63.136346964312665,35.59,2.0,headache,S079
-9.58,0.95,-13.212427243734448,5.862536568424562,62.88003735536839,35.59,2.0,headache,S079
11.66,0.96,-13.275282649073713,6.237948737333988,62.975583013974514,35.59,2.0,headache,S079
-3.1,0.96,-12.569419507714757,5.98958737487983,62.864564879893315,35.59,2.0,headache,S079
-11.46,0.95,-12.755629356080451,6.5829014666584795,63.17062602702919,35.59,2.0,headache,S079
13.79,0.95,-13.13554346454675,5.912516178487827,62.84048009944749,35.59,2.0,headache,S079
-13.02,0.96,-12.903718084719015,6.159677624801271,63.153471533741595,35.59,2.0,headache,S079
-10.39,0.96,-13.077550970121184,5.910947857602222,62.85072613236643,35.61,2.0,headache,S079
20.94,0.95,-12.93381443372912,6.257315073739087,63.145970659663284,35.61,2.0,headache,S079
-3.89,0.96,-13.058334449535815,5.918717789407785,62.85682426126123,35.61,2.0,headache,S079
-5.21,0.96,-12.947538091045596,6.170196797274959,63.14070129836612,35.61,2.0,headache,S079
19.14,0.96,-13.047813432021403,5.827461933375101,62.86155668199679,35.59,2.0,headache,S079
-11.05,0.95,-12.956283955084249,6.172375562272324,63.13633801581784,35.59,2.0,headache,S079
-3.24,0.96,-13.035863975656167,5.8206383569085975,62.86565729901021,35.59,2.0,headache,S079
21.58,0.97,-12.760293901231579,6.336819696055221,63.132426361261004,35.59,2.0,headache,S079
0.16,0.96,-12.978832926222873,6.063158168934629,62.869435424746165,35.57,2.0,headache,S079
-18.65,0.96,-12.98774172467913,6.340364601084157,63.12873649789257,35.57,2.0,headache,S079
15.57,0.96,-12.766211975911695,6.215548239136534,62.87307710900079,35.57,2.0,headache,S079
4.11,0.96,-12.984768241222124,6.3970658427083285,63.12510470835114,35.57,2.0,headache,S079
-7.32,0.96,-13.01387690707674,6.0045294536026015,62.87673795052925,35.57,2.0,headache,S079
6.92,0.96,-12.986145536681448,6.212330630042355,63.121373637496475,35.57,2.0,headache,S079
12.31,0.97,-13.015329514477965,5.791968392716397,62.88058219327651,35.57,2.0,headache,S079
-15.59,0.96,-12.70832765572763,6.325538187048055,63.11737887115603,35.57,2.0,headache,S079
-4.23,0.96,-13.332720695869604,5.876886363374054,62.884725130331155,35.59,2.0,headache,S079
21.45,0.96,-13.321792277815582,6.059251413500553,63.113286520683616,35.59,2.0,headache,S079
-0.35,0.96,-12.698083631926254,6.234827319860644,62.88744587704744,35.59,2.0,headache,S079
-17.81,0.96,-13.634770878012853,5.952725654536406,63.125552964713,35.59,2.0,headache,S079
18.26,0.96,-12.287193469897902,6.578318446015028,63.09765407387052,35.55,2.0,headache,S079
-4.73,0.96,-12.496128433272569,6.806584234738776,63.12738435273572,35.55,2.0,headache,S079
-15.01,0.96,-13.020134961949585,6.218459481372723,62.9723409721973,35.55,2.0,headache,S079
-5.06,0.96,-12.618776458689622,6.71493825849591,63.17182904617466,35.55,2.0,headache,S079
-6.27,0.97,-13.441111519102868,5.9252377111190215,62.97258679972711,35.55,2.0,headache,S079
5.77,0.97,-12.438507852212368,6.4274606739287945,63.173596059778404,35.55,2.0,headache,S079
3.37,0.96,-13.005939938955565,6.971651357443886,62.8537025963523,35.55,2.0,headache,S079
10.21,0.96,-14.870808414628536,6.378239366830835,63.305043295081894,35.55,2.0,headache,S079
-0.32,0.96,-12.615777181498188,6.807930846584032,62.99981356632889,35.57,2.0,headache,S079
-24.17,0.96,-14.125651999534242,6.904039705764173,63.01307268089469,35.57,2.0,headache,S079
23.11,0.96,-13.30990040407072,6.605908538094556,62.884878277790236,35.57,2.0,headache,S079
-0.12,0.99,-14.455604363450481,6.846510874773381,63.14830507226653,35.57,2.0,headache,S079
-21.6,0.97,-13.514059401446428,6.172599131324643,62.73274645927467,35.55,2.0,headache,S079
19.14,0.97,-14.524136570154296,6.609040866829641,63.19938374265596,35.55,2.0,headache,S079
0.51,0.97,-13.707289793642124,6.112167666401584,62.77548174285832,35.55,2.0,headache,S079
-8.81,0.97,-13.970289676521942,6.782930894434543,63.05617072207069,35.55,2.0,headache,S079
5.54,0.97,-13.096240119177454,6.630047097450221,62.88762929640391,35.55,2.0,headache,S079
-3.98,0.96,-13.509787026524,7.057521191323326,63.12087640079565,35.55,2.0,headache,S079
-18.11,0.96,-12.864693613290102,6.962976281450009,62.872268644418334,35.55,2.0,headache,S079
7.4,0.97,-14.37776675548775,6.965027070806088,63.25250719548722,35.55,2.0,headache,S079
-10.4,0.97,-13.409694585733718,5.319598463817028,62.7174566041406,35.55,2.0,headache,S079
-6.6,0.96,-14.29343591086505,6.775470470273036,62.83764677560767,35.55,2.0,headache,S079
29.22,0.97,-13.583270862293311,5.906874542714055,62.79964442169827,35.55,2.0,headache,S079
11.45,0.97,-13.456461706615453,7.327043311360305,63.36007881910142,35.55,2.0,headache,S079
-12.32,0.97,-13.257854021235948,7.150942000025653,62.824136948542154,35.55,2.0,headache,S079
8.18,0.96,-13.735701090409325,7.720085372862308,62.799248972454514,35.55,2.0,headache,S079
-13.42,0.97,-13.73142127281776,6.83854478232782,62.84982399945526,35.55,2.0,headache,S079
-21.69,0.97,-14.231318988438325,6.007248580242438,62.81053891173311,35.55,2.0,headache,S079
31.18,0.97,-13.51661206983598,7.51452946789075,62.664641518666734,35.55,2.0,headache,S079
12.06,0.96,-12.31355993022205,7.718024226801714,63.15682566624039,35.55,2.0,headache,S079
-15.07,0.97,-9.26114548000718,7.751412681360268,63.33075021033858,35.55,2.0,headache,S079
-5.42,0.97,-9.598610969246028,10.114193861344411,63.44498185106587,35.55,2.0,headache,S079
-12.44,0.96,-14.155625285417807,6.348713051120675,61.96266736340087,35.55,2.0,headache,S079
-59.9,0.96,4.039413328852332,13.028230708078592,61.999864392342865,35.55,2.0,headache,S079
-14.6,0.97,16.823918012133372,14.323858305177577,61.74353598434541,35.55,2.0,headache,S079
70.43,0.97,-4.751104050512405,16.321323947201787,61.47348961541192,35.55,2.0,headache,S079
-26.18,0.97,1.4427937777556628,15.319569586840256,62.526509066404664,35.53,2.0,headache,S079
10.62,0.98,-5.695180621510399,15.936553963814609,61.03903157064138,35.53,2.0,headache,S079
262.14,0.98,-15.226809336668195,17.718567136118395,60.24282815425145,35.53,2.0,headache,S079
13.38,0.97,-11.992050054083936,15.82259763248295,61.35812485864325,35.53,2.0,headache,S079
-87.56,0.98,-15.636256389125935,16.39904848034897,60.80321134300102,35.53,2.0,headache,S079
-91.25,0.98,-15.26153491456751,14.753834142343791,60.56027814812329,35.53,2.0,headache,S079
-56.93,0.98,-19.22995960910068,16.47726817422965,59.38504905222868,35.53,2.0,headache,S079
-8.74,0.98,-18.395472457608715,16.16189240679866,59.880013805754565,35.53,2.0,headache,S079
-6.79,0.98,-20.22423739881052,15.214164044362084,59.567841805637165,35.5,2.0,headache,S079
-124.13,0.98,-18.426679871508508,15.41716114028461,60.19679570072901,35.5,2.0,headache,S079
37.66,0.98,-19.614763695272874,14.989434901392746,59.789571869575205,35.5,2.0,headache,S079
119.27,0.98,-18.830670741088184,15.620101052376452,60.35852689096367,35.5,2.0,headache,S079
6.07,0.98,-20.510173852634175,14.819690572225854,59.56479811497013,35.5,2.0,headache,S079
-16.32,0.98,-19.159103796768207,15.689294396798779,59.81862079544576,35.5,2.0,headache,S079
-38.53,0.98,-19.8620472735637,15.755238148289648,59.680590457153,35.5,2.0,headache,S079
-43.71,0.98,-18.457897473317306,17.223019939632646,59.904312567374156,35.5,2.0,headache,S079
-34.31,0.99,-20.806018136913806,15.60137335791826,59.05709184708384,35.49,2.0,headache,S079
69.36,0.98,-19.146176539741752,13.070706948587533,60.50715428526678,35.49,2.0,headache,S079
0.14,0.98,-20.455526545876467,16.271009032729175,59.416340541925436,35.49,2.0,headache,S079
32.91,0.98,-19.340333216515788,14.69144919733769,60.17232651831973,35.49,2.0,headache,S079
16.04,0.99,-15.65878789981889,17.679198618006073,59.97272184737443,35.49,2.0,headache,S079
-10.29,0.99,-18.03010834999291,15.611700636621421,60.380948900490935,35.49,2.0,headache,S079
-31.76,0.98,-20.888281529563898,14.218411099500676,59.6383068168878,35.49,2.0,headache,S079
-91.25,0.99,-20.062814897296054,14.238903707043303,60.12656504071664,35.49,2.0,headache,S079
15.66,0.99,-21.07736933384893,15.339416753294826,59.37724185727489,35.47,2.0,headache,S079
128.31,0.98,-20.2772372633923,14.06446422521795,59.92653392667063,35.47,2.0,headache,S079
54.55,0.98,-21.80336216531006,13.330631666277242,59.70969237070473,35.47,2.0,headache,S079
-23.43,0.98,-20.83163841152167,10.402980728068636,60.90668377644013,35.47,2.0,headache,S079
-7.33,0.98,-21.336112085689333,15.49363524796714,58.76570877415707,35.45,2.0,headache,S079
2.05,0.99,-22.30136593339615,13.22586616059019,59.43693053206541,35.45,2.0,headache,S079
-34.58,0.98,-22.07881878464967,13.970251105446607,59.01083706981237,35.45,2.0,headache,S079
-39.14,0.98,-21.930847453189916,13.739845996689878,59.50967345742604,35.45,2.0,headache,S079
52.03,0.99,-22.438860933831283,13.883181486814916,59.32180188492858,35.45,2.0,headache,S079
-26.11,0.98,-20.061604031378685,13.6363596275485,60.029138511273494,35.45,2.0,headache,S079
-1.2,0.98,-20.915162785239623,12.789608281127236,59.917039622764484,35.45,2.0,headache,S079
-8.62,0.98,-22.262557135156815,13.56346898960149,59.59179530183485,35.45,2.0,headache,S079
6.13,0.99,-22.713865876431722,12.87184396749224,59.30445650578631,35.45,2.0,headache,S079
-41.17,0.98,-23.00231861467316,12.626056916518245,59.842260435896506,35.45,2.0,headache,S079
65.69,0.99,-21.689611943707018,11.749263243889677,59.48233044308464,35.45,2.0,headache,S079
41.75,0.99,-21.79222766102219,13.970508162936849,60.0730008520692,35.45,2.0,headache,S079
-37.17,0.99,-23.689076986237552,12.585179779729756,58.9611418546597,35.45,2.0,headache,S079
-11.56,0.98,-22.245508662411122,13.321500209386556,59.56835775859809,35.45,2.0,headache,S079
-24.42,0.99,-22.999692763281693,13.074887453340349,59.10288414027315,35.45,2.0,headache,S079
-34.6,0.99,-22.7342727919493,12.956256126825206,59.43184238135359,35.45,2.0,headache,S079
27.25,0.98,-23.392754168535973,12.780422552967195,58.96054630473298,35.39,2.0,headache,S079
14.46,0.98,-22.899825882397323,12.65073819001671,59.62273200069699,35.39,2.0,headache,S079
-6.19,0.99,-22.94294852147906,12.931083802345082,59.06394542216395,35.39,2.0,headache,S079
2.24,0.99,-22.67813451534604,13.256007452508243,59.412947535474515,35.39,2.0,headache,S079
1.7,0.99,-23.01371579977701,12.972520058236002,58.711013672283755,35.43,2.0,headache,S079
-21.1,0.99,-22.836286296787982,13.135176442972005,59.49008185231714,35.43,2.0,headache,S079
24.17,0.99,-23.229920446665474,12.782136659072684,58.79456188075035,35.43,2.0,headache,S079
-10.86,0.99,-22.722119351906827,13.185492365990783,59.27948928672069,35.43,2.0,headache,S079
0.54,0.99,-23.315850651101922,12.825411636317472,58.80042535162927,35.43,2.0,headache,S079
8.84,0.99,-22.737586268666746,13.170562553143762,59.38557158400001,35.43,2.0,headache,S079
-3.77,0.99,-23.45623278907248,12.830106329700678,58.74437112994441,35.43,2.0,headache,S079
-8.78,0.99,-22.504563351337772,13.171271988993766,59.385758560249926,35.43,2.0,headache,S079
20.49,0.98,-23.552176219716323,12.825919597331904,58.73525273954407,35.43,2.0,headache,S079
-22.77,0.99,-22.379045665143526,13.17774138845776,59.649019184843226,35.43,2.0,headache,S079
9.82,0.99,-23.703977031425996,12.819666964641277,58.7023976410258,35.43,2.0,headache,S079
6.74,0.99,-22.194047072742336,13.16556768557782,59.51178155209422,35.43,2.0,headache,S079
-4.67,0.99,-23.934534993086377,12.659518298352127,58.700076963785456,35.41,2.0,headache,S079
-9.57,0.99,-21.897604649349795,13.292187387728818,60.16019619631328,35.41,2.0,headache,S079
23.85,0.99,-24.33209165524001,12.666392170867416,58.78320890969096,35.41,2.0,headache,S079
-22.79,0.99,-21.331338972922826,13.424789949436793,60.030389565980464,35.41,2.0,headache,S079
4.47,0.99,-25.22140330739574,12.36964332305014,57.86628433371931,35.39,2.0,headache,S079
8.37,0.99,-19.464905276013695,14.334065419032786,60.94805661892374,35.39,2.0,headache,S079
12.46,0.99,-31.272817271242236,8.530713988817896,57.02536348454474,35.39,2.0,headache,S079
-23.06,0.99,-16.72740175652165,4.3825261103925905,60.11604412296788,35.39,2.0,headache,S079
23.14,0.99,-0.1743368766496294,5.777473549879312,64.29287702076022,35.37,2.0,headache,S079
-65.7,0.99,-15.812925467124495,4.435956603240388,62.991927890847286,35.37,2.0,headache,S079
-82.53,0.98,-11.521005003609913,7.420481387285466,62.54096162158236,35.37,2.0,headache,S079
-14.77,0.98,-21.987361282441878,-10.724537150427198,64.38503280037035,35.37,2.0,headache,S079
37.1,0.98,-17.830097670907143,-13.710112392843767,57.25144825511563,35.39,2.0,headache,S079
80.97,0.94,-35.38033193852927,-4.58148589407636,55.63075403585493,35.39,2.0,headache,S079
65.05,0.97,-34.530344406569384,-11.399207636758879,54.95790073812474,35.39,2.0,headache,S079
60.67,0.96,-38.063812397483076,-10.691159919238572,55.866416743736686,35.39,2.0,headache,S079
-38.01,0.95,-42.34566853275138,-9.773152856078342,47.27632953875992,35.41,2.0,headache,S079
-24.16,0.95,-53.02367940005212,-9.184571584739947,38.98139540461923,35.41,2.0,headache,S079
-192.36,0.96,-45.46693968557985,-13.504242752070198,46.73877547830576,35.41,2.0,headache,S079
153.47,0.96,-44.87252693337858,-10.866794665289387,47.939687271521066,35.41,2.0,headache,S079
47.83,0.95,-42.08218041052483,-12.114673648583981,49.501617705152626,35.47,2.0,headache,S079
-106.66,0.94,-43.60845825985812,-10.753275463503025,49.13359738443917,35.47,2.0,headache,S079
-43.91,0.95,-41.864010784015456,-12.035999821132357,49.32332899246526,35.47,2.0,headache,S079
9.5,0.95,-42.85300084265373,-10.374569531276093,50.12003061938068,35.47,2.0,headache,S079
69.17,0.95,-41.32493469536365,-11.604056843740732,49.861607587045164,35.5,2.0,headache,S079
38.27,0.94,-42.82556661562921,-10.736103270737617,49.729213291457825,35.5,2.0,headache,S079
2.63,0.95,-40.64967358249105,-11.82410366157745,50.457749160018146,35.5,2.0,headache,S079
74.18,0.95,-41.63950843239317,-10.918351521553602,50.932486083917404,35.5,2.0,headache,S079
18.57,0.94,-40.02302804149927,-11.90027948732975,51.09038049728607,35.53,2.0,headache,S079
-53.52,0.94,-41.01338594020224,-10.302898832215574,51.626428891395825,35.53,2.0,headache,S079
-4.37,0.95,-39.42912494788026,-11.657842167264072,51.38860358790304,35.53,2.0,headache,S079
26.6,0.94,-40.90686738691505,-10.411346238859856,51.4643316749212,35.53,2.0,headache,S079
-13.16,0.94,-39.46480385753607,-11.744171716217206,51.59266744784127,35.53,2.0,headache,S079
-3.86,0.94,-40.30439898723195,-10.412296575870153,52.01800137474433,35.53,2.0,headache,S079
33.16,0.95,-38.84962083825341,-11.632536547027806,51.973923133859415,35.53,2.0,headache,S079
-14.74,0.94,-39.98540570955289,-10.35271365047136,52.286703885480875,35.53,2.0,headache,S079
-19.58,0.94,-37.08892420441362,-11.924001602818022,52.495117980580076,35.5,2.0,headache,S079
8.2,0.94,-38.36392245110884,-10.548966807096601,53.434955156019946,35.5,2.0,headache,S079
20.8,0.95,-35.809902082957876,-11.940553899279944,53.38306908733281,35.5,2.0,headache,S079
-36.46,0.94,-38.05201549412625,-10.104011481304566,54.09069916498837,35.5,2.0,headache,S079
-32.72,0.94,-34.42346225478314,-11.86499569495038,54.08907338352863,35.53,2.0,headache,S079
3.57,0.94,-38.551903699548866,-8.118542513636353,55.29083668734135,35.53,2.0,headache,S079
27.37,0.94,-34.12987085636534,-12.373713393050116,52.63245049734928,35.53,2.0,headache,S079
-18.59,0.94,-31.166415784931036,-1.250449527695531,63.61905975916175,35.53,2.0,headache,S079
46.35,0.95,-16.670798360510666,-17.681721689174015,50.41925946090301,35.53,2.0,headache,S079
49.95,0.95,10.7482035276591,3.971132920724417,62.32553761574961,35.53,2.0,headache,S079
76.69,0.95,11.816722350741674,17.98985925902531,64.9810215132601,35.53,2.0,headache,S079
-114.55,1.0,-9.564136257590729,16.73216780557039,62.53208911433844,35.53,2.0,headache,S079
-185.23,0.98,-13.484472400351219,18.802715973286766,61.76341225935085,35.53,2.0,headache,S079
-42.59,0.97,-20.704882173521987,13.512794542749974,59.359280298723,35.53,2.0,headache,S079
148.3,0.96,-13.706306462350165,18.499896038052427,61.239981185653804,35.53,2.0,headache,S079
9.5,0.96,-5.75365633230256,11.851903908219889,62.63616747844507,35.53,2.0,headache,S079
28.0,0.97,-11.921566988630925,5.194028024477946,63.16880549886573,35.53,2.0,headache,S079
34.27,0.97,-20.536707815082693,14.08672555489738,60.71921664389549,35.53,2.0,headache,S079
-17.29,0.97,-27.574079112806185,11.203059386769537,57.76982085047607,35.53,2.0,headache,S079
-29.69,0.97,-12.931851919573147,10.352901241830317,59.38287748281614,35.53,2.0,headache,S079
81.71,0.98,-5.150683244159774,10.017855516173285,65.49637060681339,35.55,2.0,headache,S079
-12.7,0.97,-6.539866489596201,28.498594472554316,60.35831232179585,35.55,2.0,headache,S079
-8.64,0.95,-15.70540905692658,13.677375816857271,58.93700629942663,35.55,2.0,headache,S079
-251.13,0.96,-10.588208210957841,5.394116458364883,61.84654970568676,35.55,2.0,headache,S079
-140.02,0.97,-22.848459595062135,10.54498622553407,61.558631578897646,35.55,2.0,headache,S079
160.92,0.97,-20.619648532016022,3.828809198282373,61.398433233339766,35.55,2.0,headache,S079
48.05,0.97,-15.518371977349087,7.794968853965564,62.27243350204296,35.55,2.0,headache,S079
179.3,0.97,-21.595223409018235,4.505302991714736,61.74075237105094,35.55,2.0,headache,S079
-24.56,0.97,-18.798285407125285,5.421487879331571,61.667317412056164,35.55,2.0,headache,S079
-79.75,0.97,-22.04537640551636,6.4232612354358904,61.062746476062664,35.55,2.0,headache,S079
-32.53,0.98,-20.46216171578156,6.032255587646501,61.451827617859955,35.55,2.0,headache,S079
115.81,0.98,-22.072180157234367,5.765241385515922,60.831579737187056,35.55,2.0,headache,S079
-64.7,0.97,-19.894556328139394,6.111238440067741,61.4700046284549,35.53,2.0,headache,S079
-15.78,0.97,-21.892833935277658,5.032249748740755,60.76951896490384,35.53,2.0,headache,S079
-8.9,0.97,-20.609012270229833,6.120615414459655,61.39137213230389,35.53,2.0,headache,S079
2.04,0.97,-21.928511299177064,6.401137312385161,60.67445604329386,35.53,2.0,headache,S079
-22.25,0.97,-19.85941219922399,5.3151529782668465,61.514319107462555,35.55,2.0,headache,S079
38.58,0.97,-22.08636425631719,7.151726223103913,60.16377896854631,35.55,2.0,headache,S079
-13.99,0.97,-20.15236922897973,3.6806584544683196,63.31887695218859,35.55,2.0,headache,S079
34.98,0.97,-15.79838088450739,16.862266625692044,64.7731052890374,35.55,2.0,headache,S079
-7.84,0.98,11.161764701978393,18.966629792273583,58.97890915020395,35.55,2.0,headache,S079
-17.08,0.98,-19.396511521701676,-2.086822595448556,59.554838532494124,35.55,2.0,headache,S079
28.72,0.98,-37.32664194632795,-16.111489408899782,48.234697069917004,35.55,2.0,headache,S079
-31.66,0.98,-21.926254121029686,-4.83709025181751,65.30712873267188,35.55,2.0,headache,S079
38.15,0.95,-28.704488621516226,-1.2751896259464597,59.2732325575914,35.53,2.0,headache,S079
234.4,0.95,-26.990608595979328,-7.359091216103231,58.79819584181154,35.53,2.0,headache,S079
182.6,0.94,-27.92236275046179,-2.9626199406080644,59.28103287400675,35.53,2.0,headache,S079
-262.8,0.95,-26.241360292589615,-6.436342814517572,59.31523713904304,35.53,2.0,headache,S079
-282.36,0.95,-27.321435093652376,-3.782112275889837,59.8840801254455,35.53,2.0,headache,S079
-53.83,0.95,-26.82153078451848,-6.089469886759731,59.680281381609475,35.53,2.0,headache,S079
65.53,0.95,-26.834843562874244,-3.9742457799402446,59.55475553030793,35.53,2.0,headache,S079
31.78,0.95,-33.006069118103376,-7.092794957595311,56.26470192278232,35.53,2.0,headache,S079
0.94,0.95,-31.733096060151624,-2.579173116608185,58.350897438230035,35.53,2.0,headache,S079
33.99,0.94,-27.1096976796838,-3.5717232189125743,59.695251594028996,35.53,2.0,headache,S079
-6.35,0.94,-26.209976372536453,-3.356558086987604,59.64163643065258,35.53,2.0,headache,S079
-18.19,0.95,-26.323240646031845,-4.522078635887812,60.190444696747306,35.53,2.0,headache,S079
-27.08,0.95,-26.115349773659823,-2.7705277035041087,59.87494512723427,35.55,2.0,headache,S079
25.91,0.94,-26.036851766194015,-3.9641493802248777,60.00369738869716,35.55,2.0,headache,S079
-77.05,0.95,-26.208379245635744,-3.5031414448663543,59.86181072189633,35.55,2.0,headache,S079
87.33,0.95,-25.791090818358473,-4.076918257844175,60.031609043843325,35.55,2.0,headache,S079
27.45,0.94,-26.23319576342065,-3.4460503447208075,60.096383317325596,35.55,2.0,headache,S079
5.24,0.94,-24.93983051956935,-3.847744318287374,60.156188804476365,35.55,2.0,headache,S079
11.65,0.95,-25.860967219133006,-3.701383020478052,60.016132439781394,35.55,2.0,headache,S079
16.62,0.95,-24.844879622636807,-4.36838914350573,60.246374071759135,35.55,2.0,headache,S079
-18.37,0.94,-25.134377780316246,-3.6573731709126043,60.240390236802284,35.53,2.0,headache,S079
23.03,0.95,-24.76771906598573,-4.322033729503678,60.66977918734297,35.53,2.0,headache,S079
2.73,0.98,-25.108841667282263,-3.705076186697653,60.25316322088711,35.53,2.0,headache,S079
-5.46,0.95,-24.983159734528382,-4.212650065892053,60.38085839274976,35.53,2.0,headache,S079
-18.13,0.94,-25.006125435334713,-3.481009236029983,60.309930490764884,35.53,2.0,headache,S079
25.93,0.95,-24.847519850191883,-4.355086322360863,60.166663510637164,35.53,2.0,headache,S079
-15.78,0.95,-25.238425179796973,-3.1907825216455024,60.260880060374284,35.53,2.0,headache,S079
-17.21,0.94,-24.87553352178914,-4.218167432002251,60.393488621261746,35.53,2.0,headache,S079
16.24,0.95,-24.975432798710973,-3.8196630031735697,60.30183602665319,35.55,2.0,headache,S079
1.62,0.95,-24.46904152399188,-4.230050582108465,60.53074734995327,35.55,2.0,headache,S079
-18.83,0.95,-24.99641064500582,-3.7628520864805655,60.734717702297495,35.55,2.0,headache,S079
32.81,0.95,-24.76604721550426,-4.236680085598744,60.806107898733615,35.55,2.0,headache,S079
-14.44,0.95,-24.82278799483622,-3.7662910349585434,60.7827716537845,35.53,2.0,headache,S079
-9.85,0.95,-24.867083203885887,-4.229733021076577,60.4599066030179,35.53,2.0,headache,S079
2.13,0.94,-25.018465303300257,-3.774661415680595,60.508999907201975,35.53,2.0,headache,S079
2.76,0.95,-24.835136543988103,-4.2207930624663215,60.37683739122189,35.53,2.0,headache,S079
-16.67,0.95,-25.111599439880155,-3.7837697578063247,60.29662651944019,35.53,2.0,headache,S079
17.69,0.94,-24.912509859704485,-4.211720798514175,60.11225415056866,35.53,2.0,headache,S079
-6.77,0.94,-24.999608224920465,-3.792697037365005,60.559624251823216,35.53,2.0,headache,S079
-6.01,0.95,-24.84815329616975,-4.202997227008,60.49688977822655,35.53,2.0,headache,S079
4.92,0.95,-24.97286010731536,-3.8011860592626503,60.69551458626315,35.55,2.0,headache,S079
6.82,0.95,-24.7113583634432,-4.1947574687234646,60.42578288996781,35.55,2.0,headache,S079
-17.86,0.95,-24.796573230296026,-3.809171421773085,60.29688427756871,35.55,2.0,headache,S079
14.01,0.95,-24.580375503129385,-4.187025861355232,60.75739355200023,35.55,2.0,headache,S079
-3.2,0.95,-24.7791006245155,-3.816653390079775,60.71191294277188,35.53,2.0,headache,S079
-12.82,0.95,-24.613751253172996,-4.179787367976509,60.56026310307792,35.53,2.0,headache,S079
4.09,0.95,-24.874055652761918,-3.8236557107541365,60.54046634446508,35.53,2.0,headache,S079
18.79,0.95,-24.680531496334808,-4.173013374061646,60.08026929197983,35.53,2.0,headache,S079
-20.99,0.95,-25.05248404668599,-3.8302093687036125,60.354969110113124,35.55,2.0,headache,S079
7.0,0.94,-24.68214989664089,-4.166672194144593,60.569337661871884,35.55,2.0,headache,S079
8.1,0.95,-24.756339105682283,-3.8363455908632464,60.54550147166426,35.55,2.0,headache,S079
-6.91,0.95,-24.87930891792607,-4.160733912518277,60.51929812130032,35.55,2.0,headache,S079
-4.78,0.95,-24.759999809179554,-3.8420922942893676,60.62960982887033,35.55,2.0,headache,S079
17.93,0.95,-24.585419313686778,-4.15517324138746,60.51285194236006,35.55,2.0,headache,S079
-17.61,0.95,-24.634682451151722,-3.8474714662113296,60.29899064040277,35.55,2.0,headache,S079
2.41,0.94,-24.40334291986248,-4.149972311977656,60.77202196365328,35.55,2.0,headache,S079
9.59,0.94,-24.35897027133784,-3.852495755439934,60.578799119464186,35.55,2.0,headache,S079
-8.5,0.95,-24.11013695985899,-4.1451252825413745,60.64132178123045,35.55,2.0,headache,S079
-9.86,0.95,-24.535766262566696,-3.857161799051733,60.4303110403839,35.55,2.0,headache,S079
23.65,0.95,-24.37375371501673,-4.140648485380375,60.4299632221489,35.55,2.0,headache,S079
-15.21,0.95,-24.38877621822553,-3.8614341579460736,60.81355699043048,35.55,2.0,headache,S079
-5.1,0.95,-24.587412636303725,-4.1366068926809945,60.69644854169836,35.55,2.0,headache,S079
14.68,0.95,-24.147825566760286,-3.865199738350515,60.67703036633007,35.55,2.0,headache,S079
3.41,0.95,-24.467785256009538,-4.133196865155647,60.89213208336975,35.55,2.0,headache,S079
-20.16,0.95,-24.52651674549707,-3.8681073916106166,60.743816066206364,35.57,2.0,headache,S079
17.83,0.95,-24.760825498136843,-4.131084423284917,60.356619741848306,35.57,2.0,headache,S079
3.52,0.94,-24.593014522961962,-3.868768542481922,60.81087880581252,35.57,2.0,headache,S079
-11.94,0.95,-24.936009090856786,-4.133633628552916,60.44415514349744,35.57,2.0,headache,S079
-2.47,0.95,-24.338640848032647,-3.856601792590954,60.85165305201782,35.55,2.0,headache,S079
20.29,0.95,-25.67633724675037,-4.138880242168509,59.83166326517504,35.55,2.0,headache,S079
-13.0,0.95,-33.9258682143232,-4.647678388624749,56.30777771672672,35.55,2.0,headache,S079
2.0,0.95,-27.319959165417014,-4.359651352751266,59.321614489070335,35.55,2.0,headache,S079
12.33,0.95,-26.130455930128097,-3.86906373492815,60.01188382042577,35.55,2.0,headache,S079
12.48,0.94,-25.98308894115614,-4.1172589468104,60.03134339760791,35.55,2.0,headache,S079
-99.16,0.95,-26.052910808626795,-3.887801186451534,59.956698144992,35.55,2.0,headache,S079
14.93,0.95,-25.940357399994365,-4.109194910565757,60.047948622830795,35.55,2.0,headache,S079
67.65,0.95,-26.168498473395296,-3.8930697358767223,59.94958350926023,35.53,2.0,headache,S079
-7.17,0.94,-26.06854806254894,-4.104999954442561,60.05268884028614,35.53,2.0,headache,S079
-0.41,0.95,-26.06573916346404,-3.8967528461940373,59.94216024504116,35.53,2.0,headache,S079
13.87,0.95,-26.146173716878547,-4.101601195399079,59.92466022723122,35.53,2.0,headache,S079
-11.62,0.94,-26.13843444450954,-3.899973485477244,59.95939415838343,35.55,2.0,headache,S079
-8.5,0.95,-25.885240121973034,-4.098503575598423,60.044540693974966,35.55,2.0,headache,S079
12.96,0.95,-26.153711427504593,-3.9029791778524197,59.954088444662226,35.55,2.0,headache,S079
0.98,0.94,-26.144825456524927,-4.095570948415875,60.046604707098716,35.55,2.0,headache,S079
-15.41,0.94,-26.027242488770494,-3.90585095900914,59.95298511787361,35.57,2.0,headache,S079
9.63,0.95,-25.96182054393003,-4.092751595423229,60.04726920275812,35.57,2.0,headache,S079
1.45,0.95,-26.040131354314873,-3.9086240307867026,59.952587843520625,35.57,2.0,headache,S079
-15.41,0.94,-25.961690258794913,-4.090020064240115,60.04745123363351,35.57,2.0,headache,S079
2.27,0.98,-26.030491030531113,-3.9113178646652846,59.95263137881237,35.57,2.0,headache,S079
14.09,0.95,-26.069517990542113,-4.087360670887683,60.047118529148335,35.57,2.0,headache,S079
-14.73,0.94,-26.076125777873642,-3.913945684055901,59.95338976501115,35.57,2.0,headache,S079
-2.82,0.95,-25.93274117481202,-4.084761821053011,60.045661618421306,35.57,2.0,headache,S079
11.02,0.95,-26.11428708960016,-3.9165179929185894,59.956135238700455,35.55,2.0,headache,S079
-4.39,0.95,-26.095099067750652,-4.082213740090518,60.040099073269346,35.55,2.0,headache,S079
-13.82,0.95,-26.09831013206887,-3.9190440873873835,59.9701970699941,35.55,2.0,headache,S079
15.48,0.95,-25.98306519377129,-4.079707428987884,59.94851107674623,35.55,2.0,headache,S079
2.5,0.95,-26.164292331900793,-3.9215328067845916,59.89738051211727,35.55,2.0,headache,S079
-11.11,0.94,-25.917146780142645,-4.077234098254061,60.0756029820527,35.55,2.0,headache,S079
2.77,0.94,-26.071867350093072,-3.9239929840002206,59.93091474121114,35.55,2.0,headache,S079
10.14,0.95,-25.930798688120262,-4.07478478733415,60.06644407688798,35.55,2.0,headache,S079
-16.57,0.95,-26.071506712478254,-3.9264337882748026,59.93477987719819,35.57,2.0,headache,S079
1.53,0.95,-25.916552872400402,-4.072350035886585,60.0646841812269,35.57,2.0,headache,S079
13.07,0.95,-26.17765381341668,-3.9288650590266028,59.935453286515326,35.57,2.0,headache,S079
-7.16,0.95,-26.126044922951294,-4.069919527716399,60.064674940386254,35.57,2.0,headache,S079
-10.08,0.95,-25.991917033777458,-3.9312977012392607,59.93499204466786,35.57,2.0,headache,S079
17.73,0.95,-26.020147447017713,-4.067481637267358,60.06553086135452,35.57,2.0,headache,S079
-1.82,0.95,-26.152170537839282,-3.9337442194737546,59.933719223506614,35.57,2.0,headache,S079
-12.1,0.95,-26.078818139447463,-4.065022786877666,60.06740623775735,35.57,2.0,headache,S079
6.92,0.95,-26.135284989362862,-3.9362195064309025,59.93055574950308,35.53,2.0,headache,S079
11.17,0.95,-26.2720105741118,-4.062526462177316,60.075267323148246,35.53,2.0,headache,S079
-13.24,0.95,-26.131575256010805,-3.9387420932875075,59.83186362244812,35.53,2.0,headache,S079
1.9,0.94,-25.9298716312542,-4.059971597181803,59.92397270306694,35.53,2.0,headache,S079
12.23,0.94,-26.05882939372769,-3.9413362723041936,59.916729180469474,35.55,2.0,headache,S079
-4.47,0.95,-25.94390043680674,-4.057329732221164,60.07385626935601,35.55,2.0,headache,S079
-12.01,0.95,-26.11147869670979,-3.9440359788536266,59.927775027071014,35.55,2.0,headache,S079
13.12,0.94,-26.240812522093176,-4.054559594817051,60.07150647159184,35.55,2.0,headache,S079
0.19,0.95,-26.329847025065497,-3.946892539869747,59.93071525883828,35.55,2.0,headache,S079
-15.76,0.95,-26.04584784234057,-4.051595721230496,59.95248344990388,35.55,2.0,headache,S079
-1.71,0.95,-26.310058676281628,-3.949991889258675,59.914532155597065,35.55,2.0,headache,S079
11.34,0.95,-25.955381059311023,-4.048321521563635,60.08356474366514,35.55,2.0,headache,S079
-10.16,0.95,-26.14523366723448,-3.9534983209230106,59.91547026662238,35.57,2.0,headache,S079
-2.72,0.95,-26.008021069756683,-4.044495235814046,60.08667211870351,35.57,2.0,headache,S079
10.46,0.95,-26.0115758754405,-3.957784965781337,59.90993119311082,35.57,2.0,headache,S079
0.7,0.95,-26.08314954938148,-4.03951530837878,60.09573531144225,35.57,2.0,headache,S079
-9.96,0.95,-26.060481173649915,-3.9638031520811454,59.892385059499006,35.57,2.0,headache,S079
18.38,0.94,-25.967182841904435,-4.0330929027994165,60.15437666894301,35.57,2.0,headache,S079
9.69,0.94,-26.177034978096355,-4.0950826466324015,60.2388499880936,35.57,2.0,headache,S079
-9.76,0.95,-25.810027385053445,-4.1783326395741875,60.07585607639968,35.57,2.0,headache,S079
-5.41,0.95,-26.002355111982848,-3.934780494837493,59.92546798416249,35.57,2.0,headache,S079
5.93,0.94,-25.984564578690556,-4.188057509889119,60.07884151741268,35.57,2.0,headache,S079
-15.57,0.95,-26.06991602377229,-3.920212768079925,59.91717215594757,35.57,2.0,headache,S079
5.38,0.95,-25.91308241253837,-4.224628552396492,60.08677335421739,35.57,2.0,headache,S079
14.11,0.95,-26.225020164683976,-4.11992932063994,59.908613804522325,35.57,2.0,headache,S079
-11.95,0.94,-26.29592415767156,-4.041194607576304,60.09869597724002,35.57,2.0,headache,S079
-11.21,0.95,-26.73911718910618,-4.1596006068400815,59.87599617555629,35.57,2.0,headache,S079
19.02,0.95,-26.456380842555994,-3.9398213755379485,59.9349651029417,35.57,2.0,headache,S079
-18.96,0.95,-26.321151602470504,-3.902573733648723,59.72320501677698,35.53,2.0,headache,S079
-10.91,0.95,-26.354585836964432,-4.050720924242548,60.086644538063425,35.53,2.0,headache,S079
17.75,0.95,-26.412960239754653,-3.966343211128706,59.73249728135295,35.53,2.0,headache,S079
9.68,0.94,-26.722504967016423,-3.9339715693071757,59.85751706052496,35.53,2.0,headache,S079
-14.41,0.94,-26.558935194797947,-3.7927248542110057,59.72066381664923,35.55,2.0,headache,S079
15.33,0.95,-26.777217197268545,-3.911605334744845,60.03464643419863,35.55,2.0,headache,S079
-3.69,0.95,-27.12207057941733,-3.994690909754349,59.66416340089669,35.55,2.0,headache,S079
-18.82,0.97,-26.92388203542705,-4.009898689804834,60.12857454165549,35.55,2.0,headache,S079
3.51,0.94,-26.912595202972714,-3.9900081326980747,59.881150798896115,35.57,2.0,headache,S079
19.96,0.95,-26.406031629871876,-4.010998470993151,60.113332619843334,35.57,2.0,headache,S079
-21.25,0.95,-26.574793007019114,-3.9786379437234705,59.64217487427259,35.57,2.0,headache,S079
13.4,0.94,-25.900673168199546,-4.12785853243027,60.06884566670976,35.57,2.0,headache,S079
8.93,0.95,-26.336022160788133,-4.724186716443169,59.76848277379105,35.53,2.0,headache,S079
-10.1,0.95,-25.846398024850508,-4.150932880575447,60.17520029860772,35.53,2.0,headache,S079
10.44,0.95,-26.46164768832313,-4.26148848052199,59.83142363370933,35.53,2.0,headache,S079
35.97,0.94,-25.657597448039564,-4.223404279553236,60.16771718859163,35.53,2.0,headache,S079
-19.7,0.95,-26.41340615733237,-4.073306396520565,59.815918236955525,35.57,2.0,headache,S079
-7.64,0.95,-25.79432314175753,-4.1159271802131006,60.15531665218165,35.57,2.0,headache,S079
-0.78,0.94,-26.398691129737582,-4.350988388325142,59.57234842848749,35.57,2.0,headache,S079
-10.48,0.95,-25.722890536359504,-3.973717794612959,60.24700920431144,35.57,2.0,headache,S079
-2.31,0.95,-26.6271287345172,-4.285942262787793,59.74345060365152,35.55,2.0,headache,S079
8.55,0.94,-25.656836206593688,-3.9468900347318105,60.27835462392468,35.55,2.0,headache,S079
-26.49,0.94,-26.41503152266585,-4.074563669298423,59.665778435311125,35.55,2.0,headache,S079
10.74,0.95,-25.79817805164593,-3.8087045981826892,60.01535909514177,35.55,2.0,headache,S079
22.17,0.95,-27.20994167032853,-4.165962209659894,59.45004300697523,35.57,2.0,headache,S079
-17.06,0.94,-26.1603908971866,-3.702737167046523,60.27276494398248,35.57,2.0,headache,S079
-11.04,0.95,-27.549011611539104,-4.146431416430033,59.2186445871365,35.57,2.0,headache,S079
-6.12,0.95,-25.516516033933637,-3.4791504990626683,60.24064994139866,35.57,2.0,headache,S079
-26.73,0.95,-27.835179084358145,-4.397933306960449,59.14902577902761,35.55,2.0,headache,S079
12.73,0.94,-24.911798402166664,-3.6478704558513004,60.390933921664136,35.55,2.0,headache,S079
37.3,0.95,-34.21732873635711,-6.26663614493619,57.204017892278884,35.55,2.0,headache,S079
1.59,0.95,-37.184683609206054,-9.593930465995115,54.26469873652185,35.55,2.0,headache,S079
4.15,0.94,-38.720536920708525,-8.567830756373349,51.279254588536325,35.59,2.0,headache,S079
32.27,0.94,-51.82120560929433,-8.55522803412838,38.89094956016776,35.59,2.0,headache,S079
-74.51,0.95,-49.94295698137209,-10.903975901294785,43.18948406012885,35.59,2.0,headache,S079
-98.37,0.94,-50.360785685986805,-10.287354995895702,43.29261968490003,35.59,2.0,headache,S079
-77.99,0.94,-47.7480565786955,-8.918775123655587,45.1752662960448,35.57,2.0,headache,S079
80.82,0.94,-46.426607399903666,-8.612749495941564,47.40022000336373,35.57,2.0,headache,S079
80.0,0.94,-42.99094779291929,-8.854535895966697,48.69914766548002,35.57,2.0,headache,S079
-3.52,0.93,-43.25935038634161,-9.860410551895178,48.851854049948436,35.57,2.0,headache,S079
5.6,0.97,-42.529395927304954,-8.995304820593274,50.11902415688819,35.55,2.0,headache,S079
-11.08,0.94,-43.91743487580992,-9.471810287777062,48.94958932137622,35.55,2.0,headache,S079
50.66,0.94,-45.45681398489213,-9.777790671559934,46.882204946280396,35.55,2.0,headache,S079
69.92,0.94,-47.718687907736495,-9.934743950684467,45.43496391292671,35.55,2.0,headache,S079
5.07,0.94,-46.75371374276243,-9.780417981668482,45.45265586807519,35.57,2.0,headache,S079
-12.64,0.94,-47.94209855541866,-10.117973676799078,45.086529076612045,35.57,2.0,headache,S079
-0.13,0.94,-45.97482319146434,-9.104761420018281,46.81813462534257,35.57,2.0,headache,S079
-26.47,0.94,-46.232111946576225,-9.58467736515702,46.87381356010543,35.57,2.0,headache,S079
-3.67,0.94,-44.700161073533096,-8.94951358910822,47.56259053531875,35.57,2.0,headache,S079
11.84,0.94,-45.14069070350211,-9.090194510868004,48.229488349327454,35.57,2.0,headache,S079
5.18,0.94,-44.106335722544486,-8.843402906637651,47.746258210014496,35.57,2.0,headache,S079
-6.43,0.94,-44.91175762316622,-8.516461326914344,48.99905376399891,35.57,2.0,headache,S079
26.31,0.94,-43.645677139876625,-8.093295082973771,50.98189381684188,35.57,2.0,headache,S079
-7.41,0.94,-49.45151483745927,-9.99063598035692,41.71661417907193,35.57,2.0,headache,S079
-11.54,0.94,-48.28483887617419,-9.189423665553871,45.318680640842295,35.57,2.0,headache,S079
24.68,0.94,-50.862893873531384,-8.362291532444019,43.40891340738134,35.57,2.0,headache,S079
-19.75,0.94,-48.766635812241425,-9.389664643024126,43.475510698880704,35.57,2.0,headache,S079
-59.71,0.94,-46.49733772022769,-9.474424377813792,47.465257261785695,35.57,2.0,headache,S079
30.77,0.95,-42.76848137410858,-10.044903652856204,47.932771659162334,35.57,2.0,headache,S079
4.8,0.96,-45.71397483330726,-11.216328695304057,47.453111670082095,35.57,2.0,headache,S079
52.67,0.96,-29.79706599147023,-10.536258232352374,54.88791414814619,35.55,2.0,headache,S079
130.66,0.97,-13.457097913413724,-13.069991546416293,62.12973434205412,35.55,2.0,headache,S079
90.92,0.95,-23.009356746099655,-4.4053683438022775,63.424478593830905,35.55,2.0,headache,S079
-75.31,0.94,-20.988630616232975,-5.823599997877879,60.83295116578529,35.55,2.0,headache,S079
58.63,0.94,-24.75152132239175,-5.633363560887709,60.8463190891239,35.55,2.0,headache,S079
6.87,0.94,-22.78686155543793,-5.285329386676169,60.92475701901963,35.55,2.0,headache,S079
-369.15,0.94,-24.529414390001683,-4.765719689351572,60.82694307398735,35.55,2.0,headache,S079
-140.74,0.95,-23.338396530706447,-5.355897617871951,60.56108284340412,35.55,2.0,headache,S079
66.06,0.94,-24.825564158766184,-5.081813484970587,60.7892746151894,35.57,2.0,headache,S079
23.26,0.94,-23.689119237665693,-3.4872049977738317,60.30422677007082,35.57,2.0,headache,S079
12.58,0.95,-25.486460938089593,-4.846680331324553,60.20124067200215,35.57,2.0,headache,S079
-11.49,0.95,-25.41178644653133,-4.47472761442356,60.1911717797192,35.57,2.0,headache,S079
15.25,0.94,-25.731406963610187,-4.688276445603122,59.891420142504806,35.57,2.0,headache,S079
10.9,0.95,-27.601507065048665,-5.225451374339454,59.00174791058312,35.57,2.0,headache,S079
43.25,0.95,-30.410078698434827,-4.4992950707499,58.14695909551298,35.57,2.0,headache,S079
6.22,0.95,-31.189106511880528,-5.368878285299502,57.38168527695313,35.57,2.0,headache,S079
50.6,0.94,-34.20603470326005,-5.474827195914723,56.037542963128004,35.57,2.0,headache,S079
-16.54,0.94,-33.92326619679632,-6.526464335962561,56.147172965529215,35.57,2.0,headache,S079
-15.27,0.95,-34.69276111899693,-6.7084189462987664,55.35105838240114,35.57,2.0,headache,S079
-28.91,0.94,-33.009364829272236,-6.587872448933996,56.40298790327096,35.57,2.0,headache,S079
59.26,0.94,-33.204917739960585,-6.338936331957172,56.61632272062365,35.57,2.0,headache,S079
6.25,0.95,-31.643818744883006,-6.420661712857073,57.02251008762585,35.57,2.0,headache,S079
-46.33,0.94,-31.614442028855144,-6.246347554083864,57.118726979722915,35.57,2.0,headache,S079
39.65,0.94,-30.52134204131977,-5.874359676992279,58.00713253249613,35.57,2.0,headache,S079
-15.09,0.94,-30.339374820453198,-5.766509996599628,58.0760627407937,35.57,2.0,headache,S079
36.88,0.94,-28.36430334238265,-5.616973580672978,58.720080221397986,35.57,2.0,headache,S079
-66.6,0.95,-27.286331835636098,-5.6746666782452255,59.523360522955805,35.57,2.0,headache,S079
36.01,0.94,-26.518787342570064,-5.403428112213882,59.49911625257788,35.57,2.0,headache,S079
69.69,0.94,-26.802601869413117,-5.2081523836000345,59.72083771120355,35.57,2.0,headache,S079
-68.84,0.95,-26.713800260646863,-5.323534732599821,59.766622560187876,35.57,2.0,headache,S079
-17.11,0.94,-26.336796478774826,-4.772079342969063,59.59876786059066,35.57,2.0,headache,S079
28.84,0.94,-26.188446708597176,-5.134690765075717,59.871180297544754,35.57,2.0,headache,S079
-1.23,0.95,-26.17242308619342,-5.01202603167204,59.97146507314436,35.57,2.0,headache,S079
-2.36,0.95,-26.116866922749388,-5.0085379859237324,60.02919344149987,35.57,2.0,headache,S079
18.35,0.95,-26.285203387058704,-4.979904810983265,59.9557891414525,35.57,2.0,headache,S079
-12.28,0.94,-25.9957592285619,-5.027857144549834,59.89714198496574,35.57,2.0,headache,S079
-6.51,0.95,-26.326911176452104,-4.966497568677957,60.00607946963613,35.55,2.0,headache,S079
20.01,0.94,-26.178583372971644,-5.037807139447404,60.00204450667839,35.55,2.0,headache,S079
-27.54,0.94,-26.23232394017893,-4.958802838626743,59.99518217933634,35.55,2.0,headache,S079
7.59,0.95,-25.991619456063713,-5.043931545449223,60.00616096773215,35.55,2.0,headache,S079
15.85,0.95,-26.10807446460673,-4.953820751517938,59.993036482555226,35.57,2.0,headache,S079
-22.49,0.95,-25.8896381027368,-5.048056253712058,60.007533672434455,35.57,2.0,headache,S079
18.54,0.95,-26.20500170510734,-4.950354595157545,59.991992631655634,35.57,2.0,headache,S079
4.42,0.95,-25.946219487761176,-5.051007815648121,60.00845989448107,35.57,2.0,headache,S079
-31.66,0.95,-26.055879589908194,-4.947810179995334,59.991051008670176,35.57,2.0,headache,S079
33.1,0.94,-26.0443659996378,-5.053227405491402,60.009542608771945,35.57,2.0,headache,S079
-6.85,0.95,-26.09843927161172,-4.945850847053625,59.98964242658203,35.57,2.0,headache,S079
-20.68,0.95,-25.9175901468519,-5.054978251510095,60.011657869956856,35.57,2.0,headache,S079
31.75,0.95,-26.075545256558947,-4.94426607839105,59.98577705640902,35.57,2.0,headache,S079
-9.24,0.94,-25.930486641483057,-5.0564324473749105,60.021631759414184,35.57,2.0,headache,S079
-17.96,0.95,-26.05957230324171,-4.9429120561453,59.87871855199342,35.57,2.0,headache,S079
30.65,0.95,-26.01525818887689,-5.05771293717552,59.97473433821841,35.57,2.0,headache,S079
-15.53,0.95,-26.21715864888389,-4.941681196871272,60.016850960939955,35.57,2.0,headache,S079
-19.37,0.94,-25.967041193520807,-5.058916081297798,59.7711610136832,35.57,2.0,headache,S079
24.57,0.95,-26.048500663204752,-4.940485352876106,59.958132286794374,35.57,2.0,headache,S079
-2.64,0.95,-25.95439365086782,-5.060123664961741,60.020030308248174,35.57,2.0,headache,S079
-21.82,0.94,-26.03368091253344,-4.939248879491981,59.98478055367242,35.57,2.0,headache,S079
25.58,0.94,-26.031680823208568,-5.061402436078519,60.01325157277955,35.57,2.0,headache,S079
-4.32,0.95,-26.124488338514613,-4.937923092416827,59.98780178475531,35.57,2.0,headache,S079
-24.27,0.95,-25.921127008030684,-5.062758514319599,60.0115317857254,35.57,2.0,headache,S079
22.74,0.95,-26.065563855421463,-4.936609435014779,59.988912905439335,35.57,2.0,headache,S079
7.1,0.95,-25.944442549808755,-5.063796437268558,60.010907406511315,35.57,2.0,headache,S079
-28.67,0.95,-26.041149386730673,-4.936625317949807,59.9885320694906,35.57,2.0,headache,S079
16.16,0.95,-26.018099516047084,-5.059404685386055,60.015515926030105,35.57,2.0,headache,S079
13.18,0.95,-26.504973042496776,-4.898724201108795,59.91055185391369,35.57,2.0,headache,S079
-25.11,0.95,-26.338012594806465,-5.133966441764905,59.917081137918835,35.57,2.0,headache,S079
-1.6,0.95,-26.44129246465398,-4.85778860226818,59.92505946878058,35.57,2.0,headache,S079
16.73,0.94,-26.52087448847959,-4.90359341926916,59.83762295319102,35.57,2.0,headache,S079
-33.87,0.95,-26.693750414510184,-4.715749716655772,59.85560973136344,35.55,2.0,headache,S079
-15.77,0.95,-25.80086477702439,-4.741166029219909,59.9929045205617,35.55,2.0,headache,S079
37.38,0.95,-26.302851061591376,-4.895900747786105,59.824753032526694,35.55,2.0,headache,S079
8.43,0.94,-26.09572391964948,-4.9578113333120255,59.98216774468669,35.55,2.0,headache,S079
-22.62,0.95,-26.37556489293703,-4.971733902532813,59.9871433808279,35.57,2.0,headache,S079
40.24,0.95,-25.806576041583323,-5.053360511855288,60.0137911865564,35.57,2.0,headache,S079
13.57,0.95,-26.422838761048254,-4.725715776435283,59.99472282581294,35.57,2.0,headache,S079
-18.67,0.95,-25.852862336308622,-4.84340261514991,59.86793983071143,35.57,2.0,headache,S079
11.86,0.95,-26.526258216768912,-4.495439248198259,59.983219505746156,35.59,2.0,headache,S079
9.28,0.95,-26.298079456640554,-4.5997011093715985,59.7416063596474,35.59,2.0,headache,S079
-13.41,0.95,-27.118376578109174,-4.489761104912694,59.797821862498665,35.59,2.0,headache,S079
-0.06,0.98,-26.848165419503186,-4.117690321315224,59.592479624225454,35.59,2.0,headache,S079
-19.86,0.95,-27.03221705427127,-4.049864562472379,59.60407386450499,35.57,2.0,headache,S079
-48.89,0.95,-27.028305727600014,-4.1181834318097135,59.91424727575299,35.57,2.0,headache,S079
-24.91,0.95,-27.17367575028632,-4.112647728785431,59.84992985499101,35.57,2.0,headache,S079
30.29,0.95,-27.09722251316509,-4.277413382265727,59.60612742356147,35.57,2.0,headache,S079
-7.98,0.95,-27.275862386734275,-3.977415119376624,59.45993609493831,35.57,2.0,headache,S079
17.99,0.95,-26.733246469144625,-4.313044182521906,59.69214101883198,35.57,2.0,headache,S079
50.39,0.95,-27.16307760707212,-4.412772881131849,59.47966320219923,35.57,2.0,headache,S079
-1.9,0.95,-27.03123376510313,-4.123194547833562,59.64201682746381,35.57,2.0,headache,S079
-7.46,0.95,-26.995952290631212,-4.049669071322664,59.65516852376477,35.55,2.0,headache,S079
35.82,0.95,-26.72194249225664,-4.480777158664359,59.59079351234983,35.55,2.0,headache,S079
-6.16,0.95,-27.638177081235217,-3.861472760234109,59.17587827021973,35.55,2.0,headache,S079
-14.27,0.95,-27.247217808267003,-3.917115322627169,59.35598286254187,35.55,2.0,headache,S079
-6.0,0.95,-27.29996679642776,-4.328866841022771,59.52015986388065,35.57,2.0,headache,S079
-18.61,0.95,-27.136495233852084,-4.193791051249918,59.52092862244788,35.57,2.0,headache,S079
11.14,0.95,-27.553029411751815,-3.963507034818999,59.42128317168602,35.57,2.0,headache,S079
-12.89,0.95,-26.85198602117673,-4.466370931279201,59.444085779808205,35.57,2.0,headache,S079
-29.57,0.95,-27.242146171564798,-4.327028707757268,59.58464574916138,35.57,2.0,headache,S079
53.31,0.95,-26.98605150251023,-3.92151174742514,59.42926525882161,35.57,2.0,headache,S079
-16.83,0.95,-27.28208868689139,-4.015630572320119,59.38368411638679,35.57,2.0,headache,S079
-18.24,0.95,-26.586894883609677,-4.292250051975439,59.67564127190108,35.57,2.0,headache,S079
35.32,0.95,-27.155701687575622,-4.041383243698965,59.30574472097599,35.55,2.0,headache,S079
-15.21,0.95,-27.189151249430054,-4.013869212781199,59.5756521738993,35.55,2.0,headache,S079
-8.09,0.95,-27.11630773003185,-4.061536368269614,59.308377411397146,35.55,2.0,headache,S079
22.38,0.95,-27.206835971853007,-3.9909090165469476,59.49058432953235,35.55,2.0,headache,S079
-12.38,0.95,-27.43097845417914,-3.990236306378218,59.62039840646225,35.57,2.0,headache,S079
6.82,0.95,-27.083191401806708,-4.019049055410452,59.20001044247309,35.57,2.0,headache,S079
6.64,0.95,-27.041143811421325,-3.975656874361374,59.15553664314533,35.57,2.0,headache,S079
-21.29,0.94,-26.9614407901989,-4.0276382033771245,59.786478773430396,35.57,2.0,headache,S079
-2.5,0.95,-27.03930253247307,-3.970188208405044,59.522029019594676,35.59,2.0,headache,S079
20.52,0.96,-26.95939891392118,-4.031304204321152,59.36573128560468,35.59,2.0,headache,S079
-15.75,0.95,-27.041913382044488,-3.967642644960873,59.430059865102905,35.59,2.0,headache,S079
-5.04,0.95,-26.956893205546855,-4.033113419708182,59.57579690914149,35.59,2.0,headache,S079
13.92,0.95,-27.04415533902855,-3.9663395572702367,59.867199266097664,35.57,2.0,headache,S079
-10.08,0.95,-26.95493664241455,-4.0340552701699535,59.563254037090175,35.57,2.0,headache,S079
-10.55,0.95,-27.04584240977667,-3.9656641323029045,59.65678061023478,35.57,2.0,headache,S079
17.79,0.95,-26.953496392461428,-4.0345282978383015,59.61207970614203,35.57,2.0,headache,S079
-6.9,0.95,-27.047054897574405,-3.965349151522237,59.864408735472075,35.57,2.0,headache,S079
-11.66,0.95,-26.952500119869647,-4.034716565764134,59.35544976999603,35.57,2.0,headache,S079
10.98,0.95,-27.047836860371,-3.9652651449088316,59.69419098111559,35.57,2.0,headache,S079
1.65,0.95,-26.95194255821326,-4.034712517150904,59.48155027046888,35.57,2.0,headache,S079
-17.37,0.95,-27.0481439874091,-3.965345570580921,59.344979160743904,35.57,2.0,headache,S079
9.3,0.95,-26.95193517375783,-4.034563997099652,59.755408860500424,35.57,2.0,headache,S079
6.8,0.95,-27.04776481692599,-3.9655565520157126,59.30485448359903,35.57,2.0,headache,S079
-9.58,0.95,-26.952854523132,-4.034294015913318,59.50558035971429,35.57,2.0,headache,S079
2.0,0.95,-27.046018711446443,-3.9658839614529806,59.6406814710355,35.57,2.0,headache,S079
10.48,0.95,-26.956017805262473,-4.033908981854332,59.648802650569785,35.57,2.0,headache,S079
-16.09,0.95,-27.040001433956594,-3.9663286071546606,59.59887253846107,35.57,2.0,headache,S079
0.68,0.95,-26.969626529161197,-4.033400771041891,59.903234970342886,35.57,2.0,headache,S079
11.77,0.95,-26.98444369646781,-3.966906664781841,59.564432235419275,35.57,2.0,headache,S079
-11.9,0.95,-26.856528146551074,-4.032743640973186,59.96205986075926,35.57,2.0,headache,S079
-5.33,0.95,-27.08354618645797,-3.967656030500127,59.72207679786078,35.57,2.0,headache,S079
16.82,0.95,-26.927411420646926,-4.0318833442034565,59.55588645540873,35.57,2.0,headache,S079
-12.99,0.95,-27.067939361491952,-3.968654090818791,59.293243292696346,35.57,2.0,headache,S079
-4.2,0.95,-26.934754262650827,-4.03070815266389,59.44124904862792,35.57,2.0,headache,S079
15.02,0.95,-27.063306776564225,-3.9700660908800316,59.53039888130225,35.57,2.0,headache,S079
-4.81,0.95,-26.938395674612526,-4.028964769812021,59.54466679158107,35.57,2.0,headache,S079
-6.18,0.95,-27.059799421637358,-3.9722998867766237,59.69929164911541,35.57,2.0,headache,S079
17.55,0.95,-26.942462930219115,-4.0259507854102425,59.759940515427104,35.57,2.0,headache,S079
-8.38,0.95,-27.054249491459576,-3.976685541157862,59.63217745768806,35.57,2.0,headache,S079
-7.67,0.95,-26.951334128476258,-4.018757574229511,59.45238761705872,35.57,2.0,headache,S079
15.2,0.95,-27.036624895484184,-3.991422247521734,59.701983979503574,35.57,2.0,headache,S079
0.31,0.95,-27.013730510373556,-3.9620901665094377,59.58315286569142,35.57,2.0,headache,S079
-16.03,0.95,-27.134522335124736,-3.879352417213231,59.44800306773572,35.57,2.0,headache,S079
14.5,0.95,-26.98880750876993,-4.060342400228337,59.56013369050716,35.57,2.0,headache,S079
3.19,0.95,-27.1594582436056,-3.9509729882585423,59.324250298195174,35.57,2.0,headache,S079
-16.08,0.95,-26.886046368840052,-4.044105838220751,59.213271177167705,35.57,2.0,headache,S079
5.53,0.95,-27.106827740713367,-3.958739305103228,59.49933588045409,35.57,2.0,headache,S079
13.76,0.95,-27.034244872981755,-4.039341437699678,59.680033151990656,35.57,2.0,headache,S079
-14.23,0.95,-27.07367682868588,-3.962089510224998,59.808319486854856,35.57,2.0,headache,S079
0.81,0.95,-26.93969166789442,-4.036764608211929,59.52641605629408,35.57,2.0,headache,S079
12.81,0.95,-27.207574378192096,-3.9642038324867968,59.68047771647302,35.57,2.0,headache,S079
-12.1,0.95,-26.88892633639548,-4.034942495451173,59.95347348467257,35.57,2.0,headache,S079
-9.51,0.95,-27.102974089973348,-3.9658357165552744,59.64797523904749,35.57,2.0,headache,S079
19.29,0.95,-26.899442091897264,-4.033435296156135,59.627536478648814,35.57,2.0,headache,S079
-9.16,0.95,-27.099875184552538,-3.967262974702763,59.709377296736434,35.57,2.0,headache,S079
-14.26,0.95,-26.8999857018556,-4.032055711627023,59.685326390601396,35.57,2.0,headache,S079
16.9,0.95,-27.10065243339474,-3.9686194155571157,59.607310264873725,35.57,2.0,headache,S079
6.73,0.95,-26.89835143088003,-4.030702762756652,59.775523794805984,35.57,2.0,headache,S079
-21.25,0.95,-27.1029344966157,-3.969985468477528,59.60272700375841,35.57,2.0,headache,S079
12.06,0.95,-26.89552301699871,-4.029308836296322,59.38097384461764,35.57,2.0,headache,S079
13.8,0.95,-27.106262309639266,-3.9714210941406525,59.15777052333854,35.59,2.0,headache,S079
-17.85,0.95,-26.891710703180316,-4.027817947294122,59.74596774703655,35.59,2.0,headache,S079
-3.34,0.95,-27.11056605749193,-3.9729811232070533,59.84910115423462,35.59,2.0,headache,S079
23.65,0.95,-26.88689136550468,-4.026174059317964,59.87403044202771,35.59,2.0,headache,S079
-11.75,0.95,-27.115940757899846,-3.9747249653366317,59.68415124251179,35.57,2.0,headache,S079
-10.52,0.95,-26.880905574350546,-4.0243122081426455,59.82968298668487,35.57,2.0,headache,S079
18.76,0.95,-27.12261125792878,-3.9767255183771737,59.60289142882198,35.57,2.0,headache,S079
-1.54,0.95,-26.873455239678282,-4.022148794760228,59.66862785462355,35.57,2.0,headache,S079
-27.62,0.95,-27.130963843824567,-3.979080463864391,59.531148408095056,35.57,2.0,headache,S079
18.58,0.95,-26.864041705955138,-4.019567767657924,59.67393047071401,35.57,2.0,headache,S079
7.18,0.95,-27.141647559555047,-3.9819298202469913,59.6970957030138,35.57,2.0,headache,S079
-31.96,0.95,-26.85180424459406,-4.016397653609984,59.61293488906677,35.57,2.0,headache,S079
14.52,0.95,-27.155839688811064,-3.985486760253099,59.343406833630304,35.57,2.0,headache,S079
32.09,0.95,-26.835051609837805,-4.012369250539465,59.66570347691665,35.57,2.0,headache,S079
-36.02,0.95,-27.17617518386423,-3.9900970271979626,59.589549733193564,35.57,2.0,headache,S079
2.97,0.95,-26.809030134157915,-4.007030166120176,60.087733665793884,35.57,2.0,headache,S079
40.24,0.95,-27.214347813303007,-3.9963651170750762,59.476725892763966,35.61,2.0,headache,S079
-27.99,0.95,-26.687429794075744,-3.9995529255194935,60.005674517882404,35.61,2.0,headache,S079
-20.49,0.98,-27.17853446473055,-4.005456245194452,59.5465622403857,35.61,2.0,headache,S079
49.05,0.95,-26.770215294860684,-3.9882401966257515,60.0297682778681,35.61,2.0,headache,S079
-12.46,0.95,-27.26908264955093,-4.01994766214153,59.54775068190242,35.57,2.0,headache,S079
-42.99,0.95,-26.682910489177313,-3.968968117683834,59.80808789030794,35.57,2.0,headache,S079
39.55,0.94,-27.38517108708052,-4.046907604749106,59.43815291076956,35.57,2.0,headache,S079
29.41,0.95,-26.505745265343414,-3.9284108045832578,60.27444690400597,35.57,2.0,headache,S079
-52.95,0.95,-27.701479928372194,-4.11534017012957,59.36010053809148,35.59,2.0,headache,S079
3.75,0.94,-25.74951023291542,-3.7854638596247168,60.288824944817456,35.59,2.0,headache,S079
43.61,0.95,-30.098394735746982,-4.44618590120361,58.338299652994344,35.59,2.0,headache,S079
-9.6,0.95,-48.164565181367074,-9.448298629275094,45.05193074303237,35.59,2.0,headache,S079
-39.9,0.95,-55.19955123746214,-8.109274945303515,36.90340208045498,35.57,2.0,headache,S079
27.5,0.94,-59.1274693553595,-10.392291871543042,23.937670327333954,35.57,2.0,headache,S079
-61.58,0.94,-58.48043409942059,-10.05260515010507,33.28545904304989,35.57,2.0,headache,S079
-277.21,0.95,-53.472271365056734,-8.06167260539226,40.26361406943962,35.57,2.0,headache,S079
83.22,0.94,-51.65980951601596,-7.533224044207822,40.78487738711165,35.59,2.0,headache,S079
195.28,0.95,-52.13802123490379,-7.688748329620572,41.32570575866526,35.59,2.0,headache,S079
70.13,0.95,-51.246110321288626,-7.273861877040534,41.7953793725421,35.59,2.0,headache,S079
-12.29,0.94,-51.24073387028214,-7.34690077977646,41.926198412570315,35.59,2.0,headache,S079
31.3,0.94,-51.54500504701142,-7.363075247954071,41.549743677369634,35.57,2.0,headache,S079
2.34,0.95,-51.57517614572755,-7.3365061959384565,41.93371778707613,35.57,2.0,headache,S079
-17.57,0.95,-50.92077061488855,-7.11853568434697,41.80528729794881,35.57,2.0,headache,S079
6.98,0.94,-51.40696145074382,-7.040263485946116,41.839765587048845,35.57,2.0,headache,S079
15.33,0.94,-51.217639505085714,-6.948656183150843,41.604324019525826,35.59,2.0,headache,S079
-13.66,0.95,-51.260459692899396,-7.052516824242556,42.141857908350886,35.59,2.0,headache,S079
-8.63,0.95,-51.07663093465566,-6.949592857000205,41.87826827575455,35.59,2.0,headache,S079
15.31,0.94,-50.94970517492829,-7.044646999861019,42.12673950256312,35.59,2.0,headache,S079
-4.43,0.94,-51.37752236397123,-6.979077229527447,41.718282638770006,35.57,2.0,headache,S079
-14.45,0.94,-51.34888890273066,-7.250260053073472,41.85473031632013,35.57,2.0,headache,S079
15.03,0.94,-51.13664693233876,-7.012353196707781,41.96595506610736,35.57,2.0,headache,S079
1.15,0.94,-51.303675160304046,-7.1573577325664965,42.018647354644656,35.57,2.0,headache,S079
-20.63,0.95,-51.01334498058594,-6.919203370948379,41.79765906983808,35.59,2.0,headache,S079
10.52,0.95,-51.182723538970045,-7.069881190785164,41.67252661480949,35.59,2.0,headache,S079
7.63,0.94,-51.037469010716535,-6.934837002842411,41.68103950469225,35.59,2.0,headache,S079
-19.88,0.95,-51.17064732790143,-7.062338541350731,41.98268973283289,35.59,2.0,headache,S079
3.82,0.95,-51.45114514729984,-6.939642231331252,41.67869921418979,35.59,2.0,headache,S079
13.88,0.94,-51.2642487550776,-7.058836436322364,41.8253027282851,35.59,2.0,headache,S079
-16.25,0.94,-51.01618504433236,-6.942400934611899,41.80898113090337,35.59,2.0,headache,S079
-4.11,0.94,-51.15150529190228,-7.0565531886388495,41.9538601363603,35.59,2.0,headache,S079
11.33,0.95,-51.30291509581355,-6.944355110972799,41.777483681046014,35.59,2.0,headache,S079
-11.65,0.94,-51.2659397410377,-7.054840246729733,41.77036507411698,35.59,2.0,headache,S079
-4.12,0.94,-51.1520425630256,-6.945883381216803,41.585852136083055,35.59,2.0,headache,S079
17.5,0.95,-51.13386650783785,-7.053458152959556,41.87152721393271,35.59,2.0,headache,S079
-12.66,0.95,-51.363426815243876,-6.947146690503753,41.845313429737864,35.57,2.0,headache,S079
-11.49,0.94,-51.396214563094965,-7.052293410392647,41.860347263759216,35.57,2.0,headache,S079
17.91,0.94,-51.13722961518914,-6.948228251729038,41.91704684666945,35.57,2.0,headache,S079
-4.83,0.94,-51.19410848854712,-7.051283016108565,41.953601242772855,35.57,2.0,headache,S079
-16.81,0.94,-51.01681704375526,-6.949177070798038,42.043804570439136,35.59,2.0,headache,S079
15.91,0.94,-51.36548554988575,-7.050387966708242,41.86155750189421,35.59,2.0,headache,S079
4.26,0.95,-51.52708736907329,-6.950024809961892,41.49117113805606,35.59,2.0,headache,S079
-18.37,0.95,-51.05354554935844,-7.04958211206963,41.814944205676575,35.59,2.0,headache,S079
6.58,0.94,-51.22393850534012,-6.950793399181861,41.73151566998894,35.59,2.0,headache,S079
12.77,0.95,-51.243847413767064,-7.048846806979164,42.14308507096932,35.59,2.0,headache,S079
-16.5,0.94,-50.911991565890986,-6.951498891680842,41.83101642900053,35.59,2.0,headache,S079
-0.16,0.94,-51.20502652101672,-7.048168066133931,41.84865887019032,35.59,2.0,headache,S079
16.74,0.94,-51.3981139404887,-6.952153609559396,41.82419485257593,35.57,2.0,headache,S079
-11.03,0.95,-51.16532540307316,-7.047534911514877,42.11703162175914,35.57,2.0,headache,S079
-11.7,0.95,-51.02176846750586,-6.952767443990147,41.77606614791872,35.57,2.0,headache,S079
18.9,0.94,-51.216816878964615,-7.046938326300708,41.785520659192926,35.57,2.0,headache,S079
-0.78,0.94,-51.21278077659581,-6.953348718041801,41.72022418488341,35.59,2.0,headache,S079
-16.26,0.95,-51.144210466923525,-7.0463705223967175,41.78170441979156,35.59,2.0,headache,S079
9.3,0.94,-51.189018724946116,-6.953904830208349,41.81993777474418,35.59,2.0,headache,S079
12.91,0.94,-51.44529414935357,-7.045824351313354,41.702501073884086,35.59,2.0,headache,S079
-18.0,0.94,-51.40752442504143,-6.9544428204283735,41.987315863884206,35.59,2.0,headache,S079
-2.39,0.95,-51.216916010248326,-7.04529272986795,41.89054415549779,35.59,2.0,headache,S079
13.12,0.94,-51.26278762880992,-6.954969987650797,41.79658516936268,35.59,2.0,headache,S079
-9.51,0.94,-51.238090615932876,-7.044767936329672,41.95196331930921,35.59,2.0,headache,S079
-12.83,0.95,-51.29658567051229,-6.9554947373068465,41.715745626077315,35.57,2.0,headache,S079
13.84,0.95,-51.191241302338696,-7.044240538030781,41.6740120995401,35.57,2.0,headache,S079
1.2,0.94,-51.19293974278477,-6.956027999673854,41.75946663101986,35.57,2.0,headache,S079
-17.97,0.94,-51.07330372787363,-7.043697439235801,41.81086937394225,35.57,2.0,headache,S079
6.1,0.95,-51.2543065845774,-6.956586018332535,41.71068345491322,35.61,2.0,headache,S079
13.28,0.94,-51.128518702226785,-7.0431177498042175,41.842596615767135,35.61,2.0,headache,S079
-17.57,0.94,-51.25313147859121,-6.957196708597572,41.700699932406174,35.61,2.0,headache,S079
-2.24,0.95,-51.30551882178544,-7.042462581105449,41.40105892813625,35.61,2.0,headache,S079
17.35,0.95,-51.33568225771,-6.957916841014449,41.74293334395831,35.59,2.0,headache,S079
-10.81,0.94,-51.18106430425918,-7.04164438656392,41.76330445412412,35.59,2.0,headache,S079
-10.3,0.94,-51.43095861052021,-6.9588908570393775,41.76725030678621,35.59,2.0,headache,S079
17.97,0.97,-50.823997395331,-7.040402821531829,41.80444071546559,35.59,2.0,headache,S079
-5.14,0.95,-51.32953281619212,-6.960650805019657,41.71887484145753,35.57,2.0,headache,S079
-10.14,0.94,-50.945984312667,-7.037405982547786,41.998345554180446,35.57,2.0,headache,S079
16.7,0.94,-51.2349454354786,-6.968322256788746,41.62177678899235,35.57,2.0,headache,S079
0.7,0.94,-50.8641600828545,-7.165805588728719,42.02902680219951,35.57,2.0,headache,S079
-14.37,0.94,-51.2275299507275,-6.949058047730577,41.51128126886678,35.57,2.0,headache,S079
17.76,0.94,-51.25177711411348,-7.046373426800208,42.11408248386861,35.57,2.0,headache,S079
3.52,0.94,-51.263886257111,-6.955368740992819,41.732385383531266,35.57,2.0,headache,S079
-15.94,0.94,-50.91507221487612,-7.043632406723599,41.84165430581913,35.57,2.0,headache,S079
11.59,0.94,-51.43666221394232,-6.957066750557707,41.77662241185636,35.59,2.0,headache,S079
9.65,0.95,-51.134657894723084,-7.04238090809729,41.83237419310449,35.59,2.0,headache,S079
-18.64,0.94,-51.62718792610705,-6.958092415531439,41.60710480908127,35.59,2.0,headache,S079
5.85,0.94,-51.291204166506056,-7.041477523266249,41.6157780271881,35.59,2.0,headache,S079
14.3,0.94,-51.2241034233353,-6.958931129351412,41.97952303248762,35.59,2.0,headache,S079
-13.83,0.94,-51.2768757067868,-7.04066611497227,41.69747445475344,35.59,2.0,headache,S079
-6.87,0.94,-51.20449031714087,-6.959743696970967,41.80659763650574,35.59,2.0,headache,S079
16.74,0.94,-51.36046237780314,-7.0398266490709425,41.45644123774722,35.59,2.0,headache,S079
-8.25,0.94,-51.26455726305287,-6.960637539456021,41.63470102682215,35.59,2.0,headache,S079
-13.16,0.95,-51.01031477924554,-7.038844628605075,41.796369017627036,35.59,2.0,headache,S079
15.97,0.95,-51.38311724643791,-6.9617542567721955,41.56859335087088,35.59,2.0,headache,S079
2.84,0.95,-51.156949890272244,-7.037523055649611,41.86623304573373,35.59,2.0,headache,S079
-21.67,0.94,-51.278092818808354,-6.963395869209211,41.46893143592418,35.59,2.0,headache,S079
7.73,0.95,-51.30453787604637,-7.03535386113326,41.53541191659532,35.59,2.0,headache,S079
13.68,0.94,-51.655748230768886,-6.966513815441744,41.68833958286288,35.59,2.0,headache,S079
-16.62,0.94,-51.097779079617986,-7.030269474059641,41.819102495082426,35.59,2.0,headache,S079
-10.54,0.95,-51.414041189115906,-6.976902870946067,41.58143565367131,35.57,2.0,headache,S079
16.46,0.95,-50.800708131536105,-6.990170912693316,41.628007832002076,35.57,2.0,headache,S079
-4.9,0.94,-51.376566798668264,-6.859348560785784,41.562403467368945,35.57,2.0,headache,S079
-15.26,0.94,-51.28294691972674,-7.062400685598618,41.55849140210729,35.57,2.0,headache,S079
10.85,0.94,-51.30971766021524,-6.946534440035638,41.62168621431036,35.61,2.0,headache,S079
11.98,0.94,-51.12524978894969,-7.049934949200009,41.4190955880658,35.61,2.0,headache,S079
-20.29,0.94,-51.271732067897226,-6.951873161078,41.68170769329611,35.61,2.0,headache,S079
-2.43,0.95,-51.17937712682977,-7.0471463948044155,41.784814431468774,35.61,2.0,headache,S079
21.97,0.94,-51.88717410450819,-6.953298375119131,41.43520551625791,35.59,2.0,headache,S079
-4.51,0.94,-51.37014074640739,-7.046727308896215,41.60921688429854,35.59,2.0,headache,S079
-16.88,0.94,-51.419912111977446,-6.952675960075879,41.670128071881884,35.59,2.0,headache,S079
15.53,0.94,-51.03231436867801,-7.048870368620473,41.43375619617469,35.59,2.0,headache,S079
9.41,0.95,-51.378667692477975,-6.9473650353679846,41.73684568013351,35.59,2.0,headache,S079
-17.35,0.94,-51.1988937033465,-7.065950847234571,41.58547201342918,35.59,2.0,headache,S079
0.32,0.94,-51.34672852566689,-6.938896848871683,41.660921103444664,35.59,2.0,headache,S079
19.72,0.95,-51.269799670094656,-7.118141777249968,41.53464307471649,35.59,2.0,headache,S079
-8.81,0.94,-51.477606180654725,-7.132505692926394,41.544566189006126,35.59,2.0,headache,S079
-15.41,0.94,-51.01931150948187,-7.038943822222075,41.57275673217993,35.59,2.0,headache,S079
16.57,0.95,-51.52790356666984,-6.966922905468999,41.23352072832313,35.59,2.0,headache,S079
8.41,0.94,-51.190494416990354,-7.032543020100367,41.51061188479104,35.59,2.0,headache,S079
-19.74,0.94,-51.17094182134909,-6.96749618787866,41.40138550148956,35.59,2.0,headache,S079
2.55,0.94,-51.537723776900876,-7.032476372946985,41.44969843363639,35.59,2.0,headache,S079
17.62,0.94,-51.65003413388383,-6.967613923064956,41.3711169211116,35.59,2.0,headache,S079
-13.19,0.94,-51.12408188683596,-7.032224427633324,41.51666456627235,35.59,2.0,headache,S079
-11.64,0.94,-51.86385417581148,-6.968006466413843,41.62303588339461,35.59,2.0,headache,S079
15.17,0.94,-51.19564688536368,-7.031693998619403,41.77958108299055,35.59,2.0,headache,S079
-4.23,0.94,-51.21421996212561,-6.968679254476495,41.61185268433441,35.59,2.0,headache,S079
-13.32,0.94,-51.33127277573488,-7.030858557666569,41.51159030198579,35.59,2.0,headache,S079
16.24,0.94,-51.620079317750246,-6.969728258545744,41.436453944976144,35.57,2.0,headache,S079
3.73,0.94,-51.049516124271705,-7.029472998458046,41.47356851066322,35.57,2.0,headache,S079
-18.53,0.94,-51.48146531610993,-6.971799892559986,41.62073970019186,35.57,2.0,headache,S079
11.67,0.93,-51.138677760982254,-7.025183070501406,41.79033543879984,35.57,2.0,headache,S079
12.76,0.94,-51.51598583000622,-7.094516844907393,41.530903879131685,35.57,2.0,headache,S079
-18.81,0.94,-51.090727736876026,-7.035420777402687,41.59269226099386,35.57,2.0,headache,S079
4.3,0.94,-51.663833865084165,-6.968076133715144,41.4174118175763,35.57,2.0,headache,S079
16.94,0.94,-51.268939410368716,-7.03039706305513,41.66291070421795,35.57,2.0,headache,S079
-13.83,0.94,-51.64773458532929,-6.970711399368969,41.61413925229307,35.59,2.0,headache,S079
-7.3,0.94,-51.19499024506486,-7.028241725721618,41.60974941443221,35.59,2.0,headache,S079
16.89,0.94,-51.46992034027049,-6.9730491331814175,41.41906163933534,35.59,2.0,headache,S079
-7.71,0.94,-51.02847085846636,-7.024448133314297,42.060930336419446,35.59,2.0,headache,S079
-10.24,0.94,-51.54338806414682,-6.986849910026644,41.55137210222959,35.61,2.0,headache,S079
17.57,0.94,-50.92412417169705,-7.178972036711871,41.598630713930945,35.61,2.0,headache,S079
1.81,0.94,-51.59919557627876,-7.056557041474214,41.51957933157336,35.61,2.0,headache,S079
-20.33,0.94,-51.30707764485507,-7.0751833133708315,41.770032555294996,35.61,2.0,headache,S079
12.24,0.94,-52.04180702987743,-7.0814380957691725,41.295773721423345,35.57,2.0,headache,S079
11.31,0.94,-51.64162465936179,-6.97523827246159,41.115098002638675,35.57,2.0,headache,S079
-17.62,0.94,-52.31208930394204,-7.019068904293021,40.977272706827144,35.57,2.0,headache,S079
-2.84,0.94,-51.406293752692214,-6.9760198711615775,41.46115887901081,35.57,2.0,headache,S079
19.65,0.94,-51.87284489770446,-7.153737901328445,40.9228762409879,35.57,2.0,headache,S079
-13.0,0.94,-51.15405375899075,-7.101910754748796,41.76076343967392,35.57,2.0,headache,S079
-12.38,0.94,-52.19521475845184,-7.031868371236047,40.914799210411736,35.57,2.0,headache,S079
13.39,0.94,-50.74163379172342,-6.930259113898571,41.818994028101905,35.57,2.0,headache,S079
3.64,0.94,-52.69984537701375,-7.166670201542417,40.845450586773296,35.59,2.0,headache,S079
-20.33,0.94,-50.13895733841173,-6.717936717843813,43.021328478785556,35.59,2.0,headache,S079
19.32,0.95,-47.604109256370734,-6.846583198193357,44.43056760625494,35.59,2.0,headache,S079
9.28,0.94,-43.31350120747143,-5.7488164356844,49.34910487026895,35.59,2.0,headache,S079
-10.52,0.94,-38.441862552878426,-3.6923246437159496,54.650705560476936,35.59,2.0,headache,S079
-2.71,0.94,-27.11204012464213,-2.92570472258886,59.93904295045796,35.59,2.0,headache,S079
100.21,0.94,-25.5967260006385,-3.1108288313543606,60.16882732824048,35.59,2.0,headache,S079
6.4,0.94,-29.451942781916127,-3.4588397612687793,58.642888071083426,35.59,2.0,headache,S079
-13.07,0.93,-27.402751654068375,-3.197175301862644,59.2325255585374,35.59,2.0,headache,S079
119.55,0.94,-29.499446757151645,-3.015140047616876,58.73087281644809,35.59,2.0,headache,S079
98.51,0.94,-28.264488799443487,-3.017567654797834,59.182216192247886,35.59,2.0,headache,S079
-310.72,0.94,-28.550670776300663,-2.7062340148060167,58.96578754245245,35.59,2.0,headache,S079
-100.92,0.94,-27.67383257383,-3.2978543629118793,59.13972958898342,35.59,2.0,headache,S079
54.37,0.94,-28.152742696633325,-2.842315603741766,59.27063168963776,35.59,2.0,headache,S079
-7.41,0.94,-27.276601436165343,-3.1919488049696363,59.101717720341476,35.59,2.0,headache,S079
10.93,0.94,-28.247340879760046,-3.1158214741947616,59.08461261293605,35.59,2.0,headache,S079
4.04,0.94,-27.73850973381907,-2.7311680562802856,59.072338711776176,35.57,2.0,headache,S079
-0.1,0.94,-28.21303176771545,-3.0836474359471757,58.97310308244856,35.57,2.0,headache,S079
-21.25,0.94,-27.82055715801275,-3.096318775808521,59.014834329562554,35.57,2.0,headache,S079
24.18,0.94,-28.150401955497966,-3.3573086493398767,58.98699630082567,35.57,2.0,headache,S079
-6.32,0.94,-27.879979447956252,-2.832806133280567,59.10726438731691,35.59,2.0,headache,S079
-3.92,0.94,-28.06268297759072,-3.128262415489404,59.04195660230531,35.59,2.0,headache,S079
5.86,0.94,-27.588740155586226,-2.890292893309999,58.975018193475236,35.59,2.0,headache,S079
9.9,0.94,-27.77538676348356,-3.0984095840147114,59.18905985747583,35.59,2.0,headache,S079
-14.78,0.94,-27.6978621017354,-2.909334857906827,59.015549322432506,35.57,2.0,headache,S079
14.01,0.94,-28.032024099684655,-3.084971072633622,59.219113081312955,35.57,2.0,headache,S079
1.79,0.94,-27.54302105320264,-2.91941380925515,59.31705417789773,35.57,2.0,headache,S079
-10.79,0.94,-27.752618776168735,-3.07709717529756,59.14722073523925,35.57,2.0,headache,S079
3.45,0.95,-27.792708366993715,-2.925746555994198,59.14577214534667,35.59,2.0,headache,S079
17.32,0.94,-28.045830536155872,-3.0718937652705933,58.969899577877115,35.59,2.0,headache,S079
-17.85,0.94,-27.80798429162842,-2.930090114841843,58.99520121618102,35.59,2.0,headache,S079
-1.22,0.94,-28.1615134552408,-3.068227023863489,59.21276407878942,35.59,2.0,headache,S079
15.57,0.94,-27.656431483156638,-2.9332071592241657,59.23163140849377,35.59,2.0,headache,S079
2.34,0.94,-27.799964639183806,-3.0655710424502733,59.17436339023344,35.59,2.0,headache,S079
-13.01,0.94,-27.680278898106362,-2.935462185683159,59.00005206423964,35.59,2.0,headache,S079
16.75,0.94,-27.88772750135186,-3.0636802729425052,59.10043567297135,35.59,2.0,headache,S079
-0.57,0.94,-27.575503216631343,-2.9370031890059534,59.17247042212654,35.59,2.0,headache,S079
-14.36,0.94,-27.699564780981667,-3.062499946513829,59.166178855468864,35.59,2.0,headache,S079
5.9,0.94,-27.643764435815484,-2.937776346272249,59.17588530420039,35.59,2.0,headache,S079
16.57,0.94,-27.727774366226534,-3.0622406223349175,59.18197707401821,35.59,2.0,headache,S079
-18.97,0.94,-27.756685255636743,-2.9372942877452015,59.20453986429346,35.61,2.0,headache,S079
-1.28,0.95,-27.84912716308739,-3.06398358211574,59.24648286031128,35.61,2.0,headache,S079
14.79,0.95,-28.034303506752714,-2.9328642160346226,59.16416688056349,35.61,2.0,headache,S079
-2.42,0.94,-27.801584330288033,-3.076984870391199,59.17594663947234,35.61,2.0,headache,S079
-13.74,0.95,-27.68861145984948,-2.7020110435882487,59.044649552197626,35.61,2.0,headache,S079
16.53,0.94,-27.674557280173435,-3.023862767580704,59.02328104654853,35.61,2.0,headache,S079
6.41,0.94,-27.669838945915526,-2.960598816216588,59.21927367514552,35.61,2.0,headache,S079
-9.83,0.94,-27.721566841342916,-3.043730665275352,59.12669673406731,35.61,2.0,headache,S079
2.78,0.94,-27.95595298947386,-2.954402313895956,59.01699633605898,35.57,2.0,headache,S079
13.57,0.94,-27.607452502173086,-3.0465373085508323,59.10552876003979,35.57,2.0,headache,S079
-16.92,0.94,-27.702731812777557,-2.952965143191401,59.06728053027023,35.57,2.0,headache,S079
-3.82,0.95,-27.945611794661183,-3.047291895280038,59.152253084860206,35.57,2.0,headache,S079
16.36,0.95,-27.83242339457186,-2.9525929639058,59.33425910135569,35.59,2.0,headache,S079
-3.89,0.94,-27.847242852260273,-3.0474342386491173,59.28820605740027,35.59,2.0,headache,S079
-16.23,0.94,-28.05557855404072,-2.9525943689508356,59.00491486225608,35.59,2.0,headache,S079
15.58,0.95,-27.957505613739407,-3.047341742484947,59.0879406980451,35.59,2.0,headache,S079
4.82,0.95,-28.039095553142896,-2.952743406794198,58.90387061262535,35.57,2.0,headache,S079
-14.33,0.94,-27.960443759998885,-3.047160459954903,59.17065830559868,35.57,2.0,headache,S079
7.02,0.94,-28.045600537039505,-2.952938484228792,59.151037985459595,35.57,2.0,headache,S079
14.99,0.95,-27.854600363558507,-3.0469669098170513,59.13771859804686,35.57,2.0,headache,S079
-16.18,0.95,-27.99768513148184,-2.9531164128121747,58.92582404201641,35.59,2.0,headache,S079
2.02,0.94,-28.00044119594476,-3.046819038842908,59.24946604382882,35.59,2.0,headache,S079
13.91,0.95,-27.937277014342545,-2.953217857175106,59.10352739092333,35.59,2.0,headache,S079
-10.37,0.95,-27.908640748754966,-3.046784291863213,59.19656666405362,35.59,2.0,headache,S079
-10.52,0.94,-27.950861076814366,-2.953158878019289,58.97748219720926,35.61,2.0,headache,S079
20.18,0.94,-27.911659835555405,-3.046975449669353,59.03118902955574,35.61,2.0,headache,S079
-7.05,0.95,-28.075345912794713,-2.9527772494790474,58.96720982339896,35.61,2.0,headache,S079
-12.19,0.94,-27.924737657008038,-3.047642490507337,59.02927307603233,35.61,2.0,headache,S079
14.17,0.94,-28.083666031059476,-2.951655107450439,59.0199409952578,35.61,2.0,headache,S079
4.41,0.95,-27.869639812442923,-3.0495674384905946,59.23782848452543,35.61,2.0,headache,S079
-14.88,0.95,-27.97175750670423,-2.948027840741208,59.339569479635685,35.61,2.0,headache,S079
16.85,0.94,-27.96828658044835,-3.0587852968492064,59.03113340728965,35.61,2.0,headache,S079
5.13,0.94,-28.044113475409084,-3.074083179710458,59.07920361495725,35.61,2.0,headache,S079
-22.02,0.94,-27.948913133088947,-3.0438908766780073,59.089395031629216,35.61,2.0,headache,S079
2.13,0.95,-28.058369617058645,-2.941308546403445,59.135714384937685,35.61,2.0,headache,S079
21.11,0.94,-27.9234896103729,-3.143564834024427,59.08178637853675,35.61,2.0,headache,S079
-18.46,0.94,-27.929449633340006,-3.0088365287383336,58.94843064280831,35.59,2.0,headache,S079
-3.04,0.94,-27.977290465451965,-3.0174868951783664,59.04740738764012,35.59,2.0,headache,S079
20.47,0.95,-28.016368398325156,-2.975574793679538,58.953380929164325,35.59,2.0,headache,S079
-9.11,0.94,-27.831896859932723,-3.0278516050622715,59.04719160096001,35.59,2.0,headache,S079
-16.89,0.95,-28.075049181931497,-2.969307983074194,58.95055961179523,35.59,2.0,headache,S079
22.31,0.94,-27.931458989353235,-3.036679542671034,59.057155821104274,35.59,2.0,headache,S079
3.37,0.94,-28.067347985943325,-3.0985125382248087,59.07009486208296,35.59,2.0,headache,S079
-15.19,0.94,-27.932359514874786,-3.0145970503206887,59.12299072122637,35.59,2.0,headache,S079
8.01,0.95,-28.068642705809825,-2.9826312122806673,59.033297123627904,35.59,2.0,headache,S079
14.47,0.94,-27.929776328338257,-3.016051755855914,58.97763210116807,35.59,2.0,headache,S079
-21.61,0.94,-28.072620356221282,-2.988372635484759,59.09184584979528,35.59,2.0,headache,S079
-1.17,0.95,-27.923207550373398,-2.999846354375325,59.192360175790625,35.59,2.0,headache,S079
21.97,0.95,-28.087039743123555,-3.0861252276310185,59.00090994560309,35.61,2.0,headache,S079
-6.87,0.94,-27.830666356040386,-3.0622695993461195,59.1206468794275,35.61,2.0,headache,S079
-16.73,0.94,-28.010973146509794,-2.9745154434027783,59.073679380420394,35.61,2.0,headache,S079
17.11,0.95,-27.82796476475078,-3.0472115732873446,59.22994661058785,35.61,2.0,headache,S079
6.13,0.94,-28.064947179466035,-3.0346978748593734,58.87695427292518,35.61,2.0,headache,S079
-14.69,0.94,-27.934248344534467,-3.084657171365127,59.09785080142622,35.61,2.0,headache,S079
-1.24,0.94,-27.921009834844646,-2.933377029394004,59.124410116846455,35.61,2.0,headache,S079
19.5,0.95,-27.84284225733394,-3.063435149388529,59.165406491386854,35.61,2.0,headache,S079
-17.15,0.94,-27.914612297680176,-2.9298600778166994,59.02458416329666,35.61,2.0,headache,S079
-10.47,0.94,-27.400822697517395,-3.132095771629066,59.23458832190078,35.61,2.0,headache,S079
17.48,0.94,-27.99957566224765,-3.0284388267556284,59.02487071054648,35.61,2.0,headache,S079
0.09,0.95,-27.81022288374776,-3.01119518664096,59.14776728707386,35.61,2.0,headache,S079
-21.34,0.94,-28.05043799445771,-2.981159449423186,59.042083344798684,35.61,2.0,headache,S079
9.67,0.94,-27.936476404633773,-3.021392425220605,59.35626874769034,35.61,2.0,headache,S079
10.12,0.95,-28.066527734477706,-2.9777746973833272,58.90873854232496,35.61,2.0,headache,S079
-19.97,0.95,-27.932969801119224,-3.022272935252636,59.127125017031844,35.61,2.0,headache,S079
-2.84,0.94,-28.0661804131768,-2.9781107425268667,59.03062933577,35.59,2.0,headache,S079
22.06,0.95,-27.936044349476074,-3.0212343736864518,59.044038983595584,35.59,2.0,headache,S079
-10.28,0.95,-28.05931278253198,-2.9796102311321495,58.94817817669429,35.59,2.0,headache,S079
-10.2,0.94,-27.952561256135567,-3.019401206030661,59.050150874232955,35.59,2.0,headache,S079
17.95,0.94,-27.97546581181039,-2.981702353434298,58.98269366385429,35.61,2.0,headache,S079
-2.9,0.95,-27.6707164808474,-3.0171012326348587,59.238736692189796,35.61,2.0,headache,S079
-18.56,0.94,-28.03989363895797,-2.984165928414566,59.129081005848526,35.61,2.0,headache,S079
16.36,0.94,-27.85943803151223,-3.0145246935784527,59.00968898942362,35.61,2.0,headache,S079
8.2,0.94,-27.9794680112149,-2.9867835689991904,59.0983681004313,35.59,2.0,headache,S079
-20.82,0.95,-27.986850037196188,-3.011980622340107,59.03242662373985,35.59,2.0,headache,S079
8.39,0.94,-28.01084920361362,-2.989060277219476,58.97333213379592,35.59,2.0,headache,S079
16.5,0.94,-28.004223311961553,-3.0103105624449493,59.02088841052046,35.59,2.0,headache,S079
-13.86,0.94,-27.881069510990333,-2.989509820653322,58.98384602967757,35.61,2.0,headache,S079
-4.68,0.94,-27.993578466523317,-3.012237124202482,59.03049915093384,35.61,2.0,headache,S079
23.4,0.94,-27.9680926018636,-2.9829166057657996,59.14503252237949,35.61,2.0,headache,S079
-9.75,0.94,-28.07416318177492,-3.0283530999819717,58.99177853186169,35.61,2.0,headache,S079
-10.22,0.94,-27.806896465057836,-2.9461076391161005,59.211108683544566,35.61,2.0,headache,S079
13.02,0.94,-28.0562507834929,-3.1124733380620166,58.67409384487157,35.61,2.0,headache,S079
8.02,0.94,-28.17871560119712,-2.9334823762925706,59.40547145728623,35.61,2.0,headache,S079
-28.27,0.94,-35.879118726420536,-9.511203308389385,54.987492982068055,35.61,2.0,headache,S079
19.13,0.94,-18.614571172860646,-18.12512736309293,60.72104497898698,35.61,2.0,headache,S079
-0.44,0.93,-43.291168539758544,-11.692010648285992,46.022282944987474,35.61,2.0,headache,S079
22.81,0.93,-49.6210394023014,-9.242859057827062,45.739981025652625,35.61,2.0,headache,S079
-77.19,0.93,-32.12765412465916,-9.624551720948988,55.7648511318146,35.61,2.0,headache,S079
-181.21,0.93,-33.55548904811661,-8.450451939192472,55.81406845697134,35.57,2.0,headache,S079
-18.89,0.93,-29.398698645505593,-10.00926011512987,58.252331589043344,35.57,2.0,headache,S079
-8.86,0.93,-29.42318400964659,-4.36080473088402,57.51482790246891,35.57,2.0,headache,S079
190.08,0.93,-32.91357662160579,-3.995946992846325,56.62420349324676,35.57,2.0,headache,S079
117.24,0.92,-34.61930925882408,-7.112831296772497,56.00294371127016,35.59,2.0,headache,S079
-54.79,0.93,-31.887984932633103,-4.8028599236593355,56.95687449020546,35.59,2.0,headache,S079
42.51,0.93,-29.564347645786007,-3.775219723149315,59.31716911747628,35.59,2.0,headache,S079
166.37,0.93,-29.699266825746058,-5.837916772466644,57.524073082899825,35.59,2.0,headache,S079
2.6,0.93,-30.198957204309107,-3.7450880761972734,58.2970375417298,35.61,2.0,headache,S079
-157.74,0.94,-30.27490196939431,-5.170934468436906,57.65662601407704,35.61,2.0,headache,S079
129.89,0.94,-30.69587129784985,-3.9373877605356946,57.81454374083125,35.61,2.0,headache,S079
-86.49,0.94,-31.09469493593029,-4.408857854594156,58.02313606553428,35.61,2.0,headache,S079
-69.17,0.94,-31.36578855519001,-3.8359704183283556,57.747004096057886,35.63,2.0,headache,S079
57.81,0.94,-30.873085031428193,-4.47125909749636,57.90520431723884,35.63,2.0,headache,S079
-118.67,0.94,-31.267470193137477,-3.9813866210095914,57.82598640594889,35.63,2.0,headache,S079
4.11,0.96,-30.604842424905183,-4.2532633541578715,58.049498845669945,35.63,2.0,headache,S079
21.59,0.94,-31.084143064788865,-3.853370478452544,57.93013310867901,35.63,2.0,headache,S079
0.28,0.94,-29.928517087366654,-4.101652121292486,58.0768771371351,35.63,2.0,headache,S079
22.28,0.94,-30.235612447722648,-3.995384763764862,57.92205127691468,35.63,2.0,headache,S079
9.35,0.93,-30.210262861569504,-4.300609260222994,58.06959840502534,35.63,2.0,headache,S079
-22.49,0.94,-30.485560791120374,-3.8430591436221393,58.01703859064643,35.61,2.0,headache,S079
32.0,0.94,-30.54386172128127,-4.134290592051071,58.109224797388265,35.61,2.0,headache,S079
-4.79,0.93,-30.596747845988826,-3.8756686271578316,57.757127183558495,35.61,2.0,headache,S079
-21.78,0.94,-30.810721137674747,-4.120384653854082,58.16323144275229,35.61,2.0,headache,S079
9.6,0.94,-31.091025783871345,-3.8750999526567007,57.84620753560096,35.61,2.0,headache,S079
-0.77,0.94,-30.525120148660584,-4.204018863004652,58.152959802302945,35.61,2.0,headache,S079
-11.65,0.94,-30.87783393385399,-3.951900471428046,57.843773451183196,35.61,2.0,headache,S079
25.57,0.94,-30.672935858165733,-4.079446991871277,58.16447193763754,35.61,2.0,headache,S079
-23.7,0.94,-30.95622559707355,-4.090242248548685,57.810655606340966,35.63,2.0,headache,S079
-7.64,0.93,-30.55328329384131,-4.04531772521669,58.07236230306316,35.63,2.0,headache,S079
29.56,0.93,-31.03539890708224,-3.7633873357400525,57.99286108312911,35.63,2.0,headache,S079
-13.45,0.94,-30.79765762170262,-4.100590424169641,58.03747018514838,35.63,2.0,headache,S079
-25.6,0.94,-31.096019852302227,-3.3220225901362412,57.75815341379002,35.61,2.0,headache,S079
3.98,0.94,-30.58530525088794,-4.036416163806962,58.04838690408373,35.61,2.0,headache,S079
-21.3,0.94,-31.314437481027657,-3.43082541104679,57.92752902307704,35.61,2.0,headache,S079
-2.21,0.94,-30.70103679727409,-3.919161529809431,58.16688185929361,35.61,2.0,headache,S079
20.9,0.94,-31.096265665633346,-4.0128385821805175,57.77722560189898,35.61,2.0,headache,S079
35.81,0.93,-30.456629309595296,-3.9818225270156042,58.15067401128398,35.61,2.0,headache,S079
-18.16,0.94,-31.038055728315978,-3.6402850144607704,57.842546749958586,35.61,2.0,headache,S079
27.37,0.94,-30.415942626751168,-4.335278795646171,58.16283130672327,35.61,2.0,headache,S079
11.38,0.93,-31.109618418022333,-3.8246946093055376,57.832285451257576,35.63,2.0,headache,S079
-27.48,0.93,-30.54906558243821,-4.144553859051995,58.17252859056018,35.63,2.0,headache,S079
7.49,0.94,-30.973912064477094,-3.869013448944918,57.82245770128381,35.63,2.0,headache,S079
-4.63,0.93,-30.215231404307435,-4.124507129489828,58.18304138856859,35.63,2.0,headache,S079
-14.61,0.93,-31.202627117415194,-3.8774199495753856,57.81050497300011,35.61,2.0,headache,S079
24.02,0.94,-30.388034813155436,-4.125241061125562,58.19794972751453,35.61,2.0,headache,S079
-12.63,0.94,-31.38168496214538,-3.8645955519220494,57.7884245644461,35.61,2.0,headache,S079
-2.47,0.93,-30.22926534328888,-4.166067978736591,58.24703394680503,35.61,2.0,headache,S079
5.4,0.93,-31.42087746673856,-3.6802802999622735,57.73986573363007,35.65,2.0,headache,S079
-21.32,0.94,-30.69907107368944,-3.815904422243942,57.8337534537185,35.65,2.0,headache,S079
3.49,0.94,-31.379867384095498,-3.5856440387739212,57.83150384251932,35.65,2.0,headache,S079
-3.7,0.94,-30.473276261323996,-3.8641798573110875,58.15527932036596,35.65,2.0,headache,S079
-17.89,0.93,-31.477743272306412,-3.4499676975723688,57.691259692153466,35.61,2.0,headache,S079
46.13,0.94,-30.562861223839192,-3.9337728584019995,58.05948579183509,35.61,2.0,headache,S079
-19.01,0.94,-31.017256267366815,-3.6573586986935176,57.62254881192281,35.61,2.0,headache,S079
-18.09,0.93,-30.02705685428211,-3.593708826141445,58.15344163325308,35.61,2.0,headache,S079
4.75,0.94,-31.62548187506199,-3.5780790911366553,57.83753226288584,35.63,2.0,headache,S079
-23.18,0.94,-30.080955190936628,-3.7232523213033106,58.215386179309675,35.63,2.0,headache,S079
8.15,0.94,-31.560280720223727,-3.553770887647456,57.660320069136624,35.63,2.0,headache,S079
40.34,0.93,-30.356076902021695,-3.4259831350815717,58.17214046787199,35.63,2.0,headache,S079
-27.5,0.94,-31.74732598666441,-3.6882739978508927,57.6764838617243,35.63,2.0,headache,S079
12.25,0.94,-30.325354069615933,-3.423206773112984,57.88779546618671,35.63,2.0,headache,S079
9.64,0.93,-31.838824606698115,-3.7134451446081806,57.402043753102696,35.63,2.0,headache,S079
-18.77,0.94,-30.534471540096497,-3.8366801053506485,58.05505116383787,35.63,2.0,headache,S079
2.89,0.94,-31.831590747200647,-3.6112835390223523,57.45428144313731,35.65,2.0,headache,S079
40.4,0.93,-30.53889022785493,-3.7777699758472387,57.925559927379,35.65,2.0,headache,S079
-26.47,0.93,-32.37850084877157,-3.8650447559667174,58.16957345706519,35.65,2.0,headache,S079
-9.77,0.94,-30.805194669236666,-6.227042315550861,57.39952582342293,35.65,2.0,headache,S079
23.93,0.94,-33.3658709341821,-6.547432784446947,56.833381374931946,35.65,2.0,headache,S079
12.22,0.93,-18.77181064644796,-7.900722036730872,61.96574591746469,35.65,2.0,headache,S079
1.4,0.93,-29.170920308063295,-6.777004358853599,60.650082330235705,35.65,2.0,headache,S079
135.76,0.93,-29.078331414731835,-19.71225644550205,58.76358964182348,35.65,2.0,headache,S079
-20.39,0.93,-13.407758135403594,-34.779941473870934,55.24913024477009,35.63,2.0,headache,S079
-152.84,0.93,2.694534363054481,-11.680441630821868,60.316349697391324,35.63,2.0,headache,S079
73.47,0.94,3.019558810871047,-9.881778214824632,59.72092160819782,35.63,2.0,headache,S079
-102.08,0.94,4.3394415265683755,-14.595483570638603,65.9759477064174,35.63,2.0,headache,S079
-324.59,0.94,2.466607193083988,-15.608015006305994,61.64371394626736,35.65,2.0,headache,S079
155.01,0.95,17.909249418413513,-11.40678301266546,64.10587985038478,35.65,2.0,headache,S079
139.94,0.95,-33.94168574037851,-12.161919178552592,56.91035560283673,35.65,2.0,headache,S079
131.93,0.94,-55.35729630214879,-19.840198626491073,36.45919087704692,35.65,2.0,headache,S079
-52.79,0.94,-4.093359864819745,-31.9273682290129,54.891046734656825,35.63,2.0,headache,S079
48.76,0.94,-20.505172139208227,-38.860836907731056,53.3330239010121,35.63,2.0,headache,S079
-105.03,0.94,-2.593813020079495,-40.957534029116616,41.81364805476012,35.63,2.0,headache,S079
-257.34,0.93,0.45257114563683765,-36.83652368265014,55.900770355739695,35.63,2.0,headache,S079
68.07,0.92,-41.40708404212223,-32.56612776249882,41.66776220654752,35.61,2.0,headache,S079
139.25,0.93,-7.615374915796427,-22.854347587614722,50.96368870559778,35.61,2.0,headache,S079
168.18,0.92,22.69910529847259,-6.113812530125639,72.89515839336238,35.61,2.0,headache,S079
72.28,0.92,14.171251661393566,-18.715951378665267,53.608576681216164,35.61,2.0,headache,S079
145.57,0.94,35.733345999776375,-5.936246147585884,57.576361377362055,35.63,2.0,headache,S079
-410.86,0.94,38.894225103517066,2.230062663868858,48.283455370254195,35.63,2.0,headache,S079
60.03,0.94,44.96933927883418,4.554707325911983,50.08805816976558,35.63,2.0,headache,S079
216.02,0.93,42.72896986139687,3.4275566909763726,46.38864928984777,35.63,2.0,headache,S079
-115.17,0.94,40.47493741775607,2.7458180643343537,52.48166079973503,35.61,2.0,headache,S079
-76.53,0.94,37.950528437640195,3.2122528402109434,49.78839327544238,35.61,2.0,headache,S079
11.09,0.93,38.282572918298214,4.884293065434065,53.21948111121899,35.61,2.0,headache,S079
22.81,0.94,35.884061134413614,3.6595282813421726,51.70392753457197,35.61,2.0,headache,S079
12.36,0.94,35.37454995679799,4.6236875522899235,56.09880297499932,35.63,2.0,headache,S079
-7.58,0.93,33.78025853639435,1.2831596246499561,53.105944909437596,35.63,2.0,headache,S079
32.71,0.94,34.4861321552405,3.3438741252730537,57.571056310937344,35.63,2.0,headache,S079
-26.52,0.94,33.36143407703366,1.5578572183077906,52.67424211502426,35.63,2.0,headache,S079
9.95,0.94,33.36777278977202,2.419496639692009,55.481555726495024,35.65,2.0,headache,S079
10.63,0.93,33.39191905547851,1.144707618174509,55.23243958312279,35.65,2.0,headache,S079
-16.79,0.94,30.676986017659285,3.5886280647777005,56.56448559838922,35.65,2.0,headache,S079
-0.15,0.94,33.38527914575336,0.38083494704191334,58.5594697854367,35.65,2.0,headache,S079
-13.65,0.94,23.73746917135384,-2.4108130346479477,54.814943764989806,35.63,2.0,headache,S079
34.62,0.93,35.2724698863054,0.1721016560924089,61.69021513323837,35.63,2.0,headache,S079
-9.77,0.94,7.443470467085502,-2.909389838174762,54.772435612224704,35.63,2.0,headache,S079
73.17,0.94,8.539584216092985,-5.572068374216195,57.54246837177037,35.63,2.0,headache,S079
-120.52,0.93,25.25712267322587,-3.8738376627135107,61.34011865107861,35.63,2.0,headache,S079
-66.41,0.93,20.848144118258407,0.7475693347281898,62.505857516702925,35.63,2.0,headache,S079
-10.96,0.93,23.383510921284334,3.1653670503213287,66.71564375333661,35.63,2.0,headache,S079
-25.1,0.93,14.963917017498913,-9.030501836650544,56.665108614911794,35.63,2.0,headache,S079
249.42,0.93,11.170321066883268,-8.389079451397269,61.6803996314247,35.65,2.0,headache,S079
-65.77,0.94,8.732764401236992,-6.844492827513889,63.62637367252775,35.65,2.0,headache,S079
-113.46,0.95,18.4657344374137,-3.9939344637080088,63.14066145546439,35.65,2.0,headache,S079
-5.28,0.94,27.590357786773787,0.3100948435669291,57.11921673422983,35.65,2.0,headache,S079
71.19,0.94,23.79747011220531,-18.89744442695863,60.96664350075644,35.63,2.0,headache,S079
-60.02,0.95,12.074742659275016,-23.343891440082995,57.054897598011365,35.63,2.0,headache,S079
-29.74,0.95,16.18723560625692,-19.342246716120414,60.13912063047276,35.63,2.0,headache,S079
-46.68,0.95,16.042053231738105,-16.819329645896076,60.59657196867538,35.63,2.0,headache,S079
147.65,0.95,14.667350830233753,-17.186144431250785,60.33827170378323,35.61,2.0,headache,S079
26.86,0.95,16.201458235372613,-16.735549808496994,59.81552116524888,35.61,2.0,headache,S079
-39.9,0.95,14.088976662247394,-16.711244023954947,60.14476406529837,35.61,2.0,headache,S079
-2.62,0.96,18.79413202055612,-16.37883358358962,66.08586758104039,35.61,2.0,headache,S079
-6.41,0.96,24.12531751255354,-1.7052986654929907,55.72297790821351,35.59,2.0,headache,S079
-8.74,0.95,17.285184530808515,-8.314854427174806,62.54990442672354,35.59,2.0,headache,S079
-16.37,0.96,13.48120885481533,-13.706527637508726,61.51379010606174,35.59,2.0,headache,S079
-10.73,0.96,16.137928098856257,-9.149476320762467,62.965053490751124,35.59,2.0,headache,S079
9.6,0.96,21.699278515883613,-12.389590513726926,58.55815761689846,35.61,2.0,headache,S079
120.23,0.96,17.134286075326077,-13.387971097374603,60.490909948956386,35.61,2.0,headache,S079
-63.11,0.96,18.036439199232152,-13.247468503256904,63.99590639055733,35.61,2.0,headache,S079
-84.79,0.97,16.56549786432866,-14.879960260534755,58.32338086448685,35.61,2.0,headache,S079
-56.05,0.96,16.43927341505365,-14.57291098969649,62.470636478331826,35.59,2.0,headache,S079
14.88,0.96,17.65060250949225,-14.773447405255624,58.11907695689848,35.59,2.0,headache,S079
65.53,0.96,18.89180128806938,-14.85404015619691,61.741224598296135,35.59,2.0,headache,S079
24.23,0.96,16.449250652765894,-15.779325867121921,59.33986879331978,35.59,2.0,headache,S079
3.59,0.96,16.888977272188757,-15.138984815699315,62.00795673867789,35.61,2.0,headache,S079
0.09,0.97,17.142466382953398,-16.86942573799143,59.669728229698386,35.61,2.0,headache,S079
1.81,0.97,24.54568270884645,-6.728564886706776,60.48276973005813,35.61,2.0,headache,S079
-2.63,0.97,23.95439180339411,-7.270738167919235,58.69865183713095,35.61,2.0,headache,S079
2.03,0.96,23.985521539795965,-9.3652415172907,60.18040842655736,35.61,2.0,headache,S079
6.99,0.97,20.192879145107437,-11.722841730078157,61.49607256204474,35.61,2.0,headache,S079
-21.63,0.97,21.70828262120202,-14.15368412326908,58.33856514269972,35.61,2.0,headache,S079
0.12,0.96,24.67862574400855,-11.167878198512913,58.449352567939926,35.61,2.0,headache,S079
-3.53,0.97,21.230443923789316,-10.74740077202023,60.63791986073892,35.63,2.0,headache,S079
-3.3,0.97,23.849205752346464,-9.238139913922696,59.54161406783433,35.63,2.0,headache,S079
7.29,0.97,23.5655779380186,-8.419277146180168,60.21347673240322,35.63,2.0,headache,S079
-10.95,0.96,26.658072569002925,-10.638373659546602,58.166364595221246,35.63,2.0,headache,S079
6.07,0.97,21.719687406851097,-11.842992323955954,58.60381418972262,35.61,2.0,headache,S079
-16.26,0.97,25.601549312117772,-11.430756663086841,58.80099074210439,35.61,2.0,headache,S079
-2.15,0.97,25.56701050145144,-10.687111368179606,58.77057756024387,35.61,2.0,headache,S079
-14.68,0.97,26.837638935137104,-10.028073040835762,58.50668232458773,35.61,2.0,headache,S079
-6.3,0.97,25.287490989372156,-12.159423570951072,58.43452174303508,35.61,2.0,headache,S079
35.2,0.96,24.732530620916656,-10.2093266428161,58.475090028162846,35.61,2.0,headache,S079
15.41,0.96,26.468674918256646,-13.004269791541452,62.15676971441756,35.61,2.0,headache,S079
3.77,0.97,29.374725452068784,-13.148394159769007,54.903685791682605,35.61,2.0,headache,S079
6.04,0.97,27.445191324800486,-11.849680466648627,54.421956536703526,35.63,2.0,headache,S079
-10.51,0.96,30.083015002250846,-12.139610824469354,53.72957293271725,35.63,2.0,headache,S079
-6.6,0.97,26.94537888071092,-12.96006737154703,59.087555841743075,35.63,2.0,headache,S079
13.32,0.97,28.055701804281586,-11.500350741237096,57.02671931269279,35.63,2.0,headache,S079
7.9,0.96,26.87485235553598,-11.308002735455673,57.25621244371093,35.63,2.0,headache,S079
-16.94,0.96,28.052109750490622,-11.065655618888137,58.56696381644667,35.63,2.0,headache,S079
-47.84,0.97,26.344155257807046,-11.101130030471,56.752188075276266,35.63,2.0,headache,S079
23.99,0.96,29.496766524228015,-10.205376595310048,56.242867059882805,35.63,2.0,headache,S079
18.84,0.96,29.71252525258272,-14.08002277173624,61.5146606481326,35.63,2.0,headache,S079
22.77,0.96,28.281503727522043,-11.73519018543689,51.91674013144378,35.63,2.0,headache,S079
5.39,0.96,31.630145361591214,-12.252987146735936,54.702083790853905,35.63,2.0,headache,S079
33.55,0.96,31.066804502814573,-10.499558601565324,57.340209411299234,35.63,2.0,headache,S079
36.48,0.96,28.695528955677727,-10.174115383619657,56.36897277670314,35.63,2.0,headache,S079
-34.13,0.96,27.52313756808299,-8.866213314798397,54.31080884473721,35.63,2.0,headache,S079
-81.44,0.96,28.589947546877458,-4.456599750547119,60.67019064276559,35.63,2.0,headache,S079
27.05,0.96,30.35095095502922,-0.7293556271644123,60.06826631939072,35.63,2.0,headache,S079
-0.85,0.96,25.283889498884502,-3.3522369811455337,56.11110145380027,35.63,2.0,headache,S079
18.8,0.96,33.26714349147812,-2.7367794889517363,62.68885884810777,35.63,2.0,headache,S079
-89.38,0.96,18.06641253874565,-12.940835911911137,51.51387438683322,35.63,2.0,headache,S079
56.38,0.95,34.93606025702719,-1.3786136041454158,68.82213322078996,35.63,2.0,headache,S079
40.71,0.95,-19.037216835931865,-13.696668640213696,47.87280535855741,35.65,2.0,headache,S079
46.98,0.96,-49.26645644710378,-28.274209355895103,29.70490159245831,35.65,2.0,headache,S079
-89.47,0.94,-45.497667314319585,-42.74509679557679,19.646799538560973,35.65,2.0,headache,S079
-19.45,0.93,-65.85996844618259,-42.00628991649274,-23.134661416565066,35.65,2.0,headache,S079
-146.19,0.96,-16.481291694459046,-43.429893627687576,-4.9361220721179295,35.65,2.0,headache,S079
88.66,0.93,23.2575983114899,13.89871703979529,51.08055471248049,35.65,2.0,headache,S079
228.64,0.95,-13.512859893940613,15.940315624462533,61.827550397332075,35.65,2.0,headache,S079
-66.18,0.96,-15.130769011715678,3.541248779362678,62.394936797410985,35.65,2.0,headache,S079
-7.84,0.96,-15.718997122313162,7.76554202239852,65.45004438911275,35.65,2.0,headache,S079
-110.02,0.95,-27.475730844474203,-9.281704489707288,55.76887006191831,35.65,2.0,headache,S079
2.55,0.95,-32.48810132178389,0.09095823129099921,57.673862154815076,35.65,2.0,headache,S079
41.09,0.93,-21.400043799191096,3.5172701072746966,62.6912206286816,35.65,2.0,headache,S079
33.95,0.95,-24.264949245538496,1.0559796303206093,59.869891847420284,35.65,2.0,headache,S079
-6.93,0.94,-23.205637686408444,2.167704554243267,61.462136469173466,35.65,2.0,headache,S079
-136.17,0.95,-24.887233068055814,4.196965161594906,60.25136134050012,35.65,2.0,headache,S079
71.0,0.95,-23.94414461822538,2.6119270993900408,60.35559589673566,35.65,2.0,headache,S079
105.96,0.95,-24.23858222487772,3.7477758831037757,60.39813302499116,35.61,2.0,headache,S079
-51.42,0.95,-25.018664128121046,2.4401264633082946,59.901011394827336,35.61,2.0,headache,S079
17.82,0.95,-24.002989853782037,4.824398947165408,60.61500593751024,35.61,2.0,headache,S079
-19.91,0.95,-25.670292523667012,2.092623719907199,60.73621349354217,35.61,2.0,headache,S079
9.08,0.95,-21.66005994143167,1.8265768994319271,60.77122580177161,35.61,2.0,headache,S079
-14.73,0.95,-24.86301227571221,4.4500041462150595,60.87958777538242,35.61,2.0,headache,S079
20.22,0.95,-22.905230284612717,2.850802270772612,60.74391897134347,35.61,2.0,headache,S079
-24.19,0.95,-24.016744126060157,2.116930441661181,60.87570059536812,35.61,2.0,headache,S079
14.57,0.95,-22.998149390664157,2.4287252774271177,60.808211505788975,35.61,2.0,headache,S079
8.39,0.95,-23.692045066873792,2.318278669552844,60.607944028366255,35.61,2.0,headache,S079
-11.64,0.96,-23.553146129925345,3.157115543703201,60.472106241227415,35.61,2.0,headache,S079
-4.14,0.95,-24.542723523310883,1.7179501314829588,60.53637022453873,35.61,2.0,headache,S079
3.82,0.96,-22.91261101418751,2.7639023635898274,60.94144331016841,35.57,2.0,headache,S079
-16.49,0.95,-24.43199653338694,2.0250796636900694,60.72201211623115,35.57,2.0,headache,S079
15.59,0.95,-23.441452418225747,2.862372236495478,61.154065208678574,35.57,2.0,headache,S079
-14.08,0.95,-24.56741107729957,2.2359178792356533,60.87616296364399,35.57,2.0,headache,S079
2.35,0.96,-23.354681423684582,2.759082138914463,61.07545026025078,35.59,2.0,headache,S079
1.76,0.96,-24.4849201743671,1.9158115039940078,60.68666823905708,35.59,2.0,headache,S079
-8.6,0.95,-23.49800768033701,2.64094328393989,61.0962784801669,35.59,2.0,headache,S079
3.45,0.95,-24.500039310566258,1.9645352119102033,60.66856877973003,35.59,2.0,headache,S079
-1.68,0.95,-23.506215280901237,2.3892696626986565,60.9140591880266,35.57,2.0,headache,S079
-8.71,0.96,-24.482361134870196,1.9345334540768035,60.827288440512966,35.57,2.0,headache,S079
13.65,0.95,-23.38721353960751,2.442746785092811,61.073679350975056,35.57,2.0,headache,S079
-13.78,0.95,-24.4955122474741,1.7422375565973731,60.66590977157502,35.57,2.0,headache,S079
3.68,0.96,-23.508828474359216,2.6628511544755624,61.10208627207858,35.59,2.0,headache,S079
6.99,0.95,-24.348375618152293,2.0914554954183378,60.83834001671591,35.59,2.0,headache,S079
-10.47,0.95,-23.544751257788523,2.621182139475722,60.90906517812662,35.59,2.0,headache,S079
3.24,0.96,-24.453871107297463,1.9152624821522701,60.80071308513929,35.59,2.0,headache,S079
11.28,0.96,-23.551871774582484,2.3212375751242,61.06358847198197,35.59,2.0,headache,S079
-14.86,0.95,-24.322639586374212,1.9996910086046888,60.87816754708243,35.59,2.0,headache,S079
5.12,0.95,-23.556641315679848,2.269239282700884,60.80973222912358,35.59,2.0,headache,S079
9.26,0.96,-24.409615318025175,1.8834944280752468,60.8510049528488,35.59,2.0,headache,S079
-10.31,0.96,-23.433942642913156,2.26717066617994,60.930903499412594,35.59,2.0,headache,S079
-1.31,0.96,-24.492978842168377,1.9224805432692538,60.95770544027579,35.59,2.0,headache,S079
13.82,0.96,-23.51148955214636,2.26639189363238,60.90862096603729,35.59,2.0,headache,S079
-10.51,0.96,-24.49525610332392,1.781491586127425,60.919442181438626,35.59,2.0,headache,S079
-3.39,0.95,-23.48820769862677,2.2166742843316185,60.90160545887504,35.59,2.0,headache,S079
12.92,0.95,-24.546308971725587,1.8787061844918513,60.923550695526444,35.59,2.0,headache,S079
-3.93,0.96,-23.28044514673172,2.5643763115500526,60.980096483124555,35.59,2.0,headache,S079
-10.11,0.96,-24.49162197508235,2.8439775089623693,60.749810641200625,35.59,2.0,headache,S079
12.09,0.95,-22.98526595608536,2.7993767404389964,60.75788002752476,35.59,2.0,headache,S079
-3.13,0.96,-23.974110926460096,2.831719093870355,60.769879345489,35.59,2.0,headache,S079
-16.81,0.96,-23.726144190843527,2.4490423733532007,60.72659670599303,35.59,2.0,headache,S079
0.78,0.96,-23.52733354927241,1.3994660451379277,60.836082879189966,35.59,2.0,headache,S079
13.64,0.95,-24.095968441368157,1.5133641153685808,60.56224510017622,35.59,2.0,headache,S079
3.94,0.96,-23.935562911594623,2.3332488531335915,60.77311625385494,35.59,2.0,headache,S079
0.43,0.96,-23.213904854806486,2.7687369197272362,61.027760157851574,35.59,2.0,headache,S079
-1.47,0.95,-24.105544110979938,2.1778797234747973,60.89855650911553,35.59,2.0,headache,S079
-10.5,0.96,-23.441331972689316,2.5437174170958743,60.97079360612628,35.59,2.0,headache,S079
8.38,0.96,-23.675180011932685,2.074367027413985,60.90717826308115,35.59,2.0,headache,S079
1.28,0.96,-23.792335544333945,2.368963855197188,60.94730010708322,35.59,2.0,headache,S079
-11.19,0.96,-24.05384708981378,2.425191402966572,60.503326481890156,35.59,2.0,headache,S079
9.29,0.96,-23.825236738258212,2.508834385147572,60.830348448674926,35.57,2.0,headache,S079
-6.23,0.96,-24.18821690755236,2.117289795794748,61.00779486257212,35.57,2.0,headache,S079
-3.53,0.96,-23.799768672116965,2.5010657724755765,61.014163317826146,35.57,2.0,headache,S079
11.21,0.96,-24.222080300958602,1.8124409625457842,60.984793137952174,35.57,2.0,headache,S079
-8.87,0.96,-23.579791032885275,2.72690919866844,60.97549639092421,35.59,2.0,headache,S079
0.31,0.96,-23.944322860736545,1.7705850464779451,60.73956462112846,35.59,2.0,headache,S079
8.81,0.96,-23.771414703225318,2.509443076817198,61.07936547383647,35.59,2.0,headache,S079
-15.6,0.96,-24.163183945838302,1.7781547614544304,60.68310460347427,35.59,2.0,headache,S079
9.56,0.96,-23.860704479665063,2.3661370376931785,61.07342035340543,35.57,2.0,headache,S079
7.8,0.96,-23.946097458843123,1.6577196175978268,60.67802342549526,35.57,2.0,headache,S079
-16.82,0.96,-23.770624386320137,2.339894395274692,60.905302216563484,35.57,2.0,headache,S079
12.0,0.96,-24.10503132052601,1.9627653523656485,60.98207392850799,35.57,2.0,headache,S079
10.39,0.96,-23.75592525888426,2.6874630333964755,61.03541392512058,35.57,2.0,headache,S079
-17.29,0.96,-24.208425610376825,1.7633770132851856,60.952847148846026,35.57,2.0,headache,S079
4.45,0.96,-23.814786027235595,2.5737581480767333,61.06082151000837,35.57,2.0,headache,S079
17.24,0.96,-24.049093800326453,1.780987372436686,60.72490391045657,35.57,2.0,headache,S079
-17.32,0.96,-23.646092135013227,2.421475975008317,61.030801401635706,35.57,2.0,headache,S079
1.11,0.96,-24.30221535187987,1.687846120183372,60.77319013533952,35.57,2.0,headache,S079
15.23,0.96,-23.52124588219757,3.1258540770870527,60.96136380118631,35.57,2.0,headache,S079
-10.84,0.96,-23.13812294054644,1.6640882342209182,60.68065480182488,35.57,2.0,headache,S079
-10.56,0.96,-24.00060921713698,2.7931080878016883,60.65774751459699,35.57,2.0,headache,S079
27.46,0.96,-23.845148057724053,1.6853603917003401,60.97927983709052,35.57,2.0,headache,S079
-16.48,0.97,-23.48291389501278,3.271483023060184,60.66941687277758,35.57,2.0,headache,S079
10.95,0.96,-24.559293149482887,1.7927663752506713,60.8878005590158,35.57,2.0,headache,S079
26.52,0.96,-22.638388379155685,4.25664821605234,60.67423746349478,35.59,2.0,headache,S079
-29.41,0.97,-23.93740646068434,1.772875221719469,60.7717732804608,35.59,2.0,headache,S079
-22.5,0.97,-24.446463335409774,1.058750272964151,60.49274342575037,35.59,2.0,headache,S079
11.2,0.96,-21.45866081138581,6.911976002952529,60.67988658003289,35.59,2.0,headache,S079
4.37,0.96,-22.551715336332336,6.514280521807414,60.65324475554306,35.57,2.0,headache,S079
-6.39,0.96,-25.04226749660058,1.1671837971540537,59.64560099632802,35.57,2.0,headache,S079
9.13,0.96,-26.519233921185474,1.55179420142468,59.581046400577016,35.57,2.0,headache,S079
20.26,0.96,-25.78309484951905,1.3330016037963641,59.7126738275582,35.57,2.0,headache,S079
-9.19,0.96,-23.43144386805179,2.7303637961677505,60.283958059840195,35.57,2.0,headache,S079
3.8,0.96,-22.51077765412836,5.593354112598583,62.2312706012817,35.57,2.0,headache,S079
-18.88,0.96,-20.586866829852898,8.284474091346377,60.87874088300809,35.57,2.0,headache,S079
-55.64,0.96,-21.11131215117776,0.7145054920422984,61.81636502668523,35.57,2.0,headache,S079
-55.88,0.96,-28.459373337218008,5.199857717255819,59.93305708715753,35.57,2.0,headache,S079
-2.34,0.97,-20.70227244741503,12.435681239474993,58.99075064494945,35.57,2.0,headache,S079
124.15,0.96,-20.912757440456758,4.1616176502001005,60.92816958303011,35.57,2.0,headache,S079
27.56,0.96,-22.07145046770129,7.328354744164988,60.75270822259437,35.57,2.0,headache,S079
-272.94,0.97,-20.00580552808322,5.825535927801836,61.41699540726503,35.57,2.0,headache,S079
267.03,0.97,-21.299369468841416,7.010919758278566,60.87224359396268,35.57,2.0,headache,S079
101.37,0.97,-19.407259402917152,6.8446898976786095,61.39688637891506,35.57,2.0,headache,S079
-102.42,0.97,-21.383535218433053,8.014108077663884,61.05617497856745,35.57,2.0,headache,S079
-1.02,0.97,-19.713265788234366,6.708561028663188,61.14591183812391,35.57,2.0,headache,S079
0.09,0.96,-21.052042954842246,7.750364370001104,61.05594474957077,35.57,2.0,headache,S079
11.18,0.97,-19.978557578567482,6.882904185326333,61.01818523230154,35.57,2.0,headache,S079
-26.34,0.97,-20.967128274162018,7.746750975331172,60.98288544371578,35.57,2.0,headache,S079
25.22,0.97,-20.246956388614382,6.002857239299525,61.27142772917262,35.57,2.0,headache,S079
-11.5,0.97,-20.4744519743161,8.345177025371825,61.270172274361805,35.57,2.0,headache,S079
-8.83,0.97,-20.55411155591486,6.552492298622026,60.913041479567674,35.57,2.0,headache,S079
11.31,0.96,-20.05090126012831,10.028834680808002,61.058676709019174,35.57,2.0,headache,S079
2.79,0.97,-20.642615107540145,7.053713152196307,60.98603082027948,35.57,2.0,headache,S079
-21.67,0.96,-20.973314025644736,8.412424348878009,61.008173876316434,35.57,2.0,headache,S079
15.16,0.97,-20.389327052764376,6.930939834207072,60.9939628595098,35.57,2.0,headache,S079
7.86,0.97,-21.147274762176437,7.403909888494813,61.00532725304752,35.57,2.0,headache,S079
-9.42,0.97,-20.770463173146414,7.244342042176732,60.994567384129034,35.57,2.0,headache,S079
-1.02,0.96,-20.955362833443154,7.657133813862726,61.00613586121907,35.57,2.0,headache,S079
11.67,0.97,-20.3424845174408,7.924577975925082,60.992600874401504,35.57,2.0,headache,S079
-19.54,0.97,-21.174603961706215,8.133238194285406,61.0093368508939,35.57,2.0,headache,S079
6.19,0.97,-20.74821145519334,7.665386649802762,60.98768662629466,35.57,2.0,headache,S079
3.97,0.97,-21.100783389087113,7.709861446150916,61.01737372556845,35.57,2.0,headache,S079
-9.6,0.97,-20.76492844705985,6.744288649132277,60.97127555988172,35.57,2.0,headache,S079
-4.93,0.97,-21.595906899999175,7.685187837334059,61.140027940267196,35.57,2.0,headache,S079
12.46,0.97,-20.948026621891078,6.70172009775369,60.97133139486854,35.57,2.0,headache,S079
-15.22,0.97,-23.206869173316363,5.752994794984801,60.88087033895773,35.57,2.0,headache,S079
-6.85,0.97,-21.57827848655366,7.0923654456625425,60.898180735532534,35.57,2.0,headache,S079
-2.4,0.97,-21.379552934085662,9.495718548876908,60.86026390085113,35.57,2.0,headache,S079
-12.56,0.97,-20.396524828485713,8.879670400458089,60.89037499038067,35.55,2.0,headache,S079
-7.97,0.97,-20.83096461705438,9.219453766704198,60.99946068950407,35.55,2.0,headache,S079
26.16,0.97,-20.716447065019626,7.425315095349376,60.86212280539416,35.55,2.0,headache,S079
5.14,0.97,-21.25993605147204,7.871990925667899,61.03518243235298,35.55,2.0,headache,S079
-12.28,0.97,-20.929179507449124,6.893659458851835,60.92135419573825,35.57,2.0,headache,S079
-1.61,0.97,-19.84002218566121,9.64634659419939,61.077708291662546,35.57,2.0,headache,S079
2.3,0.97,-21.498390227414475,6.532847560143068,60.976965894527176,35.57,2.0,headache,S079
-14.52,0.97,-19.90752135115846,7.92064713597362,61.009570204659276,35.57,2.0,headache,S079
8.34,0.97,-20.835566165460435,7.907501180948999,60.988642958522426,35.57,2.0,headache,S079
11.83,0.97,-20.53852200347826,7.9726196729213035,61.01435506499111,35.57,2.0,headache,S079
-11.37,0.97,-20.625941498630745,7.212255657569772,60.982232169460985,35.57,2.0,headache,S079
-9.26,0.97,-21.013317176416873,6.885510481839897,61.02159796522216,35.57,2.0,headache,S079
29.07,0.97,-20.889157374790116,7.618234156397156,60.974013475454214,35.57,2.0,headache,S079
-13.65,0.97,-21.050198874908542,7.467025387713834,61.03114658497841,35.57,2.0,headache,S079
0.11,0.97,-20.994127848413967,7.3092482241695285,60.962618521374885,35.57,2.0,headache,S079
4.23,0.98,-20.91000979850093,7.674080716407842,61.04513943655813,35.57,2.0,headache,S079
8.82,0.97,-20.846048600000262,7.431687745317362,60.94488160569385,35.55,2.0,headache,S079
-21.45,0.97,-20.942374384919972,7.562794217292477,61.06847302106839,35.55,2.0,headache,S079
13.76,0.97,-21.119321122146413,7.387316635453641,60.91274062309889,35.55,2.0,headache,S079
3.7,0.97,-20.799319560069605,8.042737589032466,61.11550325829632,35.55,2.0,headache,S079
-4.42,0.97,-21.170851315871644,7.020635170996639,60.837813129943854,35.57,2.0,headache,S079
-12.36,0.97,-20.43615578233493,8.031474697190736,61.25165358695756,35.57,2.0,headache,S079
23.84,0.97,-21.679666726217402,6.779018884728302,60.52415534133889,35.57,2.0,headache,S079
-11.29,0.97,-19.303443457686782,9.409473460766318,62.629033268420706,35.57,2.0,headache,S079
-2.31,0.97,-38.235103011147075,3.08510280892918,68.79888213147046,35.57,2.0,headache,S079
-6.34,0.97,-32.603121971613795,-29.878446293201506,44.818437589425024,35.57,2.0,headache,S079
20.52,0.97,8.9086807917644,-44.496737386323076,38.159220708855386,35.57,2.0,headache,S079
-41.04,0.96,14.173010001668876,-42.250882985412616,41.354879175310366,35.57,2.0,headache,S079
-22.78,0.94,0.6898288859573625,-44.265717622336595,45.920018006644426,35.57,2.0,headache,S079
-92.96,0.94,7.374770576676466,-45.41739990107442,45.94229390654199,35.57,2.0,headache,S079
32.75,0.94,21.577733519509927,-40.0573798899425,48.14052554948016,35.57,2.0,headache,S079
345.99,0.93,17.705198842135072,-38.561728140394685,49.69028711714612,35.57,2.0,headache,S079
-99.85,0.93,19.56721862440274,-39.31049954258331,49.14826591661664,35.59,2.0,headache,S079
-154.52,0.93,24.011581026845978,-46.27845383274294,36.33464597581525,35.59,2.0,headache,S079
-27.84,0.94,23.260930976137782,-48.05213481140043,35.086644687173404,35.59,2.0,headache,S079
3.87,0.95,32.525578429893635,-47.1345803756831,36.44075601038628,35.59,2.0,headache,S079
36.01,0.93,21.930592442495264,-47.17214754565746,37.08661799016388,35.59,2.0,headache,S079
70.87,0.93,18.014812984463685,-51.18990534539175,43.247974737081186,35.59,2.0,headache,S079
61.91,0.92,10.617272474860664,-58.784636824774275,29.234570741243925,35.59,2.0,headache,S079
-127.5,0.93,-0.12525149684371067,-38.236175299521584,33.65084372904809,35.59,2.0,headache,S079
-149.69,0.93,-34.995346978030035,-36.87283751586386,19.29133267797161,35.59,2.0,headache,S079
208.47,0.93,-65.86500174567527,-48.70274256891697,3.6850423053333334,35.59,2.0,headache,S079
39.47,0.93,-58.013783184980596,-29.55554196387275,21.983142188036187,35.59,2.0,headache,S079
82.59,0.93,-54.34312596120355,-21.07168287465356,39.92703999244751,35.59,2.0,headache,S079
83.35,0.95,-46.728274617201826,-18.476994012863354,41.512640490108936,35.57,2.0,headache,S079
-191.18,0.92,-51.35429011501218,-17.51350150182961,40.77131924722795,35.57,2.0,headache,S079
-470.38,0.91,-54.08623782436211,-18.25441062421487,31.50139432609005,35.57,2.0,headache,S079
207.69,0.92,-57.2197653552522,-17.978415186004753,32.40059212453563,35.57,2.0,headache,S079
50.06,0.92,-56.12280199849384,-18.123453040850656,30.24490839572456,35.5,2.0,headache,S079
47.04,0.92,-56.63073465696559,-17.737112223680455,33.06414324484216,35.5,2.0,headache,S079
78.74,0.92,-58.849228231101804,-18.58768382541534,23.072440242207787,35.5,2.0,headache,S079
48.08,0.92,-61.45530681662949,-21.07436454936175,15.860727395305695,35.5,2.0,headache,S079
-15.26,0.92,-59.76276044492265,-18.09908340423748,23.084321973535744,35.55,2.0,headache,S079
12.08,0.92,-59.6034809769023,-17.092684997203154,25.30408400047736,35.55,2.0,headache,S079
-25.41,0.92,-58.98951502363209,-15.50820578351568,27.9250313887584,35.55,2.0,headache,S079
30.3,0.93,-58.776531637567935,-16.67740722432367,26.79955546283332,35.55,2.0,headache,S079
-25.69,0.92,-58.539203663529165,-14.886866583228345,28.2595829048942,35.57,2.0,headache,S079
-3.59,0.93,-60.88902339462399,-15.63519173017947,24.661271720657965,35.57,2.0,headache,S079
-9.45,0.93,-58.80796409079631,-14.296185050844322,28.460617024374894,35.57,2.0,headache,S079
8.28,0.93,-60.741259930237455,-16.31657667191133,24.072994709963343,35.57,2.0,headache,S079
23.61,0.93,-58.58921749158454,-14.00377349047417,28.039792974853025,35.53,2.0,headache,S079
-6.54,0.93,-62.12331150526145,-15.392899436521596,22.722112036340526,35.53,2.0,headache,S079
-38.75,0.94,-61.037231374055054,-14.22256235869634,21.174546880691505,35.53,2.0,headache,S079
52.08,0.94,-63.14684790027773,-13.460486500927674,17.474164161231254,35.53,2.0,headache,S079
34.81,0.94,-64.91070403703874,-8.16696352008958,21.375360288822616,35.55,2.0,headache,S079
-7.05,0.94,-59.73717945969452,-12.232574785596347,25.103328757134488,35.55,2.0,headache,S079
-92.02,0.94,-62.58313916420829,-13.076697523431587,17.837163667452973,35.55,2.0,headache,S079
-72.79,0.94,-64.14673726678157,-15.981381111612684,11.478309081573457,35.55,2.0,headache,S079
17.48,0.94,-64.97852615462017,-6.8187799605771335,15.316145299744763,35.57,2.0,headache,S079
100.78,0.93,-65.14089937222951,-8.021433643807821,7.431608285248772,35.57,2.0,headache,S079
35.84,0.93,-65.64011729435128,-8.071678004077992,-9.776630596391746,35.57,2.0,headache,S079
-67.67,0.92,-66.15138539560898,-6.151905760321179,-6.697481063885881,35.57,2.0,headache,S079
72.44,0.92,-63.91643683620335,-11.992998909691092,-9.113769454682377,35.57,2.0,headache,S079
-51.15,0.93,-64.24782670416693,-11.068182386012642,-12.48194030856239,35.57,2.0,headache,S079
-16.18,0.93,-65.5792260073991,-5.260059415996431,-9.516203636163937,35.57,2.0,headache,S079
53.92,0.93,-64.90915033055867,-8.342700498728295,-7.326240135918429,35.57,2.0,headache,S079
-43.9,0.93,-65.89271310126973,-8.382816756688099,-5.52315264226526,35.57,2.0,headache,S079
4.86,0.92,-66.27914046601407,-7.822479685657045,-5.281788845682392,35.57,2.0,headache,S079
-40.06,0.92,-65.74139439175575,-7.48464207870607,-2.9758617154052285,35.57,2.0,headache,S079
7.85,0.92,-65.64700236354332,-8.161666623515957,-3.7743871509840483,35.57,2.0,headache,S079
-99.47,0.92,-64.85761178961658,-7.306830826536831,-6.482171707936219,35.55,2.0,headache,S079
47.69,0.92,-62.875117396850975,-2.977886912652862,-16.937798617575883,35.55,2.0,headache,S079
-95.22,0.92,-60.991618073381616,0.4364765285611222,-27.44251965335873,35.55,2.0,headache,S079
205.53,0.92,-61.503119098741195,1.2422139686239704,-23.92310148883438,35.55,2.0,headache,S079
123.33,0.92,-63.40855760562575,-3.401500251802996,-17.8986852612063,35.53,2.0,headache,S079
-114.12,0.92,-64.79630565832703,-5.661155684026203,-12.234042398556788,35.53,2.0,headache,S079
-73.03,0.92,-65.14569427156376,-16.012253413081076,-10.938665184267158,35.53,2.0,headache,S079
21.63,0.92,-60.27165347400869,-19.581267711226996,-8.128119580825128,35.53,2.0,headache,S079
183.71,0.92,-60.800896631487376,-13.92293545043102,-8.914619369113057,35.57,2.0,headache,S079
-120.78,0.92,-65.98449337877862,-12.31773626418137,-11.11245177191948,35.57,2.0,headache,S079
-20.99,0.92,-63.74496783339526,-10.722245717078392,-14.364310520697039,35.57,2.0,headache,S079
7.03,0.92,-64.30389793354512,-10.306808124626674,-15.30258026167321,35.57,2.0,headache,S079
-29.53,0.92,-64.90299665986959,-8.614140777020737,-11.51362551796709,35.55,2.0,headache,S079
-18.14,0.92,-64.0328188287703,-10.904250714882682,-8.572032124628237,35.55,2.0,headache,S079
-17.88,0.92,-62.37403836005977,-15.04205054118484,-13.291272597173052,35.55,2.0,headache,S079
13.51,0.99,-63.27019339644728,-15.386432085284643,-11.498894522403342,35.55,2.0,headache,S079
-7.45,1.09,-62.262655114956786,-16.178045130969455,-14.035586743273617,35.53,2.0,headache,S079
109.05,1.07,-62.62809004430255,-14.264598217002929,-15.959780130759762,35.53,2.0,headache,S079
199.92,1.04,-62.22357887955106,-13.877253202264225,-16.15950977916616,35.53,2.0,headache,S079
220.72,1.05,-63.82683274619497,-11.17785776539313,-13.544422025694512,35.53,2.0,headache,S079
-233.52,0.99,-64.5301075446156,-10.450958741986085,-9.000349222472375,35.5,2.0,headache,S079
-74.11,0.96,-65.14518321014292,-8.235777764270084,-5.836954228616547,35.5,2.0,headache,S079
104.25,0.94,-65.14229630940052,-7.4009130852682965,-9.095757174507149,35.5,2.0,headache,S079
-448.52,0.94,-64.03615218076234,-9.142096768455245,-14.781667556493561,35.5,2.0,headache,S079
-416.96,0.93,-60.053140488350934,-8.83819451011694,-25.419667437132485,35.5,2.0,headache,S079
-122.35,0.91,-62.30088186996995,-8.624324982278997,-24.18095213555215,35.5,2.0,headache,S079
-203.19,0.91,-63.2621728182935,-10.369177145627567,-10.980130317446939,35.5,2.0,headache,S079
926.54,0.9,-65.604493281955,-8.17696976285125,-9.554686346182201,35.5,2.0,headache,S079
314.71,0.89,-65.77827403220887,-8.899903315315074,-2.927468269553713,35.5,2.0,headache,S079
-403.43,0.89,-62.43444433104906,-10.58357471320072,-1.9970961854823974,35.5,2.0,headache,S079
-40.84,0.88,-60.41616161850785,-6.035119635879092,-27.842714638164015,35.5,2.0,headache,S079
-27.43,0.91,-59.816153861527255,-5.669967305095997,-25.326862687623347,35.5,2.0,headache,S079
184.39,0.89,-62.119377573661666,-6.959685309232682,-28.362547987823508,35.49,2.0,headache,S079
-57.12,0.89,-62.794872155968704,-7.146100668038365,13.723398162585331,35.49,2.0,headache,S079
79.55,0.89,-56.24770132261287,-8.608409450331328,35.96429856571212,35.49,2.0,headache,S079
-97.47,0.88,-40.147246850688596,-8.902815901207605,51.84306563175269,35.49,2.0,headache,S079
28.44,0.88,-38.869381845507284,-10.486769857849664,52.26097402895372,35.5,2.0,headache,S079
-12.14,0.9,-39.73182810885849,-5.6173449288330595,51.32087471884203,35.5,2.0,headache,S079
3.05,0.91,-25.197037751130193,13.874109360165274,58.65646536380237,35.5,2.0,headache,S079
-41.67,0.9,-29.26591933408695,12.879670583341568,57.256738154017704,35.5,2.0,headache,S079
23.66,0.92,-27.285444676156686,13.007679971407006,56.994221945146144,35.53,2.0,headache,S079
14.71,0.92,-28.60081944683565,13.6148524280931,57.49765083301678,35.53,2.0,headache,S079
9.54,0.93,-26.639875963836893,12.350536622784677,56.89172614655308,35.53,2.0,headache,S079
25.34,0.92,-26.77051466323118,14.619053318785271,57.842430401866366,35.53,2.0,headache,S079
-28.21,0.93,-25.126805513792146,18.08887611068427,57.2621415142132,35.55,2.0,headache,S079
-1.07,0.93,-26.394634630944434,16.36945682553743,58.529543801019194,35.55,2.0,headache,S079
29.54,0.92,-24.15314767460517,17.18839808081322,57.41501058726989,35.55,2.0,headache,S079
-7.16,0.92,-27.447808969853785,12.718161700178493,57.99763974358728,35.55,2.0,headache,S079
20.93,0.93,-20.010574124088176,16.07284823422514,57.631510031552764,35.5,2.0,headache,S079
-6.14,0.93,-46.2449328000989,10.773639919462443,65.17218316670898,35.5,2.0,headache,S079
-40.68,0.92,-58.02706853185119,-21.546809697564427,40.971508098126634,35.5,2.0,headache,S079
-79.33,0.9,-32.894118309323716,-17.55688298285019,26.987810607214684,35.5,2.0,headache,S079
119.61,0.89,-43.54618532329035,-36.90726338983783,31.795575953287585,35.5,2.0,headache,S079
-183.95,0.88,-28.779658797333497,-44.85348121801844,33.552994241840075,35.5,2.0,headache,S079
-26.01,0.9,29.390047565478547,-29.159235757149343,45.35783255848627,35.5,2.0,headache,S079
265.43,0.89,45.79857537516598,-35.8958239989476,38.21780344143079,35.5,2.0,headache,S079
29.31,0.89,25.927241764744906,-30.61007532945336,55.40157673330489,35.5,2.0,headache,S079
-101.87,0.89,8.129525906273035,-31.57953213076296,56.117642652054016,35.5,2.0,headache,S079
-269.92,0.86,23.142271542944616,-34.56326095352118,46.56692103210254,35.5,2.0,headache,S079
160.81,0.87,21.40182529885874,-42.141587229293975,47.006738218123644,35.5,2.0,headache,S079
-1.67,0.87,28.630097070460636,-33.03988661200025,36.89070147919908,35.53,2.0,headache,S079
150.39,0.86,-5.58338197623405,-31.983517009640448,46.52390811745044,35.53,2.0,headache,S079
-177.36,0.86,-14.932164551841646,10.869371221725919,64.07203698530203,35.53,2.0,headache,S079
115.36,0.86,-16.57143932027086,42.371107747075335,58.02383184265666,35.53,2.0,headache,S079
131.79,0.88,-25.28079467355247,33.49285616554023,44.74197545941886,35.53,2.0,headache,S079
143.66,0.89,-28.238677941606923,36.746256437263845,48.41894203168381,35.53,2.0,headache,S079
-428.01,0.9,-29.00192212291195,31.346644953599895,47.17627131142232,35.53,2.0,headache,S079
-35.38,0.9,-22.75325581368637,30.422896925941657,53.554381300931645,35.53,2.0,headache,S079
174.13,0.9,-15.702363222005236,30.841766590757846,52.75511937204483,35.55,2.0,headache,S079
52.81,0.89,-41.50488426660622,28.27073651984181,70.17705689333063,35.55,2.0,headache,S079
58.69,0.9,-7.347365894267525,-11.49231513610937,47.46069829026405,35.55,2.0,headache,S079
31.14,0.9,22.932694199053223,-41.707525845456985,35.93972480004499,35.55,2.0,headache,S079
-68.08,0.88,25.601340585139837,-45.54742014705097,37.91295027060048,35.53,2.0,headache,S079
-214.77,0.88,32.509937818870064,-44.53657834137279,32.959543430724274,35.53,2.0,headache,S079
35.07,0.89,31.07839317719674,-46.0652938973146,32.75090180367158,35.53,2.0,headache,S079
56.69,0.88,33.314824464564005,-46.40275048693961,30.79858051870225,35.53,2.0,headache,S079
1.79,0.88,30.35662476540529,-45.57195279423832,31.020547655235678,35.55,2.0,headache,S079
54.13,0.88,26.940919981400707,-43.01226020485883,34.47783481610516,35.55,2.0,headache,S079
13.88,0.88,13.226923572454638,-45.43429438455414,48.52618311337297,35.55,2.0,headache,S079
-28.34,0.85,11.648339321660226,-31.195764894663753,45.58394301802751,35.55,2.0,headache,S079
14.86,0.86,-34.443916563422626,-1.3072921716169215,57.06703087744005,35.55,2.0,headache,S079
-60.62,0.86,-25.010551170706652,28.619684009986926,62.380251726394995,35.55,2.0,headache,S079
-24.23,0.85,-19.652179589270148,32.10437781791163,50.56511778421589,35.55,2.0,headache,S079
92.56,0.88,-19.75781686698877,31.926291047080646,53.08477956644887,35.55,2.0,headache,S079
-77.7,0.87,-22.26296583184781,35.51401916140491,48.35262509968877,35.57,2.0,headache,S079
-21.55,0.88,-17.368190260740747,36.50943234561192,51.21190077030573,35.57,2.0,headache,S079
90.72,0.87,-15.647939308339241,30.337318289972366,52.89315090375792,35.57,2.0,headache,S079
0.33,0.88,-14.379494845920995,29.9706165472034,55.16766418737158,35.57,2.0,headache,S079
-15.33,0.89,-15.716522800148581,28.57633746784616,54.06220332543816,35.55,2.0,headache,S079
75.16,0.89,-8.002226696910324,33.09685508398908,54.73443766913375,35.55,2.0,headache,S079
28.59,0.89,-7.675557465085949,40.44064915462438,47.293435985100096,35.55,2.0,headache,S079
-16.26,0.9,1.6256508085023837,37.005307130982665,54.5436436393322,35.55,2.0,headache,S079
-58.3,0.9,-5.990162195939749,39.495450261837505,48.04777005920467,35.57,2.0,headache,S079
-17.83,0.9,-46.323733380364594,31.242861231805918,37.36926677170517,35.57,2.0,headache,S079
-17.2,0.88,-52.614464294449164,30.51106745692488,14.082382305856825,35.57,2.0,headache,S079
98.25,0.89,-62.17487175611941,27.268708990480608,-6.644555367477002,35.57,2.0,headache,S079
27.12,0.9,-57.97653139051215,28.61679071293964,-1.057253249317387,35.57,2.0,headache,S079
46.02,0.92,-61.442060919220786,25.762828709002843,-0.5013592090462999,35.57,2.0,headache,S079
-256.85,0.98,-57.85360881105034,27.300843658977964,-1.6819929415691632,35.57,2.0,headache,S079
-16.36,1.01,-57.37657227122383,30.504702418691455,10.301507400468129,35.57,2.0,headache,S079
154.3,1.04,-45.58905299848974,35.02375376020249,27.592980752267582,35.57,2.0,headache,S079
-8.77,1.0,-30.36371868438763,42.605360017485864,38.12900862721514,35.57,2.0,headache,S079
17.48,0.94,-15.134290047141098,46.732690218823215,41.36926044966682,35.57,2.0,headache,S079
21.42,0.9,-12.341324231868999,48.16914384817848,39.83025548718376,35.57,2.0,headache,S079
-65.37,0.9,-4.513082761385443,50.61269975630046,39.57111617017162,35.59,2.0,headache,S079
-81.5,1.0,-15.289226602979245,50.855516458097775,33.436347983640616,35.59,2.0,headache,S079
-32.85,0.94,-29.986667591631136,51.23234578771787,25.248132500908806,35.59,2.0,headache,S079
-48.95,0.9,-30.762338567621875,50.37853229347952,23.982387840993653,35.59,2.0,headache,S079
260.32,0.97,-36.17920305916351,50.13885413987711,19.114654419896738,35.63,2.0,headache,S079
-43.66,1.0,-38.27480547160836,48.98419480325241,13.708140605755672,35.63,2.0,headache,S079
-69.4,1.0,-40.31312545038002,49.92557027377308,8.250996029059536,35.63,2.0,headache,S079
-20.25,1.04,-41.83260544515955,48.312073009652416,6.453087523108402,35.63,2.0,headache,S079
147.24,1.15,-42.992915910234956,48.40617918582769,3.387456878975209,35.59,2.0,headache,S079
-18.98,1.15,-43.95921387390657,46.81414015472772,-3.984199375425185,35.59,2.0,headache,S079
-9.24,1.13,-44.17254615944273,46.847309483805596,-6.3993599177093525,35.59,2.0,headache,S079
-161.44,1.09,-44.282445412723455,45.79509398155533,-1.327379845017971,35.59,2.0,headache,S079
-56.83,1.06,-45.62236288083794,46.383467341283534,-0.868466838977226,35.61,2.0,headache,S079
148.63,1.05,-45.81907336911809,45.60661881788462,1.664364156787927,35.61,2.0,headache,S079
33.66,1.06,-45.85426402023423,46.3974066300108,1.0468066727242928,35.61,2.0,headache,S079
-13.42,1.02,-46.12557245331268,45.603628950161514,2.505803544295985,35.61,2.0,headache,S079
-0.93,1.02,-45.66421045679147,46.344812338049074,1.0302238403366393,35.63,2.0,headache,S079
-32.51,1.02,-45.81107380955238,45.459752642715486,-2.497100357045981,35.63,2.0,headache,S079
5.29,1.01,-45.503480722724035,46.252999830587875,-3.8430556192066083,35.63,2.0,headache,S079
-11.89,1.01,-45.12205947875884,45.69783549187765,5.016060099865279,35.63,2.0,headache,S079
9.04,1.01,-44.46202122013373,46.61301624232108,6.804136963523021,35.65,2.0,headache,S079
23.53,1.0,-44.230017134607834,46.07086577823205,7.415907137288007,35.65,2.0,headache,S079
28.2,0.99,-45.04442654419142,45.638547702623505,7.0376740833044185,35.65,2.0,headache,S079
-61.38,0.99,-46.03069994572232,43.94030363054429,5.916412340262774,35.65,2.0,headache,S079
-40.24,1.0,-39.01753197274853,49.5191854896467,16.466483303019647,35.63,2.0,headache,S079
-3.51,0.99,-42.434222853699914,46.75968276307347,8.77019567274899,35.63,2.0,headache,S079
42.59,0.94,-45.19585317419842,45.32098867204086,-12.219293144511042,35.63,2.0,headache,S079
6.95,0.96,-48.09593540210056,45.11729167483445,-3.1634979855601784,35.63,2.0,headache,S079
-63.15,0.98,-51.34157366948062,38.88484173510768,4.188135262083957,35.65,2.0,headache,S079
-205.01,0.95,-33.90732870280181,43.39445255119566,30.593205295072636,35.65,2.0,headache,S079
277.7,0.93,-10.39001585106753,44.070786454780325,47.91704826436858,35.65,2.0,headache,S079
427.3,1.0,5.444179168921913,45.315607744563245,43.62272077527641,35.65,2.0,headache,S079
-128.94,1.03,6.931787676983212,46.37174188586562,41.19107615257976,35.61,2.0,headache,S079
-543.99,1.03,13.321285064979282,47.451145827635365,39.6209813361855,35.61,2.0,headache,S079
-115.67,1.02,13.804325633009855,50.27856418970528,37.64043874206311,35.61,2.0,headache,S079
446.75,0.99,11.33576105119674,50.079608501546396,35.72810518707808,35.61,2.0,headache,S079
-83.36,0.97,12.979632158944078,52.08378485879656,35.39909381947264,35.61,2.0,headache,S079
11.4,0.96,10.701284637680917,51.341269546777475,34.033553948045245,35.61,2.0,headache,S079
-42.16,0.96,12.170085455593814,52.74934790737421,33.46934292197702,35.61,2.0,headache,S079
5.58,0.96,10.588618858846873,51.69315838352373,32.606570327006985,35.61,2.0,headache,S079
-9.32,0.95,12.623162580121868,54.4804060715487,32.56650041891764,35.59,2.0,headache,S079
-16.22,0.95,7.880888637735532,52.53821318905623,32.442138232314925,35.59,2.0,headache,S079
16.58,0.95,-7.5595219966025455,55.86000338129633,32.289105135564114,35.59,2.0,headache,S079
-37.96,0.95,-29.206712034694352,50.841075992254304,22.40250596908672,35.59,2.0,headache,S079
207.24,0.94,-20.94842980507499,51.35114251152547,21.050440151678018,35.61,2.0,headache,S079
-68.14,0.93,4.121932078121151,59.14456752622738,34.03523580430781,35.61,2.0,headache,S079
-190.58,0.94,-10.71547815906985,54.21888968168558,27.835679911382826,35.61,2.0,headache,S079
112.54,0.94,-5.243078125127353,55.26510449632315,32.73226508977506,35.61,2.0,headache,S079
12.7,0.94,-8.910567684497517,54.10778777811334,30.78453557731294,35.59,2.0,headache,S079
-5.88,0.93,-5.215840675076731,54.41243654850843,33.07344152600991,35.59,2.0,headache,S079
-30.4,0.94,-7.090434247522625,54.01444368608602,31.810803219958917,35.59,2.0,headache,S079
-23.44,0.93,-5.089481246442869,53.18115215130082,33.96178508848598,35.59,2.0,headache,S079
48.24,0.93,-6.85739743079806,53.79272037267323,32.28996175554748,35.59,2.0,headache,S079
54.59,0.93,-4.847479939919143,53.198805127047414,34.179009717821636,35.59,2.0,headache,S079
-25.78,0.93,-6.2858953213111075,53.75170596378489,32.92300315828312,35.59,2.0,headache,S079
-43.95,0.93,-4.73364259330373,53.33384567528115,34.34157452262267,35.59,2.0,headache,S079
-16.1,0.93,-5.477889335048269,54.90367946027312,33.68300542541456,35.61,2.0,headache,S079
17.77,0.93,9.69932381978954,46.91112069005977,39.90489439867653,35.61,2.0,headache,S079
-18.41,0.93,10.375358608461395,48.74031884020739,40.143090199417934,35.61,2.0,headache,S079
28.95,0.91,4.225708217636759,49.080898326119375,39.76464091685332,35.61,2.0,headache,S079
-173.92,0.91,-1.6299363094476158,51.04433694434594,38.87562106688969,35.59,2.0,headache,S079
-182.19,0.89,-2.224844848049959,48.257507724403474,40.58466169489296,35.59,2.0,headache,S079
406.92,0.89,-6.933022295974218,49.659526828455455,38.13934662804883,35.59,2.0,headache,S079
82.79,0.89,-11.97881387744717,49.540120834186396,38.78456230804155,35.59,2.0,headache,S079
-36.53,0.89,-14.032257307356108,50.00427105671593,37.950561573343506,35.61,2.0,headache,S079
-3.36,0.89,-13.929238395738855,44.664868597509724,41.38089699268346,35.61,2.0,headache,S079
61.41,0.89,-19.042851309392045,42.751523091030535,43.29488965615029,35.61,2.0,headache,S079
-158.17,0.89,-22.39662727448975,39.06896485460412,44.888144296282626,35.61,2.0,headache,S079
-182.92,0.9,-20.266669457141834,41.76178076938127,44.03323434397033,35.61,2.0,headache,S079
226.39,0.9,-21.377996660181136,40.34852619664591,44.71890417708141,35.61,2.0,headache,S079
204.5,0.9,-21.64205023618165,42.22363067379384,42.57350740550688,35.61,2.0,headache,S079
-103.68,0.9,-22.199778592196072,40.87816316780267,43.9362065766876,35.61,2.0,headache,S079
-65.96,0.9,-21.925588631811404,43.048788873406075,42.08242677372356,35.59,2.0,headache,S079
69.49,0.9,-21.865725499128423,40.91826646968785,43.90957864702981,35.59,2.0,headache,S079
1.32,0.9,-21.05166991396393,43.37708513077902,41.96897626694349,35.59,2.0,headache,S079
-42.13,0.9,-21.191442045607282,41.78008032392196,43.4561623548144,35.59,2.0,headache,S079
-71.31,0.9,-19.34141691355048,44.081669212773406,42.17716988775168,35.61,2.0,headache,S079
-29.1,0.9,-17.58970080314905,41.48608462967373,44.77612808129496,35.61,2.0,headache,S079
-17.95,0.9,-17.624540528576976,44.26968580160336,42.68403256158972,35.61,2.0,headache,S079
-27.39,0.91,-15.870844847958535,41.66962697703286,45.353953161845595,35.61,2.0,headache,S079
-31.6,0.91,-15.499450073706699,44.7094983352902,42.71361363669879,35.61,2.0,headache,S079
50.35,0.9,-14.549829718668313,42.10763706722883,45.4976393399748,35.61,2.0,headache,S079
14.77,0.91,-15.895588055863936,45.282265211783326,42.24352947443005,35.61,2.0,headache,S079
9.22,0.91,-15.566141474580478,41.40897806611353,45.35792895022589,35.61,2.0,headache,S079
-54.22,0.91,-15.980792244141815,46.34275541270818,41.409591335126315,35.63,2.0,headache,S079
30.61,0.9,-13.275046002340817,41.3661870796151,45.77517359643065,35.63,2.0,headache,S079
13.91,0.91,-15.232455380832448,47.17667657172996,41.41577630937516,35.63,2.0,headache,S079
30.48,0.91,-7.907419975632255,43.25571797050549,47.6102179680392,35.63,2.0,headache,S079
-20.01,0.9,-1.9635990815313578,68.16149689021235,48.521895533733264,35.63,2.0,headache,S079
2.71,0.9,-54.86794271206623,24.00709146448365,52.50365199322878,35.63,2.0,headache,S079
-51.88,0.92,-50.414365750629926,-23.95585115892873,3.5057616151649533,35.63,2.0,headache,S079
-62.55,0.91,-4.914813926511357,-42.48776146452289,32.37227644569128,35.63,2.0,headache,S079
-150.21,0.89,-31.356810377021365,-43.70582046631769,34.1050979096975,35.63,2.0,headache,S079
292.81,0.88,-42.02780668746445,-43.137692372333625,21.459569598396826,35.63,2.0,headache,S079
-0.87,0.88,-40.056833129067655,-46.52064464847911,31.925691660305045,35.63,2.0,headache,S079
8.28,0.87,-51.97668413031799,-42.020209761591076,24.627320947347005,35.63,2.0,headache,S079
37.71,0.87,-17.59763919648619,-15.175975709742769,62.63679698833691,35.63,2.0,headache,S079
-151.85,0.87,-2.964062351054584,-3.341748143099765,35.73111817661357,35.63,2.0,headache,S079
51.3,0.87,40.45575250236363,38.99382081850103,48.323288512343424,35.63,2.0,headache,S079
-52.6,0.86,33.986577330693585,53.93947583094554,44.848635731896536,35.63,2.0,headache,S079
9.17,0.88,6.812006326618912,38.70714251650227,42.94457481240444,35.63,2.0,headache,S079
32.12,0.94,-10.767875532153658,41.29414566434723,52.09976423769741,35.63,2.0,headache,S079
42.41,0.89,-13.868157098227162,32.87535588979471,51.412133772762715,35.63,2.0,headache,S079
-38.47,0.88,-13.721198584045515,37.90881726143739,51.19697869564796,35.63,2.0,headache,S079
-4.76,0.88,-14.16748625443337,34.10491628487843,51.44634736502145,35.63,2.0,headache,S079
81.39,0.88,-14.414337539154067,37.1783491607622,50.741012782281594,35.63,2.0,headache,S079
17.66,0.88,-14.294556731311243,34.588201183123346,51.537851351229165,35.63,2.0,headache,S079
-39.17,0.87,-14.386891577207544,36.50717083307698,50.9965963152252,35.63,2.0,headache,S079
-24.13,0.88,-14.141084547237764,35.30555923076138,51.22035836379344,35.63,2.0,headache,S079
6.01,0.88,-15.261352932365586,36.54153372249937,50.60217212118582,35.63,2.0,headache,S079
-14.85,0.88,-13.66813405895964,35.705980977086746,51.1872757348266,35.63,2.0,headache,S079
14.22,0.87,-15.62294920892239,36.78413952133467,49.74928899639417,35.63,2.0,headache,S079
-5.98,0.88,-20.829620650493787,37.38901926600028,47.80369670863439,35.65,2.0,headache,S079
-2.14,0.88,-19.819592120935095,37.02389878771789,48.880264754389415,35.65,2.0,headache,S079
-16.87,0.87,-19.788853658450606,35.772700829032004,48.95275128964784,35.65,2.0,headache,S079
54.1,0.87,-19.62104179452534,36.15542462603785,49.2144306168662,35.65,2.0,headache,S079
-59.06,0.88,-19.97618991361052,36.344313560412125,48.825318379430016,35.63,2.0,headache,S079
0.63,0.87,-19.678765916303508,35.99008419174859,49.16642092120411,35.63,2.0,headache,S079
10.11,0.87,-19.71067198676354,36.29951250209648,48.93122321920173,35.63,2.0,headache,S079
22.23,0.87,-19.614417130759133,35.64720194773698,49.221040670233265,35.63,2.0,headache,S079
-23.98,0.88,-19.647207437492437,36.73171232800758,48.775352099255244,35.65,2.0,headache,S079
26.67,0.88,-19.46109046776861,34.82903789435982,49.27920986294214,35.65,2.0,headache,S079
-36.43,0.87,-20.862946149004387,38.27233796590049,49.27779415340229,35.65,2.0,headache,S079
20.1,0.88,-18.4765984104302,26.956211116677775,53.696964303804,35.65,2.0,headache,S079
0.28,0.88,-13.249392520478962,28.272935818886015,52.004420580568414,35.63,2.0,headache,S079
27.89,0.88,-52.254300644705346,40.887845228052456,15.712130120565265,35.63,2.0,headache,S079
-30.45,0.89,-59.426970815112966,28.834828207948597,5.07168543249633,35.63,2.0,headache,S079
132.9,0.89,-57.936515133156696,28.621284165186744,-7.53535033184338,35.63,2.0,headache,S079
-19.06,0.87,-58.46050644379643,23.471755792246856,-20.529035003281887,35.63,2.0,headache,S079
-54.7,0.86,-57.66334273782378,25.10690419121895,-17.017350269957966,35.63,2.0,headache,S079
137.53,0.86,-59.833517329531865,26.422005781883378,-9.47086277268302,35.63,2.0,headache,S079
-35.13,0.86,-59.25966384719891,25.52939094302491,-5.970142252492076,35.63,2.0,headache,S079
-467.93,0.86,-60.58916855234213,25.428973409788647,-9.32132651755606,35.63,2.0,headache,S079
349.31,0.85,-58.92245329107046,26.42920206069918,-5.395356277203903,35.63,2.0,headache,S079
378.44,0.86,-60.35690611050012,28.014894576971685,0.16669203167963267,35.63,2.0,headache,S079
-106.52,0.86,-53.32989533191439,29.42474503137658,20.294537754191136,35.63,2.0,headache,S079
-393.74,0.86,-49.04813062410338,34.93838881535486,26.37598791845714,35.61,2.0,headache,S079
-100.65,0.85,-42.82211690333477,36.146292927998466,30.044470701162226,35.61,2.0,headache,S079
-232.47,0.86,-37.35210881239669,45.9906947169228,30.936780742911623,35.61,2.0,headache,S079
-63.14,0.86,-35.7808332182928,40.94906687540982,31.606123845236624,35.61,2.0,headache,S079
223.11,0.86,-35.16763070812914,48.48675483374029,27.60055015960162,35.63,2.0,headache,S079
209.2,0.86,-26.51771353906805,45.36555860617064,33.42757695037362,35.63,2.0,headache,S079
203.4,0.86,-37.76623887809863,54.80483651841585,29.227095259484262,35.63,2.0,headache,S079
-76.32,0.87,-16.19706033528131,44.28181273966436,75.68458024167958,35.63,2.0,headache,S079
21.86,0.86,74.80387884763097,28.594652169956326,-3.0171396094019025,35.65,2.0,headache,S079
-60.57,0.86,47.2635692348988,-0.2759169644634738,35.95697006345164,35.65,2.0,headache,S079
-141.18,0.9,31.367211326104883,-25.822344792386374,39.371969635491666,35.65,2.0,headache,S079
90.21,0.85,56.396029276409855,-12.660417758114184,24.715875354584764,35.65,2.0,headache,S079
-9.19,0.85,53.804783924596265,-36.99156558773429,17.532543889333613,35.65,2.0,headache,S079
189.14,0.85,31.210468874883254,-16.412894286625765,44.30241488407175,35.65,2.0,headache,S079
-142.63,0.83,27.023122923892856,-4.523367753374572,54.90388971173985,35.65,2.0,headache,S079
-60.27,0.87,32.19931109825283,-13.968701626245744,62.81600045816801,35.65,2.0,headache,S079
256.93,0.86,-6.882272317521923,15.138565829011444,57.08022135175676,35.65,2.0,headache,S079
-101.39,0.87,-9.378521836754615,43.12890925762368,59.575647489266125,35.65,2.0,headache,S079
-69.76,0.87,-15.444593713667379,34.09409924669921,52.16724834680828,35.65,2.0,headache,S079
-151.03,0.88,-13.057065586570872,34.95990803362223,49.13252262177165,35.65,2.0,headache,S079
-115.16,0.88,-11.886635817280325,45.57000176452769,45.944099723102276,35.63,2.0,headache,S079
163.55,0.88,-52.940803113719625,42.8780633953561,13.002682203053368,35.63,2.0,headache,S079
164.5,0.88,-37.05933629241648,45.0273074794931,19.520101362489356,35.63,2.0,headache,S079
-32.98,0.85,-44.210440693601626,47.68118663515007,22.175386918394352,35.63,2.0,headache,S079
-126.41,0.86,-38.08005756956478,43.8752247587596,16.594874498608608,35.65,2.0,headache,S079
111.33,0.86,-73.07628059938449,60.681171485469974,35.39088065490384,35.65,2.0,headache,S079
66.84,0.86,-44.949745021455506,-11.227144449842937,4.170026004211161,35.65,2.0,headache,S079
-95.25,0.86,-20.40319679654,-35.3062711665533,25.512300261050584,35.65,2.0,headache,S079
-57.5,0.86,-38.53650499176771,-43.20858251112942,38.89936012569906,35.65,2.0,headache,S079
-36.28,0.86,-32.62007978809341,-42.64001831095137,33.421944552394315,35.65,2.0,headache,S079
77.52,0.86,-39.7201010442861,-42.34444856469996,36.29449972609811,35.65,2.0,headache,S079
113.83,0.87,-34.83020615416123,-42.9199646717695,33.06578109243288,35.65,2.0,headache,S079
27.56,0.89,-38.91782617039949,-42.075171489564774,35.31480682850497,35.65,2.0,headache,S079
-229.36,0.87,-36.59248474742296,-42.643522728115634,32.85835249468918,35.65,2.0,headache,S079
2.53,0.86,-39.17572923910195,-41.9712250091412,34.939845674930865,35.65,2.0,headache,S079
-89.48,0.87,-36.22997916942527,-43.145141969386394,32.69206090808279,35.65,2.0,headache,S079
122.17,0.87,-38.71902840294848,-42.69804299638812,34.44849409342994,35.65,2.0,headache,S079
-25.42,0.86,-35.34468195404647,-44.316327869055584,32.66915792278965,35.65,2.0,headache,S079
46.57,0.86,-38.141508617299515,-43.50308759758276,34.45864589072934,35.65,2.0,headache,S079
-52.08,0.87,-34.98017537527696,-42.872251697992056,33.80141415684236,35.65,2.0,headache,S079
49.88,0.86,-38.776609196921264,-42.58366714472538,35.00042603573798,35.63,2.0,headache,S079
44.65,0.86,-35.64833857663544,-42.5551642845336,33.90464263929796,35.63,2.0,headache,S079
64.89,0.86,-38.37631005833471,-42.11909074407945,35.28188458726213,35.63,2.0,headache,S079
-97.17,0.86,-35.32538531423093,-42.8368710757074,33.545020362478326,35.63,2.0,headache,S079
-34.97,0.86,-39.05383149010441,-42.46406649631905,35.38897346708206,35.63,2.0,headache,S079
-51.57,0.85,-34.431114315226196,-44.2953038084994,32.87764262327693,35.63,2.0,headache,S079
52.35,0.86,-40.37852712061644,-42.15875484221239,34.6947837911325,35.63,2.0,headache,S079
-32.19,0.86,-30.253656114755643,-44.64182032269197,32.15310071313989,35.63,2.0,headache,S079
44.59,0.86,-45.5009678188974,-37.16672529536659,29.19371438367367,35.63,2.0,headache,S079
-4.05,0.85,-31.484797707711202,-32.97816317637271,23.59238248517306,35.63,2.0,headache,S079
-9.29,0.86,-58.029062947961144,-1.9772108218543585,18.575737131101192,35.63,2.0,headache,S079
-43.97,0.85,-68.95036939630631,31.286107710299945,33.606407442735886,35.63,2.0,headache,S079
47.58,0.85,-55.994228542939474,22.914007305007235,-0.2656146980525163,35.63,2.0,headache,S079
-1.31,0.85,-58.08607162207335,36.508811857466156,6.911412709837323,35.63,2.0,headache,S079
198.6,0.84,-44.370774752522195,39.88132175629672,20.129725998018476,35.63,2.0,headache,S079
-144.57,0.85,-49.00465185224773,43.334021574735644,15.183710615695489,35.63,2.0,headache,S079
74.27,0.84,-44.173827729376846,42.27953012216592,14.861715651417143,35.63,2.0,headache,S079
-76.65,0.84,-49.01428968275193,44.69576709195532,9.957338209198745,35.63,2.0,headache,S079
-18.32,0.84,-47.57794818209591,40.660624687518876,7.984177660368339,35.63,2.0,headache,S079
-28.23,0.84,-43.804049690333706,48.87800734567214,15.182145315637177,35.63,2.0,headache,S079
22.91,0.84,-39.93156824839594,44.30166208541491,22.753911011612253,35.65,2.0,headache,S079
76.72,0.84,-37.64250904907081,45.389021373419226,27.466238625125083,35.65,2.0,headache,S079
62.97,0.85,-45.09371383388635,38.94972312082236,23.037834429492275,35.65,2.0,headache,S079
15.88,0.85,-41.33262028375266,41.8003651866787,27.461172193014743,35.65,2.0,headache,S079
-323.94,0.85,-39.83812101255043,45.22070377564922,25.722799282514536,35.65,2.0,headache,S079
-128.54,0.86,-35.874666755946315,44.532714854539755,31.41586394908273,35.65,2.0,headache,S079
259.54,0.87,-34.0171186960497,39.97757427740228,34.83427583071346,35.65,2.0,headache,S079
56.48,0.86,-38.104552981059314,32.826093561052964,41.5119836073744,35.65,2.0,headache,S079
-37.29,0.87,-37.13352536746256,21.093972800819504,47.78578582005773,35.65,2.0,headache,S079
83.18,0.87,-38.62659156071609,24.011335271938336,47.721834103369375,35.65,2.0,headache,S079
172.43,0.86,-38.323551198573966,21.468374208360064,53.35835882234057,35.65,2.0,headache,S079
-113.05,0.86,-42.759190930877985,18.55078802169239,43.014673211186086,35.65,2.0,headache,S079
-103.31,0.86,-45.164937776532035,14.336660715066829,45.93340700271084,35.63,2.0,headache,S079
-145.82,0.86,-44.054681731105234,16.70467054653366,46.426784265001565,35.63,2.0,headache,S079
-16.11,0.86,-39.80159096015402,14.535555914649388,49.853186709095674,35.63,2.0,headache,S079
-0.63,0.86,-53.027648124828346,16.985910272077106,38.882494387934535,35.63,2.0,headache,S079
44.07,0.86,-50.496512991195914,12.576512635202498,37.78482060453984,35.65,2.0,headache,S079
270.79,0.86,-53.88413389941467,13.92047745177501,36.75516222696933,35.65,2.0,headache,S079
-173.15,0.86,-52.89463418712251,13.971029199194808,37.38887160782647,35.65,2.0,headache,S079
-98.25,0.85,-54.43793193665865,14.517902943216287,35.12335441346447,35.65,2.0,headache,S079
97.14,0.86,-53.10247559393558,13.696925726104665,36.88698274241936,35.65,2.0,headache,S079
68.59,0.86,-54.13218384788964,14.594160980913161,35.531201172374125,35.65,2.0,headache,S079
-40.5,0.85,-50.63314880815684,13.658399470175874,39.63294479685224,35.65,2.0,headache,S079
21.66,0.86,-51.84248090492738,14.833754326139376,38.62338559382251,35.65,2.0,headache,S079
-14.13,0.86,-50.86393865046511,13.583408235697723,39.31755558737858,35.65,2.0,headache,S079
27.0,0.85,-51.625123321195886,14.49815131377467,38.61633141139889,35.65,2.0,headache,S079
7.8,0.85,-50.79004761262241,13.396533351605834,39.25531941981014,35.65,2.0,headache,S079
-42.27,0.86,-51.64862675391323,14.021934558716033,38.56504040336808,35.65,2.0,headache,S079
4.72,0.86,-50.903005519208186,13.187271311074936,39.446544544689175,35.65,2.0,headache,S079
7.18,0.85,-52.37642703708946,14.345880013305194,38.55880271742028,35.65,2.0,headache,S079
-8.87,0.86,-51.247938040389094,13.587476666138604,39.43888199345718,35.65,2.0,headache,S079
-4.8,0.86,-52.18666867897012,14.368091234862835,38.465847696869965,35.65,2.0,headache,S079
7.96,0.87,-51.08637759305688,13.210093429522884,39.383201409157486,35.63,2.0,headache,S079
-5.58,0.86,-51.77482239895222,14.182583848454607,38.61455162582641,35.63,2.0,headache,S079
-0.08,0.86,-51.371099774237614,12.695454105384586,39.380017017406594,35.63,2.0,headache,S079
-1.38,0.86,-52.19996544427969,13.472758411866904,38.62692717752921,35.63,2.0,headache,S079
-8.97,0.86,-51.21026080923815,12.680113540032238,39.365640907959495,35.65,2.0,headache,S079
0.82,0.85,-51.94930765505773,13.36557551901223,38.64202415773329,35.65,2.0,headache,S079
4.71,0.89,-51.41780601721857,12.713240307012617,39.35008974527938,35.65,2.0,headache,S079
-14.82,0.86,-52.074618763230504,13.438522710103802,38.65815655698442,35.65,2.0,headache,S079
3.62,0.86,-51.28662854480604,12.588817230223345,39.332896883272596,35.66,2.0,headache,S079
3.72,0.86,-52.016720059720264,13.39747019698125,38.677532257426904,35.66,2.0,headache,S079
-8.78,0.86,-51.2401203056541,12.627328216377137,39.308409087674534,35.66,2.0,headache,S079
-1.21,0.86,-52.33151829591212,13.522104865867046,38.71795936075085,35.66,2.0,headache,S079
8.88,0.86,-51.61107993137907,13.028268780889428,39.101371557784674,35.66,2.0,headache,S079
-14.87,0.85,-52.380258728335,14.298296862066005,38.099194887946766,35.66,2.0,headache,S079
0.59,0.86,-51.62844888822151,13.105462994250871,38.845917062797916,35.66,2.0,headache,S079
4.75,0.86,-52.36390837615278,13.500523457902283,38.39572800848041,35.66,2.0,headache,S079
-7.44,0.86,-51.64285570946688,12.769703481214561,39.1232842769858,35.71,2.0,headache,S079
-1.36,0.86,-52.3510623215027,13.428796091937832,38.531778661096006,35.71,2.0,headache,S079
10.63,0.86,-51.654472750413724,12.732494957308038,38.970922842432394,35.71,2.0,headache,S079
-11.78,0.86,-52.34045127671248,13.341142630917377,38.3905923905751,35.71,2.0,headache,S079
9.09,0.86,-51.66421994867388,12.648155579412125,39.34362515691374,35.66,2.0,headache,S079
4.78,0.86,-52.33148514792543,13.356438687485081,38.5751916357495,35.66,2.0,headache,S079
-9.33,0.86,-51.67243740456101,12.640078262251619,38.96938755430556,35.66,2.0,headache,S079
-1.23,0.86,-52.324038366237076,13.364334119005065,38.59165653956674,35.66,2.0,headache,S079
14.94,0.86,-51.6790140699651,12.627481349468319,38.98111171267197,35.68,2.0,headache,S079
-13.16,0.86,-52.31857262447024,13.397102012193967,38.49618190233983,35.68,2.0,headache,S079
3.71,0.86,-51.68280619008055,12.738021438824031,39.03582329791573,35.68,2.0,headache,S079
8.93,0.86,-52.3179607645137,13.778153965166508,38.40716254230627,35.68,2.0,headache,S079
-3.62,0.88,-51.67453679447833,13.146383478116794,39.07145324232628,35.68,2.0,headache,S079
-5.74,0.86,-52.41022931705983,13.993847780992864,38.17317683623053,35.68,2.0,headache,S079
15.2,0.86,-51.62236757242095,12.930831055183067,38.94065445310214,35.68,2.0,headache,S079
-7.52,0.85,-52.27081958056467,13.36255466372847,38.55571116734991,35.68,2.0,headache,S079
-2.82,0.86,-51.72414479714176,12.679954798534308,38.977761341545474,35.66,2.0,headache,S079
5.51,0.86,-52.276597048134406,13.424489149882765,38.60108975838753,35.66,2.0,headache,S079
0.17,0.86,-51.72403029633038,12.71545400464114,39.198250517078904,35.66,2.0,headache,S079
-10.19,0.86,-52.27478004815823,13.297698779258205,38.75588879593942,35.66,2.0,headache,S079
16.01,0.85,-51.726649039089494,12.696449081402221,39.24700887570808,35.68,2.0,headache,S079
-5.89,0.86,-52.271846709277845,13.309249443809314,38.596237203602215,35.68,2.0,headache,S079
-7.26,0.86,-51.72962563502343,12.681103697153675,38.784413905946515,35.68,2.0,headache,S079
7.59,0.88,-52.269031009374004,13.353071733291037,38.69710631296751,35.68,2.0,headache,S079
5.59,0.85,-51.732052504645125,12.926531528302927,38.882534502359064,35.68,2.0,headache,S079
-16.45,0.86,-52.26738171465464,13.506271301961704,38.346042815238434,35.68,2.0,headache,S079
10.98,0.86,-51.731922472703936,12.89390522233566,38.419874163798795,35.68,2.0,headache,S079
3.48,0.85,-52.27398836264719,13.229771874435778,38.25444243701911,35.68,2.0,headache,S079
-8.74,0.86,-51.864224839369925,12.751711311943357,39.024940989392924,35.68,2.0,headache,S079
-2.96,0.86,-52.246055643608024,13.254262257737603,38.36146170192405,35.68,2.0,headache,S079
13.77,0.86,-51.74940635932324,12.74465415980249,38.718839362474874,35.68,2.0,headache,S079
-12.68,0.85,-52.25199668412715,13.251904997053233,38.53838121203103,35.68,2.0,headache,S079
0.25,0.86,-51.7469710625548,12.766167309915415,38.86057341354585,35.68,2.0,headache,S079
7.59,0.86,-52.254670550047244,13.382730466679414,38.50870532145684,35.68,2.0,headache,S079
-0.04,0.86,-51.74179898411135,12.71032549778431,38.92724429383108,35.68,2.0,headache,S079
-16.02,0.85,-52.26761831437215,13.280511612009562,38.705399379155025,35.68,2.0,headache,S079
15.0,0.86,-51.68329427789338,12.722247173894857,38.912969426381366,35.68,2.0,headache,S079
-0.04,0.86,-52.156955161599306,13.27823102260898,38.45303673068073,35.68,2.0,headache,S079
-9.87,0.85,-51.78725430031113,12.715259771650718,38.76677461370027,35.68,2.0,headache,S079
0.9,0.85,-52.22349813938605,13.330424614927278,38.5817674454638,35.68,2.0,headache,S079
13.77,0.86,-51.77145223485452,12.833894513789506,38.85075233123594,35.68,2.0,headache,S079
-15.56,0.86,-52.232399766452616,13.215128649472144,38.47978574575444,35.68,2.0,headache,S079
1.77,0.85,-51.763150697551445,12.785289098822851,38.92050968928427,35.68,2.0,headache,S079
8.45,0.85,-52.24383741158937,13.197573658769418,38.42459190979735,35.68,2.0,headache,S079
-3.73,0.86,-51.76087867603392,12.870414294777335,39.01290558397827,35.68,2.0,headache,S079
-10.18,0.86,-52.47379290022926,13.663055797510474,38.2282781757478,35.68,2.0,headache,S079
16.68,0.86,-51.705373425238825,13.033726708465089,38.754594613853605,35.68,2.0,headache,S079
-9.64,0.86,-52.19590961164335,13.997015412003668,38.277455076922635,35.68,2.0,headache,S079
-1.29,0.86,-51.93798841210192,13.11623273931109,38.35203433674665,35.66,2.0,headache,S079
7.84,0.86,-52.365546000352666,13.823820532500076,37.88582907615562,35.66,2.0,headache,S079
-4.96,0.85,-51.97850486648829,13.480899618078421,38.26533874836553,35.66,2.0,headache,S079
-5.34,0.86,-52.539471526832756,13.80657152309854,37.84026692216453,35.66,2.0,headache,S079
14.04,0.86,-52.15044564295665,12.795104113707252,38.1654035062035,35.71,2.0,headache,S079
-10.97,0.86,-52.87962996546773,14.128393491697262,38.03064853046012,35.71,2.0,headache,S079
11.74,0.86,-52.299562000523316,13.214227157686073,38.32003478020534,35.71,2.0,headache,S079
-3.02,0.86,-52.21091591462106,13.222008014798151,37.879556502400646,35.71,2.0,headache,S079
-11.41,0.86,-52.118282979776076,13.033006883859276,38.098692774460446,35.71,2.0,headache,S079
3.97,0.86,-52.28719059551555,13.544971770702231,38.03168276042201,35.71,2.0,headache,S079
3.17,0.85,-51.662896302738154,13.111086457727769,38.65720541442142,35.71,2.0,headache,S079
-28.42,0.86,-52.471718621167845,13.509617215846292,37.81388603936955,35.71,2.0,headache,S079
20.47,0.86,-52.151460503662506,13.658954136456126,38.342110190532786,35.68,2.0,headache,S079
10.02,0.85,-52.485496335787474,13.735587030648798,38.04713859695586,35.68,2.0,headache,S079
-12.17,0.85,-52.36921857672216,13.302047703777072,38.14122700475365,35.68,2.0,headache,S079
7.7,0.86,-52.570507370271905,13.680618625055427,37.85121060542744,35.68,2.0,headache,S079
22.52,0.86,-52.45474109889168,12.629460768369263,38.15351717377141,35.66,2.0,headache,S079
-14.88,0.85,-52.84421242943021,13.440057399251804,37.813120203855256,35.66,2.0,headache,S079
-5.57,0.85,-52.260110323743795,12.74889533912801,38.27586827472093,35.66,2.0,headache,S079
17.99,0.86,-52.74205453084695,13.660483417771388,37.90890958934571,35.66,2.0,headache,S079
1.31,0.86,-52.69967782154342,12.803941850448242,38.096419128035606,35.68,2.0,headache,S079
-21.59,0.85,-52.94397650656195,13.37170274970858,37.907443107846206,35.68,2.0,headache,S079
8.74,0.86,-52.59842264175932,13.273570377685193,38.08518695721561,35.68,2.0,headache,S079
1.3,0.86,-53.099393554706,13.875051669275386,37.92422227149856,35.68,2.0,headache,S079
1.25,0.86,-52.5434722962656,13.415825749972566,37.774194913474915,35.68,2.0,headache,S079
-0.36,0.85,-52.763498332564104,14.152151190575552,37.72249091652165,35.68,2.0,headache,S079
23.36,0.85,-52.58011925695716,13.02110393152941,38.05197899449054,35.68,2.0,headache,S079
-7.23,0.86,-52.81737521749419,13.750329555979823,37.80323816848009,35.68,2.0,headache,S079
-2.8,0.85,-52.475740068927465,13.300056232781348,37.98466938005178,35.68,2.0,headache,S079
-3.39,0.85,-52.78037137226016,13.613229152453739,37.90123886925929,35.68,2.0,headache,S079
-8.01,0.86,-52.81808701634543,13.046772768954526,37.7705149637705,35.68,2.0,headache,S079
-14.14,0.85,-52.88032913662649,13.635359578775418,38.069220574559886,35.68,2.0,headache,S079
2.92,0.85,-52.94589319363711,12.812492995104067,37.888919575396294,35.66,2.0,headache,S079
-23.85,0.85,-52.83704104276973,13.357033924035825,38.181738987203204,35.66,2.0,headache,S079
17.21,0.86,-52.857754486313915,13.11202276861195,37.65775002472042,35.66,2.0,headache,S079
1.51,0.86,-52.892984559451115,14.025913235369075,38.35035101122875,35.66,2.0,headache,S079
-8.96,0.85,-53.044900813631116,13.27691098843528,37.56991219561035,35.68,2.0,headache,S079
-3.56,0.85,-51.640078882283554,11.712097108051374,40.440397602529124,35.68,2.0,headache,S079
34.58,0.86,-53.5842877350385,10.65813439788172,35.315580265483945,35.68,2.0,headache,S079
-10.58,0.85,-56.57508684486088,16.142721110584997,38.78379526025056,35.68,2.0,headache,S079
93.85,0.85,-48.52915368068311,11.745867698044373,43.18944117977894,35.71,2.0,headache,S079
70.6,0.86,-48.89449325964693,7.7822809143974,41.17008426344158,35.71,2.0,headache,S079
-44.11,0.86,-50.513124673669495,8.62510791317165,43.28441169607976,35.71,2.0,headache,S079
-87.82,0.86,-49.72170539513457,7.832872266358391,41.7099285257701,35.71,2.0,headache,S079
-29.9,0.86,-49.11453995319295,8.546296178868964,43.924078200998366,35.68,2.0,headache,S079
-7.86,0.86,-49.117652064209324,8.783635443811635,42.85831100527212,35.68,2.0,headache,S079
-5.66,0.87,-48.33938301456654,9.672951675050806,44.53609985816399,35.68,2.0,headache,S079
20.51,0.86,-48.957158232833166,9.759041733149763,42.5408493560764,35.68,2.0,headache,S079
-5.29,0.86,-48.06092513737343,10.068288860633038,44.434218543008804,35.68,2.0,headache,S079
-18.19,0.87,-47.90408841228399,11.09119729623418,43.70949992706443,35.68,2.0,headache,S079
-5.98,0.87,-47.99534315007724,11.001957419106187,44.24848516402734,35.68,2.0,headache,S079
8.64,0.86,-47.70491107833892,11.390330727930474,44.059105576767756,35.68,2.0,headache,S079
-15.4,0.89,-46.10356677078635,12.805920785316482,44.179532214334856,35.66,2.0,headache,S079
3.15,0.87,-42.137601591255816,19.452266701097464,45.65265924864932,35.66,2.0,headache,S079
-7.23,0.87,-41.373976137962515,20.87177629057235,47.92682982188264,35.66,2.0,headache,S079
-3.95,0.87,-33.631695970541344,25.286555438636903,49.48052182659276,35.66,2.0,headache,S079
-176.19,0.87,-30.849505920536444,23.381412244245126,51.830921034195065,35.66,2.0,headache,S079
-56.29,0.88,-31.562998850871715,23.292776038259007,52.02346041651841,35.66,2.0,headache,S079
363.47,0.88,-29.541310241105688,22.414038137528117,53.39659783290569,35.66,2.0,headache,S079
16.46,0.88,-29.575326010140135,22.96465819159849,52.89368404988274,35.66,2.0,headache,S079
-5.32,0.88,-29.119464925429238,23.041540110934864,53.24397529470143,35.65,2.0,headache,S079
-63.03,0.89,-27.855170737205146,23.54223301257055,53.417352849164295,35.65,2.0,headache,S079
-22.82,0.88,-27.139067362534778,22.817770748970716,54.02272542479075,35.65,2.0,headache,S079
-28.49,0.91,-27.857877232771138,23.630892137438103,53.87371341821276,35.65,2.0,headache,S079
16.43,0.89,-28.014718398055837,22.64482688277237,53.92739837695115,35.65,2.0,headache,S079
-12.71,0.89,-28.592098681781202,23.40502976204465,53.0700106860425,35.65,2.0,headache,S079
15.45,0.88,-28.132789653317413,22.763333696066862,53.836908382363696,35.65,2.0,headache,S079
-12.36,0.89,-28.292828819119848,23.299499376039606,53.31855957653925,35.65,2.0,headache,S079
-3.39,0.89,-28.177342112976692,22.69906031492809,53.636774066944895,35.59,2.0,headache,S079
-15.31,0.89,-28.707581781848365,23.297001460797873,53.142180972016185,35.59,2.0,headache,S079
7.32,0.89,-28.089329298414956,22.70833215209656,53.944234468355724,35.59,2.0,headache,S079
-14.37,0.89,-28.636936683900537,23.285286855265554,53.394872360065854,35.59,2.0,headache,S079
9.81,0.89,-27.82929023655093,22.723317871237196,54.256842666697814,35.61,2.0,headache,S079
-12.62,0.88,-28.337551388480506,23.260026082288093,53.54584546107404,35.61,2.0,headache,S079
5.46,0.91,-27.670254860241783,22.622310518813908,54.376036737808136,35.61,2.0,headache,S079
-8.21,0.89,-28.814881415504217,23.150400533366106,53.34173094670788,35.61,2.0,headache,S079
9.48,0.89,-25.40689202161363,23.170546382172002,56.24767697588037,35.61,2.0,headache,S079
-15.25,0.88,-24.5460930066798,20.811024221768115,55.095241039718616,35.61,2.0,headache,S079
10.29,0.89,-25.570510178643406,19.985795320069553,56.35237339631518,35.61,2.0,headache,S079
-24.73,0.89,-24.644343647424463,21.053059031709704,55.61495121836671,35.61,2.0,headache,S079
-47.27,0.89,-25.261247847214257,20.734959083526803,56.38464848293781,35.59,2.0,headache,S079
9.15,0.88,-24.50232281592614,21.284094493278566,55.58875731226145,35.59,2.0,headache,S079
81.32,0.9,-24.86310751249557,20.62731978668216,56.47934158806312,35.59,2.0,headache,S079
-12.42,0.89,-23.77173154229153,21.071277358981163,55.720860897525064,35.59,2.0,headache,S079
18.48,0.89,-24.9115671006104,20.815394452866546,56.768527048065614,35.59,2.0,headache,S079
-13.71,0.89,-23.901617786895287,21.159240530726027,55.39829557586426,35.59,2.0,headache,S079
16.67,0.89,-25.170105043184737,20.934993931669826,57.1302370995865,35.59,2.0,headache,S079
-22.95,0.89,-20.51340109774934,23.514628883581036,55.73797701930751,35.59,2.0,headache,S079
26.62,0.89,-22.711411211782405,29.362557387236592,57.672636215475244,35.57,2.0,headache,S079
-27.08,0.89,-16.875643241060267,29.79382689153318,53.51022918806142,35.57,2.0,headache,S079
11.31,0.89,-11.26019184848085,24.355271588242612,52.635260588434896,35.57,2.0,headache,S079
-76.2,0.89,-12.729810162215557,40.07183562874123,51.927648983979196,35.57,2.0,headache,S079
5.82,0.87,-23.436331461867894,33.05960219435083,48.0232042488501,35.61,2.0,headache,S079
-186.38,0.87,-27.817914546125902,37.49326657888299,46.47150532742998,35.61,2.0,headache,S079
-209.35,0.87,-22.950160466516206,37.822621144001936,44.52632560515041,35.61,2.0,headache,S079
90.61,0.87,-30.167296218808474,37.969141879183965,44.38927417022434,35.61,2.0,headache,S079
259.05,0.87,-23.174939158800267,36.422250725793965,45.64710359758224,35.61,2.0,headache,S079
45.76,0.87,-24.00342852561787,44.16548729756264,42.33749664956983,35.61,2.0,headache,S079
128.22,0.87,-21.14518129025545,30.1975111036078,50.82450835048884,35.61,2.0,headache,S079
129.52,0.87,-24.370370211000417,25.959744527084666,54.32103328679358,35.61,2.0,headache,S079
528.12,0.87,-24.082398351713813,30.400621975606516,51.397954932718676,35.65,2.0,headache,S079
-164.47,0.88,-22.992127442876505,27.761737449830246,53.78901913310991,35.65,2.0,headache,S079
-458.61,0.88,-24.436996335246654,28.51551803854215,52.13585166414679,35.65,2.0,headache,S079
-88.76,0.87,-24.765099870248807,27.650590888208296,53.14606780702692,35.65,2.0,headache,S079
-35.94,0.88,-25.409300996587486,26.92840789040715,52.5420337636846,35.63,2.0,headache,S079
56.26,0.88,-27.596471638722896,25.847206981773372,52.71275279379129,35.63,2.0,headache,S079
-43.62,0.88,-27.648861980597374,25.704709374438114,52.525662340765265,35.63,2.0,headache,S079
40.04,0.88,-28.386485153565534,25.193690274944764,53.15036895960103,35.63,2.0,headache,S079
-25.81,0.87,-28.84536587262719,24.61424066239341,52.37949002397656,35.61,2.0,headache,S079
20.74,0.88,-29.09237764018902,24.501177485243634,52.87837875629302,35.61,2.0,headache,S079
0.9,0.88,-27.769424022358045,24.763425085942757,52.832254884309194,35.61,2.0,headache,S079
4.14,0.87,-28.272455454516585,24.804199392848048,53.14397098474013,35.61,2.0,headache,S079
-22.0,0.88,-27.682718026548397,25.04311593283126,52.869651449482525,35.63,2.0,headache,S079
20.38,0.88,-28.37800636267057,25.688021307650658,52.951312163035944,35.63,2.0,headache,S079
-15.12,0.88,-27.779271397662356,25.21630654681456,52.45128579576311,35.63,2.0,headache,S079
18.38,0.88,-29.802323668574353,24.662076882944056,52.17029891703158,35.63,2.0,headache,S079
8.11,0.88,-29.33998831199416,24.94351917340318,51.91441248812765,35.65,2.0,headache,S079
1.93,0.88,-28.905310804801633,24.973981039101524,52.73870525083073,35.65,2.0,headache,S079
-26.42,0.88,-27.736417856400443,25.590057209032093,52.233329016182545,35.65,2.0,headache,S079
11.47,0.88,-27.077699819964824,26.433490856172465,52.40520111373085,35.65,2.0,headache,S079
-16.39,0.88,-27.241348828102968,26.03461795742559,52.20991231142608,35.63,2.0,headache,S079
-0.63,0.88,-28.380830703659758,25.920980659966517,52.39186712502896,35.63,2.0,headache,S079
4.68,0.87,-27.191946586912998,26.070862173690152,52.96490749387135,35.63,2.0,headache,S079
-21.84,0.88,-27.121062023810083,26.584501648616893,53.01355483292165,35.63,2.0,headache,S079
4.37,0.88,-26.264907108039324,26.095235937971307,52.98593085435182,35.65,2.0,headache,S079
31.83,0.87,-26.96455014020248,26.614189600347828,53.014629381163836,35.65,2.0,headache,S079
-20.72,0.88,-26.1741535298664,26.2483049681531,52.98538271180243,35.65,2.0,headache,S079
2.1,0.88,-26.480185390414917,27.051325579208427,53.00247100515013,35.65,2.0,headache,S079
9.26,0.88,-25.694526795746498,26.929157347546553,52.722654845343776,35.65,2.0,headache,S079
-3.57,0.88,-26.446054831222053,27.193879196614112,52.3767729261877,35.65,2.0,headache,S079
-3.92,0.87,-25.585473465669555,27.321791753842923,52.859396417499475,35.65,2.0,headache,S079
19.23,0.88,-25.992200429198302,27.4221488956568,52.69450014858386,35.65,2.0,headache,S079
-9.26,0.88,-25.059200033370157,26.835745882765647,52.705701552021765,35.63,2.0,headache,S079
-8.97,0.87,-25.931701511452225,27.27190040637637,53.025508968058354,35.63,2.0,headache,S079
2.54,0.87,-25.66631167989366,26.99312520165805,52.98452140745111,35.63,2.0,headache,S079
-3.32,0.88,-26.011959708403968,27.266967110541806,52.84686573727227,35.63,2.0,headache,S079
-15.73,0.88,-25.115959971386186,27.05308234706925,53.08918898383071,35.65,2.0,headache,S079
17.48,0.87,-25.03411473481548,29.109183106222936,52.78769946849576,35.65,2.0,headache,S079
1.62,0.88,-21.822587498715837,27.886142395402818,53.711437033693315,35.65,2.0,headache,S079
-9.63,0.88,-23.14961489133577,26.73577092318482,53.764419632329705,35.65,2.0,headache,S079
7.32,0.87,-24.028619510954606,27.797721197425997,52.90667497721318,35.63,2.0,headache,S079
4.54,0.86,-24.36357887027721,28.622214618835706,52.970491051004046,35.63,2.0,headache,S079
-30.44,0.87,-27.51322716711466,25.46701891086897,52.347752575403774,35.63,2.0,headache,S079
-20.82,0.87,-28.166939923878722,26.611367686392743,52.16498741722053,35.63,2.0,headache,S079
37.81,0.86,-26.061977034504153,26.250989142240485,52.83309653252994,35.65,2.0,headache,S079
29.79,0.86,-25.448934201305207,27.506445414608834,52.74481152669062,35.65,2.0,headache,S079
-2.49,0.86,-24.615809715159156,27.279227661855053,52.59949963317883,35.65,2.0,headache,S079
-8.72,0.87,-25.485423556739494,28.396346685246247,52.26824370032464,35.65,2.0,headache,S079
-51.77,0.86,-24.998887796203412,27.549460742223452,52.08535025286745,35.63,2.0,headache,S079
1.12,0.86,-25.275768350339376,28.735054445221987,52.06014360741095,35.63,2.0,headache,S079
40.08,0.86,-25.781058303101737,26.929391264160508,52.50432925154882,35.63,2.0,headache,S079
21.2,0.86,-27.622731836048114,26.55071355437577,52.47775604392644,35.63,2.0,headache,S079
-2.08,0.86,-28.686053674779558,25.138338273591756,52.15483000686508,35.63,2.0,headache,S079
9.25,0.87,-31.389535259910144,23.66292915584266,52.05686337446261,35.63,2.0,headache,S079
10.7,0.87,-31.027551513822008,23.47444523087282,51.87797947266629,35.63,2.0,headache,S079
-7.79,0.86,-31.391489964045107,23.557065340852553,51.95402050802165,35.63,2.0,headache,S079
8.59,0.86,-30.27564760175714,23.76203414476111,52.042148013710225,35.65,2.0,headache,S079
6.51,0.87,-30.943566034854765,23.518680501209392,52.12426960026071,35.65,2.0,headache,S079
-21.6,0.86,-29.74960917120729,24.547959479657212,51.94040455803466,35.65,2.0,headache,S079
-12.31,0.86,-30.02099176785118,24.826867195788154,52.07334318222005,35.65,2.0,headache,S079
-7.86,0.86,-29.722885623384396,24.16336030160062,52.23580483061181,35.65,2.0,headache,S079
-14.86,0.87,-29.441522685646845,25.56775359640901,52.27538954951107,35.65,2.0,headache,S079
-4.34,0.87,-28.69553459698601,24.300818559419472,52.461012779637926,35.65,2.0,headache,S079
20.87,0.86,-31.979073682280777,23.1789592579523,51.848732551257314,35.65,2.0,headache,S079
-7.67,0.87,-30.915551270250603,22.785110046618467,52.00561174878077,35.63,2.0,headache,S079
-4.49,0.87,-32.50541818111329,21.83536157619322,52.01245743283399,35.63,2.0,headache,S079
14.46,0.87,-32.44706351084522,22.300045728630046,51.97839578090256,35.63,2.0,headache,S079
-6.53,0.86,-32.88240495876148,22.378436086130172,52.026340700570024,35.63,2.0,headache,S079
-7.67,0.87,-31.74069400874942,21.854813393418095,52.02274044336385,35.61,2.0,headache,S079
7.48,0.87,-30.75424139792959,22.95404327366615,52.78404870567441,35.61,2.0,headache,S079
-7.94,0.87,-28.904059955264703,23.33533081268349,53.15689471719195,35.61,2.0,headache,S079
-18.48,0.87,-28.362201020976556,23.743897641755083,53.36095713830236,35.61,2.0,headache,S079
-6.38,0.87,-29.88742844714301,22.52988523778581,52.70543297863958,35.63,2.0,headache,S079
-1.37,0.87,-31.721397209697134,23.557859870901478,51.93488194387196,35.63,2.0,headache,S079
-17.15,0.86,-29.7667180971567,23.7753067909168,52.154419073852296,35.63,2.0,headache,S079
24.56,0.86,-30.746115460962727,24.205594418852638,51.98874351860455,35.63,2.0,headache,S079
34.96,0.86,-30.66126703582501,23.363637026016153,52.00207972682713,35.65,2.0,headache,S079
2.57,0.86,-31.86867784577765,23.02758784064751,52.00564052067942,35.65,2.0,headache,S079
8.41,0.86,-31.27478377494036,22.725512293850244,51.987207565349706,35.65,2.0,headache,S079
14.83,0.86,-31.828273289121967,22.637172650151992,52.02022750891062,35.65,2.0,headache,S079
-13.94,0.86,-31.386894048177297,22.407300254805136,51.970993560646185,35.63,2.0,headache,S079
-16.27,0.86,-32.38793955790541,22.125733534841995,52.04127002874223,35.63,2.0,headache,S079
14.25,0.86,-31.71169458316579,21.8670461944919,51.935960095517615,35.63,2.0,headache,S079
-6.98,0.86,-32.07218021120984,22.438651026287516,52.15291324081987,35.63,2.0,headache,S079
-13.07,0.86,-31.536458061933477,21.706629922681355,52.15764960271817,35.63,2.0,headache,S079
4.37,0.86,-32.197927748086805,22.427098269969317,51.97702982079074,35.63,2.0,headache,S079
4.47,0.85,-31.546633116749327,21.870180124970588,51.99530771338068,35.63,2.0,headache,S079
-8.66,0.86,-32.40785831483606,22.67048208661889,52.01794318085257,35.63,2.0,headache,S079
10.01,0.86,-31.519083449453028,22.37980018121982,52.29884855344648,35.63,2.0,headache,S079
12.75,0.86,-29.387419436809978,23.920026819724132,53.11303012250416,35.63,2.0,headache,S079
-7.51,0.86,-26.476428725396243,24.117958713079172,53.12508722702926,35.63,2.0,headache,S079
-13.1,0.86,-28.40099050447638,24.51591634726504,52.92542006129864,35.63,2.0,headache,S079
-3.65,0.86,-25.460647888443386,23.84308301956663,54.025511328722814,35.63,2.0,headache,S079
-41.17,0.86,-26.374688128134373,23.23378358226509,53.761038776781554,35.63,2.0,headache,S079
-1.78,0.86,-23.959439999125934,24.40037927979612,56.584770442613305,35.63,2.0,headache,S079
52.12,0.86,-20.133236393915407,24.815761820129506,57.69894736192611,35.63,2.0,headache,S079
20.72,0.86,-7.242340079489466,6.930475600702729,62.3159296545622,35.61,2.0,headache,S079
38.28,0.86,-20.204324772933163,6.509770406598909,61.765692917327094,35.61,2.0,headache,S079
35.81,0.86,-20.088561222543913,11.823628358623722,60.07966986218307,35.61,2.0,headache,S079
10.15,0.86,-21.24570127042976,6.746218720880339,61.579843667430595,35.61,2.0,headache,S079
-37.5,0.86,-20.097948537716583,8.568106284341738,60.6479834260587,35.59,2.0,headache,S079
-48.56,0.87,-22.984413596161836,8.588018727413312,60.43078135749723,35.59,2.0,headache,S079
-6.96,0.85,-21.22078363776386,7.480746412507525,60.107755241660996,35.59,2.0,headache,S079
-20.35,0.86,-26.801014945978974,6.69835091529669,60.00677592592187,35.59,2.0,headache,S079
-12.13,0.86,-25.930222835026665,7.90194746368971,58.577023784612116,35.63,2.0,headache,S079
-46.17,0.86,-26.621197773392677,9.445489640455012,59.630340166820055,35.63,2.0,headache,S079
17.52,0.88,-28.271002563204732,8.569320564121469,57.89251324989429,35.63,2.0,headache,S079
47.13,0.86,-32.09190167271565,7.959527858486978,56.787768415384626,35.63,2.0,headache,S079
17.89,0.86,-32.29050680353868,8.657887598166807,55.64009079947551,35.63,2.0,headache,S079
-14.65,0.86,-34.382585638188985,8.214741616009823,55.72507669193634,35.63,2.0,headache,S079
33.15,0.86,-33.54015765889153,8.970825713877316,54.86565842973465,35.63,2.0,headache,S079
108.16,0.87,-36.32775017573465,8.652978662000772,54.48913773832824,35.63,2.0,headache,S079
220.6,0.86,-34.07368196643264,8.567279543665164,56.24069337525743,35.63,2.0,headache,S079
-8.73,0.86,-26.11531584638427,9.994466699736172,70.87073745567002,35.63,2.0,headache,S079
3.07,0.86,-2.1838533551378196,3.3203449666479528,48.19574320009417,35.63,2.0,headache,S079
-265.15,0.86,-16.117234240915785,4.565426525935804,62.76428769568423,35.63,2.0,headache,S079
-645.42,0.87,-19.253821995479992,9.385058260676058,62.62541975907058,35.63,2.0,headache,S079
-192.47,0.87,-18.12896158830133,10.962992734326257,60.11724702337711,35.63,2.0,headache,S079
94.96,0.87,-20.402620381261475,9.425540730752612,62.130936764646734,35.63,2.0,headache,S079
359.42,0.87,-20.03166382157176,10.667819076852116,60.288862939324716,35.63,2.0,headache,S079
299.5,0.87,-16.72175816118172,10.439267725487596,62.35287008588896,35.61,2.0,headache,S079
125.02,0.87,-7.720910814767238,9.286911520089411,62.49797817165375,35.61,2.0,headache,S079
-4.72,0.87,-11.294462742850865,10.496963639912947,63.18185848859577,35.61,2.0,headache,S079
16.93,0.88,-10.557539903866148,9.630797072905985,62.11655620044744,35.61,2.0,headache,S079
-4.55,0.87,-13.580125376597321,12.102646817104056,62.26714312823184,35.61,2.0,headache,S079
-3.1,0.87,-15.336410869606901,13.387697769031096,61.110535712674825,35.61,2.0,headache,S079
-1.87,0.88,-19.265269740651448,12.933242829441971,60.77281842261712,35.61,2.0,headache,S079
29.62,0.88,-23.07722058813904,14.790507151381815,59.29487490355311,35.61,2.0,headache,S079
1.53,0.87,-21.8845162987654,13.284293609113755,59.77196486552547,35.61,2.0,headache,S079
-115.96,0.87,-22.17936504433374,12.91860616286833,59.104442593299936,35.61,2.0,headache,S079
-70.87,0.87,-21.32879125254264,13.336937222012372,60.06393092066355,35.61,2.0,headache,S079
-21.59,0.88,-22.032647721656584,13.657146731690302,59.36188631027886,35.61,2.0,headache,S079
-2.29,0.87,-22.451800893435195,13.224810186240438,59.53352154118145,35.59,2.0,headache,S079
-17.94,0.88,-23.0115752824146,14.954900706034001,58.59581040113947,35.59,2.0,headache,S079
-9.28,0.88,-21.516743090632442,15.680114077597182,58.75596552768551,35.59,2.0,headache,S079
-7.85,0.88,-24.087895776039204,16.34763372821295,57.87554287954808,35.59,2.0,headache,S079
-12.64,0.87,-26.353504808934495,14.024815885576306,58.54700933745138,35.61,2.0,headache,S079
7.17,0.88,-26.089909449856012,12.56163645119728,57.986357267857215,35.61,2.0,headache,S079
11.76,0.88,-25.444092859482794,13.197251051608669,58.43905572916737,35.61,2.0,headache,S079
16.83,0.87,-25.87520821492946,14.775246032326224,57.58380972835463,35.61,2.0,headache,S079
-1.71,0.87,-26.114523274324974,15.065435987623568,57.78709457801782,35.59,2.0,headache,S079
-25.95,0.88,-27.03470305747805,16.107627633495753,57.256407092970385,35.59,2.0,headache,S079
15.93,0.88,-25.85874164370566,15.797231040708562,57.52416541258374,35.59,2.0,headache,S079
23.02,0.88,-27.236272373049683,16.012110650092264,57.08316250637973,35.59,2.0,headache,S079
-13.55,0.88,-25.97411733962615,15.784300574962025,57.43192547626892,35.61,2.0,headache,S079
3.67,0.88,-26.898773296098216,15.827447432741241,56.61599276700892,35.61,2.0,headache,S079
8.85,0.88,-26.11550183484365,16.164840271561292,57.7136506184678,35.61,2.0,headache,S079
1.78,0.88,-26.746388914157734,16.34159108493091,56.706889356262906,35.61,2.0,headache,S079
0.47,0.88,-25.820158050896975,16.37048113602342,57.50498236307989,35.59,2.0,headache,S079
12.23,0.88,-27.37764339287144,16.371288001958334,56.23934213596641,35.59,2.0,headache,S079
-3.09,0.88,-24.307014246255317,16.85780980367566,58.53148052556219,35.59,2.0,headache,S079
1.27,0.88,-36.60697498164597,10.946133743253846,52.55481941624175,35.59,2.0,headache,S079
13.85,0.88,-39.97559194405596,7.765596642576754,51.4870862725821,35.57,2.0,headache,S079
-9.55,0.86,-36.89980546962068,9.763656421493208,53.61625954932362,35.57,2.0,headache,S079
-4.59,0.86,-37.61210022816354,8.3461777484933,53.016448725247244,35.57,2.0,headache,S079
-26.89,0.86,-36.06811036807713,9.429580641304293,54.1152895226001,35.57,2.0,headache,S079
9.92,0.86,-36.28614462709375,8.536876347074363,53.70130678553365,35.57,2.0,headache,S079
3.04,0.86,-35.91441131841098,9.43887923740481,54.14970083641849,35.57,2.0,headache,S079
5.41,0.86,-36.242041285505564,8.678539688980575,53.73119096196435,35.57,2.0,headache,S079
4.43,0.86,-35.84955294568792,9.277720555630314,54.40808881058513,35.57,2.0,headache,S079
21.83,0.87,-35.416004588853816,8.490971728624325,54.44456121904681,35.57,2.0,headache,S079
-2.4,0.86,-35.29914870082014,9.763402207794597,54.635829367088405,35.57,2.0,headache,S079
2.25,0.86,-34.93603937177845,8.72725848740795,54.59788680584034,35.57,2.0,headache,S079
-0.34,0.86,-34.330920440433594,9.940064695606505,54.91019450745289,35.57,2.0,headache,S079
-15.7,0.86,-35.50034830185841,7.748916318536324,54.22462652198929,35.61,2.0,headache,S079
25.34,0.86,-25.241453279882208,13.950428074937374,58.12578728557897,35.61,2.0,headache,S079
8.01,0.86,-23.791406278566477,15.007601421760176,58.22538750389846,35.61,2.0,headache,S079
-2.48,0.88,-28.852891159743336,17.483629287452764,55.70531764465806,35.61,2.0,headache,S079
61.86,0.87,-28.63813345984483,15.998260061402037,56.51381809777626,35.59,2.0,headache,S079
27.56,0.87,-30.98281536868688,17.613730067628573,56.01697516077758,35.59,2.0,headache,S079
-72.68,0.87,-26.92614147164383,18.17036757818655,56.65872260864424,35.59,2.0,headache,S079
-60.88,0.88,-27.783337044366167,7.346845301703062,57.77894079125658,35.59,2.0,headache,S079
-13.29,0.87,-17.46720752213747,10.062823272985991,61.6367013279532,35.59,2.0,headache,S079
-42.46,0.87,-23.811794038296696,5.157336233434319,59.80379671395296,35.59,2.0,headache,S079
-28.69,0.88,-20.548382845598375,10.796423393472008,59.4853762778623,35.59,2.0,headache,S079
30.17,0.88,-22.267417882222706,11.282286261142236,59.997838112850935,35.59,2.0,headache,S079
11.3,0.87,-23.84484236481982,9.945835560194498,59.958992930372055,35.59,2.0,headache,S079
-39.27,0.87,-20.149748204677174,11.483917805756812,60.61704494102167,35.59,2.0,headache,S079
4.79,0.88,-21.139594054204526,10.957524037478514,60.239792047626175,35.59,2.0,headache,S079
64.89,0.88,-21.99686855824356,11.012447165392519,60.35557857424003,35.59,2.0,headache,S079
24.61,0.87,-22.824805501042988,9.723048181873859,59.94023276421696,35.57,2.0,headache,S079
4.16,0.88,-21.58268312147953,11.459086691935651,60.392804515430356,35.57,2.0,headache,S079
-1.9,0.88,-24.790090604780016,4.297813154451445,59.754343175228286,35.57,2.0,headache,S079
42.88,0.88,-23.909838425795954,8.171778369534916,59.36886531542727,35.57,2.0,headache,S079
7.04,0.87,-23.829192543142966,12.935606821533677,60.21774167708238,35.57,2.0,headache,S079
-39.07,0.88,-26.024065315461172,9.416609186248309,59.00450007294958,35.57,2.0,headache,S079
-96.19,0.88,-22.29024380736596,10.750899798067822,59.91872246069532,35.57,2.0,headache,S079
29.4,0.87,-23.554595539743268,11.028314967419862,59.536600532190164,35.57,2.0,headache,S079
115.1,0.87,-23.523743875781985,10.530940917342686,59.99114181721101,35.57,2.0,headache,S079
26.1,0.88,-22.949069964582787,10.461625774435044,59.47410253917096,35.57,2.0,headache,S079
7.59,0.88,-22.519562556040817,11.28386595636803,60.0850971273901,35.57,2.0,headache,S079
-12.78,0.87,-23.2355217720264,11.590162867816954,59.41599003001231,35.57,2.0,headache,S079
0.21,0.88,-21.064484048895633,13.173362382459233,59.968826385177145,35.57,2.0,headache,S079
-11.64,0.88,-22.39341454682001,11.723559781485779,59.4148411924154,35.57,2.0,headache,S079
-4.81,0.88,-22.750990795969756,13.093877060376592,59.441089498468244,35.57,2.0,headache,S079
0.36,0.88,-27.843245727683787,8.621690197996713,58.94174131277805,35.57,2.0,headache,S079
-19.39,0.88,-20.892845224246393,11.853536615386046,59.991366118848056,35.57,2.0,headache,S079
-27.0,0.88,-24.922081750966093,12.870916661957015,59.40236003654879,35.57,2.0,headache,S079
23.89,0.88,-24.736724053200973,9.177257303688053,59.02862106687843,35.57,2.0,headache,S079
-1.61,0.88,-24.585256540671026,12.200722261791727,59.43010614424368,35.57,2.0,headache,S079
-0.22,0.88,-25.10366837608469,9.959978544940872,58.95333291552158,35.57,2.0,headache,S079
20.4,0.88,-25.742872898758083,10.637951514698067,59.25409809583065,35.57,2.0,headache,S079
-44.03,0.88,-26.936281069092693,8.173198475639417,58.51856854609477,35.57,2.0,headache,S079
10.11,0.88,-29.133901879638582,9.15950835632201,58.172698212394685,35.57,2.0,headache,S079
16.52,0.88,-29.198254736845,9.316142592801112,57.27110595659155,35.59,2.0,headache,S079
-9.58,0.88,-25.179236822674703,15.840711268452452,58.193148191617254,35.59,2.0,headache,S079
16.82,0.88,-25.22282945201335,14.066731535881932,58.58403341324324,35.59,2.0,headache,S079
23.82,0.88,-21.093224788432078,11.536939064537172,60.22022731038274,35.59,2.0,headache,S079
-33.06,0.88,-14.974276363689441,10.260470394370804,61.04941125805431,35.55,2.0,headache,S079
51.59,0.88,-17.921064858541776,11.667390857564511,61.475076622840554,35.55,2.0,headache,S079
98.1,0.88,-16.032271113705374,10.695931254154479,61.246020124377516,35.55,2.0,headache,S079
17.59,0.88,-22.10903478563058,4.178450990967428,60.340224920574926,35.55,2.0,headache,S079
20.23,0.88,-22.57297892049828,15.27052825997987,59.09774184857173,35.57,2.0,headache,S079
-44.59,0.88,-18.92404227083533,21.12667059624255,59.402108741407,35.57,2.0,headache,S079
-58.96,0.88,-22.762509649449232,15.90590422637332,58.073706770878836,35.57,2.0,headache,S079
-57.6,0.88,-26.139505995565052,18.51459413700532,56.98392306247646,35.57,2.0,headache,S079
-38.78,0.88,-26.210139360329475,15.529861367985822,57.371233933972405,35.53,2.0,headache,S079
-28.65,0.88,-25.620481137511693,16.97721763695712,57.409409626703464,35.53,2.0,headache,S079
1.04,0.88,-23.67238517450852,17.335543209810666,58.07168050360224,35.53,2.0,headache,S079
26.12,0.88,-23.03518160536835,17.86012726533328,58.305573158685725,35.53,2.0,headache,S079
-16.84,0.88,-22.075424703370906,17.78725844753831,57.84127747635869,35.55,2.0,headache,S079
-8.62,0.87,-23.667881171552544,18.52262793330499,57.6929309432166,35.55,2.0,headache,S079
4.81,0.88,-24.668217807873376,16.359630762637693,57.88351334235158,35.55,2.0,headache,S079
-6.78,0.88,-24.51432641504878,16.04753531104373,57.89981471311752,35.55,2.0,headache,S079
-10.78,0.88,-22.11951088445206,18.657571940678096,58.0151484761161,35.53,2.0,headache,S079
11.64,0.88,-24.333075512068714,19.36175661107568,56.87489727127051,35.53,2.0,headache,S079
-4.55,0.88,-25.040833408254603,18.734556935297533,56.895183548860636,35.53,2.0,headache,S079
-11.88,0.88,-23.763995784578118,16.481949516446626,57.69803683859464,35.53,2.0,headache,S079
-4.3,0.88,-23.432196415578403,19.441143404595437,57.3271428564288,35.53,2.0,headache,S079
7.49,0.88,-29.694709141706735,18.62753336860439,54.885425962958514,35.53,2.0,headache,S079
-19.11,0.88,-29.19550294229482,16.844229633033198,55.14926973841234,35.53,2.0,headache,S079
3.39,0.88,-27.098196465545698,18.027811678367687,56.52511730313461,35.53,2.0,headache,S079
19.86,0.88,-24.37145158802394,18.155974587530213,57.10271861998238,35.53,2.0,headache,S079
-4.54,0.88,-25.37501108373806,19.347072507191367,56.70602385726445,35.53,2.0,headache,S079
13.3,0.88,-23.911927767305826,18.71824481327524,56.99881279088108,35.53,2.0,headache,S079
20.14,0.88,-25.457257181914787,18.820519643313997,56.9871054661696,35.53,2.0,headache,S079
-3.26,0.88,-24.49001525973913,17.994052650497157,57.04406274189326,35.53,2.0,headache,S079
-13.05,0.88,-25.686392548702702,19.082850752358713,57.11782749490698,35.53,2.0,headache,S079
13.31,0.88,-24.273640900465466,18.006134761570806,56.94862073295401,35.53,2.0,headache,S079
1.63,0.88,-25.41823333926805,18.781375144529328,57.04827039836367,35.53,2.0,headache,S079
-12.72,0.89,-24.528244935390582,18.381350260459673,56.94682925016878,35.53,2.0,headache,S079
8.71,0.89,-25.42965488741227,18.979369060991715,57.061783032981985,35.53,2.0,headache,S079
-2.68,0.88,-24.27280733058204,18.34472929633958,56.92659789869995,35.53,2.0,headache,S079
-15.39,0.88,-25.501868725820497,18.15454963089479,57.08828721499444,35.53,2.0,headache,S079
15.26,0.89,-24.256746530022095,17.88456061309925,56.89269855044893,35.5,2.0,headache,S079
-3.83,0.88,-25.54083757008163,18.65198908042734,57.132041210941715,35.5,2.0,headache,S079
-12.35,0.88,-24.494867745743658,17.774517456468566,56.834649079278705,35.5,2.0,headache,S079
17.09,0.88,-25.034871966289387,18.724618843317884,57.21264691072249,35.5,2.0,headache,S079
-2.71,0.88,-24.231501915170163,17.826721047142957,56.713772612322494,35.5,2.0,headache,S079
-10.02,0.89,-24.636066703415814,18.045763479787652,57.46804119658895,35.5,2.0,headache,S079
18.5,0.88,-24.458034887355993,18.001233193262056,56.91197978348079,35.5,2.0,headache,S079
-1.11,0.88,-14.331871285639203,15.409298914276507,64.76443765013941,35.5,2.0,headache,S079
-15.04,0.88,-9.55860807378765,-1.444389803348117,62.66999871668882,35.53,2.0,headache,S079
7.58,0.88,-8.958465071982006,-5.886957521304116,64.16653881204122,35.53,2.0,headache,S079
-38.15,0.87,-4.308611594849497,-1.0801177950933265,63.496777767619434,35.53,2.0,headache,S079
-69.76,0.88,-13.475160560264545,15.073223382662867,61.54940635719374,35.53,2.0,headache,S079
146.3,0.88,-13.789009968321793,13.338368549726109,60.9426300186419,35.5,2.0,headache,S079
-75.64,0.89,-16.51632760214008,14.2612342313709,61.46426689447405,35.5,2.0,headache,S079
128.95,0.88,-11.16915021873076,14.810972709441572,61.07662018497093,35.5,2.0,headache,S079
-10.31,0.88,-13.08067980271746,16.562910266975003,61.29881380926806,35.5,2.0,headache,S079
-64.43,0.89,-13.07099724865189,13.429380753627859,61.181949510722355,35.53,2.0,headache,S079
28.66,0.88,-14.30077002056393,17.240927469311146,61.2836855181388,35.53,2.0,headache,S079
-60.83,0.88,-10.857899470071468,15.515117975916516,61.15555775707377,35.53,2.0,headache,S079
38.47,0.88,-13.661536012458097,16.554806275063225,62.670857458214485,35.53,2.0,headache,S079
-1.79,0.88,-3.8591047074907747,16.92876947226805,62.707889713022226,35.5,2.0,headache,S079
0.29,0.88,-8.705344827210862,6.6572366658234134,60.73639419473881,35.5,2.0,headache,S079
-65.81,0.88,-13.653024133388564,-1.1844473547428802,63.222190180591205,35.5,2.0,headache,S079
-60.85,0.88,-21.670243264224457,10.481698558437953,61.509071341645935,35.5,2.0,headache,S079
18.1,0.89,-15.25944841014915,3.1598217024553015,61.15016256569942,35.53,2.0,headache,S079
106.76,0.88,-29.473677171672993,9.962201771756959,63.08701984251849,35.53,2.0,headache,S079
84.31,0.88,-31.23701667969994,-2.4326819022101023,67.88047590573794,35.53,2.0,headache,S079
36.86,0.88,3.00878840197127,-5.570787234016771,56.593493537102496,35.53,2.0,headache,S079
-82.8,0.88,-26.989358264830674,-13.219585294106057,54.18270790385253,35.53,2.0,headache,S079
-26.56,0.85,-32.670481344739606,-17.8531081154774,60.216010556850534,35.53,2.0,headache,S079
-93.43,0.85,-0.8814651288605999,1.184623381540897,62.10357315294746,35.53,2.0,headache,S079
27.62,0.86,-27.408425636363592,4.959364240843302,41.9957738665091,35.53,2.0,headache,S079
-17.21,0.87,-38.1980180025188,15.044763202024942,53.38095009841465,35.5,2.0,headache,S079
53.3,0.88,2.363382072540056,6.711127366222436,64.66480507283391,35.5,2.0,headache,S079
214.44,0.88,-26.820222442142693,8.473429390655626,60.57731498384141,35.5,2.0,headache,S079
-5.41,0.88,-13.94335240008848,6.043915291205007,62.16545778095524,35.5,2.0,headache,S079
-118.24,0.88,-21.708878928587836,8.33276815360002,61.8105428564319,35.5,2.0,headache,S079
-95.45,0.87,-16.373836157840593,6.230244073836525,61.5472010429558,35.5,2.0,headache,S079
57.56,0.88,-20.94267105115197,7.8352063668843375,61.54685520998514,35.5,2.0,headache,S079
-47.95,0.88,-16.826290843862672,6.827175587536978,61.85406706686813,35.5,2.0,headache,S079
-2.21,0.88,-20.462479299626317,7.7212568806137405,61.982291828366975,35.53,2.0,headache,S079
11.65,0.88,-17.30578836703876,6.656300234795207,61.612166194884,35.53,2.0,headache,S079
-14.97,0.88,-20.079463216336382,7.662582170123745,61.91955889472767,35.53,2.0,headache,S079
-1.92,0.88,-17.468396039604418,6.624233592825641,61.836483283542144,35.53,2.0,headache,S079
9.12,0.88,-20.09384894425297,7.59312040334401,61.914425899061165,35.53,2.0,headache,S079
-27.94,0.88,-17.767309261100575,6.696274638014103,61.97259227611748,35.53,2.0,headache,S079
30.41,0.88,-20.121078108228584,7.292476017141033,62.02608138105347,35.53,2.0,headache,S079
7.25,0.88,-17.96591467830293,6.726795737061439,61.99881256993897,35.53,2.0,headache,S079
-21.64,0.88,-19.960898425913435,7.2470129738793,61.846099602321516,35.5,2.0,headache,S079
13.65,0.88,-18.102301986002576,6.8337374763834156,61.441794779753096,35.5,2.0,headache,S079
10.83,0.88,-19.842349910279086,7.667456825751643,62.08057449550631,35.5,2.0,headache,S079
-25.98,0.88,-18.206531072210367,6.754194789763582,61.76942959143612,35.5,2.0,headache,S079
11.47,0.88,-19.75012780468969,7.308819101727672,61.95996656927677,35.5,2.0,headache,S079
7.16,0.89,-18.288195084082112,6.940887573344157,61.428987237700035,35.5,2.0,headache,S079
-16.61,0.88,-19.678699483792197,7.247983554965841,61.865444908513915,35.5,2.0,headache,S079
4.41,0.88,-18.345256164639064,6.752073412120627,61.58671647211144,35.5,2.0,headache,S079
13.81,0.88,-19.487690579070595,7.35981835252268,61.861080692209846,35.5,2.0,headache,S079
-23.78,0.89,-18.428614071594932,6.962694114862536,61.72253561280808,35.5,2.0,headache,S079
6.12,0.89,-19.553515516052343,7.125417954485693,62.10506192105996,35.5,2.0,headache,S079
13.14,0.88,-18.465693846065147,6.857937577312387,61.87881951288006,35.5,2.0,headache,S079
-16.68,0.88,-19.516422624190405,7.149320328159691,61.97845014027975,35.53,2.0,headache,S079
-3.37,0.88,-18.499550215979685,6.845014241256091,61.88300366098759,35.53,2.0,headache,S079
20.98,0.89,-19.48666797481876,7.162329457160108,61.960206434414694,35.53,2.0,headache,S079
-15.37,0.88,-18.52463963397164,6.823235478132706,61.997920002900315,35.53,2.0,headache,S079
-5.89,0.89,-19.466948423185055,7.270344047799668,61.899519684416944,35.5,2.0,headache,S079
16.7,0.89,-18.537848656057978,6.876970577107013,61.73899736307956,35.5,2.0,headache,S079
-2.88,0.88,-19.462319876366685,7.301946192292233,61.88767023951598,35.5,2.0,headache,S079
-13.18,0.88,-18.529602394301588,6.772568185177447,61.871794807576585,35.5,2.0,headache,S079
17.3,0.88,-19.49486840419511,7.2778540008305646,61.869659615098925,35.49,2.0,headache,S079
-2.5,0.89,-18.587565630248545,6.82892306403631,61.62804742718288,35.49,2.0,headache,S079
-12.07,0.88,-17.510532776036783,8.54905508624886,61.66988822507188,35.49,2.0,headache,S079
10.79,0.89,-15.774818760606179,8.424628066317798,62.66707155643856,35.49,2.0,headache,S079
-2.19,0.88,-18.13326004786765,12.56562386231635,61.12484909580832,35.5,2.0,headache,S079
-47.85,0.89,-14.50160838881946,8.430572419098159,62.28296781895261,35.5,2.0,headache,S079
8.83,0.88,-13.578346761434702,10.212833283236343,62.452208021141615,35.5,2.0,headache,S079
64.25,0.88,-15.168838405957201,13.241972901718539,60.86518659105151,35.5,2.0,headache,S079
-6.75,0.89,-15.434700475965846,6.784902782635737,63.423910716020636,35.5,2.0,headache,S079
-27.78,0.9,-16.554088098739953,18.6589377366283,59.44772277251619,35.5,2.0,headache,S079
-10.91,0.89,-10.656048955545026,17.881511733506322,62.028351406258054,35.5,2.0,headache,S079
35.8,0.89,-10.267362163904826,7.193904891684565,62.92760189798605,35.5,2.0,headache,S079
146.21,0.9,-8.771530277707589,7.688256929825644,63.09774685468461,35.5,2.0,headache,S079
-7.63,0.9,-10.930288552501146,8.062207150474844,63.43150992238778,35.5,2.0,headache,S079
-117.63,0.89,-15.132427420002829,10.625579404396358,62.37155513577491,35.5,2.0,headache,S079
-34.47,0.89,-15.590536163593807,7.133694941553609,61.871772388972616,35.5,2.0,headache,S079
-22.17,0.89,-15.736805851115735,9.009138426553955,62.353337584881274,35.49,2.0,headache,S079
-27.83,0.89,-16.05103454705831,8.433221802714604,61.9908121976001,35.49,2.0,headache,S079
19.74,0.89,-15.784657306358449,8.992963402064504,62.15958867777139,35.49,2.0,headache,S079
27.87,0.9,-15.712610490163854,9.133740501574684,61.886246126823586,35.49,2.0,headache,S079
-15.2,0.9,-15.884231494350944,8.906700220074343,62.0918687723273,35.49,2.0,headache,S079
-0.58,0.89,-16.08710527765791,8.898026340931535,61.96545476530455,35.49,2.0,headache,S079
21.53,0.89,-15.871898855372455,8.51121772810286,62.189854386351,35.49,2.0,headache,S079
-13.33,0.9,-15.909332076903056,9.050879234524986,61.86762694774121,35.49,2.0,headache,S079
1.44,0.9,-16.13921246135113,8.583904614868006,62.119438201749105,35.49,2.0,headache,S079
17.23,0.89,-15.91205832201015,9.03680591120891,61.88696499146481,35.49,2.0,headache,S079
-15.99,0.89,-16.065041968431395,8.960165963982247,62.10892997135573,35.49,2.0,headache,S079
-1.61,0.89,-15.95086059726539,9.037982806707044,61.8940649350183,35.49,2.0,headache,S079
23.49,0.89,-16.03194949087953,8.970347446058586,62.103575812362045,35.49,2.0,headache,S079
-14.39,0.89,-15.83494577622456,8.963532251072126,61.898378689988284,35.49,2.0,headache,S079
-7.01,0.89,-16.056638723035306,8.875079117238112,62.09994383179444,35.49,2.0,headache,S079
20.72,0.9,-15.919733022810714,9.092220475732399,61.90153395820417,35.49,2.0,headache,S079
-3.73,0.9,-15.918500654938404,8.910722562463354,62.09713783894724,35.49,2.0,headache,S079
-19.57,0.89,-16.01012829856213,9.092301796549675,61.90407499682345,35.49,2.0,headache,S079
15.76,0.89,-16.00428717461892,8.902284672025889,62.09480313801025,35.49,2.0,headache,S079
6.63,0.9,-15.979559179184127,9.09939397599101,61.90624578123763,35.49,2.0,headache,S079
-16.63,0.9,-16.05350642861319,9.030902635981125,62.09276452081014,35.49,2.0,headache,S079
-0.04,0.89,-15.623460841910344,8.464552731493232,61.90817667335433,35.49,2.0,headache,S079
16.68,0.89,-15.913476244069622,9.31762083011952,62.09092210022121,35.49,2.0,headache,S079
-12.59,0.9,-16.018244455910303,8.339199711952903,61.90994603669936,35.49,2.0,headache,S079
-7.04,0.9,-15.449524341472383,8.671513431574308,62.0892133905388,35.49,2.0,headache,S079
14.02,0.89,-16.125933324411523,8.587820891453699,61.91160390444206,35.49,2.0,headache,S079
-1.67,0.9,-15.398911057676587,9.010242826704257,62.08759913254312,35.49,2.0,headache,S079
-20.08,0.9,-16.3238631226529,8.896082716113535,61.91317868956979,35.49,2.0,headache,S079
17.68,0.9,-15.555662599831297,8.95481303458687,62.086064149805836,35.47,2.0,headache,S079
2.42,0.89,-16.351604155831826,8.912867284487685,61.91466610218796,35.47,2.0,headache,S079
-17.16,0.9,-15.6460666928315,9.016509908060351,62.08464579434282,35.47,2.0,headache,S079
8.96,0.9,-16.372442716964667,9.005994001053493,61.91596643719392,35.47,2.0,headache,S079
12.59,0.9,-15.596352331090252,8.979745131622849,62.083572358273294,35.47,2.0,headache,S079
-16.8,0.89,-16.450927643358543,9.031354740727451,61.9165584261668,35.47,2.0,headache,S079
3.24,0.89,-15.47365472024016,8.959779121376375,62.084132341657124,35.47,2.0,headache,S079
10.93,0.9,-16.680271403087886,8.998560848024376,61.91261174717885,35.47,2.0,headache,S079
-14.07,0.89,-14.140656227420289,8.91428286139262,62.104704890962864,35.49,2.0,headache,S079
-1.75,0.89,-17.244798828150785,8.511162737120811,62.04859666320466,35.49,2.0,headache,S079
18.48,0.9,-15.43936161622725,8.79643737112476,62.036810132933326,35.49,2.0,headache,S079
-17.09,0.9,-15.799353752310026,9.021448963542463,61.96687258638737,35.49,2.0,headache,S079
-3.11,0.9,-15.615988719470426,8.773727582722158,62.1672754694323,35.49,2.0,headache,S079
24.51,0.9,-16.122542806946196,8.243203200726867,61.953716499614636,35.49,2.0,headache,S079
-11.37,0.9,-15.849347855091063,7.6553431469391295,62.01323990308703,35.49,2.0,headache,S079
-12.24,0.9,-17.428781765747498,8.66928451600759,62.112580386014926,35.49,2.0,headache,S079
15.12,0.9,-12.746980358379659,10.295900357155263,62.110299844633474,35.47,2.0,headache,S079
7.1,0.9,-17.496460190665285,8.277720890771025,61.88014872522233,35.47,2.0,headache,S079
-13.48,0.9,-15.871285849970697,9.96913099792828,62.016013511216585,35.47,2.0,headache,S079
-7.42,0.9,-14.4246574882718,11.22368773949136,61.602349557616165,35.47,2.0,headache,S079
15.6,0.89,-20.270041957586766,9.198761314210396,61.994360250439286,35.49,2.0,headache,S079
13.4,0.9,-18.916126830647585,1.9026238221441747,62.219306955166424,35.49,2.0,headache,S079
-18.59,0.9,-21.26370284919296,5.075397337898174,61.96943537309546,35.49,2.0,headache,S079
24.17,0.9,-14.915386137591597,12.024627855008433,62.54217790881818,35.49,2.0,headache,S079
8.82,0.89,-25.122189864361115,4.930585468277455,56.73139059586743,35.49,2.0,headache,S079
-30.38,0.9,-32.99827656717977,12.156088347584415,56.86936639461086,35.49,2.0,headache,S079
-14.06,0.9,-18.114703816145695,16.756319021646398,59.23023946108666,35.49,2.0,headache,S079
-17.46,0.89,-10.91495620575604,10.646183214125195,62.27628652858189,35.49,2.0,headache,S079
92.47,0.9,-24.248257097315097,14.392200861116152,59.4101776192265,35.47,2.0,headache,S079
34.98,0.9,-19.679969932542132,13.517511115861598,59.720454424664744,35.47,2.0,headache,S079
-64.81,0.9,-23.04816814130556,12.41741280034105,60.093648562837274,35.47,2.0,headache,S079
16.04,0.9,-21.95219563044661,11.17220577085544,59.67912794606305,35.47,2.0,headache,S079
-2.33,0.89,-24.03035364849613,11.711552015417848,59.76651110331444,35.47,2.0,headache,S079
-14.03,0.9,-22.236646078392965,11.890188974409554,59.50817683005369,35.47,2.0,headache,S079
-21.97,0.9,-22.805006578637098,12.465829798497316,59.90975670298549,35.47,2.0,headache,S079
-18.0,0.9,-22.576706971161588,11.55062992946316,59.78062052572496,35.47,2.0,headache,S079
9.9,0.9,-23.147914637047272,12.070855771220048,59.53151183434838,35.47,2.0,headache,S079
3.17,0.9,-22.21390215983417,11.560410065059768,59.64390909940587,35.47,2.0,headache,S079
-15.04,0.9,-22.754201475050127,11.939933134689268,60.082684414876,35.47,2.0,headache,S079
8.16,0.9,-22.485846885367096,11.799683881122261,59.94774278929304,35.47,2.0,headache,S079
0.95,0.9,-22.91694608356581,12.074267232917874,59.90735146481895,35.43,2.0,headache,S079
-16.66,0.9,-22.626560571986257,11.800332083932986,59.72630952597488,35.43,2.0,headache,S079
6.01,0.9,-22.445162835482662,12.247345809483159,59.71535052695578,35.43,2.0,headache,S079
10.57,0.9,-22.8663028687027,11.721644933560968,59.815259195359296,35.43,2.0,headache,S079
-10.23,0.9,-22.101569650316403,12.604373540466087,59.9139637991085,35.43,2.0,headache,S079
-0.6,0.9,-22.44796737175274,10.160654306564096,60.2790633145093,35.43,2.0,headache,S079
9.86,0.9,-22.288915250756364,10.787673077532915,60.0335614894438,35.43,2.0,headache,S079
-11.51,0.89,-21.371632126507613,12.587092625372938,59.80682884319839,35.43,2.0,headache,S079
8.11,0.9,-22.56901515691985,10.191698002899932,60.13430584528412,35.41,2.0,headache,S079
12.83,0.9,-21.607109764861246,11.635650223075253,59.88386476708118,35.41,2.0,headache,S079
-13.09,0.9,-22.46221964991403,10.617419129488178,60.11395013516438,35.41,2.0,headache,S079
-2.2,0.89,-21.681217523925824,11.610174093539236,59.843066660788764,35.41,2.0,headache,S079
15.45,0.9,-22.5815761441089,11.145830191321869,59.99066382470157,35.41,2.0,headache,S079
-16.23,0.9,-22.609943598197425,11.495363856821974,59.96256114241162,35.41,2.0,headache,S079
-2.9,0.9,-23.379991415683858,9.247544875735777,60.03367531224598,35.41,2.0,headache,S079
9.28,0.89,-21.547810303952975,10.898614433023297,59.69334080775439,35.41,2.0,headache,S079
-8.7,0.9,-21.152492878121876,11.576307559318227,60.77816655818957,35.41,2.0,headache,S079
-8.91,0.9,-21.89918272975238,9.4462164810828,60.48294948993534,35.41,2.0,headache,S079
22.05,0.9,-21.254935731617106,11.980809850869413,60.26998711903741,35.41,2.0,headache,S079
-13.39,0.9,-21.4504370461906,11.121544920774294,60.28622400849821,35.41,2.0,headache,S079
-1.75,0.9,-22.662304839073094,10.734784028230095,60.12696179759747,35.41,2.0,headache,S079
17.3,0.9,-22.104385225046784,10.89011438965803,59.9433807101329,35.41,2.0,headache,S079
-8.43,0.9,-22.028713810423735,11.19645393400198,60.291776279438295,35.41,2.0,headache,S079
-15.8,0.9,-22.440754233052377,11.212883896075569,59.94949714877114,35.41,2.0,headache,S079
18.72,0.9,-22.6973074307721,11.002421475735325,59.67721530673856,35.43,2.0,headache,S079
-2.25,0.9,-23.123702699186005,10.78125727668014,59.844467416813266,35.43,2.0,headache,S079
-17.82,0.9,-22.56138931185148,11.799925773744565,59.660074136141176,35.43,2.0,headache,S079
17.57,0.9,-23.467625315489844,9.587998031732727,59.942627966092594,35.43,2.0,headache,S079
8.01,0.9,-21.90980877268184,11.777811245139183,60.09397376787421,35.43,2.0,headache,S079
-21.18,0.9,-22.655400715473046,11.335175162606507,59.63854571023121,35.43,2.0,headache,S079
12.26,0.9,-22.004567594272118,11.588488983622447,60.223510397084205,35.43,2.0,headache,S079
23.09,0.9,-22.765785365856356,10.196115991222875,59.83626959214482,35.43,2.0,headache,S079
-11.64,0.9,-23.65522576381631,11.407833486895028,59.4388393315971,35.43,2.0,headache,S079
-5.36,0.9,-23.72787693681918,12.7192972915627,59.44381460752119,35.43,2.0,headache,S079
18.88,0.9,-23.128834966271583,12.156609096985267,58.93848337638321,35.43,2.0,headache,S079
-20.22,0.9,-23.48061163232156,10.281042640244486,59.85167900574648,35.43,2.0,headache,S079
-1.26,0.9,-21.89484290741716,11.407568646528565,60.009055551442025,35.41,2.0,headache,S079
2.65,0.9,-23.34185804526585,9.862110767467868,60.67856200286008,35.41,2.0,headache,S079
7.08,0.91,-21.163516854694713,11.381288460345775,59.01020868864981,35.41,2.0,headache,S079
1.14,0.9,-24.391156009415123,12.205586112015746,61.343546289406646,35.41,2.0,headache,S079
4.72,0.9,-4.628232421664995,-7.749799832770555,61.823178100254935,35.41,2.0,headache,S079
-20.82,0.89,-3.961907446745012,-9.028880292507495,64.0443000821744,35.41,2.0,headache,S079
6.47,0.87,-5.453378070612393,-5.692922608734375,64.40157044385833,35.41,2.0,headache,S079
-145.05,0.87,-4.183453547882914,-5.951830573892554,64.25264788443164,35.41,2.0,headache,S079
136.43,0.86,-6.417033842245348,-5.188460939734173,64.33760744914424,35.39,2.0,headache,S079
46.43,0.87,-5.059306539236622,-4.884100274640153,64.13883758108828,35.39,2.0,headache,S079
-86.03,0.87,-2.8729336122616687,-4.382477165161249,64.91846800868159,35.39,2.0,headache,S079
13.87,0.87,-1.4792423404959136,-3.8024801505671277,64.61915567319564,35.39,2.0,headache,S079
1.68,0.86,-2.6246702525737384,-2.6544956595477394,64.72272970756148,35.45,2.0,headache,S079
3.45,0.87,-1.5407632211156415,-3.292522325223325,64.39661308229037,35.45,2.0,headache,S079
-51.2,0.87,-3.230032854673864,-3.869929516355571,64.50236997754979,35.45,2.0,headache,S079
70.51,0.87,-2.7310765546518496,-3.985129077260053,64.41624736220616,35.45,2.0,headache,S079
1.22,0.87,-3.374049564743025,-3.36783237186281,64.51024809841338,35.45,2.0,headache,S079
12.95,0.87,-2.5869755051888896,-3.881663371875376,64.29744975785823,35.45,2.0,headache,S079
-14.55,0.87,-4.080792604284315,-2.733311591321371,64.754098912765,35.45,2.0,headache,S079
3.38,0.87,-2.9233040392215255,-2.496566555556834,64.5314710911714,35.45,2.0,headache,S079
-22.37,0.86,-4.227923609420545,-2.5751669401369983,64.54350787302023,35.47,2.0,headache,S079
31.36,0.87,-1.2616203646451343,-0.5646876977972999,64.58690017544116,35.47,2.0,headache,S079
4.37,0.87,4.043808072843935,1.4158539547271525,64.29059137593052,35.47,2.0,headache,S079
6.77,0.87,1.7445228665297863,0.23661043088478376,64.24242151680917,35.47,2.0,headache,S079
13.79,0.87,2.261631440167897,1.3512178367513867,64.49226023926141,35.45,2.0,headache,S079
19.63,0.87,1.6351871205530095,0.5676716044162952,64.2630109386758,35.45,2.0,headache,S079
30.58,0.87,1.584464216159328,1.1991315842386905,64.35441689211295,35.45,2.0,headache,S079
15.26,0.87,0.8981248668870627,0.7579284351694872,64.46972390483393,35.45,2.0,headache,S079
13.05,0.87,0.9091943844315451,1.419921902716407,64.3313975595273,35.49,2.0,headache,S079
7.98,0.87,1.077983452881534,1.012224410377358,64.88144135488882,35.49,2.0,headache,S079
-28.53,0.87,0.300260517593399,0.8432025635209607,64.06716092941902,35.49,2.0,headache,S079
6.6,0.86,0.48872259703694354,0.9306013833844246,65.07267587879136,35.49,2.0,headache,S079
-35.57,0.87,-0.10941106196719458,1.181343387707851,63.33973035450612,35.45,2.0,headache,S079
6.08,0.87,1.5435093123358006,2.2195214763441737,67.32173158131147,35.45,2.0,headache,S079
-19.61,0.87,-21.481336611575422,-2.611949877530309,65.72995455053504,35.45,2.0,headache,S079
6.33,0.87,-27.96976400183589,-24.054734598283208,42.92331980603999,35.45,2.0,headache,S079
-31.07,0.85,-22.654039258426085,-17.13767558176101,55.63466328187089,35.45,2.0,headache,S079
54.27,0.86,-18.71598578888882,11.031283594321785,67.45102042438776,35.45,2.0,headache,S079
-68.12,0.87,-17.755990739404673,1.9925571211682287,61.492906278694264,35.45,2.0,headache,S079
76.39,0.87,-17.28233133993701,6.401202678443657,62.54796359101241,35.45,2.0,headache,S079
238.57,0.88,-17.40424990106825,4.318318138352135,61.85379617766082,35.47,2.0,headache,S079
-215.9,0.88,-17.000987139648,5.829483668142961,62.29704277836416,35.47,2.0,headache,S079
-81.52,0.87,-17.192649239390015,6.048368353763309,62.40557982054055,35.47,2.0,headache,S079
-23.23,0.87,-17.417969429654576,5.559325925134412,62.22727345823979,35.47,2.0,headache,S079
-5.42,0.88,-17.158618444030086,4.974814613868542,62.51506521633886,35.45,2.0,headache,S079
-25.57,0.88,-17.01782177619508,6.871241757773871,61.95323018336919,35.45,2.0,headache,S079
15.39,0.87,-17.563103212022092,5.750145186196267,62.34000272591045,35.45,2.0,headache,S079
-0.92,0.88,-17.288999274474673,6.863477949751871,61.84697591105439,35.45,2.0,headache,S079
-0.1,0.88,-18.020872255353407,6.507849244217555,62.030585999334434,35.43,2.0,headache,S079
-6.28,0.88,-17.099503482702413,8.286719819171594,61.926844405923674,35.43,2.0,headache,S079
-10.67,0.88,-17.21556232323643,5.455285263088818,62.352818850765836,35.43,2.0,headache,S079
-12.19,0.88,-17.286464465411292,8.20846890990681,61.87141112789328,35.43,2.0,headache,S079
23.35,0.88,-17.486549789021158,6.826347885737234,62.09939578881857,35.45,2.0,headache,S079
5.15,0.88,-17.462319699499748,8.413952151663882,61.82209273216988,35.45,2.0,headache,S079
-15.78,0.88,-16.849233678194874,6.490494043050275,62.05427116441882,35.45,2.0,headache,S079
7.46,0.88,-17.16317815621674,7.147735815369264,61.937667154564984,35.45,2.0,headache,S079
-4.86,0.88,-16.78261192477486,6.805812862967294,62.27252066399593,35.43,2.0,headache,S079
-1.06,0.88,-17.00022808166,7.68189081532962,61.81075126415136,35.43,2.0,headache,S079
22.04,0.88,-16.78239732576963,6.631683137874783,62.12820360614806,35.43,2.0,headache,S079
-16.76,0.89,-16.909738017178707,8.202933493126036,61.88506275315927,35.43,2.0,headache,S079
-7.22,0.88,-16.76687594048286,7.650203401894427,62.1009932796981,35.45,2.0,headache,S079
25.41,0.88,-17.100350293883164,6.7388356685526265,61.93196595660344,35.45,2.0,headache,S079
-8.64,0.88,-16.426148992893886,6.478277873601886,62.18715070377182,35.45,2.0,headache,S079
-12.2,0.88,-16.47151121098511,10.194868257647872,61.97148807360782,35.45,2.0,headache,S079
17.77,0.88,-15.844612868111005,7.148898155967418,62.17196628016624,35.45,2.0,headache,S079
-0.26,0.88,-15.658734318023608,9.382096953363206,62.272712327637876,35.45,2.0,headache,S079
-9.85,0.88,-17.269785524298804,5.470612377393113,62.404031256976396,35.45,2.0,headache,S079
16.23,0.88,-17.132226244750104,9.897054828796815,61.83280275481258,35.45,2.0,headache,S079
7.08,0.88,-16.44603916828322,9.76768549413751,61.87248728152642,35.43,2.0,headache,S079
-27.7,0.88,-20.35741307700568,9.423583426121928,60.53529229117058,35.43,2.0,headache,S079
8.42,0.91,-19.339516236930773,7.469637710007455,62.01434185808652,35.43,2.0,headache,S079
25.31,0.88,-16.642327480971662,5.114622554028989,62.582919475425044,35.43,2.0,headache,S079
-5.97,0.88,-6.629060768442923,2.7629755517637267,64.12361418446461,35.43,2.0,headache,S079
-9.15,0.88,-16.893445913402065,5.583260130978387,62.78125065593736,35.43,2.0,headache,S079
23.67,0.88,-13.687632536364259,5.293035463581204,62.47979855860456,35.43,2.0,headache,S079
-20.09,0.88,-17.308221204276737,4.985941228112164,62.73074250277749,35.43,2.0,headache,S079
-2.84,0.88,-9.90570644201739,4.74942331872698,64.13665507417275,35.45,2.0,headache,S079
39.26,0.88,-11.504455349081212,2.983846496181797,63.21509660690662,35.45,2.0,headache,S079
-4.71,0.89,-13.740719534885347,7.28360416872766,64.22998362094663,35.45,2.0,headache,S079
-6.71,0.88,-10.85099993552426,4.931004733393695,62.8867854859879,35.45,2.0,headache,S079
37.73,0.88,-12.71287096711172,6.0303306595613755,63.374191136413714,35.43,2.0,headache,S079
-13.81,0.88,-11.807736798947731,4.554459556930352,63.177954508855514,35.43,2.0,headache,S079
-103.07,0.89,-12.097445323400974,5.4462730643024395,63.23648864023009,35.43,2.0,headache,S079
63.5,0.88,-13.52893505027734,4.798311343632823,62.964615263076695,35.43,2.0,headache,S079
-12.38,0.88,-9.706863171731174,4.800058466525988,63.876191201145225,35.43,2.0,headache,S079
9.53,0.88,-8.470653375616465,-1.1502929250216742,64.29861433410468,35.43,2.0,headache,S079
2.92,0.88,-6.655785277582808,-3.011852995696932,64.09584446617603,35.43,2.0,headache,S079
-10.14,0.87,-4.2735873523216,-2.6285775689371693,63.58667050506449,35.43,2.0,headache,S079
12.59,0.86,1.6637677640013988,2.9746427933063204,64.89398402529355,35.41,2.0,headache,S079
-21.35,0.86,19.674359854010028,0.5210248072817293,61.421890988725444,35.41,2.0,headache,S079
-186.15,0.86,17.777631482446342,2.9974836631210864,62.80447587680501,35.41,2.0,headache,S079
-35.76,0.86,19.055506071625036,2.436616430621113,61.08887229221671,35.41,2.0,headache,S079
-37.99,0.88,15.000474388995467,3.8198630784973604,62.93785242278145,35.41,2.0,headache,S079
107.95,0.85,13.26248899389372,1.313632220055548,62.459443343717,35.41,2.0,headache,S079
31.14,0.85,14.646057666107092,4.1759209564878415,63.167775574670756,35.41,2.0,headache,S079
169.86,0.85,14.319599224226954,1.995005121421158,62.46655605450401,35.41,2.0,headache,S079
-33.03,0.85,12.478125758549055,3.315065022716469,63.43025976071813,35.45,2.0,headache,S079
-69.37,0.85,10.200444996066267,1.5814024265131588,62.675090021317835,35.45,2.0,headache,S079
58.83,0.85,19.978783968926862,5.109509005819572,62.79016241644563,35.45,2.0,headache,S079
56.89,0.85,25.09095999202411,5.743581423142569,56.64337582341948,35.45,2.0,headache,S079
61.7,0.84,29.293029399787674,8.576501398510572,59.00762022506288,35.43,2.0,headache,S079
-66.69,0.84,20.87017719250005,-1.5033141120945557,58.27684093462,35.43,2.0,headache,S079
28.22,0.84,17.06965828027289,10.117177954056347,63.41874256251864,35.43,2.0,headache,S079
-124.33,0.84,12.47921686519661,12.137615268690485,63.83671934921061,35.43,2.0,headache,S079
11.82,0.86,-12.1465555996366,-10.49937604690816,61.18387260901194,35.47,2.0,headache,S079
-8.39,0.86,-10.129720644498335,-0.6752726419508217,65.12447059616632,35.47,2.0,headache,S079
100.74,0.87,-10.714332169531334,-2.2028455874080306,62.98468849156214,35.47,2.0,headache,S079
502.41,0.86,-10.020394271504319,-1.4441196786912944,64.63239121951628,35.47,2.0,headache,S079
-199.76,0.86,-11.174061423254221,-2.743082545043133,63.25220558241266,35.43,2.0,headache,S079
-308.81,0.87,-10.353807085614608,-1.5579848104347964,64.3148907180933,35.43,2.0,headache,S079
30.0,0.87,-11.39104699370216,-2.0548240676975555,63.614444978774756,35.43,2.0,headache,S079
-45.2,0.87,-10.501119783550248,-1.7806416909829148,64.301570367478,35.43,2.0,headache,S079
-0.42,0.86,-11.262643849253722,-2.1538960287001094,63.75912306608668,35.45,2.0,headache,S079
-14.54,0.87,-10.694925989851868,-2.187013183500543,64.13381752339598,35.45,2.0,headache,S079
14.97,0.87,-11.277359894312994,-2.2654412028226845,63.73784726460186,35.45,2.0,headache,S079
-21.2,0.87,-10.750525607766969,-1.9490287666367938,64.20203978280429,35.45,2.0,headache,S079
4.99,0.86,-11.223638258160978,-2.367522338698868,63.82559886227049,35.43,2.0,headache,S079
-12.28,0.87,-10.80028836872638,-1.8325195423051643,64.15486110763875,35.43,2.0,headache,S079
-11.07,0.87,-11.177308027971826,-2.215786446518402,63.86036775952739,35.43,2.0,headache,S079
5.91,0.87,-10.84394645523791,-1.7885957945993036,64.1273509508697,35.43,2.0,headache,S079
-6.91,0.86,-11.1356194946358,-2.2051276115078653,63.88266879824565,35.45,2.0,headache,S079
-6.31,0.87,-10.884284102148381,-1.8000340430600799,64.109171365888,35.45,2.0,headache,S079
16.25,0.87,-11.096078309752238,-2.1962603068916615,63.89737466860151,35.45,2.0,headache,S079
-16.69,0.86,-10.923545888906675,-1.8060299898194696,64.09755224228408,35.45,2.0,headache,S079
2.78,0.87,-11.05658864699764,-2.1930111251243285,63.90610021946221,35.45,2.0,headache,S079
14.94,0.87,-10.963790070070965,-1.8066751756220318,64.0917115386611,35.45,2.0,headache,S079
-10.78,0.87,-11.015009515291409,-2.1948937953924887,63.90883052444443,35.45,2.0,headache,S079
-3.18,0.86,-11.00738471179182,-1.8022506336520283,64.0927262108264,35.45,2.0,headache,S079
20.89,0.86,-10.968547486441736,-2.2019807917185727,63.90241758385912,35.43,2.0,headache,S079
-6.79,0.87,-11.05786308460002,-1.7922476820247693,64.11038219896997,35.43,2.0,headache,S079
-5.14,0.87,-10.91234063702329,-2.2153348122163314,63.79563377510741,35.43,2.0,headache,S079
18.9,0.87,-11.12283357253469,-1.7748351532392612,64.06162668450244,35.43,2.0,headache,S079
-7.25,0.87,-10.830076356482582,-2.2379594983981788,63.90444624250016,35.45,2.0,headache,S079
-11.04,0.87,-11.078695347615575,-1.7450454163120444,64.11972760175097,35.45,2.0,headache,S079
18.87,0.87,-10.74920067990656,-2.278444130078681,63.84844296744566,35.45,2.0,headache,S079
6.36,0.87,-11.351746863701576,-1.6868782095359367,64.20359143987976,35.45,2.0,headache,S079
-21.75,0.87,-10.463193842308215,-2.3692124165540718,63.69290308505935,35.45,2.0,headache,S079
8.74,0.87,-12.277147736881352,-1.5933000100054477,64.40622677788677,35.45,2.0,headache,S079
14.47,0.87,-14.385396164262355,-5.816053497752559,63.796724201800515,35.45,2.0,headache,S079
-3.99,0.86,-6.892916626880069,-6.3238635636795495,63.41326129025766,35.45,2.0,headache,S079
-6.11,0.86,-5.075562388732514,-5.474240570509018,64.74308905240524,35.43,2.0,headache,S079
71.19,0.86,-6.4752041882741755,-4.612653539786619,64.1478855310154,35.43,2.0,headache,S079
-28.35,0.86,-5.07604569362015,-5.562434256792606,64.53132941603535,35.43,2.0,headache,S079
-141.23,0.85,-7.125701601797403,-5.158371832889373,64.35410055501409,35.43,2.0,headache,S079
13.94,0.86,-2.5972607337052467,-5.522988764144327,64.66548991125494,35.43,2.0,headache,S079
42.47,0.86,-11.286883921948021,-5.401919389955157,63.294702827321395,35.43,2.0,headache,S079
10.92,0.85,-9.868667875118632,-5.950108210682429,64.4959489830195,35.43,2.0,headache,S079
-8.72,0.89,-13.299211691705718,-11.142499247070782,63.71095532064777,35.43,2.0,headache,S079
71.69,0.85,-20.440306296239715,-5.641928211077298,60.65423073640685,35.45,2.0,headache,S079
64.53,0.85,-12.471697516393611,-7.974226677803761,61.66244785699307,35.45,2.0,headache,S079
-194.32,0.85,-13.308099676696903,-8.920099882242036,63.54481545934999,35.45,2.0,headache,S079
60.56,0.85,-14.847577223841567,-9.534686483030377,63.14436364762407,35.45,2.0,headache,S079
32.28,0.85,-25.879547282101754,-9.713098484240534,59.80341758805103,35.43,2.0,headache,S079
-13.9,0.85,-24.892479390841828,-6.540323033435569,59.13539747509349,35.43,2.0,headache,S079
27.06,0.85,-30.49034146101568,-8.43733391794281,58.594860877916545,35.43,2.0,headache,S079
-2.31,0.85,-26.050781567767896,-8.999326228485897,59.05343861923448,35.43,2.0,headache,S079
-28.85,0.85,-22.0241906162754,-9.3818308340933,60.62460617885288,35.43,2.0,headache,S079
-30.16,0.85,-9.16249321515877,-12.979979256854646,66.14039298120244,35.43,2.0,headache,S079
69.14,0.85,5.42846106898727,-21.971223085294376,58.97035069546826,35.43,2.0,headache,S079
-15.8,0.85,15.60605556430508,-19.97108910229482,52.138867227444656,35.43,2.0,headache,S079
3.93,0.84,-9.11449946095206,-0.5518706635847609,79.10402205625361,35.45,2.0,headache,S079
-11.93,0.84,-30.80710842453094,-21.192690365739946,42.25765815601974,35.45,2.0,headache,S079
-0.03,0.85,-61.941426668588306,-18.544990225308588,32.072274316473276,35.45,2.0,headache,S079
-121.83,0.83,-51.7658563377454,-20.45096640591014,37.26380037134901,35.45,2.0,headache,S079
5.97,0.83,-13.85017277031954,-19.113454069363723,52.31134605589986,35.43,2.0,headache,S079
335.49,0.82,-12.351088369167666,-2.0542838140827167,71.79668096860816,35.43,2.0,headache,S079
62.98,0.83,-9.608772132549722,-3.2891122614769874,62.68513660551158,35.43,2.0,headache,S079
-253.83,0.84,-18.180469155521116,-4.213728978206956,63.29336410888353,35.43,2.0,headache,S079
-211.19,0.84,-21.475640729244823,-3.644949913657239,60.730878020977016,35.43,2.0,headache,S079
72.49,0.84,-21.387814493518523,-3.809074934060107,61.88803905424247,35.43,2.0,headache,S079
70.99,0.84,-22.16065707901988,-3.632742353471807,61.25799511499403,35.43,2.0,headache,S079
3.32,0.84,-21.329373838896913,-4.13416503880061,61.41453116181626,35.43,2.0,headache,S079
-11.41,0.84,-22.306972213312026,-3.3369516786841356,61.088248054696,35.43,2.0,headache,S079
43.75,0.84,-21.602737737630527,-3.652959231634044,61.31665484507372,35.43,2.0,headache,S079
18.44,0.84,-22.400521229726255,-3.740543520731511,61.0244438642539,35.43,2.0,headache,S079
-5.77,0.85,-21.576062202496182,-3.676388000067052,61.26939795344551,35.43,2.0,headache,S079
16.31,0.84,-22.40657601510436,-3.2758243662922455,61.178433264168866,35.45,2.0,headache,S079
2.87,0.84,-21.60695566285602,-3.9392079712808146,61.276704319629886,35.45,2.0,headache,S079
-21.63,0.85,-22.38154266622508,-3.153154563622672,61.11305059283746,35.45,2.0,headache,S079
8.64,0.85,-21.62851486667086,-3.6104763228260266,61.228165206648995,35.45,2.0,headache,S079
18.16,0.84,-22.362680726414776,-3.465336296850868,61.144779088024436,35.43,2.0,headache,S079
-15.17,0.85,-21.644809869499273,-3.772281732951408,61.171159400885294,35.43,2.0,headache,S079
-2.42,0.85,-22.34948134863397,-3.2271535669094638,61.22958976163391,35.43,2.0,headache,S079
20.66,0.85,-21.65260572490982,-3.6452681587392113,61.082721100923656,35.43,2.0,headache,S079
-0.54,0.85,-22.36100381186301,-3.5941747502450943,61.309199567704,35.43,2.0,headache,S079
-17.64,0.85,-21.795585065741363,-3.4839479027811664,61.26839958101531,35.43,2.0,headache,S079
11.09,0.86,-22.28866842893538,-3.435616643211212,61.09663129133812,35.43,2.0,headache,S079
9.12,0.85,-21.70752675867199,-3.9078670336452985,61.1086298482471,35.43,2.0,headache,S079
-17.17,0.85,-22.29050657987957,-3.1645730025378973,61.324690647042,35.43,2.0,headache,S079
-12.22,0.85,-21.71293644786626,-3.8661714322973277,61.0734881909178,35.43,2.0,headache,S079
17.21,0.85,-22.28315410271885,-3.5445943595620446,61.26249605297711,35.43,2.0,headache,S079
0.56,0.85,-21.72086209137447,-3.730311165352673,61.10293070072847,35.43,2.0,headache,S079
-19.81,0.84,-22.27516770782102,-3.3835110958647894,61.1844882072911,35.43,2.0,headache,S079
-5.17,0.85,-21.72876864859062,-3.6570896658088565,61.01200559575076,35.43,2.0,headache,S079
14.47,0.85,-22.266256337565355,-3.672671246272353,61.40125947162094,35.43,2.0,headache,S079
-4.08,0.84,-21.82449752050548,-3.6260164818655234,61.16786312684217,35.43,2.0,headache,S079
-13.95,0.85,-22.16149107096747,-3.7386689574467242,61.19999291162014,35.43,2.0,headache,S079
0.81,0.85,-21.761254169293565,-3.5056177681214065,60.9827573416854,35.43,2.0,headache,S079
8.49,0.85,-22.242205655408924,-3.3517963197158207,61.346697862941106,35.43,2.0,headache,S079
-13.62,0.85,-21.75849382874261,-3.3125645120445557,61.32171976269613,35.43,2.0,headache,S079
-8.03,0.85,-22.24064712196635,-3.424982176093224,61.01212380796768,35.41,2.0,headache,S079
12.72,0.85,-21.756695047096457,-3.607519696102214,61.20615221792505,35.41,2.0,headache,S079
6.49,0.85,-22.34652688679145,-3.30967611705277,61.274297042527195,35.41,2.0,headache,S079
-17.65,0.84,-21.79836396037685,-3.707178379676103,61.1556203677427,35.41,2.0,headache,S079
5.23,0.85,-22.204332362679924,-3.2791192695867495,61.31723938439785,35.41,2.0,headache,S079
13.06,0.85,-21.806308501055128,-3.281128604797613,61.05343236550351,35.41,2.0,headache,S079
-6.78,0.85,-22.32855131047656,-3.1907286023105113,61.222937993912936,35.41,2.0,headache,S079
-11.41,0.84,-21.7862747484957,-3.3132279314996227,61.044151160476176,35.41,2.0,headache,S079
14.46,0.85,-22.19661920027351,-3.1654470864836304,61.14876139079526,35.41,2.0,headache,S079
3.49,0.85,-21.918672624405,-3.786000565224738,61.0986375680048,35.41,2.0,headache,S079
-8.26,0.84,-22.212531133251478,-3.1878395568937123,61.266382330937724,35.41,2.0,headache,S079
3.68,0.85,-21.81184751650879,-3.650233337464368,60.92396672533209,35.41,2.0,headache,S079
7.96,0.85,-22.44152958875281,-3.5804580672065045,61.22609362026599,35.41,2.0,headache,S079
-14.74,0.84,-21.803386775367716,-3.861677698829331,60.907228462556844,35.41,2.0,headache,S079
0.59,0.85,-22.173929256835443,-3.143633287075019,61.253959873055535,35.41,2.0,headache,S079
10.44,0.85,-21.9248344087719,-3.684728537626404,60.78605237966773,35.41,2.0,headache,S079
-8.46,0.85,-22.2160784690255,-3.5124881168411632,61.32105008231658,35.41,2.0,headache,S079
-5.15,0.84,-21.817123975253015,-3.77208692723066,60.935794044619314,35.41,2.0,headache,S079
13.98,0.85,-22.159011234972244,-3.4497270215669467,61.20643195804533,35.41,2.0,headache,S079
-4.43,0.84,-21.92063698135831,-3.7307039124106307,60.82071572422787,35.41,2.0,headache,S079
-10.03,0.85,-22.230641184310116,-3.6307775810538327,61.364143270332534,35.41,2.0,headache,S079
11.98,0.84,-21.80404978773724,-3.9502465553993167,60.7115991302228,35.41,2.0,headache,S079
5.93,0.84,-22.215372684264416,-3.4644437409160815,61.791310438126445,35.41,2.0,headache,S079
-12.03,0.85,-21.63861702746722,-4.0319185134363105,60.33028722115877,35.41,2.0,headache,S079
2.67,0.84,-24.682743111946664,-2.162866378736038,61.99636211108461,35.43,2.0,headache,S079
13.25,0.84,-37.16282688726749,-6.5551219224977215,55.167457060183665,35.43,2.0,headache,S079
-15.84,0.84,-36.46426687067654,-12.853686393040391,50.481598260305056,35.43,2.0,headache,S079
-3.34,0.84,-44.40997797092002,-12.698468924142727,47.85829444676537,35.43,2.0,headache,S079
6.85,0.83,-51.312504382370044,-12.869444513875532,41.721757516803955,35.41,2.0,headache,S079
64.72,0.82,-50.22697389182908,-12.027871885317467,41.61429004166176,35.41,2.0,headache,S079
151.35,0.83,-53.325503409656356,-12.115607459995223,39.42256179813287,35.41,2.0,headache,S079
173.33,0.83,-51.38624426267963,-12.400510565607876,39.621243054206644,35.41,2.0,headache,S079
-132.25,0.82,-53.30842885408571,-12.443846241952835,38.87211112629079,35.41,2.0,headache,S079
-188.31,0.82,-52.10278894467707,-12.77266883476396,39.14583677140212,35.41,2.0,headache,S079
-65.82,0.82,-53.09908397954009,-12.383475655122917,38.98583212759542,35.41,2.0,headache,S079
-144.51,0.81,-51.6856602227754,-12.150110963746236,40.155444343408064,35.41,2.0,headache,S079
-66.0,0.81,-51.77067145589055,-12.43381370917403,39.63452273726106,35.41,2.0,headache,S079
61.54,0.82,-52.05356541708108,-12.063050276282022,39.34019803399302,35.41,2.0,headache,S079
73.12,0.81,-55.432801321407894,-11.461548484093553,36.63447201064082,35.41,2.0,headache,S079
-221.72,0.81,-60.66508613137163,-12.552209217832234,23.37686617946783,35.41,2.0,headache,S079
20.64,0.81,-60.09600780952178,-11.379139013857426,29.164360968196522,35.41,2.0,headache,S079
-39.38,0.81,-57.4580048724226,-11.637553009554088,29.507579706587084,35.41,2.0,headache,S079
468.49,0.81,-58.83456140991567,-10.803968644332691,32.3594137449726,35.41,2.0,headache,S079
28.92,0.81,-46.84591202291316,-7.987333735699694,45.13689173011979,35.41,2.0,headache,S079
-348.28,0.81,-46.66563532882774,-4.348441069799544,51.59064401776922,35.41,2.0,headache,S079
-0.98,0.81,-36.8095769252275,-10.689697177446618,52.7335048974154,35.41,2.0,headache,S079
112.11,0.81,-47.6487304926737,-12.286509992736745,39.85210571026762,35.41,2.0,headache,S079
107.03,0.81,-54.16607305573295,-10.954734042470193,43.040293049345024,35.41,2.0,headache,S079
134.65,0.81,-44.922911067121255,-9.284828729784792,46.19346823544876,35.41,2.0,headache,S079
-50.11,0.81,-45.501861454572264,-7.017151539636572,48.01418152542147,35.41,2.0,headache,S079
-142.12,0.81,-41.22457890889938,-8.562612904530102,51.229250815953186,35.41,2.0,headache,S079
14.07,0.8,-40.40790526954098,-8.698727086549656,50.795045890697466,35.41,2.0,headache,S079
-8.32,0.81,-41.99073829808924,-9.463994730590278,51.05494271737733,35.39,2.0,headache,S079
16.65,0.81,-40.667587821292095,-8.747320311074992,51.63127881485611,35.39,2.0,headache,S079
23.05,0.8,-39.972613410245906,-9.038803354593494,51.72452136998204,35.39,2.0,headache,S079
35.74,0.81,-38.09434430218581,-9.089182344148313,53.27629535138179,35.39,2.0,headache,S079
-47.02,0.81,-37.52443427524602,-8.950053291474715,53.10223968286958,35.41,2.0,headache,S079
-6.1,0.81,-35.85344549941838,-8.544690676296948,53.875558978219374,35.41,2.0,headache,S079
-17.95,0.81,-32.68397748239987,-7.007027307746017,58.40990087086624,35.41,2.0,headache,S079
7.83,0.81,-27.465101936039165,-8.941299981605962,58.83290669777628,35.41,2.0,headache,S079
17.54,0.82,-4.582023300516531,-10.6693071345537,63.311005842297334,35.41,2.0,headache,S079
79.95,0.82,-3.812316230950969,-4.807630097215134,64.71417040365748,35.41,2.0,headache,S079
58.82,0.81,-7.361993046443894,-3.7604762397956533,64.73523466332313,35.41,2.0,headache,S079
-71.03,0.82,-9.070255331760503,-2.4752637825050594,64.50468478002632,35.41,2.0,headache,S079
-39.5,0.82,-10.078819953364695,-3.4565659997229274,63.713636756076774,35.43,2.0,headache,S079
-259.09,0.82,-9.07828566694896,-2.146218061606184,64.3435784614266,35.43,2.0,headache,S079
-3.66,0.82,-9.77087805689174,-2.7005346597128126,63.85966446653656,35.43,2.0,headache,S079
147.1,0.83,-9.546593947725842,-2.5798493857372318,64.15518966936041,35.43,2.0,headache,S079
29.21,0.83,-9.424258618504068,-2.333396602684791,63.936990234911384,35.43,2.0,headache,S079
2.42,0.82,-10.289043059582625,-2.0749247941281896,64.41187799509262,35.43,2.0,headache,S079
-14.22,0.82,-10.036534020177218,-2.3916335647561544,63.603334446608024,35.43,2.0,headache,S079
13.28,0.83,-9.718868151169003,-1.206895407369515,64.5438666569646,35.43,2.0,headache,S079
3.43,0.83,-9.868611974074597,-2.073253793176014,63.921937075390886,35.43,2.0,headache,S079
-13.59,0.82,-8.088101731626793,-1.2392354437383533,64.08236570542594,35.43,2.0,headache,S079
-8.68,0.82,-9.98505754391138,-1.9144092245523145,64.20184806810116,35.43,2.0,headache,S079
27.85,0.83,-8.613395514101484,-1.330361866596169,64.17727033742032,35.43,2.0,headache,S079
-2.19,0.83,-8.308211004032689,-1.3634586854571829,64.20753297187352,35.43,2.0,headache,S079
2.77,0.82,-6.8584213592863055,-1.344523600020305,64.18791231143649,35.43,2.0,headache,S079
16.3,0.82,-7.123363182724934,-1.356308091029893,64.11789905781121,35.43,2.0,headache,S079
-13.03,0.82,-7.051291426901611,-1.1660479323562074,64.15944320978394,35.43,2.0,headache,S079
-8.09,0.82,-7.194802824716085,-1.1007170154509702,63.97181841343613,35.43,2.0,headache,S079
17.29,0.82,-6.609912944392892,-1.232898947403949,64.36789446244958,35.43,2.0,headache,S079
-5.43,0.83,-7.1247673653046775,-1.0834224606790182,64.2176741796677,35.43,2.0,headache,S079
0.64,0.83,-6.856810355583624,-0.9348677305057923,64.20716415183418,35.43,2.0,headache,S079
11.03,0.83,-7.181530967772828,-1.1131955039059895,64.38957478437985,35.41,2.0,headache,S079
-10.66,0.82,-6.770853389668945,-1.228682195136321,64.27168993887159,35.41,2.0,headache,S079
-7.46,0.83,-7.031141050799704,-1.0904575371774752,64.18576254927271,35.41,2.0,headache,S079
18.26,0.83,-6.913556000557596,-0.959849177116039,64.15969382449805,35.41,2.0,headache,S079
-7.16,0.82,-6.937090040947281,-1.0373907457446707,64.41533231641677,35.41,2.0,headache,S079
-9.57,0.83,-6.992949542172625,-0.9618324490641983,64.05319903520427,35.41,2.0,headache,S079
16.37,0.83,-6.88789439969657,-1.044688721569405,64.07064265332549,35.41,2.0,headache,S079
5.29,0.83,-6.815418960144938,-1.0986999930861006,64.08122623618381,35.41,2.0,headache,S079
-11.64,0.82,-7.039839696189508,-1.0005214503968125,64.0359161943134,35.43,2.0,headache,S079
13.75,0.83,-6.795762258703165,-1.0301796521350968,64.11984414150449,35.43,2.0,headache,S079
10.05,0.83,-7.160448463018656,-1.1274265636404452,63.90715186089967,35.43,2.0,headache,S079
-6.08,0.82,-6.853610798715282,-0.9449674430054671,64.32203017202181,35.43,2.0,headache,S079
0.7,0.83,-7.138550515877799,-1.0415705479720594,64.20359018494456,35.41,2.0,headache,S079
9.51,0.83,-6.641000673504629,-0.9674981781777492,64.16579917387341,35.41,2.0,headache,S079
-7.21,0.83,-7.07928125873016,-1.0193231794186222,64.25020970453662,35.41,2.0,headache,S079
-2.29,0.83,-6.7513881018798845,-1.0352262590717476,63.976882581971516,35.41,2.0,headache,S079
3.75,0.83,-7.17589540983793,-1.12258078254567,64.20045171959727,35.41,2.0,headache,S079
-2.59,0.83,-6.62792524978603,-0.9317889757705379,64.27362805835585,35.41,2.0,headache,S079
-8.95,0.83,-6.8958678692432835,-1.1812932867503187,64.0200612634844,35.41,2.0,headache,S079
2.59,0.82,-6.745235882250788,-0.9494996039896783,64.1560700828265,35.41,2.0,headache,S079
-2.47,0.83,-6.781404505029294,-1.0470480143207892,64.26542642735322,35.39,2.0,headache,S079
-5.79,0.83,-6.53038823769654,-0.9556696122677879,64.12755910372586,35.39,2.0,headache,S079
-2.9,0.83,-6.864531286454638,-1.0418428593751905,64.16484051432629,35.39,2.0,headache,S079
1.88,0.82,-6.708894714440784,-0.9609021566357602,64.37890149583794,35.39,2.0,headache,S079
-7.41,0.83,-7.007022785255433,-1.0350893750384698,64.36167792142494,35.43,2.0,headache,S079
-4.14,0.83,-6.556155098038637,-0.97518614761176,64.04491613603021,35.43,2.0,headache,S079
1.19,0.82,-7.143034776709006,-1.1627301009124695,64.15391578553415,35.43,2.0,headache,S079
-2.96,0.82,-6.742383800854504,-0.9469864444079341,64.14360860721095,35.43,2.0,headache,S079
-9.77,0.83,-6.8444278756617205,-1.0452724587341973,64.00610975472361,35.41,2.0,headache,S079
3.92,0.82,-6.933754324062278,-0.9589678015365163,64.26082402518888,35.41,2.0,headache,S079
-0.8,0.82,-6.961058485808372,-1.0364546151146705,64.20403552292586,35.41,2.0,headache,S079
-7.45,0.82,-6.466596809852662,-0.9740037730056234,64.26166156482017,35.41,2.0,headache,S079
3.61,0.82,-6.780751276339783,-1.1642742501872831,64.12276908902693,35.41,2.0,headache,S079
6.46,0.82,-6.476181708570176,-0.9423023494254873,64.1923378689556,35.41,2.0,headache,S079
-10.57,0.82,-6.8844202801600805,-1.1213476987816153,64.12427232639995,35.41,2.0,headache,S079
3.74,0.82,-6.642476881380957,-1.1509005207033123,64.29061222829664,35.41,2.0,headache,S079
9.15,0.82,-6.909415235793235,-1.1973967911470333,64.2751639948445,35.41,2.0,headache,S079
-6.01,0.82,-6.6390038697391605,-1.0190100970358555,64.13281761015189,35.41,2.0,headache,S079
-0.28,0.82,-6.832682139259943,-1.1818151417198863,64.34305712771858,35.41,2.0,headache,S079
13.48,0.82,-6.530243640737436,-1.080336916719717,64.48163904414224,35.41,2.0,headache,S079
-4.07,0.82,-6.8218871309878635,-1.0619180570866178,64.24217002751004,35.41,2.0,headache,S079
-3.32,0.82,-6.6764227196985955,-1.0753815238843185,64.27897948040022,35.41,2.0,headache,S079
10.72,0.82,-7.097207386440085,-1.033942264556029,64.10767295950278,35.41,2.0,headache,S079
1.77,0.82,-6.762396272890472,-0.9588908322258667,64.42253253292337,35.41,2.0,headache,S079
-7.33,0.82,-7.106492430246432,-1.044709597375929,64.28179417055586,35.41,2.0,headache,S079
9.43,0.82,-6.755943786996564,-0.9513529841651543,64.10109827006727,35.41,2.0,headache,S079
2.96,0.82,-7.115193940679325,-1.058536426691839,63.91106194111502,35.41,2.0,headache,S079
-6.82,0.82,-6.534047174601351,-1.0800503192757143,64.29838347849734,35.41,2.0,headache,S079
5.76,0.82,-7.098452361380677,-1.0287967591274054,63.98484064671913,35.43,2.0,headache,S079
8.06,0.82,-6.633487538170587,-0.9645133262973502,64.30992605714826,35.43,2.0,headache,S079
-10.08,0.82,-6.896822603176554,-1.0381110748661586,64.25155484545937,35.43,2.0,headache,S079
2.1,0.82,-6.786507212912929,-0.9603677607080306,64.19366175669032,35.43,2.0,headache,S079
7.81,0.82,-6.914544421857453,-1.040707072826892,64.1435959751313,35.43,2.0,headache,S079
-4.6,0.82,-6.730850289865903,-0.9584328980415475,64.48949261946662,35.43,2.0,headache,S079
-5.78,0.82,-7.19558011792637,-1.0423160817498671,64.23171869211643,35.43,2.0,headache,S079
10.03,0.82,-6.79730366189952,-0.9569917500723121,64.20984516191787,35.43,2.0,headache,S079
-1.96,0.82,-7.042365880425814,-1.0436753365540976,63.8556337449861,35.41,2.0,headache,S079
-8.09,0.82,-6.725574022409599,-0.9556623182069544,64.31838227108676,35.41,2.0,headache,S079
5.1,0.82,-7.169562023181052,-1.0450094264926881,64.33924116535853,35.41,2.0,headache,S079
3.17,0.83,-6.3943074603980214,-0.9542988177619102,64.2354242140011,35.41,2.0,headache,S079
-10.54,0.82,-6.83386212489937,-1.0464215196756435,64.27847677114778,35.41,2.0,headache,S079
4.23,0.81,-6.859722556866563,-0.9528221394176496,64.08355382575434,35.41,2.0,headache,S079
4.63,0.82,-6.88788399140015,-1.0479770527755308,64.054742300751,35.41,2.0,headache,S079
-9.91,0.82,-6.549291614602216,-0.9511742288650813,64.12157106816875,35.41,2.0,headache,S079
-1.15,0.82,-6.889253218012516,-1.0497308236147278,64.10037985415254,35.41,2.0,headache,S079
9.65,0.82,-6.669944462755593,-0.9493005909170484,64.21677602911113,35.41,2.0,headache,S079
-9.37,0.82,-6.807290974762704,-1.0517393575409937,64.04385164768017,35.41,2.0,headache,S079
-3.56,0.82,-6.833847751604618,-0.9471406247243378,64.23893267352341,35.41,2.0,headache,S079
10.53,0.82,-7.127334763967211,-1.0540693143218034,64.07368771800671,35.39,2.0,headache,S079
-3.39,0.81,-6.499795385020221,-0.9446195142818623,64.22333545614248,35.39,2.0,headache,S079
-9.25,0.82,-7.0192392445623195,-1.0568060389213791,64.21100461398541,35.39,2.0,headache,S079
11.23,0.82,-6.7041402565966335,-0.9416385644038068,64.36328853528478,35.39,2.0,headache,S079
2.02,0.82,-7.0175413632128105,-1.0600650556887763,64.28683458087635,35.41,2.0,headache,S079
-11.32,0.81,-6.664772013192993,-0.9380610110699504,64.002385809146,35.41,2.0,headache,S079
6.36,0.81,-6.887686559851818,-1.0640100887530646,64.21051795441902,35.41,2.0,headache,S079
8.94,0.82,-6.575004049331447,-0.9336885966003676,64.49010735426516,35.41,2.0,headache,S079
-10.37,0.82,-6.92932892408465,-1.0688841603177077,63.993438282609716,35.41,2.0,headache,S079
0.75,0.81,-6.765589562055668,-0.9282194174567042,64.15921181586384,35.41,2.0,headache,S079
10.49,0.82,-6.81429752484869,-1.0750679938494567,64.32441257320731,35.41,2.0,headache,S079
-8.64,0.82,-6.447558544813466,-0.9211650074218841,64.26047539626711,35.41,2.0,headache,S079
-6.03,0.81,-6.914642178349535,-1.0832010924379962,64.12247841545009,35.41,2.0,headache,S079
15.37,0.81,-6.4913679374633,-0.9116675087421161,64.21566471798917,35.41,2.0,headache,S079
-1.91,0.82,-6.623148594987495,-1.0944694238290997,64.2561887865684,35.41,2.0,headache,S079
-11.38,0.82,-6.46304723921526,-0.898022587111563,64.26814347382661,35.41,2.0,headache,S079
10.16,0.82,-6.977331998579963,-1.1114540034727782,64.08701190239118,35.43,2.0,headache,S079
7.74,0.81,-6.418753113667814,-0.8760120991695978,64.44264538810091,35.43,2.0,headache,S079
-12.86,0.82,-7.234249909700775,-1.1419606144032928,63.84780379167787,35.43,2.0,headache,S079
1.28,0.82,-6.787327106994972,-0.8270787314385122,64.1854005021142,35.43,2.0,headache,S079
13.16,0.82,-6.9515313152473945,-1.3052780309558556,64.17983401685187,35.41,2.0,headache,S079
-6.46,0.82,-6.01856408966922,-1.298748743195533,64.50092631658664,35.41,2.0,headache,S079
-8.17,0.82,-7.140371375376652,-1.037727118144793,64.18867270601807,35.41,2.0,headache,S079
7.77,0.82,-5.712158944477588,-1.009264038884776,64.41580570577754,35.41,2.0,headache,S079
